Datetime,Retrospective Discharge (m3/s)
1940-01-01,841.549
1940-01-02,855.364
1940-01-03,873.572
1940-01-04,894.158
1940-01-05,925.628
1940-01-06,980.32
1940-01-07,1036.074
1940-01-08,1072.758
1940-01-09,1097.058
1940-01-10,1125.029
1940-01-11,1168.897
1940-01-12,1209.796
1940-01-13,1217.468
1940-01-14,1170.947
1940-01-15,1019.528
1940-01-16,868.163
1940-01-17,779.986
1940-01-18,781.75
1940-01-19,921.588
1940-01-20,1115.257
1940-01-21,1225.795
1940-01-22,1295.589
1940-01-23,1307.692
1940-01-24,1299.342
1940-01-25,1243.231
1940-01-26,1182.639
1940-01-27,1165.331
1940-01-28,1166.326
1940-01-29,1128.127
1940-01-30,1060.035
1940-01-31,985.54
1940-02-01,910.978
1940-02-02,819.506
1940-02-03,754.45
1940-02-04,711.825
1940-02-05,679.216
1940-02-06,655.949
1940-02-07,689.76
1940-02-08,1042.094
1940-02-09,1446.158
1940-02-10,1330.626
1940-02-11,1316.439
1940-02-12,1554.893
1940-02-13,1590.793
1940-02-14,1505.837
1940-02-15,1229.568
1940-02-16,1235.931
1940-02-17,1520.358
1940-02-18,1877.366
1940-02-19,1908.418
1940-02-20,1696.542
1940-02-21,1485.2
1940-02-22,1651.904
1940-02-23,1859.762
1940-02-24,1512.608
1940-02-25,1180.874
1940-02-26,1060.935
1940-02-27,1069.355
1940-02-28,1098.313
1940-02-29,1090.844
1940-03-01,1078.942
1940-03-02,1109.845
1940-03-03,1101.148
1940-03-04,1059.323
1940-03-05,1103.28
1940-03-06,1085.85
1940-03-07,1068.67
1940-03-08,1000.901
1940-03-09,910.755
1940-03-10,891.321
1940-03-11,1266.125
1940-03-12,1639.601
1940-03-13,1411.737
1940-03-14,1281.457
1940-03-15,1295.309
1940-03-16,1413.496
1940-03-17,1521.744
1940-03-18,1613.209
1940-03-19,1674.915
1940-03-20,1829.159
1940-03-21,2097.457
1940-03-22,2191.695
1940-03-23,2190.707
1940-03-24,2209.868
1940-03-25,2177.46
1940-03-26,2190.235
1940-03-27,2302.254
1940-03-28,2388.958
1940-03-29,2749.491
1940-03-30,3080.026
1940-03-31,2939.101
1940-04-01,3032.272
1940-04-02,3155.083
1940-04-03,3228.464
1940-04-04,2989.997
1940-04-05,2668.851
1940-04-06,2415.475
1940-04-07,2044.732
1940-04-08,1777.505
1940-04-09,1610.868
1940-04-10,1530.479
1940-04-11,1517.726
1940-04-12,1621.742
1940-04-13,1876.743
1940-04-14,1916.289
1940-04-15,1601.503
1940-04-16,1392.03
1940-04-17,1306.414
1940-04-18,1258.571
1940-04-19,1255.175
1940-04-20,1239.143
1940-04-21,1274.338
1940-04-22,1331.84
1940-04-23,1281.162
1940-04-24,1271.479
1940-04-25,1317.78
1940-04-26,1326.516
1940-04-27,1378.178
1940-04-28,1463.175
1940-04-29,1541.695
1940-04-30,1554.426
1940-05-01,1443.055
1940-05-02,1216.011
1940-05-03,997.342
1940-05-04,891.702
1940-05-05,891.625
1940-05-06,944.454
1940-05-07,1012.9
1940-05-08,1057.361
1940-05-09,972.733
1940-05-10,850.442
1940-05-11,775.97
1940-05-12,769.133
1940-05-13,820.73
1940-05-14,864.773
1940-05-15,849.962
1940-05-16,799.748
1940-05-17,786.029
1940-05-18,821.65
1940-05-19,869.39
1940-05-20,843.206
1940-05-21,729.591
1940-05-22,639.127
1940-05-23,629.477
1940-05-24,662.335
1940-05-25,704.551
1940-05-26,780.913
1940-05-27,959.341
1940-05-28,1161.655
1940-05-29,1270.468
1940-05-30,1189.36
1940-05-31,1030.643
1940-06-01,990.097
1940-06-02,1016.319
1940-06-03,884.877
1940-06-04,706.098
1940-06-05,614.534
1940-06-06,587.984
1940-06-07,594.955
1940-06-08,588.924
1940-06-09,537.157
1940-06-10,482.979
1940-06-11,457.547
1940-06-12,463.015
1940-06-13,493.371
1940-06-14,513.352
1940-06-15,507.335
1940-06-16,497.235
1940-06-17,473.136
1940-06-18,431.703
1940-06-19,395.117
1940-06-20,368.894
1940-06-21,356.851
1940-06-22,347.852
1940-06-23,338.999
1940-06-24,330.062
1940-06-25,317.292
1940-06-26,305.516
1940-06-27,301.208
1940-06-28,300.046
1940-06-29,300.68
1940-06-30,317.886
1940-07-01,341.382
1940-07-02,345.723
1940-07-03,331.118
1940-07-04,299.884
1940-07-05,269.676
1940-07-06,247.68
1940-07-07,240.429
1940-07-08,255.608
1940-07-09,281.498
1940-07-10,294.112
1940-07-11,278.93
1940-07-12,241.795
1940-07-13,215.952
1940-07-14,204.55
1940-07-15,198.786
1940-07-16,196.452
1940-07-17,214.793
1940-07-18,231.675
1940-07-19,215.699
1940-07-20,204.49
1940-07-21,201.162
1940-07-22,200.771
1940-07-23,200.452
1940-07-24,198.556
1940-07-25,195.25
1940-07-26,202.653
1940-07-27,208.613
1940-07-28,194.638
1940-07-29,171.418
1940-07-30,157.462
1940-07-31,154.487
1940-08-01,159.284
1940-08-02,166.419
1940-08-03,176.358
1940-08-04,183.262
1940-08-05,177.861
1940-08-06,169.152
1940-08-07,156.546
1940-08-08,146.098
1940-08-09,142.442
1940-08-10,139.857
1940-08-11,135.228
1940-08-12,134.643
1940-08-13,145.855
1940-08-14,153.33
1940-08-15,163.307
1940-08-16,183.947
1940-08-17,193.129
1940-08-18,174.104
1940-08-19,143.686
1940-08-20,127.644
1940-08-21,119.005
1940-08-22,116.801
1940-08-23,116.275
1940-08-24,111.575
1940-08-25,106.496
1940-08-26,103.792
1940-08-27,102.696
1940-08-28,116.392
1940-08-29,129.647
1940-08-30,130.918
1940-08-31,135.026
1940-09-01,130.125
1940-09-02,115.157
1940-09-03,106.5
1940-09-04,102.7
1940-09-05,97.369
1940-09-06,100.805
1940-09-07,110.955
1940-09-08,142.086
1940-09-09,178.497
1940-09-10,244.955
1940-09-11,302.09
1940-09-12,282.475
1940-09-13,215.069
1940-09-14,174.85
1940-09-15,212.7
1940-09-16,289.85
1940-09-17,401.366
1940-09-18,480.337
1940-09-19,592.575
1940-09-20,694.08
1940-09-21,724.332
1940-09-22,687.934
1940-09-23,615.457
1940-09-24,568.961
1940-09-25,806.62
1940-09-26,1116.309
1940-09-27,1078.597
1940-09-28,1102.232
1940-09-29,1300.748
1940-09-30,1452.768
1940-10-01,1479.089
1940-10-02,1516.345
1940-10-03,1656.848
1940-10-04,1780.297
1940-10-05,1744.876
1940-10-06,1587.363
1940-10-07,1382.981
1940-10-08,1241.01
1940-10-09,1288.227
1940-10-10,1438.398
1940-10-11,1470.75
1940-10-12,1300.259
1940-10-13,1090.961
1940-10-14,964.616
1940-10-15,871.898
1940-10-16,737.279
1940-10-17,607.03
1940-10-18,522.114
1940-10-19,468.572
1940-10-20,495.296
1940-10-21,683.083
1940-10-22,779.353
1940-10-23,782.821
1940-10-24,763.426
1940-10-25,710.59
1940-10-26,645.075
1940-10-27,658.149
1940-10-28,707.378
1940-10-29,820.631
1940-10-30,1016.08
1940-10-31,1481.847
1940-11-01,1817.606
1940-11-02,1590.096
1940-11-03,1304.904
1940-11-04,1152.965
1940-11-05,1111.223
1940-11-06,1145.927
1940-11-07,1241.79
1940-11-08,1436.639
1940-11-09,1643.087
1940-11-10,1707.336
1940-11-11,1587.138
1940-11-12,1514.793
1940-11-13,1602.46
1940-11-14,1721.645
1940-11-15,1720.434
1940-11-16,1523.612
1940-11-17,1442.171
1940-11-18,1525.63
1940-11-19,1497.178
1940-11-20,1449.367
1940-11-21,1456.969
1940-11-22,1466.068
1940-11-23,1489.432
1940-11-24,1503.214
1940-11-25,1478.499
1940-11-26,1649.373
1940-11-27,1957.711
1940-11-28,2142.443
1940-11-29,2173.561
1940-11-30,2228.497
1940-12-01,2200.707
1940-12-02,2098.131
1940-12-03,1998.177
1940-12-04,1971.582
1940-12-05,2026.594
1940-12-06,2190.331
1940-12-07,2311.712
1940-12-08,2331.412
1940-12-09,2378.29
1940-12-10,2605.216
1940-12-11,2918.696
1940-12-12,2798.567
1940-12-13,2483.339
1940-12-14,2238.465
1940-12-15,2026.786
1940-12-16,1843.812
1940-12-17,1719.89
1940-12-18,1720.864
1940-12-19,1780.918
1940-12-20,1770.133
1940-12-21,1636.39
1940-12-22,1443.036
1940-12-23,1299.355
1940-12-24,1214.735
1940-12-25,1147.572
1940-12-26,1114.632
1940-12-27,1093.553
1940-12-28,1049.968
1940-12-29,990.868
1940-12-30,951.117
1940-12-31,944.034
1941-01-01,949.834
1941-01-02,972.953
1941-01-03,1001.652
1941-01-04,969.802
1941-01-05,895.121
1941-01-06,839.264
1941-01-07,804.579
1941-01-08,749.41
1941-01-09,690.202
1941-01-10,639.415
1941-01-11,609.255
1941-01-12,604.593
1941-01-13,601.602
1941-01-14,574.983
1941-01-15,538.711
1941-01-16,540.04
1941-01-17,561.065
1941-01-18,577.074
1941-01-19,596.258
1941-01-20,602.336
1941-01-21,616.948
1941-01-22,618.865
1941-01-23,575.494
1941-01-24,584.008
1941-01-25,593.755
1941-01-26,568.343
1941-01-27,563.042
1941-01-28,538.234
1941-01-29,506.955
1941-01-30,482.491
1941-01-31,498.04
1941-02-01,574.508
1941-02-02,711.442
1941-02-03,814.881
1941-02-04,833.455
1941-02-05,807.554
1941-02-06,820.922
1941-02-07,856.042
1941-02-08,857.868
1941-02-09,742.608
1941-02-10,622.573
1941-02-11,543.585
1941-02-12,455.727
1941-02-13,400.512
1941-02-14,373.832
1941-02-15,358.044
1941-02-16,361.469
1941-02-17,366.755
1941-02-18,372.159
1941-02-19,427.649
1941-02-20,522.754
1941-02-21,561.449
1941-02-22,571.899
1941-02-23,648.648
1941-02-24,778.341
1941-02-25,878.58
1941-02-26,981.588
1941-02-27,1025.99
1941-02-28,1086.143
1941-03-01,1146.04
1941-03-02,1223.638
1941-03-03,1382.345
1941-03-04,1587.273
1941-03-05,1722.504
1941-03-06,1700.959
1941-03-07,1621.566
1941-03-08,1570.892
1941-03-09,1406.015
1941-03-10,1299.155
1941-03-11,1181.636
1941-03-12,1160.444
1941-03-13,1292.999
1941-03-14,1564.587
1941-03-15,1750.985
1941-03-16,1609.032
1941-03-17,1505.702
1941-03-18,1495.216
1941-03-19,1495.121
1941-03-20,1576.314
1941-03-21,1491.983
1941-03-22,1160.235
1941-03-23,904.977
1941-03-24,842.35
1941-03-25,877.783
1941-03-26,916.86
1941-03-27,956.0
1941-03-28,1008.241
1941-03-29,1031.836
1941-03-30,1067.513
1941-03-31,1107.357
1941-04-01,1037.232
1941-04-02,912.749
1941-04-03,852.453
1941-04-04,839.229
1941-04-05,840.839
1941-04-06,863.41
1941-04-07,958.148
1941-04-08,1076.314
1941-04-09,1101.955
1941-04-10,1028.165
1941-04-11,1037.137
1941-04-12,1097.733
1941-04-13,1186.106
1941-04-14,1334.705
1941-04-15,1465.017
1941-04-16,1556.624
1941-04-17,1719.805
1941-04-18,1872.886
1941-04-19,1794.054
1941-04-20,1671.897
1941-04-21,1617.348
1941-04-22,1638.209
1941-04-23,1616.874
1941-04-24,1616.612
1941-04-25,1629.542
1941-04-26,1713.689
1941-04-27,1732.736
1941-04-28,1961.79
1941-04-29,2262.599
1941-04-30,2103.99
1941-05-01,2223.112
1941-05-02,2563.508
1941-05-03,2316.901
1941-05-04,1858.678
1941-05-05,1882.656
1941-05-06,1979.038
1941-05-07,1646.827
1941-05-08,1359.884
1941-05-09,1214.414
1941-05-10,1083.685
1941-05-11,989.818
1941-05-12,959.836
1941-05-13,959.255
1941-05-14,984.129
1941-05-15,1049.433
1941-05-16,1118.375
1941-05-17,1133.753
1941-05-18,1104.44
1941-05-19,1108.518
1941-05-20,1124.449
1941-05-21,1150.981
1941-05-22,1245.264
1941-05-23,1437.79
1941-05-24,1488.481
1941-05-25,1259.272
1941-05-26,1064.999
1941-05-27,966.353
1941-05-28,877.663
1941-05-29,812.419
1941-05-30,804.563
1941-05-31,831.913
1941-06-01,867.105
1941-06-02,903.506
1941-06-03,937.163
1941-06-04,935.114
1941-06-05,879.342
1941-06-06,787.067
1941-06-07,693.96
1941-06-08,624.283
1941-06-09,583.462
1941-06-10,558.381
1941-06-11,539.201
1941-06-12,523.287
1941-06-13,510.31
1941-06-14,501.21
1941-06-15,490.517
1941-06-16,472.107
1941-06-17,452.347
1941-06-18,436.621
1941-06-19,424.178
1941-06-20,413.605
1941-06-21,404.065
1941-06-22,394.545
1941-06-23,384.725
1941-06-24,377.053
1941-06-25,369.145
1941-06-26,359.218
1941-06-27,349.038
1941-06-28,337.805
1941-06-29,326.601
1941-06-30,316.601
1941-07-01,309.328
1941-07-02,306.07
1941-07-03,315.684
1941-07-04,349.973
1941-07-05,397.203
1941-07-06,437.013
1941-07-07,441.949
1941-07-08,394.094
1941-07-09,352.392
1941-07-10,332.683
1941-07-11,308.937
1941-07-12,288.495
1941-07-13,269.29
1941-07-14,257.834
1941-07-15,251.138
1941-07-16,235.483
1941-07-17,221.192
1941-07-18,214.102
1941-07-19,209.658
1941-07-20,205.84
1941-07-21,202.047
1941-07-22,199.153
1941-07-23,195.297
1941-07-24,190.34
1941-07-25,185.854
1941-07-26,182.536
1941-07-27,179.951
1941-07-28,181.343
1941-07-29,197.04
1941-07-30,206.957
1941-07-31,200.962
1941-08-01,195.191
1941-08-02,184.849
1941-08-03,175.739
1941-08-04,174.27
1941-08-05,177.992
1941-08-06,174.801
1941-08-07,163.923
1941-08-08,153.897
1941-08-09,146.175
1941-08-10,143.527
1941-08-11,141.749
1941-08-12,141.58
1941-08-13,160.845
1941-08-14,320.159
1941-08-15,450.143
1941-08-16,288.232
1941-08-17,162.549
1941-08-18,146.901
1941-08-19,155.087
1941-08-20,143.734
1941-08-21,132.354
1941-08-22,131.558
1941-08-23,128.72
1941-08-24,121.287
1941-08-25,118.617
1941-08-26,119.358
1941-08-27,121.898
1941-08-28,129.337
1941-08-29,136.261
1941-08-30,140.368
1941-08-31,132.311
1941-09-01,117.687
1941-09-02,111.855
1941-09-03,113.68
1941-09-04,122.116
1941-09-05,143.12
1941-09-06,159.104
1941-09-07,164.027
1941-09-08,156.414
1941-09-09,135.145
1941-09-10,115.469
1941-09-11,104.718
1941-09-12,98.986
1941-09-13,93.08
1941-09-14,89.21
1941-09-15,88.663
1941-09-16,86.989
1941-09-17,88.492
1941-09-18,98.03
1941-09-19,109.244
1941-09-20,109.748
1941-09-21,95.9
1941-09-22,83.132
1941-09-23,78.85
1941-09-24,81.447
1941-09-25,95.448
1941-09-26,121.169
1941-09-27,146.49
1941-09-28,151.809
1941-09-29,128.078
1941-09-30,112.619
1941-10-01,111.718
1941-10-02,106.863
1941-10-03,114.602
1941-10-04,143.168
1941-10-05,167.467
1941-10-06,298.601
1941-10-07,428.001
1941-10-08,296.267
1941-10-09,164.979
1941-10-10,108.83
1941-10-11,88.415
1941-10-12,79.875
1941-10-13,77.78
1941-10-14,89.465
1941-10-15,128.084
1941-10-16,180.463
1941-10-17,192.624
1941-10-18,151.008
1941-10-19,105.348
1941-10-20,86.455
1941-10-21,85.202
1941-10-22,114.052
1941-10-23,160.421
1941-10-24,203.931
1941-10-25,241.36
1941-10-26,406.502
1941-10-27,591.718
1941-10-28,462.098
1941-10-29,320.202
1941-10-30,243.72
1941-10-31,194.72
1941-11-01,161.8
1941-11-02,151.092
1941-11-03,151.931
1941-11-04,162.092
1941-11-05,333.144
1941-11-06,533.026
1941-11-07,497.261
1941-11-08,565.432
1941-11-09,702.088
1941-11-10,801.829
1941-11-11,851.3
1941-11-12,742.232
1941-11-13,618.417
1941-11-14,839.25
1941-11-15,1257.659
1941-11-16,1337.458
1941-11-17,1419.356
1941-11-18,1403.117
1941-11-19,1244.111
1941-11-20,1134.166
1941-11-21,1127.265
1941-11-22,1202.575
1941-11-23,1272.088
1941-11-24,1314.773
1941-11-25,1269.387
1941-11-26,1159.554
1941-11-27,1155.085
1941-11-28,1287.404
1941-11-29,1409.111
1941-11-30,1478.732
1941-12-01,1594.126
1941-12-02,1585.306
1941-12-03,1438.952
1941-12-04,1364.573
1941-12-05,1472.092
1941-12-06,1554.42
1941-12-07,1531.642
1941-12-08,1587.313
1941-12-09,1757.929
1941-12-10,1812.537
1941-12-11,1750.723
1941-12-12,1745.442
1941-12-13,1755.901
1941-12-14,1725.891
1941-12-15,1730.566
1941-12-16,1763.46
1941-12-17,1776.588
1941-12-18,1912.841
1941-12-19,1944.217
1941-12-20,1574.666
1941-12-21,1338.704
1941-12-22,1262.657
1941-12-23,1206.272
1941-12-24,1187.429
1941-12-25,1179.755
1941-12-26,1016.453
1941-12-27,835.494
1941-12-28,738.339
1941-12-29,703.211
1941-12-30,731.172
1941-12-31,787.546
1942-01-01,849.12
1942-01-02,929.168
1942-01-03,945.801
1942-01-04,891.391
1942-01-05,842.432
1942-01-06,765.725
1942-01-07,702.26
1942-01-08,656.415
1942-01-09,593.787
1942-01-10,518.789
1942-01-11,459.93
1942-01-12,427.583
1942-01-13,410.0
1942-01-14,401.391
1942-01-15,414.921
1942-01-16,447.773
1942-01-17,578.671
1942-01-18,963.262
1942-01-19,1075.976
1942-01-20,729.901
1942-01-21,494.331
1942-01-22,436.108
1942-01-23,473.904
1942-01-24,537.277
1942-01-25,565.121
1942-01-26,551.794
1942-01-27,496.153
1942-01-28,415.612
1942-01-29,361.835
1942-01-30,371.378
1942-01-31,431.21
1942-02-01,503.44
1942-02-02,550.973
1942-02-03,512.712
1942-02-04,432.003
1942-02-05,411.591
1942-02-06,435.348
1942-02-07,432.699
1942-02-08,401.068
1942-02-09,378.864
1942-02-10,381.916
1942-02-11,399.074
1942-02-12,394.376
1942-02-13,348.484
1942-02-14,291.576
1942-02-15,257.39
1942-02-16,242.174
1942-02-17,234.727
1942-02-18,232.705
1942-02-19,235.539
1942-02-20,241.338
1942-02-21,236.64
1942-02-22,227.53
1942-02-23,232.315
1942-02-24,251.399
1942-02-25,288.742
1942-02-26,359.81
1942-02-27,471.535
1942-02-28,687.848
1942-03-01,933.244
1942-03-02,952.946
1942-03-03,842.736
1942-03-04,706.442
1942-03-05,566.623
1942-03-06,513.73
1942-03-07,509.71
1942-03-08,424.9
1942-03-09,338.555
1942-03-10,285.776
1942-03-11,280.91
1942-03-12,312.13
1942-03-13,337.501
1942-03-14,388.778
1942-03-15,489.7
1942-03-16,577.654
1942-03-17,738.459
1942-03-18,822.723
1942-03-19,825.876
1942-03-20,867.49
1942-03-21,956.222
1942-03-22,1300.059
1942-03-23,1604.742
1942-03-24,1494.663
1942-03-25,1388.628
1942-03-26,1281.989
1942-03-27,1217.582
1942-03-28,1249.799
1942-03-29,1425.93
1942-03-30,1638.4
1942-03-31,1758.012
1942-04-01,1564.112
1942-04-02,1560.415
1942-04-03,1711.77
1942-04-04,1363.977
1942-04-05,1041.153
1942-04-06,894.054
1942-04-07,838.098
1942-04-08,831.468
1942-04-09,833.884
1942-04-10,819.069
1942-04-11,830.785
1942-04-12,848.864
1942-04-13,849.527
1942-04-14,830.997
1942-04-15,826.84
1942-04-16,858.41
1942-04-17,892.798
1942-04-18,916.524
1942-04-19,1004.27
1942-04-20,1107.781
1942-04-21,1199.738
1942-04-22,1185.582
1942-04-23,1258.667
1942-04-24,1317.013
1942-04-25,1224.019
1942-04-26,1136.51
1942-04-27,1151.217
1942-04-28,1292.229
1942-04-29,1521.575
1942-04-30,1463.759
1942-05-01,1211.606
1942-05-02,1095.277
1942-05-03,1092.384
1942-05-04,1308.293
1942-05-05,1432.734
1942-05-06,1480.352
1942-05-07,1433.478
1942-05-08,1305.12
1942-05-09,1214.208
1942-05-10,1171.898
1942-05-11,1206.943
1942-05-12,1348.19
1942-05-13,1361.591
1942-05-14,1199.786
1942-05-15,1034.075
1942-05-16,910.902
1942-05-17,827.817
1942-05-18,763.729
1942-05-19,738.215
1942-05-20,766.214
1942-05-21,772.989
1942-05-22,726.884
1942-05-23,686.719
1942-05-24,716.999
1942-05-25,777.608
1942-05-26,803.173
1942-05-27,786.458
1942-05-28,769.273
1942-05-29,806.875
1942-05-30,824.14
1942-05-31,770.18
1942-06-01,686.511
1942-06-02,648.493
1942-06-03,658.181
1942-06-04,629.901
1942-06-05,570.956
1942-06-06,538.383
1942-06-07,502.955
1942-06-08,444.232
1942-06-09,402.945
1942-06-10,396.429
1942-06-11,409.435
1942-06-12,411.899
1942-06-13,379.173
1942-06-14,339.501
1942-06-15,322.078
1942-06-16,320.157
1942-06-17,320.638
1942-06-18,320.642
1942-06-19,309.825
1942-06-20,291.446
1942-06-21,279.434
1942-06-22,272.262
1942-06-23,267.61
1942-06-24,271.546
1942-06-25,297.608
1942-06-26,345.756
1942-06-27,369.379
1942-06-28,358.268
1942-06-29,348.337
1942-06-30,343.869
1942-07-01,352.719
1942-07-02,560.23
1942-07-03,756.933
1942-07-04,542.647
1942-07-05,352.999
1942-07-06,330.438
1942-07-07,374.902
1942-07-08,407.112
1942-07-09,410.809
1942-07-10,391.27
1942-07-11,333.035
1942-07-12,268.203
1942-07-13,228.885
1942-07-14,215.54
1942-07-15,222.801
1942-07-16,253.486
1942-07-17,273.194
1942-07-18,252.224
1942-07-19,224.6
1942-07-20,197.33
1942-07-21,176.413
1942-07-22,165.499
1942-07-23,159.643
1942-07-24,155.578
1942-07-25,154.491
1942-07-26,153.857
1942-07-27,150.989
1942-07-28,148.233
1942-07-29,143.714
1942-07-30,139.029
1942-07-31,135.05
1942-08-01,132.432
1942-08-02,133.738
1942-08-03,141.935
1942-08-04,145.599
1942-08-05,134.89
1942-08-06,123.679
1942-08-07,119.68
1942-08-08,116.864
1942-08-09,112.103
1942-08-10,107.938
1942-08-11,105.049
1942-08-12,102.865
1942-08-13,100.84
1942-08-14,98.945
1942-08-15,96.958
1942-08-16,95.175
1942-08-17,93.56
1942-08-18,91.887
1942-08-19,90.898
1942-08-20,89.98
1942-08-21,87.856
1942-08-22,85.668
1942-08-23,83.903
1942-08-24,83.865
1942-08-25,83.414
1942-08-26,81.497
1942-08-27,81.932
1942-08-28,88.99
1942-08-29,97.944
1942-08-30,95.879
1942-08-31,84.098
1942-09-01,76.277
1942-09-02,74.927
1942-09-03,75.427
1942-09-04,75.078
1942-09-05,71.772
1942-09-06,67.026
1942-09-07,63.873
1942-09-08,62.186
1942-09-09,61.064
1942-09-10,60.106
1942-09-11,59.165
1942-09-12,58.482
1942-09-13,57.78
1942-09-14,57.028
1942-09-15,56.181
1942-09-16,55.42
1942-09-17,54.872
1942-09-18,54.793
1942-09-19,54.763
1942-09-20,53.152
1942-09-21,51.072
1942-09-22,49.835
1942-09-23,48.83
1942-09-24,48.366
1942-09-25,49.276
1942-09-26,54.302
1942-09-27,58.494
1942-09-28,56.268
1942-09-29,52.206
1942-09-30,51.109
1942-10-01,49.53
1942-10-02,45.379
1942-10-03,42.965
1942-10-04,43.494
1942-10-05,44.23
1942-10-06,42.997
1942-10-07,41.477
1942-10-08,40.319
1942-10-09,39.468
1942-10-10,38.176
1942-10-11,37.207
1942-10-12,37.349
1942-10-13,38.375
1942-10-14,38.652
1942-10-15,38.165
1942-10-16,37.508
1942-10-17,37.682
1942-10-18,37.961
1942-10-19,38.033
1942-10-20,40.136
1942-10-21,43.5
1942-10-22,44.744
1942-10-23,46.368
1942-10-24,49.834
1942-10-25,74.402
1942-10-26,97.932
1942-10-27,92.244
1942-10-28,89.55
1942-10-29,90.061
1942-10-30,105.871
1942-10-31,129.3
1942-11-01,147.789
1942-11-02,130.872
1942-11-03,107.048
1942-11-04,113.108
1942-11-05,120.449
1942-11-06,129.751
1942-11-07,142.23
1942-11-08,124.184
1942-11-09,108.619
1942-11-10,150.574
1942-11-11,265.296
1942-11-12,413.971
1942-11-13,485.749
1942-11-14,489.692
1942-11-15,486.378
1942-11-16,440.842
1942-11-17,374.485
1942-11-18,312.852
1942-11-19,268.071
1942-11-20,338.326
1942-11-21,438.176
1942-11-22,510.145
1942-11-23,551.6
1942-11-24,835.337
1942-11-25,1138.664
1942-11-26,889.841
1942-11-27,700.053
1942-11-28,640.549
1942-11-29,463.642
1942-11-30,275.137
1942-12-01,169.582
1942-12-02,118.867
1942-12-03,92.358
1942-12-04,78.581
1942-12-05,72.579
1942-12-06,73.179
1942-12-07,77.549
1942-12-08,83.674
1942-12-09,95.044
1942-12-10,111.279
1942-12-11,136.143
1942-12-12,156.509
1942-12-13,189.916
1942-12-14,277.115
1942-12-15,399.309
1942-12-16,485.023
1942-12-17,535.965
1942-12-18,557.66
1942-12-19,519.916
1942-12-20,466.19
1942-12-21,435.052
1942-12-22,424.275
1942-12-23,399.955
1942-12-24,328.761
1942-12-25,270.805
1942-12-26,257.547
1942-12-27,301.28
1942-12-28,345.038
1942-12-29,346.969
1942-12-30,333.49
1942-12-31,335.312
1943-01-01,334.822
1943-01-02,316.102
1943-01-03,303.798
1943-01-04,263.306
1943-01-05,231.011
1943-01-06,248.204
1943-01-07,291.935
1943-01-08,308.551
1943-01-09,294.922
1943-01-10,272.006
1943-01-11,225.62
1943-01-12,187.286
1943-01-13,175.145
1943-01-14,170.427
1943-01-15,175.379
1943-01-16,183.632
1943-01-17,213.083
1943-01-18,477.086
1943-01-19,758.698
1943-01-20,543.331
1943-01-21,277.145
1943-01-22,151.845
1943-01-23,107.351
1943-01-24,100.818
1943-01-25,108.363
1943-01-26,110.812
1943-01-27,102.98
1943-01-28,87.098
1943-01-29,73.736
1943-01-30,70.134
1943-01-31,76.747
1943-02-01,94.828
1943-02-02,117.175
1943-02-03,144.276
1943-02-04,190.182
1943-02-05,276.501
1943-02-06,361.001
1943-02-07,437.563
1943-02-08,511.975
1943-02-09,518.144
1943-02-10,486.519
1943-02-11,529.087
1943-02-12,596.301
1943-02-13,503.887
1943-02-14,391.466
1943-02-15,359.135
1943-02-16,374.842
1943-02-17,393.933
1943-02-18,384.087
1943-02-19,358.42
1943-02-20,338.809
1943-02-21,327.813
1943-02-22,305.015
1943-02-23,290.01
1943-02-24,326.598
1943-02-25,401.334
1943-02-26,463.776
1943-02-27,513.541
1943-02-28,556.555
1943-03-01,499.898
1943-03-02,380.59
1943-03-03,287.828
1943-03-04,245.764
1943-03-05,231.807
1943-03-06,235.949
1943-03-07,296.628
1943-03-08,391.813
1943-03-09,449.929
1943-03-10,459.61
1943-03-11,432.53
1943-03-12,414.848
1943-03-13,403.185
1943-03-14,437.162
1943-03-15,509.837
1943-03-16,578.708
1943-03-17,696.814
1943-03-18,818.289
1943-03-19,859.522
1943-03-20,897.121
1943-03-21,964.184
1943-03-22,950.25
1943-03-23,901.658
1943-03-24,819.728
1943-03-25,671.972
1943-03-26,554.776
1943-03-27,475.975
1943-03-28,411.226
1943-03-29,333.625
1943-03-30,300.82
1943-03-31,299.306
1943-04-01,296.666
1943-04-02,296.272
1943-04-03,323.727
1943-04-04,346.266
1943-04-05,349.808
1943-04-06,365.725
1943-04-07,425.615
1943-04-08,491.024
1943-04-09,494.905
1943-04-10,448.932
1943-04-11,412.998
1943-04-12,399.249
1943-04-13,458.327
1943-04-14,594.879
1943-04-15,733.03
1943-04-16,806.828
1943-04-17,832.725
1943-04-18,760.16
1943-04-19,608.982
1943-04-20,456.075
1943-04-21,343.195
1943-04-22,313.586
1943-04-23,402.078
1943-04-24,514.454
1943-04-25,566.15
1943-04-26,568.858
1943-04-27,526.555
1943-04-28,445.966
1943-04-29,373.917
1943-04-30,361.299
1943-05-01,388.95
1943-05-02,411.37
1943-05-03,440.309
1943-05-04,461.924
1943-05-05,474.592
1943-05-06,536.499
1943-05-07,623.894
1943-05-08,663.968
1943-05-09,636.738
1943-05-10,559.558
1943-05-11,504.937
1943-05-12,467.538
1943-05-13,437.525
1943-05-14,419.397
1943-05-15,398.806
1943-05-16,365.991
1943-05-17,347.583
1943-05-18,414.789
1943-05-19,494.192
1943-05-20,540.156
1943-05-21,542.726
1943-05-22,533.781
1943-05-23,521.097
1943-05-24,500.294
1943-05-25,526.68
1943-05-26,623.192
1943-05-27,750.446
1943-05-28,788.395
1943-05-29,725.27
1943-05-30,671.87
1943-05-31,661.739
1943-06-01,630.999
1943-06-02,592.663
1943-06-03,534.874
1943-06-04,471.941
1943-06-05,488.027
1943-06-06,504.542
1943-06-07,418.214
1943-06-08,299.959
1943-06-09,223.915
1943-06-10,195.447
1943-06-11,184.009
1943-06-12,176.787
1943-06-13,172.058
1943-06-14,168.877
1943-06-15,167.411
1943-06-16,163.779
1943-06-17,158.594
1943-06-18,168.047
1943-06-19,173.61
1943-06-20,154.561
1943-06-21,140.057
1943-06-22,133.329
1943-06-23,128.789
1943-06-24,125.074
1943-06-25,121.348
1943-06-26,117.689
1943-06-27,114.565
1943-06-28,113.834
1943-06-29,114.612
1943-06-30,110.77
1943-07-01,107.372
1943-07-02,108.673
1943-07-03,109.06
1943-07-04,105.71
1943-07-05,108.925
1943-07-06,112.837
1943-07-07,114.612
1943-07-08,117.38
1943-07-09,122.123
1943-07-10,133.289
1943-07-11,144.288
1943-07-12,137.453
1943-07-13,115.473
1943-07-14,111.435
1943-07-15,119.954
1943-07-16,121.511
1943-07-17,109.14
1943-07-18,92.578
1943-07-19,82.129
1943-07-20,79.094
1943-07-21,75.58
1943-07-22,74.292
1943-07-23,74.991
1943-07-24,74.599
1943-07-25,72.182
1943-07-26,72.151
1943-07-27,74.667
1943-07-28,72.55
1943-07-29,65.495
1943-07-30,60.341
1943-07-31,57.579
1943-08-01,56.462
1943-08-02,56.451
1943-08-03,59.575
1943-08-04,83.559
1943-08-05,118.992
1943-08-06,118.464
1943-08-07,95.049
1943-08-08,84.475
1943-08-09,72.093
1943-08-10,63.322
1943-08-11,61.478
1943-08-12,69.664
1943-08-13,75.685
1943-08-14,71.722
1943-08-15,74.62
1943-08-16,77.546
1943-08-17,77.44
1943-08-18,70.754
1943-08-19,73.442
1943-08-20,95.459
1943-08-21,122.881
1943-08-22,129.227
1943-08-23,109.966
1943-08-24,78.238
1943-08-25,65.873
1943-08-26,69.76
1943-08-27,71.913
1943-08-28,66.7
1943-08-29,58.634
1943-08-30,61.078
1943-08-31,66.356
1943-09-01,69.454
1943-09-02,65.918
1943-09-03,70.351
1943-09-04,83.365
1943-09-05,101.697
1943-09-06,129.996
1943-09-07,164.612
1943-09-08,189.418
1943-09-09,209.782
1943-09-10,194.542
1943-09-11,174.469
1943-09-12,227.724
1943-09-13,346.572
1943-09-14,441.373
1943-09-15,425.614
1943-09-16,314.993
1943-09-17,175.84
1943-09-18,101.768
1943-09-19,93.573
1943-09-20,102.916
1943-09-21,129.438
1943-09-22,186.528
1943-09-23,223.081
1943-09-24,204.878
1943-09-25,159.358
1943-09-26,113.812
1943-09-27,99.483
1943-09-28,114.413
1943-09-29,158.232
1943-09-30,192.167
1943-10-01,197.531
1943-10-02,226.794
1943-10-03,227.558
1943-10-04,161.352
1943-10-05,94.972
1943-10-06,69.0
1943-10-07,63.64
1943-10-08,72.698
1943-10-09,131.035
1943-10-10,199.416
1943-10-11,204.122
1943-10-12,180.46
1943-10-13,160.076
1943-10-14,141.349
1943-10-15,125.21
1943-10-16,106.532
1943-10-17,83.452
1943-10-18,62.227
1943-10-19,52.559
1943-10-20,50.646
1943-10-21,52.928
1943-10-22,57.158
1943-10-23,58.872
1943-10-24,55.931
1943-10-25,55.562
1943-10-26,58.386
1943-10-27,60.009
1943-10-28,58.123
1943-10-29,50.399
1943-10-30,44.934
1943-10-31,47.976
1943-11-01,59.77
1943-11-02,87.032
1943-11-03,112.568
1943-11-04,149.525
1943-11-05,181.095
1943-11-06,173.925
1943-11-07,163.361
1943-11-08,156.208
1943-11-09,134.004
1943-11-10,114.596
1943-11-11,97.443
1943-11-12,89.442
1943-11-13,108.261
1943-11-14,157.928
1943-11-15,237.712
1943-11-16,332.488
1943-11-17,445.476
1943-11-18,550.742
1943-11-19,573.292
1943-11-20,561.835
1943-11-21,583.168
1943-11-22,537.986
1943-11-23,558.896
1943-11-24,693.943
1943-11-25,721.364
1943-11-26,613.422
1943-11-27,563.11
1943-11-28,681.405
1943-11-29,965.995
1943-11-30,1173.466
1943-12-01,1137.325
1943-12-02,1028.768
1943-12-03,1015.188
1943-12-04,1106.46
1943-12-05,1054.077
1943-12-06,861.468
1943-12-07,705.508
1943-12-08,644.442
1943-12-09,605.58
1943-12-10,529.294
1943-12-11,480.285
1943-12-12,462.044
1943-12-13,438.872
1943-12-14,403.875
1943-12-15,349.847
1943-12-16,315.082
1943-12-17,334.86
1943-12-18,368.39
1943-12-19,365.042
1943-12-20,382.932
1943-12-21,475.458
1943-12-22,575.591
1943-12-23,579.402
1943-12-24,474.305
1943-12-25,365.257
1943-12-26,293.413
1943-12-27,252.416
1943-12-28,261.846
1943-12-29,267.375
1943-12-30,231.892
1943-12-31,233.912
1944-01-01,238.473
1944-01-02,247.362
1944-01-03,275.21
1944-01-04,277.301
1944-01-05,254.246
1944-01-06,231.161
1944-01-07,239.577
1944-01-08,322.34
1944-01-09,595.506
1944-01-10,1028.456
1944-01-11,1127.044
1944-01-12,806.418
1944-01-13,594.699
1944-01-14,584.255
1944-01-15,590.748
1944-01-16,554.718
1944-01-17,535.482
1944-01-18,532.5
1944-01-19,515.815
1944-01-20,497.307
1944-01-21,459.443
1944-01-22,388.276
1944-01-23,309.998
1944-01-24,265.118
1944-01-25,243.708
1944-01-26,236.242
1944-01-27,239.41
1944-01-28,252.459
1944-01-29,333.295
1944-01-30,562.164
1944-01-31,727.953
1944-02-01,698.837
1944-02-02,664.825
1944-02-03,668.647
1944-02-04,797.757
1944-02-05,1165.658
1944-02-06,1451.712
1944-02-07,1261.78
1944-02-08,950.959
1944-02-09,789.6
1944-02-10,727.994
1944-02-11,680.784
1944-02-12,717.055
1944-02-13,781.496
1944-02-14,768.849
1944-02-15,654.202
1944-02-16,513.185
1944-02-17,436.413
1944-02-18,428.707
1944-02-19,502.211
1944-02-20,624.907
1944-02-21,678.315
1944-02-22,621.016
1944-02-23,536.191
1944-02-24,422.504
1944-02-25,315.925
1944-02-26,247.519
1944-02-27,214.951
1944-02-28,199.263
1944-02-29,192.548
1944-03-01,195.118
1944-03-02,211.566
1944-03-03,247.487
1944-03-04,306.157
1944-03-05,349.847
1944-03-06,366.552
1944-03-07,362.456
1944-03-08,342.469
1944-03-09,367.856
1944-03-10,383.002
1944-03-11,327.006
1944-03-12,281.136
1944-03-13,246.998
1944-03-14,216.025
1944-03-15,194.032
1944-03-16,184.182
1944-03-17,177.119
1944-03-18,182.96
1944-03-19,223.413
1944-03-20,332.637
1944-03-21,479.362
1944-03-22,569.966
1944-03-23,624.009
1944-03-24,646.84
1944-03-25,615.182
1944-03-26,543.102
1944-03-27,507.13
1944-03-28,535.434
1944-03-29,546.239
1944-03-30,463.688
1944-03-31,344.331
1944-04-01,277.441
1944-04-02,259.301
1944-04-03,252.197
1944-04-04,269.68
1944-04-05,314.885
1944-04-06,350.221
1944-04-07,380.78
1944-04-08,395.208
1944-04-09,378.118
1944-04-10,385.157
1944-04-11,419.16
1944-04-12,478.231
1944-04-13,516.168
1944-04-14,469.97
1944-04-15,392.582
1944-04-16,383.501
1944-04-17,466.682
1944-04-18,621.785
1944-04-19,1030.186
1944-04-20,1324.9
1944-04-21,954.83
1944-04-22,611.183
1944-04-23,488.607
1944-04-24,457.329
1944-04-25,425.746
1944-04-26,378.752
1944-04-27,346.309
1944-04-28,337.024
1944-04-29,321.011
1944-04-30,283.473
1944-05-01,246.617
1944-05-02,250.364
1944-05-03,278.987
1944-05-04,292.468
1944-05-05,297.16
1944-05-06,301.632
1944-05-07,300.146
1944-05-08,345.398
1944-05-09,463.565
1944-05-10,623.186
1944-05-11,831.237
1944-05-12,1117.709
1944-05-13,1315.084
1944-05-14,1270.93
1944-05-15,1139.426
1944-05-16,1067.697
1944-05-17,976.376
1944-05-18,931.195
1944-05-19,949.663
1944-05-20,1112.5
1944-05-21,1316.716
1944-05-22,1362.173
1944-05-23,1295.154
1944-05-24,1149.307
1944-05-25,1009.986
1944-05-26,953.005
1944-05-27,960.43
1944-05-28,958.811
1944-05-29,938.365
1944-05-30,824.162
1944-05-31,629.279
1944-06-01,473.225
1944-06-02,385.983
1944-06-03,343.29
1944-06-04,317.808
1944-06-05,298.298
1944-06-06,279.838
1944-06-07,263.556
1944-06-08,247.444
1944-06-09,234.514
1944-06-10,238.613
1944-06-11,234.287
1944-06-12,210.972
1944-06-13,190.277
1944-06-14,182.589
1944-06-15,184.085
1944-06-16,200.39
1944-06-17,242.342
1944-06-18,291.078
1944-06-19,306.201
1944-06-20,294.122
1944-06-21,275.338
1944-06-22,232.95
1944-06-23,179.071
1944-06-24,141.635
1944-06-25,122.503
1944-06-26,111.112
1944-06-27,103.884
1944-06-28,100.434
1944-06-29,100.763
1944-06-30,102.096
1944-07-01,99.742
1944-07-02,95.625
1944-07-03,92.418
1944-07-04,89.76
1944-07-05,86.449
1944-07-06,85.58
1944-07-07,86.761
1944-07-08,84.155
1944-07-09,77.956
1944-07-10,72.165
1944-07-11,70.358
1944-07-12,74.96
1944-07-13,95.664
1944-07-14,142.883
1944-07-15,196.357
1944-07-16,211.614
1944-07-17,185.752
1944-07-18,137.318
1944-07-19,88.041
1944-07-20,63.745
1944-07-21,56.938
1944-07-22,55.213
1944-07-23,53.97
1944-07-24,52.6
1944-07-25,51.486
1944-07-26,50.488
1944-07-27,49.536
1944-07-28,48.651
1944-07-29,48.287
1944-07-30,48.985
1944-07-31,49.444
1944-08-01,47.95
1944-08-02,45.59
1944-08-03,44.1
1944-08-04,43.422
1944-08-05,42.968
1944-08-06,42.833
1944-08-07,42.887
1944-08-08,42.987
1944-08-09,45.043
1944-08-10,44.902
1944-08-11,42.792
1944-08-12,40.698
1944-08-13,41.502
1944-08-14,46.206
1944-08-15,58.272
1944-08-16,76.812
1944-08-17,103.549
1944-08-18,132.551
1944-08-19,138.568
1944-08-20,127.242
1944-08-21,100.799
1944-08-22,66.25
1944-08-23,43.825
1944-08-24,34.849
1944-08-25,31.842
1944-08-26,30.96
1944-08-27,30.152
1944-08-28,29.998
1944-08-29,29.734
1944-08-30,30.257
1944-08-31,34.652
1944-09-01,38.007
1944-09-02,33.648
1944-09-03,28.552
1944-09-04,26.651
1944-09-05,26.385
1944-09-06,25.855
1944-09-07,26.094
1944-09-08,28.648
1944-09-09,30.465
1944-09-10,28.023
1944-09-11,26.188
1944-09-12,29.185
1944-09-13,32.462
1944-09-14,31.828
1944-09-15,31.03
1944-09-16,29.361
1944-09-17,26.565
1944-09-18,23.806
1944-09-19,23.371
1944-09-20,24.845
1944-09-21,25.662
1944-09-22,24.083
1944-09-23,21.835
1944-09-24,21.446
1944-09-25,21.905
1944-09-26,21.775
1944-09-27,21.26
1944-09-28,22.684
1944-09-29,25.658
1944-09-30,26.048
1944-10-01,24.192
1944-10-02,22.56
1944-10-03,30.56
1944-10-04,23.054
1944-10-05,21.803
1944-10-06,26.406
1944-10-07,48.745
1944-10-08,63.789
1944-10-09,54.794
1944-10-10,51.419
1944-10-11,52.262
1944-10-12,49.425
1944-10-13,41.632
1944-10-14,38.723
1944-10-15,30.903
1944-10-16,29.055
1944-10-17,30.342
1944-10-18,37.227
1944-10-19,58.834
1944-10-20,98.172
1944-10-21,138.192
1944-10-22,165.258
1944-10-23,188.89
1944-10-24,232.423
1944-10-25,282.037
1944-10-26,279.44
1944-10-27,198.278
1944-10-28,117.624
1944-10-29,97.616
1944-10-30,116.977
1944-10-31,184.05
1944-11-01,275.182
1944-11-02,332.818
1944-11-03,387.715
1944-11-04,423.182
1944-11-05,377.72
1944-11-06,307.928
1944-11-07,271.546
1944-11-08,252.708
1944-11-09,273.09
1944-11-10,307.694
1944-11-11,306.181
1944-11-12,326.298
1944-11-13,410.878
1944-11-14,567.028
1944-11-15,706.012
1944-11-16,734.682
1944-11-17,753.708
1944-11-18,796.164
1944-11-19,771.283
1944-11-20,697.02
1944-11-21,594.843
1944-11-22,464.482
1944-11-23,375.118
1944-11-24,421.999
1944-11-25,868.876
1944-11-26,1246.487
1944-11-27,928.657
1944-11-28,652.13
1944-11-29,577.198
1944-11-30,610.235
1944-12-01,663.583
1944-12-02,742.586
1944-12-03,820.594
1944-12-04,845.491
1944-12-05,815.452
1944-12-06,761.011
1944-12-07,790.239
1944-12-08,878.576
1944-12-09,967.693
1944-12-10,993.032
1944-12-11,995.956
1944-12-12,1006.705
1944-12-13,1043.985
1944-12-14,999.669
1944-12-15,895.924
1944-12-16,899.069
1944-12-17,958.343
1944-12-18,968.107
1944-12-19,947.589
1944-12-20,892.622
1944-12-21,764.857
1944-12-22,703.441
1944-12-23,759.563
1944-12-24,842.205
1944-12-25,799.418
1944-12-26,720.108
1944-12-27,774.247
1944-12-28,911.863
1944-12-29,939.61
1944-12-30,895.497
1944-12-31,975.097
1945-01-01,1443.215
1945-01-02,1770.422
1945-01-03,1403.347
1945-01-04,1146.408
1945-01-05,1046.481
1945-01-06,905.397
1945-01-07,882.545
1945-01-08,1254.242
1945-01-09,1472.873
1945-01-10,1008.754
1945-01-11,620.92
1945-01-12,458.662
1945-01-13,387.358
1945-01-14,341.427
1945-01-15,330.504
1945-01-16,359.993
1945-01-17,390.05
1945-01-18,414.012
1945-01-19,408.865
1945-01-20,395.811
1945-01-21,363.749
1945-01-22,316.568
1945-01-23,280.289
1945-01-24,315.896
1945-01-25,405.001
1945-01-26,433.873
1945-01-27,376.955
1945-01-28,372.049
1945-01-29,448.34
1945-01-30,509.428
1945-01-31,580.545
1945-02-01,679.518
1945-02-02,718.148
1945-02-03,679.18
1945-02-04,618.479
1945-02-05,568.432
1945-02-06,500.1
1945-02-07,510.565
1945-02-08,635.325
1945-02-09,715.642
1945-02-10,660.618
1945-02-11,566.025
1945-02-12,571.005
1945-02-13,630.192
1945-02-14,695.892
1945-02-15,725.601
1945-02-16,656.234
1945-02-17,560.65
1945-02-18,580.198
1945-02-19,668.662
1945-02-20,733.314
1945-02-21,723.098
1945-02-22,680.063
1945-02-23,608.442
1945-02-24,555.928
1945-02-25,534.631
1945-02-26,604.407
1945-02-27,735.93
1945-02-28,827.911
1945-03-01,841.816
1945-03-02,859.508
1945-03-03,872.107
1945-03-04,963.576
1945-03-05,979.853
1945-03-06,836.406
1945-03-07,692.517
1945-03-08,643.922
1945-03-09,682.967
1945-03-10,735.604
1945-03-11,828.256
1945-03-12,989.495
1945-03-13,1086.272
1945-03-14,1131.106
1945-03-15,1097.152
1945-03-16,1035.83
1945-03-17,1011.188
1945-03-18,983.424
1945-03-19,987.924
1945-03-20,1017.616
1945-03-21,1010.55
1945-03-22,962.423
1945-03-23,900.872
1945-03-24,835.418
1945-03-25,795.424
1945-03-26,813.835
1945-03-27,887.825
1945-03-28,983.21
1945-03-29,1050.562
1945-03-30,1129.021
1945-03-31,1268.826
1945-04-01,1346.531
1945-04-02,1207.069
1945-04-03,1021.142
1945-04-04,1002.809
1945-04-05,1050.655
1945-04-06,1180.386
1945-04-07,1313.88
1945-04-08,1393.935
1945-04-09,1505.012
1945-04-10,1610.545
1945-04-11,1652.48
1945-04-12,1575.75
1945-04-13,1478.958
1945-04-14,1458.665
1945-04-15,1388.691
1945-04-16,1259.734
1945-04-17,1150.328
1945-04-18,1010.937
1945-04-19,905.487
1945-04-20,877.649
1945-04-21,856.247
1945-04-22,831.521
1945-04-23,849.045
1945-04-24,855.404
1945-04-25,806.851
1945-04-26,721.243
1945-04-27,675.452
1945-04-28,706.956
1945-04-29,775.222
1945-04-30,810.676
1945-05-01,810.85
1945-05-02,752.723
1945-05-03,656.588
1945-05-04,631.73
1945-05-05,789.212
1945-05-06,1283.695
1945-05-07,1614.476
1945-05-08,1205.314
1945-05-09,849.85
1945-05-10,689.323
1945-05-11,599.353
1945-05-12,575.481
1945-05-13,589.268
1945-05-14,599.423
1945-05-15,594.254
1945-05-16,546.11
1945-05-17,480.835
1945-05-18,457.293
1945-05-19,495.512
1945-05-20,550.393
1945-05-21,604.958
1945-05-22,636.418
1945-05-23,603.712
1945-05-24,534.201
1945-05-25,499.026
1945-05-26,510.852
1945-05-27,544.17
1945-05-28,598.238
1945-05-29,646.032
1945-05-30,626.449
1945-05-31,583.038
1945-06-01,600.157
1945-06-02,651.362
1945-06-03,689.063
1945-06-04,638.421
1945-06-05,517.799
1945-06-06,407.108
1945-06-07,336.664
1945-06-08,310.713
1945-06-09,323.58
1945-06-10,347.928
1945-06-11,387.521
1945-06-12,451.524
1945-06-13,494.693
1945-06-14,465.172
1945-06-15,384.333
1945-06-16,310.995
1945-06-17,253.553
1945-06-18,218.345
1945-06-19,202.982
1945-06-20,196.37
1945-06-21,191.816
1945-06-22,187.963
1945-06-23,184.805
1945-06-24,182.028
1945-06-25,180.008
1945-06-26,177.465
1945-06-27,174.664
1945-06-28,168.871
1945-06-29,162.398
1945-06-30,159.678
1945-07-01,160.093
1945-07-02,162.251
1945-07-03,168.294
1945-07-04,183.737
1945-07-05,189.758
1945-07-06,170.216
1945-07-07,150.556
1945-07-08,139.973
1945-07-09,133.392
1945-07-10,127.899
1945-07-11,123.719
1945-07-12,120.939
1945-07-13,119.676
1945-07-14,119.863
1945-07-15,121.938
1945-07-16,127.494
1945-07-17,134.159
1945-07-18,135.496
1945-07-19,127.961
1945-07-20,116.3
1945-07-21,106.177
1945-07-22,99.156
1945-07-23,95.374
1945-07-24,94.032
1945-07-25,95.263
1945-07-26,97.948
1945-07-27,95.589
1945-07-28,89.071
1945-07-29,84.606
1945-07-30,82.331
1945-07-31,80.775
1945-08-01,79.546
1945-08-02,77.915
1945-08-03,76.213
1945-08-04,74.932
1945-08-05,73.762
1945-08-06,72.348
1945-08-07,70.812
1945-08-08,69.251
1945-08-09,67.88
1945-08-10,66.954
1945-08-11,66.896
1945-08-12,66.003
1945-08-13,64.898
1945-08-14,64.86
1945-08-15,64.029
1945-08-16,62.503
1945-08-17,61.5
1945-08-18,61.275
1945-08-19,61.477
1945-08-20,59.581
1945-08-21,58.355
1945-08-22,64.763
1945-08-23,72.364
1945-08-24,66.346
1945-08-25,56.74
1945-08-26,54.644
1945-08-27,62.425
1945-08-28,75.544
1945-08-29,89.795
1945-08-30,92.326
1945-08-31,80.202
1945-09-01,71.548
1945-09-02,65.7
1945-09-03,58.962
1945-09-04,60.045
1945-09-05,64.979
1945-09-06,60.921
1945-09-07,51.122
1945-09-08,45.4
1945-09-09,44.056
1945-09-10,44.552
1945-09-11,46.962
1945-09-12,50.296
1945-09-13,47.522
1945-09-14,41.624
1945-09-15,37.988
1945-09-16,36.563
1945-09-17,36.195
1945-09-18,35.94
1945-09-19,35.433
1945-09-20,35.351
1945-09-21,35.577
1945-09-22,34.126
1945-09-23,32.48
1945-09-24,31.877
1945-09-25,31.811
1945-09-26,31.764
1945-09-27,32.884
1945-09-28,34.271
1945-09-29,39.085
1945-09-30,46.571
1945-10-01,48.75
1945-10-02,50.654
1945-10-03,54.921
1945-10-04,58.823
1945-10-05,59.77
1945-10-06,64.423
1945-10-07,92.072
1945-10-08,129.237
1945-10-09,144.475
1945-10-10,173.878
1945-10-11,204.764
1945-10-12,217.737
1945-10-13,213.691
1945-10-14,178.584
1945-10-15,140.309
1945-10-16,103.35
1945-10-17,68.109
1945-10-18,44.854
1945-10-19,34.511
1945-10-20,33.238
1945-10-21,34.427
1945-10-22,35.744
1945-10-23,39.549
1945-10-24,48.251
1945-10-25,61.636
1945-10-26,94.393
1945-10-27,149.192
1945-10-28,176.952
1945-10-29,213.104
1945-10-30,316.599
1945-10-31,454.875
1945-11-01,766.27
1945-11-02,1060.445
1945-11-03,940.485
1945-11-04,816.393
1945-11-05,720.5
1945-11-06,649.619
1945-11-07,633.174
1945-11-08,637.695
1945-11-09,619.054
1945-11-10,487.825
1945-11-11,388.82
1945-11-12,328.749
1945-11-13,225.89
1945-11-14,159.758
1945-11-15,168.008
1945-11-16,217.559
1945-11-17,294.739
1945-11-18,350.817
1945-11-19,336.118
1945-11-20,355.413
1945-11-21,391.537
1945-11-22,362.235
1945-11-23,327.938
1945-11-24,397.343
1945-11-25,576.435
1945-11-26,675.831
1945-11-27,687.643
1945-11-28,701.438
1945-11-29,657.949
1945-11-30,544.773
1945-12-01,465.284
1945-12-02,430.572
1945-12-03,478.611
1945-12-04,502.591
1945-12-05,454.641
1945-12-06,460.852
1945-12-07,543.349
1945-12-08,617.617
1945-12-09,632.112
1945-12-10,644.0
1945-12-11,621.978
1945-12-12,641.056
1945-12-13,753.657
1945-12-14,911.282
1945-12-15,984.163
1945-12-16,931.938
1945-12-17,904.881
1945-12-18,899.195
1945-12-19,850.744
1945-12-20,772.284
1945-12-21,682.036
1945-12-22,661.574
1945-12-23,659.392
1945-12-24,551.429
1945-12-25,431.213
1945-12-26,361.402
1945-12-27,368.111
1945-12-28,501.27
1945-12-29,582.848
1945-12-30,551.727
1945-12-31,547.72
1946-01-01,628.124
1946-01-02,717.228
1946-01-03,720.078
1946-01-04,709.321
1946-01-05,740.289
1946-01-06,728.42
1946-01-07,605.259
1946-01-08,440.063
1946-01-09,319.753
1946-01-10,265.52
1946-01-11,259.966
1946-01-12,303.485
1946-01-13,373.821
1946-01-14,415.456
1946-01-15,412.394
1946-01-16,386.506
1946-01-17,382.469
1946-01-18,419.705
1946-01-19,506.212
1946-01-20,599.828
1946-01-21,654.76
1946-01-22,678.543
1946-01-23,687.806
1946-01-24,692.505
1946-01-25,725.514
1946-01-26,752.21
1946-01-27,732.645
1946-01-28,630.324
1946-01-29,509.344
1946-01-30,404.361
1946-01-31,322.363
1946-02-01,272.387
1946-02-02,244.9
1946-02-03,228.442
1946-02-04,230.102
1946-02-05,252.511
1946-02-06,281.898
1946-02-07,324.395
1946-02-08,375.612
1946-02-09,420.843
1946-02-10,419.299
1946-02-11,411.186
1946-02-12,449.825
1946-02-13,480.439
1946-02-14,532.956
1946-02-15,825.904
1946-02-16,1026.51
1946-02-17,696.949
1946-02-18,420.977
1946-02-19,308.445
1946-02-20,278.805
1946-02-21,308.144
1946-02-22,373.139
1946-02-23,455.305
1946-02-24,543.959
1946-02-25,573.415
1946-02-26,498.144
1946-02-27,383.155
1946-02-28,286.105
1946-03-01,262.256
1946-03-02,295.091
1946-03-03,323.5
1946-03-04,350.487
1946-03-05,404.653
1946-03-06,468.33
1946-03-07,456.517
1946-03-08,372.182
1946-03-09,271.766
1946-03-10,214.179
1946-03-11,243.268
1946-03-12,425.637
1946-03-13,591.783
1946-03-14,695.2
1946-03-15,816.128
1946-03-16,772.245
1946-03-17,717.434
1946-03-18,718.519
1946-03-19,737.222
1946-03-20,837.121
1946-03-21,1081.912
1946-03-22,1306.444
1946-03-23,1273.749
1946-03-24,968.872
1946-03-25,706.361
1946-03-26,565.875
1946-03-27,555.352
1946-03-28,678.488
1946-03-29,772.009
1946-03-30,760.205
1946-03-31,712.647
1946-04-01,648.419
1946-04-02,583.613
1946-04-03,549.632
1946-04-04,566.547
1946-04-05,551.772
1946-04-06,474.834
1946-04-07,470.332
1946-04-08,509.866
1946-04-09,575.059
1946-04-10,739.05
1946-04-11,869.425
1946-04-12,791.843
1946-04-13,625.042
1946-04-14,542.809
1946-04-15,551.649
1946-04-16,552.77
1946-04-17,618.698
1946-04-18,1063.443
1946-04-19,1504.64
1946-04-20,1201.435
1946-04-21,884.562
1946-04-22,887.655
1946-04-23,946.813
1946-04-24,985.006
1946-04-25,1046.02
1946-04-26,1106.657
1946-04-27,1057.895
1946-04-28,970.076
1946-04-29,978.767
1946-04-30,1028.288
1946-05-01,1119.374
1946-05-02,1194.061
1946-05-03,1365.155
1946-05-04,1485.33
1946-05-05,1255.488
1946-05-06,1182.87
1946-05-07,1086.384
1946-05-08,933.355
1946-05-09,899.691
1946-05-10,857.25
1946-05-11,754.722
1946-05-12,670.325
1946-05-13,632.872
1946-05-14,636.977
1946-05-15,608.286
1946-05-16,560.003
1946-05-17,523.633
1946-05-18,501.143
1946-05-19,484.223
1946-05-20,473.766
1946-05-21,482.007
1946-05-22,531.13
1946-05-23,675.888
1946-05-24,856.437
1946-05-25,913.096
1946-05-26,862.128
1946-05-27,776.331
1946-05-28,672.985
1946-05-29,557.882
1946-05-30,494.892
1946-05-31,525.658
1946-06-01,619.571
1946-06-02,664.708
1946-06-03,667.002
1946-06-04,662.606
1946-06-05,638.551
1946-06-06,629.393
1946-06-07,616.046
1946-06-08,582.887
1946-06-09,522.713
1946-06-10,445.463
1946-06-11,416.325
1946-06-12,425.769
1946-06-13,429.571
1946-06-14,417.231
1946-06-15,397.902
1946-06-16,392.563
1946-06-17,421.31
1946-06-18,433.732
1946-06-19,401.875
1946-06-20,378.21
1946-06-21,384.02
1946-06-22,399.659
1946-06-23,372.47
1946-06-24,323.789
1946-06-25,336.359
1946-06-26,383.684
1946-06-27,414.285
1946-06-28,415.773
1946-06-29,397.99
1946-06-30,380.967
1946-07-01,383.347
1946-07-02,401.337
1946-07-03,419.669
1946-07-04,442.935
1946-07-05,441.615
1946-07-06,397.255
1946-07-07,351.992
1946-07-08,320.352
1946-07-09,269.842
1946-07-10,224.365
1946-07-11,200.381
1946-07-12,191.262
1946-07-13,190.657
1946-07-14,194.668
1946-07-15,193.898
1946-07-16,181.022
1946-07-17,175.483
1946-07-18,170.455
1946-07-19,162.753
1946-07-20,155.22
1946-07-21,150.658
1946-07-22,147.906
1946-07-23,144.951
1946-07-24,146.608
1946-07-25,155.708
1946-07-26,166.18
1946-07-27,162.698
1946-07-28,142.624
1946-07-29,125.325
1946-07-30,117.181
1946-07-31,113.584
1946-08-01,111.332
1946-08-02,109.769
1946-08-03,106.87
1946-08-04,104.626
1946-08-05,101.276
1946-08-06,97.245
1946-08-07,94.386
1946-08-08,93.044
1946-08-09,92.573
1946-08-10,99.71
1946-08-11,105.688
1946-08-12,100.074
1946-08-13,97.889
1946-08-14,90.119
1946-08-15,83.582
1946-08-16,79.863
1946-08-17,76.601
1946-08-18,73.525
1946-08-19,71.285
1946-08-20,70.277
1946-08-21,69.126
1946-08-22,67.238
1946-08-23,65.604
1946-08-24,69.879
1946-08-25,75.617
1946-08-26,71.503
1946-08-27,64.261
1946-08-28,61.071
1946-08-29,59.908
1946-08-30,57.832
1946-08-31,55.65
1946-09-01,54.116
1946-09-02,52.802
1946-09-03,51.745
1946-09-04,51.056
1946-09-05,50.762
1946-09-06,51.255
1946-09-07,51.433
1946-09-08,53.786
1946-09-09,57.007
1946-09-10,59.133
1946-09-11,59.439
1946-09-12,61.206
1946-09-13,60.097
1946-09-14,58.08
1946-09-15,59.932
1946-09-16,85.519
1946-09-17,132.23
1946-09-18,386.079
1946-09-19,627.079
1946-09-20,432.317
1946-09-21,286.478
1946-09-22,248.278
1946-09-23,208.048
1946-09-24,232.793
1946-09-25,425.782
1946-09-26,587.755
1946-09-27,512.611
1946-09-28,479.062
1946-09-29,474.623
1946-09-30,416.613
1946-10-01,295.697
1946-10-02,188.319
1946-10-03,134.411
1946-10-04,129.834
1946-10-05,141.784
1946-10-06,160.935
1946-10-07,168.399
1946-10-08,161.265
1946-10-09,166.602
1946-10-10,177.056
1946-10-11,179.875
1946-10-12,186.863
1946-10-13,208.275
1946-10-14,249.433
1946-10-15,339.878
1946-10-16,449.913
1946-10-17,549.892
1946-10-18,635.872
1946-10-19,652.665
1946-10-20,612.14
1946-10-21,614.391
1946-10-22,730.104
1946-10-23,883.48
1946-10-24,1181.247
1946-10-25,1469.091
1946-10-26,1233.932
1946-10-27,1014.083
1946-10-28,947.79
1946-10-29,874.672
1946-10-30,808.059
1946-10-31,836.673
1946-11-01,988.711
1946-11-02,1206.649
1946-11-03,1217.573
1946-11-04,1033.015
1946-11-05,988.797
1946-11-06,1445.574
1946-11-07,1884.951
1946-11-08,1616.039
1946-11-09,1271.902
1946-11-10,1108.368
1946-11-11,1026.469
1946-11-12,990.702
1946-11-13,1012.247
1946-11-14,957.688
1946-11-15,796.224
1946-11-16,766.829
1946-11-17,899.159
1946-11-18,1061.873
1946-11-19,1103.475
1946-11-20,987.43
1946-11-21,896.755
1946-11-22,939.928
1946-11-23,1053.107
1946-11-24,1028.31
1946-11-25,1040.328
1946-11-26,1132.294
1946-11-27,1243.956
1946-11-28,1405.117
1946-11-29,1574.672
1946-11-30,1698.749
1946-12-01,1603.175
1946-12-02,1398.833
1946-12-03,1328.71
1946-12-04,1373.822
1946-12-05,1369.143
1946-12-06,1215.828
1946-12-07,1000.172
1946-12-08,832.507
1946-12-09,747.147
1946-12-10,709.298
1946-12-11,690.246
1946-12-12,685.66
1946-12-13,677.418
1946-12-14,677.835
1946-12-15,720.679
1946-12-16,832.305
1946-12-17,956.836
1946-12-18,1001.575
1946-12-19,980.469
1946-12-20,910.024
1946-12-21,788.942
1946-12-22,652.869
1946-12-23,627.578
1946-12-24,744.424
1946-12-25,926.593
1946-12-26,1069.244
1946-12-27,1152.629
1946-12-28,1219.896
1946-12-29,1195.597
1946-12-30,1096.982
1946-12-31,1059.618
1947-01-01,1160.899
1947-01-02,1347.453
1947-01-03,1401.722
1947-01-04,1246.49
1947-01-05,1022.039
1947-01-06,861.16
1947-01-07,759.828
1947-01-08,695.032
1947-01-09,675.057
1947-01-10,681.645
1947-01-11,678.166
1947-01-12,655.94
1947-01-13,650.924
1947-01-14,687.271
1947-01-15,705.936
1947-01-16,644.233
1947-01-17,586.149
1947-01-18,621.744
1947-01-19,696.765
1947-01-20,750.645
1947-01-21,867.469
1947-01-22,983.699
1947-01-23,1067.354
1947-01-24,1199.078
1947-01-25,1195.031
1947-01-26,1054.952
1947-01-27,1025.397
1947-01-28,1174.68
1947-01-29,1280.957
1947-01-30,1345.853
1947-01-31,1350.25
1947-02-01,1429.279
1947-02-02,1756.883
1947-02-03,1942.605
1947-02-04,1758.843
1947-02-05,1612.169
1947-02-06,1574.299
1947-02-07,1498.229
1947-02-08,1376.008
1947-02-09,1242.204
1947-02-10,1139.132
1947-02-11,1055.724
1947-02-12,997.413
1947-02-13,991.199
1947-02-14,991.935
1947-02-15,1026.777
1947-02-16,1086.795
1947-02-17,1172.708
1947-02-18,1245.454
1947-02-19,1256.495
1947-02-20,1242.569
1947-02-21,1187.163
1947-02-22,1455.35
1947-02-23,2113.769
1947-02-24,2239.909
1947-02-25,1768.778
1947-02-26,1454.698
1947-02-27,1357.315
1947-02-28,1595.033
1947-03-01,1884.161
1947-03-02,1610.035
1947-03-03,1330.165
1947-03-04,1463.926
1947-03-05,1611.317
1947-03-06,1295.214
1947-03-07,1069.32
1947-03-08,961.202
1947-03-09,919.426
1947-03-10,910.296
1947-03-11,1009.959
1947-03-12,1159.018
1947-03-13,1290.861
1947-03-14,1381.221
1947-03-15,1501.393
1947-03-16,1779.204
1947-03-17,1923.172
1947-03-18,1687.352
1947-03-19,1535.542
1947-03-20,1456.843
1947-03-21,1384.27
1947-03-22,1352.253
1947-03-23,1336.308
1947-03-24,1429.525
1947-03-25,1523.508
1947-03-26,1610.283
1947-03-27,1713.065
1947-03-28,1866.465
1947-03-29,1929.021
1947-03-30,1776.04
1947-03-31,1864.1
1947-04-01,2279.322
1947-04-02,2823.887
1947-04-03,2973.498
1947-04-04,2867.596
1947-04-05,3037.725
1947-04-06,2782.64
1947-04-07,2515.333
1947-04-08,2471.246
1947-04-09,2454.248
1947-04-10,2287.171
1947-04-11,2127.202
1947-04-12,2072.641
1947-04-13,2074.803
1947-04-14,2102.225
1947-04-15,2158.745
1947-04-16,2177.382
1947-04-17,2105.157
1947-04-18,2002.88
1947-04-19,1921.8
1947-04-20,1846.255
1947-04-21,1725.472
1947-04-22,1483.675
1947-04-23,1288.524
1947-04-24,1235.994
1947-04-25,1324.22
1947-04-26,1402.219
1947-04-27,1446.996
1947-04-28,1520.082
1947-04-29,1520.621
1947-04-30,1465.048
1947-05-01,1653.085
1947-05-02,1906.151
1947-05-03,1716.313
1947-05-04,1592.745
1947-05-05,1688.76
1947-05-06,1925.964
1947-05-07,2084.474
1947-05-08,2092.076
1947-05-09,2052.581
1947-05-10,1848.032
1947-05-11,1583.183
1947-05-12,1475.726
1947-05-13,1575.589
1947-05-14,1827.476
1947-05-15,1953.532
1947-05-16,1821.226
1947-05-17,1686.4
1947-05-18,1680.241
1947-05-19,1749.738
1947-05-20,1708.947
1947-05-21,1743.735
1947-05-22,1884.825
1947-05-23,1929.343
1947-05-24,1829.652
1947-05-25,1704.442
1947-05-26,1604.463
1947-05-27,1511.073
1947-05-28,1400.264
1947-05-29,1313.766
1947-05-30,1237.592
1947-05-31,1097.785
1947-06-01,950.833
1947-06-02,858.685
1947-06-03,802.085
1947-06-04,762.645
1947-06-05,731.917
1947-06-06,695.59
1947-06-07,665.357
1947-06-08,637.792
1947-06-09,608.04
1947-06-10,579.698
1947-06-11,552.533
1947-06-12,523.949
1947-06-13,499.871
1947-06-14,485.522
1947-06-15,486.625
1947-06-16,512.146
1947-06-17,555.952
1947-06-18,541.852
1947-06-19,460.53
1947-06-20,408.975
1947-06-21,399.187
1947-06-22,400.914
1947-06-23,391.878
1947-06-24,379.355
1947-06-25,359.912
1947-06-26,331.606
1947-06-27,310.762
1947-06-28,298.648
1947-06-29,291.259
1947-06-30,288.311
1947-07-01,286.3
1947-07-02,276.973
1947-07-03,262.943
1947-07-04,251.41
1947-07-05,242.953
1947-07-06,235.679
1947-07-07,229.254
1947-07-08,224.584
1947-07-09,221.437
1947-07-10,219.314
1947-07-11,219.254
1947-07-12,214.654
1947-07-13,204.303
1947-07-14,194.915
1947-07-15,188.441
1947-07-16,183.844
1947-07-17,179.207
1947-07-18,174.441
1947-07-19,171.417
1947-07-20,168.988
1947-07-21,166.973
1947-07-22,164.197
1947-07-23,158.984
1947-07-24,153.957
1947-07-25,150.28
1947-07-26,148.78
1947-07-27,153.186
1947-07-28,165.255
1947-07-29,177.729
1947-07-30,179.524
1947-07-31,165.174
1947-08-01,176.42
1947-08-02,197.791
1947-08-03,165.906
1947-08-04,135.721
1947-08-05,126.348
1947-08-06,128.792
1947-08-07,128.761
1947-08-08,121.938
1947-08-09,115.241
1947-08-10,109.732
1947-08-11,106.229
1947-08-12,104.358
1947-08-13,102.925
1947-08-14,102.299
1947-08-15,102.518
1947-08-16,101.22
1947-08-17,98.1
1947-08-18,96.148
1947-08-19,95.882
1947-08-20,98.336
1947-08-21,106.249
1947-08-22,107.529
1947-08-23,97.71
1947-08-24,88.794
1947-08-25,88.9
1947-08-26,98.459
1947-08-27,103.096
1947-08-28,94.544
1947-08-29,85.106
1947-08-30,79.327
1947-08-31,75.352
1947-09-01,72.987
1947-09-02,72.738
1947-09-03,80.695
1947-09-04,99.29
1947-09-05,104.406
1947-09-06,89.272
1947-09-07,76.954
1947-09-08,71.973
1947-09-09,69.294
1947-09-10,67.085
1947-09-11,64.555
1947-09-12,62.259
1947-09-13,61.397
1947-09-14,62.861
1947-09-15,65.193
1947-09-16,68.171
1947-09-17,72.788
1947-09-18,69.962
1947-09-19,61.868
1947-09-20,56.405
1947-09-21,54.13
1947-09-22,52.867
1947-09-23,53.535
1947-09-24,60.555
1947-09-25,80.799
1947-09-26,90.713
1947-09-27,77.24
1947-09-28,66.611
1947-09-29,58.15
1947-09-30,51.795
1947-10-01,48.137
1947-10-02,47.67
1947-10-03,48.564
1947-10-04,47.815
1947-10-05,46.066
1947-10-06,44.985
1947-10-07,46.331
1947-10-08,50.594
1947-10-09,51.403
1947-10-10,52.629
1947-10-11,52.034
1947-10-12,47.808
1947-10-13,43.386
1947-10-14,42.45
1947-10-15,45.24
1947-10-16,58.123
1947-10-17,83.49
1947-10-18,114.135
1947-10-19,144.791
1947-10-20,161.54
1947-10-21,143.715
1947-10-22,104.69
1947-10-23,69.392
1947-10-24,49.874
1947-10-25,45.476
1947-10-26,54.569
1947-10-27,70.899
1947-10-28,80.637
1947-10-29,89.29
1947-10-30,115.165
1947-10-31,150.811
1947-11-01,169.939
1947-11-02,169.588
1947-11-03,176.82
1947-11-04,208.281
1947-11-05,242.365
1947-11-06,250.289
1947-11-07,258.917
1947-11-08,262.01
1947-11-09,240.954
1947-11-10,225.646
1947-11-11,204.205
1947-11-12,203.982
1947-11-13,211.055
1947-11-14,216.778
1947-11-15,235.758
1947-11-16,232.505
1947-11-17,218.331
1947-11-18,206.51
1947-11-19,217.487
1947-11-20,228.679
1947-11-21,246.494
1947-11-22,366.964
1947-11-23,485.098
1947-11-24,554.122
1947-11-25,639.442
1947-11-26,796.858
1947-11-27,885.718
1947-11-28,827.068
1947-11-29,753.452
1947-11-30,768.197
1947-12-01,782.841
1947-12-02,768.132
1947-12-03,753.9
1947-12-04,834.483
1947-12-05,1001.026
1947-12-06,1059.858
1947-12-07,977.16
1947-12-08,797.482
1947-12-09,732.272
1947-12-10,805.798
1947-12-11,932.618
1947-12-12,984.641
1947-12-13,1126.41
1947-12-14,1295.464
1947-12-15,1297.306
1947-12-16,1201.839
1947-12-17,1117.638
1947-12-18,1114.873
1947-12-19,1213.295
1947-12-20,1387.636
1947-12-21,1481.324
1947-12-22,1386.201
1947-12-23,1436.672
1947-12-24,1483.512
1947-12-25,1327.418
1947-12-26,1149.278
1947-12-27,1037.459
1947-12-28,1026.036
1947-12-29,1079.53
1947-12-30,1172.008
1947-12-31,1259.459
1948-01-01,1320.791
1948-01-02,1344.012
1948-01-03,1195.172
1948-01-04,1036.27
1948-01-05,1004.211
1948-01-06,1060.688
1948-01-07,1221.298
1948-01-08,1433.379
1948-01-09,1482.337
1948-01-10,1315.69
1948-01-11,1124.794
1948-01-12,995.109
1948-01-13,999.873
1948-01-14,1073.04
1948-01-15,1077.529
1948-01-16,1000.615
1948-01-17,895.235
1948-01-18,813.302
1948-01-19,782.687
1948-01-20,835.372
1948-01-21,923.281
1948-01-22,1039.267
1948-01-23,1140.547
1948-01-24,1164.181
1948-01-25,1051.678
1948-01-26,1008.676
1948-01-27,1106.131
1948-01-28,1238.709
1948-01-29,1303.46
1948-01-30,1271.36
1948-01-31,1170.772
1948-02-01,1118.246
1948-02-02,1125.567
1948-02-03,1118.475
1948-02-04,1148.148
1948-02-05,1245.244
1948-02-06,1393.701
1948-02-07,1432.1
1948-02-08,1458.066
1948-02-09,1617.63
1948-02-10,1803.9
1948-02-11,1865.622
1948-02-12,1804.877
1948-02-13,1708.86
1948-02-14,1652.182
1948-02-15,1957.698
1948-02-16,2703.483
1948-02-17,3175.119
1948-02-18,3019.258
1948-02-19,2756.061
1948-02-20,2431.133
1948-02-21,2181.982
1948-02-22,2232.332
1948-02-23,2198.468
1948-02-24,2015.488
1948-02-25,1928.272
1948-02-26,1913.88
1948-02-27,1915.018
1948-02-28,1827.694
1948-02-29,1759.35
1948-03-01,1764.713
1948-03-02,1890.623
1948-03-03,2077.642
1948-03-04,2108.305
1948-03-05,1933.047
1948-03-06,1691.616
1948-03-07,1501.573
1948-03-08,1414.263
1948-03-09,1361.989
1948-03-10,1394.138
1948-03-11,1449.222
1948-03-12,1438.616
1948-03-13,1340.258
1948-03-14,1305.569
1948-03-15,1316.422
1948-03-16,1398.123
1948-03-17,1407.951
1948-03-18,1430.491
1948-03-19,1677.561
1948-03-20,1949.875
1948-03-21,1905.038
1948-03-22,1752.282
1948-03-23,1616.27
1948-03-24,1594.783
1948-03-25,1616.726
1948-03-26,1572.766
1948-03-27,1517.878
1948-03-28,1485.469
1948-03-29,1504.375
1948-03-30,1595.625
1948-03-31,1697.299
1948-04-01,1737.405
1948-04-02,1692.871
1948-04-03,1581.247
1948-04-04,1392.697
1948-04-05,1247.751
1948-04-06,1153.507
1948-04-07,1126.422
1948-04-08,1138.838
1948-04-09,1265.066
1948-04-10,1411.35
1948-04-11,1465.113
1948-04-12,1382.714
1948-04-13,1325.014
1948-04-14,1301.805
1948-04-15,1210.971
1948-04-16,1077.148
1948-04-17,1004.168
1948-04-18,1147.067
1948-04-19,1239.995
1948-04-20,1136.271
1948-04-21,1135.419
1948-04-22,1202.316
1948-04-23,1273.448
1948-04-24,1407.966
1948-04-25,1547.517
1948-04-26,1505.768
1948-04-27,1338.973
1948-04-28,1120.648
1948-04-29,999.271
1948-04-30,977.591
1948-05-01,986.272
1948-05-02,973.13
1948-05-03,962.519
1948-05-04,953.561
1948-05-05,969.651
1948-05-06,1007.432
1948-05-07,1026.985
1948-05-08,1087.965
1948-05-09,1137.508
1948-05-10,1185.29
1948-05-11,1240.647
1948-05-12,1312.535
1948-05-13,1369.056
1948-05-14,1354.728
1948-05-15,1330.669
1948-05-16,1284.778
1948-05-17,1227.478
1948-05-18,1269.076
1948-05-19,1355.462
1948-05-20,1417.271
1948-05-21,1408.302
1948-05-22,1338.145
1948-05-23,1298.614
1948-05-24,1214.615
1948-05-25,1101.133
1948-05-26,1034.638
1948-05-27,988.431
1948-05-28,959.72
1948-05-29,935.722
1948-05-30,853.52
1948-05-31,740.462
1948-06-01,657.397
1948-06-02,614.644
1948-06-03,587.225
1948-06-04,561.211
1948-06-05,534.458
1948-06-06,509.016
1948-06-07,485.75
1948-06-08,466.594
1948-06-09,451.296
1948-06-10,438.802
1948-06-11,428.687
1948-06-12,423.484
1948-06-13,423.135
1948-06-14,406.838
1948-06-15,377.056
1948-06-16,356.1
1948-06-17,344.552
1948-06-18,334.906
1948-06-19,324.305
1948-06-20,314.73
1948-06-21,308.732
1948-06-22,304.874
1948-06-23,301.28
1948-06-24,296.307
1948-06-25,287.402
1948-06-26,275.035
1948-06-27,263.096
1948-06-28,257.07
1948-06-29,252.863
1948-06-30,247.971
1948-07-01,259.585
1948-07-02,290.059
1948-07-03,318.671
1948-07-04,349.4
1948-07-05,356.634
1948-07-06,303.595
1948-07-07,237.575
1948-07-08,209.147
1948-07-09,208.185
1948-07-10,214.664
1948-07-11,211.993
1948-07-12,204.39
1948-07-13,201.968
1948-07-14,195.451
1948-07-15,184.107
1948-07-16,177.541
1948-07-17,172.508
1948-07-18,166.978
1948-07-19,162.154
1948-07-20,157.135
1948-07-21,152.81
1948-07-22,149.335
1948-07-23,146.433
1948-07-24,143.574
1948-07-25,141.375
1948-07-26,138.946
1948-07-27,135.735
1948-07-28,133.19
1948-07-29,131.17
1948-07-30,128.33
1948-07-31,125.186
1948-08-01,122.481
1948-08-02,119.907
1948-08-03,117.36
1948-08-04,114.911
1948-08-05,113.022
1948-08-06,111.975
1948-08-07,110.939
1948-08-08,109.12
1948-08-09,107.334
1948-08-10,106.978
1948-08-11,107.458
1948-08-12,105.961
1948-08-13,101.621
1948-08-14,99.582
1948-08-15,99.476
1948-08-16,101.973
1948-08-17,101.391
1948-08-18,98.05
1948-08-19,97.823
1948-08-20,98.922
1948-08-21,97.154
1948-08-22,92.558
1948-08-23,94.347
1948-08-24,110.731
1948-08-25,122.209
1948-08-26,116.112
1948-08-27,109.588
1948-08-28,104.848
1948-08-29,109.828
1948-08-30,123.94
1948-08-31,122.457
1948-09-01,101.441
1948-09-02,83.294
1948-09-03,80.725
1948-09-04,93.163
1948-09-05,108.992
1948-09-06,118.688
1948-09-07,125.369
1948-09-08,136.208
1948-09-09,137.954
1948-09-10,122.657
1948-09-11,100.439
1948-09-12,88.095
1948-09-13,90.31
1948-09-14,98.211
1948-09-15,115.156
1948-09-16,145.913
1948-09-17,157.514
1948-09-18,142.659
1948-09-19,125.282
1948-09-20,123.843
1948-09-21,125.045
1948-09-22,141.27
1948-09-23,157.12
1948-09-24,169.953
1948-09-25,216.164
1948-09-26,278.383
1948-09-27,312.144
1948-09-28,317.148
1948-09-29,321.016
1948-09-30,344.885
1948-10-01,357.066
1948-10-02,309.749
1948-10-03,229.994
1948-10-04,174.314
1948-10-05,143.464
1948-10-06,164.338
1948-10-07,251.915
1948-10-08,360.9
1948-10-09,413.268
1948-10-10,423.49
1948-10-11,469.908
1948-10-12,504.988
1948-10-13,460.155
1948-10-14,415.73
1948-10-15,397.535
1948-10-16,374.132
1948-10-17,351.303
1948-10-18,365.578
1948-10-19,392.629
1948-10-20,447.556
1948-10-21,538.345
1948-10-22,670.897
1948-10-23,832.67
1948-10-24,878.183
1948-10-25,817.21
1948-10-26,769.226
1948-10-27,737.035
1948-10-28,846.372
1948-10-29,1113.129
1948-10-30,1245.959
1948-10-31,1127.838
1948-11-01,905.325
1948-11-02,778.573
1948-11-03,777.601
1948-11-04,815.667
1948-11-05,875.467
1948-11-06,868.078
1948-11-07,889.788
1948-11-08,1051.736
1948-11-09,1093.431
1948-11-10,1045.441
1948-11-11,1022.14
1948-11-12,957.52
1948-11-13,836.713
1948-11-14,721.9
1948-11-15,650.683
1948-11-16,682.578
1948-11-17,779.449
1948-11-18,867.85
1948-11-19,855.275
1948-11-20,700.2
1948-11-21,534.688
1948-11-22,463.261
1948-11-23,432.42
1948-11-24,430.368
1948-11-25,497.14
1948-11-26,574.705
1948-11-27,668.799
1948-11-28,787.329
1948-11-29,871.642
1948-11-30,808.642
1948-12-01,732.182
1948-12-02,702.438
1948-12-03,785.03
1948-12-04,905.744
1948-12-05,907.678
1948-12-06,872.295
1948-12-07,889.557
1948-12-08,912.604
1948-12-09,878.378
1948-12-10,824.878
1948-12-11,816.94
1948-12-12,853.672
1948-12-13,837.962
1948-12-14,806.958
1948-12-15,856.525
1948-12-16,845.369
1948-12-17,756.875
1948-12-18,694.493
1948-12-19,676.605
1948-12-20,648.563
1948-12-21,582.017
1948-12-22,565.255
1948-12-23,602.288
1948-12-24,641.616
1948-12-25,669.419
1948-12-26,759.158
1948-12-27,940.009
1948-12-28,1116.368
1948-12-29,1228.628
1948-12-30,1207.453
1948-12-31,1035.724
1949-01-01,929.335
1949-01-02,937.827
1949-01-03,1011.326
1949-01-04,1144.155
1949-01-05,1183.435
1949-01-06,1172.459
1949-01-07,1109.252
1949-01-08,1021.907
1949-01-09,1004.389
1949-01-10,1040.97
1949-01-11,1035.636
1949-01-12,1025.479
1949-01-13,1060.099
1949-01-14,1110.05
1949-01-15,1141.648
1949-01-16,1198.208
1949-01-17,1236.285
1949-01-18,1322.792
1949-01-19,1441.195
1949-01-20,1476.44
1949-01-21,1511.579
1949-01-22,1425.593
1949-01-23,1276.066
1949-01-24,1154.62
1949-01-25,1082.218
1949-01-26,1076.619
1949-01-27,1091.553
1949-01-28,1070.929
1949-01-29,1065.642
1949-01-30,1149.716
1949-01-31,1196.186
1949-02-01,1172.756
1949-02-02,1127.658
1949-02-03,1017.76
1949-02-04,877.62
1949-02-05,788.384
1949-02-06,748.217
1949-02-07,762.01
1949-02-08,832.357
1949-02-09,945.764
1949-02-10,994.448
1949-02-11,977.403
1949-02-12,1003.378
1949-02-13,1023.637
1949-02-14,1032.464
1949-02-15,1135.035
1949-02-16,1237.145
1949-02-17,1236.951
1949-02-18,1157.714
1949-02-19,1083.949
1949-02-20,1129.68
1949-02-21,1236.01
1949-02-22,1368.185
1949-02-23,1382.514
1949-02-24,1342.77
1949-02-25,1282.802
1949-02-26,1261.705
1949-02-27,1253.727
1949-02-28,1372.205
1949-03-01,1682.632
1949-03-02,1836.22
1949-03-03,1709.748
1949-03-04,1678.968
1949-03-05,1700.428
1949-03-06,1722.216
1949-03-07,1787.287
1949-03-08,1826.432
1949-03-09,1943.58
1949-03-10,2111.433
1949-03-11,1871.144
1949-03-12,1417.369
1949-03-13,1177.85
1949-03-14,1108.812
1949-03-15,1093.857
1949-03-16,1134.042
1949-03-17,1153.41
1949-03-18,1014.46
1949-03-19,915.247
1949-03-20,956.648
1949-03-21,1245.713
1949-03-22,1484.623
1949-03-23,1198.606
1949-03-24,1002.551
1949-03-25,954.012
1949-03-26,991.009
1949-03-27,1068.998
1949-03-28,1114.389
1949-03-29,1036.981
1949-03-30,916.928
1949-03-31,844.655
1949-04-01,854.028
1949-04-02,916.802
1949-04-03,1005.675
1949-04-04,1124.115
1949-04-05,1224.05
1949-04-06,1221.487
1949-04-07,1181.359
1949-04-08,1060.778
1949-04-09,941.187
1949-04-10,870.049
1949-04-11,915.635
1949-04-12,1006.237
1949-04-13,1250.704
1949-04-14,1506.229
1949-04-15,1712.813
1949-04-16,1885.99
1949-04-17,1958.701
1949-04-18,1949.59
1949-04-19,1963.945
1949-04-20,1948.168
1949-04-21,1998.95
1949-04-22,2060.4
1949-04-23,2150.857
1949-04-24,2327.731
1949-04-25,2488.086
1949-04-26,2474.704
1949-04-27,2353.979
1949-04-28,2291.086
1949-04-29,2209.375
1949-04-30,2155.003
1949-05-01,2121.639
1949-05-02,2127.878
1949-05-03,2069.484
1949-05-04,2130.175
1949-05-05,2239.038
1949-05-06,2084.151
1949-05-07,1890.54
1949-05-08,1833.643
1949-05-09,1800.609
1949-05-10,1813.46
1949-05-11,1855.528
1949-05-12,1922.77
1949-05-13,2178.338
1949-05-14,2357.836
1949-05-15,2266.971
1949-05-16,2249.296
1949-05-17,2313.775
1949-05-18,2287.599
1949-05-19,2122.41
1949-05-20,1987.638
1949-05-21,1908.419
1949-05-22,1878.575
1949-05-23,1881.053
1949-05-24,1861.992
1949-05-25,1856.12
1949-05-26,1972.22
1949-05-27,2086.416
1949-05-28,2034.037
1949-05-29,1852.459
1949-05-30,1685.362
1949-05-31,1592.726
1949-06-01,1539.215
1949-06-02,1446.882
1949-06-03,1308.636
1949-06-04,1150.106
1949-06-05,1022.213
1949-06-06,951.596
1949-06-07,908.319
1949-06-08,869.703
1949-06-09,850.809
1949-06-10,857.616
1949-06-11,861.421
1949-06-12,838.605
1949-06-13,781.68
1949-06-14,729.286
1949-06-15,700.558
1949-06-16,683.36
1949-06-17,668.292
1949-06-18,659.72
1949-06-19,652.264
1949-06-20,623.155
1949-06-21,573.847
1949-06-22,547.552
1949-06-23,546.405
1949-06-24,544.827
1949-06-25,532.078
1949-06-26,530.185
1949-06-27,539.429
1949-06-28,517.094
1949-06-29,480.866
1949-06-30,447.071
1949-07-01,418.538
1949-07-02,408.144
1949-07-03,408.906
1949-07-04,432.439
1949-07-05,479.898
1949-07-06,507.71
1949-07-07,496.596
1949-07-08,451.28
1949-07-09,393.087
1949-07-10,348.416
1949-07-11,324.594
1949-07-12,315.732
1949-07-13,329.895
1949-07-14,353.125
1949-07-15,343.869
1949-07-16,312.478
1949-07-17,293.632
1949-07-18,286.422
1949-07-19,277.56
1949-07-20,264.282
1949-07-21,255.559
1949-07-22,254.425
1949-07-23,253.59
1949-07-24,249.404
1949-07-25,244.024
1949-07-26,234.237
1949-07-27,226.062
1949-07-28,222.378
1949-07-29,220.814
1949-07-30,233.029
1949-07-31,265.281
1949-08-01,283.926
1949-08-02,257.921
1949-08-03,214.079
1949-08-04,190.308
1949-08-05,181.534
1949-08-06,176.73
1949-08-07,172.917
1949-08-08,169.602
1949-08-09,167.004
1949-08-10,164.662
1949-08-11,161.082
1949-08-12,159.068
1949-08-13,156.277
1949-08-14,152.233
1949-08-15,148.165
1949-08-16,145.025
1949-08-17,143.085
1949-08-18,141.154
1949-08-19,138.017
1949-08-20,134.837
1949-08-21,132.197
1949-08-22,129.196
1949-08-23,127.163
1949-08-24,124.86
1949-08-25,122.177
1949-08-26,119.61
1949-08-27,117.234
1949-08-28,116.527
1949-08-29,114.863
1949-08-30,111.831
1949-08-31,109.392
1949-09-01,110.272
1949-09-02,110.505
1949-09-03,106.277
1949-09-04,103.532
1949-09-05,100.965
1949-09-06,98.273
1949-09-07,95.984
1949-09-08,96.637
1949-09-09,100.582
1949-09-10,104.232
1949-09-11,103.504
1949-09-12,100.211
1949-09-13,96.598
1949-09-14,91.208
1949-09-15,87.89
1949-09-16,90.969
1949-09-17,95.74
1949-09-18,95.975
1949-09-19,102.252
1949-09-20,114.508
1949-09-21,112.508
1949-09-22,108.356
1949-09-23,116.88
1949-09-24,135.075
1949-09-25,139.081
1949-09-26,123.362
1949-09-27,105.389
1949-09-28,92.228
1949-09-29,88.646
1949-09-30,94.388
1949-10-01,99.14
1949-10-02,100.754
1949-10-03,97.081
1949-10-04,99.26
1949-10-05,119.819
1949-10-06,138.872
1949-10-07,134.649
1949-10-08,151.318
1949-10-09,170.05
1949-10-10,153.444
1949-10-11,120.635
1949-10-12,88.044
1949-10-13,78.979
1949-10-14,81.607
1949-10-15,79.755
1949-10-16,76.041
1949-10-17,74.674
1949-10-18,76.496
1949-10-19,76.964
1949-10-20,80.441
1949-10-21,91.122
1949-10-22,102.149
1949-10-23,113.803
1949-10-24,122.444
1949-10-25,140.271
1949-10-26,168.929
1949-10-27,203.625
1949-10-28,275.058
1949-10-29,357.313
1949-10-30,427.314
1949-10-31,435.563
1949-11-01,456.358
1949-11-02,461.927
1949-11-03,394.938
1949-11-04,318.63
1949-11-05,244.643
1949-11-06,167.82
1949-11-07,124.034
1949-11-08,123.075
1949-11-09,138.425
1949-11-10,136.074
1949-11-11,126.89
1949-11-12,119.501
1949-11-13,116.045
1949-11-14,121.097
1949-11-15,183.909
1949-11-16,241.742
1949-11-17,261.95
1949-11-18,382.688
1949-11-19,574.59
1949-11-20,709.863
1949-11-21,726.375
1949-11-22,690.848
1949-11-23,730.675
1949-11-24,733.625
1949-11-25,589.291
1949-11-26,471.742
1949-11-27,464.275
1949-11-28,515.475
1949-11-29,505.547
1949-11-30,464.188
1949-12-01,473.462
1949-12-02,580.768
1949-12-03,737.44
1949-12-04,825.378
1949-12-05,874.0
1949-12-06,987.288
1949-12-07,988.532
1949-12-08,871.817
1949-12-09,763.473
1949-12-10,647.072
1949-12-11,548.507
1949-12-12,454.239
1949-12-13,420.193
1949-12-14,522.54
1949-12-15,608.181
1949-12-16,590.465
1949-12-17,603.202
1949-12-18,667.914
1949-12-19,709.013
1949-12-20,645.946
1949-12-21,588.365
1949-12-22,553.639
1949-12-23,596.05
1949-12-24,604.554
1949-12-25,556.662
1949-12-26,522.227
1949-12-27,473.921
1949-12-28,444.088
1949-12-29,490.432
1949-12-30,592.058
1949-12-31,745.202
1950-01-01,850.842
1950-01-02,992.909
1950-01-03,995.111
1950-01-04,978.712
1950-01-05,1082.246
1950-01-06,1014.607
1950-01-07,934.723
1950-01-08,944.522
1950-01-09,1004.12
1950-01-10,942.538
1950-01-11,822.785
1950-01-12,837.988
1950-01-13,960.395
1950-01-14,983.706
1950-01-15,931.984
1950-01-16,934.87
1950-01-17,1039.038
1950-01-18,1269.167
1950-01-19,1440.772
1950-01-20,1249.13
1950-01-21,962.626
1950-01-22,912.138
1950-01-23,997.166
1950-01-24,1092.357
1950-01-25,1222.655
1950-01-26,1426.208
1950-01-27,1600.786
1950-01-28,1494.493
1950-01-29,1247.839
1950-01-30,1113.061
1950-01-31,1030.163
1950-02-01,922.775
1950-02-02,887.986
1950-02-03,1009.899
1950-02-04,1191.378
1950-02-05,1492.744
1950-02-06,1652.281
1950-02-07,1350.92
1950-02-08,1107.889
1950-02-09,1059.11
1950-02-10,1111.716
1950-02-11,1152.513
1950-02-12,1107.77
1950-02-13,1012.415
1950-02-14,993.39
1950-02-15,983.352
1950-02-16,912.416
1950-02-17,823.684
1950-02-18,778.92
1950-02-19,806.185
1950-02-20,908.873
1950-02-21,1021.006
1950-02-22,1093.858
1950-02-23,1146.202
1950-02-24,1132.385
1950-02-25,1059.256
1950-02-26,997.454
1950-02-27,963.162
1950-02-28,964.006
1950-03-01,977.708
1950-03-02,955.19
1950-03-03,945.138
1950-03-04,912.799
1950-03-05,930.57
1950-03-06,1161.395
1950-03-07,1603.276
1950-03-08,1699.334
1950-03-09,1353.737
1950-03-10,1066.058
1950-03-11,936.597
1950-03-12,976.399
1950-03-13,1023.206
1950-03-14,1014.073
1950-03-15,942.949
1950-03-16,825.213
1950-03-17,755.725
1950-03-18,795.28
1950-03-19,906.098
1950-03-20,910.109
1950-03-21,996.687
1950-03-22,1471.035
1950-03-23,1912.874
1950-03-24,1776.333
1950-03-25,1793.225
1950-03-26,1912.117
1950-03-27,2164.162
1950-03-28,2328.612
1950-03-29,2080.098
1950-03-30,1995.563
1950-03-31,2128.041
1950-04-01,2300.285
1950-04-02,2319.676
1950-04-03,2235.866
1950-04-04,2128.678
1950-04-05,2111.001
1950-04-06,2231.822
1950-04-07,2299.574
1950-04-08,2249.426
1950-04-09,2221.928
1950-04-10,2243.596
1950-04-11,2297.987
1950-04-12,2401.815
1950-04-13,2383.935
1950-04-14,2280.158
1950-04-15,2199.01
1950-04-16,2096.468
1950-04-17,2031.793
1950-04-18,2047.699
1950-04-19,2129.434
1950-04-20,2224.385
1950-04-21,2413.392
1950-04-22,2510.293
1950-04-23,2353.482
1950-04-24,2189.397
1950-04-25,2150.285
1950-04-26,2239.178
1950-04-27,2332.552
1950-04-28,2303.487
1950-04-29,2315.0
1950-04-30,2747.019
1950-05-01,3083.608
1950-05-02,2665.721
1950-05-03,2364.257
1950-05-04,2447.898
1950-05-05,2586.004
1950-05-06,2588.904
1950-05-07,2810.937
1950-05-08,3009.873
1950-05-09,2996.972
1950-05-10,2697.382
1950-05-11,2422.655
1950-05-12,2296.054
1950-05-13,2258.952
1950-05-14,2302.319
1950-05-15,2307.046
1950-05-16,2200.959
1950-05-17,2074.633
1950-05-18,2154.68
1950-05-19,2392.237
1950-05-20,2639.926
1950-05-21,2654.883
1950-05-22,2525.571
1950-05-23,2423.173
1950-05-24,2293.617
1950-05-25,2119.004
1950-05-26,1983.033
1950-05-27,2028.996
1950-05-28,2203.56
1950-05-29,2211.034
1950-05-30,2167.793
1950-05-31,2096.058
1950-06-01,1970.831
1950-06-02,1802.959
1950-06-03,1579.805
1950-06-04,1393.501
1950-06-05,1273.734
1950-06-06,1207.337
1950-06-07,1163.692
1950-06-08,1112.707
1950-06-09,1057.958
1950-06-10,1005.508
1950-06-11,958.283
1950-06-12,915.455
1950-06-13,876.089
1950-06-14,839.463
1950-06-15,805.79
1950-06-16,772.843
1950-06-17,739.995
1950-06-18,711.23
1950-06-19,685.518
1950-06-20,663.112
1950-06-21,636.782
1950-06-22,611.226
1950-06-23,589.138
1950-06-24,568.751
1950-06-25,549.495
1950-06-26,538.071
1950-06-27,536.217
1950-06-28,530.07
1950-06-29,513.679
1950-06-30,488.79
1950-07-01,472.082
1950-07-02,464.208
1950-07-03,449.548
1950-07-04,428.0
1950-07-05,423.765
1950-07-06,429.318
1950-07-07,414.018
1950-07-08,385.469
1950-07-09,363.222
1950-07-10,349.91
1950-07-11,340.251
1950-07-12,332.35
1950-07-13,324.968
1950-07-14,317.124
1950-07-15,308.724
1950-07-16,301.91
1950-07-17,296.753
1950-07-18,292.356
1950-07-19,291.34
1950-07-20,290.693
1950-07-21,278.172
1950-07-22,264.553
1950-07-23,257.206
1950-07-24,255.799
1950-07-25,260.847
1950-07-26,269.375
1950-07-27,268.971
1950-07-28,261.565
1950-07-29,250.222
1950-07-30,235.291
1950-07-31,223.188
1950-08-01,211.595
1950-08-02,202.441
1950-08-03,197.303
1950-08-04,194.815
1950-08-05,194.109
1950-08-06,195.844
1950-08-07,197.93
1950-08-08,193.462
1950-08-09,184.53
1950-08-10,178.203
1950-08-11,172.505
1950-08-12,168.728
1950-08-13,168.707
1950-08-14,177.364
1950-08-15,180.645
1950-08-16,170.655
1950-08-17,165.259
1950-08-18,162.182
1950-08-19,156.769
1950-08-20,152.138
1950-08-21,155.076
1950-08-22,161.55
1950-08-23,160.586
1950-08-24,151.273
1950-08-25,139.007
1950-08-26,132.348
1950-08-27,130.266
1950-08-28,129.343
1950-08-29,126.498
1950-08-30,125.469
1950-08-31,124.625
1950-09-01,123.742
1950-09-02,121.947
1950-09-03,117.292
1950-09-04,114.659
1950-09-05,114.208
1950-09-06,117.791
1950-09-07,125.685
1950-09-08,130.022
1950-09-09,121.599
1950-09-10,110.355
1950-09-11,104.992
1950-09-12,102.392
1950-09-13,102.055
1950-09-14,102.279
1950-09-15,103.937
1950-09-16,110.252
1950-09-17,123.365
1950-09-18,126.02
1950-09-19,114.148
1950-09-20,114.702
1950-09-21,128.54
1950-09-22,152.681
1950-09-23,171.365
1950-09-24,163.588
1950-09-25,146.211
1950-09-26,131.449
1950-09-27,132.047
1950-09-28,144.006
1950-09-29,133.207
1950-09-30,129.182
1950-10-01,165.94
1950-10-02,226.008
1950-10-03,244.327
1950-10-04,248.018
1950-10-05,277.265
1950-10-06,275.799
1950-10-07,226.227
1950-10-08,183.487
1950-10-09,193.597
1950-10-10,243.206
1950-10-11,268.602
1950-10-12,319.357
1950-10-13,412.973
1950-10-14,439.836
1950-10-15,415.517
1950-10-16,425.056
1950-10-17,450.161
1950-10-18,466.467
1950-10-19,444.102
1950-10-20,366.799
1950-10-21,285.409
1950-10-22,228.125
1950-10-23,188.699
1950-10-24,160.948
1950-10-25,158.634
1950-10-26,180.703
1950-10-27,234.13
1950-10-28,343.463
1950-10-29,476.552
1950-10-30,537.672
1950-10-31,514.43
1950-11-01,457.583
1950-11-02,453.574
1950-11-03,626.395
1950-11-04,922.99
1950-11-05,1135.206
1950-11-06,1175.395
1950-11-07,1101.768
1950-11-08,1011.182
1950-11-09,898.11
1950-11-10,707.673
1950-11-11,578.569
1950-11-12,591.109
1950-11-13,619.211
1950-11-14,598.257
1950-11-15,575.875
1950-11-16,576.308
1950-11-17,616.47
1950-11-18,707.904
1950-11-19,822.267
1950-11-20,1005.97
1950-11-21,1202.292
1950-11-22,1297.484
1950-11-23,1223.853
1950-11-24,1076.814
1950-11-25,1032.242
1950-11-26,1064.189
1950-11-27,1051.392
1950-11-28,1072.255
1950-11-29,1184.002
1950-11-30,1324.389
1950-12-01,1463.45
1950-12-02,1455.321
1950-12-03,1368.507
1950-12-04,1320.998
1950-12-05,1428.511
1950-12-06,1602.048
1950-12-07,1639.745
1950-12-08,1535.852
1950-12-09,1510.8
1950-12-10,1529.538
1950-12-11,1439.642
1950-12-12,1232.306
1950-12-13,1118.725
1950-12-14,1080.735
1950-12-15,1075.61
1950-12-16,1094.016
1950-12-17,1171.208
1950-12-18,1297.441
1950-12-19,1450.912
1950-12-20,1506.838
1950-12-21,1497.4
1950-12-22,1499.852
1950-12-23,1389.392
1950-12-24,1242.139
1950-12-25,1195.993
1950-12-26,1209.268
1950-12-27,1232.454
1950-12-28,1312.074
1950-12-29,1394.377
1950-12-30,1388.865
1950-12-31,1286.463
1951-01-01,1144.98
1951-01-02,1108.408
1951-01-03,1164.388
1951-01-04,1217.295
1951-01-05,1217.584
1951-01-06,1171.373
1951-01-07,1063.232
1951-01-08,950.16
1951-01-09,880.594
1951-01-10,877.558
1951-01-11,965.407
1951-01-12,1091.671
1951-01-13,1097.815
1951-01-14,990.55
1951-01-15,922.636
1951-01-16,877.541
1951-01-17,824.938
1951-01-18,820.641
1951-01-19,907.218
1951-01-20,1017.794
1951-01-21,947.741
1951-01-22,835.761
1951-01-23,833.955
1951-01-24,883.475
1951-01-25,1005.422
1951-01-26,1149.2
1951-01-27,1247.823
1951-01-28,1317.924
1951-01-29,1398.655
1951-01-30,1422.318
1951-01-31,1513.752
1951-02-01,1901.611
1951-02-02,2456.86
1951-02-03,2373.772
1951-02-04,1869.364
1951-02-05,1548.442
1951-02-06,1428.974
1951-02-07,1321.964
1951-02-08,1273.615
1951-02-09,1201.827
1951-02-10,1150.912
1951-02-11,1182.263
1951-02-12,1255.959
1951-02-13,1345.274
1951-02-14,1386.279
1951-02-15,1420.317
1951-02-16,1428.607
1951-02-17,1407.702
1951-02-18,1484.11
1951-02-19,1702.588
1951-02-20,1975.416
1951-02-21,2016.462
1951-02-22,1849.722
1951-02-23,1798.662
1951-02-24,1883.332
1951-02-25,1896.961
1951-02-26,1889.128
1951-02-27,1793.95
1951-02-28,1656.039
1951-03-01,1579.925
1951-03-02,1525.77
1951-03-03,1486.962
1951-03-04,1536.132
1951-03-05,1694.288
1951-03-06,1813.872
1951-03-07,1827.597
1951-03-08,1761.968
1951-03-09,1569.988
1951-03-10,1383.103
1951-03-11,1255.961
1951-03-12,1244.385
1951-03-13,1321.962
1951-03-14,1335.375
1951-03-15,1270.445
1951-03-16,1171.472
1951-03-17,1130.262
1951-03-18,1196.346
1951-03-19,1223.44
1951-03-20,1206.945
1951-03-21,1293.23
1951-03-22,1480.36
1951-03-23,1972.153
1951-03-24,2390.906
1951-03-25,2213.646
1951-03-26,2050.769
1951-03-27,2017.303
1951-03-28,1873.016
1951-03-29,1748.105
1951-03-30,1716.868
1951-03-31,1859.994
1951-04-01,2111.088
1951-04-02,2223.68
1951-04-03,2139.078
1951-04-04,2053.463
1951-04-05,2094.872
1951-04-06,2232.972
1951-04-07,2321.916
1951-04-08,2365.366
1951-04-09,2457.506
1951-04-10,2490.352
1951-04-11,2534.259
1951-04-12,2630.356
1951-04-13,2663.521
1951-04-14,2663.916
1951-04-15,2791.88
1951-04-16,3042.146
1951-04-17,3162.123
1951-04-18,3217.48
1951-04-19,3501.911
1951-04-20,3830.54
1951-04-21,3657.559
1951-04-22,3575.248
1951-04-23,3608.488
1951-04-24,3761.7
1951-04-25,3819.16
1951-04-26,3748.52
1951-04-27,3634.887
1951-04-28,3800.721
1951-04-29,4117.011
1951-04-30,4246.233
1951-05-01,4299.567
1951-05-02,4556.284
1951-05-03,4486.048
1951-05-04,4261.546
1951-05-05,4014.245
1951-05-06,4167.28
1951-05-07,4464.44
1951-05-08,4294.999
1951-05-09,4178.794
1951-05-10,3914.858
1951-05-11,3657.417
1951-05-12,3479.797
1951-05-13,3311.51
1951-05-14,3222.889
1951-05-15,3410.513
1951-05-16,3567.393
1951-05-17,3293.32
1951-05-18,2980.981
1951-05-19,2772.728
1951-05-20,2649.922
1951-05-21,2476.278
1951-05-22,2167.509
1951-05-23,1949.341
1951-05-24,1872.168
1951-05-25,1874.94
1951-05-26,1863.568
1951-05-27,1781.09
1951-05-28,1663.312
1951-05-29,1551.496
1951-05-30,1453.992
1951-05-31,1392.41
1951-06-01,1344.947
1951-06-02,1245.276
1951-06-03,1151.415
1951-06-04,1100.069
1951-06-05,1057.365
1951-06-06,1012.468
1951-06-07,976.727
1951-06-08,945.964
1951-06-09,917.584
1951-06-10,979.341
1951-06-11,1094.938
1951-06-12,1135.188
1951-06-13,1135.548
1951-06-14,1071.859
1951-06-15,963.335
1951-06-16,877.53
1951-06-17,777.527
1951-06-18,690.865
1951-06-19,654.509
1951-06-20,691.372
1951-06-21,773.872
1951-06-22,813.092
1951-06-23,795.959
1951-06-24,745.604
1951-06-25,669.435
1951-06-26,601.894
1951-06-27,541.242
1951-06-28,507.238
1951-06-29,490.482
1951-06-30,478.723
1951-07-01,465.951
1951-07-02,454.966
1951-07-03,445.21
1951-07-04,436.774
1951-07-05,430.259
1951-07-06,420.143
1951-07-07,403.915
1951-07-08,388.935
1951-07-09,378.016
1951-07-10,370.08
1951-07-11,363.436
1951-07-12,355.037
1951-07-13,344.4
1951-07-14,334.616
1951-07-15,326.089
1951-07-16,317.722
1951-07-17,309.342
1951-07-18,301.343
1951-07-19,293.766
1951-07-20,287.04
1951-07-21,281.116
1951-07-22,275.22
1951-07-23,268.535
1951-07-24,262.358
1951-07-25,258.351
1951-07-26,257.012
1951-07-27,254.459
1951-07-28,247.811
1951-07-29,242.497
1951-07-30,239.133
1951-07-31,232.418
1951-08-01,225.202
1951-08-02,217.44
1951-08-03,210.367
1951-08-04,205.389
1951-08-05,202.694
1951-08-06,203.708
1951-08-07,208.762
1951-08-08,206.955
1951-08-09,195.829
1951-08-10,185.949
1951-08-11,178.983
1951-08-12,174.118
1951-08-13,170.335
1951-08-14,166.828
1951-08-15,163.416
1951-08-16,160.105
1951-08-17,156.946
1951-08-18,155.123
1951-08-19,152.446
1951-08-20,149.788
1951-08-21,148.33
1951-08-22,147.498
1951-08-23,146.38
1951-08-24,146.314
1951-08-25,145.348
1951-08-26,143.746
1951-08-27,140.575
1951-08-28,138.708
1951-08-29,135.454
1951-08-30,130.606
1951-08-31,128.522
1951-09-01,128.72
1951-09-02,127.713
1951-09-03,126.105
1951-09-04,123.15
1951-09-05,119.997
1951-09-06,120.841
1951-09-07,117.836
1951-09-08,113.391
1951-09-09,110.825
1951-09-10,109.346
1951-09-11,107.16
1951-09-12,106.178
1951-09-13,106.949
1951-09-14,110.235
1951-09-15,111.573
1951-09-16,114.954
1951-09-17,125.35
1951-09-18,133.69
1951-09-19,137.665
1951-09-20,142.023
1951-09-21,154.504
1951-09-22,163.926
1951-09-23,173.837
1951-09-24,183.902
1951-09-25,205.238
1951-09-26,219.737
1951-09-27,232.216
1951-09-28,258.035
1951-09-29,264.713
1951-09-30,242.968
1951-10-01,208.913
1951-10-02,178.182
1951-10-03,152.596
1951-10-04,137.141
1951-10-05,113.904
1951-10-06,92.945
1951-10-07,91.887
1951-10-08,112.924
1951-10-09,155.263
1951-10-10,229.109
1951-10-11,309.527
1951-10-12,282.642
1951-10-13,207.466
1951-10-14,151.207
1951-10-15,120.952
1951-10-16,116.188
1951-10-17,124.944
1951-10-18,187.308
1951-10-19,263.086
1951-10-20,257.245
1951-10-21,280.804
1951-10-22,259.478
1951-10-23,257.343
1951-10-24,261.801
1951-10-25,312.463
1951-10-26,445.728
1951-10-27,700.652
1951-10-28,871.937
1951-10-29,891.719
1951-10-30,880.529
1951-10-31,925.912
1951-11-01,1072.702
1951-11-02,1118.24
1951-11-03,1002.158
1951-11-04,913.493
1951-11-05,931.128
1951-11-06,1098.869
1951-11-07,1367.82
1951-11-08,1659.673
1951-11-09,1943.623
1951-11-10,2179.404
1951-11-11,2185.062
1951-11-12,1893.075
1951-11-13,1724.17
1951-11-14,1689.116
1951-11-15,1742.627
1951-11-16,1774.723
1951-11-17,1843.625
1951-11-18,1894.736
1951-11-19,1779.685
1951-11-20,1626.369
1951-11-21,1575.202
1951-11-22,1607.921
1951-11-23,1602.063
1951-11-24,1365.726
1951-11-25,1287.047
1951-11-26,1513.08
1951-11-27,1524.961
1951-11-28,1381.434
1951-11-29,1565.597
1951-11-30,1626.59
1951-12-01,1665.041
1951-12-02,1778.182
1951-12-03,2011.826
1951-12-04,2141.905
1951-12-05,2165.923
1951-12-06,2289.727
1951-12-07,2504.528
1951-12-08,2706.882
1951-12-09,2791.322
1951-12-10,2839.81
1951-12-11,3127.142
1951-12-12,3387.38
1951-12-13,3260.52
1951-12-14,2977.184
1951-12-15,2920.467
1951-12-16,2965.406
1951-12-17,3257.485
1951-12-18,3667.479
1951-12-19,3771.862
1951-12-20,3623.038
1951-12-21,3390.888
1951-12-22,3182.795
1951-12-23,3111.342
1951-12-24,3145.663
1951-12-25,3072.653
1951-12-26,2997.096
1951-12-27,3028.675
1951-12-28,3071.855
1951-12-29,3177.475
1951-12-30,3211.962
1951-12-31,3152.949
1952-01-01,3080.358
1952-01-02,2955.183
1952-01-03,2728.15
1952-01-04,2618.801
1952-01-05,2752.726
1952-01-06,2847.572
1952-01-07,2733.009
1952-01-08,2687.242
1952-01-09,2814.642
1952-01-10,3070.189
1952-01-11,3109.205
1952-01-12,2880.896
1952-01-13,2704.962
1952-01-14,2538.057
1952-01-15,2449.2
1952-01-16,2505.818
1952-01-17,2479.815
1952-01-18,2370.241
1952-01-19,2262.067
1952-01-20,2218.493
1952-01-21,2352.639
1952-01-22,2462.785
1952-01-23,2443.319
1952-01-24,2445.393
1952-01-25,2493.61
1952-01-26,2508.609
1952-01-27,2434.742
1952-01-28,2316.642
1952-01-29,2281.257
1952-01-30,2240.963
1952-01-31,2169.193
1952-02-01,2083.741
1952-02-02,1931.019
1952-02-03,1736.284
1952-02-04,1617.895
1952-02-05,1585.377
1952-02-06,1631.842
1952-02-07,1726.834
1952-02-08,1644.248
1952-02-09,1472.632
1952-02-10,1349.51
1952-02-11,1336.424
1952-02-12,1353.545
1952-02-13,1429.558
1952-02-14,1511.574
1952-02-15,1633.456
1952-02-16,1713.074
1952-02-17,1816.108
1952-02-18,1858.861
1952-02-19,1927.457
1952-02-20,2032.745
1952-02-21,2100.598
1952-02-22,2350.852
1952-02-23,2279.1
1952-02-24,2166.038
1952-02-25,2387.115
1952-02-26,2813.891
1952-02-27,2999.827
1952-02-28,2862.455
1952-02-29,2773.918
1952-03-01,2821.24
1952-03-02,2755.524
1952-03-03,2573.107
1952-03-04,2464.367
1952-03-05,2407.336
1952-03-06,2483.071
1952-03-07,2543.277
1952-03-08,2076.702
1952-03-09,1696.158
1952-03-10,1604.584
1952-03-11,1711.464
1952-03-12,1788.184
1952-03-13,1849.372
1952-03-14,2146.378
1952-03-15,2458.862
1952-03-16,2277.275
1952-03-17,1943.043
1952-03-18,1797.51
1952-03-19,2111.649
1952-03-20,2434.728
1952-03-21,2224.322
1952-03-22,2031.876
1952-03-23,2015.57
1952-03-24,2142.267
1952-03-25,2303.664
1952-03-26,2264.466
1952-03-27,2123.102
1952-03-28,2025.922
1952-03-29,1962.532
1952-03-30,1817.787
1952-03-31,1690.113
1952-04-01,1517.826
1952-04-02,1375.028
1952-04-03,1371.709
1952-04-04,1420.25
1952-04-05,1449.018
1952-04-06,1427.041
1952-04-07,1414.776
1952-04-08,1373.036
1952-04-09,1358.64
1952-04-10,1332.306
1952-04-11,1366.788
1952-04-12,1438.278
1952-04-13,1635.326
1952-04-14,1954.177
1952-04-15,2404.281
1952-04-16,2652.986
1952-04-17,2209.571
1952-04-18,1722.944
1952-04-19,1594.601
1952-04-20,1741.921
1952-04-21,1767.202
1952-04-22,1889.592
1952-04-23,1990.965
1952-04-24,2044.928
1952-04-25,2051.425
1952-04-26,2104.778
1952-04-27,2118.605
1952-04-28,2070.321
1952-04-29,1938.061
1952-04-30,2054.311
1952-05-01,2739.834
1952-05-02,3060.59
1952-05-03,2517.682
1952-05-04,2140.173
1952-05-05,2208.361
1952-05-06,2452.564
1952-05-07,2521.297
1952-05-08,2487.362
1952-05-09,2597.972
1952-05-10,2778.279
1952-05-11,2948.122
1952-05-12,3150.105
1952-05-13,3365.78
1952-05-14,3461.62
1952-05-15,3486.585
1952-05-16,3759.336
1952-05-17,4123.915
1952-05-18,4092.699
1952-05-19,3744.345
1952-05-20,3584.428
1952-05-21,3521.467
1952-05-22,3343.291
1952-05-23,3182.307
1952-05-24,3168.524
1952-05-25,3131.497
1952-05-26,3031.428
1952-05-27,3002.915
1952-05-28,2945.056
1952-05-29,2783.369
1952-05-30,2622.59
1952-05-31,2503.995
1952-06-01,2370.459
1952-06-02,2208.415
1952-06-03,2113.712
1952-06-04,2012.023
1952-06-05,1876.795
1952-06-06,1741.527
1952-06-07,1649.314
1952-06-08,1574.481
1952-06-09,1501.734
1952-06-10,1542.743
1952-06-11,1599.906
1952-06-12,1551.589
1952-06-13,1486.738
1952-06-14,1422.337
1952-06-15,1235.929
1952-06-16,1069.71
1952-06-17,992.912
1952-06-18,949.483
1952-06-19,914.076
1952-06-20,881.415
1952-06-21,850.817
1952-06-22,823.318
1952-06-23,799.122
1952-06-24,777.552
1952-06-25,754.389
1952-06-26,731.405
1952-06-27,706.717
1952-06-28,678.618
1952-06-29,653.084
1952-06-30,630.632
1952-07-01,609.755
1952-07-02,590.298
1952-07-03,572.053
1952-07-04,554.867
1952-07-05,538.463
1952-07-06,522.672
1952-07-07,508.133
1952-07-08,496.193
1952-07-09,486.678
1952-07-10,476.337
1952-07-11,462.584
1952-07-12,446.986
1952-07-13,431.616
1952-07-14,419.157
1952-07-15,408.649
1952-07-16,397.323
1952-07-17,385.83
1952-07-18,375.339
1952-07-19,366.285
1952-07-20,357.488
1952-07-21,350.261
1952-07-22,352.508
1952-07-23,361.25
1952-07-24,353.719
1952-07-25,331.853
1952-07-26,315.358
1952-07-27,305.521
1952-07-28,299.963
1952-07-29,293.545
1952-07-30,285.084
1952-07-31,276.881
1952-08-01,269.511
1952-08-02,262.93
1952-08-03,256.725
1952-08-04,251.205
1952-08-05,245.682
1952-08-06,240.568
1952-08-07,235.776
1952-08-08,231.131
1952-08-09,226.842
1952-08-10,222.539
1952-08-11,218.185
1952-08-12,213.965
1952-08-13,210.053
1952-08-14,206.038
1952-08-15,202.312
1952-08-16,199.188
1952-08-17,198.88
1952-08-18,198.959
1952-08-19,193.925
1952-08-20,187.733
1952-08-21,183.544
1952-08-22,179.804
1952-08-23,176.359
1952-08-24,174.504
1952-08-25,174.437
1952-08-26,177.362
1952-08-27,183.271
1952-08-28,178.935
1952-08-29,169.622
1952-08-30,163.879
1952-08-31,162.665
1952-09-01,165.258
1952-09-02,167.773
1952-09-03,175.962
1952-09-04,186.599
1952-09-05,174.903
1952-09-06,156.645
1952-09-07,149.334
1952-09-08,158.038
1952-09-09,182.951
1952-09-10,215.923
1952-09-11,220.172
1952-09-12,180.367
1952-09-13,151.001
1952-09-14,139.754
1952-09-15,137.597
1952-09-16,133.733
1952-09-17,131.36
1952-09-18,130.779
1952-09-19,132.493
1952-09-20,142.251
1952-09-21,158.403
1952-09-22,158.995
1952-09-23,177.216
1952-09-24,188.897
1952-09-25,166.849
1952-09-26,172.423
1952-09-27,199.518
1952-09-28,271.938
1952-09-29,380.612
1952-09-30,414.588
1952-10-01,373.112
1952-10-02,307.708
1952-10-03,250.872
1952-10-04,231.554
1952-10-05,223.236
1952-10-06,203.517
1952-10-07,166.984
1952-10-08,134.639
1952-10-09,120.566
1952-10-10,126.475
1952-10-11,146.172
1952-10-12,161.268
1952-10-13,162.454
1952-10-14,177.772
1952-10-15,246.44
1952-10-16,363.723
1952-10-17,420.633
1952-10-18,372.043
1952-10-19,299.945
1952-10-20,237.028
1952-10-21,187.195
1952-10-22,156.46
1952-10-23,150.346
1952-10-24,163.692
1952-10-25,206.558
1952-10-26,256.161
1952-10-27,290.385
1952-10-28,306.462
1952-10-29,298.462
1952-10-30,328.966
1952-10-31,439.993
1952-11-01,533.026
1952-11-02,596.038
1952-11-03,629.776
1952-11-04,573.445
1952-11-05,488.582
1952-11-06,400.527
1952-11-07,334.555
1952-11-08,322.917
1952-11-09,383.713
1952-11-10,589.338
1952-11-11,758.042
1952-11-12,700.825
1952-11-13,688.971
1952-11-14,878.895
1952-11-15,1103.973
1952-11-16,1267.351
1952-11-17,1293.584
1952-11-18,1183.033
1952-11-19,1083.655
1952-11-20,988.818
1952-11-21,884.022
1952-11-22,895.451
1952-11-23,1079.818
1952-11-24,1305.572
1952-11-25,1300.586
1952-11-26,1117.552
1952-11-27,1031.255
1952-11-28,1116.499
1952-11-29,1295.228
1952-11-30,1336.599
1952-12-01,1158.715
1952-12-02,1072.112
1952-12-03,1080.306
1952-12-04,1168.421
1952-12-05,1285.185
1952-12-06,1393.046
1952-12-07,1370.205
1952-12-08,1305.869
1952-12-09,1298.698
1952-12-10,1323.558
1952-12-11,1289.166
1952-12-12,1225.654
1952-12-13,1116.941
1952-12-14,994.772
1952-12-15,984.354
1952-12-16,1179.447
1952-12-17,1410.117
1952-12-18,1396.036
1952-12-19,1184.081
1952-12-20,976.096
1952-12-21,861.365
1952-12-22,807.432
1952-12-23,797.937
1952-12-24,770.338
1952-12-25,727.719
1952-12-26,728.798
1952-12-27,794.377
1952-12-28,899.48
1952-12-29,1022.632
1952-12-30,1094.523
1952-12-31,1139.192
1953-01-01,1213.018
1953-01-02,1282.086
1953-01-03,1335.631
1953-01-04,1347.597
1953-01-05,1369.568
1953-01-06,1455.351
1953-01-07,1521.401
1953-01-08,1595.49
1953-01-09,1728.548
1953-01-10,1691.32
1953-01-11,1676.806
1953-01-12,1691.766
1953-01-13,1573.313
1953-01-14,1544.945
1953-01-15,1952.99
1953-01-16,2786.345
1953-01-17,3489.399
1953-01-18,3060.992
1953-01-19,2414.508
1953-01-20,2410.862
1953-01-21,2482.921
1953-01-22,2273.823
1953-01-23,2024.244
1953-01-24,1865.577
1953-01-25,1762.021
1953-01-26,1744.043
1953-01-27,1797.713
1953-01-28,2014.461
1953-01-29,2280.83
1953-01-30,2142.288
1953-01-31,1889.577
1953-02-01,1901.443
1953-02-02,2054.781
1953-02-03,2120.554
1953-02-04,2114.047
1953-02-05,2304.955
1953-02-06,2637.309
1953-02-07,2775.433
1953-02-08,2795.426
1953-02-09,2825.091
1953-02-10,2867.519
1953-02-11,3079.743
1953-02-12,3279.712
1953-02-13,3522.059
1953-02-14,3637.825
1953-02-15,3514.688
1953-02-16,3335.457
1953-02-17,3282.311
1953-02-18,3283.658
1953-02-19,3430.499
1953-02-20,3334.713
1953-02-21,2923.169
1953-02-22,2762.534
1953-02-23,2893.55
1953-02-24,2938.069
1953-02-25,2904.584
1953-02-26,2729.985
1953-02-27,2630.065
1953-02-28,2577.621
1953-03-01,2590.081
1953-03-02,2870.095
1953-03-03,3102.797
1953-03-04,3119.7
1953-03-05,3250.378
1953-03-06,3497.339
1953-03-07,3619.338
1953-03-08,3507.17
1953-03-09,3371.72
1953-03-10,3404.888
1953-03-11,3736.338
1953-03-12,4027.32
1953-03-13,4294.764
1953-03-14,4442.683
1953-03-15,4098.761
1953-03-16,3634.846
1953-03-17,3298.706
1953-03-18,3168.78
1953-03-19,3188.65
1953-03-20,3293.548
1953-03-21,3688.625
1953-03-22,4076.607
1953-03-23,3858.67
1953-03-24,3550.763
1953-03-25,3426.91
1953-03-26,3455.31
1953-03-27,3575.173
1953-03-28,3638.378
1953-03-29,3582.631
1953-03-30,3426.265
1953-03-31,3277.707
1953-04-01,3447.234
1953-04-02,3698.236
1953-04-03,3588.015
1953-04-04,3462.626
1953-04-05,3669.715
1953-04-06,3960.438
1953-04-07,4020.649
1953-04-08,3876.47
1953-04-09,3682.872
1953-04-10,3534.75
1953-04-11,3682.819
1953-04-12,3755.211
1953-04-13,3820.84
1953-04-14,3951.305
1953-04-15,4024.266
1953-04-16,4260.106
1953-04-17,4488.614
1953-04-18,4753.784
1953-04-19,5190.28
1953-04-20,5338.457
1953-04-21,5364.878
1953-04-22,5535.848
1953-04-23,5426.365
1953-04-24,5261.823
1953-04-25,5206.731
1953-04-26,5056.832
1953-04-27,4770.139
1953-04-28,4390.659
1953-04-29,4094.302
1953-04-30,3971.782
1953-05-01,3948.499
1953-05-02,3988.265
1953-05-03,3853.286
1953-05-04,3735.055
1953-05-05,4113.986
1953-05-06,4443.769
1953-05-07,4033.007
1953-05-08,3714.886
1953-05-09,3679.548
1953-05-10,3702.642
1953-05-11,3792.719
1953-05-12,3852.528
1953-05-13,3793.583
1953-05-14,3795.939
1953-05-15,3819.735
1953-05-16,3703.036
1953-05-17,3549.037
1953-05-18,3506.495
1953-05-19,3475.109
1953-05-20,3468.465
1953-05-21,3588.729
1953-05-22,3817.732
1953-05-23,4048.68
1953-05-24,3903.036
1953-05-25,3588.056
1953-05-26,3335.144
1953-05-27,3036.644
1953-05-28,2808.097
1953-05-29,2620.37
1953-05-30,2541.63
1953-05-31,2488.724
1953-06-01,2440.743
1953-06-02,2449.331
1953-06-03,2496.698
1953-06-04,2536.546
1953-06-05,2599.758
1953-06-06,2673.097
1953-06-07,2593.332
1953-06-08,2360.195
1953-06-09,2203.053
1953-06-10,2154.711
1953-06-11,2113.338
1953-06-12,2030.073
1953-06-13,1883.112
1953-06-14,1738.294
1953-06-15,1654.156
1953-06-16,1575.717
1953-06-17,1488.964
1953-06-18,1419.155
1953-06-19,1364.858
1953-06-20,1319.969
1953-06-21,1284.63
1953-06-22,1258.727
1953-06-23,1232.879
1953-06-24,1186.45
1953-06-25,1122.308
1953-06-26,1073.253
1953-06-27,1044.21
1953-06-28,1050.442
1953-06-29,1073.317
1953-06-30,1036.868
1953-07-01,966.259
1953-07-02,914.9
1953-07-03,888.398
1953-07-04,902.938
1953-07-05,909.106
1953-07-06,887.705
1953-07-07,871.183
1953-07-08,853.375
1953-07-09,812.721
1953-07-10,755.323
1953-07-11,717.762
1953-07-12,739.918
1953-07-13,768.839
1953-07-14,775.27
1953-07-15,744.239
1953-07-16,683.637
1953-07-17,620.586
1953-07-18,571.19
1953-07-19,539.305
1953-07-20,519.852
1953-07-21,505.626
1953-07-22,493.14
1953-07-23,481.145
1953-07-24,469.46
1953-07-25,458.685
1953-07-26,449.182
1953-07-27,441.171
1953-07-28,432.493
1953-07-29,423.453
1953-07-30,416.005
1953-07-31,407.269
1953-08-01,400.272
1953-08-02,400.635
1953-08-03,396.876
1953-08-04,381.189
1953-08-05,365.011
1953-08-06,353.663
1953-08-07,344.232
1953-08-08,336.86
1953-08-09,328.778
1953-08-10,321.332
1953-08-11,317.525
1953-08-12,314.935
1953-08-13,319.452
1953-08-14,322.483
1953-08-15,310.542
1953-08-16,309.986
1953-08-17,308.49
1953-08-18,290.796
1953-08-19,273.572
1953-08-20,262.936
1953-08-21,256.061
1953-08-22,251.267
1953-08-23,247.732
1953-08-24,243.52
1953-08-25,239.375
1953-08-26,233.642
1953-08-27,227.289
1953-08-28,222.198
1953-08-29,217.983
1953-08-30,214.215
1953-08-31,211.68
1953-09-01,210.042
1953-09-02,210.198
1953-09-03,211.265
1953-09-04,209.655
1953-09-05,208.354
1953-09-06,202.457
1953-09-07,193.877
1953-09-08,186.869
1953-09-09,182.578
1953-09-10,179.758
1953-09-11,177.992
1953-09-12,178.99
1953-09-13,191.199
1953-09-14,203.518
1953-09-15,195.523
1953-09-16,185.383
1953-09-17,185.627
1953-09-18,203.432
1953-09-19,224.218
1953-09-20,220.836
1953-09-21,209.141
1953-09-22,205.237
1953-09-23,201.42
1953-09-24,199.027
1953-09-25,208.11
1953-09-26,233.871
1953-09-27,241.368
1953-09-28,299.929
1953-09-29,376.635
1953-09-30,413.786
1953-10-01,440.045
1953-10-02,457.257
1953-10-03,501.717
1953-10-04,542.21
1953-10-05,533.955
1953-10-06,488.254
1953-10-07,414.618
1953-10-08,317.536
1953-10-09,219.698
1953-10-10,160.775
1953-10-11,138.05
1953-10-12,136.727
1953-10-13,133.892
1953-10-14,128.118
1953-10-15,127.996
1953-10-16,133.835
1953-10-17,137.459
1953-10-18,141.38
1953-10-19,163.045
1953-10-20,208.425
1953-10-21,246.136
1953-10-22,261.446
1953-10-23,235.997
1953-10-24,232.185
1953-10-25,232.573
1953-10-26,241.283
1953-10-27,266.196
1953-10-28,314.443
1953-10-29,379.692
1953-10-30,448.807
1953-10-31,571.845
1953-11-01,703.389
1953-11-02,721.62
1953-11-03,804.625
1953-11-04,1014.667
1953-11-05,1126.975
1953-11-06,955.011
1953-11-07,749.058
1953-11-08,677.297
1953-11-09,804.475
1953-11-10,1117.461
1953-11-11,1289.079
1953-11-12,1328.949
1953-11-13,1356.06
1953-11-14,1560.185
1953-11-15,1797.076
1953-11-16,1674.273
1953-11-17,1519.985
1953-11-18,1655.376
1953-11-19,1727.059
1953-11-20,1501.458
1953-11-21,1365.062
1953-11-22,1460.434
1953-11-23,1645.446
1953-11-24,1673.367
1953-11-25,1518.296
1953-11-26,1379.164
1953-11-27,1392.887
1953-11-28,1563.196
1953-11-29,1826.905
1953-11-30,2032.527
1953-12-01,2065.257
1953-12-02,2144.154
1953-12-03,2293.555
1953-12-04,2445.811
1953-12-05,2267.152
1953-12-06,2035.636
1953-12-07,1984.568
1953-12-08,2015.606
1953-12-09,2058.696
1953-12-10,2274.455
1953-12-11,2495.3
1953-12-12,2613.707
1953-12-13,2558.08
1953-12-14,2482.992
1953-12-15,2488.48
1953-12-16,2521.092
1953-12-17,2485.737
1953-12-18,2448.917
1953-12-19,2301.885
1953-12-20,2178.635
1953-12-21,2106.391
1953-12-22,2159.732
1953-12-23,2242.273
1953-12-24,2397.59
1953-12-25,2492.139
1953-12-26,2549.952
1953-12-27,2553.937
1953-12-28,2614.185
1953-12-29,2763.935
1953-12-30,3076.097
1953-12-31,3507.728
1954-01-01,3790.742
1954-01-02,3830.444
1954-01-03,3679.077
1954-01-04,3391.763
1954-01-05,3207.808
1954-01-06,3116.516
1954-01-07,3052.678
1954-01-08,3035.07
1954-01-09,3073.373
1954-01-10,3021.352
1954-01-11,2820.987
1954-01-12,2515.558
1954-01-13,2288.488
1954-01-14,2196.56
1954-01-15,2196.478
1954-01-16,2297.086
1954-01-17,2385.697
1954-01-18,2370.514
1954-01-19,2331.356
1954-01-20,2353.347
1954-01-21,2325.822
1954-01-22,2118.9
1954-01-23,1905.738
1954-01-24,1748.921
1954-01-25,1714.004
1954-01-26,1710.816
1954-01-27,1676.593
1954-01-28,1627.84
1954-01-29,1616.01
1954-01-30,1684.438
1954-01-31,1705.902
1954-02-01,1740.671
1954-02-02,1754.422
1954-02-03,1721.55
1954-02-04,1677.92
1954-02-05,1672.932
1954-02-06,1692.111
1954-02-07,1761.08
1954-02-08,1912.135
1954-02-09,2037.789
1954-02-10,2001.025
1954-02-11,1849.603
1954-02-12,1806.11
1954-02-13,1836.75
1954-02-14,1737.977
1954-02-15,1638.382
1954-02-16,1673.552
1954-02-17,1798.782
1954-02-18,1906.235
1954-02-19,1872.512
1954-02-20,1636.56
1954-02-21,1403.329
1954-02-22,1304.009
1954-02-23,1340.054
1954-02-24,1454.064
1954-02-25,1555.711
1954-02-26,1657.405
1954-02-27,1714.48
1954-02-28,1614.836
1954-03-01,1469.049
1954-03-02,1406.154
1954-03-03,1362.543
1954-03-04,1346.233
1954-03-05,1380.066
1954-03-06,1756.08
1954-03-07,2078.127
1954-03-08,1832.449
1954-03-09,1678.664
1954-03-10,1898.508
1954-03-11,2078.004
1954-03-12,1866.512
1954-03-13,1733.922
1954-03-14,1775.551
1954-03-15,1729.903
1954-03-16,1652.04
1954-03-17,1658.272
1954-03-18,1639.045
1954-03-19,1661.578
1954-03-20,1792.135
1954-03-21,1957.619
1954-03-22,2096.734
1954-03-23,2070.958
1954-03-24,1906.322
1954-03-25,1790.714
1954-03-26,1689.255
1954-03-27,1593.381
1954-03-28,1527.67
1954-03-29,1548.816
1954-03-30,1711.179
1954-03-31,1799.777
1954-04-01,1789.788
1954-04-02,1802.455
1954-04-03,1848.792
1954-04-04,1805.278
1954-04-05,1756.895
1954-04-06,1724.585
1954-04-07,1827.498
1954-04-08,1941.748
1954-04-09,1910.305
1954-04-10,1876.673
1954-04-11,1881.343
1954-04-12,1926.582
1954-04-13,2074.91
1954-04-14,2226.915
1954-04-15,2240.405
1954-04-16,2263.308
1954-04-17,2369.968
1954-04-18,2372.343
1954-04-19,2339.048
1954-04-20,2445.194
1954-04-21,2708.082
1954-04-22,2890.22
1954-04-23,2765.993
1954-04-24,2515.709
1954-04-25,2398.225
1954-04-26,2335.348
1954-04-27,2279.615
1954-04-28,2251.466
1954-04-29,2278.042
1954-04-30,2371.749
1954-05-01,2458.407
1954-05-02,2537.172
1954-05-03,2719.294
1954-05-04,2755.973
1954-05-05,2468.89
1954-05-06,2211.324
1954-05-07,2004.01
1954-05-08,1865.079
1954-05-09,1799.064
1954-05-10,1974.952
1954-05-11,2200.87
1954-05-12,2131.368
1954-05-13,1998.029
1954-05-14,1928.499
1954-05-15,1964.398
1954-05-16,2019.81
1954-05-17,2263.35
1954-05-18,2623.357
1954-05-19,2372.598
1954-05-20,2125.363
1954-05-21,2021.998
1954-05-22,1984.852
1954-05-23,1962.671
1954-05-24,1985.965
1954-05-25,2033.728
1954-05-26,1999.421
1954-05-27,1916.21
1954-05-28,1847.546
1954-05-29,1824.982
1954-05-30,1858.809
1954-05-31,1801.862
1954-06-01,1629.535
1954-06-02,1461.527
1954-06-03,1297.5
1954-06-04,1171.567
1954-06-05,1107.242
1954-06-06,1090.375
1954-06-07,1059.032
1954-06-08,1027.501
1954-06-09,1031.768
1954-06-10,1066.724
1954-06-11,1068.47
1954-06-12,1041.363
1954-06-13,1029.211
1954-06-14,1282.225
1954-06-15,1513.876
1954-06-16,1181.268
1954-06-17,893.28
1954-06-18,787.266
1954-06-19,744.914
1954-06-20,720.839
1954-06-21,703.848
1954-06-22,698.482
1954-06-23,704.552
1954-06-24,716.725
1954-06-25,704.801
1954-06-26,660.545
1954-06-27,613.654
1954-06-28,581.238
1954-06-29,561.886
1954-06-30,547.407
1954-07-01,533.94
1954-07-02,521.878
1954-07-03,509.842
1954-07-04,497.706
1954-07-05,487.186
1954-07-06,475.334
1954-07-07,461.932
1954-07-08,449.345
1954-07-09,438.019
1954-07-10,427.855
1954-07-11,420.319
1954-07-12,415.032
1954-07-13,409.064
1954-07-14,397.982
1954-07-15,385.187
1954-07-16,373.514
1954-07-17,363.189
1954-07-18,354.362
1954-07-19,346.911
1954-07-20,341.733
1954-07-21,341.859
1954-07-22,339.683
1954-07-23,330.058
1954-07-24,319.078
1954-07-25,308.637
1954-07-26,301.0
1954-07-27,295.751
1954-07-28,288.715
1954-07-29,281.998
1954-07-30,279.751
1954-07-31,280.977
1954-08-01,279.928
1954-08-02,272.114
1954-08-03,262.005
1954-08-04,254.901
1954-08-05,249.467
1954-08-06,243.244
1954-08-07,239.432
1954-08-08,238.058
1954-08-09,236.832
1954-08-10,235.21
1954-08-11,230.385
1954-08-12,221.112
1954-08-13,215.582
1954-08-14,212.065
1954-08-15,208.739
1954-08-16,207.769
1954-08-17,205.8
1954-08-18,207.842
1954-08-19,212.206
1954-08-20,203.845
1954-08-21,192.933
1954-08-22,183.612
1954-08-23,177.372
1954-08-24,174.41
1954-08-25,173.962
1954-08-26,180.566
1954-08-27,192.748
1954-08-28,184.032
1954-08-29,177.836
1954-08-30,177.092
1954-08-31,169.423
1954-09-01,160.404
1954-09-02,158.454
1954-09-03,171.797
1954-09-04,201.79
1954-09-05,229.593
1954-09-06,227.084
1954-09-07,212.153
1954-09-08,190.174
1954-09-09,165.699
1954-09-10,154.405
1954-09-11,173.787
1954-09-12,216.785
1954-09-13,498.144
1954-09-14,740.351
1954-09-15,461.362
1954-09-16,249.061
1954-09-17,199.985
1954-09-18,189.555
1954-09-19,164.398
1954-09-20,159.355
1954-09-21,171.55
1954-09-22,174.842
1954-09-23,205.77
1954-09-24,239.699
1954-09-25,261.66
1954-09-26,291.66
1954-09-27,284.097
1954-09-28,225.662
1954-09-29,174.312
1954-09-30,136.528
1954-10-01,119.215
1954-10-02,120.176
1954-10-03,133.246
1954-10-04,148.891
1954-10-05,145.367
1954-10-06,133.277
1954-10-07,135.758
1954-10-08,161.252
1954-10-09,195.53
1954-10-10,209.682
1954-10-11,212.822
1954-10-12,202.755
1954-10-13,181.881
1954-10-14,180.765
1954-10-15,206.671
1954-10-16,264.534
1954-10-17,315.845
1954-10-18,333.642
1954-10-19,381.945
1954-10-20,414.601
1954-10-21,373.713
1954-10-22,285.016
1954-10-23,197.823
1954-10-24,152.03
1954-10-25,150.718
1954-10-26,163.318
1954-10-27,176.995
1954-10-28,182.796
1954-10-29,176.292
1954-10-30,174.762
1954-10-31,202.049
1954-11-01,305.156
1954-11-02,418.357
1954-11-03,472.841
1954-11-04,530.898
1954-11-05,597.939
1954-11-06,551.426
1954-11-07,461.539
1954-11-08,459.333
1954-11-09,527.057
1954-11-10,642.574
1954-11-11,763.075
1954-11-12,869.152
1954-11-13,948.438
1954-11-14,913.694
1954-11-15,760.384
1954-11-16,649.28
1954-11-17,647.401
1954-11-18,726.66
1954-11-19,768.705
1954-11-20,715.422
1954-11-21,732.415
1954-11-22,727.328
1954-11-23,600.561
1954-11-24,535.432
1954-11-25,583.002
1954-11-26,598.598
1954-11-27,505.091
1954-11-28,452.912
1954-11-29,481.442
1954-11-30,493.31
1954-12-01,455.664
1954-12-02,433.097
1954-12-03,439.413
1954-12-04,404.594
1954-12-05,307.253
1954-12-06,237.092
1954-12-07,253.866
1954-12-08,434.4
1954-12-09,470.528
1954-12-10,413.72
1954-12-11,380.388
1954-12-12,401.471
1954-12-13,475.114
1954-12-14,540.328
1954-12-15,615.638
1954-12-16,792.898
1954-12-17,931.12
1954-12-18,1001.583
1954-12-19,1120.428
1954-12-20,1185.253
1954-12-21,1114.227
1954-12-22,1047.774
1954-12-23,959.131
1954-12-24,849.835
1954-12-25,812.402
1954-12-26,934.626
1954-12-27,1080.235
1954-12-28,1111.462
1954-12-29,1102.4
1954-12-30,1017.901
1954-12-31,945.158
1955-01-01,870.388
1955-01-02,726.057
1955-01-03,622.425
1955-01-04,588.848
1955-01-05,579.989
1955-01-06,592.911
1955-01-07,646.097
1955-01-08,635.927
1955-01-09,549.819
1955-01-10,501.714
1955-01-11,523.65
1955-01-12,601.705
1955-01-13,686.446
1955-01-14,767.793
1955-01-15,801.395
1955-01-16,769.986
1955-01-17,703.922
1955-01-18,633.41
1955-01-19,645.458
1955-01-20,798.524
1955-01-21,890.225
1955-01-22,796.319
1955-01-23,724.238
1955-01-24,761.538
1955-01-25,839.378
1955-01-26,911.961
1955-01-27,918.872
1955-01-28,891.482
1955-01-29,804.028
1955-01-30,700.616
1955-01-31,716.519
1955-02-01,818.443
1955-02-02,848.318
1955-02-03,843.863
1955-02-04,901.4
1955-02-05,995.705
1955-02-06,1098.489
1955-02-07,1091.496
1955-02-08,1107.57
1955-02-09,1205.687
1955-02-10,1299.737
1955-02-11,1290.424
1955-02-12,1199.659
1955-02-13,1123.814
1955-02-14,1234.146
1955-02-15,1758.577
1955-02-16,2090.351
1955-02-17,1634.883
1955-02-18,1301.279
1955-02-19,1290.133
1955-02-20,1452.401
1955-02-21,1774.49
1955-02-22,2188.235
1955-02-23,2341.582
1955-02-24,1970.961
1955-02-25,1670.588
1955-02-26,1622.798
1955-02-27,1521.428
1955-02-28,1463.977
1955-03-01,1503.482
1955-03-02,1649.71
1955-03-03,1792.27
1955-03-04,1870.141
1955-03-05,1954.145
1955-03-06,1911.335
1955-03-07,1861.331
1955-03-08,1862.306
1955-03-09,1891.428
1955-03-10,1954.304
1955-03-11,2190.078
1955-03-12,2494.943
1955-03-13,2564.861
1955-03-14,2560.978
1955-03-15,2673.179
1955-03-16,2711.659
1955-03-17,2351.726
1955-03-18,2017.902
1955-03-19,2167.362
1955-03-20,2401.499
1955-03-21,2179.461
1955-03-22,1935.99
1955-03-23,1879.617
1955-03-24,1921.738
1955-03-25,1990.843
1955-03-26,2292.677
1955-03-27,2458.545
1955-03-28,2086.74
1955-03-29,1754.051
1955-03-30,1645.857
1955-03-31,1743.33
1955-04-01,1725.482
1955-04-02,1655.38
1955-04-03,1747.307
1955-04-04,1825.081
1955-04-05,1832.766
1955-04-06,1753.114
1955-04-07,1842.47
1955-04-08,1989.568
1955-04-09,1932.876
1955-04-10,1871.707
1955-04-11,1882.311
1955-04-12,1922.475
1955-04-13,1979.645
1955-04-14,1924.845
1955-04-15,1809.675
1955-04-16,1663.868
1955-04-17,1644.639
1955-04-18,1612.395
1955-04-19,1555.764
1955-04-20,1412.847
1955-04-21,1318.576
1955-04-22,1325.879
1955-04-23,1337.027
1955-04-24,1409.372
1955-04-25,1550.791
1955-04-26,1700.474
1955-04-27,1724.684
1955-04-28,1691.042
1955-04-29,1681.757
1955-04-30,1612.638
1955-05-01,1501.916
1955-05-02,1501.812
1955-05-03,1568.372
1955-05-04,1605.436
1955-05-05,1577.112
1955-05-06,1585.9
1955-05-07,1676.236
1955-05-08,1781.568
1955-05-09,1690.83
1955-05-10,1657.245
1955-05-11,1740.981
1955-05-12,1959.197
1955-05-13,2157.459
1955-05-14,2121.154
1955-05-15,2093.984
1955-05-16,2081.912
1955-05-17,2050.385
1955-05-18,1928.239
1955-05-19,1766.046
1955-05-20,1694.287
1955-05-21,1716.107
1955-05-22,1767.45
1955-05-23,1788.625
1955-05-24,1791.742
1955-05-25,1781.104
1955-05-26,1695.245
1955-05-27,1541.139
1955-05-28,1379.6
1955-05-29,1242.842
1955-05-30,1149.439
1955-05-31,1082.476
1955-06-01,1019.778
1955-06-02,968.542
1955-06-03,928.33
1955-06-04,892.536
1955-06-05,862.497
1955-06-06,844.443
1955-06-07,831.362
1955-06-08,813.42
1955-06-09,792.903
1955-06-10,750.231
1955-06-11,699.78
1955-06-12,666.217
1955-06-13,643.259
1955-06-14,621.67
1955-06-15,602.878
1955-06-16,590.808
1955-06-17,585.249
1955-06-18,580.83
1955-06-19,575.687
1955-06-20,594.007
1955-06-21,642.047
1955-06-22,662.735
1955-06-23,603.469
1955-06-24,515.1
1955-06-25,473.453
1955-06-26,463.121
1955-06-27,448.223
1955-06-28,424.293
1955-06-29,399.628
1955-06-30,382.39
1955-07-01,372.315
1955-07-02,368.02
1955-07-03,369.676
1955-07-04,367.66
1955-07-05,354.263
1955-07-06,337.678
1955-07-07,326.412
1955-07-08,319.544
1955-07-09,318.609
1955-07-10,326.01
1955-07-11,332.164
1955-07-12,332.468
1955-07-13,326.564
1955-07-14,321.82
1955-07-15,322.13
1955-07-16,310.148
1955-07-17,305.553
1955-07-18,328.721
1955-07-19,371.749
1955-07-20,399.215
1955-07-21,385.743
1955-07-22,350.193
1955-07-23,316.651
1955-07-24,304.968
1955-07-25,320.194
1955-07-26,340.64
1955-07-27,322.26
1955-07-28,274.897
1955-07-29,245.102
1955-07-30,237.209
1955-07-31,251.799
1955-08-01,274.093
1955-08-02,277.12
1955-08-03,280.111
1955-08-04,288.915
1955-08-05,292.832
1955-08-06,286.343
1955-08-07,275.725
1955-08-08,265.326
1955-08-09,242.712
1955-08-10,218.268
1955-08-11,199.826
1955-08-12,187.876
1955-08-13,184.835
1955-08-14,180.282
1955-08-15,172.082
1955-08-16,167.425
1955-08-17,166.436
1955-08-18,164.792
1955-08-19,178.718
1955-08-20,201.602
1955-08-21,218.92
1955-08-22,231.852
1955-08-23,212.155
1955-08-24,173.486
1955-08-25,150.659
1955-08-26,149.781
1955-08-27,172.626
1955-08-28,209.627
1955-08-29,214.388
1955-08-30,185.51
1955-08-31,157.058
1955-09-01,138.383
1955-09-02,127.737
1955-09-03,127.609
1955-09-04,134.532
1955-09-05,134.322
1955-09-06,138.292
1955-09-07,140.719
1955-09-08,139.645
1955-09-09,135.811
1955-09-10,132.868
1955-09-11,147.018
1955-09-12,179.58
1955-09-13,191.597
1955-09-14,183.595
1955-09-15,185.203
1955-09-16,205.455
1955-09-17,207.01
1955-09-18,182.828
1955-09-19,160.782
1955-09-20,188.4
1955-09-21,235.735
1955-09-22,303.245
1955-09-23,411.97
1955-09-24,527.88
1955-09-25,619.454
1955-09-26,614.757
1955-09-27,562.3
1955-09-28,535.169
1955-09-29,586.755
1955-09-30,605.963
1955-10-01,597.454
1955-10-02,596.575
1955-10-03,640.22
1955-10-04,746.416
1955-10-05,869.932
1955-10-06,878.589
1955-10-07,869.482
1955-10-08,905.718
1955-10-09,884.665
1955-10-10,819.013
1955-10-11,773.618
1955-10-12,720.819
1955-10-13,679.04
1955-10-14,627.92
1955-10-15,601.502
1955-10-16,621.032
1955-10-17,599.643
1955-10-18,521.578
1955-10-19,441.869
1955-10-20,414.932
1955-10-21,463.925
1955-10-22,531.85
1955-10-23,519.977
1955-10-24,444.727
1955-10-25,362.503
1955-10-26,323.1
1955-10-27,326.618
1955-10-28,408.251
1955-10-29,553.971
1955-10-30,615.501
1955-10-31,629.874
1955-11-01,608.518
1955-11-02,551.549
1955-11-03,549.598
1955-11-04,614.619
1955-11-05,692.032
1955-11-06,817.531
1955-11-07,935.214
1955-11-08,937.883
1955-11-09,884.333
1955-11-10,821.785
1955-11-11,762.124
1955-11-12,758.316
1955-11-13,827.705
1955-11-14,949.195
1955-11-15,1137.385
1955-11-16,1334.958
1955-11-17,1296.334
1955-11-18,1224.194
1955-11-19,1152.532
1955-11-20,1108.01
1955-11-21,1103.159
1955-11-22,1101.926
1955-11-23,1214.031
1955-11-24,1412.206
1955-11-25,1376.053
1955-11-26,1107.124
1955-11-27,849.08
1955-11-28,691.151
1955-11-29,644.163
1955-11-30,662.472
1955-12-01,650.909
1955-12-02,637.915
1955-12-03,602.888
1955-12-04,549.157
1955-12-05,537.632
1955-12-06,584.326
1955-12-07,667.75
1955-12-08,750.701
1955-12-09,740.485
1955-12-10,600.392
1955-12-11,463.043
1955-12-12,451.182
1955-12-13,518.188
1955-12-14,617.273
1955-12-15,703.697
1955-12-16,774.51
1955-12-17,764.26
1955-12-18,673.595
1955-12-19,561.044
1955-12-20,481.795
1955-12-21,489.654
1955-12-22,506.495
1955-12-23,616.947
1955-12-24,792.257
1955-12-25,1000.637
1955-12-26,1121.59
1955-12-27,1159.058
1955-12-28,1194.815
1955-12-29,1174.567
1955-12-30,1208.998
1955-12-31,1289.531
1956-01-01,1332.493
1956-01-02,1306.264
1956-01-03,1406.02
1956-01-04,1508.023
1956-01-05,1427.53
1956-01-06,1316.655
1956-01-07,1269.853
1956-01-08,1292.827
1956-01-09,1319.175
1956-01-10,1331.355
1956-01-11,1375.767
1956-01-12,1435.674
1956-01-13,1470.499
1956-01-14,1467.111
1956-01-15,1544.646
1956-01-16,1647.182
1956-01-17,1751.891
1956-01-18,1811.512
1956-01-19,1802.511
1956-01-20,1756.795
1956-01-21,1589.505
1956-01-22,1422.338
1956-01-23,1269.576
1956-01-24,1143.67
1956-01-25,1016.025
1956-01-26,955.213
1956-01-27,1041.15
1956-01-28,1139.305
1956-01-29,1251.257
1956-01-30,1368.511
1956-01-31,1485.319
1956-02-01,1515.685
1956-02-02,1563.088
1956-02-03,1528.722
1956-02-04,1428.805
1956-02-05,1422.801
1956-02-06,1508.467
1956-02-07,1592.35
1956-02-08,1587.781
1956-02-09,1537.205
1956-02-10,1550.425
1956-02-11,1563.949
1956-02-12,1573.764
1956-02-13,1582.534
1956-02-14,1599.448
1956-02-15,1656.76
1956-02-16,1753.335
1956-02-17,1801.077
1956-02-18,1678.056
1956-02-19,1502.108
1956-02-20,1372.899
1956-02-21,1291.303
1956-02-22,1238.545
1956-02-23,1218.353
1956-02-24,1207.004
1956-02-25,1189.11
1956-02-26,1182.81
1956-02-27,1223.71
1956-02-28,1281.225
1956-02-29,1313.42
1956-03-01,1570.579
1956-03-02,1879.692
1956-03-03,1684.619
1956-03-04,1477.695
1956-03-05,1400.082
1956-03-06,1389.388
1956-03-07,1408.046
1956-03-08,1376.086
1956-03-09,1303.853
1956-03-10,1224.309
1956-03-11,1244.507
1956-03-12,1347.308
1956-03-13,1178.898
1956-03-14,1053.58
1956-03-15,919.428
1956-03-16,848.974
1956-03-17,918.63
1956-03-18,1107.487
1956-03-19,1261.862
1956-03-20,1207.413
1956-03-21,998.341
1956-03-22,850.661
1956-03-23,786.574
1956-03-24,770.099
1956-03-25,832.039
1956-03-26,931.852
1956-03-27,937.7
1956-03-28,871.297
1956-03-29,866.303
1956-03-30,869.959
1956-03-31,892.148
1956-04-01,972.132
1956-04-02,1061.044
1956-04-03,1182.389
1956-04-04,1351.516
1956-04-05,1348.229
1956-04-06,1261.707
1956-04-07,1241.476
1956-04-08,1231.413
1956-04-09,1342.015
1956-04-10,1500.259
1956-04-11,1521.435
1956-04-12,1562.162
1956-04-13,1582.796
1956-04-14,1589.696
1956-04-15,1721.493
1956-04-16,1930.682
1956-04-17,2044.641
1956-04-18,2181.323
1956-04-19,2162.246
1956-04-20,2198.092
1956-04-21,2156.63
1956-04-22,2088.525
1956-04-23,2033.354
1956-04-24,1968.164
1956-04-25,2047.165
1956-04-26,2186.746
1956-04-27,2242.485
1956-04-28,2409.43
1956-04-29,2708.892
1956-04-30,2955.077
1956-05-01,3003.412
1956-05-02,2893.422
1956-05-03,2785.98
1956-05-04,2771.109
1956-05-05,2827.87
1956-05-06,2814.368
1956-05-07,2752.08
1956-05-08,2765.978
1956-05-09,2874.418
1956-05-10,2903.12
1956-05-11,2812.431
1956-05-12,2643.987
1956-05-13,2534.16
1956-05-14,2514.563
1956-05-15,2467.85
1956-05-16,2441.796
1956-05-17,2410.38
1956-05-18,2464.263
1956-05-19,2519.042
1956-05-20,2459.272
1956-05-21,2325.408
1956-05-22,2243.253
1956-05-23,2205.417
1956-05-24,2236.291
1956-05-25,2315.118
1956-05-26,2345.647
1956-05-27,2391.018
1956-05-28,2554.307
1956-05-29,2771.608
1956-05-30,2792.915
1956-05-31,2745.658
1956-06-01,2666.431
1956-06-02,2558.234
1956-06-03,2442.188
1956-06-04,2284.824
1956-06-05,2051.718
1956-06-06,1851.887
1956-06-07,1727.855
1956-06-08,1659.635
1956-06-09,1687.314
1956-06-10,1760.382
1956-06-11,1782.893
1956-06-12,1710.003
1956-06-13,1538.268
1956-06-14,1347.378
1956-06-15,1208.087
1956-06-16,1134.846
1956-06-17,1096.892
1956-06-18,1067.623
1956-06-19,1036.402
1956-06-20,997.905
1956-06-21,952.977
1956-06-22,907.188
1956-06-23,870.297
1956-06-24,842.386
1956-06-25,822.243
1956-06-26,811.571
1956-06-27,820.282
1956-06-28,838.468
1956-06-29,847.16
1956-06-30,832.253
1956-07-01,771.576
1956-07-02,698.097
1956-07-03,644.366
1956-07-04,613.35
1956-07-05,591.95
1956-07-06,573.411
1956-07-07,556.458
1956-07-08,540.717
1956-07-09,532.998
1956-07-10,524.598
1956-07-11,502.707
1956-07-12,483.211
1956-07-13,469.88
1956-07-14,456.676
1956-07-15,441.79
1956-07-16,427.851
1956-07-17,415.475
1956-07-18,403.963
1956-07-19,393.168
1956-07-20,382.986
1956-07-21,373.627
1956-07-22,365.342
1956-07-23,358.047
1956-07-24,353.855
1956-07-25,350.259
1956-07-26,340.66
1956-07-27,327.684
1956-07-28,318.058
1956-07-29,308.85
1956-07-30,299.818
1956-07-31,292.647
1956-08-01,288.478
1956-08-02,284.243
1956-08-03,279.056
1956-08-04,273.774
1956-08-05,267.386
1956-08-06,259.759
1956-08-07,250.566
1956-08-08,243.184
1956-08-09,237.875
1956-08-10,234.129
1956-08-11,230.911
1956-08-12,227.44
1956-08-13,223.673
1956-08-14,222.798
1956-08-15,222.982
1956-08-16,218.646
1956-08-17,221.815
1956-08-18,222.178
1956-08-19,215.148
1956-08-20,218.3
1956-08-21,217.046
1956-08-22,205.876
1956-08-23,198.844
1956-08-24,203.407
1956-08-25,220.305
1956-08-26,242.42
1956-08-27,278.993
1956-08-28,325.04
1956-08-29,335.721
1956-08-30,301.795
1956-08-31,261.855
1956-09-01,225.69
1956-09-02,208.441
1956-09-03,220.618
1956-09-04,230.792
1956-09-05,218.272
1956-09-06,216.759
1956-09-07,222.095
1956-09-08,214.513
1956-09-09,218.67
1956-09-10,261.255
1956-09-11,338.128
1956-09-12,458.87
1956-09-13,552.399
1956-09-14,634.468
1956-09-15,724.479
1956-09-16,571.87
1956-09-17,373.62
1956-09-18,292.649
1956-09-19,262.359
1956-09-20,227.321
1956-09-21,240.627
1956-09-22,331.142
1956-09-23,401.943
1956-09-24,404.769
1956-09-25,374.449
1956-09-26,336.518
1956-09-27,300.986
1956-09-28,239.327
1956-09-29,187.367
1956-09-30,173.276
1956-10-01,170.01
1956-10-02,191.05
1956-10-03,217.832
1956-10-04,232.458
1956-10-05,253.676
1956-10-06,279.791
1956-10-07,335.184
1956-10-08,374.884
1956-10-09,345.514
1956-10-10,281.772
1956-10-11,213.116
1956-10-12,182.23
1956-10-13,205.745
1956-10-14,260.324
1956-10-15,299.874
1956-10-16,297.642
1956-10-17,266.103
1956-10-18,240.72
1956-10-19,234.9
1956-10-20,250.379
1956-10-21,276.292
1956-10-22,310.977
1956-10-23,337.749
1956-10-24,337.793
1956-10-25,328.753
1956-10-26,346.6
1956-10-27,389.25
1956-10-28,400.922
1956-10-29,385.678
1956-10-30,369.678
1956-10-31,326.834
1956-11-01,322.324
1956-11-02,347.107
1956-11-03,390.746
1956-11-04,425.453
1956-11-05,446.341
1956-11-06,512.612
1956-11-07,635.731
1956-11-08,769.05
1956-11-09,997.865
1956-11-10,1264.669
1956-11-11,1280.584
1956-11-12,1098.367
1956-11-13,937.151
1956-11-14,908.661
1956-11-15,874.853
1956-11-16,845.419
1956-11-17,1112.816
1956-11-18,1412.981
1956-11-19,1329.134
1956-11-20,1226.144
1956-11-21,1097.083
1956-11-22,887.11
1956-11-23,750.039
1956-11-24,689.572
1956-11-25,653.426
1956-11-26,655.142
1956-11-27,667.808
1956-11-28,687.558
1956-11-29,660.204
1956-11-30,579.346
1956-12-01,572.453
1956-12-02,625.222
1956-12-03,623.073
1956-12-04,616.425
1956-12-05,572.196
1956-12-06,547.966
1956-12-07,564.031
1956-12-08,625.205
1956-12-09,774.217
1956-12-10,954.044
1956-12-11,1057.601
1956-12-12,1028.903
1956-12-13,974.485
1956-12-14,869.432
1956-12-15,792.501
1956-12-16,813.533
1956-12-17,911.173
1956-12-18,985.643
1956-12-19,956.476
1956-12-20,901.602
1956-12-21,859.825
1956-12-22,860.987
1956-12-23,963.818
1956-12-24,1065.337
1956-12-25,1081.485
1956-12-26,1032.899
1956-12-27,969.874
1956-12-28,945.721
1956-12-29,914.461
1956-12-30,861.606
1956-12-31,811.061
1957-01-01,781.392
1957-01-02,760.826
1957-01-03,778.585
1957-01-04,808.101
1957-01-05,867.622
1957-01-06,990.031
1957-01-07,948.446
1957-01-08,904.863
1957-01-09,930.762
1957-01-10,957.117
1957-01-11,998.732
1957-01-12,1056.351
1957-01-13,1261.649
1957-01-14,1459.957
1957-01-15,1380.07
1957-01-16,1305.701
1957-01-17,1409.878
1957-01-18,1392.158
1957-01-19,1257.447
1957-01-20,1218.346
1957-01-21,1292.527
1957-01-22,1437.258
1957-01-23,1559.835
1957-01-24,1703.32
1957-01-25,1853.047
1957-01-26,1839.525
1957-01-27,1712.306
1957-01-28,1588.064
1957-01-29,1538.98
1957-01-30,1575.204
1957-01-31,1683.769
1957-02-01,1790.005
1957-02-02,1780.819
1957-02-03,1705.506
1957-02-04,1785.929
1957-02-05,1980.34
1957-02-06,2074.971
1957-02-07,1874.334
1957-02-08,1742.791
1957-02-09,1862.717
1957-02-10,2051.577
1957-02-11,1893.599
1957-02-12,1612.095
1957-02-13,1605.863
1957-02-14,1921.805
1957-02-15,2265.705
1957-02-16,2439.846
1957-02-17,2087.789
1957-02-18,1601.502
1957-02-19,1358.469
1957-02-20,1310.643
1957-02-21,1569.279
1957-02-22,1915.327
1957-02-23,1862.81
1957-02-24,1749.6
1957-02-25,1661.154
1957-02-26,1617.645
1957-02-27,1570.049
1957-02-28,1433.84
1957-03-01,1359.755
1957-03-02,1371.148
1957-03-03,1712.7
1957-03-04,1987.781
1957-03-05,1902.929
1957-03-06,2036.365
1957-03-07,2581.295
1957-03-08,3405.059
1957-03-09,4254.994
1957-03-10,4352.447
1957-03-11,3761.252
1957-03-12,3019.364
1957-03-13,2681.01
1957-03-14,2675.954
1957-03-15,3135.531
1957-03-16,3674.34
1957-03-17,3774.862
1957-03-18,3649.115
1957-03-19,3399.099
1957-03-20,3260.354
1957-03-21,3094.148
1957-03-22,2964.149
1957-03-23,2887.856
1957-03-24,3021.08
1957-03-25,2990.067
1957-03-26,3116.994
1957-03-27,3466.73
1957-03-28,3208.17
1957-03-29,2984.502
1957-03-30,2832.858
1957-03-31,2977.673
1957-04-01,3192.148
1957-04-02,3137.523
1957-04-03,2905.562
1957-04-04,2680.049
1957-04-05,2643.407
1957-04-06,2788.109
1957-04-07,2864.811
1957-04-08,2962.717
1957-04-09,3076.625
1957-04-10,3091.342
1957-04-11,2949.618
1957-04-12,2923.971
1957-04-13,3155.633
1957-04-14,3345.859
1957-04-15,3340.912
1957-04-16,3401.749
1957-04-17,3551.616
1957-04-18,3584.082
1957-04-19,3247.714
1957-04-20,2901.979
1957-04-21,2615.409
1957-04-22,2488.624
1957-04-23,2559.539
1957-04-24,2870.77
1957-04-25,3246.011
1957-04-26,3378.519
1957-04-27,3353.987
1957-04-28,3673.365
1957-04-29,4073.97
1957-04-30,4188.652
1957-05-01,4426.502
1957-05-02,4302.302
1957-05-03,3598.615
1957-05-04,3138.485
1957-05-05,3155.722
1957-05-06,3338.585
1957-05-07,3669.307
1957-05-08,4451.775
1957-05-09,4765.142
1957-05-10,4133.398
1957-05-11,3504.179
1957-05-12,3183.32
1957-05-13,2979.502
1957-05-14,2786.284
1957-05-15,2693.994
1957-05-16,2664.23
1957-05-17,2725.513
1957-05-18,2807.732
1957-05-19,2753.729
1957-05-20,2721.568
1957-05-21,2544.122
1957-05-22,2357.104
1957-05-23,2225.977
1957-05-24,2122.337
1957-05-25,2058.925
1957-05-26,2016.055
1957-05-27,2101.456
1957-05-28,2181.299
1957-05-29,2066.487
1957-05-30,1976.72
1957-05-31,1979.117
1957-06-01,1902.502
1957-06-02,1901.535
1957-06-03,2023.378
1957-06-04,2161.721
1957-06-05,2224.513
1957-06-06,2214.446
1957-06-07,2289.9
1957-06-08,2403.34
1957-06-09,2309.527
1957-06-10,2067.535
1957-06-11,1950.138
1957-06-12,1958.984
1957-06-13,1989.659
1957-06-14,1981.132
1957-06-15,2156.472
1957-06-16,2499.264
1957-06-17,2747.941
1957-06-18,2240.788
1957-06-19,1605.379
1957-06-20,1304.107
1957-06-21,1191.361
1957-06-22,1144.644
1957-06-23,1114.195
1957-06-24,1093.394
1957-06-25,1099.956
1957-06-26,1125.053
1957-06-27,1171.262
1957-06-28,1184.98
1957-06-29,1175.635
1957-06-30,1116.044
1957-07-01,1047.536
1957-07-02,989.836
1957-07-03,986.903
1957-07-04,1033.275
1957-07-05,1084.414
1957-07-06,1136.492
1957-07-07,1183.594
1957-07-08,1188.827
1957-07-09,1096.885
1957-07-10,911.207
1957-07-11,750.932
1957-07-12,671.446
1957-07-13,638.36
1957-07-14,620.125
1957-07-15,605.312
1957-07-16,590.942
1957-07-17,577.1
1957-07-18,563.741
1957-07-19,550.388
1957-07-20,536.977
1957-07-21,524.148
1957-07-22,512.506
1957-07-23,500.91
1957-07-24,489.304
1957-07-25,477.881
1957-07-26,466.287
1957-07-27,455.922
1957-07-28,449.081
1957-07-29,444.889
1957-07-30,442.78
1957-07-31,432.96
1957-08-01,418.062
1957-08-02,406.455
1957-08-03,399.295
1957-08-04,396.713
1957-08-05,394.565
1957-08-06,376.928
1957-08-07,359.888
1957-08-08,356.58
1957-08-09,375.192
1957-08-10,401.367
1957-08-11,424.951
1957-08-12,458.314
1957-08-13,466.551
1957-08-14,437.746
1957-08-15,391.001
1957-08-16,351.292
1957-08-17,348.18
1957-08-18,382.393
1957-08-19,384.083
1957-08-20,367.528
1957-08-21,360.204
1957-08-22,325.894
1957-08-23,280.457
1957-08-24,256.696
1957-08-25,248.392
1957-08-26,243.836
1957-08-27,240.718
1957-08-28,247.732
1957-08-29,254.29
1957-08-30,249.182
1957-08-31,238.201
1957-09-01,224.25
1957-09-02,215.881
1957-09-03,210.92
1957-09-04,206.582
1957-09-05,204.997
1957-09-06,203.837
1957-09-07,199.789
1957-09-08,194.157
1957-09-09,188.844
1957-09-10,186.628
1957-09-11,187.229
1957-09-12,185.482
1957-09-13,182.5
1957-09-14,183.237
1957-09-15,186.152
1957-09-16,190.695
1957-09-17,190.41
1957-09-18,184.337
1957-09-19,174.742
1957-09-20,163.219
1957-09-21,155.49
1957-09-22,152.285
1957-09-23,151.043
1957-09-24,148.104
1957-09-25,145.715
1957-09-26,146.606
1957-09-27,147.665
1957-09-28,144.871
1957-09-29,142.167
1957-09-30,138.984
1957-10-01,137.643
1957-10-02,137.914
1957-10-03,136.005
1957-10-04,138.933
1957-10-05,147.871
1957-10-06,147.856
1957-10-07,141.33
1957-10-08,139.453
1957-10-09,141.429
1957-10-10,137.845
1957-10-11,152.856
1957-10-12,206.693
1957-10-13,309.754
1957-10-14,441.037
1957-10-15,535.652
1957-10-16,515.851
1957-10-17,401.967
1957-10-18,295.78
1957-10-19,285.39
1957-10-20,397.332
1957-10-21,571.314
1957-10-22,660.22
1957-10-23,572.309
1957-10-24,393.451
1957-10-25,268.005
1957-10-26,210.83
1957-10-27,200.322
1957-10-28,262.907
1957-10-29,384.021
1957-10-30,481.966
1957-10-31,573.905
1957-11-01,598.654
1957-11-02,592.212
1957-11-03,556.579
1957-11-04,559.627
1957-11-05,581.955
1957-11-06,629.95
1957-11-07,719.995
1957-11-08,773.198
1957-11-09,844.844
1957-11-10,1044.175
1957-11-11,1158.08
1957-11-12,1111.134
1957-11-13,1059.923
1957-11-14,1069.339
1957-11-15,1100.272
1957-11-16,1074.097
1957-11-17,934.191
1957-11-18,840.272
1957-11-19,806.701
1957-11-20,728.932
1957-11-21,611.602
1957-11-22,565.756
1957-11-23,674.185
1957-11-24,832.482
1957-11-25,945.424
1957-11-26,996.063
1957-11-27,1008.762
1957-11-28,1099.369
1957-11-29,1079.413
1957-11-30,899.008
1957-12-01,798.35
1957-12-02,690.253
1957-12-03,627.679
1957-12-04,654.465
1957-12-05,718.206
1957-12-06,768.668
1957-12-07,744.184
1957-12-08,810.29
1957-12-09,937.881
1957-12-10,1103.043
1957-12-11,1280.461
1957-12-12,1396.638
1957-12-13,1425.397
1957-12-14,1537.937
1957-12-15,1740.632
1957-12-16,1697.103
1957-12-17,1465.765
1957-12-18,1351.948
1957-12-19,1334.168
1957-12-20,1375.526
1957-12-21,1452.535
1957-12-22,1396.301
1957-12-23,1365.934
1957-12-24,1474.518
1957-12-25,1665.365
1957-12-26,1720.897
1957-12-27,1660.029
1957-12-28,1650.602
1957-12-29,1675.313
1957-12-30,1623.139
1957-12-31,1468.834
1958-01-01,1283.645
1958-01-02,1237.881
1958-01-03,1660.645
1958-01-04,2113.372
1958-01-05,1801.059
1958-01-06,1520.209
1958-01-07,1486.32
1958-01-08,1467.097
1958-01-09,1398.791
1958-01-10,1293.323
1958-01-11,1314.882
1958-01-12,1425.952
1958-01-13,1539.426
1958-01-14,1578.642
1958-01-15,1681.615
1958-01-16,1840.089
1958-01-17,1948.482
1958-01-18,1930.22
1958-01-19,1905.09
1958-01-20,1790.666
1958-01-21,1634.07
1958-01-22,1487.824
1958-01-23,1416.633
1958-01-24,1426.812
1958-01-25,1414.29
1958-01-26,1445.219
1958-01-27,1419.589
1958-01-28,1276.664
1958-01-29,1178.728
1958-01-30,1116.792
1958-01-31,1056.548
1958-02-01,1019.361
1958-02-02,1069.1
1958-02-03,1146.237
1958-02-04,1211.783
1958-02-05,1263.346
1958-02-06,1356.972
1958-02-07,1388.942
1958-02-08,1400.978
1958-02-09,1365.574
1958-02-10,1328.009
1958-02-11,1363.465
1958-02-12,1475.516
1958-02-13,1553.092
1958-02-14,1499.353
1958-02-15,1492.219
1958-02-16,1504.463
1958-02-17,1515.603
1958-02-18,1518.755
1958-02-19,1533.286
1958-02-20,1557.453
1958-02-21,1452.762
1958-02-22,1360.247
1958-02-23,1412.592
1958-02-24,1570.411
1958-02-25,1767.613
1958-02-26,1992.255
1958-02-27,2225.829
1958-02-28,2404.209
1958-03-01,2085.661
1958-03-02,1768.405
1958-03-03,1565.466
1958-03-04,1401.331
1958-03-05,1284.501
1958-03-06,1208.043
1958-03-07,1196.473
1958-03-08,1270.609
1958-03-09,1420.568
1958-03-10,1594.605
1958-03-11,1657.564
1958-03-12,1550.318
1958-03-13,1446.238
1958-03-14,1695.739
1958-03-15,1974.946
1958-03-16,1884.013
1958-03-17,1862.626
1958-03-18,1426.738
1958-03-19,1116.812
1958-03-20,1048.25
1958-03-21,1070.383
1958-03-22,1107.428
1958-03-23,1109.169
1958-03-24,1017.15
1958-03-25,999.399
1958-03-26,1011.77
1958-03-27,984.622
1958-03-28,955.606
1958-03-29,938.848
1958-03-30,1032.725
1958-03-31,1306.735
1958-04-01,1737.48
1958-04-02,2017.312
1958-04-03,1767.482
1958-04-04,1589.192
1958-04-05,1493.017
1958-04-06,1363.935
1958-04-07,1234.915
1958-04-08,1208.261
1958-04-09,1309.215
1958-04-10,1390.342
1958-04-11,1323.339
1958-04-12,1211.269
1958-04-13,1150.781
1958-04-14,1094.15
1958-04-15,1062.5
1958-04-16,1047.525
1958-04-17,1023.631
1958-04-18,999.115
1958-04-19,944.814
1958-04-20,931.93
1958-04-21,949.678
1958-04-22,1018.949
1958-04-23,1054.611
1958-04-24,1173.244
1958-04-25,1269.641
1958-04-26,1307.968
1958-04-27,1346.957
1958-04-28,1282.143
1958-04-29,1095.67
1958-04-30,1017.402
1958-05-01,1082.099
1958-05-02,1238.006
1958-05-03,1537.175
1958-05-04,1759.967
1958-05-05,1776.073
1958-05-06,1849.192
1958-05-07,2169.642
1958-05-08,2412.829
1958-05-09,2238.531
1958-05-10,2119.768
1958-05-11,2171.541
1958-05-12,2323.32
1958-05-13,2452.301
1958-05-14,2438.749
1958-05-15,2443.516
1958-05-16,2503.89
1958-05-17,2516.907
1958-05-18,2549.367
1958-05-19,2331.838
1958-05-20,2014.087
1958-05-21,1809.655
1958-05-22,1872.556
1958-05-23,2096.176
1958-05-24,2401.561
1958-05-25,2872.243
1958-05-26,2889.34
1958-05-27,2599.355
1958-05-28,2280.893
1958-05-29,2090.515
1958-05-30,1872.745
1958-05-31,1602.415
1958-06-01,1416.636
1958-06-02,1287.576
1958-06-03,1172.86
1958-06-04,1085.41
1958-06-05,1024.218
1958-06-06,974.285
1958-06-07,928.727
1958-06-08,887.741
1958-06-09,850.455
1958-06-10,813.687
1958-06-11,777.271
1958-06-12,740.972
1958-06-13,706.172
1958-06-14,674.618
1958-06-15,646.438
1958-06-16,622.995
1958-06-17,607.064
1958-06-18,593.818
1958-06-19,572.743
1958-06-20,549.041
1958-06-21,526.545
1958-06-22,503.568
1958-06-23,481.757
1958-06-24,465.42
1958-06-25,455.116
1958-06-26,441.428
1958-06-27,423.735
1958-06-28,408.828
1958-06-29,399.418
1958-06-30,395.43
1958-07-01,396.673
1958-07-02,390.582
1958-07-03,372.542
1958-07-04,359.296
1958-07-05,367.998
1958-07-06,375.855
1958-07-07,357.841
1958-07-08,334.927
1958-07-09,332.731
1958-07-10,347.446
1958-07-11,364.885
1958-07-12,370.537
1958-07-13,351.912
1958-07-14,320.208
1958-07-15,297.755
1958-07-16,288.505
1958-07-17,289.152
1958-07-18,283.827
1958-07-19,268.405
1958-07-20,257.302
1958-07-21,257.287
1958-07-22,268.073
1958-07-23,256.906
1958-07-24,236.106
1958-07-25,233.369
1958-07-26,244.67
1958-07-27,256.6
1958-07-28,305.981
1958-07-29,371.147
1958-07-30,393.708
1958-07-31,372.005
1958-08-01,315.214
1958-08-02,248.368
1958-08-03,206.308
1958-08-04,187.843
1958-08-05,180.494
1958-08-06,179.322
1958-08-07,181.244
1958-08-08,180.099
1958-08-09,177.463
1958-08-10,178.408
1958-08-11,185.382
1958-08-12,194.897
1958-08-13,227.621
1958-08-14,248.985
1958-08-15,241.53
1958-08-16,221.61
1958-08-17,228.876
1958-08-18,268.996
1958-08-19,316.208
1958-08-20,360.982
1958-08-21,402.965
1958-08-22,485.022
1958-08-23,541.902
1958-08-24,509.449
1958-08-25,414.022
1958-08-26,312.76
1958-08-27,236.312
1958-08-28,199.669
1958-08-29,185.764
1958-08-30,172.21
1958-08-31,172.165
1958-09-01,192.936
1958-09-02,200.029
1958-09-03,190.149
1958-09-04,193.55
1958-09-05,193.55
1958-09-06,176.229
1958-09-07,166.997
1958-09-08,170.657
1958-09-09,180.824
1958-09-10,215.899
1958-09-11,244.755
1958-09-12,250.624
1958-09-13,252.88
1958-09-14,227.049
1958-09-15,233.121
1958-09-16,280.512
1958-09-17,365.292
1958-09-18,438.581
1958-09-19,407.548
1958-09-20,323.652
1958-09-21,225.06
1958-09-22,160.042
1958-09-23,140.148
1958-09-24,189.087
1958-09-25,256.157
1958-09-26,304.663
1958-09-27,377.372
1958-09-28,464.625
1958-09-29,483.038
1958-09-30,449.659
1958-10-01,393.592
1958-10-02,308.808
1958-10-03,231.781
1958-10-04,182.575
1958-10-05,189.76
1958-10-06,228.891
1958-10-07,280.686
1958-10-08,330.312
1958-10-09,407.288
1958-10-10,425.148
1958-10-11,288.075
1958-10-12,188.6
1958-10-13,160.297
1958-10-14,162.04
1958-10-15,172.186
1958-10-16,197.137
1958-10-17,223.766
1958-10-18,245.501
1958-10-19,285.141
1958-10-20,478.888
1958-10-21,709.432
1958-10-22,643.508
1958-10-23,589.35
1958-10-24,659.475
1958-10-25,754.435
1958-10-26,808.544
1958-10-27,902.608
1958-10-28,970.823
1958-10-29,893.372
1958-10-30,803.405
1958-10-31,674.179
1958-11-01,465.061
1958-11-02,306.427
1958-11-03,240.052
1958-11-04,218.657
1958-11-05,217.257
1958-11-06,227.635
1958-11-07,279.642
1958-11-08,302.005
1958-11-09,229.739
1958-11-10,193.358
1958-11-11,190.229
1958-11-12,185.109
1958-11-13,188.945
1958-11-14,204.877
1958-11-15,218.09
1958-11-16,215.177
1958-11-17,233.941
1958-11-18,245.86
1958-11-19,309.077
1958-11-20,433.595
1958-11-21,488.384
1958-11-22,476.32
1958-11-23,493.863
1958-11-24,543.525
1958-11-25,597.439
1958-11-26,658.283
1958-11-27,795.213
1958-11-28,947.09
1958-11-29,1016.571
1958-11-30,1012.505
1958-12-01,979.354
1958-12-02,995.416
1958-12-03,1055.098
1958-12-04,1018.315
1958-12-05,875.162
1958-12-06,968.208
1958-12-07,1151.05
1958-12-08,1246.98
1958-12-09,1332.942
1958-12-10,1395.22
1958-12-11,1487.175
1958-12-12,1565.495
1958-12-13,1495.826
1958-12-14,1352.736
1958-12-15,1307.942
1958-12-16,1325.089
1958-12-17,1286.038
1958-12-18,1215.787
1958-12-19,1218.847
1958-12-20,1278.095
1958-12-21,1379.057
1958-12-22,1241.274
1958-12-23,1069.94
1958-12-24,1058.923
1958-12-25,1197.566
1958-12-26,1384.422
1958-12-27,1427.693
1958-12-28,1467.844
1958-12-29,1596.367
1958-12-30,1585.409
1958-12-31,1404.812
1959-01-01,1288.624
1959-01-02,1276.009
1959-01-03,1411.438
1959-01-04,1778.136
1959-01-05,2039.095
1959-01-06,1748.012
1959-01-07,1501.798
1959-01-08,1477.117
1959-01-09,1457.82
1959-01-10,1375.48
1959-01-11,1241.418
1959-01-12,1150.643
1959-01-13,1113.938
1959-01-14,1114.221
1959-01-15,1099.545
1959-01-16,1057.398
1959-01-17,1047.127
1959-01-18,1081.51
1959-01-19,1084.774
1959-01-20,1048.673
1959-01-21,1010.08
1959-01-22,1029.018
1959-01-23,1098.67
1959-01-24,1119.841
1959-01-25,1043.522
1959-01-26,950.311
1959-01-27,907.96
1959-01-28,931.091
1959-01-29,985.978
1959-01-30,1119.905
1959-01-31,1267.575
1959-02-01,1267.511
1959-02-02,1162.986
1959-02-03,1070.249
1959-02-04,1001.718
1959-02-05,1021.363
1959-02-06,1111.925
1959-02-07,1297.852
1959-02-08,1532.297
1959-02-09,1837.594
1959-02-10,2036.459
1959-02-11,1829.156
1959-02-12,1478.17
1959-02-13,1221.107
1959-02-14,1180.616
1959-02-15,1233.518
1959-02-16,1289.395
1959-02-17,1301.368
1959-02-18,1247.25
1959-02-19,1202.354
1959-02-20,1250.431
1959-02-21,1387.563
1959-02-22,1420.125
1959-02-23,1319.708
1959-02-24,1259.565
1959-02-25,1294.87
1959-02-26,1372.645
1959-02-27,1416.124
1959-02-28,1407.19
1959-03-01,1510.008
1959-03-02,1704.023
1959-03-03,1684.653
1959-03-04,1499.2
1959-03-05,1396.169
1959-03-06,1360.067
1959-03-07,1382.74
1959-03-08,1511.512
1959-03-09,1627.878
1959-03-10,1771.102
1959-03-11,1970.875
1959-03-12,2294.043
1959-03-13,2632.972
1959-03-14,2724.385
1959-03-15,2453.252
1959-03-16,2090.062
1959-03-17,1872.358
1959-03-18,1813.98
1959-03-19,1738.079
1959-03-20,1666.916
1959-03-21,1692.146
1959-03-22,1795.222
1959-03-23,1822.91
1959-03-24,1673.445
1959-03-25,1455.282
1959-03-26,1314.274
1959-03-27,1249.463
1959-03-28,1243.922
1959-03-29,1223.94
1959-03-30,1241.908
1959-03-31,1205.398
1959-04-01,1384.178
1959-04-02,1567.819
1959-04-03,1466.681
1959-04-04,1309.867
1959-04-05,1252.209
1959-04-06,1243.152
1959-04-07,1291.102
1959-04-08,1342.2
1959-04-09,1352.922
1959-04-10,1373.562
1959-04-11,1384.119
1959-04-12,1382.805
1959-04-13,1421.587
1959-04-14,1395.56
1959-04-15,1177.945
1959-04-16,1040.194
1959-04-17,1012.377
1959-04-18,1064.43
1959-04-19,1083.88
1959-04-20,1056.069
1959-04-21,1061.303
1959-04-22,1182.631
1959-04-23,1327.555
1959-04-24,1314.279
1959-04-25,1337.779
1959-04-26,1424.221
1959-04-27,1511.833
1959-04-28,1680.21
1959-04-29,1866.762
1959-04-30,2048.121
1959-05-01,2127.093
1959-05-02,2083.11
1959-05-03,2204.434
1959-05-04,2331.097
1959-05-05,2264.728
1959-05-06,2212.229
1959-05-07,2178.756
1959-05-08,2153.122
1959-05-09,2267.086
1959-05-10,2381.934
1959-05-11,2357.24
1959-05-12,2169.004
1959-05-13,2142.024
1959-05-14,2202.128
1959-05-15,2257.589
1959-05-16,2435.48
1959-05-17,2507.608
1959-05-18,2397.898
1959-05-19,2249.785
1959-05-20,2136.384
1959-05-21,2055.623
1959-05-22,2085.998
1959-05-23,2174.719
1959-05-24,2037.65
1959-05-25,1874.779
1959-05-26,1858.249
1959-05-27,1927.805
1959-05-28,2242.79
1959-05-29,2540.374
1959-05-30,2441.238
1959-05-31,2532.372
1959-06-01,2610.051
1959-06-02,2337.861
1959-06-03,2194.489
1959-06-04,2312.585
1959-06-05,2425.479
1959-06-06,2168.112
1959-06-07,1873.674
1959-06-08,1641.302
1959-06-09,1811.298
1959-06-10,2443.319
1959-06-11,2491.791
1959-06-12,1883.806
1959-06-13,1462.806
1959-06-14,1362.489
1959-06-15,1317.078
1959-06-16,1194.185
1959-06-17,1064.302
1959-06-18,969.729
1959-06-19,919.071
1959-06-20,890.502
1959-06-21,862.067
1959-06-22,825.729
1959-06-23,795.035
1959-06-24,770.688
1959-06-25,754.278
1959-06-26,740.159
1959-06-27,712.875
1959-06-28,677.187
1959-06-29,647.926
1959-06-30,626.285
1959-07-01,607.093
1959-07-02,588.677
1959-07-03,573.278
1959-07-04,564.972
1959-07-05,560.542
1959-07-06,550.617
1959-07-07,530.29
1959-07-08,510.772
1959-07-09,503.657
1959-07-10,496.798
1959-07-11,491.871
1959-07-12,498.864
1959-07-13,492.899
1959-07-14,465.079
1959-07-15,443.646
1959-07-16,431.709
1959-07-17,413.181
1959-07-18,396.019
1959-07-19,383.247
1959-07-20,370.185
1959-07-21,357.43
1959-07-22,347.174
1959-07-23,338.698
1959-07-24,331.708
1959-07-25,325.385
1959-07-26,316.811
1959-07-27,308.575
1959-07-28,303.032
1959-07-29,299.067
1959-07-30,299.924
1959-07-31,306.993
1959-08-01,321.664
1959-08-02,339.625
1959-08-03,334.78
1959-08-04,312.94
1959-08-05,305.607
1959-08-06,308.418
1959-08-07,306.499
1959-08-08,323.142
1959-08-09,360.448
1959-08-10,388.251
1959-08-11,370.684
1959-08-12,314.89
1959-08-13,266.555
1959-08-14,251.252
1959-08-15,239.898
1959-08-16,223.426
1959-08-17,221.594
1959-08-18,271.724
1959-08-19,351.005
1959-08-20,374.541
1959-08-21,396.576
1959-08-22,379.407
1959-08-23,308.283
1959-08-24,269.131
1959-08-25,265.921
1959-08-26,234.719
1959-08-27,204.256
1959-08-28,198.854
1959-08-29,226.36
1959-08-30,261.885
1959-08-31,309.485
1959-09-01,371.505
1959-09-02,402.358
1959-09-03,399.76
1959-09-04,374.388
1959-09-05,323.534
1959-09-06,277.069
1959-09-07,280.373
1959-09-08,288.76
1959-09-09,255.626
1959-09-10,226.442
1959-09-11,253.433
1959-09-12,352.466
1959-09-13,453.463
1959-09-14,496.45
1959-09-15,547.886
1959-09-16,614.355
1959-09-17,637.302
1959-09-18,603.566
1959-09-19,549.519
1959-09-20,464.349
1959-09-21,459.799
1959-09-22,471.65
1959-09-23,456.951
1959-09-24,468.388
1959-09-25,538.585
1959-09-26,590.68
1959-09-27,588.508
1959-09-28,635.264
1959-09-29,746.251
1959-09-30,817.672
1959-10-01,862.779
1959-10-02,799.036
1959-10-03,621.22
1959-10-04,475.008
1959-10-05,461.465
1959-10-06,548.695
1959-10-07,699.412
1959-10-08,792.929
1959-10-09,768.793
1959-10-10,840.715
1959-10-11,802.383
1959-10-12,896.756
1959-10-13,882.837
1959-10-14,739.112
1959-10-15,625.319
1959-10-16,634.385
1959-10-17,768.689
1959-10-18,854.078
1959-10-19,955.662
1959-10-20,1042.522
1959-10-21,1013.622
1959-10-22,1000.774
1959-10-23,996.202
1959-10-24,953.482
1959-10-25,864.349
1959-10-26,786.5
1959-10-27,816.151
1959-10-28,802.975
1959-10-29,742.45
1959-10-30,698.478
1959-10-31,643.967
1959-11-01,742.452
1959-11-02,941.193
1959-11-03,1211.235
1959-11-04,1404.475
1959-11-05,1570.936
1959-11-06,1791.174
1959-11-07,1985.748
1959-11-08,2117.15
1959-11-09,1972.222
1959-11-10,1854.431
1959-11-11,1897.423
1959-11-12,2039.316
1959-11-13,2158.897
1959-11-14,2232.113
1959-11-15,2245.802
1959-11-16,2151.722
1959-11-17,1995.043
1959-11-18,1952.874
1959-11-19,2148.899
1959-11-20,2275.648
1959-11-21,2113.774
1959-11-22,1894.488
1959-11-23,1732.163
1959-11-24,1601.507
1959-11-25,1442.629
1959-11-26,1307.501
1959-11-27,1194.588
1959-11-28,1133.964
1959-11-29,1113.402
1959-11-30,1190.2
1959-12-01,1289.32
1959-12-02,1346.874
1959-12-03,1375.136
1959-12-04,1347.198
1959-12-05,1468.5
1959-12-06,1716.726
1959-12-07,1773.442
1959-12-08,1618.127
1959-12-09,1619.592
1959-12-10,1689.068
1959-12-11,1782.993
1959-12-12,1867.785
1959-12-13,1947.975
1959-12-14,1933.72
1959-12-15,1896.48
1959-12-16,1835.5
1959-12-17,1968.2
1959-12-18,2261.543
1959-12-19,2437.2
1959-12-20,2249.096
1959-12-21,2078.446
1959-12-22,2019.521
1959-12-23,1997.071
1959-12-24,2080.142
1959-12-25,2124.652
1959-12-26,2104.542
1959-12-27,2051.134
1959-12-28,2018.534
1959-12-29,1952.318
1959-12-30,1763.415
1959-12-31,1618.995
1960-01-01,1545.216
1960-01-02,1514.292
1960-01-03,1509.696
1960-01-04,1539.698
1960-01-05,1467.705
1960-01-06,1386.843
1960-01-07,1395.196
1960-01-08,1429.65
1960-01-09,1431.439
1960-01-10,1487.518
1960-01-11,1688.069
1960-01-12,1859.228
1960-01-13,1678.351
1960-01-14,1592.961
1960-01-15,1563.073
1960-01-16,1483.617
1960-01-17,1373.624
1960-01-18,1355.848
1960-01-19,1360.707
1960-01-20,1345.014
1960-01-21,1316.123
1960-01-22,1360.432
1960-01-23,1502.988
1960-01-24,1625.108
1960-01-25,1728.548
1960-01-26,1861.461
1960-01-27,1941.76
1960-01-28,1935.511
1960-01-29,2090.598
1960-01-30,2357.675
1960-01-31,2165.206
1960-02-01,2030.572
1960-02-02,1915.709
1960-02-03,1810.709
1960-02-04,1852.699
1960-02-05,1927.924
1960-02-06,2042.892
1960-02-07,2146.498
1960-02-08,2136.93
1960-02-09,2050.291
1960-02-10,1929.178
1960-02-11,1757.86
1960-02-12,1688.325
1960-02-13,1721.87
1960-02-14,1698.898
1960-02-15,1695.85
1960-02-16,1934.869
1960-02-17,2322.559
1960-02-18,2319.201
1960-02-19,2003.001
1960-02-20,1864.865
1960-02-21,1850.98
1960-02-22,1948.955
1960-02-23,2011.037
1960-02-24,1827.46
1960-02-25,1642.336
1960-02-26,1588.704
1960-02-27,1574.175
1960-02-28,1589.44
1960-02-29,1684.605
1960-03-01,1807.858
1960-03-02,1941.109
1960-03-03,2025.686
1960-03-04,1943.81
1960-03-05,1819.546
1960-03-06,1789.714
1960-03-07,1842.019
1960-03-08,1860.546
1960-03-09,2104.658
1960-03-10,2323.415
1960-03-11,2161.391
1960-03-12,2152.449
1960-03-13,2238.645
1960-03-14,2463.694
1960-03-15,2708.868
1960-03-16,2802.97
1960-03-17,2617.765
1960-03-18,2337.344
1960-03-19,2190.839
1960-03-20,2247.568
1960-03-21,2298.445
1960-03-22,2335.701
1960-03-23,2339.495
1960-03-24,2148.989
1960-03-25,2050.818
1960-03-26,2109.242
1960-03-27,2243.765
1960-03-28,2436.121
1960-03-29,2643.297
1960-03-30,2797.588
1960-03-31,2808.147
1960-04-01,2683.87
1960-04-02,2620.026
1960-04-03,2555.753
1960-04-04,2377.361
1960-04-05,2276.015
1960-04-06,2427.8
1960-04-07,2605.524
1960-04-08,2739.523
1960-04-09,2908.452
1960-04-10,3089.877
1960-04-11,3174.354
1960-04-12,3090.282
1960-04-13,2951.835
1960-04-14,3007.483
1960-04-15,3288.808
1960-04-16,3677.69
1960-04-17,3996.187
1960-04-18,4333.638
1960-04-19,4690.135
1960-04-20,4942.41
1960-04-21,4569.551
1960-04-22,3932.125
1960-04-23,3424.832
1960-04-24,3272.96
1960-04-25,3151.712
1960-04-26,2924.45
1960-04-27,2796.336
1960-04-28,2799.385
1960-04-29,2821.442
1960-04-30,2802.808
1960-05-01,2799.501
1960-05-02,2805.748
1960-05-03,2783.931
1960-05-04,2765.402
1960-05-05,2639.617
1960-05-06,2448.49
1960-05-07,2245.157
1960-05-08,2074.858
1960-05-09,1977.525
1960-05-10,1939.941
1960-05-11,1932.404
1960-05-12,1965.878
1960-05-13,1972.52
1960-05-14,1903.864
1960-05-15,1771.949
1960-05-16,1690.102
1960-05-17,1687.986
1960-05-18,1687.814
1960-05-19,1666.942
1960-05-20,1607.011
1960-05-21,1527.44
1960-05-22,1474.901
1960-05-23,1405.863
1960-05-24,1341.179
1960-05-25,1294.56
1960-05-26,1324.802
1960-05-27,1371.105
1960-05-28,1318.872
1960-05-29,1243.746
1960-05-30,1185.35
1960-05-31,1135.216
1960-06-01,1098.573
1960-06-02,1058.501
1960-06-03,1002.882
1960-06-04,945.7
1960-06-05,892.697
1960-06-06,840.582
1960-06-07,802.258
1960-06-08,780.555
1960-06-09,761.574
1960-06-10,745.485
1960-06-11,746.365
1960-06-12,773.535
1960-06-13,805.671
1960-06-14,783.932
1960-06-15,711.472
1960-06-16,645.805
1960-06-17,607.323
1960-06-18,583.206
1960-06-19,564.288
1960-06-20,550.417
1960-06-21,540.849
1960-06-22,533.696
1960-06-23,522.405
1960-06-24,502.615
1960-06-25,483.382
1960-06-26,468.642
1960-06-27,456.885
1960-06-28,446.159
1960-06-29,435.18
1960-06-30,424.24
1960-07-01,414.002
1960-07-02,406.045
1960-07-03,398.655
1960-07-04,390.68
1960-07-05,382.995
1960-07-06,383.032
1960-07-07,399.104
1960-07-08,433.419
1960-07-09,467.59
1960-07-10,482.557
1960-07-11,484.125
1960-07-12,487.74
1960-07-13,479.715
1960-07-14,443.079
1960-07-15,399.217
1960-07-16,367.638
1960-07-17,343.92
1960-07-18,324.534
1960-07-19,317.317
1960-07-20,319.502
1960-07-21,318.014
1960-07-22,314.855
1960-07-23,323.307
1960-07-24,334.767
1960-07-25,326.176
1960-07-26,305.564
1960-07-27,291.574
1960-07-28,282.846
1960-07-29,274.734
1960-07-30,262.037
1960-07-31,252.943
1960-08-01,250.07
1960-08-02,247.461
1960-08-03,242.655
1960-08-04,236.568
1960-08-05,230.207
1960-08-06,223.345
1960-08-07,217.647
1960-08-08,212.299
1960-08-09,207.257
1960-08-10,202.972
1960-08-11,199.096
1960-08-12,195.542
1960-08-13,193.14
1960-08-14,189.378
1960-08-15,185.105
1960-08-16,181.733
1960-08-17,179.07
1960-08-18,177.53
1960-08-19,177.533
1960-08-20,176.847
1960-08-21,173.186
1960-08-22,170.096
1960-08-23,167.904
1960-08-24,164.595
1960-08-25,162.4
1960-08-26,162.09
1960-08-27,161.289
1960-08-28,162.323
1960-08-29,161.627
1960-08-30,160.505
1960-08-31,171.368
1960-09-01,196.273
1960-09-02,207.858
1960-09-03,197.946
1960-09-04,209.76
1960-09-05,208.27
1960-09-06,190.756
1960-09-07,175.356
1960-09-08,182.222
1960-09-09,221.472
1960-09-10,285.078
1960-09-11,319.67
1960-09-12,366.508
1960-09-13,361.325
1960-09-14,355.591
1960-09-15,353.317
1960-09-16,370.208
1960-09-17,405.141
1960-09-18,433.108
1960-09-19,456.443
1960-09-20,439.47
1960-09-21,385.844
1960-09-22,322.172
1960-09-23,288.842
1960-09-24,343.164
1960-09-25,411.18
1960-09-26,458.939
1960-09-27,508.042
1960-09-28,490.699
1960-09-29,462.364
1960-09-30,432.77
1960-10-01,416.381
1960-10-02,366.525
1960-10-03,282.137
1960-10-04,261.488
1960-10-05,318.22
1960-10-06,408.402
1960-10-07,582.78
1960-10-08,689.468
1960-10-09,761.937
1960-10-10,690.734
1960-10-11,534.395
1960-10-12,452.081
1960-10-13,507.211
1960-10-14,624.982
1960-10-15,778.343
1960-10-16,925.309
1960-10-17,1038.689
1960-10-18,1145.369
1960-10-19,1154.876
1960-10-20,1083.86
1960-10-21,914.797
1960-10-22,674.031
1960-10-23,506.84
1960-10-24,418.979
1960-10-25,378.454
1960-10-26,346.811
1960-10-27,319.133
1960-10-28,298.947
1960-10-29,318.962
1960-10-30,395.934
1960-10-31,502.893
1960-11-01,582.873
1960-11-02,651.39
1960-11-03,604.203
1960-11-04,486.66
1960-11-05,410.398
1960-11-06,425.46
1960-11-07,518.929
1960-11-08,598.368
1960-11-09,677.038
1960-11-10,792.702
1960-11-11,852.685
1960-11-12,834.645
1960-11-13,832.913
1960-11-14,883.429
1960-11-15,950.084
1960-11-16,982.181
1960-11-17,1045.475
1960-11-18,1218.132
1960-11-19,1310.611
1960-11-20,1391.667
1960-11-21,1566.213
1960-11-22,1750.939
1960-11-23,1692.883
1960-11-24,1525.929
1960-11-25,1401.849
1960-11-26,1327.99
1960-11-27,1375.379
1960-11-28,1799.82
1960-11-29,2115.502
1960-11-30,1738.463
1960-12-01,1409.265
1960-12-02,1212.022
1960-12-03,1113.464
1960-12-04,1104.615
1960-12-05,1175.95
1960-12-06,1278.824
1960-12-07,1233.344
1960-12-08,1111.476
1960-12-09,1080.678
1960-12-10,1141.718
1960-12-11,1116.473
1960-12-12,977.169
1960-12-13,820.731
1960-12-14,702.743
1960-12-15,655.845
1960-12-16,691.011
1960-12-17,751.987
1960-12-18,734.389
1960-12-19,689.086
1960-12-20,667.592
1960-12-21,658.297
1960-12-22,671.405
1960-12-23,674.673
1960-12-24,636.774
1960-12-25,636.929
1960-12-26,651.988
1960-12-27,714.083
1960-12-28,750.609
1960-12-29,725.661
1960-12-30,710.319
1960-12-31,747.616
1961-01-01,850.629
1961-01-02,958.593
1961-01-03,1025.688
1961-01-04,989.64
1961-01-05,900.374
1961-01-06,814.941
1961-01-07,797.967
1961-01-08,822.982
1961-01-09,825.096
1961-01-10,757.723
1961-01-11,673.435
1961-01-12,581.477
1961-01-13,506.092
1961-01-14,485.421
1961-01-15,521.129
1961-01-16,568.073
1961-01-17,580.715
1961-01-18,566.438
1961-01-19,638.764
1961-01-20,768.15
1961-01-21,863.555
1961-01-22,914.863
1961-01-23,946.944
1961-01-24,944.832
1961-01-25,904.2
1961-01-26,953.391
1961-01-27,1021.72
1961-01-28,1080.817
1961-01-29,1116.661
1961-01-30,1062.01
1961-01-31,977.625
1961-02-01,935.728
1961-02-02,918.23
1961-02-03,868.425
1961-02-04,926.252
1961-02-05,1044.533
1961-02-06,1235.935
1961-02-07,1321.525
1961-02-08,1243.502
1961-02-09,1199.55
1961-02-10,1219.68
1961-02-11,1271.043
1961-02-12,1374.722
1961-02-13,1387.895
1961-02-14,1399.359
1961-02-15,1542.472
1961-02-16,1470.789
1961-02-17,1430.568
1961-02-18,1519.641
1961-02-19,1728.724
1961-02-20,1821.866
1961-02-21,1734.989
1961-02-22,1663.685
1961-02-23,1640.231
1961-02-24,1683.306
1961-02-25,1715.618
1961-02-26,1674.087
1961-02-27,1616.083
1961-02-28,1557.422
1961-03-01,1527.426
1961-03-02,1584.358
1961-03-03,1735.312
1961-03-04,1824.789
1961-03-05,1842.301
1961-03-06,1860.112
1961-03-07,1854.278
1961-03-08,1816.139
1961-03-09,1800.823
1961-03-10,1861.064
1961-03-11,1936.375
1961-03-12,1964.989
1961-03-13,1951.688
1961-03-14,1925.775
1961-03-15,1924.672
1961-03-16,1905.927
1961-03-17,1844.972
1961-03-18,1712.365
1961-03-19,1654.014
1961-03-20,1655.497
1961-03-21,1549.361
1961-03-22,1305.752
1961-03-23,1161.282
1961-03-24,1116.405
1961-03-25,1183.756
1961-03-26,1277.601
1961-03-27,1374.725
1961-03-28,1542.616
1961-03-29,1633.972
1961-03-30,1592.109
1961-03-31,1581.651
1961-04-01,1512.372
1961-04-02,1437.394
1961-04-03,1520.879
1961-04-04,1674.341
1961-04-05,1773.103
1961-04-06,1703.138
1961-04-07,1652.527
1961-04-08,1741.33
1961-04-09,1953.011
1961-04-10,2091.41
1961-04-11,2037.045
1961-04-12,1942.658
1961-04-13,1826.8
1961-04-14,1693.296
1961-04-15,1653.152
1961-04-16,1637.702
1961-04-17,1585.309
1961-04-18,1543.016
1961-04-19,1516.858
1961-04-20,1589.373
1961-04-21,1667.145
1961-04-22,1705.093
1961-04-23,1729.431
1961-04-24,1733.591
1961-04-25,1777.906
1961-04-26,1704.478
1961-04-27,1555.343
1961-04-28,1508.582
1961-04-29,1478.992
1961-04-30,1740.566
1961-05-01,2023.33
1961-05-02,1622.652
1961-05-03,1310.606
1961-05-04,1299.419
1961-05-05,1406.102
1961-05-06,1381.047
1961-05-07,1350.282
1961-05-08,1371.74
1961-05-09,1333.116
1961-05-10,1275.308
1961-05-11,1299.442
1961-05-12,1452.255
1961-05-13,1479.643
1961-05-14,1271.818
1961-05-15,1219.516
1961-05-16,1340.652
1961-05-17,1370.3
1961-05-18,1359.81
1961-05-19,1371.492
1961-05-20,1356.49
1961-05-21,1297.653
1961-05-22,1196.823
1961-05-23,1098.418
1961-05-24,1050.46
1961-05-25,1048.875
1961-05-26,1079.155
1961-05-27,1104.82
1961-05-28,1095.298
1961-05-29,1020.132
1961-05-30,924.77
1961-05-31,840.366
1961-06-01,764.145
1961-06-02,705.867
1961-06-03,663.98
1961-06-04,638.575
1961-06-05,629.019
1961-06-06,629.303
1961-06-07,616.435
1961-06-08,587.761
1961-06-09,564.404
1961-06-10,548.858
1961-06-11,528.369
1961-06-12,503.381
1961-06-13,483.243
1961-06-14,470.503
1961-06-15,465.842
1961-06-16,458.189
1961-06-17,441.644
1961-06-18,425.546
1961-06-19,414.158
1961-06-20,408.773
1961-06-21,400.769
1961-06-22,385.612
1961-06-23,371.317
1961-06-24,365.59
1961-06-25,361.027
1961-06-26,350.75
1961-06-27,339.489
1961-06-28,328.894
1961-06-29,320.565
1961-06-30,312.733
1961-07-01,308.901
1961-07-02,310.212
1961-07-03,308.405
1961-07-04,314.315
1961-07-05,326.038
1961-07-06,332.498
1961-07-07,351.102
1961-07-08,355.789
1961-07-09,340.137
1961-07-10,330.111
1961-07-11,321.59
1961-07-12,314.589
1961-07-13,308.47
1961-07-14,317.9
1961-07-15,348.238
1961-07-16,369.167
1961-07-17,352.283
1961-07-18,308.479
1961-07-19,273.472
1961-07-20,270.818
1961-07-21,287.713
1961-07-22,300.536
1961-07-23,296.302
1961-07-24,269.16
1961-07-25,244.969
1961-07-26,237.504
1961-07-27,233.373
1961-07-28,229.821
1961-07-29,239.364
1961-07-30,250.816
1961-07-31,256.626
1961-08-01,278.096
1961-08-02,283.904
1961-08-03,277.114
1961-08-04,274.44
1961-08-05,248.412
1961-08-06,215.033
1961-08-07,225.231
1961-08-08,305.162
1961-08-09,442.845
1961-08-10,518.326
1961-08-11,481.337
1961-08-12,485.09
1961-08-13,484.923
1961-08-14,478.354
1961-08-15,475.487
1961-08-16,454.032
1961-08-17,373.153
1961-08-18,283.28
1961-08-19,268.386
1961-08-20,346.595
1961-08-21,371.295
1961-08-22,302.305
1961-08-23,246.147
1961-08-24,238.746
1961-08-25,256.527
1961-08-26,230.864
1961-08-27,228.848
1961-08-28,274.534
1961-08-29,284.183
1961-08-30,325.036
1961-08-31,424.986
1961-09-01,495.586
1961-09-02,518.398
1961-09-03,510.785
1961-09-04,502.025
1961-09-05,458.382
1961-09-06,356.02
1961-09-07,344.898
1961-09-08,374.888
1961-09-09,350.982
1961-09-10,322.632
1961-09-11,298.884
1961-09-12,250.419
1961-09-13,227.548
1961-09-14,252.706
1961-09-15,295.119
1961-09-16,394.485
1961-09-17,571.645
1961-09-18,679.507
1961-09-19,645.809
1961-09-20,529.939
1961-09-21,418.899
1961-09-22,388.018
1961-09-23,413.388
1961-09-24,455.926
1961-09-25,482.573
1961-09-26,472.094
1961-09-27,461.057
1961-09-28,428.391
1961-09-29,448.119
1961-09-30,517.515
1961-10-01,568.119
1961-10-02,608.338
1961-10-03,603.704
1961-10-04,587.396
1961-10-05,568.949
1961-10-06,647.627
1961-10-07,779.697
1961-10-08,931.901
1961-10-09,929.192
1961-10-10,755.859
1961-10-11,650.923
1961-10-12,612.29
1961-10-13,551.017
1961-10-14,498.33
1961-10-15,507.704
1961-10-16,559.389
1961-10-17,685.515
1961-10-18,890.46
1961-10-19,1090.238
1961-10-20,1272.072
1961-10-21,1317.957
1961-10-22,1271.974
1961-10-23,1108.305
1961-10-24,796.369
1961-10-25,600.251
1961-10-26,550.127
1961-10-27,577.18
1961-10-28,671.414
1961-10-29,789.211
1961-10-30,951.202
1961-10-31,1180.6
1961-11-01,1387.847
1961-11-02,1438.3
1961-11-03,1468.998
1961-11-04,1430.891
1961-11-05,1526.015
1961-11-06,1740.32
1961-11-07,1831.053
1961-11-08,1632.571
1961-11-09,1526.725
1961-11-10,1709.065
1961-11-11,1939.195
1961-11-12,2188.874
1961-11-13,2046.579
1961-11-14,1779.637
1961-11-15,1710.789
1961-11-16,1766.052
1961-11-17,1776.495
1961-11-18,1767.472
1961-11-19,1784.371
1961-11-20,1849.79
1961-11-21,1875.129
1961-11-22,1925.88
1961-11-23,1925.594
1961-11-24,1806.667
1961-11-25,1732.147
1961-11-26,1822.812
1961-11-27,2134.627
1961-11-28,2565.503
1961-11-29,2807.199
1961-11-30,2922.741
1961-12-01,2965.136
1961-12-02,2868.191
1961-12-03,2689.265
1961-12-04,2574.952
1961-12-05,2586.114
1961-12-06,2678.726
1961-12-07,2883.212
1961-12-08,3004.146
1961-12-09,3087.632
1961-12-10,3130.67
1961-12-11,3031.05
1961-12-12,3009.441
1961-12-13,3149.248
1961-12-14,3215.112
1961-12-15,3180.172
1961-12-16,3323.294
1961-12-17,3434.885
1961-12-18,3077.248
1961-12-19,2835.171
1961-12-20,2890.194
1961-12-21,3063.36
1961-12-22,3176.863
1961-12-23,3261.798
1961-12-24,3232.407
1961-12-25,3274.273
1961-12-26,3564.483
1961-12-27,3884.601
1961-12-28,4167.599
1961-12-29,4210.203
1961-12-30,4160.693
1961-12-31,4005.955
1962-01-01,3549.219
1962-01-02,3138.397
1962-01-03,3104.811
1962-01-04,3310.892
1962-01-05,3341.564
1962-01-06,3174.743
1962-01-07,3151.408
1962-01-08,3206.613
1962-01-09,3311.542
1962-01-10,3272.896
1962-01-11,3234.133
1962-01-12,3348.822
1962-01-13,3514.795
1962-01-14,3693.76
1962-01-15,3923.685
1962-01-16,4195.918
1962-01-17,4236.674
1962-01-18,4087.871
1962-01-19,3947.618
1962-01-20,3800.389
1962-01-21,3732.745
1962-01-22,3630.506
1962-01-23,3412.598
1962-01-24,3261.271
1962-01-25,3166.194
1962-01-26,3032.659
1962-01-27,2867.923
1962-01-28,2652.861
1962-01-29,2540.424
1962-01-30,2542.565
1962-01-31,2603.202
1962-02-01,2827.221
1962-02-02,3015.882
1962-02-03,2852.577
1962-02-04,2547.268
1962-02-05,2426.709
1962-02-06,2455.66
1962-02-07,2467.092
1962-02-08,2392.787
1962-02-09,2293.177
1962-02-10,2170.662
1962-02-11,2010.388
1962-02-12,2032.43
1962-02-13,1889.305
1962-02-14,1789.658
1962-02-15,1625.51
1962-02-16,1510.35
1962-02-17,1432.365
1962-02-18,1392.342
1962-02-19,1422.057
1962-02-20,1466.102
1962-02-21,1460.097
1962-02-22,1404.728
1962-02-23,1472.743
1962-02-24,1596.328
1962-02-25,1704.284
1962-02-26,1740.45
1962-02-27,1664.907
1962-02-28,1633.976
1962-03-01,1615.965
1962-03-02,1536.567
1962-03-03,1447.814
1962-03-04,1513.705
1962-03-05,1741.266
1962-03-06,1914.589
1962-03-07,2047.909
1962-03-08,2256.162
1962-03-09,2613.23
1962-03-10,2625.909
1962-03-11,2209.348
1962-03-12,1960.793
1962-03-13,2049.12
1962-03-14,2269.41
1962-03-15,2420.26
1962-03-16,2320.477
1962-03-17,2148.851
1962-03-18,2157.812
1962-03-19,2242.287
1962-03-20,2161.437
1962-03-21,1990.419
1962-03-22,2249.335
1962-03-23,2686.148
1962-03-24,2666.753
1962-03-25,2799.702
1962-03-26,2938.392
1962-03-27,2599.395
1962-03-28,2495.019
1962-03-29,2294.756
1962-03-30,2024.112
1962-03-31,1991.363
1962-04-01,2426.293
1962-04-02,2965.37
1962-04-03,3158.318
1962-04-04,3240.87
1962-04-05,3166.002
1962-04-06,3292.002
1962-04-07,3368.453
1962-04-08,2949.906
1962-04-09,2688.932
1962-04-10,2736.217
1962-04-11,3015.679
1962-04-12,2796.733
1962-04-13,2475.121
1962-04-14,2334.234
1962-04-15,2393.587
1962-04-16,2486.662
1962-04-17,2371.79
1962-04-18,2140.701
1962-04-19,2447.435
1962-04-20,2848.757
1962-04-21,3124.921
1962-04-22,2744.156
1962-04-23,2449.595
1962-04-24,2306.087
1962-04-25,2243.487
1962-04-26,2309.83
1962-04-27,2281.843
1962-04-28,2261.858
1962-04-29,2389.588
1962-04-30,2428.832
1962-05-01,2329.294
1962-05-02,2259.821
1962-05-03,2236.275
1962-05-04,2236.391
1962-05-05,2269.542
1962-05-06,2421.605
1962-05-07,2629.369
1962-05-08,2603.392
1962-05-09,2450.612
1962-05-10,2393.243
1962-05-11,2551.077
1962-05-12,2923.195
1962-05-13,3252.947
1962-05-14,3187.512
1962-05-15,3061.255
1962-05-16,2942.052
1962-05-17,3066.57
1962-05-18,3325.726
1962-05-19,3368.35
1962-05-20,3364.55
1962-05-21,3372.58
1962-05-22,3141.505
1962-05-23,2940.359
1962-05-24,2897.915
1962-05-25,2922.043
1962-05-26,2940.036
1962-05-27,2962.227
1962-05-28,2874.982
1962-05-29,2634.596
1962-05-30,2411.877
1962-05-31,2255.402
1962-06-01,2153.055
1962-06-02,2074.027
1962-06-03,1982.221
1962-06-04,1896.687
1962-06-05,1822.503
1962-06-06,1719.934
1962-06-07,1597.04
1962-06-08,1506.241
1962-06-09,1465.933
1962-06-10,1418.926
1962-06-11,1354.121
1962-06-12,1284.156
1962-06-13,1212.507
1962-06-14,1149.683
1962-06-15,1100.815
1962-06-16,1066.928
1962-06-17,1035.99
1962-06-18,1010.188
1962-06-19,997.383
1962-06-20,1013.769
1962-06-21,1039.795
1962-06-22,1011.032
1962-06-23,921.477
1962-06-24,859.25
1962-06-25,845.554
1962-06-26,888.579
1962-06-27,973.382
1962-06-28,1090.884
1962-06-29,1211.842
1962-06-30,1349.358
1962-07-01,1329.801
1962-07-02,1124.357
1962-07-03,936.449
1962-07-04,810.888
1962-07-05,748.459
1962-07-06,767.421
1962-07-07,841.963
1962-07-08,909.412
1962-07-09,890.79
1962-07-10,808.067
1962-07-11,697.154
1962-07-12,607.411
1962-07-13,565.99
1962-07-14,550.604
1962-07-15,541.764
1962-07-16,543.32
1962-07-17,555.279
1962-07-18,564.4
1962-07-19,561.534
1962-07-20,544.176
1962-07-21,514.031
1962-07-22,480.693
1962-07-23,458.931
1962-07-24,445.396
1962-07-25,434.146
1962-07-26,425.321
1962-07-27,417.019
1962-07-28,409.085
1962-07-29,400.949
1962-07-30,394.315
1962-07-31,390.646
1962-08-01,383.922
1962-08-02,372.52
1962-08-03,363.993
1962-08-04,358.205
1962-08-05,351.426
1962-08-06,343.594
1962-08-07,341.445
1962-08-08,340.471
1962-08-09,333.86
1962-08-10,328.66
1962-08-11,318.105
1962-08-12,307.748
1962-08-13,301.23
1962-08-14,297.488
1962-08-15,301.463
1962-08-16,326.571
1962-08-17,363.06
1962-08-18,390.005
1962-08-19,385.828
1962-08-20,358.316
1962-08-21,346.242
1962-08-22,340.501
1962-08-23,333.732
1962-08-24,327.068
1962-08-25,341.883
1962-08-26,373.426
1962-08-27,397.713
1962-08-28,407.239
1962-08-29,401.555
1962-08-30,383.25
1962-08-31,381.345
1962-09-01,413.618
1962-09-02,481.193
1962-09-03,559.085
1962-09-04,626.787
1962-09-05,666.537
1962-09-06,628.077
1962-09-07,532.743
1962-09-08,462.487
1962-09-09,401.925
1962-09-10,385.336
1962-09-11,417.741
1962-09-12,473.132
1962-09-13,562.373
1962-09-14,673.39
1962-09-15,772.882
1962-09-16,717.13
1962-09-17,529.027
1962-09-18,414.601
1962-09-19,397.626
1962-09-20,475.983
1962-09-21,576.732
1962-09-22,645.627
1962-09-23,641.551
1962-09-24,577.958
1962-09-25,528.993
1962-09-26,479.105
1962-09-27,449.933
1962-09-28,520.062
1962-09-29,638.974
1962-09-30,756.631
1962-10-01,847.041
1962-10-02,856.609
1962-10-03,776.953
1962-10-04,663.376
1962-10-05,576.429
1962-10-06,546.712
1962-10-07,540.85
1962-10-08,516.566
1962-10-09,504.515
1962-10-10,500.653
1962-10-11,489.013
1962-10-12,510.807
1962-10-13,574.273
1962-10-14,621.508
1962-10-15,596.699
1962-10-16,551.952
1962-10-17,532.658
1962-10-18,524.11
1962-10-19,517.215
1962-10-20,539.053
1962-10-21,654.755
1962-10-22,739.665
1962-10-23,813.958
1962-10-24,937.975
1962-10-25,1481.883
1962-10-26,2002.551
1962-10-27,1842.837
1962-10-28,1642.533
1962-10-29,1533.747
1962-10-30,1601.611
1962-10-31,1789.383
1962-11-01,2024.118
1962-11-02,2021.678
1962-11-03,2000.311
1962-11-04,2001.874
1962-11-05,1832.536
1962-11-06,1584.132
1962-11-07,1376.813
1962-11-08,1405.153
1962-11-09,1669.564
1962-11-10,1927.773
1962-11-11,1882.96
1962-11-12,1674.933
1962-11-13,1538.488
1962-11-14,1472.139
1962-11-15,1492.086
1962-11-16,1500.847
1962-11-17,1307.135
1962-11-18,1094.833
1962-11-19,1110.075
1962-11-20,1221.859
1962-11-21,1238.049
1962-11-22,1155.839
1962-11-23,1082.831
1962-11-24,1096.206
1962-11-25,1092.46
1962-11-26,1055.238
1962-11-27,1007.632
1962-11-28,972.006
1962-11-29,1005.22
1962-11-30,1126.756
1962-12-01,1332.123
1962-12-02,1414.765
1962-12-03,1420.876
1962-12-04,1481.111
1962-12-05,1594.605
1962-12-06,1673.123
1962-12-07,1612.95
1962-12-08,1596.826
1962-12-09,1741.529
1962-12-10,1834.702
1962-12-11,1813.399
1962-12-12,1753.611
1962-12-13,1854.536
1962-12-14,1901.761
1962-12-15,1953.266
1962-12-16,2134.977
1962-12-17,2234.859
1962-12-18,2216.465
1962-12-19,2195.434
1962-12-20,2134.508
1962-12-21,2016.312
1962-12-22,1937.375
1962-12-23,1793.382
1962-12-24,1593.484
1962-12-25,1452.729
1962-12-26,1408.945
1962-12-27,1391.718
1962-12-28,1494.412
1962-12-29,1570.043
1962-12-30,1561.779
1962-12-31,1673.182
1963-01-01,1898.742
1963-01-02,2096.898
1963-01-03,2053.697
1963-01-04,1940.788
1963-01-05,2034.895
1963-01-06,2124.581
1963-01-07,2091.358
1963-01-08,2196.531
1963-01-09,2308.072
1963-01-10,2376.045
1963-01-11,2504.048
1963-01-12,2593.222
1963-01-13,2560.282
1963-01-14,2701.573
1963-01-15,3084.379
1963-01-16,3492.614
1963-01-17,3281.553
1963-01-18,3021.92
1963-01-19,2807.698
1963-01-20,2692.988
1963-01-21,2718.508
1963-01-22,2801.042
1963-01-23,2924.774
1963-01-24,3003.143
1963-01-25,3023.417
1963-01-26,3033.061
1963-01-27,3095.186
1963-01-28,3253.475
1963-01-29,3297.232
1963-01-30,3073.519
1963-01-31,2787.9
1963-02-01,2632.818
1963-02-02,2521.767
1963-02-03,2420.334
1963-02-04,2394.61
1963-02-05,2366.68
1963-02-06,2312.746
1963-02-07,2206.622
1963-02-08,2137.268
1963-02-09,2064.483
1963-02-10,2017.834
1963-02-11,2046.763
1963-02-12,2017.54
1963-02-13,1949.146
1963-02-14,1822.166
1963-02-15,1684.044
1963-02-16,1552.335
1963-02-17,1497.467
1963-02-18,1486.306
1963-02-19,1483.722
1963-02-20,1506.722
1963-02-21,1547.43
1963-02-22,1581.526
1963-02-23,1651.879
1963-02-24,1736.209
1963-02-25,1728.366
1963-02-26,1695.508
1963-02-27,1976.67
1963-02-28,2278.054
1963-03-01,2039.177
1963-03-02,2190.401
1963-03-03,2361.923
1963-03-04,1901.795
1963-03-05,1510.213
1963-03-06,1446.756
1963-03-07,1612.36
1963-03-08,1793.145
1963-03-09,1826.589
1963-03-10,1722.391
1963-03-11,1662.536
1963-03-12,1688.14
1963-03-13,1826.426
1963-03-14,1859.989
1963-03-15,1790.968
1963-03-16,1834.491
1963-03-17,1915.21
1963-03-18,2215.175
1963-03-19,2650.397
1963-03-20,2698.532
1963-03-21,2554.446
1963-03-22,2320.278
1963-03-23,2241.022
1963-03-24,2143.853
1963-03-25,2057.094
1963-03-26,1997.082
1963-03-27,1920.195
1963-03-28,1864.142
1963-03-29,1895.042
1963-03-30,1984.563
1963-03-31,2195.216
1963-04-01,2752.774
1963-04-02,3130.814
1963-04-03,2755.195
1963-04-04,2402.363
1963-04-05,2167.552
1963-04-06,2051.692
1963-04-07,2124.602
1963-04-08,2056.972
1963-04-09,1947.756
1963-04-10,1952.535
1963-04-11,2022.166
1963-04-12,2313.267
1963-04-13,2663.072
1963-04-14,2580.766
1963-04-15,2483.483
1963-04-16,2349.303
1963-04-17,2312.044
1963-04-18,2428.123
1963-04-19,2341.892
1963-04-20,2047.374
1963-04-21,1908.182
1963-04-22,2132.934
1963-04-23,2455.9
1963-04-24,2666.245
1963-04-25,2523.146
1963-04-26,2818.818
1963-04-27,3265.77
1963-04-28,3283.777
1963-04-29,3152.638
1963-04-30,3123.348
1963-05-01,3338.559
1963-05-02,3504.325
1963-05-03,3408.929
1963-05-04,3526.736
1963-05-05,3865.402
1963-05-06,3927.519
1963-05-07,3755.044
1963-05-08,3605.007
1963-05-09,3649.528
1963-05-10,3878.129
1963-05-11,4043.991
1963-05-12,4042.765
1963-05-13,3826.654
1963-05-14,3546.997
1963-05-15,3303.406
1963-05-16,3168.489
1963-05-17,3060.385
1963-05-18,2955.555
1963-05-19,2925.766
1963-05-20,2993.668
1963-05-21,2989.599
1963-05-22,2844.111
1963-05-23,2707.03
1963-05-24,2607.932
1963-05-25,2633.86
1963-05-26,2693.764
1963-05-27,2651.191
1963-05-28,2678.843
1963-05-29,2728.703
1963-05-30,2708.448
1963-05-31,2679.78
1963-06-01,2642.945
1963-06-02,2621.165
1963-06-03,2511.408
1963-06-04,2366.799
1963-06-05,2212.81
1963-06-06,2167.595
1963-06-07,2100.007
1963-06-08,2027.528
1963-06-09,2031.033
1963-06-10,1927.709
1963-06-11,1734.939
1963-06-12,1604.284
1963-06-13,1544.051
1963-06-14,1526.371
1963-06-15,1527.312
1963-06-16,1530.042
1963-06-17,1495.884
1963-06-18,1625.487
1963-06-19,1765.975
1963-06-20,1435.608
1963-06-21,1166.375
1963-06-22,1075.285
1963-06-23,1036.628
1963-06-24,1011.82
1963-06-25,983.96
1963-06-26,947.259
1963-06-27,913.522
1963-06-28,881.537
1963-06-29,848.886
1963-06-30,818.83
1963-07-01,792.315
1963-07-02,768.739
1963-07-03,745.913
1963-07-04,724.426
1963-07-05,704.987
1963-07-06,686.586
1963-07-07,666.543
1963-07-08,644.556
1963-07-09,625.12
1963-07-10,607.531
1963-07-11,590.903
1963-07-12,575.072
1963-07-13,561.479
1963-07-14,550.821
1963-07-15,539.29
1963-07-16,530.131
1963-07-17,528.245
1963-07-18,535.456
1963-07-19,545.482
1963-07-20,542.132
1963-07-21,515.21
1963-07-22,478.498
1963-07-23,445.444
1963-07-24,426.365
1963-07-25,415.398
1963-07-26,405.871
1963-07-27,398.69
1963-07-28,398.633
1963-07-29,399.113
1963-07-30,393.377
1963-07-31,389.005
1963-08-01,378.307
1963-08-02,359.284
1963-08-03,342.997
1963-08-04,334.081
1963-08-05,327.924
1963-08-06,321.707
1963-08-07,317.333
1963-08-08,319.722
1963-08-09,324.963
1963-08-10,320.922
1963-08-11,311.66
1963-08-12,299.896
1963-08-13,284.81
1963-08-14,275.041
1963-08-15,270.97
1963-08-16,269.676
1963-08-17,269.481
1963-08-18,263.5
1963-08-19,255.491
1963-08-20,250.975
1963-08-21,255.655
1963-08-22,269.001
1963-08-23,272.52
1963-08-24,262.745
1963-08-25,266.281
1963-08-26,285.498
1963-08-27,287.144
1963-08-28,264.169
1963-08-29,256.2
1963-08-30,302.012
1963-08-31,350.96
1963-09-01,347.074
1963-09-02,326.717
1963-09-03,291.062
1963-09-04,240.585
1963-09-05,206.011
1963-09-06,194.79
1963-09-07,191.288
1963-09-08,186.983
1963-09-09,187.475
1963-09-10,200.527
1963-09-11,211.937
1963-09-12,205.68
1963-09-13,196.434
1963-09-14,202.931
1963-09-15,224.866
1963-09-16,250.398
1963-09-17,254.013
1963-09-18,225.508
1963-09-19,198.411
1963-09-20,190.896
1963-09-21,198.407
1963-09-22,203.265
1963-09-23,195.36
1963-09-24,179.034
1963-09-25,163.098
1963-09-26,156.021
1963-09-27,156.125
1963-09-28,169.32
1963-09-29,202.23
1963-09-30,229.593
1963-10-01,220.861
1963-10-02,205.011
1963-10-03,217.243
1963-10-04,252.143
1963-10-05,293.846
1963-10-06,375.562
1963-10-07,492.439
1963-10-08,534.625
1963-10-09,573.363
1963-10-10,577.98
1963-10-11,482.398
1963-10-12,353.818
1963-10-13,267.656
1963-10-14,230.468
1963-10-15,230.989
1963-10-16,257.116
1963-10-17,287.417
1963-10-18,341.575
1963-10-19,402.305
1963-10-20,435.038
1963-10-21,434.125
1963-10-22,451.052
1963-10-23,466.006
1963-10-24,463.912
1963-10-25,462.402
1963-10-26,454.451
1963-10-27,403.438
1963-10-28,375.385
1963-10-29,376.944
1963-10-30,361.453
1963-10-31,359.539
1963-11-01,341.948
1963-11-02,331.517
1963-11-03,348.436
1963-11-04,332.312
1963-11-05,317.438
1963-11-06,366.905
1963-11-07,476.61
1963-11-08,641.012
1963-11-09,744.473
1963-11-10,686.557
1963-11-11,513.77
1963-11-12,386.03
1963-11-13,394.0
1963-11-14,481.905
1963-11-15,558.552
1963-11-16,650.898
1963-11-17,827.436
1963-11-18,943.444
1963-11-19,912.505
1963-11-20,757.538
1963-11-21,656.22
1963-11-22,825.25
1963-11-23,1118.794
1963-11-24,1077.269
1963-11-25,974.22
1963-11-26,1092.348
1963-11-27,1378.115
1963-11-28,1572.847
1963-11-29,1589.472
1963-11-30,1510.457
1963-12-01,1437.103
1963-12-02,1367.54
1963-12-03,1432.728
1963-12-04,1519.92
1963-12-05,1599.078
1963-12-06,1650.955
1963-12-07,1623.659
1963-12-08,1693.646
1963-12-09,1702.071
1963-12-10,1624.393
1963-12-11,1724.204
1963-12-12,1950.96
1963-12-13,2001.829
1963-12-14,1819.808
1963-12-15,1847.59
1963-12-16,2099.861
1963-12-17,2296.625
1963-12-18,2359.315
1963-12-19,2381.773
1963-12-20,2397.657
1963-12-21,2336.783
1963-12-22,2148.374
1963-12-23,1903.6
1963-12-24,1820.246
1963-12-25,1866.441
1963-12-26,1807.58
1963-12-27,1712.323
1963-12-28,1601.59
1963-12-29,1532.677
1963-12-30,1467.817
1963-12-31,1449.501
1964-01-01,1422.411
1964-01-02,1392.411
1964-01-03,1269.5
1964-01-04,1219.254
1964-01-05,1252.232
1964-01-06,1400.445
1964-01-07,1516.846
1964-01-08,1604.258
1964-01-09,1833.735
1964-01-10,2082.953
1964-01-11,2247.485
1964-01-12,2333.934
1964-01-13,2105.007
1964-01-14,1791.565
1964-01-15,1601.573
1964-01-16,1550.84
1964-01-17,1541.256
1964-01-18,1602.421
1964-01-19,1725.72
1964-01-20,1786.745
1964-01-21,1807.999
1964-01-22,1784.135
1964-01-23,1695.966
1964-01-24,1598.835
1964-01-25,1551.014
1964-01-26,1545.342
1964-01-27,1508.758
1964-01-28,1448.25
1964-01-29,1325.738
1964-01-30,1203.408
1964-01-31,1167.004
1964-02-01,1202.131
1964-02-02,1359.936
1964-02-03,1515.397
1964-02-04,1518.405
1964-02-05,1437.625
1964-02-06,1338.362
1964-02-07,1280.296
1964-02-08,1234.062
1964-02-09,1258.474
1964-02-10,1256.475
1964-02-11,1236.828
1964-02-12,1265.553
1964-02-13,1281.235
1964-02-14,1305.525
1964-02-15,1364.163
1964-02-16,1529.667
1964-02-17,1704.698
1964-02-18,1759.63
1964-02-19,1940.272
1964-02-20,2280.176
1964-02-21,2554.101
1964-02-22,3114.637
1964-02-23,3361.329
1964-02-24,2715.721
1964-02-25,2178.238
1964-02-26,1928.644
1964-02-27,1851.898
1964-02-28,1951.071
1964-02-29,2054.756
1964-03-01,2056.472
1964-03-02,2040.469
1964-03-03,2117.804
1964-03-04,2202.034
1964-03-05,2123.257
1964-03-06,2272.286
1964-03-07,2685.278
1964-03-08,3086.738
1964-03-09,3275.05
1964-03-10,2951.103
1964-03-11,2568.651
1964-03-12,2513.449
1964-03-13,2674.325
1964-03-14,2753.751
1964-03-15,2766.706
1964-03-16,2802.678
1964-03-17,2712.464
1964-03-18,2500.031
1964-03-19,2251.682
1964-03-20,2063.708
1964-03-21,2001.235
1964-03-22,2000.791
1964-03-23,1964.599
1964-03-24,2175.041
1964-03-25,2438.358
1964-03-26,2149.665
1964-03-27,1913.345
1964-03-28,1887.678
1964-03-29,1852.728
1964-03-30,1868.765
1964-03-31,1923.213
1964-04-01,1851.848
1964-04-02,1729.631
1964-04-03,1671.445
1964-04-04,1855.559
1964-04-05,2128.608
1964-04-06,2014.451
1964-04-07,1977.17
1964-04-08,2032.59
1964-04-09,1964.121
1964-04-10,1831.755
1964-04-11,1735.712
1964-04-12,1742.062
1964-04-13,1769.928
1964-04-14,1725.502
1964-04-15,1662.32
1964-04-16,1675.032
1964-04-17,1699.707
1964-04-18,1607.608
1964-04-19,1593.059
1964-04-20,1682.943
1964-04-21,1737.848
1964-04-22,1692.177
1964-04-23,1681.919
1964-04-24,1692.792
1964-04-25,1741.275
1964-04-26,1839.106
1964-04-27,1844.235
1964-04-28,1845.75
1964-04-29,1802.65
1964-04-30,1839.646
1964-05-01,1995.083
1964-05-02,2110.786
1964-05-03,2242.347
1964-05-04,2323.572
1964-05-05,2660.439
1964-05-06,3019.568
1964-05-07,2821.652
1964-05-08,2646.78
1964-05-09,2552.445
1964-05-10,2382.895
1964-05-11,2208.368
1964-05-12,2050.71
1964-05-13,1930.353
1964-05-14,1850.268
1964-05-15,1787.462
1964-05-16,1736.455
1964-05-17,1674.7
1964-05-18,1616.147
1964-05-19,1564.68
1964-05-20,1567.336
1964-05-21,1575.301
1964-05-22,1591.64
1964-05-23,1650.762
1964-05-24,1691.984
1964-05-25,1692.304
1964-05-26,1662.743
1964-05-27,1565.945
1964-05-28,1397.441
1964-05-29,1251.317
1964-05-30,1210.328
1964-05-31,1211.909
1964-06-01,1178.5
1964-06-02,1121.395
1964-06-03,1043.346
1964-06-04,956.622
1964-06-05,889.571
1964-06-06,855.93
1964-06-07,827.512
1964-06-08,795.723
1964-06-09,770.481
1964-06-10,751.737
1964-06-11,729.188
1964-06-12,701.787
1964-06-13,678.507
1964-06-14,662.909
1964-06-15,656.749
1964-06-16,644.754
1964-06-17,625.132
1964-06-18,606.74
1964-06-19,598.333
1964-06-20,601.858
1964-06-21,617.596
1964-06-22,656.448
1964-06-23,698.6
1964-06-24,699.972
1964-06-25,683.005
1964-06-26,663.996
1964-06-27,634.713
1964-06-28,617.778
1964-06-29,606.271
1964-06-30,564.615
1964-07-01,512.93
1964-07-02,496.759
1964-07-03,527.054
1964-07-04,580.262
1964-07-05,609.123
1964-07-06,605.191
1964-07-07,571.878
1964-07-08,536.238
1964-07-09,527.905
1964-07-10,521.424
1964-07-11,489.301
1964-07-12,436.795
1964-07-13,394.118
1964-07-14,373.308
1964-07-15,361.852
1964-07-16,351.09
1964-07-17,340.785
1964-07-18,334.658
1964-07-19,336.874
1964-07-20,338.476
1964-07-21,325.78
1964-07-22,308.38
1964-07-23,296.266
1964-07-24,288.518
1964-07-25,282.824
1964-07-26,276.702
1964-07-27,270.372
1964-07-28,263.73
1964-07-29,258.174
1964-07-30,255.325
1964-07-31,255.885
1964-08-01,260.032
1964-08-02,267.412
1964-08-03,278.993
1964-08-04,304.034
1964-08-05,324.372
1964-08-06,352.012
1964-08-07,370.295
1964-08-08,379.452
1964-08-09,365.058
1964-08-10,323.008
1964-08-11,315.279
1964-08-12,344.171
1964-08-13,427.305
1964-08-14,543.889
1964-08-15,632.659
1964-08-16,624.56
1964-08-17,518.942
1964-08-18,375.576
1964-08-19,252.24
1964-08-20,205.94
1964-08-21,199.066
1964-08-22,193.562
1964-08-23,188.899
1964-08-24,191.53
1964-08-25,194.99
1964-08-26,192.318
1964-08-27,191.862
1964-08-28,211.685
1964-08-29,239.33
1964-08-30,243.774
1964-08-31,235.647
1964-09-01,220.224
1964-09-02,192.551
1964-09-03,183.056
1964-09-04,196.621
1964-09-05,208.049
1964-09-06,217.531
1964-09-07,214.055
1964-09-08,203.455
1964-09-09,229.033
1964-09-10,264.779
1964-09-11,288.224
1964-09-12,290.345
1964-09-13,244.17
1964-09-14,263.204
1964-09-15,311.075
1964-09-16,362.8
1964-09-17,441.191
1964-09-18,509.047
1964-09-19,561.675
1964-09-20,571.66
1964-09-21,557.266
1964-09-22,531.133
1964-09-23,479.224
1964-09-24,484.729
1964-09-25,511.933
1964-09-26,480.592
1964-09-27,496.137
1964-09-28,603.342
1964-09-29,734.805
1964-09-30,829.47
1964-10-01,886.382
1964-10-02,941.358
1964-10-03,925.614
1964-10-04,823.258
1964-10-05,672.174
1964-10-06,543.799
1964-10-07,463.146
1964-10-08,407.758
1964-10-09,357.759
1964-10-10,370.985
1964-10-11,383.447
1964-10-12,421.815
1964-10-13,452.563
1964-10-14,476.913
1964-10-15,489.103
1964-10-16,506.235
1964-10-17,556.174
1964-10-18,595.476
1964-10-19,637.302
1964-10-20,647.803
1964-10-21,669.208
1964-10-22,652.707
1964-10-23,681.032
1964-10-24,716.316
1964-10-25,793.955
1964-10-26,922.484
1964-10-27,1129.457
1964-10-28,1360.948
1964-10-29,1258.138
1964-10-30,1053.143
1964-10-31,1003.752
1964-11-01,1074.453
1964-11-02,1147.121
1964-11-03,1263.93
1964-11-04,1298.398
1964-11-05,1165.757
1964-11-06,952.649
1964-11-07,771.687
1964-11-08,693.887
1964-11-09,769.276
1964-11-10,819.15
1964-11-11,907.51
1964-11-12,995.119
1964-11-13,1019.875
1964-11-14,980.907
1964-11-15,859.811
1964-11-16,836.481
1964-11-17,837.48
1964-11-18,859.172
1964-11-19,911.372
1964-11-20,919.469
1964-11-21,850.622
1964-11-22,715.154
1964-11-23,586.085
1964-11-24,544.099
1964-11-25,586.159
1964-11-26,723.833
1964-11-27,981.487
1964-11-28,1192.738
1964-11-29,1378.988
1964-11-30,1555.861
1964-12-01,1409.994
1964-12-02,1109.778
1964-12-03,931.651
1964-12-04,884.656
1964-12-05,951.387
1964-12-06,1026.587
1964-12-07,1218.723
1964-12-08,1512.27
1964-12-09,1607.551
1964-12-10,1489.731
1964-12-11,1404.848
1964-12-12,1298.085
1964-12-13,1193.729
1964-12-14,1190.343
1964-12-15,1323.042
1964-12-16,1411.838
1964-12-17,1435.536
1964-12-18,1455.743
1964-12-19,1515.9
1964-12-20,1507.808
1964-12-21,1286.472
1964-12-22,1013.805
1964-12-23,826.866
1964-12-24,751.911
1964-12-25,740.075
1964-12-26,718.908
1964-12-27,681.39
1964-12-28,663.749
1964-12-29,696.575
1964-12-30,820.782
1964-12-31,992.545
1965-01-01,1143.604
1965-01-02,1222.124
1965-01-03,1216.11
1965-01-04,1157.885
1965-01-05,1098.499
1965-01-06,1099.61
1965-01-07,1133.357
1965-01-08,1227.814
1965-01-09,1374.562
1965-01-10,1414.822
1965-01-11,1393.326
1965-01-12,1386.195
1965-01-13,1543.553
1965-01-14,1675.982
1965-01-15,1755.933
1965-01-16,1752.534
1965-01-17,1741.819
1965-01-18,1677.817
1965-01-19,1652.107
1965-01-20,1690.013
1965-01-21,1752.458
1965-01-22,1830.787
1965-01-23,2004.679
1965-01-24,2199.893
1965-01-25,2004.48
1965-01-26,1804.668
1965-01-27,1683.007
1965-01-28,1497.623
1965-01-29,1309.308
1965-01-30,1214.73
1965-01-31,1158.179
1965-02-01,1075.564
1965-02-02,978.092
1965-02-03,889.582
1965-02-04,852.198
1965-02-05,879.17
1965-02-06,919.36
1965-02-07,983.036
1965-02-08,1037.532
1965-02-09,1091.546
1965-02-10,1132.037
1965-02-11,1083.206
1965-02-12,994.461
1965-02-13,1030.542
1965-02-14,1115.945
1965-02-15,1142.734
1965-02-16,1217.205
1965-02-17,1255.563
1965-02-18,1174.588
1965-02-19,1130.479
1965-02-20,1165.419
1965-02-21,1171.809
1965-02-22,1086.331
1965-02-23,1032.42
1965-02-24,1062.428
1965-02-25,1072.94
1965-02-26,1101.095
1965-02-27,1087.042
1965-02-28,993.496
1965-03-01,922.448
1965-03-02,898.613
1965-03-03,928.327
1965-03-04,1048.473
1965-03-05,1116.378
1965-03-06,1060.125
1965-03-07,1059.546
1965-03-08,1074.817
1965-03-09,1120.422
1965-03-10,1083.841
1965-03-11,971.044
1965-03-12,840.63
1965-03-13,755.24
1965-03-14,727.79
1965-03-15,791.071
1965-03-16,904.123
1965-03-17,971.031
1965-03-18,1070.202
1965-03-19,1138.909
1965-03-20,1231.377
1965-03-21,1334.013
1965-03-22,1493.23
1965-03-23,1668.132
1965-03-24,1521.29
1965-03-25,1384.103
1965-03-26,1322.061
1965-03-27,1407.371
1965-03-28,1662.648
1965-03-29,1893.942
1965-03-30,2074.571
1965-03-31,2194.017
1965-04-01,2251.215
1965-04-02,2192.677
1965-04-03,1983.965
1965-04-04,1863.774
1965-04-05,2189.836
1965-04-06,2513.119
1965-04-07,2318.134
1965-04-08,2190.384
1965-04-09,2218.133
1965-04-10,2243.008
1965-04-11,2267.788
1965-04-12,2236.761
1965-04-13,2112.155
1965-04-14,1902.276
1965-04-15,1807.312
1965-04-16,2192.106
1965-04-17,2505.82
1965-04-18,2188.191
1965-04-19,1922.516
1965-04-20,1836.178
1965-04-21,1870.211
1965-04-22,2150.737
1965-04-23,2194.049
1965-04-24,2135.425
1965-04-25,2201.201
1965-04-26,2116.267
1965-04-27,2096.292
1965-04-28,2252.683
1965-04-29,2291.684
1965-04-30,2271.855
1965-05-01,2087.624
1965-05-02,1948.781
1965-05-03,1989.598
1965-05-04,2079.701
1965-05-05,2149.678
1965-05-06,2255.578
1965-05-07,2345.05
1965-05-08,2381.042
1965-05-09,2330.625
1965-05-10,2195.211
1965-05-11,2113.154
1965-05-12,2123.341
1965-05-13,2103.524
1965-05-14,2066.46
1965-05-15,2062.318
1965-05-16,2057.713
1965-05-17,2084.383
1965-05-18,2062.757
1965-05-19,1931.08
1965-05-20,1765.49
1965-05-21,1633.71
1965-05-22,1553.61
1965-05-23,1502.64
1965-05-24,1449.49
1965-05-25,1391.918
1965-05-26,1323.258
1965-05-27,1268.909
1965-05-28,1286.872
1965-05-29,1367.421
1965-05-30,1430.178
1965-05-31,1413.579
1965-06-01,1356.539
1965-06-02,1304.635
1965-06-03,1254.46
1965-06-04,1231.852
1965-06-05,1220.609
1965-06-06,1202.01
1965-06-07,1220.64
1965-06-08,1207.702
1965-06-09,1132.758
1965-06-10,1054.064
1965-06-11,1041.48
1965-06-12,1040.047
1965-06-13,980.162
1965-06-14,883.54
1965-06-15,808.567
1965-06-16,758.136
1965-06-17,723.021
1965-06-18,698.95
1965-06-19,690.582
1965-06-20,693.401
1965-06-21,701.807
1965-06-22,676.172
1965-06-23,611.983
1965-06-24,561.172
1965-06-25,534.213
1965-06-26,517.499
1965-06-27,502.963
1965-06-28,489.222
1965-06-29,478.24
1965-06-30,467.91
1965-07-01,454.963
1965-07-02,441.003
1965-07-03,427.973
1965-07-04,416.241
1965-07-05,404.648
1965-07-06,391.648
1965-07-07,379.805
1965-07-08,370.317
1965-07-09,361.653
1965-07-10,351.909
1965-07-11,342.602
1965-07-12,334.68
1965-07-13,327.51
1965-07-14,320.885
1965-07-15,313.947
1965-07-16,306.315
1965-07-17,299.703
1965-07-18,294.669
1965-07-19,292.067
1965-07-20,291.06
1965-07-21,293.784
1965-07-22,300.758
1965-07-23,294.436
1965-07-24,280.54
1965-07-25,266.643
1965-07-26,253.067
1965-07-27,244.17
1965-07-28,238.412
1965-07-29,236.011
1965-07-30,233.372
1965-07-31,234.766
1965-08-01,234.105
1965-08-02,223.705
1965-08-03,218.666
1965-08-04,218.05
1965-08-05,217.474
1965-08-06,215.341
1965-08-07,214.456
1965-08-08,217.504
1965-08-09,213.302
1965-08-10,200.362
1965-08-11,190.921
1965-08-12,186.764
1965-08-13,184.976
1965-08-14,182.617
1965-08-15,178.035
1965-08-16,173.44
1965-08-17,168.407
1965-08-18,166.265
1965-08-19,170.959
1965-08-20,174.51
1965-08-21,173.52
1965-08-22,172.093
1965-08-23,175.319
1965-08-24,182.249
1965-08-25,174.584
1965-08-26,158.648
1965-08-27,155.128
1965-08-28,165.658
1965-08-29,172.635
1965-08-30,165.61
1965-08-31,159.396
1965-09-01,153.791
1965-09-02,141.554
1965-09-03,136.665
1965-09-04,152.661
1965-09-05,180.608
1965-09-06,188.438
1965-09-07,169.078
1965-09-08,143.114
1965-09-09,133.166
1965-09-10,144.565
1965-09-11,166.841
1965-09-12,190.837
1965-09-13,209.376
1965-09-14,197.652
1965-09-15,178.633
1965-09-16,191.94
1965-09-17,213.936
1965-09-18,259.552
1965-09-19,350.094
1965-09-20,454.841
1965-09-21,545.614
1965-09-22,548.132
1965-09-23,420.057
1965-09-24,309.349
1965-09-25,273.242
1965-09-26,279.742
1965-09-27,314.871
1965-09-28,357.728
1965-09-29,356.552
1965-09-30,304.535
1965-10-01,255.674
1965-10-02,215.97
1965-10-03,214.026
1965-10-04,203.402
1965-10-05,184.972
1965-10-06,189.309
1965-10-07,205.941
1965-10-08,222.286
1965-10-09,302.155
1965-10-10,383.018
1965-10-11,333.01
1965-10-12,337.44
1965-10-13,379.493
1965-10-14,348.1
1965-10-15,242.86
1965-10-16,164.844
1965-10-17,141.758
1965-10-18,146.43
1965-10-19,179.666
1965-10-20,203.025
1965-10-21,194.795
1965-10-22,199.76
1965-10-23,252.319
1965-10-24,301.751
1965-10-25,293.293
1965-10-26,268.779
1965-10-27,278.994
1965-10-28,315.608
1965-10-29,354.691
1965-10-30,375.544
1965-10-31,462.62
1965-11-01,643.017
1965-11-02,890.311
1965-11-03,1148.331
1965-11-04,1258.911
1965-11-05,1201.511
1965-11-06,1126.555
1965-11-07,1092.566
1965-11-08,1124.635
1965-11-09,1196.06
1965-11-10,1179.225
1965-11-11,1169.058
1965-11-12,1136.282
1965-11-13,1239.11
1965-11-14,1490.794
1965-11-15,1575.409
1965-11-16,1483.031
1965-11-17,1343.808
1965-11-18,1154.858
1965-11-19,1106.78
1965-11-20,1147.175
1965-11-21,1328.673
1965-11-22,1458.438
1965-11-23,1355.776
1965-11-24,1151.353
1965-11-25,1070.421
1965-11-26,1174.599
1965-11-27,1317.862
1965-11-28,1330.38
1965-11-29,1307.169
1965-11-30,1323.158
1965-12-01,1407.051
1965-12-02,1430.209
1965-12-03,1361.201
1965-12-04,1230.832
1965-12-05,1150.735
1965-12-06,1161.455
1965-12-07,1260.622
1965-12-08,1376.228
1965-12-09,1399.763
1965-12-10,1344.042
1965-12-11,1307.72
1965-12-12,1336.283
1965-12-13,1337.197
1965-12-14,1369.963
1965-12-15,1492.663
1965-12-16,1575.153
1965-12-17,1796.312
1965-12-18,2126.825
1965-12-19,2158.742
1965-12-20,1990.535
1965-12-21,1869.867
1965-12-22,1858.236
1965-12-23,1784.193
1965-12-24,1560.368
1965-12-25,1342.78
1965-12-26,1246.352
1965-12-27,1310.594
1965-12-28,1403.776
1965-12-29,1559.064
1965-12-30,1718.276
1965-12-31,1842.634
1966-01-01,1870.026
1966-01-02,1841.344
1966-01-03,1748.79
1966-01-04,1696.86
1966-01-05,1631.625
1966-01-06,1562.615
1966-01-07,1464.416
1966-01-08,1369.275
1966-01-09,1404.528
1966-01-10,1520.951
1966-01-11,1618.733
1966-01-12,1631.175
1966-01-13,1611.224
1966-01-14,1562.492
1966-01-15,1417.679
1966-01-16,1306.161
1966-01-17,1305.887
1966-01-18,1352.519
1966-01-19,1294.3
1966-01-20,1199.105
1966-01-21,1109.373
1966-01-22,1115.937
1966-01-23,1122.727
1966-01-24,1064.957
1966-01-25,1072.324
1966-01-26,1153.778
1966-01-27,1263.986
1966-01-28,1322.128
1966-01-29,1293.102
1966-01-30,1189.475
1966-01-31,1126.379
1966-02-01,1109.232
1966-02-02,1073.399
1966-02-03,1097.2
1966-02-04,1163.08
1966-02-05,1265.972
1966-02-06,1370.39
1966-02-07,1311.961
1966-02-08,1179.852
1966-02-09,1077.336
1966-02-10,1053.54
1966-02-11,1074.801
1966-02-12,1141.845
1966-02-13,1241.6
1966-02-14,1304.814
1966-02-15,1396.258
1966-02-16,1533.468
1966-02-17,1470.633
1966-02-18,1257.757
1966-02-19,1162.66
1966-02-20,1224.249
1966-02-21,1314.881
1966-02-22,1514.791
1966-02-23,1721.692
1966-02-24,1872.301
1966-02-25,1885.54
1966-02-26,1769.165
1966-02-27,1736.295
1966-02-28,1686.337
1966-03-01,1651.37
1966-03-02,1738.822
1966-03-03,1977.395
1966-03-04,2633.833
1966-03-05,3293.277
1966-03-06,3290.795
1966-03-07,2868.77
1966-03-08,2654.069
1966-03-09,2572.168
1966-03-10,2440.697
1966-03-11,2183.867
1966-03-12,1978.225
1966-03-13,2038.501
1966-03-14,2325.897
1966-03-15,2596.959
1966-03-16,3008.721
1966-03-17,3243.516
1966-03-18,2752.812
1966-03-19,2248.22
1966-03-20,2053.878
1966-03-21,2149.269
1966-03-22,2382.298
1966-03-23,2507.904
1966-03-24,2517.201
1966-03-25,2252.366
1966-03-26,2186.191
1966-03-27,2265.398
1966-03-28,2388.735
1966-03-29,2625.06
1966-03-30,2664.14
1966-03-31,2405.476
1966-04-01,2266.842
1966-04-02,2175.58
1966-04-03,2193.437
1966-04-04,2345.552
1966-04-05,2394.647
1966-04-06,2322.709
1966-04-07,2205.337
1966-04-08,2158.137
1966-04-09,2216.435
1966-04-10,2190.376
1966-04-11,2060.515
1966-04-12,2038.747
1966-04-13,2052.123
1966-04-14,1914.333
1966-04-15,1794.14
1966-04-16,1754.158
1966-04-17,1719.098
1966-04-18,1686.708
1966-04-19,1575.866
1966-04-20,1510.844
1966-04-21,1640.472
1966-04-22,1737.734
1966-04-23,1590.148
1966-04-24,1568.317
1966-04-25,1916.091
1966-04-26,2232.132
1966-04-27,2060.427
1966-04-28,1887.53
1966-04-29,1880.952
1966-04-30,1909.189
1966-05-01,1830.303
1966-05-02,1711.769
1966-05-03,1938.721
1966-05-04,2190.933
1966-05-05,1900.417
1966-05-06,1679.942
1966-05-07,1739.397
1966-05-08,1978.018
1966-05-09,2127.743
1966-05-10,2077.024
1966-05-11,2013.126
1966-05-12,1955.961
1966-05-13,1860.043
1966-05-14,1707.2
1966-05-15,1590.073
1966-05-16,1561.847
1966-05-17,1553.528
1966-05-18,1507.872
1966-05-19,1541.061
1966-05-20,1595.265
1966-05-21,1634.288
1966-05-22,1599.481
1966-05-23,1524.73
1966-05-24,1493.497
1966-05-25,1419.94
1966-05-26,1320.855
1966-05-27,1217.883
1966-05-28,1101.186
1966-05-29,1021.909
1966-05-30,963.083
1966-05-31,906.405
1966-06-01,855.848
1966-06-02,805.402
1966-06-03,766.138
1966-06-04,735.868
1966-06-05,716.999
1966-06-06,710.248
1966-06-07,718.416
1966-06-08,739.831
1966-06-09,791.622
1966-06-10,862.199
1966-06-11,876.827
1966-06-12,803.342
1966-06-13,713.562
1966-06-14,675.755
1966-06-15,685.431
1966-06-16,691.372
1966-06-17,663.169
1966-06-18,617.158
1966-06-19,574.575
1966-06-20,545.346
1966-06-21,517.551
1966-06-22,499.904
1966-06-23,489.409
1966-06-24,479.834
1966-06-25,474.992
1966-06-26,481.678
1966-06-27,503.052
1966-06-28,533.0
1966-06-29,582.502
1966-06-30,622.196
1966-07-01,594.845
1966-07-02,518.419
1966-07-03,446.61
1966-07-04,396.817
1966-07-05,369.72
1966-07-06,356.808
1966-07-07,350.894
1966-07-08,349.751
1966-07-09,351.187
1966-07-10,349.279
1966-07-11,337.015
1966-07-12,317.615
1966-07-13,302.886
1966-07-14,296.136
1966-07-15,289.217
1966-07-16,281.077
1966-07-17,275.453
1966-07-18,270.008
1966-07-19,262.602
1966-07-20,255.864
1966-07-21,254.315
1966-07-22,257.961
1966-07-23,263.956
1966-07-24,283.247
1966-07-25,319.799
1966-07-26,349.011
1966-07-27,350.005
1966-07-28,311.771
1966-07-29,256.532
1966-07-30,224.651
1966-07-31,214.86
1966-08-01,213.648
1966-08-02,209.435
1966-08-03,201.294
1966-08-04,198.154
1966-08-05,202.055
1966-08-06,200.281
1966-08-07,190.628
1966-08-08,183.543
1966-08-09,179.1
1966-08-10,174.555
1966-08-11,170.505
1966-08-12,167.518
1966-08-13,165.675
1966-08-14,163.861
1966-08-15,160.663
1966-08-16,157.048
1966-08-17,153.9
1966-08-18,153.412
1966-08-19,152.062
1966-08-20,151.875
1966-08-21,152.07
1966-08-22,155.138
1966-08-23,164.738
1966-08-24,174.841
1966-08-25,172.076
1966-08-26,151.106
1966-08-27,140.644
1966-08-28,164.5
1966-08-29,205.593
1966-08-30,248.454
1966-08-31,313.163
1966-09-01,401.69
1966-09-02,459.167
1966-09-03,457.665
1966-09-04,427.541
1966-09-05,413.664
1966-09-06,396.813
1966-09-07,379.15
1966-09-08,487.796
1966-09-09,613.802
1966-09-10,730.877
1966-09-11,868.44
1966-09-12,912.075
1966-09-13,887.746
1966-09-14,893.994
1966-09-15,958.535
1966-09-16,972.724
1966-09-17,938.321
1966-09-18,869.402
1966-09-19,724.573
1966-09-20,554.827
1966-09-21,477.531
1966-09-22,551.208
1966-09-23,719.232
1966-09-24,769.192
1966-09-25,740.318
1966-09-26,833.631
1966-09-27,978.577
1966-09-28,980.332
1966-09-29,784.516
1966-09-30,588.468
1966-10-01,528.3
1966-10-02,493.534
1966-10-03,416.939
1966-10-04,336.172
1966-10-05,297.389
1966-10-06,266.065
1966-10-07,258.428
1966-10-08,273.988
1966-10-09,320.815
1966-10-10,374.138
1966-10-11,445.341
1966-10-12,540.759
1966-10-13,600.723
1966-10-14,610.122
1966-10-15,601.593
1966-10-16,554.748
1966-10-17,439.644
1966-10-18,323.948
1966-10-19,264.803
1966-10-20,237.232
1966-10-21,245.152
1966-10-22,290.172
1966-10-23,386.405
1966-10-24,562.358
1966-10-25,699.61
1966-10-26,734.027
1966-10-27,707.081
1966-10-28,638.431
1966-10-29,553.288
1966-10-30,578.823
1966-10-31,677.818
1966-11-01,602.749
1966-11-02,524.962
1966-11-03,501.215
1966-11-04,551.736
1966-11-05,708.239
1966-11-06,897.444
1966-11-07,1041.679
1966-11-08,1108.261
1966-11-09,1082.008
1966-11-10,1061.906
1966-11-11,1090.647
1966-11-12,1139.898
1966-11-13,1038.631
1966-11-14,1035.977
1966-11-15,1165.748
1966-11-16,1324.103
1966-11-17,1431.068
1966-11-18,1547.707
1966-11-19,1687.809
1966-11-20,1827.154
1966-11-21,1841.03
1966-11-22,1536.422
1966-11-23,1304.038
1966-11-24,1211.358
1966-11-25,1151.528
1966-11-26,1211.923
1966-11-27,1392.743
1966-11-28,1572.867
1966-11-29,1581.672
1966-11-30,1283.99
1966-12-01,992.635
1966-12-02,899.463
1966-12-03,918.615
1966-12-04,909.445
1966-12-05,991.638
1966-12-06,1212.175
1966-12-07,1471.93
1966-12-08,1475.463
1966-12-09,1331.214
1966-12-10,1146.578
1966-12-11,989.369
1966-12-12,894.641
1966-12-13,780.415
1966-12-14,694.558
1966-12-15,698.458
1966-12-16,727.503
1966-12-17,747.523
1966-12-18,808.539
1966-12-19,940.215
1966-12-20,1079.224
1966-12-21,1087.412
1966-12-22,992.615
1966-12-23,881.834
1966-12-24,795.683
1966-12-25,741.89
1966-12-26,747.033
1966-12-27,752.727
1966-12-28,737.913
1966-12-29,691.512
1966-12-30,662.92
1966-12-31,649.42
1967-01-01,636.844
1967-01-02,615.575
1967-01-03,599.604
1967-01-04,596.6
1967-01-05,564.447
1967-01-06,540.705
1967-01-07,543.841
1967-01-08,564.033
1967-01-09,560.228
1967-01-10,569.712
1967-01-11,642.723
1967-01-12,751.859
1967-01-13,817.576
1967-01-14,778.657
1967-01-15,687.512
1967-01-16,589.498
1967-01-17,510.214
1967-01-18,467.297
1967-01-19,464.86
1967-01-20,513.88
1967-01-21,553.776
1967-01-22,534.21
1967-01-23,512.772
1967-01-24,515.288
1967-01-25,595.495
1967-01-26,660.234
1967-01-27,666.838
1967-01-28,655.225
1967-01-29,652.545
1967-01-30,689.286
1967-01-31,705.131
1967-02-01,646.931
1967-02-02,547.088
1967-02-03,495.384
1967-02-04,553.213
1967-02-05,648.86
1967-02-06,672.27
1967-02-07,715.009
1967-02-08,771.944
1967-02-09,764.465
1967-02-10,787.398
1967-02-11,837.827
1967-02-12,818.312
1967-02-13,727.927
1967-02-14,630.557
1967-02-15,576.693
1967-02-16,555.634
1967-02-17,528.46
1967-02-18,516.841
1967-02-19,542.026
1967-02-20,623.365
1967-02-21,742.386
1967-02-22,891.239
1967-02-23,986.518
1967-02-24,979.361
1967-02-25,890.432
1967-02-26,802.173
1967-02-27,769.866
1967-02-28,641.326
1967-03-01,550.938
1967-03-02,583.268
1967-03-03,621.155
1967-03-04,599.75
1967-03-05,540.86
1967-03-06,531.088
1967-03-07,600.875
1967-03-08,708.316
1967-03-09,765.571
1967-03-10,724.28
1967-03-11,638.942
1967-03-12,603.369
1967-03-13,682.046
1967-03-14,774.531
1967-03-15,852.509
1967-03-16,917.697
1967-03-17,969.165
1967-03-18,1071.997
1967-03-19,1230.441
1967-03-20,1397.688
1967-03-21,1591.241
1967-03-22,1577.531
1967-03-23,1464.385
1967-03-24,1339.468
1967-03-25,1355.777
1967-03-26,1489.359
1967-03-27,1478.085
1967-03-28,1542.85
1967-03-29,1849.326
1967-03-30,2464.279
1967-03-31,2626.326
1967-04-01,1958.058
1967-04-02,1432.544
1967-04-03,1219.935
1967-04-04,1140.47
1967-04-05,1120.012
1967-04-06,1051.455
1967-04-07,992.925
1967-04-08,1155.742
1967-04-09,1386.002
1967-04-10,1336.907
1967-04-11,1473.245
1967-04-12,1636.366
1967-04-13,2102.625
1967-04-14,2033.961
1967-04-15,1671.003
1967-04-16,1452.857
1967-04-17,1412.492
1967-04-18,1444.542
1967-04-19,1470.457
1967-04-20,1600.799
1967-04-21,1684.472
1967-04-22,1905.929
1967-04-23,2164.514
1967-04-24,2248.532
1967-04-25,2153.105
1967-04-26,2007.335
1967-04-27,1985.802
1967-04-28,2121.4
1967-04-29,2605.398
1967-04-30,3416.801
1967-05-01,3895.157
1967-05-02,3446.825
1967-05-03,2810.918
1967-05-04,2470.202
1967-05-05,2271.866
1967-05-06,2169.31
1967-05-07,2073.997
1967-05-08,2038.13
1967-05-09,2099.316
1967-05-10,2265.079
1967-05-11,2526.091
1967-05-12,2598.567
1967-05-13,2491.48
1967-05-14,2449.37
1967-05-15,2370.909
1967-05-16,2195.947
1967-05-17,2071.64
1967-05-18,2024.482
1967-05-19,2046.345
1967-05-20,2139.074
1967-05-21,2174.782
1967-05-22,2258.655
1967-05-23,2374.609
1967-05-24,2453.974
1967-05-25,2417.449
1967-05-26,2256.152
1967-05-27,2092.242
1967-05-28,2002.137
1967-05-29,1926.207
1967-05-30,1877.475
1967-05-31,1843.742
1967-06-01,1779.96
1967-06-02,1783.0
1967-06-03,1814.144
1967-06-04,1846.782
1967-06-05,1816.513
1967-06-06,1655.712
1967-06-07,1513.219
1967-06-08,1448.889
1967-06-09,1356.622
1967-06-10,1196.323
1967-06-11,1100.105
1967-06-12,1085.269
1967-06-13,1101.67
1967-06-14,1140.526
1967-06-15,1174.641
1967-06-16,1201.638
1967-06-17,1182.107
1967-06-18,1085.433
1967-06-19,995.879
1967-06-20,913.868
1967-06-21,824.847
1967-06-22,751.908
1967-06-23,715.758
1967-06-24,706.156
1967-06-25,699.389
1967-06-26,694.363
1967-06-27,711.53
1967-06-28,718.205
1967-06-29,705.892
1967-06-30,695.443
1967-07-01,679.686
1967-07-02,645.78
1967-07-03,614.858
1967-07-04,601.54
1967-07-05,630.811
1967-07-06,662.543
1967-07-07,686.139
1967-07-08,706.503
1967-07-09,688.498
1967-07-10,639.268
1967-07-11,607.826
1967-07-12,612.469
1967-07-13,595.151
1967-07-14,565.322
1967-07-15,570.892
1967-07-16,599.906
1967-07-17,643.428
1967-07-18,671.994
1967-07-19,673.054
1967-07-20,638.544
1967-07-21,583.139
1967-07-22,526.839
1967-07-23,499.885
1967-07-24,479.964
1967-07-25,440.102
1967-07-26,403.693
1967-07-27,381.783
1967-07-28,369.418
1967-07-29,358.535
1967-07-30,354.565
1967-07-31,363.383
1967-08-01,413.1
1967-08-02,468.016
1967-08-03,448.959
1967-08-04,407.564
1967-08-05,380.508
1967-08-06,389.329
1967-08-07,379.355
1967-08-08,315.117
1967-08-09,279.21
1967-08-10,280.667
1967-08-11,295.502
1967-08-12,309.998
1967-08-13,294.8
1967-08-14,259.733
1967-08-15,238.862
1967-08-16,230.609
1967-08-17,225.381
1967-08-18,220.818
1967-08-19,216.243
1967-08-20,212.915
1967-08-21,210.372
1967-08-22,207.723
1967-08-23,205.338
1967-08-24,208.585
1967-08-25,217.855
1967-08-26,214.673
1967-08-27,205.625
1967-08-28,198.975
1967-08-29,192.821
1967-08-30,186.888
1967-08-31,183.254
1967-09-01,186.618
1967-09-02,198.085
1967-09-03,200.324
1967-09-04,187.632
1967-09-05,172.958
1967-09-06,161.383
1967-09-07,159.421
1967-09-08,168.185
1967-09-09,180.925
1967-09-10,180.526
1967-09-11,166.796
1967-09-12,162.455
1967-09-13,161.062
1967-09-14,158.02
1967-09-15,154.825
1967-09-16,147.381
1967-09-17,143.287
1967-09-18,138.428
1967-09-19,136.669
1967-09-20,139.002
1967-09-21,148.272
1967-09-22,184.349
1967-09-23,246.12
1967-09-24,298.521
1967-09-25,279.363
1967-09-26,215.069
1967-09-27,165.773
1967-09-28,177.243
1967-09-29,214.255
1967-09-30,300.237
1967-10-01,380.444
1967-10-02,480.658
1967-10-03,695.002
1967-10-04,911.629
1967-10-05,886.127
1967-10-06,804.471
1967-10-07,896.008
1967-10-08,982.249
1967-10-09,909.492
1967-10-10,842.598
1967-10-11,844.225
1967-10-12,881.943
1967-10-13,938.003
1967-10-14,1013.643
1967-10-15,1091.732
1967-10-16,1111.89
1967-10-17,1013.231
1967-10-18,774.933
1967-10-19,513.579
1967-10-20,382.62
1967-10-21,374.669
1967-10-22,386.166
1967-10-23,406.57
1967-10-24,501.106
1967-10-25,599.46
1967-10-26,615.572
1967-10-27,581.302
1967-10-28,545.08
1967-10-29,495.912
1967-10-30,533.455
1967-10-31,662.417
1967-11-01,810.321
1967-11-02,935.544
1967-11-03,1035.495
1967-11-04,1215.793
1967-11-05,1362.552
1967-11-06,1411.762
1967-11-07,1379.878
1967-11-08,1319.871
1967-11-09,1254.781
1967-11-10,1178.687
1967-11-11,1181.052
1967-11-12,1258.356
1967-11-13,1373.177
1967-11-14,1408.427
1967-11-15,1346.172
1967-11-16,1320.562
1967-11-17,1318.575
1967-11-18,1231.23
1967-11-19,1177.831
1967-11-20,1185.98
1967-11-21,1170.78
1967-11-22,1166.539
1967-11-23,1044.783
1967-11-24,1109.312
1967-11-25,1201.47
1967-11-26,1237.37
1967-11-27,1257.76
1967-11-28,1246.822
1967-11-29,1297.408
1967-11-30,1453.234
1967-12-01,1716.704
1967-12-02,2152.926
1967-12-03,2400.092
1967-12-04,2130.15
1967-12-05,1978.935
1967-12-06,1989.602
1967-12-07,1926.792
1967-12-08,1860.422
1967-12-09,1886.959
1967-12-10,1957.654
1967-12-11,1955.856
1967-12-12,1880.771
1967-12-13,1775.84
1967-12-14,1760.519
1967-12-15,1782.248
1967-12-16,1762.506
1967-12-17,1737.035
1967-12-18,1757.4
1967-12-19,1806.474
1967-12-20,1719.525
1967-12-21,1558.882
1967-12-22,1493.893
1967-12-23,1365.763
1967-12-24,1221.189
1967-12-25,1112.367
1967-12-26,1063.79
1967-12-27,1032.984
1967-12-28,1021.182
1967-12-29,1128.105
1967-12-30,1350.289
1967-12-31,1502.04
1968-01-01,1603.219
1968-01-02,1678.206
1968-01-03,1623.83
1968-01-04,1615.847
1968-01-05,1606.365
1968-01-06,1546.99
1968-01-07,1585.057
1968-01-08,1619.745
1968-01-09,1536.646
1968-01-10,1406.193
1968-01-11,1313.994
1968-01-12,1582.347
1968-01-13,1820.898
1968-01-14,1511.674
1968-01-15,1212.329
1968-01-16,1065.844
1968-01-17,1049.276
1968-01-18,1121.228
1968-01-19,1223.588
1968-01-20,1319.287
1968-01-21,1329.283
1968-01-22,1319.084
1968-01-23,1462.634
1968-01-24,1776.612
1968-01-25,1926.824
1968-01-26,1551.825
1968-01-27,1246.751
1968-01-28,1097.985
1968-01-29,1065.937
1968-01-30,1129.287
1968-01-31,1266.47
1968-02-01,1395.648
1968-02-02,1470.112
1968-02-03,1471.47
1968-02-04,1520.891
1968-02-05,1647.216
1968-02-06,1700.916
1968-02-07,1896.621
1968-02-08,2189.08
1968-02-09,1908.054
1968-02-10,1509.067
1968-02-11,1337.321
1968-02-12,1253.785
1968-02-13,1182.654
1968-02-14,1167.215
1968-02-15,1245.56
1968-02-16,1310.395
1968-02-17,1367.697
1968-02-18,1458.192
1968-02-19,1531.64
1968-02-20,1509.446
1968-02-21,1521.246
1968-02-22,1507.558
1968-02-23,1584.747
1968-02-24,1596.573
1968-02-25,1593.699
1968-02-26,1732.685
1968-02-27,1897.29
1968-02-28,2018.385
1968-02-29,1948.323
1968-03-01,1984.188
1968-03-02,2169.964
1968-03-03,2314.635
1968-03-04,2464.162
1968-03-05,2649.214
1968-03-06,2829.466
1968-03-07,2916.628
1968-03-08,3075.168
1968-03-09,3239.124
1968-03-10,3403.028
1968-03-11,3926.891
1968-03-12,4423.55
1968-03-13,4421.022
1968-03-14,4480.112
1968-03-15,4304.435
1968-03-16,3995.707
1968-03-17,3694.842
1968-03-18,3638.177
1968-03-19,3696.992
1968-03-20,3682.613
1968-03-21,3641.778
1968-03-22,3999.224
1968-03-23,4874.97
1968-03-24,5387.618
1968-03-25,4817.797
1968-03-26,4201.428
1968-03-27,3879.54
1968-03-28,3927.773
1968-03-29,3914.969
1968-03-30,3688.863
1968-03-31,3642.526
1968-04-01,3668.798
1968-04-02,3582.739
1968-04-03,3510.314
1968-04-04,3470.298
1968-04-05,3516.36
1968-04-06,3696.42
1968-04-07,3884.513
1968-04-08,3889.031
1968-04-09,3840.332
1968-04-10,3754.831
1968-04-11,3539.842
1968-04-12,3606.983
1968-04-13,3932.113
1968-04-14,4317.932
1968-04-15,4422.088
1968-04-16,3932.784
1968-04-17,3645.87
1968-04-18,3511.765
1968-04-19,3360.614
1968-04-20,3210.72
1968-04-21,3079.561
1968-04-22,3118.756
1968-04-23,3234.758
1968-04-24,3385.024
1968-04-25,3452.751
1968-04-26,3450.725
1968-04-27,3300.953
1968-04-28,3376.015
1968-04-29,3629.737
1968-04-30,3767.049
1968-05-01,4294.541
1968-05-02,4306.761
1968-05-03,3916.082
1968-05-04,3804.368
1968-05-05,4165.055
1968-05-06,4424.088
1968-05-07,4786.256
1968-05-08,5131.965
1968-05-09,5280.196
1968-05-10,5378.58
1968-05-11,5042.202
1968-05-12,4604.88
1968-05-13,4463.942
1968-05-14,4506.357
1968-05-15,4777.228
1968-05-16,5003.047
1968-05-17,4836.95
1968-05-18,4558.946
1968-05-19,4262.806
1968-05-20,3928.231
1968-05-21,3698.835
1968-05-22,3526.011
1968-05-23,3347.572
1968-05-24,3223.302
1968-05-25,3126.543
1968-05-26,3001.353
1968-05-27,2808.883
1968-05-28,2600.723
1968-05-29,2424.483
1968-05-30,2231.378
1968-05-31,2065.982
1968-06-01,1954.293
1968-06-02,1877.791
1968-06-03,1832.224
1968-06-04,1839.708
1968-06-05,1844.634
1968-06-06,1879.198
1968-06-07,1849.965
1968-06-08,1783.082
1968-06-09,1655.931
1968-06-10,1561.446
1968-06-11,1522.532
1968-06-12,1521.91
1968-06-13,1525.618
1968-06-14,1553.508
1968-06-15,1583.332
1968-06-16,1593.788
1968-06-17,1605.612
1968-06-18,1684.57
1968-06-19,1672.467
1968-06-20,1500.371
1968-06-21,1381.069
1968-06-22,1289.145
1968-06-23,1178.111
1968-06-24,1060.602
1968-06-25,1030.066
1968-06-26,1058.005
1968-06-27,1035.115
1968-06-28,972.735
1968-06-29,933.99
1968-06-30,888.928
1968-07-01,875.79
1968-07-02,899.578
1968-07-03,969.615
1968-07-04,1059.587
1968-07-05,1081.85
1968-07-06,1042.115
1968-07-07,947.824
1968-07-08,816.195
1968-07-09,715.137
1968-07-10,664.856
1968-07-11,642.431
1968-07-12,628.728
1968-07-13,615.012
1968-07-14,599.938
1968-07-15,586.006
1968-07-16,573.363
1968-07-17,563.167
1968-07-18,554.396
1968-07-19,545.2
1968-07-20,547.953
1968-07-21,552.16
1968-07-22,537.871
1968-07-23,521.134
1968-07-24,500.714
1968-07-25,478.22
1968-07-26,461.622
1968-07-27,449.897
1968-07-28,440.04
1968-07-29,430.794
1968-07-30,421.968
1968-07-31,414.482
1968-08-01,408.692
1968-08-02,399.302
1968-08-03,388.398
1968-08-04,381.718
1968-08-05,376.96
1968-08-06,372.036
1968-08-07,363.574
1968-08-08,354.949
1968-08-09,359.921
1968-08-10,368.6
1968-08-11,361.457
1968-08-12,343.236
1968-08-13,322.97
1968-08-14,310.221
1968-08-15,302.952
1968-08-16,296.563
1968-08-17,290.072
1968-08-18,284.108
1968-08-19,278.462
1968-08-20,272.585
1968-08-21,267.198
1968-08-22,262.482
1968-08-23,259.11
1968-08-24,253.82
1968-08-25,247.628
1968-08-26,242.569
1968-08-27,238.14
1968-08-28,233.961
1968-08-29,230.42
1968-08-30,228.16
1968-08-31,229.667
1968-09-01,228.747
1968-09-02,221.51
1968-09-03,214.665
1968-09-04,209.607
1968-09-05,206.78
1968-09-06,204.959
1968-09-07,202.818
1968-09-08,201.441
1968-09-09,201.119
1968-09-10,199.969
1968-09-11,192.911
1968-09-12,185.614
1968-09-13,183.179
1968-09-14,183.355
1968-09-15,188.235
1968-09-16,212.769
1968-09-17,263.0
1968-09-18,333.964
1968-09-19,393.017
1968-09-20,399.164
1968-09-21,348.232
1968-09-22,256.812
1968-09-23,190.035
1968-09-24,167.7
1968-09-25,164.464
1968-09-26,161.401
1968-09-27,160.165
1968-09-28,164.596
1968-09-29,175.093
1968-09-30,196.571
1968-10-01,224.999
1968-10-02,269.294
1968-10-03,311.695
1968-10-04,287.222
1968-10-05,220.424
1968-10-06,185.063
1968-10-07,169.209
1968-10-08,159.655
1968-10-09,157.177
1968-10-10,169.24
1968-10-11,201.867
1968-10-12,220.953
1968-10-13,205.875
1968-10-14,188.309
1968-10-15,211.493
1968-10-16,244.726
1968-10-17,238.729
1968-10-18,211.837
1968-10-19,214.416
1968-10-20,234.57
1968-10-21,237.455
1968-10-22,226.862
1968-10-23,199.785
1968-10-24,203.238
1968-10-25,284.957
1968-10-26,324.326
1968-10-27,401.899
1968-10-28,491.46
1968-10-29,545.63
1968-10-30,556.781
1968-10-31,516.558
1968-11-01,485.906
1968-11-02,521.594
1968-11-03,579.248
1968-11-04,631.933
1968-11-05,676.18
1968-11-06,725.788
1968-11-07,782.139
1968-11-08,807.65
1968-11-09,874.108
1968-11-10,1034.435
1968-11-11,1410.906
1968-11-12,1984.443
1968-11-13,1938.898
1968-11-14,1395.135
1968-11-15,1217.817
1968-11-16,1219.987
1968-11-17,1217.579
1968-11-18,1220.059
1968-11-19,1213.392
1968-11-20,1224.793
1968-11-21,1242.748
1968-11-22,1177.33
1968-11-23,1180.618
1968-11-24,1262.27
1968-11-25,1314.115
1968-11-26,1372.978
1968-11-27,1442.133
1968-11-28,1294.211
1968-11-29,1282.525
1968-11-30,1396.434
1968-12-01,1251.852
1968-12-02,1026.733
1968-12-03,928.288
1968-12-04,911.545
1968-12-05,964.991
1968-12-06,1167.213
1968-12-07,1442.252
1968-12-08,1663.159
1968-12-09,1782.278
1968-12-10,1694.326
1968-12-11,1475.202
1968-12-12,1399.323
1968-12-13,1377.492
1968-12-14,1467.476
1968-12-15,1575.389
1968-12-16,1582.377
1968-12-17,1511.392
1968-12-18,1544.67
1968-12-19,1699.849
1968-12-20,1832.158
1968-12-21,1982.712
1968-12-22,1957.106
1968-12-23,1833.51
1968-12-24,1815.936
1968-12-25,1811.611
1968-12-26,1719.219
1968-12-27,1603.483
1968-12-28,1501.961
1968-12-29,1489.055
1968-12-30,1496.559
1968-12-31,1418.215
1969-01-01,1247.605
1969-01-02,1084.492
1969-01-03,1000.845
1969-01-04,963.0
1969-01-05,952.111
1969-01-06,928.622
1969-01-07,888.364
1969-01-08,878.478
1969-01-09,902.442
1969-01-10,909.385
1969-01-11,911.442
1969-01-12,909.742
1969-01-13,865.915
1969-01-14,843.177
1969-01-15,838.32
1969-01-16,833.187
1969-01-17,845.105
1969-01-18,906.835
1969-01-19,1034.641
1969-01-20,1259.349
1969-01-21,1323.598
1969-01-22,1025.686
1969-01-23,820.44
1969-01-24,806.247
1969-01-25,856.948
1969-01-26,888.35
1969-01-27,849.841
1969-01-28,796.252
1969-01-29,758.99
1969-01-30,738.049
1969-01-31,751.205
1969-02-01,802.022
1969-02-02,858.362
1969-02-03,870.115
1969-02-04,942.824
1969-02-05,1094.28
1969-02-06,1253.175
1969-02-07,1580.401
1969-02-08,1835.548
1969-02-09,1585.981
1969-02-10,1401.403
1969-02-11,1343.069
1969-02-12,1352.648
1969-02-13,1434.202
1969-02-14,1620.043
1969-02-15,1646.542
1969-02-16,1380.449
1969-02-17,1324.615
1969-02-18,1375.78
1969-02-19,1432.856
1969-02-20,1532.786
1969-02-21,1662.423
1969-02-22,1709.423
1969-02-23,1659.824
1969-02-24,1627.971
1969-02-25,1683.646
1969-02-26,1952.398
1969-02-27,2059.909
1969-02-28,1864.655
1969-03-01,1689.785
1969-03-02,1558.963
1969-03-03,1504.163
1969-03-04,1582.495
1969-03-05,1684.586
1969-03-06,1625.259
1969-03-07,1535.238
1969-03-08,1563.458
1969-03-09,1707.918
1969-03-10,1913.501
1969-03-11,2070.486
1969-03-12,2180.529
1969-03-13,2218.166
1969-03-14,2006.789
1969-03-15,1783.249
1969-03-16,1717.317
1969-03-17,1656.918
1969-03-18,1636.922
1969-03-19,1737.374
1969-03-20,1935.594
1969-03-21,2067.095
1969-03-22,2277.079
1969-03-23,2496.833
1969-03-24,2885.849
1969-03-25,3054.701
1969-03-26,2836.517
1969-03-27,2528.849
1969-03-28,2487.075
1969-03-29,2549.28
1969-03-30,2614.047
1969-03-31,2530.734
1969-04-01,2536.83
1969-04-02,2693.058
1969-04-03,2859.7
1969-04-04,2799.173
1969-04-05,2838.991
1969-04-06,3053.948
1969-04-07,2797.373
1969-04-08,2530.406
1969-04-09,2348.902
1969-04-10,2128.579
1969-04-11,1944.249
1969-04-12,1894.562
1969-04-13,1880.877
1969-04-14,1806.64
1969-04-15,1648.828
1969-04-16,1505.076
1969-04-17,1504.37
1969-04-18,1565.75
1969-04-19,1590.266
1969-04-20,1578.663
1969-04-21,1640.121
1969-04-22,1760.044
1969-04-23,1829.007
1969-04-24,1762.822
1969-04-25,1575.155
1969-04-26,1409.562
1969-04-27,1375.495
1969-04-28,1423.101
1969-04-29,1486.828
1969-04-30,1491.371
1969-05-01,1492.713
1969-05-02,1493.418
1969-05-03,1467.523
1969-05-04,1348.97
1969-05-05,1252.863
1969-05-06,1321.465
1969-05-07,1776.262
1969-05-08,2088.726
1969-05-09,1665.888
1969-05-10,1297.032
1969-05-11,1180.757
1969-05-12,1200.245
1969-05-13,1209.31
1969-05-14,1229.974
1969-05-15,1243.028
1969-05-16,1260.881
1969-05-17,1335.804
1969-05-18,1409.615
1969-05-19,1450.825
1969-05-20,1510.613
1969-05-21,1679.075
1969-05-22,1952.715
1969-05-23,2047.27
1969-05-24,1936.143
1969-05-25,1829.501
1969-05-26,1808.975
1969-05-27,1718.368
1969-05-28,1602.74
1969-05-29,1525.345
1969-05-30,1478.922
1969-05-31,1523.814
1969-06-01,1629.956
1969-06-02,1673.789
1969-06-03,1652.342
1969-06-04,1517.858
1969-06-05,1295.854
1969-06-06,1136.587
1969-06-07,1057.495
1969-06-08,1051.404
1969-06-09,1066.352
1969-06-10,1025.685
1969-06-11,938.502
1969-06-12,848.428
1969-06-13,783.259
1969-06-14,744.592
1969-06-15,719.674
1969-06-16,699.104
1969-06-17,677.455
1969-06-18,660.732
1969-06-19,642.524
1969-06-20,624.835
1969-06-21,607.695
1969-06-22,588.305
1969-06-23,572.038
1969-06-24,555.022
1969-06-25,543.53
1969-06-26,554.93
1969-06-27,590.181
1969-06-28,651.861
1969-06-29,676.583
1969-06-30,625.062
1969-07-01,566.564
1969-07-02,494.531
1969-07-03,450.938
1969-07-04,429.488
1969-07-05,411.198
1969-07-06,396.677
1969-07-07,385.312
1969-07-08,375.303
1969-07-09,366.336
1969-07-10,358.15
1969-07-11,351.753
1969-07-12,348.414
1969-07-13,344.182
1969-07-14,337.347
1969-07-15,327.822
1969-07-16,316.397
1969-07-17,307.356
1969-07-18,300.681
1969-07-19,294.656
1969-07-20,289.834
1969-07-21,283.42
1969-07-22,275.124
1969-07-23,269.157
1969-07-24,266.52
1969-07-25,266.578
1969-07-26,261.188
1969-07-27,250.222
1969-07-28,241.791
1969-07-29,236.317
1969-07-30,232.365
1969-07-31,228.743
1969-08-01,224.138
1969-08-02,218.777
1969-08-03,214.153
1969-08-04,210.108
1969-08-05,206.571
1969-08-06,202.565
1969-08-07,198.884
1969-08-08,196.241
1969-08-09,193.063
1969-08-10,188.911
1969-08-11,185.038
1969-08-12,181.079
1969-08-13,179.153
1969-08-14,180.434
1969-08-15,184.068
1969-08-16,182.752
1969-08-17,176.01
1969-08-18,170.741
1969-08-19,168.732
1969-08-20,169.347
1969-08-21,165.427
1969-08-22,157.488
1969-08-23,151.545
1969-08-24,147.732
1969-08-25,145.552
1969-08-26,144.688
1969-08-27,142.036
1969-08-28,138.08
1969-08-29,135.474
1969-08-30,132.78
1969-08-31,131.202
1969-09-01,130.501
1969-09-02,129.807
1969-09-03,128.52
1969-09-04,128.066
1969-09-05,132.953
1969-09-06,146.407
1969-09-07,160.547
1969-09-08,157.13
1969-09-09,148.015
1969-09-10,141.885
1969-09-11,175.04
1969-09-12,294.701
1969-09-13,257.292
1969-09-14,172.273
1969-09-15,184.637
1969-09-16,251.507
1969-09-17,325.588
1969-09-18,402.229
1969-09-19,549.115
1969-09-20,736.718
1969-09-21,684.571
1969-09-22,468.632
1969-09-23,301.852
1969-09-24,204.051
1969-09-25,161.194
1969-09-26,152.282
1969-09-27,171.887
1969-09-28,232.041
1969-09-29,279.126
1969-09-30,292.2
1969-10-01,299.363
1969-10-02,283.848
1969-10-03,277.191
1969-10-04,284.37
1969-10-05,297.545
1969-10-06,272.917
1969-10-07,225.511
1969-10-08,197.737
1969-10-09,182.228
1969-10-10,167.68
1969-10-11,177.879
1969-10-12,210.919
1969-10-13,281.997
1969-10-14,336.252
1969-10-15,311.457
1969-10-16,256.61
1969-10-17,224.731
1969-10-18,192.244
1969-10-19,183.728
1969-10-20,185.588
1969-10-21,177.89
1969-10-22,170.672
1969-10-23,187.903
1969-10-24,236.12
1969-10-25,277.774
1969-10-26,335.291
1969-10-27,423.81
1969-10-28,526.331
1969-10-29,593.19
1969-10-30,585.623
1969-10-31,563.25
1969-11-01,541.556
1969-11-02,634.038
1969-11-03,789.69
1969-11-04,952.04
1969-11-05,939.372
1969-11-06,843.935
1969-11-07,764.995
1969-11-08,693.269
1969-11-09,652.756
1969-11-10,671.698
1969-11-11,692.874
1969-11-12,740.545
1969-11-13,863.543
1969-11-14,960.635
1969-11-15,964.113
1969-11-16,872.793
1969-11-17,755.735
1969-11-18,592.356
1969-11-19,511.755
1969-11-20,499.092
1969-11-21,551.435
1969-11-22,658.853
1969-11-23,697.055
1969-11-24,778.661
1969-11-25,987.02
1969-11-26,1162.547
1969-11-27,1205.636
1969-11-28,1135.337
1969-11-29,1065.032
1969-11-30,1038.163
1969-12-01,1073.346
1969-12-02,1153.5
1969-12-03,1249.87
1969-12-04,1250.918
1969-12-05,1088.801
1969-12-06,999.838
1969-12-07,1013.557
1969-12-08,1125.039
1969-12-09,1272.891
1969-12-10,1334.035
1969-12-11,1360.716
1969-12-12,1329.298
1969-12-13,1366.575
1969-12-14,1403.181
1969-12-15,1362.25
1969-12-16,1298.2
1969-12-17,1252.524
1969-12-18,1227.37
1969-12-19,1192.158
1969-12-20,1097.58
1969-12-21,1050.288
1969-12-22,1089.509
1969-12-23,1140.37
1969-12-24,1160.873
1969-12-25,1081.718
1969-12-26,938.753
1969-12-27,795.648
1969-12-28,700.567
1969-12-29,662.112
1969-12-30,652.735
1969-12-31,644.442
1970-01-01,665.085
1970-01-02,682.732
1970-01-03,727.94
1970-01-04,799.501
1970-01-05,834.133
1970-01-06,803.025
1970-01-07,725.37
1970-01-08,718.926
1970-01-09,785.24
1970-01-10,803.162
1970-01-11,807.151
1970-01-12,747.175
1970-01-13,679.613
1970-01-14,643.119
1970-01-15,679.067
1970-01-16,736.006
1970-01-17,822.986
1970-01-18,948.758
1970-01-19,1104.984
1970-01-20,1194.789
1970-01-21,1130.818
1970-01-22,1083.443
1970-01-23,1195.471
1970-01-24,1377.995
1970-01-25,1413.774
1970-01-26,1452.875
1970-01-27,1633.611
1970-01-28,1695.146
1970-01-29,1603.768
1970-01-30,1537.117
1970-01-31,1491.976
1970-02-01,1490.278
1970-02-02,1478.871
1970-02-03,1493.303
1970-02-04,1524.43
1970-02-05,1635.162
1970-02-06,1697.337
1970-02-07,1653.743
1970-02-08,1695.462
1970-02-09,1775.992
1970-02-10,1808.86
1970-02-11,1786.715
1970-02-12,1745.708
1970-02-13,1760.258
1970-02-14,1780.45
1970-02-15,1777.771
1970-02-16,1875.446
1970-02-17,1908.611
1970-02-18,1742.745
1970-02-19,1586.644
1970-02-20,1463.76
1970-02-21,1313.437
1970-02-22,1160.435
1970-02-23,1198.986
1970-02-24,1408.94
1970-02-25,1592.203
1970-02-26,1702.929
1970-02-27,1707.902
1970-02-28,1693.82
1970-03-01,1622.735
1970-03-02,1617.565
1970-03-03,1673.344
1970-03-04,1534.211
1970-03-05,1466.217
1970-03-06,1490.33
1970-03-07,1490.909
1970-03-08,1578.617
1970-03-09,1680.994
1970-03-10,1811.841
1970-03-11,1837.41
1970-03-12,1614.619
1970-03-13,1387.703
1970-03-14,1361.7
1970-03-15,1484.258
1970-03-16,1780.644
1970-03-17,2229.208
1970-03-18,2323.888
1970-03-19,2036.584
1970-03-20,1873.755
1970-03-21,1782.323
1970-03-22,1958.175
1970-03-23,2298.588
1970-03-24,2244.796
1970-03-25,2139.045
1970-03-26,2166.875
1970-03-27,2342.134
1970-03-28,2560.875
1970-03-29,2751.21
1970-03-30,3107.505
1970-03-31,3535.263
1970-04-01,3118.123
1970-04-02,3025.616
1970-04-03,3236.713
1970-04-04,3155.982
1970-04-05,3056.736
1970-04-06,3542.285
1970-04-07,4213.522
1970-04-08,4139.686
1970-04-09,4113.477
1970-04-10,4595.327
1970-04-11,4705.345
1970-04-12,4493.155
1970-04-13,4594.772
1970-04-14,4986.519
1970-04-15,4898.641
1970-04-16,4599.858
1970-04-17,4096.175
1970-04-18,3670.958
1970-04-19,3338.854
1970-04-20,3152.203
1970-04-21,3185.22
1970-04-22,3222.454
1970-04-23,3149.859
1970-04-24,3125.796
1970-04-25,3180.34
1970-04-26,3174.907
1970-04-27,3203.346
1970-04-28,3044.984
1970-04-29,3072.29
1970-04-30,3012.651
1970-05-01,2959.638
1970-05-02,2963.797
1970-05-03,2859.092
1970-05-04,2622.29
1970-05-05,2481.516
1970-05-06,2569.57
1970-05-07,2796.732
1970-05-08,2675.382
1970-05-09,2426.512
1970-05-10,2341.202
1970-05-11,2391.03
1970-05-12,2350.3
1970-05-13,2259.586
1970-05-14,2257.745
1970-05-15,2344.726
1970-05-16,2540.1
1970-05-17,2654.3
1970-05-18,2644.068
1970-05-19,2519.735
1970-05-20,2426.478
1970-05-21,2427.062
1970-05-22,2514.479
1970-05-23,2641.679
1970-05-24,2677.328
1970-05-25,2634.958
1970-05-26,2471.417
1970-05-27,2275.404
1970-05-28,2088.377
1970-05-29,1904.117
1970-05-30,1791.193
1970-05-31,1736.482
1970-06-01,1743.902
1970-06-02,1685.678
1970-06-03,1594.642
1970-06-04,1536.01
1970-06-05,1516.803
1970-06-06,1519.36
1970-06-07,1556.692
1970-06-08,1601.202
1970-06-09,1572.327
1970-06-10,1547.484
1970-06-11,1515.477
1970-06-12,1408.638
1970-06-13,1287.283
1970-06-14,1193.318
1970-06-15,1142.564
1970-06-16,1118.23
1970-06-17,1088.734
1970-06-18,1032.46
1970-06-19,955.766
1970-06-20,885.478
1970-06-21,841.909
1970-06-22,813.76
1970-06-23,789.898
1970-06-24,767.214
1970-06-25,744.942
1970-06-26,722.348
1970-06-27,700.655
1970-06-28,680.648
1970-06-29,662.26
1970-06-30,646.162
1970-07-01,629.44
1970-07-02,611.597
1970-07-03,594.478
1970-07-04,577.546
1970-07-05,560.51
1970-07-06,545.467
1970-07-07,532.071
1970-07-08,517.287
1970-07-09,503.152
1970-07-10,490.026
1970-07-11,476.129
1970-07-12,464.222
1970-07-13,457.918
1970-07-14,461.226
1970-07-15,478.408
1970-07-16,492.501
1970-07-17,472.186
1970-07-18,445.001
1970-07-19,435.309
1970-07-20,417.083
1970-07-21,406.468
1970-07-22,394.341
1970-07-23,373.088
1970-07-24,355.565
1970-07-25,344.586
1970-07-26,336.192
1970-07-27,328.705
1970-07-28,321.862
1970-07-29,315.382
1970-07-30,308.788
1970-07-31,302.032
1970-08-01,295.122
1970-08-02,289.144
1970-08-03,284.126
1970-08-04,280.2
1970-08-05,278.66
1970-08-06,282.828
1970-08-07,292.283
1970-08-08,302.813
1970-08-09,295.955
1970-08-10,270.545
1970-08-11,252.246
1970-08-12,245.875
1970-08-13,242.837
1970-08-14,240.232
1970-08-15,240.819
1970-08-16,243.473
1970-08-17,240.38
1970-08-18,235.7
1970-08-19,230.963
1970-08-20,226.268
1970-08-21,224.54
1970-08-22,228.476
1970-08-23,248.933
1970-08-24,298.506
1970-08-25,353.32
1970-08-26,367.69
1970-08-27,343.89
1970-08-28,297.592
1970-08-29,248.195
1970-08-30,215.085
1970-08-31,210.238
1970-09-01,211.168
1970-09-02,203.656
1970-09-03,205.699
1970-09-04,213.936
1970-09-05,207.21
1970-09-06,192.5
1970-09-07,187.249
1970-09-08,199.614
1970-09-09,231.746
1970-09-10,258.818
1970-09-11,272.343
1970-09-12,276.219
1970-09-13,252.826
1970-09-14,218.253
1970-09-15,185.018
1970-09-16,172.738
1970-09-17,181.528
1970-09-18,205.978
1970-09-19,215.534
1970-09-20,227.842
1970-09-21,247.818
1970-09-22,250.131
1970-09-23,236.146
1970-09-24,217.29
1970-09-25,243.829
1970-09-26,312.981
1970-09-27,357.381
1970-09-28,417.673
1970-09-29,452.439
1970-09-30,404.136
1970-10-01,311.414
1970-10-02,238.94
1970-10-03,208.877
1970-10-04,195.325
1970-10-05,185.705
1970-10-06,180.795
1970-10-07,172.004
1970-10-08,161.645
1970-10-09,162.608
1970-10-10,168.757
1970-10-11,192.932
1970-10-12,213.791
1970-10-13,209.413
1970-10-14,215.583
1970-10-15,231.12
1970-10-16,244.834
1970-10-17,300.565
1970-10-18,352.145
1970-10-19,339.358
1970-10-20,303.577
1970-10-21,253.625
1970-10-22,253.161
1970-10-23,274.679
1970-10-24,318.662
1970-10-25,431.514
1970-10-26,663.781
1970-10-27,962.48
1970-10-28,1128.06
1970-10-29,1184.353
1970-10-30,1234.578
1970-10-31,1001.2
1970-11-01,803.972
1970-11-02,707.188
1970-11-03,748.096
1970-11-04,731.87
1970-11-05,486.278
1970-11-06,385.321
1970-11-07,333.701
1970-11-08,339.041
1970-11-09,422.59
1970-11-10,535.441
1970-11-11,611.838
1970-11-12,591.32
1970-11-13,567.709
1970-11-14,513.49
1970-11-15,549.062
1970-11-16,607.908
1970-11-17,754.044
1970-11-18,1039.739
1970-11-19,1252.741
1970-11-20,1322.778
1970-11-21,1226.347
1970-11-22,1163.933
1970-11-23,1162.178
1970-11-24,1094.254
1970-11-25,1047.388
1970-11-26,1043.219
1970-11-27,957.415
1970-11-28,822.076
1970-11-29,729.826
1970-11-30,680.968
1970-12-01,613.308
1970-12-02,583.789
1970-12-03,579.106
1970-12-04,606.774
1970-12-05,667.313
1970-12-06,672.953
1970-12-07,613.509
1970-12-08,620.374
1970-12-09,653.668
1970-12-10,645.989
1970-12-11,603.766
1970-12-12,555.794
1970-12-13,510.731
1970-12-14,544.436
1970-12-15,649.036
1970-12-16,675.41
1970-12-17,678.927
1970-12-18,744.517
1970-12-19,812.48
1970-12-20,837.094
1970-12-21,777.148
1970-12-22,674.731
1970-12-23,649.68
1970-12-24,698.157
1970-12-25,740.184
1970-12-26,786.876
1970-12-27,850.97
1970-12-28,902.801
1970-12-29,878.552
1970-12-30,783.092
1970-12-31,746.415
1971-01-01,772.322
1971-01-02,806.06
1971-01-03,879.373
1971-01-04,1018.887
1971-01-05,1148.474
1971-01-06,1126.905
1971-01-07,1009.841
1971-01-08,902.985
1971-01-09,951.325
1971-01-10,1059.395
1971-01-11,1137.438
1971-01-12,1128.825
1971-01-13,1041.65
1971-01-14,968.515
1971-01-15,917.91
1971-01-16,884.453
1971-01-17,885.113
1971-01-18,918.127
1971-01-19,962.668
1971-01-20,931.087
1971-01-21,895.039
1971-01-22,909.133
1971-01-23,909.014
1971-01-24,927.889
1971-01-25,971.738
1971-01-26,997.849
1971-01-27,1021.287
1971-01-28,1112.83
1971-01-29,1212.497
1971-01-30,1294.602
1971-01-31,1351.564
1971-02-01,1314.285
1971-02-02,1256.218
1971-02-03,1299.119
1971-02-04,1333.9
1971-02-05,1245.746
1971-02-06,1173.525
1971-02-07,1188.266
1971-02-08,1214.955
1971-02-09,1203.346
1971-02-10,1128.856
1971-02-11,1019.811
1971-02-12,938.349
1971-02-13,907.073
1971-02-14,888.64
1971-02-15,891.766
1971-02-16,933.133
1971-02-17,1000.937
1971-02-18,1096.663
1971-02-19,1170.263
1971-02-20,1204.024
1971-02-21,1198.344
1971-02-22,1122.193
1971-02-23,1023.016
1971-02-24,941.807
1971-02-25,873.761
1971-02-26,880.668
1971-02-27,937.785
1971-02-28,945.199
1971-03-01,906.876
1971-03-02,913.228
1971-03-03,973.872
1971-03-04,1038.366
1971-03-05,1059.757
1971-03-06,1074.354
1971-03-07,1392.61
1971-03-08,1647.882
1971-03-09,1313.64
1971-03-10,1029.26
1971-03-11,888.896
1971-03-12,826.568
1971-03-13,845.541
1971-03-14,892.558
1971-03-15,897.872
1971-03-16,865.328
1971-03-17,839.865
1971-03-18,779.097
1971-03-19,699.277
1971-03-20,633.92
1971-03-21,676.784
1971-03-22,810.644
1971-03-23,942.425
1971-03-24,977.494
1971-03-25,975.232
1971-03-26,961.48
1971-03-27,932.766
1971-03-28,881.474
1971-03-29,854.416
1971-03-30,937.53
1971-03-31,1127.709
1971-04-01,1236.072
1971-04-02,1232.277
1971-04-03,1184.512
1971-04-04,1077.336
1971-04-05,986.573
1971-04-06,1031.24
1971-04-07,1174.758
1971-04-08,1350.892
1971-04-09,1435.345
1971-04-10,1485.415
1971-04-11,1510.747
1971-04-12,1473.254
1971-04-13,1433.294
1971-04-14,1404.843
1971-04-15,1395.127
1971-04-16,1392.742
1971-04-17,1388.677
1971-04-18,1474.559
1971-04-19,1546.336
1971-04-20,1643.244
1971-04-21,1730.805
1971-04-22,1763.983
1971-04-23,1755.391
1971-04-24,1720.356
1971-04-25,1664.147
1971-04-26,1754.011
1971-04-27,1956.837
1971-04-28,2063.49
1971-04-29,2093.781
1971-04-30,2235.492
1971-05-01,2364.851
1971-05-02,2444.748
1971-05-03,2445.339
1971-05-04,2572.258
1971-05-05,2731.315
1971-05-06,2814.029
1971-05-07,2832.686
1971-05-08,2740.325
1971-05-09,2602.522
1971-05-10,2481.354
1971-05-11,2415.488
1971-05-12,2399.939
1971-05-13,2346.962
1971-05-14,2303.138
1971-05-15,2303.674
1971-05-16,2166.431
1971-05-17,2013.522
1971-05-18,1956.459
1971-05-19,2106.383
1971-05-20,2098.06
1971-05-21,2015.357
1971-05-22,2026.773
1971-05-23,2026.618
1971-05-24,2138.08
1971-05-25,2219.742
1971-05-26,2302.829
1971-05-27,2456.601
1971-05-28,2513.506
1971-05-29,2343.552
1971-05-30,2371.205
1971-05-31,2546.488
1971-06-01,2369.337
1971-06-02,2195.12
1971-06-03,2114.134
1971-06-04,2186.715
1971-06-05,2320.656
1971-06-06,2314.073
1971-06-07,2177.251
1971-06-08,1960.152
1971-06-09,1721.587
1971-06-10,1526.691
1971-06-11,1384.326
1971-06-12,1303.709
1971-06-13,1293.795
1971-06-14,1317.822
1971-06-15,1332.272
1971-06-16,1259.89
1971-06-17,1121.868
1971-06-18,1015.452
1971-06-19,950.585
1971-06-20,896.443
1971-06-21,841.257
1971-06-22,796.9
1971-06-23,761.73
1971-06-24,731.065
1971-06-25,702.967
1971-06-26,676.719
1971-06-27,652.618
1971-06-28,630.097
1971-06-29,608.463
1971-06-30,588.874
1971-07-01,571.829
1971-07-02,558.415
1971-07-03,546.433
1971-07-04,526.585
1971-07-05,501.838
1971-07-06,481.554
1971-07-07,465.945
1971-07-08,452.472
1971-07-09,441.588
1971-07-10,438.753
1971-07-11,444.07
1971-07-12,445.252
1971-07-13,431.313
1971-07-14,404.103
1971-07-15,379.204
1971-07-16,363.824
1971-07-17,353.936
1971-07-18,349.031
1971-07-19,360.97
1971-07-20,383.539
1971-07-21,396.733
1971-07-22,377.694
1971-07-23,336.798
1971-07-24,310.409
1971-07-25,297.43
1971-07-26,288.414
1971-07-27,291.032
1971-07-28,306.815
1971-07-29,321.219
1971-07-30,340.661
1971-07-31,358.994
1971-08-01,341.084
1971-08-02,303.732
1971-08-03,273.2
1971-08-04,260.637
1971-08-05,258.629
1971-08-06,256.953
1971-08-07,256.312
1971-08-08,262.356
1971-08-09,266.561
1971-08-10,262.994
1971-08-11,269.51
1971-08-12,272.88
1971-08-13,249.657
1971-08-14,223.45
1971-08-15,210.463
1971-08-16,204.382
1971-08-17,200.567
1971-08-18,196.417
1971-08-19,190.982
1971-08-20,186.702
1971-08-21,183.004
1971-08-22,180.796
1971-08-23,180.802
1971-08-24,179.697
1971-08-25,190.486
1971-08-26,208.01
1971-08-27,224.132
1971-08-28,236.363
1971-08-29,262.274
1971-08-30,294.297
1971-08-31,312.776
1971-09-01,303.407
1971-09-02,300.36
1971-09-03,294.976
1971-09-04,290.239
1971-09-05,314.806
1971-09-06,368.988
1971-09-07,439.868
1971-09-08,536.598
1971-09-09,631.256
1971-09-10,683.224
1971-09-11,676.43
1971-09-12,598.608
1971-09-13,481.087
1971-09-14,365.72
1971-09-15,281.782
1971-09-16,299.645
1971-09-17,394.703
1971-09-18,465.378
1971-09-19,440.389
1971-09-20,391.165
1971-09-21,419.999
1971-09-22,503.039
1971-09-23,551.952
1971-09-24,522.371
1971-09-25,524.208
1971-09-26,574.008
1971-09-27,576.138
1971-09-28,592.806
1971-09-29,660.715
1971-09-30,617.732
1971-10-01,465.056
1971-10-02,396.028
1971-10-03,356.845
1971-10-04,344.548
1971-10-05,384.367
1971-10-06,410.548
1971-10-07,436.835
1971-10-08,460.815
1971-10-09,527.25
1971-10-10,631.806
1971-10-11,740.153
1971-10-12,878.037
1971-10-13,972.617
1971-10-14,947.877
1971-10-15,926.782
1971-10-16,1028.102
1971-10-17,1144.331
1971-10-18,1157.238
1971-10-19,1013.567
1971-10-20,737.859
1971-10-21,509.502
1971-10-22,430.007
1971-10-23,413.698
1971-10-24,432.506
1971-10-25,444.586
1971-10-26,474.549
1971-10-27,573.652
1971-10-28,619.202
1971-10-29,625.804
1971-10-30,702.566
1971-10-31,758.498
1971-11-01,948.521
1971-11-02,1187.574
1971-11-03,1357.611
1971-11-04,1507.512
1971-11-05,1536.16
1971-11-06,1388.449
1971-11-07,1275.845
1971-11-08,1174.762
1971-11-09,1124.776
1971-11-10,1174.696
1971-11-11,1209.695
1971-11-12,1122.987
1971-11-13,1045.26
1971-11-14,1064.042
1971-11-15,1127.839
1971-11-16,1244.267
1971-11-17,1410.542
1971-11-18,1550.438
1971-11-19,1650.03
1971-11-20,1764.706
1971-11-21,1782.215
1971-11-22,1620.011
1971-11-23,1478.107
1971-11-24,1369.392
1971-11-25,1313.007
1971-11-26,1591.497
1971-11-27,1911.095
1971-11-28,1787.817
1971-11-29,1653.011
1971-11-30,1479.288
1971-12-01,1377.577
1971-12-02,1405.587
1971-12-03,1457.793
1971-12-04,1468.735
1971-12-05,1440.782
1971-12-06,1394.166
1971-12-07,1310.821
1971-12-08,1308.695
1971-12-09,1345.938
1971-12-10,1435.428
1971-12-11,1549.51
1971-12-12,1665.501
1971-12-13,1718.717
1971-12-14,1581.87
1971-12-15,1406.369
1971-12-16,1255.928
1971-12-17,1182.15
1971-12-18,1138.119
1971-12-19,1066.214
1971-12-20,1017.372
1971-12-21,1016.214
1971-12-22,1060.597
1971-12-23,1096.127
1971-12-24,1108.475
1971-12-25,1117.204
1971-12-26,1230.217
1971-12-27,1329.078
1971-12-28,1300.247
1971-12-29,1303.128
1971-12-30,1520.995
1971-12-31,1553.23
1972-01-01,1512.0
1972-01-02,1593.256
1972-01-03,1865.468
1972-01-04,2117.758
1972-01-05,2049.149
1972-01-06,1906.151
1972-01-07,1891.028
1972-01-08,1977.374
1972-01-09,2015.702
1972-01-10,2108.095
1972-01-11,2201.371
1972-01-12,2169.876
1972-01-13,2086.142
1972-01-14,2113.614
1972-01-15,2217.464
1972-01-16,2224.072
1972-01-17,2189.84
1972-01-18,2074.839
1972-01-19,1907.342
1972-01-20,1867.911
1972-01-21,1914.507
1972-01-22,1907.526
1972-01-23,1772.304
1972-01-24,1687.181
1972-01-25,1734.692
1972-01-26,1798.88
1972-01-27,1800.658
1972-01-28,1666.087
1972-01-29,1545.954
1972-01-30,1465.583
1972-01-31,1414.255
1972-02-01,1376.891
1972-02-02,1400.82
1972-02-03,1479.535
1972-02-04,1554.555
1972-02-05,1567.179
1972-02-06,1500.842
1972-02-07,1462.6
1972-02-08,1434.678
1972-02-09,1458.157
1972-02-10,1509.403
1972-02-11,1510.629
1972-02-12,1561.982
1972-02-13,1584.944
1972-02-14,1511.67
1972-02-15,1477.132
1972-02-16,1543.228
1972-02-17,1617.177
1972-02-18,1561.761
1972-02-19,1506.709
1972-02-20,1492.951
1972-02-21,1553.868
1972-02-22,1697.153
1972-02-23,1836.757
1972-02-24,1889.942
1972-02-25,1819.868
1972-02-26,1671.392
1972-02-27,1548.798
1972-02-28,1467.088
1972-02-29,1436.948
1972-03-01,1541.727
1972-03-02,1640.775
1972-03-03,1746.085
1972-03-04,1826.16
1972-03-05,1800.41
1972-03-06,1911.904
1972-03-07,1986.218
1972-03-08,2004.938
1972-03-09,2144.332
1972-03-10,2187.268
1972-03-11,2151.3
1972-03-12,2200.015
1972-03-13,2270.408
1972-03-14,2344.487
1972-03-15,2351.503
1972-03-16,2513.175
1972-03-17,2704.178
1972-03-18,2745.587
1972-03-19,2711.032
1972-03-20,2743.671
1972-03-21,2801.303
1972-03-22,2739.567
1972-03-23,2701.487
1972-03-24,2760.033
1972-03-25,2963.613
1972-03-26,2884.69
1972-03-27,2971.002
1972-03-28,3215.406
1972-03-29,3052.467
1972-03-30,2704.515
1972-03-31,2407.908
1972-04-01,2227.205
1972-04-02,2124.416
1972-04-03,2025.488
1972-04-04,1928.308
1972-04-05,1894.256
1972-04-06,1992.306
1972-04-07,2113.389
1972-04-08,2100.346
1972-04-09,2012.946
1972-04-10,1992.241
1972-04-11,1970.786
1972-04-12,1968.059
1972-04-13,2074.352
1972-04-14,2117.201
1972-04-15,2045.428
1972-04-16,1935.932
1972-04-17,1796.9
1972-04-18,1790.557
1972-04-19,1789.652
1972-04-20,1756.425
1972-04-21,1753.791
1972-04-22,1832.631
1972-04-23,2010.495
1972-04-24,2136.505
1972-04-25,2108.918
1972-04-26,2060.795
1972-04-27,2087.982
1972-04-28,2088.24
1972-04-29,2101.637
1972-04-30,2126.176
1972-05-01,2218.145
1972-05-02,2319.408
1972-05-03,2414.522
1972-05-04,2510.289
1972-05-05,2401.961
1972-05-06,2164.492
1972-05-07,2003.487
1972-05-08,1900.199
1972-05-09,1809.321
1972-05-10,1708.469
1972-05-11,1597.864
1972-05-12,1584.347
1972-05-13,1667.747
1972-05-14,1770.508
1972-05-15,1818.222
1972-05-16,1715.302
1972-05-17,1541.476
1972-05-18,1441.493
1972-05-19,1357.908
1972-05-20,1273.827
1972-05-21,1278.871
1972-05-22,1382.338
1972-05-23,1504.06
1972-05-24,1560.626
1972-05-25,1681.395
1972-05-26,1732.349
1972-05-27,1697.027
1972-05-28,1583.216
1972-05-29,1473.767
1972-05-30,1549.944
1972-05-31,1830.965
1972-06-01,2073.423
1972-06-02,2024.587
1972-06-03,1779.891
1972-06-04,1621.086
1972-06-05,1574.15
1972-06-06,1582.509
1972-06-07,1580.561
1972-06-08,1571.353
1972-06-09,1642.924
1972-06-10,1674.798
1972-06-11,1580.322
1972-06-12,1485.732
1972-06-13,1427.649
1972-06-14,1365.056
1972-06-15,1274.474
1972-06-16,1264.003
1972-06-17,1381.55
1972-06-18,1543.945
1972-06-19,1607.38
1972-06-20,1570.095
1972-06-21,1519.637
1972-06-22,1478.201
1972-06-23,1436.084
1972-06-24,1382.14
1972-06-25,1257.015
1972-06-26,1143.588
1972-06-27,1129.834
1972-06-28,1185.296
1972-06-29,1223.975
1972-06-30,1235.249
1972-07-01,1189.548
1972-07-02,1227.808
1972-07-03,1366.6
1972-07-04,1506.292
1972-07-05,1512.355
1972-07-06,1438.372
1972-07-07,1416.767
1972-07-08,1478.103
1972-07-09,1585.55
1972-07-10,1601.703
1972-07-11,1432.102
1972-07-12,1230.388
1972-07-13,1079.424
1972-07-14,992.924
1972-07-15,946.726
1972-07-16,914.862
1972-07-17,885.888
1972-07-18,857.868
1972-07-19,830.972
1972-07-20,805.099
1972-07-21,781.153
1972-07-22,758.213
1972-07-23,735.184
1972-07-24,712.876
1972-07-25,692.793
1972-07-26,675.157
1972-07-27,657.149
1972-07-28,639.801
1972-07-29,625.055
1972-07-30,605.943
1972-07-31,589.94
1972-08-01,580.145
1972-08-02,613.036
1972-08-03,614.169
1972-08-04,554.732
1972-08-05,516.125
1972-08-06,500.636
1972-08-07,497.59
1972-08-08,505.552
1972-08-09,510.967
1972-08-10,491.614
1972-08-11,464.633
1972-08-12,454.592
1972-08-13,440.995
1972-08-14,414.02
1972-08-15,397.518
1972-08-16,386.524
1972-08-17,376.214
1972-08-18,367.559
1972-08-19,358.062
1972-08-20,348.823
1972-08-21,341.753
1972-08-22,334.136
1972-08-23,328.36
1972-08-24,325.805
1972-08-25,326.835
1972-08-26,330.959
1972-08-27,331.167
1972-08-28,337.441
1972-08-29,350.293
1972-08-30,376.381
1972-08-31,400.789
1972-09-01,370.388
1972-09-02,325.438
1972-09-03,309.954
1972-09-04,327.663
1972-09-05,381.914
1972-09-06,438.078
1972-09-07,485.791
1972-09-08,548.374
1972-09-09,620.342
1972-09-10,698.777
1972-09-11,718.721
1972-09-12,690.523
1972-09-13,667.86
1972-09-14,596.938
1972-09-15,460.056
1972-09-16,391.545
1972-09-17,384.309
1972-09-18,405.635
1972-09-19,483.076
1972-09-20,580.76
1972-09-21,665.769
1972-09-22,721.841
1972-09-23,763.115
1972-09-24,791.355
1972-09-25,790.461
1972-09-26,725.671
1972-09-27,602.198
1972-09-28,466.396
1972-09-29,400.14
1972-09-30,423.881
1972-10-01,455.125
1972-10-02,465.777
1972-10-03,444.86
1972-10-04,462.898
1972-10-05,554.281
1972-10-06,627.166
1972-10-07,706.662
1972-10-08,772.81
1972-10-09,829.496
1972-10-10,1013.912
1972-10-11,1133.148
1972-10-12,1091.262
1972-10-13,1068.678
1972-10-14,1063.024
1972-10-15,993.628
1972-10-16,904.596
1972-10-17,891.058
1972-10-18,968.875
1972-10-19,937.8
1972-10-20,890.441
1972-10-21,975.783
1972-10-22,1043.808
1972-10-23,986.049
1972-10-24,998.977
1972-10-25,1129.488
1972-10-26,1270.796
1972-10-27,1326.476
1972-10-28,1386.948
1972-10-29,1565.463
1972-10-30,1756.698
1972-10-31,2033.14
1972-11-01,2403.264
1972-11-02,2505.769
1972-11-03,2504.35
1972-11-04,2519.679
1972-11-05,2571.222
1972-11-06,2552.754
1972-11-07,2415.37
1972-11-08,2466.087
1972-11-09,2885.369
1972-11-10,3193.02
1972-11-11,3043.962
1972-11-12,2936.665
1972-11-13,2605.307
1972-11-14,2384.928
1972-11-15,2473.226
1972-11-16,2618.872
1972-11-17,2700.053
1972-11-18,2654.183
1972-11-19,2694.505
1972-11-20,2879.678
1972-11-21,3055.856
1972-11-22,2889.632
1972-11-23,2861.108
1972-11-24,2984.29
1972-11-25,3092.17
1972-11-26,3250.657
1972-11-27,3276.372
1972-11-28,3241.155
1972-11-29,3316.424
1972-11-30,3469.451
1972-12-01,3308.42
1972-12-02,3097.29
1972-12-03,3016.577
1972-12-04,2928.143
1972-12-05,2783.68
1972-12-06,2621.11
1972-12-07,2605.614
1972-12-08,2651.424
1972-12-09,2632.649
1972-12-10,2510.583
1972-12-11,2458.768
1972-12-12,2514.337
1972-12-13,2613.096
1972-12-14,2654.245
1972-12-15,2571.145
1972-12-16,2442.623
1972-12-17,2481.611
1972-12-18,2709.701
1972-12-19,2824.417
1972-12-20,2679.139
1972-12-21,2358.652
1972-12-22,2136.864
1972-12-23,2029.942
1972-12-24,1977.176
1972-12-25,1921.932
1972-12-26,1909.767
1972-12-27,1971.284
1972-12-28,1907.801
1972-12-29,1800.859
1972-12-30,1705.456
1972-12-31,1652.192
1973-01-01,1948.4
1973-01-02,2359.562
1973-01-03,2261.928
1973-01-04,1973.114
1973-01-05,1852.285
1973-01-06,1903.815
1973-01-07,1952.681
1973-01-08,1991.59
1973-01-09,2088.514
1973-01-10,1967.392
1973-01-11,1854.609
1973-01-12,1842.891
1973-01-13,1875.089
1973-01-14,1834.012
1973-01-15,1755.923
1973-01-16,2020.142
1973-01-17,2318.701
1973-01-18,2099.15
1973-01-19,1975.599
1973-01-20,2018.896
1973-01-21,2097.998
1973-01-22,2141.852
1973-01-23,2015.678
1973-01-24,1837.207
1973-01-25,1837.996
1973-01-26,1961.672
1973-01-27,2000.118
1973-01-28,2005.193
1973-01-29,2403.238
1973-01-30,2890.549
1973-01-31,2732.358
1973-02-01,2539.063
1973-02-02,2357.46
1973-02-03,2111.943
1973-02-04,1919.618
1973-02-05,1817.595
1973-02-06,1743.571
1973-02-07,1723.666
1973-02-08,1679.717
1973-02-09,1580.885
1973-02-10,1465.996
1973-02-11,1337.678
1973-02-12,1253.594
1973-02-13,1522.501
1973-02-14,1848.326
1973-02-15,1510.736
1973-02-16,1166.725
1973-02-17,1012.875
1973-02-18,970.775
1973-02-19,986.634
1973-02-20,1012.921
1973-02-21,1080.242
1973-02-22,1200.025
1973-02-23,1528.755
1973-02-24,1870.795
1973-02-25,2024.751
1973-02-26,1886.14
1973-02-27,1763.968
1973-02-28,1758.703
1973-03-01,1781.072
1973-03-02,1629.86
1973-03-03,1483.703
1973-03-04,1375.243
1973-03-05,1234.97
1973-03-06,1182.365
1973-03-07,1142.872
1973-03-08,1090.29
1973-03-09,1033.055
1973-03-10,1007.969
1973-03-11,1064.19
1973-03-12,1147.109
1973-03-13,1263.941
1973-03-14,1352.245
1973-03-15,1296.86
1973-03-16,1187.524
1973-03-17,1096.838
1973-03-18,1014.859
1973-03-19,1168.118
1973-03-20,1223.678
1973-03-21,1164.445
1973-03-22,1058.656
1973-03-23,1019.043
1973-03-24,1109.673
1973-03-25,1242.235
1973-03-26,1313.368
1973-03-27,1249.698
1973-03-28,1156.053
1973-03-29,1133.147
1973-03-30,1179.246
1973-03-31,1199.489
1973-04-01,1202.675
1973-04-02,1311.394
1973-04-03,1401.312
1973-04-04,1309.976
1973-04-05,1188.953
1973-04-06,1143.421
1973-04-07,1160.767
1973-04-08,1230.578
1973-04-09,1307.7
1973-04-10,1364.161
1973-04-11,1469.791
1973-04-12,1564.033
1973-04-13,1738.224
1973-04-14,1806.669
1973-04-15,1677.745
1973-04-16,1535.784
1973-04-17,1552.76
1973-04-18,1569.205
1973-04-19,1564.797
1973-04-20,1546.288
1973-04-21,1621.19
1973-04-22,1736.826
1973-04-23,1892.133
1973-04-24,2279.541
1973-04-25,2512.471
1973-04-26,2261.972
1973-04-27,2233.45
1973-04-28,2272.12
1973-04-29,2116.402
1973-04-30,2134.427
1973-05-01,2213.275
1973-05-02,2153.536
1973-05-03,2016.328
1973-05-04,1904.177
1973-05-05,1826.75
1973-05-06,1876.834
1973-05-07,2006.108
1973-05-08,2068.791
1973-05-09,2113.554
1973-05-10,2126.65
1973-05-11,2152.252
1973-05-12,2110.54
1973-05-13,2014.637
1973-05-14,1984.549
1973-05-15,2034.518
1973-05-16,2073.792
1973-05-17,2219.742
1973-05-18,2257.01
1973-05-19,2128.915
1973-05-20,1955.239
1973-05-21,1806.605
1973-05-22,1776.271
1973-05-23,1786.54
1973-05-24,1785.197
1973-05-25,1761.315
1973-05-26,1736.432
1973-05-27,1666.023
1973-05-28,1603.34
1973-05-29,1597.699
1973-05-30,1663.783
1973-05-31,1687.097
1973-06-01,1614.917
1973-06-02,1520.48
1973-06-03,1433.834
1973-06-04,1387.139
1973-06-05,1398.039
1973-06-06,1436.922
1973-06-07,1393.07
1973-06-08,1261.055
1973-06-09,1147.274
1973-06-10,1078.07
1973-06-11,1057.142
1973-06-12,1059.828
1973-06-13,1065.172
1973-06-14,1058.445
1973-06-15,1002.797
1973-06-16,917.779
1973-06-17,857.334
1973-06-18,824.858
1973-06-19,808.618
1973-06-20,788.041
1973-06-21,767.073
1973-06-22,754.403
1973-06-23,726.118
1973-06-24,677.63
1973-06-25,641.82
1973-06-26,619.901
1973-06-27,601.824
1973-06-28,585.402
1973-06-29,570.896
1973-06-30,558.232
1973-07-01,545.898
1973-07-02,533.896
1973-07-03,519.713
1973-07-04,503.4
1973-07-05,488.43
1973-07-06,474.222
1973-07-07,460.99
1973-07-08,449.032
1973-07-09,438.074
1973-07-10,428.007
1973-07-11,418.602
1973-07-12,409.155
1973-07-13,400.503
1973-07-14,393.558
1973-07-15,387.003
1973-07-16,380.81
1973-07-17,372.476
1973-07-18,362.114
1973-07-19,352.466
1973-07-20,343.89
1973-07-21,339.875
1973-07-22,335.505
1973-07-23,330.312
1973-07-24,330.968
1973-07-25,336.57
1973-07-26,326.137
1973-07-27,309.93
1973-07-28,300.87
1973-07-29,295.305
1973-07-30,288.995
1973-07-31,281.756
1973-08-01,276.2
1973-08-02,272.555
1973-08-03,266.747
1973-08-04,259.054
1973-08-05,253.773
1973-08-06,249.626
1973-08-07,245.132
1973-08-08,241.6
1973-08-09,239.586
1973-08-10,241.892
1973-08-11,245.336
1973-08-12,243.245
1973-08-13,240.249
1973-08-14,234.702
1973-08-15,228.355
1973-08-16,222.632
1973-08-17,216.986
1973-08-18,219.51
1973-08-19,229.155
1973-08-20,231.642
1973-08-21,237.714
1973-08-22,470.641
1973-08-23,683.405
1973-08-24,444.585
1973-08-25,263.863
1973-08-26,220.487
1973-08-27,207.772
1973-08-28,202.907
1973-08-29,194.222
1973-08-30,179.666
1973-08-31,171.234
1973-09-01,167.987
1973-09-02,165.391
1973-09-03,164.125
1973-09-04,164.046
1973-09-05,165.218
1973-09-06,177.287
1973-09-07,186.06
1973-09-08,180.91
1973-09-09,188.624
1973-09-10,187.568
1973-09-11,219.262
1973-09-12,243.689
1973-09-13,209.407
1973-09-14,186.084
1973-09-15,183.764
1973-09-16,191.666
1973-09-17,213.138
1973-09-18,265.185
1973-09-19,310.964
1973-09-20,320.497
1973-09-21,315.642
1973-09-22,319.115
1973-09-23,314.975
1973-09-24,290.105
1973-09-25,259.232
1973-09-26,236.211
1973-09-27,279.704
1973-09-28,347.929
1973-09-29,348.645
1973-09-30,430.635
1973-10-01,587.321
1973-10-02,651.692
1973-10-03,633.764
1973-10-04,584.599
1973-10-05,474.299
1973-10-06,392.152
1973-10-07,377.502
1973-10-08,480.371
1973-10-09,569.433
1973-10-10,717.07
1973-10-11,710.332
1973-10-12,614.457
1973-10-13,559.848
1973-10-14,603.519
1973-10-15,708.81
1973-10-16,786.288
1973-10-17,785.676
1973-10-18,750.152
1973-10-19,736.727
1973-10-20,765.308
1973-10-21,842.788
1973-10-22,904.535
1973-10-23,962.739
1973-10-24,971.464
1973-10-25,893.348
1973-10-26,761.045
1973-10-27,587.829
1973-10-28,499.821
1973-10-29,483.319
1973-10-30,515.558
1973-10-31,679.13
1973-11-01,901.032
1973-11-02,975.581
1973-11-03,913.676
1973-11-04,838.042
1973-11-05,813.407
1973-11-06,741.462
1973-11-07,544.492
1973-11-08,389.163
1973-11-09,422.473
1973-11-10,505.472
1973-11-11,554.231
1973-11-12,679.168
1973-11-13,832.632
1973-11-14,930.148
1973-11-15,939.057
1973-11-16,916.13
1973-11-17,1001.41
1973-11-18,1160.488
1973-11-19,1625.029
1973-11-20,1912.232
1973-11-21,1549.107
1973-11-22,1409.913
1973-11-23,1448.511
1973-11-24,1479.742
1973-11-25,1465.114
1973-11-26,1318.143
1973-11-27,1268.603
1973-11-28,1293.182
1973-11-29,1425.558
1973-11-30,1514.972
1973-12-01,1567.745
1973-12-02,1681.857
1973-12-03,1789.984
1973-12-04,1790.062
1973-12-05,1821.235
1973-12-06,1835.798
1973-12-07,1862.909
1973-12-08,1883.139
1973-12-09,1882.867
1973-12-10,1796.365
1973-12-11,1669.209
1973-12-12,1591.495
1973-12-13,1554.968
1973-12-14,1528.067
1973-12-15,1518.465
1973-12-16,1470.145
1973-12-17,1365.591
1973-12-18,1354.009
1973-12-19,1366.405
1973-12-20,1293.807
1973-12-21,1189.908
1973-12-22,1064.686
1973-12-23,1038.921
1973-12-24,1120.054
1973-12-25,1159.924
1973-12-26,1163.451
1973-12-27,1098.178
1973-12-28,977.986
1973-12-29,893.524
1973-12-30,867.27
1973-12-31,889.748
1974-01-01,935.264
1974-01-02,993.17
1974-01-03,1028.839
1974-01-04,1027.894
1974-01-05,1060.305
1974-01-06,1280.171
1974-01-07,1440.773
1974-01-08,1290.558
1974-01-09,1107.77
1974-01-10,1051.457
1974-01-11,1079.678
1974-01-12,1116.315
1974-01-13,1154.715
1974-01-14,1244.093
1974-01-15,1429.793
1974-01-16,1547.75
1974-01-17,1483.091
1974-01-18,1368.345
1974-01-19,1275.11
1974-01-20,1190.273
1974-01-21,1120.277
1974-01-22,1093.462
1974-01-23,1077.387
1974-01-24,1036.171
1974-01-25,1011.907
1974-01-26,1056.412
1974-01-27,1104.23
1974-01-28,1194.308
1974-01-29,1235.114
1974-01-30,1210.274
1974-01-31,1209.901
1974-02-01,1183.072
1974-02-02,1133.791
1974-02-03,1073.69
1974-02-04,1085.948
1974-02-05,1172.358
1974-02-06,1216.781
1974-02-07,1151.412
1974-02-08,1102.649
1974-02-09,1093.679
1974-02-10,1065.136
1974-02-11,1085.33
1974-02-12,1173.129
1974-02-13,1205.458
1974-02-14,1190.752
1974-02-15,1133.35
1974-02-16,1099.445
1974-02-17,1077.637
1974-02-18,998.38
1974-02-19,946.993
1974-02-20,975.665
1974-02-21,1076.58
1974-02-22,1154.0
1974-02-23,1158.671
1974-02-24,1084.148
1974-02-25,997.093
1974-02-26,916.019
1974-02-27,925.689
1974-02-28,1029.708
1974-03-01,1095.288
1974-03-02,1101.138
1974-03-03,1303.237
1974-03-04,1475.421
1974-03-05,1294.074
1974-03-06,1101.024
1974-03-07,1003.279
1974-03-08,978.542
1974-03-09,956.845
1974-03-10,911.136
1974-03-11,933.47
1974-03-12,989.44
1974-03-13,1043.295
1974-03-14,1059.477
1974-03-15,1103.95
1974-03-16,1265.842
1974-03-17,1624.465
1974-03-18,1819.377
1974-03-19,1499.64
1974-03-20,1197.3
1974-03-21,1036.47
1974-03-22,966.475
1974-03-23,980.525
1974-03-24,995.518
1974-03-25,944.172
1974-03-26,919.969
1974-03-27,844.153
1974-03-28,810.127
1974-03-29,877.968
1974-03-30,977.941
1974-03-31,1100.405
1974-04-01,1223.2
1974-04-02,1314.548
1974-04-03,1353.673
1974-04-04,1259.399
1974-04-05,1177.62
1974-04-06,1526.759
1974-04-07,1977.412
1974-04-08,1977.275
1974-04-09,1916.705
1974-04-10,1968.296
1974-04-11,2032.293
1974-04-12,2139.76
1974-04-13,2376.47
1974-04-14,2295.652
1974-04-15,1994.8
1974-04-16,1896.532
1974-04-17,1932.5
1974-04-18,1899.458
1974-04-19,1832.805
1974-04-20,1884.265
1974-04-21,2005.696
1974-04-22,2328.446
1974-04-23,2641.335
1974-04-24,2589.068
1974-04-25,2480.696
1974-04-26,2331.82
1974-04-27,2183.401
1974-04-28,2416.846
1974-04-29,2683.546
1974-04-30,2335.67
1974-05-01,1938.432
1974-05-02,1720.197
1974-05-03,1705.045
1974-05-04,1845.932
1974-05-05,1826.397
1974-05-06,1707.384
1974-05-07,1645.349
1974-05-08,1623.207
1974-05-09,1616.308
1974-05-10,1714.261
1974-05-11,1698.309
1974-05-12,1712.373
1974-05-13,1572.352
1974-05-14,1517.386
1974-05-15,1571.097
1974-05-16,1726.642
1974-05-17,1809.536
1974-05-18,1729.392
1974-05-19,1649.948
1974-05-20,1966.233
1974-05-21,2314.025
1974-05-22,2072.423
1974-05-23,1817.756
1974-05-24,1711.203
1974-05-25,1687.154
1974-05-26,1724.512
1974-05-27,1694.551
1974-05-28,1620.838
1974-05-29,1636.777
1974-05-30,1750.362
1974-05-31,1825.829
1974-06-01,1725.687
1974-06-02,1510.049
1974-06-03,1394.908
1974-06-04,1412.492
1974-06-05,1441.232
1974-06-06,1422.576
1974-06-07,1383.234
1974-06-08,1345.388
1974-06-09,1329.737
1974-06-10,1339.202
1974-06-11,1259.732
1974-06-12,1089.662
1974-06-13,963.705
1974-06-14,905.079
1974-06-15,871.406
1974-06-16,851.843
1974-06-17,856.622
1974-06-18,895.773
1974-06-19,928.673
1974-06-20,917.764
1974-06-21,887.537
1974-06-22,856.981
1974-06-23,775.552
1974-06-24,705.16
1974-06-25,668.071
1974-06-26,636.219
1974-06-27,636.61
1974-06-28,644.491
1974-06-29,626.861
1974-06-30,610.444
1974-07-01,592.365
1974-07-02,548.181
1974-07-03,516.552
1974-07-04,530.398
1974-07-05,531.482
1974-07-06,516.844
1974-07-07,499.122
1974-07-08,498.515
1974-07-09,497.017
1974-07-10,485.945
1974-07-11,472.231
1974-07-12,468.131
1974-07-13,507.832
1974-07-14,582.524
1974-07-15,597.462
1974-07-16,584.535
1974-07-17,582.99
1974-07-18,588.77
1974-07-19,566.845
1974-07-20,507.674
1974-07-21,485.85
1974-07-22,557.065
1974-07-23,624.231
1974-07-24,582.659
1974-07-25,501.377
1974-07-26,444.747
1974-07-27,403.686
1974-07-28,373.734
1974-07-29,365.638
1974-07-30,359.864
1974-07-31,342.059
1974-08-01,330.144
1974-08-02,328.754
1974-08-03,321.994
1974-08-04,306.178
1974-08-05,292.846
1974-08-06,285.33
1974-08-07,279.602
1974-08-08,272.32
1974-08-09,264.62
1974-08-10,257.748
1974-08-11,251.517
1974-08-12,246.567
1974-08-13,243.072
1974-08-14,242.259
1974-08-15,241.02
1974-08-16,234.439
1974-08-17,226.612
1974-08-18,220.61
1974-08-19,216.077
1974-08-20,212.257
1974-08-21,208.558
1974-08-22,204.871
1974-08-23,201.803
1974-08-24,199.456
1974-08-25,197.242
1974-08-26,196.36
1974-08-27,203.51
1974-08-28,218.134
1974-08-29,231.845
1974-08-30,228.496
1974-08-31,205.732
1974-09-01,251.028
1974-09-02,272.045
1974-09-03,225.474
1974-09-04,227.442
1974-09-05,241.053
1974-09-06,241.899
1974-09-07,259.18
1974-09-08,245.221
1974-09-09,231.557
1974-09-10,239.452
1974-09-11,237.302
1974-09-12,257.689
1974-09-13,257.605
1974-09-14,333.946
1974-09-15,348.734
1974-09-16,340.878
1974-09-17,376.636
1974-09-18,438.796
1974-09-19,413.626
1974-09-20,376.957
1974-09-21,358.83
1974-09-22,330.31
1974-09-23,321.593
1974-09-24,379.581
1974-09-25,423.234
1974-09-26,424.951
1974-09-27,401.309
1974-09-28,412.658
1974-09-29,472.041
1974-09-30,524.391
1974-10-01,538.584
1974-10-02,504.757
1974-10-03,452.116
1974-10-04,366.773
1974-10-05,273.448
1974-10-06,249.855
1974-10-07,253.378
1974-10-08,273.731
1974-10-09,288.625
1974-10-10,271.992
1974-10-11,248.288
1974-10-12,251.535
1974-10-13,254.173
1974-10-14,276.083
1974-10-15,312.713
1974-10-16,364.809
1974-10-17,441.326
1974-10-18,520.848
1974-10-19,605.924
1974-10-20,678.526
1974-10-21,603.776
1974-10-22,427.256
1974-10-23,321.22
1974-10-24,279.339
1974-10-25,302.157
1974-10-26,345.487
1974-10-27,414.343
1974-10-28,602.768
1974-10-29,783.244
1974-10-30,818.863
1974-10-31,876.531
1974-11-01,845.068
1974-11-02,687.277
1974-11-03,584.67
1974-11-04,569.66
1974-11-05,543.962
1974-11-06,472.932
1974-11-07,438.238
1974-11-08,443.121
1974-11-09,495.568
1974-11-10,625.05
1974-11-11,740.168
1974-11-12,859.546
1974-11-13,984.778
1974-11-14,887.886
1974-11-15,944.626
1974-11-16,1088.307
1974-11-17,997.702
1974-11-18,1014.678
1974-11-19,970.722
1974-11-20,875.986
1974-11-21,965.333
1974-11-22,1194.363
1974-11-23,1450.813
1974-11-24,1519.173
1974-11-25,1378.258
1974-11-26,1271.058
1974-11-27,1218.416
1974-11-28,1189.817
1974-11-29,1126.046
1974-11-30,1095.83
1974-12-01,1157.155
1974-12-02,1234.169
1974-12-03,1357.051
1974-12-04,1514.508
1974-12-05,1621.494
1974-12-06,1663.653
1974-12-07,1686.722
1974-12-08,1672.28
1974-12-09,1586.799
1974-12-10,1541.405
1974-12-11,1532.652
1974-12-12,1480.013
1974-12-13,1343.116
1974-12-14,1261.679
1974-12-15,1135.495
1974-12-16,1012.728
1974-12-17,979.624
1974-12-18,1025.26
1974-12-19,1170.269
1974-12-20,1343.488
1974-12-21,1399.032
1974-12-22,1374.687
1974-12-23,1251.945
1974-12-24,1208.961
1974-12-25,1183.46
1974-12-26,1151.33
1974-12-27,1130.314
1974-12-28,1107.65
1974-12-29,1127.525
1974-12-30,1175.81
1974-12-31,1161.712
1975-01-01,1109.184
1975-01-02,1090.784
1975-01-03,1126.907
1975-01-04,1088.354
1975-01-05,983.13
1975-01-06,985.652
1975-01-07,1032.362
1975-01-08,1017.373
1975-01-09,1006.505
1975-01-10,1069.167
1975-01-11,1173.648
1975-01-12,1250.948
1975-01-13,1239.732
1975-01-14,1215.743
1975-01-15,1260.618
1975-01-16,1312.188
1975-01-17,1291.533
1975-01-18,1164.142
1975-01-19,1047.217
1975-01-20,1021.546
1975-01-21,1057.61
1975-01-22,1138.555
1975-01-23,1234.518
1975-01-24,1241.95
1975-01-25,1231.512
1975-01-26,1226.467
1975-01-27,1320.769
1975-01-28,1744.256
1975-01-29,1967.965
1975-01-30,1585.221
1975-01-31,1225.516
1975-02-01,1136.862
1975-02-02,1164.039
1975-02-03,1196.069
1975-02-04,1168.188
1975-02-05,1090.709
1975-02-06,986.49
1975-02-07,909.303
1975-02-08,894.415
1975-02-09,919.541
1975-02-10,959.725
1975-02-11,995.95
1975-02-12,1035.894
1975-02-13,1033.66
1975-02-14,999.754
1975-02-15,1030.332
1975-02-16,1096.57
1975-02-17,1083.739
1975-02-18,960.835
1975-02-19,941.867
1975-02-20,1066.914
1975-02-21,1144.622
1975-02-22,1156.084
1975-02-23,1124.151
1975-02-24,1071.778
1975-02-25,1043.5
1975-02-26,1050.722
1975-02-27,1059.895
1975-02-28,1061.537
1975-03-01,974.483
1975-03-02,828.708
1975-03-03,729.624
1975-03-04,656.367
1975-03-05,596.348
1975-03-06,578.531
1975-03-07,582.961
1975-03-08,603.685
1975-03-09,680.036
1975-03-10,854.227
1975-03-11,1014.722
1975-03-12,1202.163
1975-03-13,1344.884
1975-03-14,1237.305
1975-03-15,1081.621
1975-03-16,1048.659
1975-03-17,1157.388
1975-03-18,1302.188
1975-03-19,1332.892
1975-03-20,1403.276
1975-03-21,1594.325
1975-03-22,1972.663
1975-03-23,2345.153
1975-03-24,2301.206
1975-03-25,2080.214
1975-03-26,1829.811
1975-03-27,1677.021
1975-03-28,1629.062
1975-03-29,1854.82
1975-03-30,2043.316
1975-03-31,2078.353
1975-04-01,2167.038
1975-04-02,2026.836
1975-04-03,1902.616
1975-04-04,1851.422
1975-04-05,1856.421
1975-04-06,1803.865
1975-04-07,1677.571
1975-04-08,1667.98
1975-04-09,1668.677
1975-04-10,1520.089
1975-04-11,1363.322
1975-04-12,1223.656
1975-04-13,1199.796
1975-04-14,1283.192
1975-04-15,1404.677
1975-04-16,1512.155
1975-04-17,1557.31
1975-04-18,1704.772
1975-04-19,1810.63
1975-04-20,1755.282
1975-04-21,1704.282
1975-04-22,1810.537
1975-04-23,2005.271
1975-04-24,1968.748
1975-04-25,1971.74
1975-04-26,2126.452
1975-04-27,2432.712
1975-04-28,2659.788
1975-04-29,2945.411
1975-04-30,3160.543
1975-05-01,3332.52
1975-05-02,3182.409
1975-05-03,2569.395
1975-05-04,2190.79
1975-05-05,2044.208
1975-05-06,2017.608
1975-05-07,2088.697
1975-05-08,2072.116
1975-05-09,2044.793
1975-05-10,1875.978
1975-05-11,1647.099
1975-05-12,1519.385
1975-05-13,1450.795
1975-05-14,1377.705
1975-05-15,1280.511
1975-05-16,1257.329
1975-05-17,1329.994
1975-05-18,1506.321
1975-05-19,1675.844
1975-05-20,1447.449
1975-05-21,1373.546
1975-05-22,1265.725
1975-05-23,1135.515
1975-05-24,1026.363
1975-05-25,942.635
1975-05-26,951.513
1975-05-27,964.567
1975-05-28,958.434
1975-05-29,1005.054
1975-05-30,1087.774
1975-05-31,1181.483
1975-06-01,1254.488
1975-06-02,1255.458
1975-06-03,1141.057
1975-06-04,989.577
1975-06-05,879.218
1975-06-06,854.162
1975-06-07,906.755
1975-06-08,965.823
1975-06-09,1030.568
1975-06-10,1075.4
1975-06-11,1081.544
1975-06-12,1054.101
1975-06-13,975.678
1975-06-14,883.268
1975-06-15,780.686
1975-06-16,695.336
1975-06-17,661.293
1975-06-18,654.458
1975-06-19,641.068
1975-06-20,605.345
1975-06-21,570.032
1975-06-22,543.568
1975-06-23,521.518
1975-06-24,523.682
1975-06-25,558.842
1975-06-26,622.566
1975-06-27,713.063
1975-06-28,768.62
1975-06-29,736.038
1975-06-30,651.738
1975-07-01,554.646
1975-07-02,475.549
1975-07-03,443.769
1975-07-04,429.524
1975-07-05,411.185
1975-07-06,395.238
1975-07-07,385.202
1975-07-08,376.868
1975-07-09,367.583
1975-07-10,359.0
1975-07-11,351.714
1975-07-12,345.897
1975-07-13,342.562
1975-07-14,341.863
1975-07-15,336.035
1975-07-16,323.691
1975-07-17,313.039
1975-07-18,305.285
1975-07-19,297.547
1975-07-20,289.761
1975-07-21,283.507
1975-07-22,280.173
1975-07-23,284.748
1975-07-24,306.775
1975-07-25,332.981
1975-07-26,340.121
1975-07-27,336.718
1975-07-28,339.002
1975-07-29,362.963
1975-07-30,388.543
1975-07-31,362.192
1975-08-01,337.647
1975-08-02,317.179
1975-08-03,297.05
1975-08-04,297.688
1975-08-05,354.814
1975-08-06,452.293
1975-08-07,572.235
1975-08-08,666.951
1975-08-09,687.034
1975-08-10,593.13
1975-08-11,439.477
1975-08-12,311.252
1975-08-13,239.162
1975-08-14,216.74
1975-08-15,213.624
1975-08-16,216.158
1975-08-17,226.443
1975-08-18,248.295
1975-08-19,260.624
1975-08-20,238.071
1975-08-21,210.231
1975-08-22,199.146
1975-08-23,191.216
1975-08-24,186.955
1975-08-25,184.25
1975-08-26,183.563
1975-08-27,184.685
1975-08-28,183.599
1975-08-29,184.466
1975-08-30,191.78
1975-08-31,190.52
1975-09-01,178.914
1975-09-02,169.775
1975-09-03,169.139
1975-09-04,178.952
1975-09-05,188.245
1975-09-06,189.987
1975-09-07,200.104
1975-09-08,250.378
1975-09-09,322.41
1975-09-10,341.47
1975-09-11,338.862
1975-09-12,356.173
1975-09-13,408.228
1975-09-14,459.376
1975-09-15,454.597
1975-09-16,474.42
1975-09-17,523.082
1975-09-18,611.493
1975-09-19,740.164
1975-09-20,814.907
1975-09-21,868.547
1975-09-22,975.472
1975-09-23,1026.942
1975-09-24,882.27
1975-09-25,678.294
1975-09-26,491.614
1975-09-27,411.403
1975-09-28,482.754
1975-09-29,595.788
1975-09-30,686.895
1975-10-01,731.99
1975-10-02,724.389
1975-10-03,651.118
1975-10-04,577.946
1975-10-05,590.197
1975-10-06,697.957
1975-10-07,875.74
1975-10-08,944.64
1975-10-09,1026.073
1975-10-10,1220.358
1975-10-11,1451.16
1975-10-12,1600.463
1975-10-13,1768.916
1975-10-14,2042.891
1975-10-15,2095.715
1975-10-16,1977.685
1975-10-17,1855.892
1975-10-18,1713.278
1975-10-19,1482.335
1975-10-20,1332.188
1975-10-21,1208.569
1975-10-22,1110.677
1975-10-23,1122.796
1975-10-24,1258.592
1975-10-25,1617.592
1975-10-26,1893.102
1975-10-27,1887.275
1975-10-28,1781.308
1975-10-29,1700.973
1975-10-30,1758.8
1975-10-31,1900.149
1975-11-01,1963.561
1975-11-02,2075.155
1975-11-03,2288.354
1975-11-04,2349.848
1975-11-05,2306.063
1975-11-06,2270.22
1975-11-07,2271.04
1975-11-08,2202.907
1975-11-09,2244.125
1975-11-10,2131.013
1975-11-11,1811.076
1975-11-12,1654.14
1975-11-13,1634.58
1975-11-14,1658.0
1975-11-15,1606.535
1975-11-16,1538.107
1975-11-17,1523.74
1975-11-18,1473.242
1975-11-19,1428.076
1975-11-20,1417.073
1975-11-21,1350.019
1975-11-22,1262.63
1975-11-23,1254.976
1975-11-24,1292.124
1975-11-25,1330.901
1975-11-26,1466.426
1975-11-27,1691.998
1975-11-28,1875.859
1975-11-29,1956.372
1975-11-30,1944.292
1975-12-01,1777.374
1975-12-02,1624.594
1975-12-03,1526.558
1975-12-04,1457.696
1975-12-05,1459.935
1975-12-06,1539.532
1975-12-07,1630.785
1975-12-08,1742.435
1975-12-09,1873.329
1975-12-10,1926.882
1975-12-11,1852.82
1975-12-12,1706.593
1975-12-13,1567.198
1975-12-14,1497.002
1975-12-15,1410.127
1975-12-16,1351.808
1975-12-17,1424.772
1975-12-18,1543.742
1975-12-19,1668.651
1975-12-20,1798.407
1975-12-21,1895.491
1975-12-22,1968.882
1975-12-23,1899.733
1975-12-24,1744.649
1975-12-25,1611.605
1975-12-26,1551.667
1975-12-27,1617.985
1975-12-28,1834.432
1975-12-29,2445.308
1975-12-30,2704.378
1975-12-31,2347.937
1976-01-01,2054.788
1976-01-02,1864.78
1976-01-03,1727.837
1976-01-04,1665.022
1976-01-05,1659.357
1976-01-06,1717.442
1976-01-07,1791.886
1976-01-08,1814.284
1976-01-09,1759.127
1976-01-10,1664.363
1976-01-11,1630.156
1976-01-12,1640.507
1976-01-13,1651.986
1976-01-14,1669.689
1976-01-15,1678.737
1976-01-16,1705.992
1976-01-17,1699.417
1976-01-18,1691.396
1976-01-19,1694.775
1976-01-20,1714.367
1976-01-21,1740.357
1976-01-22,1771.11
1976-01-23,1752.554
1976-01-24,1703.383
1976-01-25,1747.961
1976-01-26,1789.538
1976-01-27,1659.862
1976-01-28,1430.485
1976-01-29,1248.495
1976-01-30,1125.592
1976-01-31,1046.735
1976-02-01,1008.661
1976-02-02,1002.655
1976-02-03,1029.64
1976-02-04,1036.738
1976-02-05,1017.011
1976-02-06,1053.928
1976-02-07,1169.338
1976-02-08,1317.484
1976-02-09,1417.678
1976-02-10,1411.809
1976-02-11,1392.89
1976-02-12,1461.433
1976-02-13,1530.798
1976-02-14,1422.573
1976-02-15,1436.266
1976-02-16,1577.534
1976-02-17,1657.161
1976-02-18,1750.185
1976-02-19,1680.552
1976-02-20,1649.85
1976-02-21,1719.707
1976-02-22,1718.542
1976-02-23,1728.292
1976-02-24,1717.217
1976-02-25,1669.858
1976-02-26,1740.992
1976-02-27,1885.914
1976-02-28,2050.264
1976-02-29,2133.563
1976-03-01,2196.752
1976-03-02,2179.153
1976-03-03,2149.513
1976-03-04,2236.992
1976-03-05,2347.155
1976-03-06,2321.139
1976-03-07,2286.217
1976-03-08,2242.975
1976-03-09,2308.572
1976-03-10,2449.373
1976-03-11,2443.189
1976-03-12,2256.448
1976-03-13,2007.869
1976-03-14,2002.535
1976-03-15,2170.187
1976-03-16,2259.212
1976-03-17,2188.958
1976-03-18,2056.143
1976-03-19,2020.233
1976-03-20,2115.121
1976-03-21,2111.471
1976-03-22,2089.114
1976-03-23,2092.998
1976-03-24,2034.395
1976-03-25,1860.95
1976-03-26,1671.914
1976-03-27,1627.6
1976-03-28,1670.377
1976-03-29,1626.161
1976-03-30,1578.185
1976-03-31,1611.716
1976-04-01,1748.184
1976-04-02,1959.49
1976-04-03,2034.664
1976-04-04,1891.602
1976-04-05,1820.971
1976-04-06,1882.188
1976-04-07,2060.996
1976-04-08,2261.071
1976-04-09,2174.915
1976-04-10,2186.419
1976-04-11,2094.388
1976-04-12,1955.102
1976-04-13,1969.307
1976-04-14,2102.291
1976-04-15,2135.422
1976-04-16,2101.13
1976-04-17,2279.38
1976-04-18,2580.86
1976-04-19,2734.264
1976-04-20,2613.237
1976-04-21,2573.776
1976-04-22,2429.791
1976-04-23,2288.18
1976-04-24,2317.764
1976-04-25,2368.822
1976-04-26,2570.987
1976-04-27,2723.175
1976-04-28,2478.502
1976-04-29,2285.635
1976-04-30,2260.832
1976-05-01,2239.591
1976-05-02,2194.54
1976-05-03,2196.877
1976-05-04,2207.92
1976-05-05,2169.381
1976-05-06,2090.834
1976-05-07,2099.185
1976-05-08,2006.022
1976-05-09,1877.428
1976-05-10,1811.243
1976-05-11,1841.13
1976-05-12,1913.36
1976-05-13,1953.353
1976-05-14,1994.048
1976-05-15,1978.68
1976-05-16,1970.279
1976-05-17,1992.6
1976-05-18,1941.248
1976-05-19,1860.022
1976-05-20,1751.098
1976-05-21,1635.277
1976-05-22,1568.034
1976-05-23,1531.355
1976-05-24,1496.598
1976-05-25,1445.165
1976-05-26,1409.872
1976-05-27,1357.269
1976-05-28,1322.585
1976-05-29,1350.179
1976-05-30,1474.081
1976-05-31,1606.388
1976-06-01,1684.031
1976-06-02,1671.574
1976-06-03,1716.429
1976-06-04,1788.289
1976-06-05,1868.658
1976-06-06,1984.238
1976-06-07,2036.664
1976-06-08,2036.708
1976-06-09,2021.976
1976-06-10,2099.158
1976-06-11,2145.254
1976-06-12,2024.02
1976-06-13,1860.416
1976-06-14,1719.024
1976-06-15,1608.989
1976-06-16,1522.104
1976-06-17,1438.659
1976-06-18,1331.745
1976-06-19,1248.643
1976-06-20,1229.165
1976-06-21,1230.49
1976-06-22,1216.45
1976-06-23,1179.448
1976-06-24,1155.518
1976-06-25,1153.53
1976-06-26,1128.443
1976-06-27,1080.411
1976-06-28,990.517
1976-06-29,891.537
1976-06-30,836.202
1976-07-01,813.769
1976-07-02,790.601
1976-07-03,758.764
1976-07-04,746.895
1976-07-05,745.646
1976-07-06,731.089
1976-07-07,704.145
1976-07-08,670.05
1976-07-09,646.93
1976-07-10,622.256
1976-07-11,589.02
1976-07-12,562.552
1976-07-13,546.572
1976-07-14,533.002
1976-07-15,521.226
1976-07-16,513.196
1976-07-17,510.715
1976-07-18,502.526
1976-07-19,502.668
1976-07-20,512.978
1976-07-21,507.282
1976-07-22,483.042
1976-07-23,458.213
1976-07-24,460.091
1976-07-25,472.717
1976-07-26,472.765
1976-07-27,465.679
1976-07-28,448.901
1976-07-29,437.065
1976-07-30,438.842
1976-07-31,448.088
1976-08-01,440.617
1976-08-02,396.58
1976-08-03,352.54
1976-08-04,331.24
1976-08-05,323.4
1976-08-06,316.921
1976-08-07,309.565
1976-08-08,304.163
1976-08-09,301.47
1976-08-10,299.361
1976-08-11,292.51
1976-08-12,284.114
1976-08-13,279.194
1976-08-14,276.276
1976-08-15,275.634
1976-08-16,280.179
1976-08-17,281.966
1976-08-18,278.235
1976-08-19,277.091
1976-08-20,271.424
1976-08-21,261.708
1976-08-22,261.34
1976-08-23,281.199
1976-08-24,328.049
1976-08-25,356.75
1976-08-26,350.323
1976-08-27,346.43
1976-08-28,350.322
1976-08-29,338.675
1976-08-30,307.986
1976-08-31,302.414
1976-09-01,336.935
1976-09-02,369.559
1976-09-03,373.138
1976-09-04,350.57
1976-09-05,312.275
1976-09-06,282.711
1976-09-07,280.077
1976-09-08,286.897
1976-09-09,292.396
1976-09-10,283.108
1976-09-11,271.072
1976-09-12,245.471
1976-09-13,241.605
1976-09-14,275.946
1976-09-15,328.668
1976-09-16,346.668
1976-09-17,356.26
1976-09-18,411.572
1976-09-19,457.825
1976-09-20,423.774
1976-09-21,332.43
1976-09-22,259.999
1976-09-23,214.195
1976-09-24,193.793
1976-09-25,186.865
1976-09-26,184.765
1976-09-27,192.06
1976-09-28,206.836
1976-09-29,234.542
1976-09-30,308.99
1976-10-01,411.543
1976-10-02,471.533
1976-10-03,495.258
1976-10-04,494.235
1976-10-05,450.887
1976-10-06,375.894
1976-10-07,360.027
1976-10-08,399.74
1976-10-09,508.912
1976-10-10,612.15
1976-10-11,575.265
1976-10-12,541.79
1976-10-13,728.502
1976-10-14,834.566
1976-10-15,707.562
1976-10-16,700.955
1976-10-17,888.235
1976-10-18,1155.051
1976-10-19,1227.35
1976-10-20,1059.276
1976-10-21,929.562
1976-10-22,797.593
1976-10-23,698.856
1976-10-24,680.073
1976-10-25,628.0
1976-10-26,555.173
1976-10-27,437.515
1976-10-28,357.79
1976-10-29,361.692
1976-10-30,366.569
1976-10-31,432.703
1976-11-01,617.488
1976-11-02,820.599
1976-11-03,916.541
1976-11-04,799.799
1976-11-05,625.755
1976-11-06,572.053
1976-11-07,582.52
1976-11-08,573.627
1976-11-09,680.002
1976-11-10,768.428
1976-11-11,739.136
1976-11-12,724.813
1976-11-13,765.496
1976-11-14,739.111
1976-11-15,675.899
1976-11-16,732.405
1976-11-17,882.029
1976-11-18,945.652
1976-11-19,917.759
1976-11-20,917.254
1976-11-21,908.365
1976-11-22,843.76
1976-11-23,870.18
1976-11-24,951.68
1976-11-25,1023.652
1976-11-26,1054.128
1976-11-27,1035.291
1976-11-28,1030.007
1976-11-29,1029.491
1976-11-30,1116.661
1976-12-01,1209.625
1976-12-02,1168.156
1976-12-03,1049.861
1976-12-04,1103.941
1976-12-05,1139.378
1976-12-06,1274.843
1976-12-07,1794.287
1976-12-08,2012.272
1976-12-09,1653.365
1976-12-10,1383.65
1976-12-11,1259.027
1976-12-12,1344.927
1976-12-13,1419.648
1976-12-14,1442.282
1976-12-15,1851.585
1976-12-16,2447.592
1976-12-17,2317.365
1976-12-18,1625.438
1976-12-19,1237.736
1976-12-20,1073.42
1976-12-21,955.244
1976-12-22,901.901
1976-12-23,856.614
1976-12-24,845.712
1976-12-25,875.335
1976-12-26,926.164
1976-12-27,983.377
1976-12-28,979.834
1976-12-29,940.204
1976-12-30,923.488
1976-12-31,996.893
1977-01-01,1018.984
1977-01-02,940.204
1977-01-03,987.753
1977-01-04,1039.247
1977-01-05,1088.809
1977-01-06,1218.936
1977-01-07,1330.083
1977-01-08,1254.264
1977-01-09,1084.946
1977-01-10,993.733
1977-01-11,960.15
1977-01-12,1065.976
1977-01-13,1233.401
1977-01-14,1382.392
1977-01-15,1510.964
1977-01-16,1537.719
1977-01-17,1572.014
1977-01-18,1835.973
1977-01-19,1896.726
1977-01-20,1667.951
1977-01-21,1544.318
1977-01-22,1436.445
1977-01-23,1363.106
1977-01-24,1338.195
1977-01-25,1319.928
1977-01-26,1241.748
1977-01-27,1081.81
1977-01-28,993.109
1977-01-29,994.47
1977-01-30,1360.593
1977-01-31,1850.668
1977-02-01,1753.675
1977-02-02,1539.811
1977-02-03,1362.825
1977-02-04,1258.403
1977-02-05,1335.235
1977-02-06,1573.55
1977-02-07,1753.861
1977-02-08,1826.664
1977-02-09,1734.904
1977-02-10,1559.375
1977-02-11,1396.226
1977-02-12,1283.553
1977-02-13,1234.185
1977-02-14,1293.123
1977-02-15,1413.629
1977-02-16,1441.452
1977-02-17,1455.9
1977-02-18,1421.167
1977-02-19,1328.692
1977-02-20,1262.472
1977-02-21,1189.031
1977-02-22,1156.828
1977-02-23,1181.492
1977-02-24,1183.43
1977-02-25,1124.192
1977-02-26,1052.947
1977-02-27,1009.698
1977-02-28,990.759
1977-03-01,989.849
1977-03-02,988.736
1977-03-03,974.737
1977-03-04,994.82
1977-03-05,1062.284
1977-03-06,1112.058
1977-03-07,1190.845
1977-03-08,1284.815
1977-03-09,1382.78
1977-03-10,1479.576
1977-03-11,1584.148
1977-03-12,1678.943
1977-03-13,1718.66
1977-03-14,1645.518
1977-03-15,1629.54
1977-03-16,1773.156
1977-03-17,1874.473
1977-03-18,1895.93
1977-03-19,1917.408
1977-03-20,1882.798
1977-03-21,1906.795
1977-03-22,1916.164
1977-03-23,1888.245
1977-03-24,2017.979
1977-03-25,2190.062
1977-03-26,2131.996
1977-03-27,2023.909
1977-03-28,1880.817
1977-03-29,1714.127
1977-03-30,1646.711
1977-03-31,1790.585
1977-04-01,2218.022
1977-04-02,2463.86
1977-04-03,2109.21
1977-04-04,1833.127
1977-04-05,1886.685
1977-04-06,1989.376
1977-04-07,2029.522
1977-04-08,2140.913
1977-04-09,2443.66
1977-04-10,2676.896
1977-04-11,2810.329
1977-04-12,2926.378
1977-04-13,3225.926
1977-04-14,3442.989
1977-04-15,3232.783
1977-04-16,3243.147
1977-04-17,3262.18
1977-04-18,3274.979
1977-04-19,3635.166
1977-04-20,3870.019
1977-04-21,3788.512
1977-04-22,4003.834
1977-04-23,4346.515
1977-04-24,4517.761
1977-04-25,4618.085
1977-04-26,4507.595
1977-04-27,4063.623
1977-04-28,3678.315
1977-04-29,3361.665
1977-04-30,3059.164
1977-05-01,2832.888
1977-05-02,2751.077
1977-05-03,2749.468
1977-05-04,2715.674
1977-05-05,2602.714
1977-05-06,2541.615
1977-05-07,2520.088
1977-05-08,2470.485
1977-05-09,2478.889
1977-05-10,2607.369
1977-05-11,2723.665
1977-05-12,2778.453
1977-05-13,2829.737
1977-05-14,2928.024
1977-05-15,2976.096
1977-05-16,2875.385
1977-05-17,2724.665
1977-05-18,2921.493
1977-05-19,3218.533
1977-05-20,2940.999
1977-05-21,2623.222
1977-05-22,2502.053
1977-05-23,2386.983
1977-05-24,2262.27
1977-05-25,2194.579
1977-05-26,2150.808
1977-05-27,2075.541
1977-05-28,1963.506
1977-05-29,1809.125
1977-05-30,1707.245
1977-05-31,1644.521
1977-06-01,1557.146
1977-06-02,1438.58
1977-06-03,1331.402
1977-06-04,1263.817
1977-06-05,1222.629
1977-06-06,1193.978
1977-06-07,1180.866
1977-06-08,1193.942
1977-06-09,1229.492
1977-06-10,1241.087
1977-06-11,1170.599
1977-06-12,1042.526
1977-06-13,931.152
1977-06-14,866.429
1977-06-15,833.766
1977-06-16,807.959
1977-06-17,779.735
1977-06-18,752.208
1977-06-19,723.895
1977-06-20,700.498
1977-06-21,691.283
1977-06-22,690.171
1977-06-23,685.116
1977-06-24,657.409
1977-06-25,618.498
1977-06-26,592.738
1977-06-27,586.16
1977-06-28,603.482
1977-06-29,625.534
1977-06-30,639.072
1977-07-01,637.446
1977-07-02,606.099
1977-07-03,550.698
1977-07-04,501.49
1977-07-05,473.076
1977-07-06,456.181
1977-07-07,442.955
1977-07-08,433.097
1977-07-09,423.466
1977-07-10,417.838
1977-07-11,429.386
1977-07-12,466.019
1977-07-13,484.385
1977-07-14,452.541
1977-07-15,406.365
1977-07-16,374.544
1977-07-17,362.782
1977-07-18,362.815
1977-07-19,379.526
1977-07-20,415.709
1977-07-21,443.945
1977-07-22,411.81
1977-07-23,353.655
1977-07-24,324.458
1977-07-25,315.278
1977-07-26,301.84
1977-07-27,293.335
1977-07-28,293.284
1977-07-29,295.772
1977-07-30,288.657
1977-07-31,273.164
1977-08-01,261.707
1977-08-02,255.268
1977-08-03,250.582
1977-08-04,246.64
1977-08-05,243.797
1977-08-06,239.778
1977-08-07,235.872
1977-08-08,233.058
1977-08-09,229.95
1977-08-10,228.394
1977-08-11,229.59
1977-08-12,230.77
1977-08-13,227.079
1977-08-14,220.908
1977-08-15,216.284
1977-08-16,216.748
1977-08-17,213.248
1977-08-18,216.096
1977-08-19,235.34
1977-08-20,251.158
1977-08-21,253.498
1977-08-22,245.263
1977-08-23,235.164
1977-08-24,213.633
1977-08-25,188.38
1977-08-26,175.336
1977-08-27,170.301
1977-08-28,170.133
1977-08-29,171.757
1977-08-30,173.842
1977-08-31,178.301
1977-09-01,181.27
1977-09-02,174.826
1977-09-03,171.099
1977-09-04,175.135
1977-09-05,201.795
1977-09-06,266.78
1977-09-07,316.818
1977-09-08,331.882
1977-09-09,355.24
1977-09-10,365.613
1977-09-11,381.637
1977-09-12,406.218
1977-09-13,430.076
1977-09-14,449.415
1977-09-15,427.228
1977-09-16,380.818
1977-09-17,313.833
1977-09-18,238.981
1977-09-19,198.585
1977-09-20,185.172
1977-09-21,203.692
1977-09-22,223.365
1977-09-23,236.839
1977-09-24,239.244
1977-09-25,239.926
1977-09-26,229.319
1977-09-27,199.302
1977-09-28,185.92
1977-09-29,264.281
1977-09-30,369.047
1977-10-01,401.985
1977-10-02,439.418
1977-10-03,431.315
1977-10-04,444.36
1977-10-05,511.052
1977-10-06,530.952
1977-10-07,392.771
1977-10-08,241.232
1977-10-09,179.585
1977-10-10,170.12
1977-10-11,178.584
1977-10-12,212.327
1977-10-13,292.236
1977-10-14,387.918
1977-10-15,444.461
1977-10-16,453.7
1977-10-17,407.719
1977-10-18,332.953
1977-10-19,285.22
1977-10-20,252.868
1977-10-21,217.796
1977-10-22,208.901
1977-10-23,215.755
1977-10-24,233.926
1977-10-25,256.382
1977-10-26,281.08
1977-10-27,372.872
1977-10-28,461.464
1977-10-29,547.238
1977-10-30,549.611
1977-10-31,446.357
1977-11-01,350.203
1977-11-02,372.036
1977-11-03,495.106
1977-11-04,823.628
1977-11-05,1158.42
1977-11-06,1131.497
1977-11-07,1143.979
1977-11-08,1199.528
1977-11-09,1110.599
1977-11-10,958.007
1977-11-11,842.64
1977-11-12,774.34
1977-11-13,692.429
1977-11-14,804.701
1977-11-15,1028.287
1977-11-16,1266.544
1977-11-17,1554.671
1977-11-18,1622.213
1977-11-19,1626.467
1977-11-20,1582.098
1977-11-21,1507.015
1977-11-22,1411.008
1977-11-23,1388.845
1977-11-24,1544.333
1977-11-25,1869.742
1977-11-26,2166.972
1977-11-27,2121.334
1977-11-28,2019.53
1977-11-29,1957.829
1977-11-30,1640.466
1977-12-01,1374.59
1977-12-02,1358.807
1977-12-03,1503.056
1977-12-04,1557.232
1977-12-05,1889.532
1977-12-06,2242.256
1977-12-07,1919.612
1977-12-08,1583.12
1977-12-09,1445.162
1977-12-10,1435.453
1977-12-11,1448.83
1977-12-12,1441.994
1977-12-13,1394.345
1977-12-14,1309.431
1977-12-15,1270.376
1977-12-16,1338.664
1977-12-17,1479.78
1977-12-18,1675.703
1977-12-19,1682.867
1977-12-20,1540.172
1977-12-21,1536.6
1977-12-22,1684.459
1977-12-23,1699.835
1977-12-24,1452.35
1977-12-25,1367.05
1977-12-26,1346.668
1977-12-27,1284.663
1977-12-28,1255.44
1977-12-29,1305.453
1977-12-30,1509.368
1977-12-31,1718.452
1978-01-01,1592.38
1978-01-02,1464.582
1978-01-03,1455.67
1978-01-04,1518.148
1978-01-05,1612.16
1978-01-06,1727.537
1978-01-07,1835.988
1978-01-08,1854.582
1978-01-09,1964.755
1978-01-10,2449.84
1978-01-11,2804.554
1978-01-12,2462.17
1978-01-13,2038.626
1978-01-14,2032.522
1978-01-15,2075.365
1978-01-16,1834.3
1978-01-17,1661.508
1978-01-18,1533.462
1978-01-19,1385.066
1978-01-20,1256.553
1978-01-21,1292.822
1978-01-22,1373.305
1978-01-23,1371.4
1978-01-24,1405.645
1978-01-25,1779.234
1978-01-26,2100.803
1978-01-27,1823.686
1978-01-28,1640.602
1978-01-29,1686.558
1978-01-30,1801.076
1978-01-31,1823.1
1978-02-01,1764.776
1978-02-02,1746.441
1978-02-03,1733.771
1978-02-04,1716.992
1978-02-05,1749.508
1978-02-06,1799.642
1978-02-07,1796.84
1978-02-08,1651.704
1978-02-09,1419.547
1978-02-10,1203.687
1978-02-11,1042.079
1978-02-12,950.565
1978-02-13,889.584
1978-02-14,845.511
1978-02-15,846.424
1978-02-16,921.345
1978-02-17,969.53
1978-02-18,947.622
1978-02-19,906.306
1978-02-20,894.267
1978-02-21,936.028
1978-02-22,1006.74
1978-02-23,1143.848
1978-02-24,1422.064
1978-02-25,1723.078
1978-02-26,1893.211
1978-02-27,1827.944
1978-02-28,1724.16
1978-03-01,1657.271
1978-03-02,1651.658
1978-03-03,1704.36
1978-03-04,1891.538
1978-03-05,2333.333
1978-03-06,2597.575
1978-03-07,2479.251
1978-03-08,2315.04
1978-03-09,2308.027
1978-03-10,2385.625
1978-03-11,2531.056
1978-03-12,2701.536
1978-03-13,3016.058
1978-03-14,3488.26
1978-03-15,3448.05
1978-03-16,2960.819
1978-03-17,2862.172
1978-03-18,2922.31
1978-03-19,2661.095
1978-03-20,2491.84
1978-03-21,2537.438
1978-03-22,2848.531
1978-03-23,3231.134
1978-03-24,3380.092
1978-03-25,3298.703
1978-03-26,3246.482
1978-03-27,3473.222
1978-03-28,3796.351
1978-03-29,3389.87
1978-03-30,3035.177
1978-03-31,2895.626
1978-04-01,2825.446
1978-04-02,2933.065
1978-04-03,3082.99
1978-04-04,3147.388
1978-04-05,3140.54
1978-04-06,3313.162
1978-04-07,3605.002
1978-04-08,3477.282
1978-04-09,3527.46
1978-04-10,3733.248
1978-04-11,3450.449
1978-04-12,3297.555
1978-04-13,3135.941
1978-04-14,2829.849
1978-04-15,2578.82
1978-04-16,2472.862
1978-04-17,2606.026
1978-04-18,2820.584
1978-04-19,2932.094
1978-04-20,2746.218
1978-04-21,2500.475
1978-04-22,2432.33
1978-04-23,2471.337
1978-04-24,2447.488
1978-04-25,2342.922
1978-04-26,2225.625
1978-04-27,2238.718
1978-04-28,2382.268
1978-04-29,2777.565
1978-04-30,3183.11
1978-05-01,3136.454
1978-05-02,2839.509
1978-05-03,2644.783
1978-05-04,2709.249
1978-05-05,2694.291
1978-05-06,2603.508
1978-05-07,2419.384
1978-05-08,2449.881
1978-05-09,2604.219
1978-05-10,2670.565
1978-05-11,2504.301
1978-05-12,2441.083
1978-05-13,2507.33
1978-05-14,2555.697
1978-05-15,2669.571
1978-05-16,2824.155
1978-05-17,2567.17
1978-05-18,2362.868
1978-05-19,2248.298
1978-05-20,2112.772
1978-05-21,1959.682
1978-05-22,1911.452
1978-05-23,1929.971
1978-05-24,1970.851
1978-05-25,2080.188
1978-05-26,2166.148
1978-05-27,2111.089
1978-05-28,1870.24
1978-05-29,1580.539
1978-05-30,1403.498
1978-05-31,1314.698
1978-06-01,1252.42
1978-06-02,1190.752
1978-06-03,1124.112
1978-06-04,1066.401
1978-06-05,1020.853
1978-06-06,987.393
1978-06-07,961.125
1978-06-08,929.015
1978-06-09,891.551
1978-06-10,866.064
1978-06-11,855.191
1978-06-12,842.402
1978-06-13,801.485
1978-06-14,746.55
1978-06-15,706.446
1978-06-16,679.302
1978-06-17,657.26
1978-06-18,638.181
1978-06-19,622.055
1978-06-20,609.755
1978-06-21,606.698
1978-06-22,617.3
1978-06-23,630.053
1978-06-24,627.867
1978-06-25,594.776
1978-06-26,545.142
1978-06-27,512.499
1978-06-28,491.117
1978-06-29,476.516
1978-06-30,472.507
1978-07-01,483.222
1978-07-02,490.26
1978-07-03,493.04
1978-07-04,521.245
1978-07-05,558.727
1978-07-06,563.275
1978-07-07,527.247
1978-07-08,475.15
1978-07-09,426.091
1978-07-10,392.047
1978-07-11,374.265
1978-07-12,365.694
1978-07-13,362.814
1978-07-14,364.947
1978-07-15,368.75
1978-07-16,371.269
1978-07-17,371.639
1978-07-18,361.429
1978-07-19,344.49
1978-07-20,335.583
1978-07-21,330.025
1978-07-22,321.399
1978-07-23,309.003
1978-07-24,293.902
1978-07-25,283.093
1978-07-26,278.292
1978-07-27,278.914
1978-07-28,277.794
1978-07-29,272.58
1978-07-30,269.917
1978-07-31,266.907
1978-08-01,255.692
1978-08-02,242.42
1978-08-03,234.347
1978-08-04,230.99
1978-08-05,227.649
1978-08-06,222.607
1978-08-07,219.515
1978-08-08,223.717
1978-08-09,228.378
1978-08-10,233.862
1978-08-11,244.723
1978-08-12,251.108
1978-08-13,236.85
1978-08-14,220.986
1978-08-15,207.513
1978-08-16,197.712
1978-08-17,215.839
1978-08-18,247.704
1978-08-19,269.717
1978-08-20,317.982
1978-08-21,344.978
1978-08-22,298.128
1978-08-23,240.746
1978-08-24,194.836
1978-08-25,171.819
1978-08-26,164.79
1978-08-27,161.627
1978-08-28,160.109
1978-08-29,158.54
1978-08-30,153.716
1978-08-31,148.759
1978-09-01,145.745
1978-09-02,144.539
1978-09-03,145.678
1978-09-04,156.175
1978-09-05,193.55
1978-09-06,239.701
1978-09-07,262.146
1978-09-08,268.07
1978-09-09,236.025
1978-09-10,181.285
1978-09-11,149.512
1978-09-12,140.432
1978-09-13,145.912
1978-09-14,160.568
1978-09-15,198.336
1978-09-16,218.116
1978-09-17,177.38
1978-09-18,145.216
1978-09-19,136.991
1978-09-20,140.114
1978-09-21,163.315
1978-09-22,245.662
1978-09-23,331.467
1978-09-24,356.895
1978-09-25,363.866
1978-09-26,320.305
1978-09-27,242.074
1978-09-28,188.802
1978-09-29,164.055
1978-09-30,164.902
1978-10-01,171.174
1978-10-02,184.538
1978-10-03,192.931
1978-10-04,203.193
1978-10-05,223.985
1978-10-06,235.193
1978-10-07,254.522
1978-10-08,330.796
1978-10-09,438.169
1978-10-10,517.989
1978-10-11,559.447
1978-10-12,544.857
1978-10-13,430.241
1978-10-14,396.785
1978-10-15,449.148
1978-10-16,401.516
1978-10-17,347.252
1978-10-18,407.095
1978-10-19,532.87
1978-10-20,682.121
1978-10-21,838.061
1978-10-22,917.282
1978-10-23,900.521
1978-10-24,858.639
1978-10-25,778.333
1978-10-26,607.95
1978-10-27,400.277
1978-10-28,288.618
1978-10-29,254.936
1978-10-30,236.234
1978-10-31,234.395
1978-11-01,274.501
1978-11-02,297.197
1978-11-03,262.983
1978-11-04,229.154
1978-11-05,245.541
1978-11-06,300.317
1978-11-07,368.633
1978-11-08,467.703
1978-11-09,590.196
1978-11-10,729.395
1978-11-11,808.707
1978-11-12,708.465
1978-11-13,587.398
1978-11-14,586.517
1978-11-15,640.317
1978-11-16,676.039
1978-11-17,668.075
1978-11-18,659.737
1978-11-19,820.709
1978-11-20,962.396
1978-11-21,941.365
1978-11-22,841.728
1978-11-23,878.345
1978-11-24,978.98
1978-11-25,982.828
1978-11-26,950.422
1978-11-27,904.788
1978-11-28,929.644
1978-11-29,845.819
1978-11-30,789.802
1978-12-01,923.824
1978-12-02,1139.296
1978-12-03,1182.371
1978-12-04,1148.924
1978-12-05,1150.04
1978-12-06,1177.228
1978-12-07,1122.33
1978-12-08,1058.836
1978-12-09,1072.464
1978-12-10,1200.392
1978-12-11,1364.883
1978-12-12,1406.757
1978-12-13,1428.825
1978-12-14,1242.345
1978-12-15,994.871
1978-12-16,938.194
1978-12-17,1038.591
1978-12-18,1167.482
1978-12-19,1341.71
1978-12-20,1562.278
1978-12-21,1785.494
1978-12-22,1697.803
1978-12-23,1386.645
1978-12-24,1252.189
1978-12-25,1325.527
1978-12-26,1523.132
1978-12-27,1798.496
1978-12-28,1874.46
1978-12-29,1847.166
1978-12-30,1840.52
1978-12-31,1874.606
1979-01-01,1987.946
1979-01-02,2029.442
1979-01-03,1987.073
1979-01-04,1911.553
1979-01-05,1769.607
1979-01-06,1690.999
1979-01-07,1691.303
1979-01-08,1733.521
1979-01-09,1725.495
1979-01-10,1653.137
1979-01-11,1594.516
1979-01-12,1493.997
1979-01-13,1330.671
1979-01-14,1172.687
1979-01-15,1082.937
1979-01-16,1034.026
1979-01-17,1047.05
1979-01-18,1097.001
1979-01-19,1093.977
1979-01-20,1046.36
1979-01-21,1002.088
1979-01-22,973.02
1979-01-23,955.13
1979-01-24,1008.659
1979-01-25,1111.309
1979-01-26,1164.834
1979-01-27,1167.991
1979-01-28,1110.88
1979-01-29,1014.392
1979-01-30,978.774
1979-01-31,950.794
1979-02-01,961.993
1979-02-02,1011.829
1979-02-03,1099.345
1979-02-04,1185.22
1979-02-05,1262.369
1979-02-06,1373.611
1979-02-07,1513.784
1979-02-08,1656.086
1979-02-09,1747.086
1979-02-10,1728.111
1979-02-11,1699.982
1979-02-12,1675.06
1979-02-13,1741.341
1979-02-14,2012.195
1979-02-15,2475.176
1979-02-16,2590.381
1979-02-17,2556.552
1979-02-18,2576.814
1979-02-19,2326.113
1979-02-20,2198.51
1979-02-21,2398.385
1979-02-22,2628.755
1979-02-23,2712.247
1979-02-24,2862.685
1979-02-25,2909.567
1979-02-26,2969.636
1979-02-27,2631.525
1979-02-28,2460.208
1979-03-01,2435.362
1979-03-02,2549.6
1979-03-03,2605.308
1979-03-04,2360.399
1979-03-05,2212.578
1979-03-06,2397.498
1979-03-07,2667.047
1979-03-08,2696.305
1979-03-09,2744.928
1979-03-10,2383.521
1979-03-11,2063.833
1979-03-12,1850.024
1979-03-13,1675.484
1979-03-14,1540.374
1979-03-15,1498.882
1979-03-16,1490.986
1979-03-17,1459.148
1979-03-18,1443.789
1979-03-19,1337.592
1979-03-20,1224.562
1979-03-21,1183.653
1979-03-22,1172.829
1979-03-23,1230.101
1979-03-24,1332.9
1979-03-25,1498.089
1979-03-26,1647.564
1979-03-27,1588.667
1979-03-28,1471.599
1979-03-29,1410.085
1979-03-30,1385.87
1979-03-31,1417.695
1979-04-01,1475.319
1979-04-02,1578.978
1979-04-03,1641.984
1979-04-04,1648.637
1979-04-05,1535.552
1979-04-06,1377.269
1979-04-07,1391.106
1979-04-08,1496.013
1979-04-09,1680.978
1979-04-10,1852.814
1979-04-11,2010.727
1979-04-12,2538.79
1979-04-13,3054.906
1979-04-14,2578.416
1979-04-15,2121.602
1979-04-16,1923.199
1979-04-17,1903.504
1979-04-18,2098.51
1979-04-19,2368.007
1979-04-20,2592.605
1979-04-21,2647.265
1979-04-22,2668.565
1979-04-23,2625.597
1979-04-24,2509.354
1979-04-25,2474.684
1979-04-26,2529.293
1979-04-27,2566.412
1979-04-28,2567.089
1979-04-29,2523.875
1979-04-30,2487.029
1979-05-01,2416.582
1979-05-02,2319.237
1979-05-03,2301.441
1979-05-04,2475.768
1979-05-05,2562.635
1979-05-06,2939.395
1979-05-07,3173.791
1979-05-08,2677.364
1979-05-09,2224.41
1979-05-10,2172.289
1979-05-11,2169.026
1979-05-12,2299.82
1979-05-13,2666.047
1979-05-14,2717.972
1979-05-15,2566.196
1979-05-16,2436.652
1979-05-17,2355.703
1979-05-18,2361.285
1979-05-19,2450.396
1979-05-20,2618.709
1979-05-21,2708.833
1979-05-22,2710.839
1979-05-23,2741.766
1979-05-24,2800.26
1979-05-25,2924.044
1979-05-26,2947.259
1979-05-27,2781.863
1979-05-28,2480.88
1979-05-29,2202.379
1979-05-30,2007.095
1979-05-31,1838.412
1979-06-01,1704.506
1979-06-02,1609.542
1979-06-03,1556.278
1979-06-04,1472.098
1979-06-05,1386.045
1979-06-06,1337.788
1979-06-07,1323.995
1979-06-08,1309.962
1979-06-09,1277.117
1979-06-10,1233.702
1979-06-11,1213.664
1979-06-12,1236.93
1979-06-13,1289.544
1979-06-14,1332.89
1979-06-15,1267.183
1979-06-16,1108.768
1979-06-17,1004.268
1979-06-18,968.59
1979-06-19,918.574
1979-06-20,846.244
1979-06-21,820.669
1979-06-22,807.193
1979-06-23,760.015
1979-06-24,732.207
1979-06-25,726.525
1979-06-26,740.172
1979-06-27,776.782
1979-06-28,817.056
1979-06-29,832.445
1979-06-30,814.945
1979-07-01,736.867
1979-07-02,634.716
1979-07-03,573.9
1979-07-04,548.249
1979-07-05,533.402
1979-07-06,521.179
1979-07-07,509.558
1979-07-08,497.795
1979-07-09,487.342
1979-07-10,477.517
1979-07-11,468.438
1979-07-12,458.795
1979-07-13,446.565
1979-07-14,433.162
1979-07-15,420.562
1979-07-16,409.232
1979-07-17,398.745
1979-07-18,389.197
1979-07-19,380.32
1979-07-20,372.966
1979-07-21,369.255
1979-07-22,370.067
1979-07-23,367.004
1979-07-24,355.376
1979-07-25,339.932
1979-07-26,327.462
1979-07-27,318.352
1979-07-28,310.9
1979-07-29,304.188
1979-07-30,298.35
1979-07-31,292.23
1979-08-01,285.335
1979-08-02,278.908
1979-08-03,273.42
1979-08-04,268.234
1979-08-05,262.896
1979-08-06,257.554
1979-08-07,252.833
1979-08-08,249.42
1979-08-09,246.397
1979-08-10,241.422
1979-08-11,235.433
1979-08-12,229.808
1979-08-13,225.728
1979-08-14,222.461
1979-08-15,217.471
1979-08-16,212.768
1979-08-17,209.117
1979-08-18,206.449
1979-08-19,203.738
1979-08-20,202.424
1979-08-21,204.91
1979-08-22,205.641
1979-08-23,199.564
1979-08-24,194.251
1979-08-25,191.877
1979-08-26,191.167
1979-08-27,191.395
1979-08-28,186.605
1979-08-29,180.585
1979-08-30,185.113
1979-08-31,194.352
1979-09-01,195.633
1979-09-02,203.664
1979-09-03,222.285
1979-09-04,235.477
1979-09-05,228.32
1979-09-06,204.304
1979-09-07,176.24
1979-09-08,158.219
1979-09-09,151.002
1979-09-10,147.985
1979-09-11,144.611
1979-09-12,141.042
1979-09-13,138.897
1979-09-14,137.112
1979-09-15,135.885
1979-09-16,138.698
1979-09-17,153.291
1979-09-18,163.813
1979-09-19,151.793
1979-09-20,137.44
1979-09-21,129.258
1979-09-22,126.739
1979-09-23,129.453
1979-09-24,138.207
1979-09-25,145.658
1979-09-26,141.124
1979-09-27,133.576
1979-09-28,132.969
1979-09-29,135.52
1979-09-30,134.047
1979-10-01,128.682
1979-10-02,124.829
1979-10-03,123.778
1979-10-04,118.34
1979-10-05,111.367
1979-10-06,106.908
1979-10-07,104.41
1979-10-08,105.841
1979-10-09,105.227
1979-10-10,112.341
1979-10-11,118.746
1979-10-12,119.468
1979-10-13,118.754
1979-10-14,122.905
1979-10-15,132.632
1979-10-16,126.233
1979-10-17,119.39
1979-10-18,117.786
1979-10-19,133.245
1979-10-20,153.709
1979-10-21,178.181
1979-10-22,226.014
1979-10-23,274.212
1979-10-24,262.84
1979-10-25,235.181
1979-10-26,221.033
1979-10-27,309.544
1979-10-28,413.892
1979-10-29,426.706
1979-10-30,509.899
1979-10-31,637.639
1979-11-01,696.417
1979-11-02,664.93
1979-11-03,578.458
1979-11-04,535.997
1979-11-05,533.042
1979-11-06,601.63
1979-11-07,781.749
1979-11-08,987.483
1979-11-09,1095.747
1979-11-10,1047.755
1979-11-11,1005.311
1979-11-12,1117.125
1979-11-13,1210.591
1979-11-14,1162.268
1979-11-15,913.36
1979-11-16,778.23
1979-11-17,808.368
1979-11-18,942.659
1979-11-19,1008.599
1979-11-20,933.622
1979-11-21,892.997
1979-11-22,974.692
1979-11-23,1037.929
1979-11-24,978.809
1979-11-25,898.865
1979-11-26,870.993
1979-11-27,844.748
1979-11-28,805.656
1979-11-29,784.792
1979-11-30,673.267
1979-12-01,630.05
1979-12-02,654.65
1979-12-03,614.679
1979-12-04,609.428
1979-12-05,702.207
1979-12-06,873.024
1979-12-07,1101.142
1979-12-08,1247.877
1979-12-09,1104.498
1979-12-10,811.381
1979-12-11,617.948
1979-12-12,532.964
1979-12-13,509.765
1979-12-14,582.716
1979-12-15,757.104
1979-12-16,1003.992
1979-12-17,1119.312
1979-12-18,926.078
1979-12-19,758.369
1979-12-20,706.078
1979-12-21,703.459
1979-12-22,782.798
1979-12-23,849.241
1979-12-24,859.29
1979-12-25,833.278
1979-12-26,766.09
1979-12-27,720.117
1979-12-28,783.141
1979-12-29,1062.45
1979-12-30,1368.387
1979-12-31,1207.887
1980-01-01,1020.467
1980-01-02,1034.902
1980-01-03,1080.0
1980-01-04,1065.824
1980-01-05,977.087
1980-01-06,951.536
1980-01-07,1102.428
1980-01-08,1189.62
1980-01-09,1060.108
1980-01-10,976.287
1980-01-11,1108.555
1980-01-12,1304.801
1980-01-13,1309.032
1980-01-14,1158.38
1980-01-15,1010.595
1980-01-16,868.285
1980-01-17,805.599
1980-01-18,764.506
1980-01-19,773.907
1980-01-20,805.337
1980-01-21,781.122
1980-01-22,756.412
1980-01-23,773.264
1980-01-24,847.117
1980-01-25,891.42
1980-01-26,848.925
1980-01-27,876.834
1980-01-28,920.284
1980-01-29,911.76
1980-01-30,870.788
1980-01-31,837.506
1980-02-01,855.792
1980-02-02,915.001
1980-02-03,931.291
1980-02-04,876.5
1980-02-05,857.814
1980-02-06,942.083
1980-02-07,1016.868
1980-02-08,1035.166
1980-02-09,1089.437
1980-02-10,1150.292
1980-02-11,1035.833
1980-02-12,983.084
1980-02-13,1072.958
1980-02-14,1212.155
1980-02-15,1191.282
1980-02-16,1091.879
1980-02-17,989.979
1980-02-18,883.745
1980-02-19,795.337
1980-02-20,743.881
1980-02-21,752.133
1980-02-22,796.364
1980-02-23,822.044
1980-02-24,778.179
1980-02-25,742.836
1980-02-26,778.27
1980-02-27,872.914
1980-02-28,898.615
1980-02-29,847.523
1980-03-01,770.168
1980-03-02,766.795
1980-03-03,870.258
1980-03-04,1019.989
1980-03-05,1091.553
1980-03-06,975.847
1980-03-07,797.323
1980-03-08,718.752
1980-03-09,717.235
1980-03-10,756.624
1980-03-11,830.643
1980-03-12,933.249
1980-03-13,1019.591
1980-03-14,1075.351
1980-03-15,1268.933
1980-03-16,1480.778
1980-03-17,1448.463
1980-03-18,1479.35
1980-03-19,1803.303
1980-03-20,2056.598
1980-03-21,1623.144
1980-03-22,1221.232
1980-03-23,1158.239
1980-03-24,1111.349
1980-03-25,931.265
1980-03-26,868.367
1980-03-27,960.397
1980-03-28,1323.975
1980-03-29,1613.488
1980-03-30,1219.307
1980-03-31,1072.341
1980-04-01,1007.022
1980-04-02,684.012
1980-04-03,591.979
1980-04-04,543.665
1980-04-05,558.409
1980-04-06,569.851
1980-04-07,565.494
1980-04-08,660.132
1980-04-09,808.171
1980-04-10,938.571
1980-04-11,994.165
1980-04-12,1015.069
1980-04-13,939.73
1980-04-14,898.147
1980-04-15,938.735
1980-04-16,992.345
1980-04-17,1021.433
1980-04-18,1049.332
1980-04-19,1097.863
1980-04-20,1126.27
1980-04-21,1236.455
1980-04-22,1370.25
1980-04-23,1419.83
1980-04-24,1422.158
1980-04-25,1468.632
1980-04-26,1524.234
1980-04-27,1497.905
1980-04-28,1413.693
1980-04-29,1348.431
1980-04-30,1312.334
1980-05-01,1339.376
1980-05-02,1361.031
1980-05-03,1348.37
1980-05-04,1375.503
1980-05-05,1493.1
1980-05-06,1604.412
1980-05-07,1551.255
1980-05-08,1437.915
1980-05-09,1364.059
1980-05-10,1343.38
1980-05-11,1290.431
1980-05-12,1206.465
1980-05-13,1137.675
1980-05-14,1127.279
1980-05-15,1154.455
1980-05-16,1160.259
1980-05-17,1186.093
1980-05-18,1256.001
1980-05-19,1374.137
1980-05-20,1442.603
1980-05-21,1377.017
1980-05-22,1331.634
1980-05-23,1288.923
1980-05-24,1251.985
1980-05-25,1338.377
1980-05-26,1509.75
1980-05-27,1689.369
1980-05-28,1765.801
1980-05-29,1616.692
1980-05-30,1411.417
1980-05-31,1294.385
1980-06-01,1213.992
1980-06-02,1149.317
1980-06-03,1140.071
1980-06-04,1141.314
1980-06-05,1167.026
1980-06-06,1202.325
1980-06-07,1154.89
1980-06-08,1071.139
1980-06-09,1012.444
1980-06-10,1029.408
1980-06-11,1125.023
1980-06-12,1270.002
1980-06-13,1396.335
1980-06-14,1363.385
1980-06-15,1209.135
1980-06-16,1044.46
1980-06-17,902.038
1980-06-18,788.9
1980-06-19,703.259
1980-06-20,640.058
1980-06-21,604.07
1980-06-22,581.444
1980-06-23,561.951
1980-06-24,544.497
1980-06-25,528.011
1980-06-26,513.967
1980-06-27,501.194
1980-06-28,492.394
1980-06-29,480.525
1980-06-30,462.446
1980-07-01,444.608
1980-07-02,429.619
1980-07-03,416.642
1980-07-04,411.477
1980-07-05,422.296
1980-07-06,441.04
1980-07-07,433.51
1980-07-08,397.933
1980-07-09,360.953
1980-07-10,338.778
1980-07-11,328.39
1980-07-12,324.112
1980-07-13,334.577
1980-07-14,353.182
1980-07-15,356.901
1980-07-16,338.693
1980-07-17,312.07
1980-07-18,290.972
1980-07-19,277.777
1980-07-20,271.313
1980-07-21,264.739
1980-07-22,255.459
1980-07-23,247.09
1980-07-24,240.676
1980-07-25,235.955
1980-07-26,232.796
1980-07-27,229.081
1980-07-28,225.84
1980-07-29,224.11
1980-07-30,218.548
1980-07-31,209.653
1980-08-01,202.636
1980-08-02,197.825
1980-08-03,193.615
1980-08-04,189.773
1980-08-05,186.338
1980-08-06,182.903
1980-08-07,179.199
1980-08-08,175.275
1980-08-09,172.139
1980-08-10,169.245
1980-08-11,165.461
1980-08-12,161.996
1980-08-13,159.288
1980-08-14,157.096
1980-08-15,155.838
1980-08-16,154.402
1980-08-17,151.191
1980-08-18,147.22
1980-08-19,144.187
1980-08-20,142.862
1980-08-21,141.021
1980-08-22,138.263
1980-08-23,135.165
1980-08-24,132.466
1980-08-25,130.242
1980-08-26,128.211
1980-08-27,127.424
1980-08-28,130.998
1980-08-29,140.677
1980-08-30,151.748
1980-08-31,155.295
1980-09-01,143.491
1980-09-02,127.15
1980-09-03,118.921
1980-09-04,120.565
1980-09-05,118.94
1980-09-06,111.219
1980-09-07,106.152
1980-09-08,108.131
1980-09-09,117.439
1980-09-10,127.651
1980-09-11,142.338
1980-09-12,160.537
1980-09-13,162.738
1980-09-14,148.173
1980-09-15,135.186
1980-09-16,136.065
1980-09-17,142.406
1980-09-18,140.273
1980-09-19,140.752
1980-09-20,167.966
1980-09-21,200.54
1980-09-22,228.338
1980-09-23,283.402
1980-09-24,389.713
1980-09-25,458.423
1980-09-26,459.117
1980-09-27,442.818
1980-09-28,471.272
1980-09-29,490.042
1980-09-30,435.203
1980-10-01,347.098
1980-10-02,249.71
1980-10-03,200.79
1980-10-04,271.54
1980-10-05,347.25
1980-10-06,350.669
1980-10-07,365.351
1980-10-08,441.958
1980-10-09,518.068
1980-10-10,550.62
1980-10-11,582.249
1980-10-12,648.759
1980-10-13,748.404
1980-10-14,758.367
1980-10-15,594.447
1980-10-16,445.953
1980-10-17,350.208
1980-10-18,267.099
1980-10-19,233.285
1980-10-20,218.99
1980-10-21,218.203
1980-10-22,236.0
1980-10-23,330.572
1980-10-24,385.165
1980-10-25,385.015
1980-10-26,361.892
1980-10-27,429.548
1980-10-28,627.252
1980-10-29,790.7
1980-10-30,803.996
1980-10-31,858.255
1980-11-01,1289.094
1980-11-02,1884.236
1980-11-03,1741.278
1980-11-04,1198.241
1980-11-05,847.906
1980-11-06,649.156
1980-11-07,567.679
1980-11-08,534.5
1980-11-09,518.524
1980-11-10,608.938
1980-11-11,677.31
1980-11-12,703.174
1980-11-13,726.775
1980-11-14,811.75
1980-11-15,940.032
1980-11-16,956.452
1980-11-17,844.878
1980-11-18,829.381
1980-11-19,938.08
1980-11-20,1097.703
1980-11-21,1232.246
1980-11-22,1384.828
1980-11-23,1503.18
1980-11-24,1658.945
1980-11-25,1999.66
1980-11-26,2119.787
1980-11-27,1932.993
1980-11-28,1854.41
1980-11-29,2077.394
1980-11-30,2344.605
1980-12-01,2220.344
1980-12-02,2078.722
1980-12-03,2173.803
1980-12-04,2187.474
1980-12-05,2113.807
1980-12-06,2009.178
1980-12-07,1554.872
1980-12-08,1265.399
1980-12-09,1173.472
1980-12-10,1160.797
1980-12-11,1226.165
1980-12-12,1327.797
1980-12-13,1376.367
1980-12-14,1270.725
1980-12-15,1128.05
1980-12-16,1115.333
1980-12-17,1083.742
1980-12-18,1048.462
1980-12-19,1134.712
1980-12-20,1276.305
1980-12-21,1334.562
1980-12-22,1290.711
1980-12-23,1222.718
1980-12-24,1307.64
1980-12-25,1440.821
1980-12-26,1479.438
1980-12-27,1463.553
1980-12-28,1399.19
1980-12-29,1257.185
1980-12-30,1161.994
1980-12-31,1076.98
1981-01-01,996.768
1981-01-02,1051.192
1981-01-03,1195.669
1981-01-04,1257.168
1981-01-05,1187.076
1981-01-06,1054.004
1981-01-07,963.713
1981-01-08,931.266
1981-01-09,959.338
1981-01-10,1000.4
1981-01-11,1002.11
1981-01-12,906.555
1981-01-13,801.957
1981-01-14,736.747
1981-01-15,807.89
1981-01-16,978.412
1981-01-17,1070.733
1981-01-18,997.657
1981-01-19,925.73
1981-01-20,967.55
1981-01-21,1009.379
1981-01-22,973.063
1981-01-23,874.01
1981-01-24,795.107
1981-01-25,762.3
1981-01-26,716.369
1981-01-27,654.78
1981-01-28,586.808
1981-01-29,557.303
1981-01-30,593.67
1981-01-31,656.887
1981-02-01,683.816
1981-02-02,658.964
1981-02-03,573.416
1981-02-04,521.121
1981-02-05,559.984
1981-02-06,640.263
1981-02-07,778.929
1981-02-08,812.153
1981-02-09,637.7
1981-02-10,567.335
1981-02-11,606.107
1981-02-12,675.214
1981-02-13,714.442
1981-02-14,722.644
1981-02-15,713.952
1981-02-16,683.325
1981-02-17,621.97
1981-02-18,562.855
1981-02-19,537.356
1981-02-20,532.733
1981-02-21,535.165
1981-02-22,551.484
1981-02-23,597.998
1981-02-24,674.819
1981-02-25,755.855
1981-02-26,755.433
1981-02-27,681.873
1981-02-28,617.587
1981-03-01,645.737
1981-03-02,695.471
1981-03-03,726.456
1981-03-04,796.124
1981-03-05,836.407
1981-03-06,783.951
1981-03-07,673.528
1981-03-08,561.786
1981-03-09,471.595
1981-03-10,479.734
1981-03-11,535.29
1981-03-12,556.533
1981-03-13,567.856
1981-03-14,559.275
1981-03-15,525.821
1981-03-16,520.335
1981-03-17,600.33
1981-03-18,716.913
1981-03-19,761.155
1981-03-20,794.469
1981-03-21,924.91
1981-03-22,1319.422
1981-03-23,1665.944
1981-03-24,1415.886
1981-03-25,1066.941
1981-03-26,912.463
1981-03-27,952.994
1981-03-28,1152.454
1981-03-29,1390.219
1981-03-30,1584.658
1981-03-31,1619.646
1981-04-01,1560.2
1981-04-02,1601.561
1981-04-03,1724.595
1981-04-04,1705.283
1981-04-05,1678.067
1981-04-06,1853.374
1981-04-07,2069.318
1981-04-08,1854.563
1981-04-09,1706.039
1981-04-10,1867.195
1981-04-11,2281.787
1981-04-12,2685.364
1981-04-13,3240.143
1981-04-14,3775.115
1981-04-15,4055.98
1981-04-16,4223.796
1981-04-17,4096.707
1981-04-18,4071.972
1981-04-19,3628.84
1981-04-20,3144.061
1981-04-21,2985.154
1981-04-22,3240.741
1981-04-23,3495.93
1981-04-24,3263.67
1981-04-25,3520.484
1981-04-26,4385.88
1981-04-27,4462.703
1981-04-28,3666.972
1981-04-29,3132.122
1981-04-30,2881.486
1981-05-01,2663.419
1981-05-02,2378.308
1981-05-03,2124.558
1981-05-04,1963.198
1981-05-05,1994.384
1981-05-06,2151.815
1981-05-07,2237.535
1981-05-08,2232.834
1981-05-09,2155.755
1981-05-10,2107.714
1981-05-11,2042.056
1981-05-12,1918.693
1981-05-13,1817.985
1981-05-14,1806.251
1981-05-15,1912.691
1981-05-16,1945.002
1981-05-17,1916.415
1981-05-18,1886.183
1981-05-19,1907.63
1981-05-20,2160.128
1981-05-21,2389.929
1981-05-22,2171.18
1981-05-23,1997.095
1981-05-24,2151.108
1981-05-25,2500.995
1981-05-26,2465.226
1981-05-27,2274.04
1981-05-28,2066.085
1981-05-29,1913.552
1981-05-30,1809.63
1981-05-31,1733.141
1981-06-01,1645.985
1981-06-02,1504.635
1981-06-03,1339.035
1981-06-04,1224.407
1981-06-05,1169.386
1981-06-06,1106.937
1981-06-07,1044.278
1981-06-08,998.048
1981-06-09,951.985
1981-06-10,970.392
1981-06-11,993.531
1981-06-12,965.995
1981-06-13,959.819
1981-06-14,991.774
1981-06-15,1031.931
1981-06-16,1024.194
1981-06-17,988.845
1981-06-18,943.012
1981-06-19,933.967
1981-06-20,926.191
1981-06-21,797.677
1981-06-22,664.688
1981-06-23,605.752
1981-06-24,581.209
1981-06-25,563.615
1981-06-26,547.882
1981-06-27,532.917
1981-06-28,518.541
1981-06-29,504.425
1981-06-30,490.317
1981-07-01,477.206
1981-07-02,465.343
1981-07-03,454.621
1981-07-04,442.748
1981-07-05,430.201
1981-07-06,415.963
1981-07-07,404.502
1981-07-08,395.944
1981-07-09,387.53
1981-07-10,377.237
1981-07-11,364.965
1981-07-12,355.347
1981-07-13,349.164
1981-07-14,342.967
1981-07-15,336.165
1981-07-16,330.119
1981-07-17,323.668
1981-07-18,315.811
1981-07-19,307.268
1981-07-20,297.983
1981-07-21,290.957
1981-07-22,283.982
1981-07-23,281.066
1981-07-24,285.258
1981-07-25,300.618
1981-07-26,315.23
1981-07-27,309.091
1981-07-28,289.08
1981-07-29,268.925
1981-07-30,253.397
1981-07-31,243.793
1981-08-01,239.509
1981-08-02,233.625
1981-08-03,230.399
1981-08-04,226.483
1981-08-05,221.176
1981-08-06,215.214
1981-08-07,210.339
1981-08-08,203.929
1981-08-09,203.349
1981-08-10,209.502
1981-08-11,220.44
1981-08-12,232.19
1981-08-13,232.1
1981-08-14,229.283
1981-08-15,218.812
1981-08-16,204.121
1981-08-17,192.495
1981-08-18,189.683
1981-08-19,188.983
1981-08-20,190.09
1981-08-21,195.216
1981-08-22,193.839
1981-08-23,190.264
1981-08-24,193.938
1981-08-25,221.375
1981-08-26,237.487
1981-08-27,263.863
1981-08-28,309.99
1981-08-29,356.033
1981-08-30,410.118
1981-08-31,468.14
1981-09-01,525.671
1981-09-02,578.454
1981-09-03,615.2
1981-09-04,611.475
1981-09-05,533.122
1981-09-06,542.018
1981-09-07,417.12
1981-09-08,277.837
1981-09-09,254.567
1981-09-10,292.422
1981-09-11,326.779
1981-09-12,369.536
1981-09-13,439.71
1981-09-14,605.353
1981-09-15,711.119
1981-09-16,705.402
1981-09-17,691.939
1981-09-18,646.091
1981-09-19,526.165
1981-09-20,379.535
1981-09-21,324.965
1981-09-22,368.047
1981-09-23,436.636
1981-09-24,523.915
1981-09-25,690.461
1981-09-26,919.8
1981-09-27,1085.959
1981-09-28,1000.899
1981-09-29,766.726
1981-09-30,545.543
1981-10-01,474.97
1981-10-02,430.536
1981-10-03,375.883
1981-10-04,366.143
1981-10-05,487.354
1981-10-06,584.63
1981-10-07,657.309
1981-10-08,650.792
1981-10-09,664.428
1981-10-10,986.128
1981-10-11,1456.052
1981-10-12,1534.596
1981-10-13,1405.324
1981-10-14,1439.968
1981-10-15,1460.249
1981-10-16,1484.315
1981-10-17,1554.794
1981-10-18,1506.514
1981-10-19,1234.507
1981-10-20,1024.893
1981-10-21,904.826
1981-10-22,804.593
1981-10-23,770.515
1981-10-24,853.7
1981-10-25,1021.675
1981-10-26,1122.654
1981-10-27,1065.795
1981-10-28,975.197
1981-10-29,919.343
1981-10-30,929.064
1981-10-31,1022.326
1981-11-01,1130.874
1981-11-02,1297.312
1981-11-03,1500.674
1981-11-04,1545.136
1981-11-05,1310.417
1981-11-06,1131.385
1981-11-07,1223.58
1981-11-08,1734.142
1981-11-09,2168.882
1981-11-10,1881.885
1981-11-11,1563.342
1981-11-12,1510.554
1981-11-13,1520.385
1981-11-14,1438.722
1981-11-15,1343.732
1981-11-16,1175.87
1981-11-17,986.89
1981-11-18,859.282
1981-11-19,826.547
1981-11-20,798.276
1981-11-21,802.93
1981-11-22,923.312
1981-11-23,1205.656
1981-11-24,1380.597
1981-11-25,1306.442
1981-11-26,1094.401
1981-11-27,909.767
1981-11-28,845.703
1981-11-29,839.317
1981-11-30,793.042
1981-12-01,726.027
1981-12-02,713.493
1981-12-03,758.29
1981-12-04,794.857
1981-12-05,834.439
1981-12-06,909.406
1981-12-07,1025.783
1981-12-08,1046.238
1981-12-09,917.342
1981-12-10,789.682
1981-12-11,833.704
1981-12-12,967.299
1981-12-13,1044.682
1981-12-14,1122.531
1981-12-15,1181.342
1981-12-16,1163.214
1981-12-17,931.003
1981-12-18,770.403
1981-12-19,866.324
1981-12-20,1026.992
1981-12-21,1007.147
1981-12-22,954.305
1981-12-23,959.442
1981-12-24,1149.986
1981-12-25,1258.4
1981-12-26,1093.788
1981-12-27,947.828
1981-12-28,1015.845
1981-12-29,1163.846
1981-12-30,1208.682
1981-12-31,1202.458
1982-01-01,1182.183
1982-01-02,1188.872
1982-01-03,1208.268
1982-01-04,1201.65
1982-01-05,1082.516
1982-01-06,910.084
1982-01-07,797.831
1982-01-08,745.797
1982-01-09,763.599
1982-01-10,793.601
1982-01-11,767.018
1982-01-12,740.745
1982-01-13,758.592
1982-01-14,773.936
1982-01-15,779.418
1982-01-16,833.74
1982-01-17,911.205
1982-01-18,910.689
1982-01-19,939.288
1982-01-20,1025.03
1982-01-21,1108.862
1982-01-22,1034.515
1982-01-23,856.747
1982-01-24,715.501
1982-01-25,666.691
1982-01-26,719.242
1982-01-27,735.351
1982-01-28,730.39
1982-01-29,808.758
1982-01-30,958.162
1982-01-31,1317.998
1982-02-01,1496.662
1982-02-02,1187.394
1982-02-03,1033.507
1982-02-04,1016.538
1982-02-05,986.616
1982-02-06,876.221
1982-02-07,784.8
1982-02-08,930.448
1982-02-09,907.227
1982-02-10,749.926
1982-02-11,728.117
1982-02-12,824.484
1982-02-13,890.675
1982-02-14,849.293
1982-02-15,840.066
1982-02-16,978.058
1982-02-17,1023.65
1982-02-18,924.855
1982-02-19,971.94
1982-02-20,1083.726
1982-02-21,960.887
1982-02-22,913.134
1982-02-23,938.43
1982-02-24,1020.851
1982-02-25,1302.068
1982-02-26,1642.399
1982-02-27,1673.221
1982-02-28,1478.293
1982-03-01,1231.025
1982-03-02,1075.3
1982-03-03,964.815
1982-03-04,902.332
1982-03-05,980.254
1982-03-06,1076.208
1982-03-07,909.126
1982-03-08,728.868
1982-03-09,705.272
1982-03-10,836.344
1982-03-11,933.692
1982-03-12,810.961
1982-03-13,737.347
1982-03-14,761.287
1982-03-15,800.901
1982-03-16,836.738
1982-03-17,1150.168
1982-03-18,1472.977
1982-03-19,1201.597
1982-03-20,951.125
1982-03-21,934.105
1982-03-22,1030.283
1982-03-23,1065.988
1982-03-24,1045.612
1982-03-25,976.81
1982-03-26,903.782
1982-03-27,767.823
1982-03-28,643.618
1982-03-29,646.965
1982-03-30,743.298
1982-03-31,833.828
1982-04-01,916.495
1982-04-02,908.704
1982-04-03,894.583
1982-04-04,942.866
1982-04-05,884.932
1982-04-06,798.606
1982-04-07,696.185
1982-04-08,641.132
1982-04-09,631.543
1982-04-10,754.616
1982-04-11,888.862
1982-04-12,811.215
1982-04-13,807.387
1982-04-14,1134.022
1982-04-15,1534.476
1982-04-16,1405.926
1982-04-17,1243.313
1982-04-18,1207.342
1982-04-19,1168.001
1982-04-20,1092.329
1982-04-21,1029.959
1982-04-22,1031.948
1982-04-23,1047.484
1982-04-24,1072.794
1982-04-25,1056.435
1982-04-26,1035.262
1982-04-27,1046.141
1982-04-28,1135.54
1982-04-29,1176.997
1982-04-30,1439.672
1982-05-01,1720.198
1982-05-02,1864.484
1982-05-03,1884.402
1982-05-04,1707.054
1982-05-05,1745.165
1982-05-06,1764.148
1982-05-07,1867.939
1982-05-08,2248.848
1982-05-09,2125.588
1982-05-10,2387.247
1982-05-11,2603.388
1982-05-12,2198.79
1982-05-13,1701.721
1982-05-14,1507.29
1982-05-15,1478.537
1982-05-16,1472.238
1982-05-17,1498.285
1982-05-18,1861.853
1982-05-19,2167.758
1982-05-20,2047.883
1982-05-21,1961.12
1982-05-22,1956.615
1982-05-23,1979.479
1982-05-24,2142.683
1982-05-25,2430.332
1982-05-26,2544.194
1982-05-27,2401.695
1982-05-28,2146.412
1982-05-29,1932.32
1982-05-30,1799.12
1982-05-31,1703.163
1982-06-01,1660.318
1982-06-02,1688.434
1982-06-03,1698.635
1982-06-04,1629.896
1982-06-05,1464.167
1982-06-06,1347.678
1982-06-07,1242.624
1982-06-08,1076.975
1982-06-09,962.017
1982-06-10,903.31
1982-06-11,882.935
1982-06-12,875.891
1982-06-13,858.854
1982-06-14,827.493
1982-06-15,792.905
1982-06-16,767.814
1982-06-17,748.149
1982-06-18,714.305
1982-06-19,664.719
1982-06-20,619.397
1982-06-21,591.651
1982-06-22,599.106
1982-06-23,607.502
1982-06-24,575.575
1982-06-25,531.079
1982-06-26,492.541
1982-06-27,473.282
1982-06-28,457.258
1982-06-29,434.381
1982-06-30,417.345
1982-07-01,407.545
1982-07-02,396.806
1982-07-03,388.201
1982-07-04,394.783
1982-07-05,392.814
1982-07-06,365.495
1982-07-07,339.587
1982-07-08,331.588
1982-07-09,332.895
1982-07-10,332.589
1982-07-11,321.907
1982-07-12,300.503
1982-07-13,283.978
1982-07-14,273.998
1982-07-15,266.027
1982-07-16,258.808
1982-07-17,252.242
1982-07-18,246.72
1982-07-19,242.508
1982-07-20,237.768
1982-07-21,231.432
1982-07-22,225.498
1982-07-23,220.356
1982-07-24,216.148
1982-07-25,213.375
1982-07-26,209.508
1982-07-27,204.1
1982-07-28,204.497
1982-07-29,212.882
1982-07-30,218.75
1982-07-31,207.217
1982-08-01,189.394
1982-08-02,179.275
1982-08-03,173.925
1982-08-04,170.093
1982-08-05,167.351
1982-08-06,166.92
1982-08-07,171.0
1982-08-08,179.71
1982-08-09,187.38
1982-08-10,183.333
1982-08-11,173.217
1982-08-12,174.7
1982-08-13,178.325
1982-08-14,182.094
1982-08-15,189.698
1982-08-16,203.848
1982-08-17,208.077
1982-08-18,190.541
1982-08-19,178.844
1982-08-20,165.06
1982-08-21,148.595
1982-08-22,135.362
1982-08-23,128.231
1982-08-24,124.775
1982-08-25,121.587
1982-08-26,119.546
1982-08-27,123.282
1982-08-28,131.84
1982-08-29,136.276
1982-08-30,137.171
1982-08-31,137.654
1982-09-01,127.618
1982-09-02,115.385
1982-09-03,107.748
1982-09-04,105.085
1982-09-05,104.29
1982-09-06,103.878
1982-09-07,101.449
1982-09-08,97.858
1982-09-09,97.089
1982-09-10,101.484
1982-09-11,108.362
1982-09-12,116.458
1982-09-13,124.837
1982-09-14,118.028
1982-09-15,103.035
1982-09-16,98.945
1982-09-17,116.929
1982-09-18,173.947
1982-09-19,222.673
1982-09-20,203.989
1982-09-21,173.914
1982-09-22,145.304
1982-09-23,131.924
1982-09-24,115.737
1982-09-25,111.615
1982-09-26,121.255
1982-09-27,134.985
1982-09-28,158.643
1982-09-29,189.018
1982-09-30,228.407
1982-10-01,273.528
1982-10-02,291.938
1982-10-03,306.951
1982-10-04,304.122
1982-10-05,306.352
1982-10-06,348.19
1982-10-07,409.998
1982-10-08,458.152
1982-10-09,484.905
1982-10-10,483.711
1982-10-11,496.93
1982-10-12,571.331
1982-10-13,573.084
1982-10-14,462.686
1982-10-15,376.602
1982-10-16,359.869
1982-10-17,329.454
1982-10-18,298.507
1982-10-19,297.935
1982-10-20,268.0
1982-10-21,255.859
1982-10-22,321.727
1982-10-23,469.71
1982-10-24,647.665
1982-10-25,786.154
1982-10-26,892.603
1982-10-27,997.564
1982-10-28,1057.458
1982-10-29,996.142
1982-10-30,923.118
1982-10-31,936.431
1982-11-01,1088.944
1982-11-02,1240.342
1982-11-03,1202.63
1982-11-04,987.054
1982-11-05,855.118
1982-11-06,951.447
1982-11-07,1060.923
1982-11-08,1095.857
1982-11-09,1018.823
1982-11-10,1002.922
1982-11-11,1115.656
1982-11-12,1426.162
1982-11-13,1555.138
1982-11-14,1226.12
1982-11-15,1070.87
1982-11-16,1090.11
1982-11-17,1062.582
1982-11-18,972.015
1982-11-19,963.908
1982-11-20,1066.807
1982-11-21,1072.452
1982-11-22,1091.036
1982-11-23,1162.814
1982-11-24,1246.445
1982-11-25,1354.077
1982-11-26,1464.502
1982-11-27,1485.672
1982-11-28,1594.158
1982-11-29,1641.982
1982-11-30,1775.065
1982-12-01,1902.492
1982-12-02,1846.243
1982-12-03,1713.931
1982-12-04,1695.262
1982-12-05,1765.012
1982-12-06,1846.7
1982-12-07,2267.324
1982-12-08,2658.215
1982-12-09,2461.841
1982-12-10,2328.05
1982-12-11,2157.8
1982-12-12,2052.845
1982-12-13,2066.737
1982-12-14,2194.057
1982-12-15,2283.37
1982-12-16,2287.265
1982-12-17,2148.403
1982-12-18,2080.703
1982-12-19,2006.48
1982-12-20,1865.941
1982-12-21,1675.665
1982-12-22,1546.265
1982-12-23,1486.522
1982-12-24,1419.75
1982-12-25,1605.192
1982-12-26,1877.022
1982-12-27,1747.848
1982-12-28,1610.707
1982-12-29,1491.993
1982-12-30,1270.318
1982-12-31,1080.237
1983-01-01,1002.458
1983-01-02,1003.245
1983-01-03,1039.751
1983-01-04,1088.701
1983-01-05,1119.656
1983-01-06,1104.768
1983-01-07,1084.28
1983-01-08,1275.279
1983-01-09,1439.147
1983-01-10,1134.184
1983-01-11,899.498
1983-01-12,819.595
1983-01-13,775.876
1983-01-14,728.562
1983-01-15,684.493
1983-01-16,728.526
1983-01-17,862.211
1983-01-18,948.482
1983-01-19,932.094
1983-01-20,912.458
1983-01-21,890.773
1983-01-22,876.435
1983-01-23,852.898
1983-01-24,825.481
1983-01-25,780.498
1983-01-26,726.135
1983-01-27,668.091
1983-01-28,623.154
1983-01-29,645.686
1983-01-30,703.305
1983-01-31,738.521
1983-02-01,705.079
1983-02-02,659.095
1983-02-03,738.751
1983-02-04,871.434
1983-02-05,958.87
1983-02-06,1049.018
1983-02-07,1084.833
1983-02-08,1179.912
1983-02-09,1191.66
1983-02-10,997.195
1983-02-11,865.58
1983-02-12,803.983
1983-02-13,745.545
1983-02-14,679.696
1983-02-15,621.271
1983-02-16,585.577
1983-02-17,593.475
1983-02-18,654.86
1983-02-19,961.285
1983-02-20,1287.751
1983-02-21,1093.858
1983-02-22,838.438
1983-02-23,654.141
1983-02-24,558.668
1983-02-25,586.364
1983-02-26,659.524
1983-02-27,683.02
1983-02-28,646.825
1983-03-01,593.482
1983-03-02,641.299
1983-03-03,841.496
1983-03-04,1145.048
1983-03-05,1664.999
1983-03-06,1925.946
1983-03-07,1451.528
1983-03-08,1039.862
1983-03-09,866.741
1983-03-10,815.274
1983-03-11,749.294
1983-03-12,678.738
1983-03-13,636.115
1983-03-14,585.409
1983-03-15,583.508
1983-03-16,683.393
1983-03-17,1028.639
1983-03-18,1242.734
1983-03-19,1009.288
1983-03-20,852.681
1983-03-21,850.087
1983-03-22,880.35
1983-03-23,872.195
1983-03-24,799.701
1983-03-25,756.476
1983-03-26,750.202
1983-03-27,739.928
1983-03-28,878.885
1983-03-29,1217.179
1983-03-30,1369.56
1983-03-31,1302.54
1983-04-01,1175.88
1983-04-02,1014.688
1983-04-03,929.766
1983-04-04,931.865
1983-04-05,990.945
1983-04-06,971.113
1983-04-07,855.321
1983-04-08,774.795
1983-04-09,778.348
1983-04-10,746.61
1983-04-11,719.649
1983-04-12,820.84
1983-04-13,916.775
1983-04-14,997.063
1983-04-15,1108.635
1983-04-16,1123.045
1983-04-17,1092.628
1983-04-18,1116.808
1983-04-19,1148.299
1983-04-20,1073.458
1983-04-21,986.159
1983-04-22,906.022
1983-04-23,795.372
1983-04-24,752.786
1983-04-25,804.202
1983-04-26,878.759
1983-04-27,942.229
1983-04-28,1019.452
1983-04-29,1235.487
1983-04-30,1389.13
1983-05-01,1359.924
1983-05-02,1239.292
1983-05-03,1093.608
1983-05-04,980.31
1983-05-05,998.713
1983-05-06,1129.258
1983-05-07,1322.672
1983-05-08,1428.93
1983-05-09,1388.14
1983-05-10,1322.675
1983-05-11,1433.601
1983-05-12,1554.264
1983-05-13,1402.453
1983-05-14,1296.896
1983-05-15,1331.807
1983-05-16,1406.199
1983-05-17,1368.374
1983-05-18,1287.25
1983-05-19,1266.862
1983-05-20,1311.235
1983-05-21,1358.129
1983-05-22,1324.024
1983-05-23,1233.188
1983-05-24,1133.358
1983-05-25,1048.44
1983-05-26,991.154
1983-05-27,967.391
1983-05-28,951.105
1983-05-29,860.816
1983-05-30,754.056
1983-05-31,687.641
1983-06-01,658.912
1983-06-02,640.105
1983-06-03,619.666
1983-06-04,622.502
1983-06-05,670.232
1983-06-06,722.491
1983-06-07,734.899
1983-06-08,721.537
1983-06-09,681.995
1983-06-10,619.436
1983-06-11,542.288
1983-06-12,469.885
1983-06-13,430.003
1983-06-14,422.618
1983-06-15,434.975
1983-06-16,447.372
1983-06-17,439.369
1983-06-18,399.891
1983-06-19,366.592
1983-06-20,354.797
1983-06-21,348.649
1983-06-22,339.903
1983-06-23,326.634
1983-06-24,315.89
1983-06-25,310.96
1983-06-26,305.714
1983-06-27,298.415
1983-06-28,291.994
1983-06-29,286.794
1983-06-30,280.16
1983-07-01,272.483
1983-07-02,267.751
1983-07-03,266.448
1983-07-04,271.787
1983-07-05,303.486
1983-07-06,344.775
1983-07-07,353.821
1983-07-08,347.272
1983-07-09,344.686
1983-07-10,363.382
1983-07-11,360.658
1983-07-12,303.531
1983-07-13,245.295
1983-07-14,213.252
1983-07-15,200.984
1983-07-16,196.411
1983-07-17,193.043
1983-07-18,189.851
1983-07-19,187.5
1983-07-20,184.438
1983-07-21,181.225
1983-07-22,180.183
1983-07-23,180.533
1983-07-24,177.608
1983-07-25,171.782
1983-07-26,169.122
1983-07-27,168.132
1983-07-28,171.192
1983-07-29,178.972
1983-07-30,202.642
1983-07-31,246.581
1983-08-01,278.05
1983-08-02,269.886
1983-08-03,230.183
1983-08-04,188.75
1983-08-05,158.333
1983-08-06,144.32
1983-08-07,138.969
1983-08-08,135.436
1983-08-09,134.359
1983-08-10,138.147
1983-08-11,151.592
1983-08-12,195.328
1983-08-13,270.625
1983-08-14,353.03
1983-08-15,362.775
1983-08-16,291.173
1983-08-17,232.058
1983-08-18,208.502
1983-08-19,197.56
1983-08-20,187.708
1983-08-21,179.813
1983-08-22,182.193
1983-08-23,215.686
1983-08-24,303.018
1983-08-25,420.218
1983-08-26,524.374
1983-08-27,619.178
1983-08-28,622.105
1983-08-29,522.405
1983-08-30,409.011
1983-08-31,351.318
1983-09-01,306.979
1983-09-02,270.612
1983-09-03,260.281
1983-09-04,303.102
1983-09-05,367.89
1983-09-06,433.962
1983-09-07,418.971
1983-09-08,331.972
1983-09-09,244.43
1983-09-10,192.11
1983-09-11,179.432
1983-09-12,209.27
1983-09-13,227.139
1983-09-14,196.872
1983-09-15,175.439
1983-09-16,161.57
1983-09-17,139.386
1983-09-18,145.234
1983-09-19,167.247
1983-09-20,184.735
1983-09-21,191.074
1983-09-22,180.445
1983-09-23,168.695
1983-09-24,157.953
1983-09-25,145.591
1983-09-26,144.962
1983-09-27,173.958
1983-09-28,238.356
1983-09-29,319.47
1983-09-30,348.372
1983-10-01,362.945
1983-10-02,409.77
1983-10-03,394.451
1983-10-04,308.317
1983-10-05,239.158
1983-10-06,188.853
1983-10-07,202.097
1983-10-08,261.968
1983-10-09,343.19
1983-10-10,505.247
1983-10-11,675.457
1983-10-12,701.89
1983-10-13,528.736
1983-10-14,418.705
1983-10-15,476.951
1983-10-16,681.333
1983-10-17,870.917
1983-10-18,1283.452
1983-10-19,1590.372
1983-10-20,1349.877
1983-10-21,1205.222
1983-10-22,1210.531
1983-10-23,1153.141
1983-10-24,1038.536
1983-10-25,1013.817
1983-10-26,1109.257
1983-10-27,1326.85
1983-10-28,1551.367
1983-10-29,1656.118
1983-10-30,1592.077
1983-10-31,1367.63
1983-11-01,1190.521
1983-11-02,1028.51
1983-11-03,939.756
1983-11-04,952.862
1983-11-05,965.2
1983-11-06,961.846
1983-11-07,945.264
1983-11-08,938.01
1983-11-09,967.306
1983-11-10,969.605
1983-11-11,985.689
1983-11-12,1029.227
1983-11-13,1021.912
1983-11-14,927.525
1983-11-15,873.131
1983-11-16,835.992
1983-11-17,856.642
1983-11-18,909.324
1983-11-19,893.383
1983-11-20,892.976
1983-11-21,1148.824
1983-11-22,1317.959
1983-11-23,1378.164
1983-11-24,1204.071
1983-11-25,953.192
1983-11-26,946.115
1983-11-27,1043.949
1983-11-28,1093.917
1983-11-29,1216.28
1983-11-30,1272.471
1983-12-01,1262.27
1983-12-02,1637.69
1983-12-03,2123.441
1983-12-04,1958.085
1983-12-05,1666.585
1983-12-06,1485.355
1983-12-07,1361.018
1983-12-08,1274.313
1983-12-09,1273.921
1983-12-10,1307.082
1983-12-11,1397.633
1983-12-12,1514.722
1983-12-13,1547.951
1983-12-14,1407.33
1983-12-15,1262.954
1983-12-16,1187.521
1983-12-17,1181.922
1983-12-18,1145.113
1983-12-19,1080.812
1983-12-20,1085.751
1983-12-21,1165.191
1983-12-22,1271.628
1983-12-23,1305.753
1983-12-24,1241.725
1983-12-25,1187.294
1983-12-26,1213.555
1983-12-27,1216.5
1983-12-28,1223.227
1983-12-29,1248.756
1983-12-30,1231.355
1983-12-31,1186.565
1984-01-01,1283.678
1984-01-02,1474.188
1984-01-03,1441.328
1984-01-04,1471.309
1984-01-05,1557.546
1984-01-06,1619.78
1984-01-07,1764.412
1984-01-08,1829.677
1984-01-09,1726.175
1984-01-10,1703.298
1984-01-11,1760.913
1984-01-12,1715.563
1984-01-13,1633.892
1984-01-14,1577.867
1984-01-15,1431.937
1984-01-16,1325.73
1984-01-17,1349.389
1984-01-18,1404.879
1984-01-19,1402.205
1984-01-20,1474.913
1984-01-21,1609.336
1984-01-22,1661.33
1984-01-23,1550.213
1984-01-24,1359.708
1984-01-25,1187.744
1984-01-26,1151.152
1984-01-27,1268.586
1984-01-28,1425.177
1984-01-29,1499.458
1984-01-30,1500.453
1984-01-31,1496.054
1984-02-01,1518.918
1984-02-02,1459.749
1984-02-03,1357.543
1984-02-04,1445.946
1984-02-05,1619.853
1984-02-06,1534.353
1984-02-07,1320.788
1984-02-08,1168.329
1984-02-09,1069.975
1984-02-10,1015.487
1984-02-11,1017.414
1984-02-12,1065.248
1984-02-13,1121.86
1984-02-14,1155.821
1984-02-15,1193.963
1984-02-16,1238.714
1984-02-17,1274.684
1984-02-18,1275.219
1984-02-19,1239.158
1984-02-20,1187.418
1984-02-21,1112.303
1984-02-22,1034.266
1984-02-23,944.314
1984-02-24,914.54
1984-02-25,955.555
1984-02-26,1172.458
1984-02-27,1783.21
1984-02-28,1985.137
1984-02-29,1535.543
1984-03-01,1300.189
1984-03-02,1245.136
1984-03-03,1180.252
1984-03-04,1174.492
1984-03-05,1109.81
1984-03-06,969.993
1984-03-07,885.892
1984-03-08,891.581
1984-03-09,1000.097
1984-03-10,1192.314
1984-03-11,1285.465
1984-03-12,1133.711
1984-03-13,1090.259
1984-03-14,1517.819
1984-03-15,2051.547
1984-03-16,1814.346
1984-03-17,1322.746
1984-03-18,1057.338
1984-03-19,964.71
1984-03-20,926.992
1984-03-21,945.19
1984-03-22,943.432
1984-03-23,891.416
1984-03-24,823.887
1984-03-25,781.913
1984-03-26,794.149
1984-03-27,866.051
1984-03-28,954.74
1984-03-29,1006.697
1984-03-30,1016.29
1984-03-31,961.965
1984-04-01,888.22
1984-04-02,839.175
1984-04-03,812.972
1984-04-04,719.11
1984-04-05,625.749
1984-04-06,604.688
1984-04-07,616.719
1984-04-08,652.275
1984-04-09,771.12
1984-04-10,930.455
1984-04-11,1025.638
1984-04-12,1102.962
1984-04-13,1249.723
1984-04-14,1489.203
1984-04-15,1394.087
1984-04-16,1261.162
1984-04-17,1177.952
1984-04-18,1180.96
1984-04-19,1281.035
1984-04-20,1382.5
1984-04-21,1375.612
1984-04-22,1326.715
1984-04-23,1285.423
1984-04-24,1382.835
1984-04-25,1663.329
1984-04-26,1825.007
1984-04-27,1758.655
1984-04-28,1874.887
1984-04-29,1971.516
1984-04-30,1753.694
1984-05-01,1556.865
1984-05-02,1499.925
1984-05-03,1359.246
1984-05-04,1280.579
1984-05-05,1282.429
1984-05-06,1210.491
1984-05-07,1103.998
1984-05-08,1068.748
1984-05-09,1129.084
1984-05-10,1226.217
1984-05-11,1305.801
1984-05-12,1251.378
1984-05-13,1102.25
1984-05-14,1017.952
1984-05-15,994.19
1984-05-16,938.476
1984-05-17,857.089
1984-05-18,779.131
1984-05-19,730.728
1984-05-20,720.921
1984-05-21,697.402
1984-05-22,650.7
1984-05-23,603.28
1984-05-24,584.625
1984-05-25,602.215
1984-05-26,632.239
1984-05-27,678.21
1984-05-28,723.47
1984-05-29,720.637
1984-05-30,672.811
1984-05-31,595.567
1984-06-01,503.111
1984-06-02,441.165
1984-06-03,417.266
1984-06-04,409.579
1984-06-05,404.132
1984-06-06,391.075
1984-06-07,371.203
1984-06-08,355.568
1984-06-09,344.698
1984-06-10,335.388
1984-06-11,326.977
1984-06-12,320.276
1984-06-13,316.583
1984-06-14,316.736
1984-06-15,311.399
1984-06-16,297.698
1984-06-17,284.477
1984-06-18,274.813
1984-06-19,268.31
1984-06-20,262.676
1984-06-21,256.295
1984-06-22,249.12
1984-06-23,242.337
1984-06-24,236.196
1984-06-25,230.562
1984-06-26,225.61
1984-06-27,222.007
1984-06-28,219.943
1984-06-29,217.0
1984-06-30,214.098
1984-07-01,215.127
1984-07-02,218.05
1984-07-03,212.108
1984-07-04,197.885
1984-07-05,188.082
1984-07-06,184.522
1984-07-07,181.858
1984-07-08,178.648
1984-07-09,176.578
1984-07-10,172.935
1984-07-11,166.913
1984-07-12,161.692
1984-07-13,158.965
1984-07-14,160.016
1984-07-15,164.63
1984-07-16,166.489
1984-07-17,162.78
1984-07-18,166.739
1984-07-19,190.161
1984-07-20,206.585
1984-07-21,193.19
1984-07-22,165.226
1984-07-23,146.469
1984-07-24,139.52
1984-07-25,137.3
1984-07-26,137.277
1984-07-27,138.74
1984-07-28,147.387
1984-07-29,169.05
1984-07-30,190.57
1984-07-31,205.358
1984-08-01,209.279
1984-08-02,203.516
1984-08-03,196.403
1984-08-04,208.179
1984-08-05,266.242
1984-08-06,366.904
1984-08-07,411.402
1984-08-08,360.716
1984-08-09,284.786
1984-08-10,209.552
1984-08-11,156.567
1984-08-12,136.724
1984-08-13,139.345
1984-08-14,153.478
1984-08-15,150.958
1984-08-16,133.081
1984-08-17,119.859
1984-08-18,114.069
1984-08-19,110.865
1984-08-20,108.832
1984-08-21,112.408
1984-08-22,120.767
1984-08-23,122.436
1984-08-24,116.363
1984-08-25,112.707
1984-08-26,114.328
1984-08-27,116.669
1984-08-28,114.851
1984-08-29,115.72
1984-08-30,140.033
1984-08-31,167.74
1984-09-01,175.301
1984-09-02,205.831
1984-09-03,241.711
1984-09-04,245.183
1984-09-05,231.041
1984-09-06,211.515
1984-09-07,196.784
1984-09-08,209.095
1984-09-09,325.51
1984-09-10,481.324
1984-09-11,629.312
1984-09-12,785.653
1984-09-13,841.008
1984-09-14,820.42
1984-09-15,654.17
1984-09-16,461.427
1984-09-17,570.568
1984-09-18,793.311
1984-09-19,605.731
1984-09-20,474.113
1984-09-21,453.155
1984-09-22,393.262
1984-09-23,306.032
1984-09-24,237.006
1984-09-25,201.957
1984-09-26,239.128
1984-09-27,309.022
1984-09-28,349.582
1984-09-29,308.388
1984-09-30,216.648
1984-10-01,186.101
1984-10-02,180.052
1984-10-03,160.754
1984-10-04,135.423
1984-10-05,146.653
1984-10-06,182.892
1984-10-07,220.814
1984-10-08,265.095
1984-10-09,338.323
1984-10-10,436.539
1984-10-11,507.88
1984-10-12,543.448
1984-10-13,617.447
1984-10-14,790.661
1984-10-15,1010.52
1984-10-16,1447.421
1984-10-17,1766.202
1984-10-18,1565.514
1984-10-19,1420.13
1984-10-20,1351.353
1984-10-21,1321.319
1984-10-22,1372.6
1984-10-23,1462.045
1984-10-24,1523.327
1984-10-25,1391.626
1984-10-26,1151.573
1984-10-27,1025.572
1984-10-28,969.892
1984-10-29,940.31
1984-10-30,968.194
1984-10-31,873.664
1984-11-01,650.885
1984-11-02,515.938
1984-11-03,532.406
1984-11-04,635.635
1984-11-05,753.63
1984-11-06,866.525
1984-11-07,973.346
1984-11-08,1075.785
1984-11-09,1156.409
1984-11-10,1123.721
1984-11-11,977.295
1984-11-12,850.865
1984-11-13,832.825
1984-11-14,866.041
1984-11-15,893.784
1984-11-16,946.397
1984-11-17,1109.558
1984-11-18,1352.39
1984-11-19,1388.357
1984-11-20,1428.048
1984-11-21,1581.16
1984-11-22,1708.31
1984-11-23,1753.847
1984-11-24,1590.237
1984-11-25,1431.84
1984-11-26,1449.214
1984-11-27,1626.604
1984-11-28,1704.194
1984-11-29,1684.497
1984-11-30,1785.572
1984-12-01,2065.178
1984-12-02,2243.936
1984-12-03,2242.922
1984-12-04,2133.537
1984-12-05,2081.138
1984-12-06,1983.523
1984-12-07,1945.878
1984-12-08,1966.251
1984-12-09,2057.13
1984-12-10,2356.492
1984-12-11,2375.745
1984-12-12,2144.567
1984-12-13,2039.748
1984-12-14,2004.164
1984-12-15,1948.738
1984-12-16,1901.673
1984-12-17,1880.835
1984-12-18,1972.579
1984-12-19,1876.738
1984-12-20,1581.167
1984-12-21,1482.057
1984-12-22,1569.261
1984-12-23,1875.568
1984-12-24,2107.857
1984-12-25,1883.118
1984-12-26,1691.657
1984-12-27,1686.091
1984-12-28,1687.145
1984-12-29,1762.333
1984-12-30,1870.395
1984-12-31,1848.155
1985-01-01,1550.306
1985-01-02,1294.215
1985-01-03,1181.688
1985-01-04,1094.86
1985-01-05,1046.172
1985-01-06,1028.825
1985-01-07,1038.805
1985-01-08,1095.305
1985-01-09,1149.826
1985-01-10,1159.005
1985-01-11,1145.086
1985-01-12,1088.091
1985-01-13,1004.032
1985-01-14,904.667
1985-01-15,860.908
1985-01-16,850.319
1985-01-17,825.87
1985-01-18,765.515
1985-01-19,723.358
1985-01-20,778.645
1985-01-21,1121.281
1985-01-22,1371.03
1985-01-23,1023.906
1985-01-24,788.626
1985-01-25,750.285
1985-01-26,748.53
1985-01-27,677.293
1985-01-28,619.516
1985-01-29,578.985
1985-01-30,597.907
1985-01-31,644.059
1985-02-01,770.639
1985-02-02,919.512
1985-02-03,1046.576
1985-02-04,1040.23
1985-02-05,969.164
1985-02-06,1020.319
1985-02-07,1145.494
1985-02-08,1322.937
1985-02-09,1603.16
1985-02-10,1809.338
1985-02-11,1900.43
1985-02-12,1850.141
1985-02-13,1722.499
1985-02-14,1788.072
1985-02-15,1789.09
1985-02-16,1727.893
1985-02-17,1649.901
1985-02-18,1604.618
1985-02-19,1524.685
1985-02-20,1482.809
1985-02-21,1482.761
1985-02-22,1440.948
1985-02-23,1428.657
1985-02-24,1464.273
1985-02-25,1590.926
1985-02-26,1661.874
1985-02-27,1667.762
1985-02-28,1566.543
1985-03-01,1514.487
1985-03-02,1585.445
1985-03-03,1794.108
1985-03-04,2145.355
1985-03-05,2417.616
1985-03-06,2194.469
1985-03-07,1874.866
1985-03-08,1830.021
1985-03-09,2042.876
1985-03-10,2322.825
1985-03-11,2361.605
1985-03-12,2260.338
1985-03-13,2339.435
1985-03-14,2418.818
1985-03-15,2278.735
1985-03-16,2097.606
1985-03-17,1941.16
1985-03-18,1838.086
1985-03-19,1738.653
1985-03-20,1604.783
1985-03-21,1483.247
1985-03-22,1378.06
1985-03-23,1245.402
1985-03-24,1135.698
1985-03-25,1084.639
1985-03-26,1055.595
1985-03-27,1045.35
1985-03-28,1044.372
1985-03-29,1044.426
1985-03-30,1095.075
1985-03-31,1162.112
1985-04-01,1291.842
1985-04-02,1462.148
1985-04-03,1606.6
1985-04-04,1854.58
1985-04-05,2002.59
1985-04-06,2027.206
1985-04-07,1978.108
1985-04-08,2038.772
1985-04-09,2451.732
1985-04-10,2969.454
1985-04-11,3002.981
1985-04-12,2768.034
1985-04-13,2461.379
1985-04-14,2327.688
1985-04-15,2403.972
1985-04-16,2639.742
1985-04-17,2870.598
1985-04-18,3165.119
1985-04-19,3873.667
1985-04-20,4637.025
1985-04-21,4745.13
1985-04-22,4651.179
1985-04-23,4080.058
1985-04-24,3598.838
1985-04-25,3441.206
1985-04-26,3586.32
1985-04-27,3834.882
1985-04-28,4054.21
1985-04-29,4005.989
1985-04-30,3923.387
1985-05-01,3853.498
1985-05-02,3786.01
1985-05-03,3697.282
1985-05-04,3547.556
1985-05-05,3618.318
1985-05-06,3952.273
1985-05-07,3920.548
1985-05-08,3759.7
1985-05-09,3737.525
1985-05-10,3694.028
1985-05-11,3414.743
1985-05-12,3078.438
1985-05-13,2821.088
1985-05-14,2610.271
1985-05-15,2495.836
1985-05-16,2466.374
1985-05-17,2571.591
1985-05-18,2795.743
1985-05-19,2795.413
1985-05-20,2461.683
1985-05-21,2243.649
1985-05-22,2155.469
1985-05-23,2109.669
1985-05-24,2045.591
1985-05-25,2029.286
1985-05-26,2050.158
1985-05-27,1958.188
1985-05-28,1822.132
1985-05-29,1716.788
1985-05-30,1700.079
1985-05-31,1721.435
1985-06-01,1769.694
1985-06-02,1829.025
1985-06-03,1850.143
1985-06-04,1818.678
1985-06-05,1578.414
1985-06-06,1306.928
1985-06-07,1154.47
1985-06-08,1081.499
1985-06-09,1036.098
1985-06-10,995.431
1985-06-11,954.832
1985-06-12,922.368
1985-06-13,909.258
1985-06-14,893.645
1985-06-15,870.412
1985-06-16,844.043
1985-06-17,802.639
1985-06-18,756.779
1985-06-19,736.729
1985-06-20,744.366
1985-06-21,744.2
1985-06-22,721.436
1985-06-23,667.056
1985-06-24,608.465
1985-06-25,573.552
1985-06-26,564.137
1985-06-27,562.323
1985-06-28,569.146
1985-06-29,584.566
1985-06-30,594.075
1985-07-01,622.544
1985-07-02,611.652
1985-07-03,535.175
1985-07-04,486.045
1985-07-05,468.455
1985-07-06,455.906
1985-07-07,443.774
1985-07-08,427.025
1985-07-09,406.475
1985-07-10,384.999
1985-07-11,369.246
1985-07-12,358.971
1985-07-13,351.479
1985-07-14,344.308
1985-07-15,336.91
1985-07-16,329.935
1985-07-17,322.785
1985-07-18,316.865
1985-07-19,312.932
1985-07-20,306.022
1985-07-21,297.897
1985-07-22,289.843
1985-07-23,283.042
1985-07-24,278.558
1985-07-25,276.822
1985-07-26,283.032
1985-07-27,309.988
1985-07-28,333.047
1985-07-29,323.509
1985-07-30,295.524
1985-07-31,267.373
1985-08-01,245.175
1985-08-02,234.474
1985-08-03,231.12
1985-08-04,236.971
1985-08-05,249.421
1985-08-06,275.298
1985-08-07,295.703
1985-08-08,268.656
1985-08-09,230.535
1985-08-10,207.465
1985-08-11,196.853
1985-08-12,191.205
1985-08-13,187.055
1985-08-14,183.721
1985-08-15,180.832
1985-08-16,178.263
1985-08-17,176.17
1985-08-18,175.19
1985-08-19,176.038
1985-08-20,177.988
1985-08-21,178.988
1985-08-22,173.691
1985-08-23,163.743
1985-08-24,156.981
1985-08-25,153.995
1985-08-26,152.21
1985-08-27,150.711
1985-08-28,152.067
1985-08-29,160.532
1985-08-30,173.441
1985-08-31,174.985
1985-09-01,164.238
1985-09-02,151.085
1985-09-03,142.985
1985-09-04,142.57
1985-09-05,143.484
1985-09-06,144.363
1985-09-07,147.131
1985-09-08,158.155
1985-09-09,180.44
1985-09-10,216.929
1985-09-11,248.65
1985-09-12,247.211
1985-09-13,246.422
1985-09-14,236.774
1985-09-15,237.592
1985-09-16,282.492
1985-09-17,350.888
1985-09-18,415.498
1985-09-19,465.136
1985-09-20,494.695
1985-09-21,525.311
1985-09-22,516.418
1985-09-23,425.755
1985-09-24,365.415
1985-09-25,400.71
1985-09-26,497.777
1985-09-27,652.277
1985-09-28,744.431
1985-09-29,705.38
1985-09-30,609.41
1985-10-01,522.544
1985-10-02,455.976
1985-10-03,397.003
1985-10-04,348.439
1985-10-05,356.185
1985-10-06,404.721
1985-10-07,367.896
1985-10-08,288.128
1985-10-09,284.495
1985-10-10,369.461
1985-10-11,502.908
1985-10-12,603.432
1985-10-13,654.372
1985-10-14,710.787
1985-10-15,725.091
1985-10-16,753.253
1985-10-17,759.053
1985-10-18,563.264
1985-10-19,374.699
1985-10-20,339.283
1985-10-21,381.282
1985-10-22,421.035
1985-10-23,420.213
1985-10-24,479.262
1985-10-25,563.875
1985-10-26,551.651
1985-10-27,570.395
1985-10-28,619.212
1985-10-29,676.628
1985-10-30,780.444
1985-10-31,875.274
1985-11-01,1000.907
1985-11-02,1100.005
1985-11-03,1188.772
1985-11-04,1236.091
1985-11-05,1232.175
1985-11-06,1229.813
1985-11-07,1198.878
1985-11-08,1098.392
1985-11-09,1004.508
1985-11-10,986.626
1985-11-11,975.648
1985-11-12,976.514
1985-11-13,992.725
1985-11-14,1055.155
1985-11-15,1059.675
1985-11-16,977.718
1985-11-17,973.789
1985-11-18,1107.306
1985-11-19,1332.88
1985-11-20,1389.785
1985-11-21,1437.897
1985-11-22,1497.114
1985-11-23,1570.526
1985-11-24,1568.229
1985-11-25,1512.862
1985-11-26,1580.845
1985-11-27,1579.692
1985-11-28,1570.119
1985-11-29,1495.074
1985-11-30,1281.764
1985-12-01,1080.876
1985-12-02,994.234
1985-12-03,1110.631
1985-12-04,1645.644
1985-12-05,2045.898
1985-12-06,1773.167
1985-12-07,1520.436
1985-12-08,1454.347
1985-12-09,1386.955
1985-12-10,1335.05
1985-12-11,1384.898
1985-12-12,1455.189
1985-12-13,1470.238
1985-12-14,1440.998
1985-12-15,1429.053
1985-12-16,1517.107
1985-12-17,1608.196
1985-12-18,1582.992
1985-12-19,1373.286
1985-12-20,1225.619
1985-12-21,1206.4
1985-12-22,1215.703
1985-12-23,1217.632
1985-12-24,1279.167
1985-12-25,1362.19
1985-12-26,1478.563
1985-12-27,1477.634
1985-12-28,1352.507
1985-12-29,1281.729
1985-12-30,1219.499
1985-12-31,1172.802
1986-01-01,1165.888
1986-01-02,1198.939
1986-01-03,1294.548
1986-01-04,1398.134
1986-01-05,1396.791
1986-01-06,1301.04
1986-01-07,1241.744
1986-01-08,1212.908
1986-01-09,1170.831
1986-01-10,1156.102
1986-01-11,1152.917
1986-01-12,1188.322
1986-01-13,1221.03
1986-01-14,1280.588
1986-01-15,1356.73
1986-01-16,1399.238
1986-01-17,1449.123
1986-01-18,1448.625
1986-01-19,1434.813
1986-01-20,1443.147
1986-01-21,1412.4
1986-01-22,1310.301
1986-01-23,1231.382
1986-01-24,1265.255
1986-01-25,1319.658
1986-01-26,1392.3
1986-01-27,1564.667
1986-01-28,1770.365
1986-01-29,2069.942
1986-01-30,2340.604
1986-01-31,2047.456
1986-02-01,1735.69
1986-02-02,1625.863
1986-02-03,1588.929
1986-02-04,1559.268
1986-02-05,1504.23
1986-02-06,1546.972
1986-02-07,1664.021
1986-02-08,1551.092
1986-02-09,1421.706
1986-02-10,1358.308
1986-02-11,1297.971
1986-02-12,1299.124
1986-02-13,1202.567
1986-02-14,1063.925
1986-02-15,1060.489
1986-02-16,1140.029
1986-02-17,1152.091
1986-02-18,1184.999
1986-02-19,1280.206
1986-02-20,1337.477
1986-02-21,1558.521
1986-02-22,1685.79
1986-02-23,1385.498
1986-02-24,1200.675
1986-02-25,1452.442
1986-02-26,1774.653
1986-02-27,1739.439
1986-02-28,1632.375
1986-03-01,1241.37
1986-03-02,1078.41
1986-03-03,1152.658
1986-03-04,1194.959
1986-03-05,1108.517
1986-03-06,1059.389
1986-03-07,1059.918
1986-03-08,960.91
1986-03-09,834.437
1986-03-10,806.277
1986-03-11,827.424
1986-03-12,888.101
1986-03-13,1024.494
1986-03-14,1129.845
1986-03-15,1137.298
1986-03-16,1050.573
1986-03-17,990.018
1986-03-18,1007.553
1986-03-19,1117.833
1986-03-20,1266.714
1986-03-21,1379.45
1986-03-22,1711.587
1986-03-23,1937.778
1986-03-24,1601.087
1986-03-25,1344.512
1986-03-26,1269.665
1986-03-27,1188.883
1986-03-28,1186.586
1986-03-29,1265.105
1986-03-30,1300.025
1986-03-31,1319.233
1986-04-01,1344.108
1986-04-02,1368.124
1986-04-03,1504.104
1986-04-04,1629.753
1986-04-05,1641.774
1986-04-06,1598.585
1986-04-07,1542.278
1986-04-08,1503.019
1986-04-09,1503.148
1986-04-10,1507.179
1986-04-11,1639.042
1986-04-12,2172.005
1986-04-13,2562.66
1986-04-14,2207.677
1986-04-15,1955.632
1986-04-16,1860.796
1986-04-17,1818.499
1986-04-18,1837.899
1986-04-19,1911.903
1986-04-20,2156.583
1986-04-21,2430.92
1986-04-22,2639.73
1986-04-23,2625.543
1986-04-24,2442.293
1986-04-25,2350.664
1986-04-26,2243.298
1986-04-27,2185.025
1986-04-28,2261.044
1986-04-29,2435.288
1986-04-30,2586.118
1986-05-01,2785.613
1986-05-02,2941.744
1986-05-03,3021.692
1986-05-04,3145.117
1986-05-05,3540.575
1986-05-06,3696.015
1986-05-07,3428.058
1986-05-08,3157.327
1986-05-09,3053.311
1986-05-10,3091.383
1986-05-11,3159.276
1986-05-12,3135.933
1986-05-13,3140.698
1986-05-14,3318.872
1986-05-15,3318.429
1986-05-16,2903.463
1986-05-17,2585.166
1986-05-18,2430.807
1986-05-19,2394.835
1986-05-20,2424.923
1986-05-21,2424.602
1986-05-22,2402.022
1986-05-23,2278.119
1986-05-24,2115.182
1986-05-25,1962.006
1986-05-26,1864.451
1986-05-27,1799.259
1986-05-28,1691.404
1986-05-29,1581.44
1986-05-30,1622.58
1986-05-31,1760.881
1986-06-01,1784.946
1986-06-02,1728.963
1986-06-03,1664.328
1986-06-04,1579.869
1986-06-05,1471.212
1986-06-06,1428.647
1986-06-07,1473.521
1986-06-08,1516.86
1986-06-09,1547.178
1986-06-10,1517.501
1986-06-11,1335.528
1986-06-12,1151.61
1986-06-13,1056.913
1986-06-14,998.572
1986-06-15,963.782
1986-06-16,935.313
1986-06-17,900.702
1986-06-18,864.347
1986-06-19,858.252
1986-06-20,885.63
1986-06-21,905.055
1986-06-22,902.455
1986-06-23,869.382
1986-06-24,801.232
1986-06-25,721.823
1986-06-26,665.785
1986-06-27,637.69
1986-06-28,626.705
1986-06-29,620.856
1986-06-30,609.675
1986-07-01,606.999
1986-07-02,616.274
1986-07-03,596.86
1986-07-04,553.335
1986-07-05,524.832
1986-07-06,520.616
1986-07-07,520.784
1986-07-08,501.329
1986-07-09,487.365
1986-07-10,471.894
1986-07-11,452.336
1986-07-12,439.92
1986-07-13,436.797
1986-07-14,428.241
1986-07-15,409.501
1986-07-16,395.797
1986-07-17,389.696
1986-07-18,387.42
1986-07-19,380.976
1986-07-20,369.358
1986-07-21,358.831
1986-07-22,351.358
1986-07-23,343.348
1986-07-24,331.67
1986-07-25,321.592
1986-07-26,322.795
1986-07-27,330.156
1986-07-28,330.913
1986-07-29,326.935
1986-07-30,306.952
1986-07-31,296.594
1986-08-01,291.853
1986-08-02,281.571
1986-08-03,272.126
1986-08-04,271.149
1986-08-05,262.868
1986-08-06,256.025
1986-08-07,248.278
1986-08-08,242.463
1986-08-09,238.624
1986-08-10,236.062
1986-08-11,234.295
1986-08-12,231.489
1986-08-13,235.039
1986-08-14,249.221
1986-08-15,266.754
1986-08-16,268.355
1986-08-17,266.325
1986-08-18,285.915
1986-08-19,293.42
1986-08-20,262.288
1986-08-21,225.693
1986-08-22,213.113
1986-08-23,223.465
1986-08-24,235.482
1986-08-25,225.212
1986-08-26,200.385
1986-08-27,182.464
1986-08-28,172.229
1986-08-29,166.655
1986-08-30,163.201
1986-08-31,160.51
1986-09-01,159.238
1986-09-02,159.487
1986-09-03,157.881
1986-09-04,155.647
1986-09-05,154.085
1986-09-06,151.449
1986-09-07,149.629
1986-09-08,151.263
1986-09-09,156.932
1986-09-10,157.03
1986-09-11,147.945
1986-09-12,139.314
1986-09-13,138.34
1986-09-14,141.373
1986-09-15,148.691
1986-09-16,174.064
1986-09-17,217.279
1986-09-18,231.397
1986-09-19,214.468
1986-09-20,218.478
1986-09-21,260.094
1986-09-22,333.067
1986-09-23,383.696
1986-09-24,435.514
1986-09-25,469.552
1986-09-26,498.481
1986-09-27,481.741
1986-09-28,372.064
1986-09-29,280.935
1986-09-30,299.102
1986-10-01,325.575
1986-10-02,305.528
1986-10-03,300.377
1986-10-04,263.486
1986-10-05,212.62
1986-10-06,180.27
1986-10-07,187.043
1986-10-08,244.918
1986-10-09,315.846
1986-10-10,382.271
1986-10-11,491.397
1986-10-12,674.874
1986-10-13,839.62
1986-10-14,778.785
1986-10-15,525.142
1986-10-16,391.889
1986-10-17,374.047
1986-10-18,394.448
1986-10-19,459.004
1986-10-20,783.671
1986-10-21,1196.145
1986-10-22,1376.82
1986-10-23,1435.739
1986-10-24,1147.52
1986-10-25,1077.776
1986-10-26,1684.73
1986-10-27,2176.243
1986-10-28,1710.745
1986-10-29,1254.738
1986-10-30,898.166
1986-10-31,692.41
1986-11-01,597.468
1986-11-02,656.028
1986-11-03,984.205
1986-11-04,1273.479
1986-11-05,1367.998
1986-11-06,1243.909
1986-11-07,1099.323
1986-11-08,1124.996
1986-11-09,1242.342
1986-11-10,1309.523
1986-11-11,1239.951
1986-11-12,1269.255
1986-11-13,1404.203
1986-11-14,1672.018
1986-11-15,1712.482
1986-11-16,1566.637
1986-11-17,1449.831
1986-11-18,1927.34
1986-11-19,2366.5
1986-11-20,1984.485
1986-11-21,1579.978
1986-11-22,1493.825
1986-11-23,1511.703
1986-11-24,1477.559
1986-11-25,1488.704
1986-11-26,1460.291
1986-11-27,1505.521
1986-11-28,1672.457
1986-11-29,1793.691
1986-11-30,1633.735
1986-12-01,1366.654
1986-12-02,1379.356
1986-12-03,1619.82
1986-12-04,1833.567
1986-12-05,1707.492
1986-12-06,1474.613
1986-12-07,1325.741
1986-12-08,1315.139
1986-12-09,1398.67
1986-12-10,1390.432
1986-12-11,1427.939
1986-12-12,1546.603
1986-12-13,1674.587
1986-12-14,1656.429
1986-12-15,1495.006
1986-12-16,1348.609
1986-12-17,1374.154
1986-12-18,1557.3
1986-12-19,1728.274
1986-12-20,1925.299
1986-12-21,2151.558
1986-12-22,2597.248
1986-12-23,3020.96
1986-12-24,2913.461
1986-12-25,2662.705
1986-12-26,2499.556
1986-12-27,2258.652
1986-12-28,2075.103
1986-12-29,2081.515
1986-12-30,2126.651
1986-12-31,2074.925
1987-01-01,2060.95
1987-01-02,2052.775
1987-01-03,2013.274
1987-01-04,1994.161
1987-01-05,2014.617
1987-01-06,2060.522
1987-01-07,2077.697
1987-01-08,2038.619
1987-01-09,2043.121
1987-01-10,2037.476
1987-01-11,1967.95
1987-01-12,1788.108
1987-01-13,1622.158
1987-01-14,1703.587
1987-01-15,2317.369
1987-01-16,2624.423
1987-01-17,2179.777
1987-01-18,1762.7
1987-01-19,1591.809
1987-01-20,1611.261
1987-01-21,1731.051
1987-01-22,1840.42
1987-01-23,1875.603
1987-01-24,1930.401
1987-01-25,2025.183
1987-01-26,1961.798
1987-01-27,1810.014
1987-01-28,2064.837
1987-01-29,2362.55
1987-01-30,2093.605
1987-01-31,1820.214
1987-02-01,1778.146
1987-02-02,1822.378
1987-02-03,1857.326
1987-02-04,1858.83
1987-02-05,1816.366
1987-02-06,1831.09
1987-02-07,1839.48
1987-02-08,1778.511
1987-02-09,1641.705
1987-02-10,1489.993
1987-02-11,1420.333
1987-02-12,1453.824
1987-02-13,1639.555
1987-02-14,1822.064
1987-02-15,1935.425
1987-02-16,1850.386
1987-02-17,1633.792
1987-02-18,1400.181
1987-02-19,1270.864
1987-02-20,1294.645
1987-02-21,1404.921
1987-02-22,1602.718
1987-02-23,1856.546
1987-02-24,2280.319
1987-02-25,2647.849
1987-02-26,2375.311
1987-02-27,1923.697
1987-02-28,1719.018
1987-03-01,1636.168
1987-03-02,1619.286
1987-03-03,1696.158
1987-03-04,1957.087
1987-03-05,2128.428
1987-03-06,2010.905
1987-03-07,2131.18
1987-03-08,2380.14
1987-03-09,2662.898
1987-03-10,2808.783
1987-03-11,2317.623
1987-03-12,1870.846
1987-03-13,1691.531
1987-03-14,1646.567
1987-03-15,1674.436
1987-03-16,1623.837
1987-03-17,1609.484
1987-03-18,1631.68
1987-03-19,1624.351
1987-03-20,1575.177
1987-03-21,1723.057
1987-03-22,2101.839
1987-03-23,2154.974
1987-03-24,2175.325
1987-03-25,2130.247
1987-03-26,2119.062
1987-03-27,2220.389
1987-03-28,2255.562
1987-03-29,2500.546
1987-03-30,2853.176
1987-03-31,2889.698
1987-04-01,2859.411
1987-04-02,2798.342
1987-04-03,2859.266
1987-04-04,2636.782
1987-04-05,2205.317
1987-04-06,1921.61
1987-04-07,2090.584
1987-04-08,2386.946
1987-04-09,2146.741
1987-04-10,2193.754
1987-04-11,2122.832
1987-04-12,2056.756
1987-04-13,2321.358
1987-04-14,2295.587
1987-04-15,1939.384
1987-04-16,1752.05
1987-04-17,1638.163
1987-04-18,1618.342
1987-04-19,1674.141
1987-04-20,2288.328
1987-04-21,2997.825
1987-04-22,2867.966
1987-04-23,2616.053
1987-04-24,2413.517
1987-04-25,2215.788
1987-04-26,2054.75
1987-04-27,1944.418
1987-04-28,1907.267
1987-04-29,1908.023
1987-04-30,2057.362
1987-05-01,1929.569
1987-05-02,1794.399
1987-05-03,1900.433
1987-05-04,2476.681
1987-05-05,3263.918
1987-05-06,3384.994
1987-05-07,2848.376
1987-05-08,2606.566
1987-05-09,2517.143
1987-05-10,2385.166
1987-05-11,2269.568
1987-05-12,2182.739
1987-05-13,2202.846
1987-05-14,2531.035
1987-05-15,3103.025
1987-05-16,3004.15
1987-05-17,2587.168
1987-05-18,2363.603
1987-05-19,2328.494
1987-05-20,2419.898
1987-05-21,2531.524
1987-05-22,2505.31
1987-05-23,2431.411
1987-05-24,2464.515
1987-05-25,2542.838
1987-05-26,2520.285
1987-05-27,2264.019
1987-05-28,1987.775
1987-05-29,1850.833
1987-05-30,1772.656
1987-05-31,1702.101
1987-06-01,1641.72
1987-06-02,1595.851
1987-06-03,1652.844
1987-06-04,1673.789
1987-06-05,1697.84
1987-06-06,1798.07
1987-06-07,1779.731
1987-06-08,1663.125
1987-06-09,1498.968
1987-06-10,1430.887
1987-06-11,1409.949
1987-06-12,1408.222
1987-06-13,1379.758
1987-06-14,1304.573
1987-06-15,1264.789
1987-06-16,1280.258
1987-06-17,1343.544
1987-06-18,1572.269
1987-06-19,1980.015
1987-06-20,1939.101
1987-06-21,1477.103
1987-06-22,1158.903
1987-06-23,987.132
1987-06-24,880.895
1987-06-25,863.802
1987-06-26,854.222
1987-06-27,793.647
1987-06-28,750.122
1987-06-29,724.554
1987-06-30,703.672
1987-07-01,684.792
1987-07-02,669.925
1987-07-03,676.195
1987-07-04,702.436
1987-07-05,705.889
1987-07-06,692.569
1987-07-07,645.127
1987-07-08,595.843
1987-07-09,565.759
1987-07-10,549.363
1987-07-11,542.643
1987-07-12,553.583
1987-07-13,580.438
1987-07-14,603.304
1987-07-15,615.823
1987-07-16,627.923
1987-07-17,599.495
1987-07-18,524.174
1987-07-19,457.387
1987-07-20,425.228
1987-07-21,410.037
1987-07-22,399.131
1987-07-23,389.514
1987-07-24,380.729
1987-07-25,372.155
1987-07-26,363.817
1987-07-27,356.904
1987-07-28,350.135
1987-07-29,341.487
1987-07-30,331.719
1987-07-31,322.928
1987-08-01,315.15
1987-08-02,308.078
1987-08-03,301.64
1987-08-04,295.906
1987-08-05,290.142
1987-08-06,283.518
1987-08-07,276.67
1987-08-08,270.37
1987-08-09,265.459
1987-08-10,263.857
1987-08-11,267.362
1987-08-12,273.73
1987-08-13,267.93
1987-08-14,252.517
1987-08-15,241.117
1987-08-16,235.307
1987-08-17,230.808
1987-08-18,226.782
1987-08-19,225.372
1987-08-20,221.834
1987-08-21,215.513
1987-08-22,209.338
1987-08-23,203.507
1987-08-24,200.512
1987-08-25,200.761
1987-08-26,204.601
1987-08-27,228.749
1987-08-28,274.751
1987-08-29,315.28
1987-08-30,329.278
1987-08-31,312.498
1987-09-01,308.737
1987-09-02,327.597
1987-09-03,327.585
1987-09-04,291.226
1987-09-05,234.472
1987-09-06,192.704
1987-09-07,201.193
1987-09-08,269.366
1987-09-09,363.578
1987-09-10,436.897
1987-09-11,444.529
1987-09-12,391.074
1987-09-13,334.466
1987-09-14,275.7
1987-09-15,225.787
1987-09-16,200.661
1987-09-17,188.117
1987-09-18,182.04
1987-09-19,183.534
1987-09-20,208.359
1987-09-21,235.95
1987-09-22,272.97
1987-09-23,332.998
1987-09-24,350.52
1987-09-25,292.677
1987-09-26,257.87
1987-09-27,281.558
1987-09-28,436.961
1987-09-29,621.11
1987-09-30,594.052
1987-10-01,635.48
1987-10-02,828.41
1987-10-03,1064.626
1987-10-04,1174.772
1987-10-05,995.927
1987-10-06,748.738
1987-10-07,644.112
1987-10-08,669.134
1987-10-09,797.753
1987-10-10,943.813
1987-10-11,1245.762
1987-10-12,1565.9
1987-10-13,1482.412
1987-10-14,1196.916
1987-10-15,1021.529
1987-10-16,937.33
1987-10-17,912.668
1987-10-18,966.345
1987-10-19,948.835
1987-10-20,768.102
1987-10-21,539.902
1987-10-22,394.959
1987-10-23,357.418
1987-10-24,389.536
1987-10-25,453.436
1987-10-26,533.025
1987-10-27,503.911
1987-10-28,465.35
1987-10-29,488.977
1987-10-30,505.262
1987-10-31,565.978
1987-11-01,808.206
1987-11-02,1066.471
1987-11-03,1429.676
1987-11-04,1680.13
1987-11-05,1418.056
1987-11-06,1427.267
1987-11-07,1795.985
1987-11-08,1658.318
1987-11-09,1162.342
1987-11-10,837.888
1987-11-11,735.48
1987-11-12,737.815
1987-11-13,712.484
1987-11-14,753.06
1987-11-15,899.909
1987-11-16,1005.167
1987-11-17,1012.958
1987-11-18,1049.858
1987-11-19,1042.598
1987-11-20,1115.485
1987-11-21,1350.998
1987-11-22,1610.048
1987-11-23,1677.313
1987-11-24,1708.85
1987-11-25,1783.127
1987-11-26,1747.133
1987-11-27,1673.193
1987-11-28,1567.157
1987-11-29,1459.261
1987-11-30,1387.968
1987-12-01,1413.507
1987-12-02,1422.645
1987-12-03,1345.652
1987-12-04,1193.294
1987-12-05,1119.718
1987-12-06,1033.766
1987-12-07,869.893
1987-12-08,765.115
1987-12-09,831.086
1987-12-10,996.337
1987-12-11,1130.342
1987-12-12,1147.393
1987-12-13,1077.559
1987-12-14,1015.323
1987-12-15,1012.949
1987-12-16,1053.639
1987-12-17,890.926
1987-12-18,793.385
1987-12-19,866.027
1987-12-20,873.738
1987-12-21,853.528
1987-12-22,1192.295
1987-12-23,1536.928
1987-12-24,1244.501
1987-12-25,963.896
1987-12-26,856.021
1987-12-27,792.73
1987-12-28,724.532
1987-12-29,681.433
1987-12-30,673.144
1987-12-31,696.204
1988-01-01,738.398
1988-01-02,807.395
1988-01-03,860.337
1988-01-04,821.333
1988-01-05,725.243
1988-01-06,655.284
1988-01-07,640.591
1988-01-08,654.089
1988-01-09,747.456
1988-01-10,774.092
1988-01-11,615.812
1988-01-12,509.789
1988-01-13,501.431
1988-01-14,618.7
1988-01-15,752.765
1988-01-16,841.1
1988-01-17,971.542
1988-01-18,1066.652
1988-01-19,1044.063
1988-01-20,1169.048
1988-01-21,1400.251
1988-01-22,1133.661
1988-01-23,914.999
1988-01-24,907.594
1988-01-25,966.482
1988-01-26,962.655
1988-01-27,876.409
1988-01-28,905.441
1988-01-29,1024.901
1988-01-30,1095.209
1988-01-31,1124.258
1988-02-01,1118.85
1988-02-02,1145.952
1988-02-03,1250.132
1988-02-04,1454.079
1988-02-05,1676.914
1988-02-06,1664.368
1988-02-07,1445.438
1988-02-08,1333.151
1988-02-09,1261.479
1988-02-10,1132.082
1988-02-11,998.789
1988-02-12,891.675
1988-02-13,877.658
1988-02-14,953.171
1988-02-15,1048.683
1988-02-16,1098.126
1988-02-17,1075.059
1988-02-18,950.829
1988-02-19,803.589
1988-02-20,764.15
1988-02-21,831.305
1988-02-22,922.645
1988-02-23,966.193
1988-02-24,955.702
1988-02-25,919.447
1988-02-26,822.674
1988-02-27,740.35
1988-02-28,753.715
1988-02-29,808.332
1988-03-01,785.807
1988-03-02,709.234
1988-03-03,774.621
1988-03-04,807.563
1988-03-05,663.854
1988-03-06,575.755
1988-03-07,558.381
1988-03-08,559.015
1988-03-09,558.855
1988-03-10,577.693
1988-03-11,639.955
1988-03-12,649.57
1988-03-13,629.391
1988-03-14,601.681
1988-03-15,576.474
1988-03-16,639.625
1988-03-17,709.706
1988-03-18,837.609
1988-03-19,1023.883
1988-03-20,1544.622
1988-03-21,2276.672
1988-03-22,2216.832
1988-03-23,1628.148
1988-03-24,1365.922
1988-03-25,1359.857
1988-03-26,1379.248
1988-03-27,1206.964
1988-03-28,995.989
1988-03-29,1012.541
1988-03-30,1180.847
1988-03-31,1412.763
1988-04-01,1929.193
1988-04-02,2231.542
1988-04-03,1773.207
1988-04-04,1340.872
1988-04-05,1141.437
1988-04-06,1110.449
1988-04-07,1268.203
1988-04-08,1573.029
1988-04-09,1704.333
1988-04-10,1524.393
1988-04-11,1464.498
1988-04-12,1517.29
1988-04-13,1394.547
1988-04-14,1315.955
1988-04-15,1284.759
1988-04-16,1245.99
1988-04-17,1120.143
1988-04-18,1081.04
1988-04-19,1154.275
1988-04-20,1351.95
1988-04-21,1431.93
1988-04-22,1367.814
1988-04-23,1407.889
1988-04-24,1472.89
1988-04-25,1534.737
1988-04-26,1498.547
1988-04-27,1461.175
1988-04-28,1521.014
1988-04-29,1593.896
1988-04-30,1690.46
1988-05-01,1854.816
1988-05-02,1939.438
1988-05-03,2161.691
1988-05-04,2544.599
1988-05-05,2500.855
1988-05-06,2235.881
1988-05-07,2081.301
1988-05-08,2060.145
1988-05-09,2107.642
1988-05-10,2232.516
1988-05-11,2358.419
1988-05-12,2469.992
1988-05-13,2570.409
1988-05-14,2222.772
1988-05-15,1953.002
1988-05-16,1906.207
1988-05-17,1841.892
1988-05-18,1643.727
1988-05-19,1419.608
1988-05-20,1307.185
1988-05-21,1308.354
1988-05-22,1376.566
1988-05-23,1414.716
1988-05-24,1380.548
1988-05-25,1294.392
1988-05-26,1296.247
1988-05-27,1274.21
1988-05-28,1112.874
1988-05-29,943.814
1988-05-30,831.649
1988-05-31,774.22
1988-06-01,756.334
1988-06-02,765.828
1988-06-03,774.531
1988-06-04,759.856
1988-06-05,733.219
1988-06-06,717.77
1988-06-07,695.062
1988-06-08,670.796
1988-06-09,635.179
1988-06-10,582.049
1988-06-11,533.178
1988-06-12,500.607
1988-06-13,479.334
1988-06-14,462.892
1988-06-15,448.724
1988-06-16,438.897
1988-06-17,429.904
1988-06-18,431.038
1988-06-19,437.851
1988-06-20,432.283
1988-06-21,408.985
1988-06-22,377.793
1988-06-23,358.687
1988-06-24,355.08
1988-06-25,361.079
1988-06-26,366.092
1988-06-27,365.184
1988-06-28,357.467
1988-06-29,342.669
1988-06-30,320.523
1988-07-01,297.168
1988-07-02,283.255
1988-07-03,275.61
1988-07-04,269.021
1988-07-05,262.402
1988-07-06,256.472
1988-07-07,250.398
1988-07-08,244.475
1988-07-09,239.058
1988-07-10,234.206
1988-07-11,229.716
1988-07-12,225.141
1988-07-13,222.109
1988-07-14,221.943
1988-07-15,225.875
1988-07-16,226.742
1988-07-17,221.972
1988-07-18,215.652
1988-07-19,206.852
1988-07-20,197.899
1988-07-21,192.187
1988-07-22,186.626
1988-07-23,181.452
1988-07-24,179.266
1988-07-25,180.303
1988-07-26,191.0
1988-07-27,229.562
1988-07-28,268.34
1988-07-29,265.965
1988-07-30,250.669
1988-07-31,223.223
1988-08-01,195.865
1988-08-02,193.76
1988-08-03,205.496
1988-08-04,214.864
1988-08-05,209.83
1988-08-06,201.04
1988-08-07,208.928
1988-08-08,212.084
1988-08-09,193.88
1988-08-10,182.908
1988-08-11,168.994
1988-08-12,156.703
1988-08-13,159.123
1988-08-14,166.602
1988-08-15,182.09
1988-08-16,194.354
1988-08-17,181.1
1988-08-18,159.663
1988-08-19,152.117
1988-08-20,159.298
1988-08-21,175.113
1988-08-22,195.697
1988-08-23,225.008
1988-08-24,268.017
1988-08-25,284.054
1988-08-26,255.793
1988-08-27,207.282
1988-08-28,171.606
1988-08-29,160.83
1988-08-30,161.041
1988-08-31,161.221
1988-09-01,161.917
1988-09-02,191.936
1988-09-03,242.765
1988-09-04,262.781
1988-09-05,253.647
1988-09-06,281.219
1988-09-07,304.967
1988-09-08,291.435
1988-09-09,261.079
1988-09-10,266.208
1988-09-11,332.388
1988-09-12,408.228
1988-09-13,461.57
1988-09-14,441.31
1988-09-15,351.855
1988-09-16,290.359
1988-09-17,300.92
1988-09-18,343.093
1988-09-19,363.489
1988-09-20,307.962
1988-09-21,216.963
1988-09-22,175.019
1988-09-23,178.006
1988-09-24,227.818
1988-09-25,352.168
1988-09-26,483.616
1988-09-27,587.274
1988-09-28,611.968
1988-09-29,603.791
1988-09-30,612.708
1988-10-01,581.715
1988-10-02,522.945
1988-10-03,520.838
1988-10-04,618.539
1988-10-05,698.224
1988-10-06,764.491
1988-10-07,1178.324
1988-10-08,1598.188
1988-10-09,1421.762
1988-10-10,1143.054
1988-10-11,1024.453
1988-10-12,1015.567
1988-10-13,1026.37
1988-10-14,1048.441
1988-10-15,1144.595
1988-10-16,1583.194
1988-10-17,2052.393
1988-10-18,1833.202
1988-10-19,1564.132
1988-10-20,1631.625
1988-10-21,1596.53
1988-10-22,1482.373
1988-10-23,1293.802
1988-10-24,1004.357
1988-10-25,846.255
1988-10-26,891.871
1988-10-27,1111.367
1988-10-28,1410.303
1988-10-29,1435.163
1988-10-30,1234.142
1988-10-31,1096.261
1988-11-01,1014.42
1988-11-02,901.827
1988-11-03,815.764
1988-11-04,804.733
1988-11-05,916.652
1988-11-06,1111.328
1988-11-07,1059.37
1988-11-08,936.655
1988-11-09,963.698
1988-11-10,1086.35
1988-11-11,1203.685
1988-11-12,1390.968
1988-11-13,1455.028
1988-11-14,1298.748
1988-11-15,1231.295
1988-11-16,1259.466
1988-11-17,1256.385
1988-11-18,1312.242
1988-11-19,1479.294
1988-11-20,1611.267
1988-11-21,1588.251
1988-11-22,1506.598
1988-11-23,1546.939
1988-11-24,1661.403
1988-11-25,1684.857
1988-11-26,1675.993
1988-11-27,1737.795
1988-11-28,1965.402
1988-11-29,1844.203
1988-11-30,1399.442
1988-12-01,1170.544
1988-12-02,1206.91
1988-12-03,1438.287
1988-12-04,1792.338
1988-12-05,2222.288
1988-12-06,2395.168
1988-12-07,2384.861
1988-12-08,2390.565
1988-12-09,1917.648
1988-12-10,1621.44
1988-12-11,1502.825
1988-12-12,1380.408
1988-12-13,1225.747
1988-12-14,1052.48
1988-12-15,983.897
1988-12-16,1013.512
1988-12-17,1069.835
1988-12-18,1080.829
1988-12-19,1042.886
1988-12-20,976.418
1988-12-21,919.373
1988-12-22,894.829
1988-12-23,930.83
1988-12-24,1012.899
1988-12-25,1189.808
1988-12-26,1376.09
1988-12-27,1400.263
1988-12-28,1224.213
1988-12-29,993.599
1988-12-30,918.2
1988-12-31,920.698
1989-01-01,930.772
1989-01-02,987.159
1989-01-03,1060.912
1989-01-04,1136.817
1989-01-05,1128.946
1989-01-06,1114.202
1989-01-07,1175.725
1989-01-08,1289.788
1989-01-09,1325.85
1989-01-10,1204.003
1989-01-11,1182.11
1989-01-12,1316.191
1989-01-13,1548.707
1989-01-14,1719.651
1989-01-15,1657.971
1989-01-16,1577.893
1989-01-17,1611.463
1989-01-18,1703.922
1989-01-19,1837.595
1989-01-20,1908.754
1989-01-21,1853.686
1989-01-22,1747.331
1989-01-23,1578.018
1989-01-24,1415.024
1989-01-25,1338.049
1989-01-26,1329.488
1989-01-27,1321.366
1989-01-28,1278.382
1989-01-29,1209.308
1989-01-30,1157.644
1989-01-31,1123.868
1989-02-01,1064.911
1989-02-02,999.78
1989-02-03,953.83
1989-02-04,922.752
1989-02-05,889.296
1989-02-06,910.492
1989-02-07,1088.828
1989-02-08,1564.495
1989-02-09,1904.241
1989-02-10,1534.33
1989-02-11,1196.722
1989-02-12,1184.848
1989-02-13,1317.068
1989-02-14,1343.89
1989-02-15,1282.413
1989-02-16,1259.152
1989-02-17,1268.648
1989-02-18,1393.628
1989-02-19,1480.56
1989-02-20,1360.94
1989-02-21,1243.212
1989-02-22,1227.995
1989-02-23,1271.2
1989-02-24,1283.16
1989-02-25,1286.611
1989-02-26,1335.315
1989-02-27,1438.444
1989-02-28,1324.994
1989-03-01,1148.588
1989-03-02,1013.932
1989-03-03,961.965
1989-03-04,936.679
1989-03-05,879.992
1989-03-06,824.965
1989-03-07,790.335
1989-03-08,863.888
1989-03-09,1005.758
1989-03-10,1071.238
1989-03-11,1033.138
1989-03-12,904.221
1989-03-13,744.521
1989-03-14,653.211
1989-03-15,630.777
1989-03-16,649.87
1989-03-17,708.026
1989-03-18,825.11
1989-03-19,941.37
1989-03-20,1009.097
1989-03-21,1038.053
1989-03-22,1042.775
1989-03-23,1197.75
1989-03-24,1589.709
1989-03-25,1657.873
1989-03-26,1337.571
1989-03-27,1227.625
1989-03-28,1242.254
1989-03-29,1212.381
1989-03-30,1388.945
1989-03-31,1598.176
1989-04-01,1567.611
1989-04-02,1881.486
1989-04-03,2123.89
1989-04-04,1789.482
1989-04-05,1682.87
1989-04-06,2234.995
1989-04-07,2796.955
1989-04-08,2624.165
1989-04-09,1918.657
1989-04-10,1596.17
1989-04-11,1716.162
1989-04-12,1765.956
1989-04-13,1932.538
1989-04-14,2113.449
1989-04-15,1978.179
1989-04-16,1869.943
1989-04-17,2146.864
1989-04-18,2603.592
1989-04-19,2552.667
1989-04-20,2366.11
1989-04-21,2247.138
1989-04-22,2231.4
1989-04-23,2276.419
1989-04-24,2236.727
1989-04-25,2233.768
1989-04-26,2243.019
1989-04-27,2022.016
1989-04-28,1771.128
1989-04-29,1575.929
1989-04-30,1432.737
1989-05-01,1331.563
1989-05-02,1291.28
1989-05-03,1321.328
1989-05-04,1337.325
1989-05-05,1276.055
1989-05-06,1151.88
1989-05-07,1116.518
1989-05-08,1295.287
1989-05-09,1426.495
1989-05-10,1265.944
1989-05-11,1133.056
1989-05-12,1088.894
1989-05-13,1090.716
1989-05-14,1216.016
1989-05-15,1297.056
1989-05-16,1341.655
1989-05-17,1263.87
1989-05-18,1277.236
1989-05-19,1245.365
1989-05-20,1186.883
1989-05-21,1174.999
1989-05-22,1216.928
1989-05-23,1290.687
1989-05-24,1368.254
1989-05-25,1442.632
1989-05-26,1479.096
1989-05-27,1502.798
1989-05-28,1527.233
1989-05-29,1488.281
1989-05-30,1376.755
1989-05-31,1338.551
1989-06-01,1421.752
1989-06-02,1442.522
1989-06-03,1292.608
1989-06-04,1144.176
1989-06-05,1029.193
1989-06-06,922.933
1989-06-07,848.062
1989-06-08,809.256
1989-06-09,786.525
1989-06-10,775.607
1989-06-11,770.547
1989-06-12,757.498
1989-06-13,726.73
1989-06-14,695.534
1989-06-15,690.787
1989-06-16,693.633
1989-06-17,698.875
1989-06-18,733.202
1989-06-19,919.191
1989-06-20,1073.481
1989-06-21,849.508
1989-06-22,659.401
1989-06-23,577.624
1989-06-24,520.939
1989-06-25,483.95
1989-06-26,461.712
1989-06-27,446.995
1989-06-28,434.985
1989-06-29,423.672
1989-06-30,412.537
1989-07-01,401.976
1989-07-02,392.552
1989-07-03,383.508
1989-07-04,375.66
1989-07-05,368.658
1989-07-06,359.834
1989-07-07,349.365
1989-07-08,339.049
1989-07-09,329.876
1989-07-10,321.618
1989-07-11,314.451
1989-07-12,308.217
1989-07-13,301.534
1989-07-14,294.729
1989-07-15,288.165
1989-07-16,281.434
1989-07-17,275.641
1989-07-18,272.541
1989-07-19,277.044
1989-07-20,293.561
1989-07-21,300.553
1989-07-22,290.438
1989-07-23,279.081
1989-07-24,264.736
1989-07-25,250.065
1989-07-26,250.803
1989-07-27,270.27
1989-07-28,277.86
1989-07-29,258.058
1989-07-30,242.95
1989-07-31,250.478
1989-08-01,272.824
1989-08-02,286.998
1989-08-03,296.086
1989-08-04,309.52
1989-08-05,309.535
1989-08-06,267.12
1989-08-07,217.32
1989-08-08,194.012
1989-08-09,187.092
1989-08-10,184.165
1989-08-11,181.503
1989-08-12,178.67
1989-08-13,176.975
1989-08-14,174.652
1989-08-15,172.569
1989-08-16,170.066
1989-08-17,167.242
1989-08-18,163.943
1989-08-19,161.538
1989-08-20,159.504
1989-08-21,158.359
1989-08-22,161.547
1989-08-23,171.035
1989-08-24,175.152
1989-08-25,173.23
1989-08-26,180.718
1989-08-27,196.87
1989-08-28,204.156
1989-08-29,212.556
1989-08-30,231.029
1989-08-31,247.748
1989-09-01,240.298
1989-09-02,203.782
1989-09-03,175.421
1989-09-04,168.405
1989-09-05,170.653
1989-09-06,185.878
1989-09-07,212.488
1989-09-08,212.905
1989-09-09,196.212
1989-09-10,194.377
1989-09-11,223.657
1989-09-12,287.232
1989-09-13,416.967
1989-09-14,518.523
1989-09-15,524.575
1989-09-16,543.962
1989-09-17,612.727
1989-09-18,630.978
1989-09-19,644.168
1989-09-20,729.348
1989-09-21,811.169
1989-09-22,881.554
1989-09-23,907.665
1989-09-24,806.767
1989-09-25,566.906
1989-09-26,345.916
1989-09-27,255.86
1989-09-28,228.844
1989-09-29,203.263
1989-09-30,196.615
1989-10-01,260.502
1989-10-02,361.535
1989-10-03,400.371
1989-10-04,491.29
1989-10-05,657.42
1989-10-06,749.67
1989-10-07,996.285
1989-10-08,1165.885
1989-10-09,785.737
1989-10-10,599.652
1989-10-11,596.402
1989-10-12,630.879
1989-10-13,606.124
1989-10-14,481.776
1989-10-15,445.027
1989-10-16,486.812
1989-10-17,515.362
1989-10-18,619.371
1989-10-19,756.244
1989-10-20,819.165
1989-10-21,863.236
1989-10-22,875.82
1989-10-23,832.906
1989-10-24,747.367
1989-10-25,776.587
1989-10-26,904.924
1989-10-27,947.195
1989-10-28,993.0
1989-10-29,924.743
1989-10-30,806.998
1989-10-31,841.187
1989-11-01,980.412
1989-11-02,1112.838
1989-11-03,1261.463
1989-11-04,1304.355
1989-11-05,1313.361
1989-11-06,1264.241
1989-11-07,937.65
1989-11-08,717.265
1989-11-09,732.06
1989-11-10,788.62
1989-11-11,843.257
1989-11-12,991.515
1989-11-13,1357.076
1989-11-14,1697.986
1989-11-15,1812.142
1989-11-16,1733.374
1989-11-17,1410.802
1989-11-18,1063.07
1989-11-19,795.672
1989-11-20,635.999
1989-11-21,632.033
1989-11-22,617.492
1989-11-23,636.662
1989-11-24,670.268
1989-11-25,740.7
1989-11-26,806.224
1989-11-27,832.431
1989-11-28,849.759
1989-11-29,906.373
1989-11-30,943.176
1989-12-01,1009.124
1989-12-02,1069.651
1989-12-03,1121.055
1989-12-04,1224.126
1989-12-05,1163.39
1989-12-06,1137.086
1989-12-07,1174.676
1989-12-08,1029.383
1989-12-09,966.071
1989-12-10,1057.026
1989-12-11,1310.833
1989-12-12,1532.006
1989-12-13,1593.875
1989-12-14,1608.576
1989-12-15,1606.471
1989-12-16,1523.955
1989-12-17,1471.383
1989-12-18,1488.013
1989-12-19,1438.041
1989-12-20,1382.171
1989-12-21,1287.683
1989-12-22,1262.381
1989-12-23,1368.447
1989-12-24,1570.673
1989-12-25,1660.19
1989-12-26,1616.865
1989-12-27,1531.665
1989-12-28,1494.495
1989-12-29,1514.368
1989-12-30,1486.191
1989-12-31,1472.825
1990-01-01,1702.05
1990-01-02,1765.462
1990-01-03,1474.582
1990-01-04,1433.114
1990-01-05,1595.597
1990-01-06,1718.542
1990-01-07,1797.128
1990-01-08,1820.932
1990-01-09,1824.315
1990-01-10,1765.118
1990-01-11,1666.55
1990-01-12,1515.649
1990-01-13,1469.19
1990-01-14,1656.347
1990-01-15,1888.331
1990-01-16,2153.588
1990-01-17,2262.801
1990-01-18,2053.941
1990-01-19,1770.735
1990-01-20,1599.526
1990-01-21,1483.953
1990-01-22,1325.57
1990-01-23,1187.092
1990-01-24,1097.827
1990-01-25,1051.287
1990-01-26,1057.882
1990-01-27,1069.24
1990-01-28,1030.313
1990-01-29,984.602
1990-01-30,940.722
1990-01-31,937.676
1990-02-01,1065.929
1990-02-02,1161.299
1990-02-03,1064.903
1990-02-04,946.311
1990-02-05,902.102
1990-02-06,905.355
1990-02-07,924.625
1990-02-08,899.839
1990-02-09,899.164
1990-02-10,875.208
1990-02-11,813.674
1990-02-12,801.318
1990-02-13,851.668
1990-02-14,909.255
1990-02-15,1067.1
1990-02-16,1174.672
1990-02-17,1151.283
1990-02-18,1097.634
1990-02-19,1166.876
1990-02-20,1269.4
1990-02-21,1443.433
1990-02-22,1685.887
1990-02-23,1629.735
1990-02-24,1476.3
1990-02-25,1318.267
1990-02-26,1238.083
1990-02-27,1296.127
1990-02-28,1374.772
1990-03-01,1483.087
1990-03-02,1709.524
1990-03-03,1887.925
1990-03-04,1776.74
1990-03-05,2039.146
1990-03-06,2419.227
1990-03-07,2326.984
1990-03-08,2195.467
1990-03-09,2156.375
1990-03-10,2139.793
1990-03-11,2056.039
1990-03-12,2066.575
1990-03-13,2094.915
1990-03-14,2507.282
1990-03-15,3088.41
1990-03-16,2973.937
1990-03-17,2787.298
1990-03-18,2765.444
1990-03-19,2695.694
1990-03-20,2679.36
1990-03-21,2733.29
1990-03-22,2767.959
1990-03-23,2736.527
1990-03-24,2806.733
1990-03-25,2954.8
1990-03-26,3088.34
1990-03-27,3334.921
1990-03-28,3509.655
1990-03-29,3163.94
1990-03-30,2808.876
1990-03-31,2464.131
1990-04-01,2336.654
1990-04-02,2360.123
1990-04-03,2293.339
1990-04-04,2208.905
1990-04-05,2164.186
1990-04-06,2198.161
1990-04-07,2263.837
1990-04-08,2221.929
1990-04-09,2193.36
1990-04-10,2201.907
1990-04-11,2246.487
1990-04-12,2260.102
1990-04-13,2219.135
1990-04-14,2246.705
1990-04-15,2353.116
1990-04-16,2634.278
1990-04-17,2903.853
1990-04-18,2982.995
1990-04-19,2810.129
1990-04-20,2523.307
1990-04-21,2276.898
1990-04-22,2253.065
1990-04-23,2386.567
1990-04-24,2548.96
1990-04-25,2595.89
1990-04-26,2511.522
1990-04-27,2448.713
1990-04-28,2371.182
1990-04-29,2310.672
1990-04-30,2241.415
1990-05-01,2183.103
1990-05-02,2385.115
1990-05-03,2605.26
1990-05-04,2270.499
1990-05-05,1935.664
1990-05-06,1762.558
1990-05-07,1722.651
1990-05-08,1676.211
1990-05-09,1593.901
1990-05-10,1545.665
1990-05-11,1577.263
1990-05-12,1559.435
1990-05-13,1553.138
1990-05-14,1558.831
1990-05-15,1506.383
1990-05-16,1516.003
1990-05-17,1642.238
1990-05-18,1620.442
1990-05-19,1478.846
1990-05-20,1420.001
1990-05-21,1494.201
1990-05-22,1506.321
1990-05-23,1434.524
1990-05-24,1614.089
1990-05-25,1852.099
1990-05-26,1843.695
1990-05-27,1796.656
1990-05-28,1570.39
1990-05-29,1391.196
1990-05-30,1346.755
1990-05-31,1324.508
1990-06-01,1272.6
1990-06-02,1184.488
1990-06-03,1050.429
1990-06-04,941.632
1990-06-05,887.929
1990-06-06,862.368
1990-06-07,836.311
1990-06-08,811.885
1990-06-09,785.295
1990-06-10,755.323
1990-06-11,732.578
1990-06-12,715.115
1990-06-13,700.686
1990-06-14,693.352
1990-06-15,684.925
1990-06-16,660.72
1990-06-17,630.852
1990-06-18,601.43
1990-06-19,572.49
1990-06-20,549.98
1990-06-21,533.215
1990-06-22,518.749
1990-06-23,505.083
1990-06-24,491.53
1990-06-25,478.954
1990-06-26,467.681
1990-06-27,457.056
1990-06-28,444.594
1990-06-29,431.489
1990-06-30,419.686
1990-07-01,407.178
1990-07-02,395.864
1990-07-03,385.864
1990-07-04,376.791
1990-07-05,368.045
1990-07-06,361.971
1990-07-07,370.854
1990-07-08,372.601
1990-07-09,351.146
1990-07-10,334.922
1990-07-11,323.98
1990-07-12,314.546
1990-07-13,308.51
1990-07-14,305.076
1990-07-15,298.488
1990-07-16,288.577
1990-07-17,279.71
1990-07-18,272.753
1990-07-19,266.873
1990-07-20,261.65
1990-07-21,256.652
1990-07-22,251.161
1990-07-23,245.97
1990-07-24,241.223
1990-07-25,236.841
1990-07-26,233.057
1990-07-27,228.896
1990-07-28,226.866
1990-07-29,226.06
1990-07-30,221.588
1990-07-31,217.005
1990-08-01,212.629
1990-08-02,207.402
1990-08-03,202.93
1990-08-04,199.662
1990-08-05,196.54
1990-08-06,193.613
1990-08-07,190.577
1990-08-08,185.685
1990-08-09,180.957
1990-08-10,178.427
1990-08-11,175.398
1990-08-12,171.875
1990-08-13,168.848
1990-08-14,165.882
1990-08-15,162.827
1990-08-16,160.115
1990-08-17,158.372
1990-08-18,158.672
1990-08-19,161.526
1990-08-20,167.529
1990-08-21,174.424
1990-08-22,188.428
1990-08-23,206.875
1990-08-24,199.4
1990-08-25,185.472
1990-08-26,199.592
1990-08-27,219.322
1990-08-28,207.349
1990-08-29,173.312
1990-08-30,146.275
1990-08-31,142.816
1990-09-01,172.785
1990-09-02,227.46
1990-09-03,274.459
1990-09-04,284.03
1990-09-05,248.434
1990-09-06,210.068
1990-09-07,186.103
1990-09-08,171.258
1990-09-09,153.0
1990-09-10,136.688
1990-09-11,130.714
1990-09-12,145.495
1990-09-13,190.842
1990-09-14,261.332
1990-09-15,339.142
1990-09-16,395.74
1990-09-17,389.948
1990-09-18,330.471
1990-09-19,235.012
1990-09-20,167.508
1990-09-21,144.205
1990-09-22,147.49
1990-09-23,192.802
1990-09-24,265.101
1990-09-25,319.843
1990-09-26,334.943
1990-09-27,294.479
1990-09-28,234.989
1990-09-29,203.22
1990-09-30,225.329
1990-10-01,327.544
1990-10-02,488.402
1990-10-03,693.554
1990-10-04,851.667
1990-10-05,806.044
1990-10-06,652.34
1990-10-07,537.748
1990-10-08,457.705
1990-10-09,433.24
1990-10-10,492.701
1990-10-11,656.603
1990-10-12,851.656
1990-10-13,960.965
1990-10-14,901.147
1990-10-15,776.326
1990-10-16,696.078
1990-10-17,574.273
1990-10-18,429.1
1990-10-19,345.528
1990-10-20,323.368
1990-10-21,311.683
1990-10-22,292.839
1990-10-23,290.9
1990-10-24,304.498
1990-10-25,340.512
1990-10-26,353.252
1990-10-27,381.127
1990-10-28,441.325
1990-10-29,533.375
1990-10-30,636.149
1990-10-31,787.533
1990-11-01,963.062
1990-11-02,1153.715
1990-11-03,1328.542
1990-11-04,1333.263
1990-11-05,1138.071
1990-11-06,956.269
1990-11-07,898.94
1990-11-08,830.63
1990-11-09,808.175
1990-11-10,945.012
1990-11-11,1172.648
1990-11-12,1336.402
1990-11-13,1353.329
1990-11-14,1268.888
1990-11-15,1273.262
1990-11-16,1356.772
1990-11-17,1381.481
1990-11-18,1523.154
1990-11-19,1647.375
1990-11-20,1596.495
1990-11-21,1455.483
1990-11-22,1403.197
1990-11-23,1430.759
1990-11-24,1408.131
1990-11-25,1277.247
1990-11-26,1086.909
1990-11-27,974.895
1990-11-28,963.079
1990-11-29,1041.646
1990-11-30,1103.962
1990-12-01,1127.842
1990-12-02,1212.42
1990-12-03,1345.049
1990-12-04,1388.344
1990-12-05,1304.427
1990-12-06,1212.986
1990-12-07,1178.804
1990-12-08,1053.935
1990-12-09,961.743
1990-12-10,996.905
1990-12-11,1052.707
1990-12-12,1024.298
1990-12-13,1047.189
1990-12-14,1205.935
1990-12-15,1342.445
1990-12-16,1338.745
1990-12-17,1381.65
1990-12-18,1424.05
1990-12-19,1445.794
1990-12-20,1582.861
1990-12-21,1682.813
1990-12-22,1458.492
1990-12-23,1315.893
1990-12-24,1709.675
1990-12-25,2220.328
1990-12-26,2078.235
1990-12-27,1858.357
1990-12-28,1651.807
1990-12-29,1394.646
1990-12-30,1205.998
1990-12-31,1129.704
1991-01-01,1193.025
1991-01-02,1322.814
1991-01-03,1417.239
1991-01-04,1378.833
1991-01-05,1235.728
1991-01-06,1055.042
1991-01-07,946.5
1991-01-08,946.969
1991-01-09,951.571
1991-01-10,938.292
1991-01-11,949.216
1991-01-12,1004.068
1991-01-13,1209.215
1991-01-14,1356.141
1991-01-15,1151.011
1991-01-16,1009.729
1991-01-17,967.245
1991-01-18,898.48
1991-01-19,907.7
1991-01-20,977.051
1991-01-21,1034.717
1991-01-22,1093.34
1991-01-23,1088.482
1991-01-24,1013.192
1991-01-25,972.33
1991-01-26,1365.766
1991-01-27,1825.637
1991-01-28,1521.95
1991-01-29,1129.458
1991-01-30,897.172
1991-01-31,785.709
1991-02-01,774.04
1991-02-02,790.542
1991-02-03,791.569
1991-02-04,768.883
1991-02-05,728.71
1991-02-06,709.212
1991-02-07,778.484
1991-02-08,932.527
1991-02-09,1024.083
1991-02-10,1086.687
1991-02-11,1210.826
1991-02-12,1345.155
1991-02-13,1427.449
1991-02-14,1433.971
1991-02-15,1418.0
1991-02-16,1377.016
1991-02-17,1301.552
1991-02-18,1242.696
1991-02-19,1135.533
1991-02-20,1051.112
1991-02-21,1075.344
1991-02-22,1101.5
1991-02-23,1396.828
1991-02-24,1934.433
1991-02-25,1819.685
1991-02-26,1236.056
1991-02-27,928.491
1991-02-28,876.591
1991-03-01,881.085
1991-03-02,893.846
1991-03-03,863.518
1991-03-04,827.035
1991-03-05,779.705
1991-03-06,754.178
1991-03-07,781.081
1991-03-08,873.188
1991-03-09,911.642
1991-03-10,985.013
1991-03-11,1057.695
1991-03-12,1043.962
1991-03-13,1014.798
1991-03-14,1113.033
1991-03-15,1192.922
1991-03-16,1153.202
1991-03-17,992.402
1991-03-18,993.084
1991-03-19,1154.623
1991-03-20,1231.287
1991-03-21,1390.055
1991-03-22,1611.68
1991-03-23,1304.93
1991-03-24,982.118
1991-03-25,815.875
1991-03-26,810.533
1991-03-27,912.07
1991-03-28,1006.626
1991-03-29,1017.404
1991-03-30,950.34
1991-03-31,880.444
1991-04-01,831.86
1991-04-02,814.335
1991-04-03,830.282
1991-04-04,797.4
1991-04-05,766.345
1991-04-06,762.718
1991-04-07,844.452
1991-04-08,984.912
1991-04-09,1110.092
1991-04-10,1271.78
1991-04-11,1386.464
1991-04-12,1412.102
1991-04-13,1441.794
1991-04-14,1541.475
1991-04-15,1566.753
1991-04-16,1493.762
1991-04-17,1463.272
1991-04-18,1428.016
1991-04-19,1322.737
1991-04-20,1359.72
1991-04-21,1470.129
1991-04-22,1553.468
1991-04-23,1744.721
1991-04-24,2002.505
1991-04-25,1758.529
1991-04-26,1528.879
1991-04-27,1472.177
1991-04-28,1505.929
1991-04-29,1531.803
1991-04-30,1504.103
1991-05-01,1484.097
1991-05-02,1582.246
1991-05-03,1731.22
1991-05-04,1804.73
1991-05-05,1848.916
1991-05-06,1931.465
1991-05-07,2084.284
1991-05-08,2200.328
1991-05-09,2149.474
1991-05-10,1913.59
1991-05-11,1763.482
1991-05-12,1785.786
1991-05-13,1783.363
1991-05-14,1747.126
1991-05-15,1753.324
1991-05-16,1805.865
1991-05-17,1819.273
1991-05-18,1828.558
1991-05-19,1814.907
1991-05-20,1651.473
1991-05-21,1491.726
1991-05-22,1403.376
1991-05-23,1384.527
1991-05-24,1363.706
1991-05-25,1358.007
1991-05-26,1398.347
1991-05-27,1466.195
1991-05-28,1560.824
1991-05-29,1680.441
1991-05-30,1728.208
1991-05-31,1668.274
1991-06-01,1587.737
1991-06-02,1600.904
1991-06-03,1666.42
1991-06-04,1665.994
1991-06-05,1683.505
1991-06-06,1754.968
1991-06-07,1792.955
1991-06-08,1829.48
1991-06-09,1994.02
1991-06-10,2130.598
1991-06-11,2258.923
1991-06-12,2397.88
1991-06-13,2286.47
1991-06-14,2164.349
1991-06-15,2000.343
1991-06-16,1778.47
1991-06-17,1581.058
1991-06-18,1474.43
1991-06-19,1374.472
1991-06-20,1336.175
1991-06-21,1414.163
1991-06-22,1499.655
1991-06-23,1565.298
1991-06-24,1465.873
1991-06-25,1203.512
1991-06-26,997.388
1991-06-27,930.319
1991-06-28,938.619
1991-06-29,995.997
1991-06-30,1140.708
1991-07-01,1244.098
1991-07-02,1200.982
1991-07-03,1115.369
1991-07-04,1002.898
1991-07-05,875.67
1991-07-06,755.489
1991-07-07,672.307
1991-07-08,635.618
1991-07-09,617.991
1991-07-10,603.457
1991-07-11,588.482
1991-07-12,575.495
1991-07-13,564.046
1991-07-14,553.542
1991-07-15,549.86
1991-07-16,550.426
1991-07-17,552.008
1991-07-18,547.915
1991-07-19,529.163
1991-07-20,540.265
1991-07-21,583.038
1991-07-22,609.56
1991-07-23,649.291
1991-07-24,646.333
1991-07-25,564.979
1991-07-26,480.342
1991-07-27,440.818
1991-07-28,426.405
1991-07-29,415.687
1991-07-30,403.059
1991-07-31,398.654
1991-08-01,405.812
1991-08-02,409.241
1991-08-03,392.846
1991-08-04,367.385
1991-08-05,348.134
1991-08-06,337.8
1991-08-07,332.462
1991-08-08,333.256
1991-08-09,346.015
1991-08-10,373.317
1991-08-11,443.622
1991-08-12,501.965
1991-08-13,498.022
1991-08-14,453.014
1991-08-15,380.362
1991-08-16,335.128
1991-08-17,365.347
1991-08-18,435.622
1991-08-19,487.145
1991-08-20,509.439
1991-08-21,503.389
1991-08-22,475.853
1991-08-23,414.402
1991-08-24,372.648
1991-08-25,339.835
1991-08-26,319.258
1991-08-27,317.706
1991-08-28,314.982
1991-08-29,303.07
1991-08-30,275.21
1991-08-31,252.883
1991-09-01,253.16
1991-09-02,281.103
1991-09-03,303.848
1991-09-04,310.19
1991-09-05,330.913
1991-09-06,347.037
1991-09-07,326.525
1991-09-08,276.139
1991-09-09,246.473
1991-09-10,229.822
1991-09-11,220.966
1991-09-12,223.815
1991-09-13,234.938
1991-09-14,260.648
1991-09-15,274.312
1991-09-16,265.511
1991-09-17,239.2
1991-09-18,210.56
1991-09-19,208.691
1991-09-20,266.676
1991-09-21,375.706
1991-09-22,500.228
1991-09-23,597.778
1991-09-24,563.1
1991-09-25,434.705
1991-09-26,356.2
1991-09-27,298.654
1991-09-28,228.773
1991-09-29,186.916
1991-09-30,174.994
1991-10-01,179.132
1991-10-02,204.651
1991-10-03,247.547
1991-10-04,278.413
1991-10-05,275.985
1991-10-06,229.54
1991-10-07,183.378
1991-10-08,168.087
1991-10-09,162.953
1991-10-10,168.984
1991-10-11,193.463
1991-10-12,201.711
1991-10-13,218.118
1991-10-14,252.958
1991-10-15,321.37
1991-10-16,484.63
1991-10-17,702.138
1991-10-18,804.984
1991-10-19,833.323
1991-10-20,899.95
1991-10-21,813.405
1991-10-22,750.949
1991-10-23,754.412
1991-10-24,1143.778
1991-10-25,1569.632
1991-10-26,1428.756
1991-10-27,1278.344
1991-10-28,1279.856
1991-10-29,1196.858
1991-10-30,1116.692
1991-10-31,1101.528
1991-11-01,1216.97
1991-11-02,1398.617
1991-11-03,1486.748
1991-11-04,1432.605
1991-11-05,1279.373
1991-11-06,1201.277
1991-11-07,1238.878
1991-11-08,1262.36
1991-11-09,1169.647
1991-11-10,1068.255
1991-11-11,1020.678
1991-11-12,971.244
1991-11-13,869.255
1991-11-14,824.495
1991-11-15,855.512
1991-11-16,882.142
1991-11-17,820.952
1991-11-18,741.651
1991-11-19,675.115
1991-11-20,615.304
1991-11-21,610.672
1991-11-22,678.519
1991-11-23,795.538
1991-11-24,911.598
1991-11-25,1008.189
1991-11-26,1032.36
1991-11-27,1033.181
1991-11-28,1001.866
1991-11-29,973.739
1991-11-30,961.367
1991-12-01,876.187
1991-12-02,814.384
1991-12-03,863.206
1991-12-04,982.068
1991-12-05,1085.168
1991-12-06,1136.216
1991-12-07,1153.377
1991-12-08,1052.083
1991-12-09,974.27
1991-12-10,917.941
1991-12-11,880.971
1991-12-12,909.363
1991-12-13,940.017
1991-12-14,904.935
1991-12-15,887.723
1991-12-16,921.613
1991-12-17,988.797
1991-12-18,943.534
1991-12-19,846.514
1991-12-20,780.002
1991-12-21,743.259
1991-12-22,774.412
1991-12-23,819.273
1991-12-24,785.202
1991-12-25,734.542
1991-12-26,797.577
1991-12-27,929.296
1991-12-28,1040.369
1991-12-29,1089.78
1991-12-30,1074.777
1991-12-31,1083.845
1992-01-01,1123.822
1992-01-02,1120.765
1992-01-03,1134.886
1992-01-04,1216.562
1992-01-05,1296.25
1992-01-06,1295.183
1992-01-07,1340.115
1992-01-08,1451.834
1992-01-09,1477.436
1992-01-10,1456.815
1992-01-11,1342.044
1992-01-12,1167.135
1992-01-13,1039.776
1992-01-14,947.399
1992-01-15,947.886
1992-01-16,1041.393
1992-01-17,1142.354
1992-01-18,1136.751
1992-01-19,1084.565
1992-01-20,1138.954
1992-01-21,1246.792
1992-01-22,1223.24
1992-01-23,1186.984
1992-01-24,1262.915
1992-01-25,1187.071
1992-01-26,987.115
1992-01-27,847.09
1992-01-28,762.955
1992-01-29,716.963
1992-01-30,694.72
1992-01-31,697.98
1992-02-01,724.065
1992-02-02,757.596
1992-02-03,729.323
1992-02-04,653.018
1992-02-05,611.953
1992-02-06,622.235
1992-02-07,667.235
1992-02-08,689.131
1992-02-09,735.075
1992-02-10,878.093
1992-02-11,971.735
1992-02-12,867.44
1992-02-13,693.086
1992-02-14,620.073
1992-02-15,629.77
1992-02-16,627.447
1992-02-17,706.166
1992-02-18,947.801
1992-02-19,1126.394
1992-02-20,958.796
1992-02-21,781.247
1992-02-22,727.529
1992-02-23,761.528
1992-02-24,816.209
1992-02-25,948.145
1992-02-26,1311.778
1992-02-27,1522.8
1992-02-28,1282.458
1992-02-29,1088.738
1992-03-01,1102.513
1992-03-02,1305.27
1992-03-03,1914.144
1992-03-04,2056.222
1992-03-05,1538.16
1992-03-06,1281.462
1992-03-07,1200.388
1992-03-08,1143.544
1992-03-09,1135.856
1992-03-10,1153.464
1992-03-11,1209.548
1992-03-12,1241.826
1992-03-13,1180.903
1992-03-14,1097.099
1992-03-15,1072.651
1992-03-16,1159.415
1992-03-17,1258.467
1992-03-18,1314.462
1992-03-19,1290.078
1992-03-20,1221.913
1992-03-21,1188.979
1992-03-22,1122.001
1992-03-23,968.966
1992-03-24,831.418
1992-03-25,709.586
1992-03-26,620.364
1992-03-27,574.782
1992-03-28,555.343
1992-03-29,538.572
1992-03-30,551.459
1992-03-31,638.876
1992-04-01,952.111
1992-04-02,1208.297
1992-04-03,934.145
1992-04-04,715.725
1992-04-05,672.415
1992-04-06,674.103
1992-04-07,721.66
1992-04-08,826.935
1992-04-09,863.562
1992-04-10,775.096
1992-04-11,724.64
1992-04-12,744.588
1992-04-13,912.517
1992-04-14,1122.323
1992-04-15,1216.599
1992-04-16,1100.632
1992-04-17,1054.276
1992-04-18,1073.695
1992-04-19,1115.455
1992-04-20,1227.432
1992-04-21,1667.325
1992-04-22,2120.343
1992-04-23,1721.635
1992-04-24,1318.671
1992-04-25,1299.916
1992-04-26,1381.922
1992-04-27,1233.791
1992-04-28,1052.02
1992-04-29,951.048
1992-04-30,868.01
1992-05-01,786.475
1992-05-02,777.878
1992-05-03,899.51
1992-05-04,1165.703
1992-05-05,1361.097
1992-05-06,1565.158
1992-05-07,1792.684
1992-05-08,1895.564
1992-05-09,1922.22
1992-05-10,1819.214
1992-05-11,1662.615
1992-05-12,1667.553
1992-05-13,1902.765
1992-05-14,2090.342
1992-05-15,2070.031
1992-05-16,2024.99
1992-05-17,2014.057
1992-05-18,1965.347
1992-05-19,1817.398
1992-05-20,1600.392
1992-05-21,1393.818
1992-05-22,1265.872
1992-05-23,1189.97
1992-05-24,1121.866
1992-05-25,1099.45
1992-05-26,1133.545
1992-05-27,1172.551
1992-05-28,1196.519
1992-05-29,1154.865
1992-05-30,1065.74
1992-05-31,1019.044
1992-06-01,955.608
1992-06-02,847.112
1992-06-03,734.979
1992-06-04,668.044
1992-06-05,640.613
1992-06-06,634.783
1992-06-07,668.793
1992-06-08,739.103
1992-06-09,789.874
1992-06-10,766.04
1992-06-11,663.377
1992-06-12,550.695
1992-06-13,498.813
1992-06-14,495.449
1992-06-15,516.076
1992-06-16,524.876
1992-06-17,483.525
1992-06-18,436.056
1992-06-19,413.737
1992-06-20,411.745
1992-06-21,419.891
1992-06-22,438.33
1992-06-23,443.772
1992-06-24,420.037
1992-06-25,400.181
1992-06-26,396.653
1992-06-27,423.15
1992-06-28,492.802
1992-06-29,543.655
1992-06-30,577.778
1992-07-01,612.394
1992-07-02,645.314
1992-07-03,644.448
1992-07-04,552.0
1992-07-05,497.247
1992-07-06,524.56
1992-07-07,565.872
1992-07-08,625.027
1992-07-09,650.458
1992-07-10,662.06
1992-07-11,732.637
1992-07-12,829.215
1992-07-13,901.137
1992-07-14,789.531
1992-07-15,562.251
1992-07-16,447.95
1992-07-17,438.103
1992-07-18,436.426
1992-07-19,416.733
1992-07-20,365.573
1992-07-21,308.852
1992-07-22,280.289
1992-07-23,270.205
1992-07-24,265.214
1992-07-25,258.843
1992-07-26,250.647
1992-07-27,245.503
1992-07-28,242.416
1992-07-29,237.193
1992-07-30,230.282
1992-07-31,223.108
1992-08-01,215.987
1992-08-02,209.747
1992-08-03,204.888
1992-08-04,201.534
1992-08-05,198.603
1992-08-06,194.379
1992-08-07,191.925
1992-08-08,195.91
1992-08-09,203.145
1992-08-10,200.148
1992-08-11,186.032
1992-08-12,175.88
1992-08-13,172.896
1992-08-14,170.976
1992-08-15,166.558
1992-08-16,163.796
1992-08-17,158.856
1992-08-18,152.571
1992-08-19,149.205
1992-08-20,158.151
1992-08-21,166.416
1992-08-22,161.9
1992-08-23,174.082
1992-08-24,194.418
1992-08-25,187.488
1992-08-26,157.288
1992-08-27,135.795
1992-08-28,127.85
1992-08-29,124.964
1992-08-30,123.237
1992-08-31,121.598
1992-09-01,120.071
1992-09-02,118.74
1992-09-03,117.837
1992-09-04,115.842
1992-09-05,113.84
1992-09-06,113.995
1992-09-07,113.187
1992-09-08,112.264
1992-09-09,113.216
1992-09-10,119.3
1992-09-11,123.999
1992-09-12,118.23
1992-09-13,114.435
1992-09-14,130.085
1992-09-15,143.937
1992-09-16,139.049
1992-09-17,152.158
1992-09-18,171.214
1992-09-19,186.572
1992-09-20,174.677
1992-09-21,137.69
1992-09-22,131.275
1992-09-23,166.46
1992-09-24,241.198
1992-09-25,338.631
1992-09-26,416.469
1992-09-27,425.53
1992-09-28,346.355
1992-09-29,239.246
1992-09-30,162.85
1992-10-01,120.088
1992-10-02,101.4
1992-10-03,96.176
1992-10-04,97.755
1992-10-05,103.863
1992-10-06,115.557
1992-10-07,152.494
1992-10-08,185.993
1992-10-09,185.166
1992-10-10,189.998
1992-10-11,235.005
1992-10-12,266.932
1992-10-13,240.51
1992-10-14,190.455
1992-10-15,183.553
1992-10-16,245.52
1992-10-17,324.672
1992-10-18,390.15
1992-10-19,470.694
1992-10-20,523.654
1992-10-21,516.423
1992-10-22,495.311
1992-10-23,452.43
1992-10-24,418.091
1992-10-25,475.54
1992-10-26,622.531
1992-10-27,1054.67
1992-10-28,1442.783
1992-10-29,1267.324
1992-10-30,1239.304
1992-10-31,1430.233
1992-11-01,1490.749
1992-11-02,1694.061
1992-11-03,2288.459
1992-11-04,2355.94
1992-11-05,1815.998
1992-11-06,1748.758
1992-11-07,1951.555
1992-11-08,1745.83
1992-11-09,1486.232
1992-11-10,1164.165
1992-11-11,840.463
1992-11-12,703.373
1992-11-13,714.729
1992-11-14,741.133
1992-11-15,725.683
1992-11-16,744.378
1992-11-17,890.496
1992-11-18,1130.78
1992-11-19,1334.379
1992-11-20,1460.41
1992-11-21,1341.76
1992-11-22,966.272
1992-11-23,734.2
1992-11-24,659.141
1992-11-25,648.769
1992-11-26,736.33
1992-11-27,913.031
1992-11-28,1057.33
1992-11-29,1092.622
1992-11-30,1005.918
1992-12-01,993.955
1992-12-02,1094.869
1992-12-03,1581.745
1992-12-04,1958.775
1992-12-05,1610.475
1992-12-06,1353.537
1992-12-07,1211.929
1992-12-08,1034.121
1992-12-09,946.069
1992-12-10,889.568
1992-12-11,804.239
1992-12-12,737.17
1992-12-13,732.207
1992-12-14,791.402
1992-12-15,947.917
1992-12-16,1079.902
1992-12-17,1074.608
1992-12-18,1110.021
1992-12-19,1174.097
1992-12-20,1175.632
1992-12-21,1140.908
1992-12-22,1057.055
1992-12-23,951.99
1992-12-24,934.961
1992-12-25,962.965
1992-12-26,980.084
1992-12-27,979.536
1992-12-28,1047.89
1992-12-29,1165.367
1992-12-30,1235.287
1992-12-31,1215.291
1993-01-01,1173.091
1993-01-02,1370.202
1993-01-03,1623.205
1993-01-04,1517.109
1993-01-05,1181.831
1993-01-06,1000.068
1993-01-07,955.445
1993-01-08,840.264
1993-01-09,761.065
1993-01-10,749.462
1993-01-11,768.818
1993-01-12,861.01
1993-01-13,1093.265
1993-01-14,1196.274
1993-01-15,988.374
1993-01-16,799.551
1993-01-17,742.717
1993-01-18,765.476
1993-01-19,744.322
1993-01-20,695.379
1993-01-21,767.825
1993-01-22,937.225
1993-01-23,1125.487
1993-01-24,1229.73
1993-01-25,1211.282
1993-01-26,1166.658
1993-01-27,1147.79
1993-01-28,1114.923
1993-01-29,1155.719
1993-01-30,1221.938
1993-01-31,1467.955
1993-02-01,1788.818
1993-02-02,1757.585
1993-02-03,1487.225
1993-02-04,1318.155
1993-02-05,1229.087
1993-02-06,1122.103
1993-02-07,989.09
1993-02-08,911.947
1993-02-09,909.589
1993-02-10,980.212
1993-02-11,1077.512
1993-02-12,1029.746
1993-02-13,871.342
1993-02-14,772.028
1993-02-15,878.305
1993-02-16,1041.078
1993-02-17,966.56
1993-02-18,985.67
1993-02-19,1050.686
1993-02-20,1016.815
1993-02-21,939.233
1993-02-22,866.458
1993-02-23,828.837
1993-02-24,788.174
1993-02-25,722.815
1993-02-26,649.262
1993-02-27,627.737
1993-02-28,676.996
1993-03-01,793.189
1993-03-02,873.898
1993-03-03,827.436
1993-03-04,687.726
1993-03-05,575.241
1993-03-06,617.622
1993-03-07,768.559
1993-03-08,1113.485
1993-03-09,1439.494
1993-03-10,1195.12
1993-03-11,977.715
1993-03-12,880.294
1993-03-13,797.864
1993-03-14,1041.864
1993-03-15,1334.735
1993-03-16,1141.752
1993-03-17,913.239
1993-03-18,760.402
1993-03-19,668.402
1993-03-20,726.672
1993-03-21,857.473
1993-03-22,876.059
1993-03-23,913.23
1993-03-24,1059.948
1993-03-25,1202.091
1993-03-26,1166.689
1993-03-27,966.737
1993-03-28,758.136
1993-03-29,670.022
1993-03-30,658.74
1993-03-31,665.189
1993-04-01,701.532
1993-04-02,810.055
1993-04-03,926.038
1993-04-04,1332.155
1993-04-05,1682.037
1993-04-06,1340.453
1993-04-07,1057.428
1993-04-08,922.987
1993-04-09,833.142
1993-04-10,742.384
1993-04-11,682.879
1993-04-12,691.044
1993-04-13,742.063
1993-04-14,775.194
1993-04-15,742.196
1993-04-16,707.222
1993-04-17,706.151
1993-04-18,741.968
1993-04-19,765.828
1993-04-20,726.233
1993-04-21,727.619
1993-04-22,776.96
1993-04-23,815.279
1993-04-24,854.014
1993-04-25,883.642
1993-04-26,856.132
1993-04-27,794.185
1993-04-28,785.184
1993-04-29,861.549
1993-04-30,993.703
1993-05-01,1057.86
1993-05-02,1167.061
1993-05-03,1404.622
1993-05-04,1402.915
1993-05-05,1253.796
1993-05-06,1153.165
1993-05-07,1125.867
1993-05-08,1113.714
1993-05-09,1204.682
1993-05-10,1448.098
1993-05-11,1732.734
1993-05-12,1744.472
1993-05-13,1577.457
1993-05-14,1565.369
1993-05-15,1721.576
1993-05-16,1817.349
1993-05-17,1736.471
1993-05-18,1597.771
1993-05-19,1605.1
1993-05-20,1586.778
1993-05-21,1571.047
1993-05-22,1618.015
1993-05-23,1614.527
1993-05-24,1571.703
1993-05-25,1567.671
1993-05-26,1664.367
1993-05-27,1774.571
1993-05-28,1707.645
1993-05-29,1539.939
1993-05-30,1424.454
1993-05-31,1401.834
1993-06-01,1483.576
1993-06-02,1557.917
1993-06-03,1421.952
1993-06-04,1195.364
1993-06-05,1024.854
1993-06-06,968.838
1993-06-07,971.13
1993-06-08,946.895
1993-06-09,869.322
1993-06-10,805.651
1993-06-11,752.58
1993-06-12,705.675
1993-06-13,670.094
1993-06-14,635.235
1993-06-15,623.171
1993-06-16,614.592
1993-06-17,638.016
1993-06-18,715.527
1993-06-19,763.573
1993-06-20,737.26
1993-06-21,666.785
1993-06-22,589.504
1993-06-23,548.258
1993-06-24,591.758
1993-06-25,622.625
1993-06-26,682.771
1993-06-27,795.277
1993-06-28,777.721
1993-06-29,643.229
1993-06-30,520.303
1993-07-01,437.862
1993-07-02,388.772
1993-07-03,367.805
1993-07-04,361.746
1993-07-05,356.316
1993-07-06,344.018
1993-07-07,328.365
1993-07-08,319.042
1993-07-09,330.055
1993-07-10,345.447
1993-07-11,336.31
1993-07-12,311.004
1993-07-13,286.555
1993-07-14,272.284
1993-07-15,264.248
1993-07-16,257.976
1993-07-17,251.93
1993-07-18,245.977
1993-07-19,240.197
1993-07-20,234.593
1993-07-21,229.565
1993-07-22,226.449
1993-07-23,225.97
1993-07-24,221.953
1993-07-25,215.018
1993-07-26,212.99
1993-07-27,215.096
1993-07-28,210.195
1993-07-29,198.03
1993-07-30,188.746
1993-07-31,183.39
1993-08-01,179.689
1993-08-02,176.7
1993-08-03,173.243
1993-08-04,168.934
1993-08-05,165.003
1993-08-06,162.289
1993-08-07,159.353
1993-08-08,156.114
1993-08-09,153.578
1993-08-10,151.804
1993-08-11,153.414
1993-08-12,155.741
1993-08-13,155.515
1993-08-14,152.25
1993-08-15,153.735
1993-08-16,154.072
1993-08-17,148.073
1993-08-18,143.073
1993-08-19,159.751
1993-08-20,213.968
1993-08-21,280.993
1993-08-22,307.36
1993-08-23,295.955
1993-08-24,283.913
1993-08-25,275.666
1993-08-26,258.513
1993-08-27,229.947
1993-08-28,197.015
1993-08-29,164.73
1993-08-30,144.502
1993-08-31,128.507
1993-09-01,118.488
1993-09-02,114.785
1993-09-03,118.483
1993-09-04,147.793
1993-09-05,187.826
1993-09-06,208.945
1993-09-07,218.179
1993-09-08,215.886
1993-09-09,187.876
1993-09-10,174.345
1993-09-11,185.285
1993-09-12,176.901
1993-09-13,158.252
1993-09-14,152.37
1993-09-15,143.593
1993-09-16,137.323
1993-09-17,154.308
1993-09-18,184.036
1993-09-19,214.911
1993-09-20,237.682
1993-09-21,249.105
1993-09-22,302.225
1993-09-23,345.282
1993-09-24,294.782
1993-09-25,230.336
1993-09-26,201.819
1993-09-27,170.794
1993-09-28,135.218
1993-09-29,118.043
1993-09-30,114.576
1993-10-01,111.323
1993-10-02,105.845
1993-10-03,100.97
1993-10-04,98.852
1993-10-05,97.805
1993-10-06,99.285
1993-10-07,109.85
1993-10-08,119.559
1993-10-09,133.164
1993-10-10,135.79
1993-10-11,125.21
1993-10-12,111.947
1993-10-13,113.354
1993-10-14,346.832
1993-10-15,609.755
1993-10-16,445.036
1993-10-17,285.811
1993-10-18,235.472
1993-10-19,223.982
1993-10-20,197.138
1993-10-21,167.702
1993-10-22,161.316
1993-10-23,163.402
1993-10-24,190.404
1993-10-25,167.506
1993-10-26,129.358
1993-10-27,126.829
1993-10-28,149.915
1993-10-29,170.002
1993-10-30,206.244
1993-10-31,254.96
1993-11-01,314.011
1993-11-02,323.323
1993-11-03,261.739
1993-11-04,215.937
1993-11-05,243.802
1993-11-06,261.886
1993-11-07,271.35
1993-11-08,288.015
1993-11-09,342.098
1993-11-10,395.636
1993-11-11,449.282
1993-11-12,495.788
1993-11-13,525.091
1993-11-14,580.361
1993-11-15,783.397
1993-11-16,955.946
1993-11-17,965.591
1993-11-18,920.239
1993-11-19,940.059
1993-11-20,1017.095
1993-11-21,1074.612
1993-11-22,1119.287
1993-11-23,1148.912
1993-11-24,1360.298
1993-11-25,1541.31
1993-11-26,1225.871
1993-11-27,835.299
1993-11-28,657.716
1993-11-29,644.415
1993-11-30,660.854
1993-12-01,643.515
1993-12-02,656.896
1993-12-03,671.496
1993-12-04,617.397
1993-12-05,617.387
1993-12-06,589.14
1993-12-07,549.219
1993-12-08,544.687
1993-12-09,583.487
1993-12-10,657.604
1993-12-11,730.037
1993-12-12,746.352
1993-12-13,795.962
1993-12-14,874.093
1993-12-15,962.267
1993-12-16,1092.406
1993-12-17,1109.128
1993-12-18,1035.764
1993-12-19,1075.403
1993-12-20,1138.324
1993-12-21,1078.736
1993-12-22,931.139
1993-12-23,819.444
1993-12-24,784.235
1993-12-25,723.126
1993-12-26,666.997
1993-12-27,683.262
1993-12-28,759.993
1993-12-29,817.162
1993-12-30,847.441
1993-12-31,895.198
1994-01-01,902.178
1994-01-02,842.368
1994-01-03,706.315
1994-01-04,571.011
1994-01-05,494.055
1994-01-06,459.91
1994-01-07,465.867
1994-01-08,504.753
1994-01-09,551.259
1994-01-10,574.196
1994-01-11,579.388
1994-01-12,546.944
1994-01-13,468.923
1994-01-14,443.507
1994-01-15,445.158
1994-01-16,502.99
1994-01-17,553.274
1994-01-18,593.054
1994-01-19,665.479
1994-01-20,751.08
1994-01-21,863.101
1994-01-22,997.773
1994-01-23,1180.336
1994-01-24,1294.069
1994-01-25,1102.638
1994-01-26,832.988
1994-01-27,639.466
1994-01-28,514.456
1994-01-29,499.292
1994-01-30,577.494
1994-01-31,660.635
1994-02-01,672.93
1994-02-02,592.011
1994-02-03,508.322
1994-02-04,481.12
1994-02-05,503.238
1994-02-06,574.02
1994-02-07,672.011
1994-02-08,763.208
1994-02-09,821.55
1994-02-10,842.556
1994-02-11,841.657
1994-02-12,808.262
1994-02-13,705.208
1994-02-14,604.998
1994-02-15,599.643
1994-02-16,642.384
1994-02-17,668.179
1994-02-18,703.918
1994-02-19,769.89
1994-02-20,930.059
1994-02-21,1048.426
1994-02-22,1029.21
1994-02-23,915.388
1994-02-24,790.978
1994-02-25,806.171
1994-02-26,924.746
1994-02-27,1069.788
1994-02-28,1047.647
1994-03-01,904.555
1994-03-02,816.252
1994-03-03,768.89
1994-03-04,798.998
1994-03-05,895.926
1994-03-06,1019.664
1994-03-07,1150.23
1994-03-08,1373.797
1994-03-09,1376.688
1994-03-10,1321.58
1994-03-11,1305.295
1994-03-12,1274.242
1994-03-13,1207.587
1994-03-14,1176.011
1994-03-15,1187.765
1994-03-16,1256.976
1994-03-17,1346.658
1994-03-18,1469.475
1994-03-19,1713.142
1994-03-20,1983.735
1994-03-21,2028.988
1994-03-22,1746.807
1994-03-23,1484.988
1994-03-24,1423.998
1994-03-25,1484.428
1994-03-26,1628.861
1994-03-27,1633.341
1994-03-28,1431.938
1994-03-29,1258.002
1994-03-30,1513.466
1994-03-31,1860.653
1994-04-01,1673.211
1994-04-02,1650.694
1994-04-03,1626.683
1994-04-04,1379.302
1994-04-05,1344.472
1994-04-06,1378.694
1994-04-07,1311.73
1994-04-08,1503.53
1994-04-09,1684.0
1994-04-10,1544.303
1994-04-11,1390.241
1994-04-12,1273.191
1994-04-13,1125.383
1994-04-14,1013.361
1994-04-15,937.197
1994-04-16,898.016
1994-04-17,891.315
1994-04-18,889.275
1994-04-19,915.436
1994-04-20,947.048
1994-04-21,983.016
1994-04-22,1047.885
1994-04-23,1159.862
1994-04-24,1271.804
1994-04-25,1374.394
1994-04-26,1361.957
1994-04-27,1341.876
1994-04-28,1407.519
1994-04-29,1516.276
1994-04-30,1559.473
1994-05-01,1480.495
1994-05-02,1315.464
1994-05-03,1215.282
1994-05-04,1259.878
1994-05-05,1379.524
1994-05-06,1393.393
1994-05-07,1399.829
1994-05-08,1384.038
1994-05-09,1379.694
1994-05-10,1388.403
1994-05-11,1355.76
1994-05-12,1302.902
1994-05-13,1214.03
1994-05-14,1135.07
1994-05-15,1118.861
1994-05-16,1194.799
1994-05-17,1384.022
1994-05-18,1544.378
1994-05-19,1705.571
1994-05-20,2020.882
1994-05-21,2122.43
1994-05-22,1807.992
1994-05-23,1466.05
1994-05-24,1206.156
1994-05-25,1038.984
1994-05-26,962.261
1994-05-27,950.145
1994-05-28,969.387
1994-05-29,999.098
1994-05-30,994.996
1994-05-31,959.248
1994-06-01,954.476
1994-06-02,928.84
1994-06-03,863.176
1994-06-04,780.539
1994-06-05,694.108
1994-06-06,637.53
1994-06-07,601.308
1994-06-08,574.696
1994-06-09,570.796
1994-06-10,599.034
1994-06-11,661.014
1994-06-12,782.396
1994-06-13,886.382
1994-06-14,862.321
1994-06-15,769.367
1994-06-16,668.16
1994-06-17,568.961
1994-06-18,481.223
1994-06-19,424.946
1994-06-20,399.643
1994-06-21,395.068
1994-06-22,407.179
1994-06-23,429.922
1994-06-24,465.633
1994-06-25,506.361
1994-06-26,509.956
1994-06-27,482.287
1994-06-28,425.347
1994-06-29,363.241
1994-06-30,334.344
1994-07-01,324.196
1994-07-02,325.475
1994-07-03,356.752
1994-07-04,590.54
1994-07-05,800.806
1994-07-06,583.188
1994-07-07,398.43
1994-07-08,344.557
1994-07-09,312.055
1994-07-10,279.765
1994-07-11,260.891
1994-07-12,252.701
1994-07-13,252.417
1994-07-14,275.71
1994-07-15,311.719
1994-07-16,318.41
1994-07-17,303.717
1994-07-18,282.832
1994-07-19,272.94
1994-07-20,278.714
1994-07-21,276.528
1994-07-22,264.533
1994-07-23,246.026
1994-07-24,221.218
1994-07-25,210.548
1994-07-26,217.447
1994-07-27,222.693
1994-07-28,215.4
1994-07-29,211.34
1994-07-30,225.957
1994-07-31,228.743
1994-08-01,200.148
1994-08-02,179.432
1994-08-03,172.064
1994-08-04,169.199
1994-08-05,166.559
1994-08-06,163.244
1994-08-07,159.815
1994-08-08,156.91
1994-08-09,154.545
1994-08-10,152.175
1994-08-11,149.741
1994-08-12,147.656
1994-08-13,145.153
1994-08-14,142.2
1994-08-15,140.022
1994-08-16,138.908
1994-08-17,138.835
1994-08-18,137.447
1994-08-19,136.275
1994-08-20,136.277
1994-08-21,135.891
1994-08-22,139.946
1994-08-23,145.639
1994-08-24,140.65
1994-08-25,145.21
1994-08-26,178.225
1994-08-27,189.85
1994-08-28,197.738
1994-08-29,191.717
1994-08-30,179.833
1994-08-31,186.246
1994-09-01,195.045
1994-09-02,225.396
1994-09-03,287.809
1994-09-04,324.928
1994-09-05,293.579
1994-09-06,237.579
1994-09-07,197.082
1994-09-08,181.039
1994-09-09,148.759
1994-09-10,130.909
1994-09-11,126.559
1994-09-12,119.694
1994-09-13,116.137
1994-09-14,120.336
1994-09-15,127.27
1994-09-16,126.6
1994-09-17,128.502
1994-09-18,131.385
1994-09-19,125.952
1994-09-20,122.251
1994-09-21,181.378
1994-09-22,236.131
1994-09-23,236.571
1994-09-24,234.999
1994-09-25,196.035
1994-09-26,142.156
1994-09-27,120.188
1994-09-28,145.623
1994-09-29,210.175
1994-09-30,305.905
1994-10-01,377.427
1994-10-02,358.453
1994-10-03,294.978
1994-10-04,244.51
1994-10-05,208.462
1994-10-06,205.518
1994-10-07,201.965
1994-10-08,187.288
1994-10-09,181.062
1994-10-10,187.63
1994-10-11,189.579
1994-10-12,215.6
1994-10-13,287.34
1994-10-14,379.383
1994-10-15,451.772
1994-10-16,510.136
1994-10-17,539.522
1994-10-18,573.376
1994-10-19,634.913
1994-10-20,747.883
1994-10-21,828.723
1994-10-22,736.491
1994-10-23,567.668
1994-10-24,546.82
1994-10-25,656.204
1994-10-26,838.332
1994-10-27,973.493
1994-10-28,1064.878
1994-10-29,1106.804
1994-10-30,997.078
1994-10-31,834.759
1994-11-01,706.01
1994-11-02,642.201
1994-11-03,621.487
1994-11-04,908.191
1994-11-05,1235.761
1994-11-06,1196.779
1994-11-07,1121.208
1994-11-08,1027.505
1994-11-09,918.967
1994-11-10,902.116
1994-11-11,1008.144
1994-11-12,1198.76
1994-11-13,1368.001
1994-11-14,1418.035
1994-11-15,1465.425
1994-11-16,1456.77
1994-11-17,1515.416
1994-11-18,1737.81
1994-11-19,1773.096
1994-11-20,1653.992
1994-11-21,1697.625
1994-11-22,1815.015
1994-11-23,1969.546
1994-11-24,1960.253
1994-11-25,1798.365
1994-11-26,1675.438
1994-11-27,1683.045
1994-11-28,1783.311
1994-11-29,1790.196
1994-11-30,1514.314
1994-12-01,1322.926
1994-12-02,1424.374
1994-12-03,1545.094
1994-12-04,1445.185
1994-12-05,1230.168
1994-12-06,1186.688
1994-12-07,1145.382
1994-12-08,1136.898
1994-12-09,1212.106
1994-12-10,1212.085
1994-12-11,1253.93
1994-12-12,1468.359
1994-12-13,1690.033
1994-12-14,1849.245
1994-12-15,1971.669
1994-12-16,2043.173
1994-12-17,2046.026
1994-12-18,1949.948
1994-12-19,1761.485
1994-12-20,1587.851
1994-12-21,1646.432
1994-12-22,1820.782
1994-12-23,1793.877
1994-12-24,1563.97
1994-12-25,1428.418
1994-12-26,1400.874
1994-12-27,1421.506
1994-12-28,1544.598
1994-12-29,1686.174
1994-12-30,1805.977
1994-12-31,1762.25
1995-01-01,1523.93
1995-01-02,1347.052
1995-01-03,1251.622
1995-01-04,1203.172
1995-01-05,1182.919
1995-01-06,1131.129
1995-01-07,1089.573
1995-01-08,1123.796
1995-01-09,1169.416
1995-01-10,1218.696
1995-01-11,1215.186
1995-01-12,1209.284
1995-01-13,1276.87
1995-01-14,1609.754
1995-01-15,1942.404
1995-01-16,1654.619
1995-01-17,1333.412
1995-01-18,1301.874
1995-01-19,1757.448
1995-01-20,2199.752
1995-01-21,2152.132
1995-01-22,1814.8
1995-01-23,1512.504
1995-01-24,1312.657
1995-01-25,1207.48
1995-01-26,1172.17
1995-01-27,1119.053
1995-01-28,1053.686
1995-01-29,1011.124
1995-01-30,968.19
1995-01-31,904.241
1995-02-01,825.155
1995-02-02,765.481
1995-02-03,771.272
1995-02-04,818.438
1995-02-05,823.969
1995-02-06,902.047
1995-02-07,1275.68
1995-02-08,1683.542
1995-02-09,1685.841
1995-02-10,1475.829
1995-02-11,1369.254
1995-02-12,1341.18
1995-02-13,1275.908
1995-02-14,1255.492
1995-02-15,1218.997
1995-02-16,1066.423
1995-02-17,882.557
1995-02-18,802.633
1995-02-19,836.027
1995-02-20,902.462
1995-02-21,1052.192
1995-02-22,1211.244
1995-02-23,1230.465
1995-02-24,1206.197
1995-02-25,1191.874
1995-02-26,1505.613
1995-02-27,1862.384
1995-02-28,1660.818
1995-03-01,1388.928
1995-03-02,1233.342
1995-03-03,1161.813
1995-03-04,1186.697
1995-03-05,1205.312
1995-03-06,1116.546
1995-03-07,970.015
1995-03-08,886.04
1995-03-09,998.272
1995-03-10,1191.974
1995-03-11,1269.626
1995-03-12,1291.252
1995-03-13,1297.614
1995-03-14,1226.336
1995-03-15,1184.902
1995-03-16,1247.186
1995-03-17,1352.31
1995-03-18,1428.858
1995-03-19,1381.881
1995-03-20,1292.663
1995-03-21,1298.354
1995-03-22,1339.278
1995-03-23,1293.428
1995-03-24,1181.65
1995-03-25,1250.738
1995-03-26,1415.434
1995-03-27,1740.003
1995-03-28,2149.812
1995-03-29,1912.781
1995-03-30,1465.725
1995-03-31,1191.081
1995-04-01,1062.642
1995-04-02,959.108
1995-04-03,866.947
1995-04-04,813.815
1995-04-05,823.552
1995-04-06,855.088
1995-04-07,948.443
1995-04-08,1071.773
1995-04-09,1189.748
1995-04-10,1290.458
1995-04-11,1477.653
1995-04-12,1661.127
1995-04-13,1467.325
1995-04-14,1233.638
1995-04-15,1155.561
1995-04-16,1186.248
1995-04-17,1150.642
1995-04-18,1064.929
1995-04-19,1056.313
1995-04-20,1187.881
1995-04-21,1349.167
1995-04-22,1555.769
1995-04-23,1637.526
1995-04-24,1384.822
1995-04-25,1289.865
1995-04-26,1319.482
1995-04-27,1356.698
1995-04-28,1380.115
1995-04-29,1376.058
1995-04-30,1383.409
1995-05-01,1468.719
1995-05-02,1486.645
1995-05-03,1355.904
1995-05-04,1223.071
1995-05-05,1233.045
1995-05-06,1332.594
1995-05-07,1429.788
1995-05-08,1492.047
1995-05-09,1538.424
1995-05-10,1633.382
1995-05-11,1900.748
1995-05-12,2195.511
1995-05-13,2251.2
1995-05-14,2172.751
1995-05-15,2141.967
1995-05-16,2125.794
1995-05-17,2049.814
1995-05-18,1975.214
1995-05-19,1930.253
1995-05-20,1953.749
1995-05-21,1946.062
1995-05-22,1841.935
1995-05-23,1688.99
1995-05-24,1702.032
1995-05-25,1997.974
1995-05-26,2169.8
1995-05-27,1722.72
1995-05-28,1316.44
1995-05-29,1152.477
1995-05-30,1117.623
1995-05-31,1088.52
1995-06-01,1010.976
1995-06-02,928.022
1995-06-03,872.067
1995-06-04,843.045
1995-06-05,805.416
1995-06-06,757.547
1995-06-07,722.283
1995-06-08,697.628
1995-06-09,676.222
1995-06-10,669.935
1995-06-11,693.786
1995-06-12,708.181
1995-06-13,697.293
1995-06-14,694.06
1995-06-15,678.4
1995-06-16,662.972
1995-06-17,659.795
1995-06-18,660.918
1995-06-19,653.355
1995-06-20,641.305
1995-06-21,655.333
1995-06-22,690.085
1995-06-23,686.119
1995-06-24,612.379
1995-06-25,528.383
1995-06-26,487.388
1995-06-27,468.526
1995-06-28,447.34
1995-06-29,440.636
1995-06-30,437.523
1995-07-01,426.41
1995-07-02,434.578
1995-07-03,463.82
1995-07-04,498.179
1995-07-05,520.689
1995-07-06,531.597
1995-07-07,515.577
1995-07-08,468.287
1995-07-09,409.635
1995-07-10,356.809
1995-07-11,319.66
1995-07-12,304.599
1995-07-13,304.594
1995-07-14,317.327
1995-07-15,325.54
1995-07-16,313.29
1995-07-17,291.672
1995-07-18,272.526
1995-07-19,264.044
1995-07-20,275.215
1995-07-21,279.235
1995-07-22,259.851
1995-07-23,249.167
1995-07-24,247.352
1995-07-25,246.917
1995-07-26,240.237
1995-07-27,227.905
1995-07-28,219.272
1995-07-29,214.606
1995-07-30,210.19
1995-07-31,205.095
1995-08-01,200.797
1995-08-02,198.355
1995-08-03,194.873
1995-08-04,190.776
1995-08-05,186.52
1995-08-06,182.99
1995-08-07,180.468
1995-08-08,178.235
1995-08-09,175.078
1995-08-10,172.099
1995-08-11,171.527
1995-08-12,172.535
1995-08-13,171.381
1995-08-14,172.152
1995-08-15,178.312
1995-08-16,175.565
1995-08-17,162.392
1995-08-18,153.361
1995-08-19,148.411
1995-08-20,144.698
1995-08-21,142.133
1995-08-22,139.73
1995-08-23,137.413
1995-08-24,134.918
1995-08-25,133.353
1995-08-26,135.785
1995-08-27,140.678
1995-08-28,137.84
1995-08-29,129.662
1995-08-30,124.155
1995-08-31,121.466
1995-09-01,119.018
1995-09-02,117.042
1995-09-03,115.492
1995-09-04,114.37
1995-09-05,113.68
1995-09-06,112.317
1995-09-07,110.257
1995-09-08,107.525
1995-09-09,106.155
1995-09-10,106.866
1995-09-11,111.479
1995-09-12,120.565
1995-09-13,118.507
1995-09-14,107.807
1995-09-15,105.216
1995-09-16,108.695
1995-09-17,126.9
1995-09-18,142.222
1995-09-19,169.149
1995-09-20,191.618
1995-09-21,157.505
1995-09-22,120.18
1995-09-23,103.747
1995-09-24,122.54
1995-09-25,180.406
1995-09-26,246.425
1995-09-27,279.679
1995-09-28,299.882
1995-09-29,296.695
1995-09-30,231.303
1995-10-01,166.524
1995-10-02,148.512
1995-10-03,162.031
1995-10-04,181.71
1995-10-05,194.142
1995-10-06,191.72
1995-10-07,190.759
1995-10-08,170.413
1995-10-09,165.64
1995-10-10,190.214
1995-10-11,226.385
1995-10-12,284.134
1995-10-13,335.254
1995-10-14,367.186
1995-10-15,417.209
1995-10-16,467.703
1995-10-17,488.748
1995-10-18,475.593
1995-10-19,469.224
1995-10-20,493.043
1995-10-21,496.66
1995-10-22,550.19
1995-10-23,637.58
1995-10-24,625.323
1995-10-25,498.941
1995-10-26,472.835
1995-10-27,510.536
1995-10-28,475.298
1995-10-29,485.765
1995-10-30,555.28
1995-10-31,587.492
1995-11-01,623.824
1995-11-02,677.848
1995-11-03,746.617
1995-11-04,838.962
1995-11-05,935.299
1995-11-06,919.142
1995-11-07,912.505
1995-11-08,1034.115
1995-11-09,1098.497
1995-11-10,923.59
1995-11-11,741.759
1995-11-12,784.458
1995-11-13,981.511
1995-11-14,1016.251
1995-11-15,825.602
1995-11-16,678.732
1995-11-17,631.234
1995-11-18,639.476
1995-11-19,757.505
1995-11-20,835.469
1995-11-21,854.776
1995-11-22,896.211
1995-11-23,926.2
1995-11-24,935.931
1995-11-25,848.644
1995-11-26,901.417
1995-11-27,1380.632
1995-11-28,2037.672
1995-11-29,1969.278
1995-11-30,1331.642
1995-12-01,973.225
1995-12-02,920.165
1995-12-03,976.012
1995-12-04,1314.512
1995-12-05,1660.465
1995-12-06,1482.21
1995-12-07,1233.782
1995-12-08,1075.169
1995-12-09,999.813
1995-12-10,977.004
1995-12-11,968.438
1995-12-12,897.035
1995-12-13,832.2
1995-12-14,836.415
1995-12-15,852.042
1995-12-16,798.717
1995-12-17,715.055
1995-12-18,634.966
1995-12-19,601.586
1995-12-20,560.149
1995-12-21,479.001
1995-12-22,445.083
1995-12-23,436.282
1995-12-24,410.564
1995-12-25,397.177
1995-12-26,406.671
1995-12-27,383.909
1995-12-28,380.911
1995-12-29,375.787
1995-12-30,381.263
1995-12-31,386.03
1996-01-01,430.437
1996-01-02,508.708
1996-01-03,625.178
1996-01-04,631.56
1996-01-05,537.123
1996-01-06,498.588
1996-01-07,570.457
1996-01-08,697.219
1996-01-09,775.568
1996-01-10,779.402
1996-01-11,739.975
1996-01-12,702.909
1996-01-13,656.668
1996-01-14,630.556
1996-01-15,611.265
1996-01-16,625.645
1996-01-17,603.339
1996-01-18,579.703
1996-01-19,636.16
1996-01-20,741.649
1996-01-21,826.042
1996-01-22,820.776
1996-01-23,902.601
1996-01-24,1001.405
1996-01-25,854.949
1996-01-26,808.898
1996-01-27,851.149
1996-01-28,870.635
1996-01-29,846.298
1996-01-30,785.586
1996-01-31,708.341
1996-02-01,635.18
1996-02-02,616.004
1996-02-03,622.979
1996-02-04,654.183
1996-02-05,684.098
1996-02-06,675.883
1996-02-07,650.252
1996-02-08,629.987
1996-02-09,629.854
1996-02-10,644.665
1996-02-11,718.385
1996-02-12,799.057
1996-02-13,802.243
1996-02-14,818.101
1996-02-15,862.845
1996-02-16,908.18
1996-02-17,949.623
1996-02-18,933.792
1996-02-19,892.72
1996-02-20,955.158
1996-02-21,1123.186
1996-02-22,1191.603
1996-02-23,1130.342
1996-02-24,1028.414
1996-02-25,976.208
1996-02-26,986.579
1996-02-27,1211.744
1996-02-28,1421.836
1996-02-29,1263.986
1996-03-01,1131.02
1996-03-02,1108.63
1996-03-03,1091.097
1996-03-04,1114.097
1996-03-05,1247.844
1996-03-06,1270.427
1996-03-07,1102.049
1996-03-08,986.163
1996-03-09,928.195
1996-03-10,869.363
1996-03-11,854.764
1996-03-12,965.38
1996-03-13,1043.105
1996-03-14,1031.575
1996-03-15,1023.189
1996-03-16,910.823
1996-03-17,818.122
1996-03-18,740.022
1996-03-19,670.57
1996-03-20,660.774
1996-03-21,664.03
1996-03-22,678.926
1996-03-23,719.887
1996-03-24,731.262
1996-03-25,738.683
1996-03-26,785.695
1996-03-27,899.93
1996-03-28,1029.305
1996-03-29,1103.327
1996-03-30,1157.232
1996-03-31,1278.215
1996-04-01,1395.118
1996-04-02,1503.931
1996-04-03,1813.22
1996-04-04,2125.078
1996-04-05,1887.801
1996-04-06,1641.025
1996-04-07,1873.188
1996-04-08,2275.611
1996-04-09,2239.923
1996-04-10,2425.203
1996-04-11,2619.39
1996-04-12,2433.219
1996-04-13,1979.067
1996-04-14,1753.442
1996-04-15,1784.285
1996-04-16,1953.417
1996-04-17,2245.938
1996-04-18,2257.045
1996-04-19,1829.418
1996-04-20,1626.0
1996-04-21,1649.731
1996-04-22,1631.321
1996-04-23,1507.062
1996-04-24,1391.025
1996-04-25,1293.132
1996-04-26,1212.281
1996-04-27,1152.229
1996-04-28,1057.718
1996-04-29,974.241
1996-04-30,940.247
1996-05-01,940.26
1996-05-02,1023.87
1996-05-03,1061.906
1996-05-04,916.726
1996-05-05,800.354
1996-05-06,747.675
1996-05-07,714.893
1996-05-08,671.848
1996-05-09,624.39
1996-05-10,609.115
1996-05-11,645.797
1996-05-12,695.775
1996-05-13,706.624
1996-05-14,662.501
1996-05-15,595.228
1996-05-16,528.932
1996-05-17,494.322
1996-05-18,484.304
1996-05-19,480.48
1996-05-20,495.332
1996-05-21,528.668
1996-05-22,510.924
1996-05-23,434.512
1996-05-24,386.595
1996-05-25,379.971
1996-05-26,376.771
1996-05-27,382.067
1996-05-28,416.588
1996-05-29,476.122
1996-05-30,502.387
1996-05-31,500.416
1996-06-01,485.121
1996-06-02,469.512
1996-06-03,467.924
1996-06-04,465.757
1996-06-05,445.665
1996-06-06,422.114
1996-06-07,426.758
1996-06-08,471.598
1996-06-09,500.789
1996-06-10,462.288
1996-06-11,407.563
1996-06-12,365.676
1996-06-13,325.05
1996-06-14,293.146
1996-06-15,279.984
1996-06-16,293.73
1996-06-17,337.732
1996-06-18,344.779
1996-06-19,342.524
1996-06-20,321.152
1996-06-21,287.487
1996-06-22,259.678
1996-06-23,289.445
1996-06-24,314.079
1996-06-25,272.922
1996-06-26,249.072
1996-06-27,357.185
1996-06-28,519.173
1996-06-29,682.981
1996-06-30,788.187
1996-07-01,461.932
1996-07-02,240.304
1996-07-03,188.879
1996-07-04,179.433
1996-07-05,174.951
1996-07-06,171.104
1996-07-07,168.191
1996-07-08,165.508
1996-07-09,162.111
1996-07-10,161.349
1996-07-11,164.606
1996-07-12,169.967
1996-07-13,174.369
1996-07-14,172.33
1996-07-15,163.018
1996-07-16,152.17
1996-07-17,146.35
1996-07-18,144.164
1996-07-19,146.985
1996-07-20,161.808
1996-07-21,192.333
1996-07-22,214.328
1996-07-23,206.919
1996-07-24,189.174
1996-07-25,169.9
1996-07-26,157.038
1996-07-27,165.798
1996-07-28,178.345
1996-07-29,184.698
1996-07-30,182.735
1996-07-31,158.438
1996-08-01,133.637
1996-08-02,118.79
1996-08-03,112.869
1996-08-04,111.393
1996-08-05,111.025
1996-08-06,110.562
1996-08-07,110.005
1996-08-08,108.66
1996-08-09,105.533
1996-08-10,102.515
1996-08-11,100.641
1996-08-12,99.224
1996-08-13,97.903
1996-08-14,96.523
1996-08-15,94.907
1996-08-16,93.449
1996-08-17,92.038
1996-08-18,91.595
1996-08-19,92.167
1996-08-20,91.707
1996-08-21,92.567
1996-08-22,93.195
1996-08-23,95.848
1996-08-24,97.555
1996-08-25,108.802
1996-08-26,132.467
1996-08-27,148.451
1996-08-28,167.449
1996-08-29,170.394
1996-08-30,168.059
1996-08-31,171.837
1996-09-01,226.674
1996-09-02,357.028
1996-09-03,479.832
1996-09-04,558.499
1996-09-05,643.062
1996-09-06,604.905
1996-09-07,507.618
1996-09-08,400.862
1996-09-09,364.83
1996-09-10,434.902
1996-09-11,728.318
1996-09-12,1190.702
1996-09-13,1096.185
1996-09-14,573.84
1996-09-15,356.837
1996-09-16,538.658
1996-09-17,784.013
1996-09-18,851.007
1996-09-19,794.102
1996-09-20,696.734
1996-09-21,609.967
1996-09-22,556.683
1996-09-23,461.186
1996-09-24,412.537
1996-09-25,370.264
1996-09-26,597.822
1996-09-27,856.642
1996-09-28,606.695
1996-09-29,404.825
1996-09-30,452.547
1996-10-01,716.591
1996-10-02,907.588
1996-10-03,731.522
1996-10-04,540.03
1996-10-05,394.311
1996-10-06,346.823
1996-10-07,324.732
1996-10-08,280.396
1996-10-09,263.61
1996-10-10,269.922
1996-10-11,301.029
1996-10-12,341.635
1996-10-13,331.636
1996-10-14,321.15
1996-10-15,377.504
1996-10-16,805.483
1996-10-17,1220.5
1996-10-18,1085.93
1996-10-19,1041.943
1996-10-20,1023.473
1996-10-21,921.414
1996-10-22,861.789
1996-10-23,784.409
1996-10-24,680.3
1996-10-25,598.343
1996-10-26,572.085
1996-10-27,553.809
1996-10-28,485.602
1996-10-29,419.751
1996-10-30,442.592
1996-10-31,515.547
1996-11-01,555.002
1996-11-02,507.087
1996-11-03,486.675
1996-11-04,751.483
1996-11-05,1043.611
1996-11-06,957.293
1996-11-07,845.253
1996-11-08,731.718
1996-11-09,576.363
1996-11-10,481.592
1996-11-11,551.217
1996-11-12,725.152
1996-11-13,834.13
1996-11-14,830.855
1996-11-15,817.012
1996-11-16,853.464
1996-11-17,894.88
1996-11-18,889.36
1996-11-19,889.877
1996-11-20,880.38
1996-11-21,812.524
1996-11-22,757.228
1996-11-23,782.588
1996-11-24,827.579
1996-11-25,832.792
1996-11-26,813.531
1996-11-27,789.858
1996-11-28,763.775
1996-11-29,791.023
1996-11-30,891.52
1996-12-01,960.045
1996-12-02,963.141
1996-12-03,892.871
1996-12-04,784.291
1996-12-05,732.109
1996-12-06,809.56
1996-12-07,942.513
1996-12-08,1088.271
1996-12-09,1138.129
1996-12-10,1077.913
1996-12-11,1045.012
1996-12-12,1167.443
1996-12-13,1297.813
1996-12-14,1285.022
1996-12-15,1163.493
1996-12-16,974.111
1996-12-17,823.272
1996-12-18,793.535
1996-12-19,801.684
1996-12-20,768.343
1996-12-21,733.882
1996-12-22,779.385
1996-12-23,907.328
1996-12-24,1000.971
1996-12-25,931.101
1996-12-26,786.462
1996-12-27,675.441
1996-12-28,645.691
1996-12-29,677.569
1996-12-30,757.195
1996-12-31,894.594
1997-01-01,1023.761
1997-01-02,1034.452
1997-01-03,990.658
1997-01-04,955.869
1997-01-05,955.304
1997-01-06,938.296
1997-01-07,863.109
1997-01-08,760.235
1997-01-09,677.986
1997-01-10,639.551
1997-01-11,601.944
1997-01-12,539.916
1997-01-13,464.201
1997-01-14,420.69
1997-01-15,461.469
1997-01-16,537.947
1997-01-17,542.085
1997-01-18,514.303
1997-01-19,512.214
1997-01-20,515.843
1997-01-21,515.514
1997-01-22,547.118
1997-01-23,680.825
1997-01-24,828.67
1997-01-25,828.611
1997-01-26,726.152
1997-01-27,621.489
1997-01-28,652.635
1997-01-29,717.844
1997-01-30,720.939
1997-01-31,712.298
1997-02-01,861.249
1997-02-02,1088.95
1997-02-03,862.355
1997-02-04,609.95
1997-02-05,505.055
1997-02-06,508.93
1997-02-07,584.574
1997-02-08,661.323
1997-02-09,731.532
1997-02-10,801.249
1997-02-11,779.419
1997-02-12,699.913
1997-02-13,699.41
1997-02-14,630.121
1997-02-15,527.777
1997-02-16,502.81
1997-02-17,499.628
1997-02-18,468.568
1997-02-19,461.283
1997-02-20,423.012
1997-02-21,379.549
1997-02-22,410.801
1997-02-23,498.476
1997-02-24,580.558
1997-02-25,629.312
1997-02-26,633.801
1997-02-27,610.818
1997-02-28,617.762
1997-03-01,645.327
1997-03-02,619.882
1997-03-03,621.786
1997-03-04,665.105
1997-03-05,651.683
1997-03-06,611.144
1997-03-07,658.526
1997-03-08,755.283
1997-03-09,805.16
1997-03-10,782.339
1997-03-11,759.125
1997-03-12,776.236
1997-03-13,780.526
1997-03-14,744.037
1997-03-15,689.477
1997-03-16,632.652
1997-03-17,607.586
1997-03-18,590.017
1997-03-19,583.752
1997-03-20,596.318
1997-03-21,556.819
1997-03-22,502.734
1997-03-23,502.995
1997-03-24,526.769
1997-03-25,517.57
1997-03-26,486.166
1997-03-27,476.755
1997-03-28,492.524
1997-03-29,566.43
1997-03-30,672.107
1997-03-31,740.684
1997-04-01,727.347
1997-04-02,677.505
1997-04-03,689.033
1997-04-04,783.702
1997-04-05,726.368
1997-04-06,596.714
1997-04-07,594.079
1997-04-08,787.76
1997-04-09,1020.641
1997-04-10,1178.698
1997-04-11,1394.549
1997-04-12,1885.292
1997-04-13,2228.886
1997-04-14,1890.061
1997-04-15,1623.489
1997-04-16,1611.017
1997-04-17,1987.445
1997-04-18,2307.524
1997-04-19,2266.539
1997-04-20,2349.617
1997-04-21,2109.624
1997-04-22,1975.412
1997-04-23,1812.567
1997-04-24,1546.384
1997-04-25,1334.965
1997-04-26,1277.466
1997-04-27,1293.789
1997-04-28,1294.944
1997-04-29,1387.384
1997-04-30,1567.513
1997-05-01,1651.589
1997-05-02,1568.78
1997-05-03,1464.647
1997-05-04,1658.096
1997-05-05,1870.486
1997-05-06,1856.211
1997-05-07,1811.657
1997-05-08,2123.062
1997-05-09,2478.932
1997-05-10,2155.62
1997-05-11,1794.174
1997-05-12,1630.474
1997-05-13,1672.023
1997-05-14,1738.912
1997-05-15,1818.377
1997-05-16,1940.918
1997-05-17,2192.034
1997-05-18,2521.835
1997-05-19,2728.836
1997-05-20,2573.833
1997-05-21,2205.829
1997-05-22,2026.197
1997-05-23,2059.16
1997-05-24,2079.093
1997-05-25,1845.702
1997-05-26,1928.546
1997-05-27,2415.64
1997-05-28,2603.309
1997-05-29,2225.815
1997-05-30,1939.72
1997-05-31,1832.691
1997-06-01,1728.238
1997-06-02,1528.676
1997-06-03,1325.355
1997-06-04,1164.26
1997-06-05,1050.278
1997-06-06,987.185
1997-06-07,956.016
1997-06-08,940.868
1997-06-09,915.977
1997-06-10,857.58
1997-06-11,788.767
1997-06-12,737.896
1997-06-13,701.045
1997-06-14,668.91
1997-06-15,639.719
1997-06-16,613.172
1997-06-17,588.435
1997-06-18,564.522
1997-06-19,541.773
1997-06-20,522.322
1997-06-21,507.995
1997-06-22,492.959
1997-06-23,482.491
1997-06-24,466.719
1997-06-25,445.704
1997-06-26,426.184
1997-06-27,408.192
1997-06-28,393.517
1997-06-29,387.284
1997-06-30,408.021
1997-07-01,448.408
1997-07-02,475.74
1997-07-03,494.955
1997-07-04,484.78
1997-07-05,437.612
1997-07-06,394.016
1997-07-07,359.13
1997-07-08,329.509
1997-07-09,307.983
1997-07-10,292.637
1997-07-11,283.339
1997-07-12,279.439
1997-07-13,276.836
1997-07-14,281.741
1997-07-15,287.021
1997-07-16,298.776
1997-07-17,334.198
1997-07-18,353.657
1997-07-19,349.003
1997-07-20,321.215
1997-07-21,292.556
1997-07-22,287.032
1997-07-23,267.506
1997-07-24,236.098
1997-07-25,217.69
1997-07-26,209.498
1997-07-27,204.246
1997-07-28,200.466
1997-07-29,197.01
1997-07-30,193.421
1997-07-31,191.443
1997-08-01,189.282
1997-08-02,184.922
1997-08-03,180.456
1997-08-04,178.707
1997-08-05,180.563
1997-08-06,184.89
1997-08-07,184.853
1997-08-08,178.064
1997-08-09,172.452
1997-08-10,167.238
1997-08-11,161.292
1997-08-12,156.239
1997-08-13,152.772
1997-08-14,150.244
1997-08-15,147.917
1997-08-16,145.815
1997-08-17,145.594
1997-08-18,153.425
1997-08-19,156.85
1997-08-20,146.048
1997-08-21,139.414
1997-08-22,137.053
1997-08-23,133.971
1997-08-24,130.184
1997-08-25,127.382
1997-08-26,125.367
1997-08-27,123.262
1997-08-28,121.141
1997-08-29,118.905
1997-08-30,117.127
1997-08-31,116.83
1997-09-01,117.192
1997-09-02,119.372
1997-09-03,124.575
1997-09-04,130.696
1997-09-05,132.345
1997-09-06,128.2
1997-09-07,122.61
1997-09-08,115.11
1997-09-09,107.358
1997-09-10,102.238
1997-09-11,100.951
1997-09-12,102.107
1997-09-13,106.85
1997-09-14,117.701
1997-09-15,129.511
1997-09-16,129.993
1997-09-17,116.218
1997-09-18,105.091
1997-09-19,99.678
1997-09-20,96.28
1997-09-21,94.128
1997-09-22,93.02
1997-09-23,92.72
1997-09-24,94.594
1997-09-25,93.402
1997-09-26,90.043
1997-09-27,87.332
1997-09-28,85.462
1997-09-29,86.131
1997-09-30,87.886
1997-10-01,91.311
1997-10-02,109.825
1997-10-03,132.207
1997-10-04,142.591
1997-10-05,139.017
1997-10-06,123.597
1997-10-07,105.501
1997-10-08,89.337
1997-10-09,78.705
1997-10-10,75.209
1997-10-11,75.23
1997-10-12,71.681
1997-10-13,69.691
1997-10-14,74.237
1997-10-15,81.199
1997-10-16,84.169
1997-10-17,98.849
1997-10-18,137.032
1997-10-19,155.813
1997-10-20,154.268
1997-10-21,162.372
1997-10-22,211.465
1997-10-23,321.599
1997-10-24,437.935
1997-10-25,492.72
1997-10-26,546.4
1997-10-27,607.693
1997-10-28,592.669
1997-10-29,498.659
1997-10-30,432.419
1997-10-31,462.561
1997-11-01,593.963
1997-11-02,798.839
1997-11-03,1036.27
1997-11-04,1249.484
1997-11-05,1343.375
1997-11-06,1264.055
1997-11-07,1132.165
1997-11-08,1099.345
1997-11-09,1085.634
1997-11-10,1016.922
1997-11-11,837.637
1997-11-12,784.792
1997-11-13,813.594
1997-11-14,843.369
1997-11-15,865.744
1997-11-16,941.204
1997-11-17,1149.879
1997-11-18,1306.041
1997-11-19,1389.521
1997-11-20,1494.08
1997-11-21,1642.642
1997-11-22,2056.302
1997-11-23,2365.344
1997-11-24,2031.842
1997-11-25,1862.333
1997-11-26,1715.477
1997-11-27,1588.93
1997-11-28,1621.863
1997-11-29,1702.64
1997-11-30,1923.944
1997-12-01,2305.386
1997-12-02,2221.611
1997-12-03,1794.591
1997-12-04,1774.652
1997-12-05,1973.388
1997-12-06,2118.02
1997-12-07,1968.68
1997-12-08,1824.444
1997-12-09,1862.858
1997-12-10,1862.417
1997-12-11,1834.685
1997-12-12,1991.378
1997-12-13,2343.792
1997-12-14,2550.323
1997-12-15,2532.101
1997-12-16,2426.656
1997-12-17,2341.74
1997-12-18,2358.07
1997-12-19,2286.411
1997-12-20,2131.63
1997-12-21,2186.971
1997-12-22,2456.54
1997-12-23,3115.472
1997-12-24,3653.798
1997-12-25,3715.826
1997-12-26,3702.614
1997-12-27,3151.148
1997-12-28,2651.935
1997-12-29,2575.488
1997-12-30,2647.904
1997-12-31,2803.969
1998-01-01,2968.675
1998-01-02,2879.758
1998-01-03,2644.585
1998-01-04,2546.482
1998-01-05,2550.494
1998-01-06,2524.905
1998-01-07,2476.777
1998-01-08,2634.898
1998-01-09,2849.544
1998-01-10,2659.697
1998-01-11,2452.572
1998-01-12,2332.154
1998-01-13,2202.725
1998-01-14,2092.744
1998-01-15,2097.072
1998-01-16,2327.652
1998-01-17,2616.824
1998-01-18,2643.653
1998-01-19,2589.276
1998-01-20,2334.229
1998-01-21,2065.292
1998-01-22,2012.802
1998-01-23,2280.133
1998-01-24,2676.513
1998-01-25,2981.076
1998-01-26,3090.582
1998-01-27,2916.795
1998-01-28,2805.588
1998-01-29,2795.054
1998-01-30,2809.595
1998-01-31,2910.118
1998-02-01,3231.274
1998-02-02,3494.685
1998-02-03,3349.14
1998-02-04,3065.622
1998-02-05,2677.62
1998-02-06,2309.674
1998-02-07,2068.728
1998-02-08,1955.636
1998-02-09,1876.939
1998-02-10,1819.08
1998-02-11,1877.905
1998-02-12,2078.888
1998-02-13,2386.012
1998-02-14,2623.132
1998-02-15,2607.167
1998-02-16,2313.985
1998-02-17,2184.748
1998-02-18,2178.699
1998-02-19,2234.23
1998-02-20,2401.99
1998-02-21,2644.822
1998-02-22,2718.242
1998-02-23,3099.188
1998-02-24,3627.2
1998-02-25,3438.485
1998-02-26,2933.893
1998-02-27,2782.789
1998-02-28,2804.01
1998-03-01,2634.998
1998-03-02,2411.016
1998-03-03,2230.3
1998-03-04,2147.506
1998-03-05,2189.027
1998-03-06,2273.943
1998-03-07,2349.553
1998-03-08,2390.799
1998-03-09,2347.852
1998-03-10,2227.991
1998-03-11,2009.597
1998-03-12,1928.1
1998-03-13,1949.3
1998-03-14,1985.521
1998-03-15,1886.675
1998-03-16,1739.768
1998-03-17,1667.309
1998-03-18,1715.649
1998-03-19,1701.788
1998-03-20,1593.548
1998-03-21,1629.57
1998-03-22,1740.288
1998-03-23,2045.187
1998-03-24,2183.023
1998-03-25,1915.889
1998-03-26,1606.738
1998-03-27,1401.961
1998-03-28,1325.938
1998-03-29,1182.232
1998-03-30,1124.558
1998-03-31,1122.014
1998-04-01,1111.88
1998-04-02,1088.146
1998-04-03,1082.818
1998-04-04,1169.605
1998-04-05,1263.91
1998-04-06,1313.292
1998-04-07,1382.726
1998-04-08,1447.618
1998-04-09,1522.319
1998-04-10,1607.79
1998-04-11,1546.571
1998-04-12,1405.285
1998-04-13,1400.015
1998-04-14,1471.459
1998-04-15,1571.16
1998-04-16,1530.385
1998-04-17,1439.562
1998-04-18,1438.112
1998-04-19,1667.068
1998-04-20,1873.969
1998-04-21,1615.899
1998-04-22,1435.501
1998-04-23,1511.526
1998-04-24,1646.128
1998-04-25,1620.646
1998-04-26,1659.127
1998-04-27,1902.985
1998-04-28,2086.769
1998-04-29,2058.125
1998-04-30,1964.015
1998-05-01,1788.08
1998-05-02,1595.382
1998-05-03,1474.066
1998-05-04,1409.55
1998-05-05,1396.982
1998-05-06,1364.871
1998-05-07,1271.602
1998-05-08,1211.9
1998-05-09,1250.404
1998-05-10,1338.442
1998-05-11,1450.368
1998-05-12,1451.794
1998-05-13,1439.015
1998-05-14,1514.722
1998-05-15,1632.386
1998-05-16,1619.827
1998-05-17,1590.909
1998-05-18,1645.538
1998-05-19,1607.223
1998-05-20,1786.86
1998-05-21,1943.158
1998-05-22,2212.852
1998-05-23,2581.44
1998-05-24,2249.505
1998-05-25,1950.45
1998-05-26,1922.56
1998-05-27,1950.32
1998-05-28,1913.347
1998-05-29,1747.31
1998-05-30,1565.046
1998-05-31,1383.982
1998-06-01,1206.067
1998-06-02,1090.852
1998-06-03,1021.035
1998-06-04,961.618
1998-06-05,917.985
1998-06-06,880.84
1998-06-07,852.601
1998-06-08,908.232
1998-06-09,1292.481
1998-06-10,1569.008
1998-06-11,1194.984
1998-06-12,878.889
1998-06-13,760.992
1998-06-14,729.95
1998-06-15,720.129
1998-06-16,700.792
1998-06-17,658.462
1998-06-18,625.933
1998-06-19,626.55
1998-06-20,655.599
1998-06-21,684.328
1998-06-22,709.499
1998-06-23,743.205
1998-06-24,742.13
1998-06-25,687.711
1998-06-26,594.341
1998-06-27,514.513
1998-06-28,467.352
1998-06-29,443.723
1998-06-30,431.158
1998-07-01,422.8
1998-07-02,412.428
1998-07-03,401.694
1998-07-04,393.011
1998-07-05,387.582
1998-07-06,380.7
1998-07-07,369.422
1998-07-08,358.408
1998-07-09,349.138
1998-07-10,341.528
1998-07-11,333.771
1998-07-12,325.266
1998-07-13,317.607
1998-07-14,310.707
1998-07-15,304.305
1998-07-16,298.656
1998-07-17,294.638
1998-07-18,290.522
1998-07-19,283.463
1998-07-20,275.945
1998-07-21,269.766
1998-07-22,264.42
1998-07-23,259.25
1998-07-24,254.38
1998-07-25,249.608
1998-07-26,245.075
1998-07-27,241.16
1998-07-28,237.488
1998-07-29,236.051
1998-07-30,232.47
1998-07-31,226.556
1998-08-01,221.272
1998-08-02,216.095
1998-08-03,216.289
1998-08-04,244.958
1998-08-05,271.149
1998-08-06,250.801
1998-08-07,225.032
1998-08-08,212.579
1998-08-09,201.941
1998-08-10,191.335
1998-08-11,185.616
1998-08-12,182.66
1998-08-13,179.598
1998-08-14,177.408
1998-08-15,177.501
1998-08-16,181.682
1998-08-17,192.175
1998-08-18,194.807
1998-08-19,185.47
1998-08-20,182.524
1998-08-21,176.963
1998-08-22,180.948
1998-08-23,185.585
1998-08-24,179.388
1998-08-25,161.538
1998-08-26,151.374
1998-08-27,149.109
1998-08-28,153.998
1998-08-29,177.391
1998-08-30,218.706
1998-08-31,269.895
1998-09-01,301.005
1998-09-02,281.47
1998-09-03,230.437
1998-09-04,176.321
1998-09-05,146.78
1998-09-06,152.857
1998-09-07,434.28
1998-09-08,727.034
1998-09-09,521.29
1998-09-10,330.945
1998-09-11,242.341
1998-09-12,186.232
1998-09-13,143.022
1998-09-14,123.85
1998-09-15,126.45
1998-09-16,148.663
1998-09-17,194.065
1998-09-18,246.612
1998-09-19,264.08
1998-09-20,225.965
1998-09-21,167.367
1998-09-22,132.788
1998-09-23,122.866
1998-09-24,128.485
1998-09-25,152.735
1998-09-26,160.408
1998-09-27,157.828
1998-09-28,141.376
1998-09-29,123.672
1998-09-30,115.478
1998-10-01,115.192
1998-10-02,139.263
1998-10-03,184.061
1998-10-04,206.97
1998-10-05,236.391
1998-10-06,267.414
1998-10-07,276.528
1998-10-08,270.375
1998-10-09,249.202
1998-10-10,264.415
1998-10-11,285.319
1998-10-12,276.158
1998-10-13,300.12
1998-10-14,333.272
1998-10-15,355.673
1998-10-16,643.353
1998-10-17,862.33
1998-10-18,559.965
1998-10-19,429.584
1998-10-20,439.914
1998-10-21,364.277
1998-10-22,284.195
1998-10-23,234.387
1998-10-24,203.425
1998-10-25,171.44
1998-10-26,200.58
1998-10-27,303.045
1998-10-28,461.762
1998-10-29,614.152
1998-10-30,673.084
1998-10-31,628.442
1998-11-01,555.856
1998-11-02,497.84
1998-11-03,380.954
1998-11-04,278.146
1998-11-05,228.175
1998-11-06,219.18
1998-11-07,274.706
1998-11-08,388.011
1998-11-09,532.801
1998-11-10,659.62
1998-11-11,736.0
1998-11-12,661.266
1998-11-13,522.296
1998-11-14,500.385
1998-11-15,631.025
1998-11-16,783.425
1998-11-17,745.235
1998-11-18,520.807
1998-11-19,346.732
1998-11-20,314.03
1998-11-21,422.109
1998-11-22,575.709
1998-11-23,600.782
1998-11-24,521.84
1998-11-25,430.11
1998-11-26,309.539
1998-11-27,214.67
1998-11-28,189.411
1998-11-29,202.493
1998-11-30,217.102
1998-12-01,219.168
1998-12-02,219.405
1998-12-03,236.117
1998-12-04,259.741
1998-12-05,274.438
1998-12-06,290.131
1998-12-07,316.559
1998-12-08,355.019
1998-12-09,360.292
1998-12-10,342.119
1998-12-11,368.382
1998-12-12,429.422
1998-12-13,434.653
1998-12-14,410.315
1998-12-15,388.077
1998-12-16,309.408
1998-12-17,257.994
1998-12-18,269.498
1998-12-19,295.24
1998-12-20,293.629
1998-12-21,294.403
1998-12-22,373.325
1998-12-23,424.136
1998-12-24,391.335
1998-12-25,338.033
1998-12-26,299.138
1998-12-27,302.6
1998-12-28,325.613
1998-12-29,392.783
1998-12-30,504.138
1998-12-31,608.82
1999-01-01,645.206
1999-01-02,580.712
1999-01-03,514.041
1999-01-04,521.642
1999-01-05,522.035
1999-01-06,446.142
1999-01-07,319.215
1999-01-08,263.199
1999-01-09,257.139
1999-01-10,247.426
1999-01-11,252.282
1999-01-12,307.401
1999-01-13,365.753
1999-01-14,405.394
1999-01-15,433.968
1999-01-16,437.668
1999-01-17,458.09
1999-01-18,511.802
1999-01-19,532.077
1999-01-20,555.086
1999-01-21,596.574
1999-01-22,653.975
1999-01-23,764.527
1999-01-24,943.059
1999-01-25,1007.938
1999-01-26,1014.409
1999-01-27,1361.405
1999-01-28,1588.879
1999-01-29,1320.356
1999-01-30,1106.009
1999-01-31,987.817
1999-02-01,876.868
1999-02-02,819.892
1999-02-03,781.703
1999-02-04,714.268
1999-02-05,753.045
1999-02-06,870.363
1999-02-07,810.625
1999-02-08,613.58
1999-02-09,479.28
1999-02-10,426.513
1999-02-11,371.29
1999-02-12,322.462
1999-02-13,321.158
1999-02-14,347.925
1999-02-15,364.414
1999-02-16,349.002
1999-02-17,304.614
1999-02-18,259.646
1999-02-19,238.057
1999-02-20,216.528
1999-02-21,199.314
1999-02-22,192.706
1999-02-23,199.187
1999-02-24,221.148
1999-02-25,255.203
1999-02-26,312.86
1999-02-27,360.87
1999-02-28,344.427
1999-03-01,306.507
1999-03-02,267.637
1999-03-03,229.966
1999-03-04,195.448
1999-03-05,168.976
1999-03-06,158.218
1999-03-07,169.929
1999-03-08,188.115
1999-03-09,242.058
1999-03-10,306.962
1999-03-11,344.336
1999-03-12,400.916
1999-03-13,489.021
1999-03-14,593.958
1999-03-15,690.529
1999-03-16,946.571
1999-03-17,1191.854
1999-03-18,1002.393
1999-03-19,759.539
1999-03-20,618.44
1999-03-21,646.114
1999-03-22,743.966
1999-03-23,806.222
1999-03-24,870.798
1999-03-25,1019.932
1999-03-26,1063.249
1999-03-27,810.677
1999-03-28,677.298
1999-03-29,694.525
1999-03-30,790.038
1999-03-31,872.329
1999-04-01,847.245
1999-04-02,808.059
1999-04-03,854.134
1999-04-04,923.569
1999-04-05,912.932
1999-04-06,739.485
1999-04-07,589.143
1999-04-08,538.56
1999-04-09,677.67
1999-04-10,952.301
1999-04-11,1352.836
1999-04-12,1558.681
1999-04-13,1350.979
1999-04-14,1426.405
1999-04-15,1638.592
1999-04-16,1402.74
1999-04-17,1066.343
1999-04-18,849.66
1999-04-19,813.024
1999-04-20,835.139
1999-04-21,825.947
1999-04-22,818.782
1999-04-23,838.831
1999-04-24,976.157
1999-04-25,1133.668
1999-04-26,1154.286
1999-04-27,1139.871
1999-04-28,996.323
1999-04-29,754.468
1999-04-30,612.339
1999-05-01,582.962
1999-05-02,596.146
1999-05-03,621.999
1999-05-04,710.628
1999-05-05,866.919
1999-05-06,885.04
1999-05-07,759.321
1999-05-08,637.858
1999-05-09,566.082
1999-05-10,529.165
1999-05-11,484.031
1999-05-12,469.974
1999-05-13,502.884
1999-05-14,543.54
1999-05-15,571.364
1999-05-16,622.898
1999-05-17,761.176
1999-05-18,882.993
1999-05-19,897.67
1999-05-20,862.345
1999-05-21,736.469
1999-05-22,548.116
1999-05-23,431.631
1999-05-24,375.335
1999-05-25,340.587
1999-05-26,325.63
1999-05-27,332.954
1999-05-28,349.614
1999-05-29,369.317
1999-05-30,388.208
1999-05-31,413.907
1999-06-01,426.857
1999-06-02,393.472
1999-06-03,341.096
1999-06-04,290.61
1999-06-05,251.18
1999-06-06,226.203
1999-06-07,213.061
1999-06-08,205.665
1999-06-09,200.401
1999-06-10,196.673
1999-06-11,194.064
1999-06-12,192.026
1999-06-13,188.307
1999-06-14,182.645
1999-06-15,177.178
1999-06-16,172.305
1999-06-17,168.484
1999-06-18,165.513
1999-06-19,162.685
1999-06-20,160.177
1999-06-21,157.627
1999-06-22,153.786
1999-06-23,149.708
1999-06-24,145.654
1999-06-25,141.898
1999-06-26,138.823
1999-06-27,136.541
1999-06-28,134.757
1999-06-29,133.165
1999-06-30,131.472
1999-07-01,128.888
1999-07-02,127.259
1999-07-03,129.818
1999-07-04,133.738
1999-07-05,138.06
1999-07-06,141.338
1999-07-07,133.52
1999-07-08,119.442
1999-07-09,110.154
1999-07-10,106.143
1999-07-11,103.922
1999-07-12,101.887
1999-07-13,99.809
1999-07-14,98.115
1999-07-15,96.823
1999-07-16,95.841
1999-07-17,95.135
1999-07-18,93.886
1999-07-19,91.781
1999-07-20,89.744
1999-07-21,87.934
1999-07-22,86.484
1999-07-23,85.122
1999-07-24,83.858
1999-07-25,83.235
1999-07-26,85.23
1999-07-27,92.072
1999-07-28,97.327
1999-07-29,91.615
1999-07-30,82.318
1999-07-31,79.49
1999-08-01,84.297
1999-08-02,91.113
1999-08-03,88.862
1999-08-04,79.316
1999-08-05,73.102
1999-08-06,72.777
1999-08-07,74.889
1999-08-08,74.11
1999-08-09,74.6
1999-08-10,77.242
1999-08-11,76.743
1999-08-12,73.37
1999-08-13,71.191
1999-08-14,71.09
1999-08-15,72.744
1999-08-16,79.15
1999-08-17,97.642
1999-08-18,138.571
1999-08-19,169.917
1999-08-20,179.622
1999-08-21,167.766
1999-08-22,134.941
1999-08-23,106.793
1999-08-24,84.524
1999-08-25,82.549
1999-08-26,110.128
1999-08-27,143.829
1999-08-28,153.395
1999-08-29,143.435
1999-08-30,144.7
1999-08-31,150.722
1999-09-01,126.351
1999-09-02,115.503
1999-09-03,118.038
1999-09-04,123.818
1999-09-05,142.42
1999-09-06,184.545
1999-09-07,208.979
1999-09-08,256.985
1999-09-09,313.435
1999-09-10,367.868
1999-09-11,407.12
1999-09-12,434.25
1999-09-13,549.948
1999-09-14,633.264
1999-09-15,617.855
1999-09-16,631.519
1999-09-17,562.976
1999-09-18,409.904
1999-09-19,263.261
1999-09-20,160.601
1999-09-21,111.55
1999-09-22,98.892
1999-09-23,106.451
1999-09-24,119.432
1999-09-25,113.651
1999-09-26,102.115
1999-09-27,110.608
1999-09-28,127.013
1999-09-29,144.281
1999-09-30,132.034
1999-10-01,95.157
1999-10-02,77.392
1999-10-03,100.61
1999-10-04,126.955
1999-10-05,137.266
1999-10-06,152.326
1999-10-07,157.626
1999-10-08,176.316
1999-10-09,204.431
1999-10-10,186.671
1999-10-11,177.365
1999-10-12,218.288
1999-10-13,260.452
1999-10-14,339.476
1999-10-15,489.578
1999-10-16,584.904
1999-10-17,573.113
1999-10-18,474.327
1999-10-19,355.093
1999-10-20,301.963
1999-10-21,330.579
1999-10-22,380.904
1999-10-23,408.547
1999-10-24,502.533
1999-10-25,671.937
1999-10-26,852.652
1999-10-27,959.225
1999-10-28,847.002
1999-10-29,655.6
1999-10-30,496.1
1999-10-31,330.83
1999-11-01,220.602
1999-11-02,175.49
1999-11-03,158.008
1999-11-04,143.357
1999-11-05,130.931
1999-11-06,129.002
1999-11-07,128.733
1999-11-08,151.551
1999-11-09,435.2
1999-11-10,729.709
1999-11-11,524.331
1999-11-12,347.68
1999-11-13,296.703
1999-11-14,297.173
1999-11-15,244.352
1999-11-16,181.257
1999-11-17,186.635
1999-11-18,202.209
1999-11-19,219.804
1999-11-20,271.26
1999-11-21,358.642
1999-11-22,480.399
1999-11-23,562.695
1999-11-24,528.555
1999-11-25,466.574
1999-11-26,536.692
1999-11-27,720.958
1999-11-28,908.715
1999-11-29,989.805
1999-11-30,969.167
1999-12-01,910.948
1999-12-02,895.268
1999-12-03,850.589
1999-12-04,840.422
1999-12-05,867.864
1999-12-06,823.843
1999-12-07,815.051
1999-12-08,834.94
1999-12-09,789.832
1999-12-10,682.51
1999-12-11,639.512
1999-12-12,709.975
1999-12-13,886.655
1999-12-14,1102.982
1999-12-15,1193.641
1999-12-16,1047.213
1999-12-17,889.607
1999-12-18,730.272
1999-12-19,600.381
1999-12-20,519.709
1999-12-21,457.756
1999-12-22,441.955
1999-12-23,478.838
1999-12-24,498.265
1999-12-25,494.542
1999-12-26,545.279
1999-12-27,640.31
1999-12-28,705.452
1999-12-29,816.27
1999-12-30,1294.9
1999-12-31,1539.247
2000-01-01,1065.834
2000-01-02,802.841
2000-01-03,822.324
2000-01-04,879.225
2000-01-05,950.181
2000-01-06,1036.576
2000-01-07,1064.907
2000-01-08,1013.142
2000-01-09,945.926
2000-01-10,939.792
2000-01-11,1019.798
2000-01-12,1091.097
2000-01-13,1029.288
2000-01-14,825.635
2000-01-15,605.189
2000-01-16,501.897
2000-01-17,455.615
2000-01-18,437.033
2000-01-19,479.781
2000-01-20,519.617
2000-01-21,473.37
2000-01-22,436.627
2000-01-23,489.314
2000-01-24,569.73
2000-01-25,605.263
2000-01-26,578.966
2000-01-27,515.852
2000-01-28,476.208
2000-01-29,493.307
2000-01-30,538.188
2000-01-31,515.557
2000-02-01,457.487
2000-02-02,474.094
2000-02-03,585.152
2000-02-04,680.171
2000-02-05,627.46
2000-02-06,532.381
2000-02-07,510.592
2000-02-08,567.109
2000-02-09,681.645
2000-02-10,713.221
2000-02-11,571.712
2000-02-12,398.612
2000-02-13,313.81
2000-02-14,285.335
2000-02-15,282.656
2000-02-16,311.37
2000-02-17,367.679
2000-02-18,432.292
2000-02-19,496.344
2000-02-20,532.862
2000-02-21,539.784
2000-02-22,588.707
2000-02-23,644.771
2000-02-24,639.744
2000-02-25,602.455
2000-02-26,570.319
2000-02-27,509.522
2000-02-28,397.236
2000-02-29,329.851
2000-03-01,334.468
2000-03-02,395.284
2000-03-03,475.758
2000-03-04,495.463
2000-03-05,437.961
2000-03-06,371.311
2000-03-07,318.42
2000-03-08,285.092
2000-03-09,295.654
2000-03-10,351.105
2000-03-11,438.872
2000-03-12,520.02
2000-03-13,597.192
2000-03-14,668.254
2000-03-15,715.208
2000-03-16,750.307
2000-03-17,740.222
2000-03-18,728.795
2000-03-19,726.75
2000-03-20,688.964
2000-03-21,706.574
2000-03-22,820.109
2000-03-23,1062.814
2000-03-24,1466.314
2000-03-25,1555.008
2000-03-26,1104.756
2000-03-27,769.218
2000-03-28,656.564
2000-03-29,667.322
2000-03-30,728.922
2000-03-31,752.063
2000-04-01,751.305
2000-04-02,729.807
2000-04-03,653.908
2000-04-04,609.3
2000-04-05,594.642
2000-04-06,567.865
2000-04-07,668.109
2000-04-08,835.565
2000-04-09,957.033
2000-04-10,1061.485
2000-04-11,985.739
2000-04-12,836.843
2000-04-13,819.189
2000-04-14,860.581
2000-04-15,847.308
2000-04-16,877.412
2000-04-17,1043.344
2000-04-18,1374.755
2000-04-19,1736.526
2000-04-20,1901.386
2000-04-21,1792.688
2000-04-22,1425.603
2000-04-23,1122.247
2000-04-24,928.837
2000-04-25,794.788
2000-04-26,699.525
2000-04-27,643.232
2000-04-28,707.615
2000-04-29,762.505
2000-04-30,734.527
2000-05-01,801.575
2000-05-02,867.525
2000-05-03,717.328
2000-05-04,514.343
2000-05-05,416.207
2000-05-06,414.316
2000-05-07,448.735
2000-05-08,449.016
2000-05-09,470.831
2000-05-10,509.707
2000-05-11,538.638
2000-05-12,527.642
2000-05-13,483.333
2000-05-14,443.81
2000-05-15,422.488
2000-05-16,411.425
2000-05-17,390.797
2000-05-18,359.03
2000-05-19,339.343
2000-05-20,326.757
2000-05-21,300.21
2000-05-22,267.815
2000-05-23,244.129
2000-05-24,227.794
2000-05-25,217.22
2000-05-26,213.71
2000-05-27,219.853
2000-05-28,229.265
2000-05-29,238.779
2000-05-30,240.949
2000-05-31,243.46
2000-06-01,244.701
2000-06-02,226.405
2000-06-03,198.549
2000-06-04,176.679
2000-06-05,164.107
2000-06-06,158.124
2000-06-07,156.66
2000-06-08,160.691
2000-06-09,171.617
2000-06-10,186.681
2000-06-11,195.813
2000-06-12,198.015
2000-06-13,195.192
2000-06-14,183.634
2000-06-15,169.715
2000-06-16,151.452
2000-06-17,132.688
2000-06-18,122.692
2000-06-19,119.289
2000-06-20,118.938
2000-06-21,119.467
2000-06-22,120.175
2000-06-23,117.725
2000-06-24,112.558
2000-06-25,110.132
2000-06-26,109.104
2000-06-27,108.476
2000-06-28,106.594
2000-06-29,103.221
2000-06-30,99.986
2000-07-01,96.614
2000-07-02,94.036
2000-07-03,91.891
2000-07-04,90.104
2000-07-05,88.748
2000-07-06,87.776
2000-07-07,92.164
2000-07-08,113.237
2000-07-09,151.842
2000-07-10,179.787
2000-07-11,174.26
2000-07-12,148.179
2000-07-13,120.162
2000-07-14,103.562
2000-07-15,92.41
2000-07-16,80.667
2000-07-17,73.772
2000-07-18,71.26
2000-07-19,70.41
2000-07-20,71.082
2000-07-21,74.232
2000-07-22,77.116
2000-07-23,74.195
2000-07-24,68.429
2000-07-25,65.36
2000-07-26,64.6
2000-07-27,64.338
2000-07-28,64.016
2000-07-29,62.326
2000-07-30,60.07
2000-07-31,58.534
2000-08-01,57.702
2000-08-02,57.113
2000-08-03,56.658
2000-08-04,55.703
2000-08-05,54.493
2000-08-06,53.416
2000-08-07,52.564
2000-08-08,51.749
2000-08-09,50.902
2000-08-10,50.085
2000-08-11,49.346
2000-08-12,48.649
2000-08-13,48.183
2000-08-14,47.808
2000-08-15,47.836
2000-08-16,48.396
2000-08-17,50.125
2000-08-18,52.487
2000-08-19,54.394
2000-08-20,53.357
2000-08-21,51.214
2000-08-22,51.985
2000-08-23,53.866
2000-08-24,57.717
2000-08-25,58.393
2000-08-26,52.365
2000-08-27,47.867
2000-08-28,50.093
2000-08-29,60.725
2000-08-30,77.294
2000-08-31,95.848
2000-09-01,99.4
2000-09-02,87.644
2000-09-03,79.1
2000-09-04,72.049
2000-09-05,61.822
2000-09-06,47.818
2000-09-07,38.474
2000-09-08,35.422
2000-09-09,35.33
2000-09-10,36.471
2000-09-11,37.138
2000-09-12,37.52
2000-09-13,37.685
2000-09-14,36.361
2000-09-15,34.979
2000-09-16,34.184
2000-09-17,33.019
2000-09-18,31.724
2000-09-19,31.652
2000-09-20,31.836
2000-09-21,31.845
2000-09-22,33.046
2000-09-23,36.512
2000-09-24,40.531
2000-09-25,39.919
2000-09-26,39.038
2000-09-27,39.104
2000-09-28,35.472
2000-09-29,36.152
2000-09-30,38.612
2000-10-01,41.274
2000-10-02,50.168
2000-10-03,65.471
2000-10-04,75.502
2000-10-05,70.084
2000-10-06,65.678
2000-10-07,64.195
2000-10-08,67.388
2000-10-09,69.146
2000-10-10,81.603
2000-10-11,109.125
2000-10-12,123.467
2000-10-13,130.684
2000-10-14,148.089
2000-10-15,172.645
2000-10-16,185.058
2000-10-17,192.279
2000-10-18,207.102
2000-10-19,231.903
2000-10-20,275.676
2000-10-21,327.661
2000-10-22,356.285
2000-10-23,377.304
2000-10-24,402.175
2000-10-25,409.632
2000-10-26,450.547
2000-10-27,522.385
2000-10-28,454.641
2000-10-29,267.266
2000-10-30,186.433
2000-10-31,191.227
2000-11-01,255.277
2000-11-02,494.38
2000-11-03,776.32
2000-11-04,880.173
2000-11-05,916.843
2000-11-06,900.897
2000-11-07,744.352
2000-11-08,510.966
2000-11-09,380.608
2000-11-10,352.972
2000-11-11,336.41
2000-11-12,285.235
2000-11-13,555.051
2000-11-14,1119.075
2000-11-15,1252.179
2000-11-16,890.125
2000-11-17,693.056
2000-11-18,603.39
2000-11-19,568.905
2000-11-20,633.807
2000-11-21,688.329
2000-11-22,653.863
2000-11-23,536.041
2000-11-24,499.524
2000-11-25,479.937
2000-11-26,398.124
2000-11-27,361.415
2000-11-28,405.53
2000-11-29,473.29
2000-11-30,511.164
2000-12-01,581.802
2000-12-02,686.559
2000-12-03,745.878
2000-12-04,811.183
2000-12-05,836.378
2000-12-06,801.937
2000-12-07,715.988
2000-12-08,554.922
2000-12-09,480.331
2000-12-10,542.026
2000-12-11,645.53
2000-12-12,707.696
2000-12-13,589.385
2000-12-14,488.963
2000-12-15,579.445
2000-12-16,725.914
2000-12-17,1079.058
2000-12-18,1365.706
2000-12-19,1101.803
2000-12-20,779.085
2000-12-21,625.561
2000-12-22,634.963
2000-12-23,1027.833
2000-12-24,1357.425
2000-12-25,1152.145
2000-12-26,1339.603
2000-12-27,1650.59
2000-12-28,1335.107
2000-12-29,1076.143
2000-12-30,897.432
2000-12-31,776.485
2001-01-01,736.798
2001-01-02,729.134
2001-01-03,766.156
2001-01-04,818.064
2001-01-05,868.511
2001-01-06,936.338
2001-01-07,947.752
2001-01-08,936.936
2001-01-09,901.045
2001-01-10,917.284
2001-01-11,1001.515
2001-01-12,1077.685
2001-01-13,1314.476
2001-01-14,1571.022
2001-01-15,1624.602
2001-01-16,1486.448
2001-01-17,1400.416
2001-01-18,1595.567
2001-01-19,1815.053
2001-01-20,1776.889
2001-01-21,1707.169
2001-01-22,1505.122
2001-01-23,1347.256
2001-01-24,1309.415
2001-01-25,1323.849
2001-01-26,1385.228
2001-01-27,1689.059
2001-01-28,2020.265
2001-01-29,1841.548
2001-01-30,1400.64
2001-01-31,1102.848
2001-02-01,1061.668
2001-02-02,1184.353
2001-02-03,1295.914
2001-02-04,1267.722
2001-02-05,1250.84
2001-02-06,1292.405
2001-02-07,1269.039
2001-02-08,1250.43
2001-02-09,1320.882
2001-02-10,1407.918
2001-02-11,1423.599
2001-02-12,1386.133
2001-02-13,1272.053
2001-02-14,1183.495
2001-02-15,1056.243
2001-02-16,932.254
2001-02-17,875.585
2001-02-18,839.073
2001-02-19,840.946
2001-02-20,969.369
2001-02-21,1361.455
2001-02-22,2022.333
2001-02-23,2581.951
2001-02-24,2446.814
2001-02-25,1690.708
2001-02-26,1285.077
2001-02-27,1120.733
2001-02-28,976.904
2001-03-01,888.586
2001-03-02,792.9
2001-03-03,703.009
2001-03-04,710.713
2001-03-05,748.866
2001-03-06,710.21
2001-03-07,750.069
2001-03-08,919.693
2001-03-09,1134.872
2001-03-10,1100.956
2001-03-11,807.743
2001-03-12,659.656
2001-03-13,626.65
2001-03-14,639.224
2001-03-15,671.885
2001-03-16,659.833
2001-03-17,587.242
2001-03-18,543.255
2001-03-19,727.545
2001-03-20,989.72
2001-03-21,947.008
2001-03-22,888.525
2001-03-23,840.448
2001-03-24,788.792
2001-03-25,812.992
2001-03-26,801.164
2001-03-27,709.005
2001-03-28,641.855
2001-03-29,575.831
2001-03-30,527.915
2001-03-31,520.269
2001-04-01,613.696
2001-04-02,728.11
2001-04-03,762.484
2001-04-04,775.835
2001-04-05,818.051
2001-04-06,945.645
2001-04-07,1090.88
2001-04-08,1432.686
2001-04-09,1959.83
2001-04-10,2002.804
2001-04-11,1581.765
2001-04-12,1329.003
2001-04-13,1272.751
2001-04-14,1343.688
2001-04-15,1513.589
2001-04-16,1444.196
2001-04-17,1265.522
2001-04-18,1044.626
2001-04-19,908.239
2001-04-20,1022.561
2001-04-21,1579.19
2001-04-22,2013.863
2001-04-23,1665.228
2001-04-24,1447.429
2001-04-25,1504.686
2001-04-26,1355.239
2001-04-27,1101.817
2001-04-28,955.71
2001-04-29,896.989
2001-04-30,841.16
2001-05-01,773.29
2001-05-02,749.216
2001-05-03,697.801
2001-05-04,654.304
2001-05-05,688.605
2001-05-06,739.26
2001-05-07,774.53
2001-05-08,854.838
2001-05-09,932.28
2001-05-10,987.805
2001-05-11,1054.217
2001-05-12,1012.349
2001-05-13,799.62
2001-05-14,602.392
2001-05-15,522.915
2001-05-16,540.632
2001-05-17,618.41
2001-05-18,689.312
2001-05-19,688.926
2001-05-20,654.99
2001-05-21,668.454
2001-05-22,769.414
2001-05-23,863.049
2001-05-24,784.587
2001-05-25,593.365
2001-05-26,453.773
2001-05-27,392.951
2001-05-28,371.264
2001-05-29,363.498
2001-05-30,372.994
2001-05-31,388.947
2001-06-01,405.988
2001-06-02,420.371
2001-06-03,430.378
2001-06-04,421.56
2001-06-05,385.516
2001-06-06,362.91
2001-06-07,390.588
2001-06-08,435.257
2001-06-09,439.51
2001-06-10,398.778
2001-06-11,353.148
2001-06-12,323.903
2001-06-13,301.052
2001-06-14,277.999
2001-06-15,253.972
2001-06-16,239.531
2001-06-17,238.57
2001-06-18,242.597
2001-06-19,240.487
2001-06-20,241.351
2001-06-21,252.646
2001-06-22,259.825
2001-06-23,253.182
2001-06-24,239.519
2001-06-25,234.021
2001-06-26,247.04
2001-06-27,251.194
2001-06-28,231.15
2001-06-29,206.573
2001-06-30,189.366
2001-07-01,178.76
2001-07-02,174.589
2001-07-03,176.919
2001-07-04,188.064
2001-07-05,202.093
2001-07-06,212.152
2001-07-07,211.972
2001-07-08,193.915
2001-07-09,170.239
2001-07-10,157.125
2001-07-11,153.794
2001-07-12,156.897
2001-07-13,156.218
2001-07-14,148.054
2001-07-15,142.098
2001-07-16,140.386
2001-07-17,138.207
2001-07-18,133.918
2001-07-19,130.079
2001-07-20,126.952
2001-07-21,124.932
2001-07-22,124.04
2001-07-23,124.121
2001-07-24,126.339
2001-07-25,130.383
2001-07-26,135.371
2001-07-27,140.508
2001-07-28,143.511
2001-07-29,144.944
2001-07-30,142.224
2001-07-31,135.933
2001-08-01,145.22
2001-08-02,168.826
2001-08-03,196.853
2001-08-04,237.15
2001-08-05,293.136
2001-08-06,367.703
2001-08-07,407.349
2001-08-08,379.151
2001-08-09,269.59
2001-08-10,165.852
2001-08-11,117.328
2001-08-12,104.398
2001-08-13,110.234
2001-08-14,120.486
2001-08-15,117.862
2001-08-16,109.45
2001-08-17,106.444
2001-08-18,123.325
2001-08-19,159.126
2001-08-20,156.065
2001-08-21,126.322
2001-08-22,116.393
2001-08-23,124.284
2001-08-24,141.768
2001-08-25,178.922
2001-08-26,253.62
2001-08-27,331.712
2001-08-28,378.246
2001-08-29,387.396
2001-08-30,361.605
2001-08-31,334.256
2001-09-01,279.934
2001-09-02,200.772
2001-09-03,154.621
2001-09-04,128.588
2001-09-05,110.049
2001-09-06,100.415
2001-09-07,96.622
2001-09-08,94.16
2001-09-09,93.293
2001-09-10,93.379
2001-09-11,93.212
2001-09-12,90.924
2001-09-13,87.137
2001-09-14,83.541
2001-09-15,82.34
2001-09-16,81.135
2001-09-17,91.279
2001-09-18,264.125
2001-09-19,429.387
2001-09-20,270.2
2001-09-21,148.047
2001-09-22,114.796
2001-09-23,105.329
2001-09-24,101.473
2001-09-25,102.223
2001-09-26,120.811
2001-09-27,160.339
2001-09-28,207.887
2001-09-29,239.333
2001-09-30,305.477
2001-10-01,405.19
2001-10-02,456.505
2001-10-03,435.808
2001-10-04,495.03
2001-10-05,672.228
2001-10-06,836.75
2001-10-07,920.475
2001-10-08,903.607
2001-10-09,854.286
2001-10-10,848.603
2001-10-11,791.2
2001-10-12,726.91
2001-10-13,727.484
2001-10-14,818.788
2001-10-15,833.62
2001-10-16,1095.841
2001-10-17,1314.523
2001-10-18,884.587
2001-10-19,590.795
2001-10-20,530.517
2001-10-21,608.334
2001-10-22,784.807
2001-10-23,986.781
2001-10-24,1101.242
2001-10-25,999.976
2001-10-26,757.987
2001-10-27,585.24
2001-10-28,554.477
2001-10-29,629.596
2001-10-30,728.078
2001-10-31,666.874
2001-11-01,488.723
2001-11-02,430.193
2001-11-03,444.504
2001-11-04,464.742
2001-11-05,492.683
2001-11-06,605.978
2001-11-07,639.895
2001-11-08,663.044
2001-11-09,897.088
2001-11-10,1252.664
2001-11-11,1588.568
2001-11-12,1855.138
2001-11-13,1779.675
2001-11-14,1743.055
2001-11-15,1689.334
2001-11-16,1922.533
2001-11-17,2158.736
2001-11-18,1744.958
2001-11-19,1503.934
2001-11-20,1527.145
2001-11-21,1609.498
2001-11-22,1447.694
2001-11-23,1247.998
2001-11-24,1265.685
2001-11-25,1399.792
2001-11-26,1340.586
2001-11-27,1477.244
2001-11-28,1882.889
2001-11-29,2135.411
2001-11-30,2313.493
2001-12-01,2262.795
2001-12-02,1821.576
2001-12-03,1585.389
2001-12-04,1534.539
2001-12-05,1442.395
2001-12-06,1246.795
2001-12-07,1039.958
2001-12-08,896.364
2001-12-09,845.865
2001-12-10,886.497
2001-12-11,928.899
2001-12-12,945.312
2001-12-13,934.727
2001-12-14,930.738
2001-12-15,905.296
2001-12-16,875.415
2001-12-17,904.433
2001-12-18,1011.6
2001-12-19,1327.5
2001-12-20,1483.382
2001-12-21,1160.363
2001-12-22,949.656
2001-12-23,820.498
2001-12-24,699.037
2001-12-25,611.777
2001-12-26,559.553
2001-12-27,528.935
2001-12-28,526.582
2001-12-29,547.133
2001-12-30,559.501
2001-12-31,527.985
2002-01-01,489.466
2002-01-02,514.415
2002-01-03,584.962
2002-01-04,627.985
2002-01-05,579.102
2002-01-06,540.373
2002-01-07,556.22
2002-01-08,559.015
2002-01-09,591.983
2002-01-10,706.482
2002-01-11,802.732
2002-01-12,856.296
2002-01-13,815.058
2002-01-14,742.907
2002-01-15,777.473
2002-01-16,818.503
2002-01-17,860.978
2002-01-18,1009.479
2002-01-19,1199.266
2002-01-20,1223.025
2002-01-21,1109.166
2002-01-22,968.628
2002-01-23,866.744
2002-01-24,782.006
2002-01-25,896.69
2002-01-26,1116.363
2002-01-27,1215.32
2002-01-28,1249.286
2002-01-29,1228.506
2002-01-30,1141.801
2002-01-31,1060.53
2002-02-01,1108.946
2002-02-02,1467.356
2002-02-03,1647.894
2002-02-04,1408.72
2002-02-05,1268.751
2002-02-06,1271.521
2002-02-07,1381.38
2002-02-08,1485.375
2002-02-09,1460.77
2002-02-10,1357.35
2002-02-11,1235.303
2002-02-12,1107.606
2002-02-13,1002.554
2002-02-14,989.102
2002-02-15,1230.896
2002-02-16,1413.9
2002-02-17,1075.426
2002-02-18,778.385
2002-02-19,668.58
2002-02-20,651.287
2002-02-21,693.678
2002-02-22,753.427
2002-02-23,792.298
2002-02-24,781.441
2002-02-25,792.913
2002-02-26,1227.686
2002-02-27,1688.675
2002-02-28,1433.348
2002-03-01,1210.689
2002-03-02,1053.123
2002-03-03,865.329
2002-03-04,757.059
2002-03-05,789.92
2002-03-06,858.676
2002-03-07,867.883
2002-03-08,835.278
2002-03-09,766.821
2002-03-10,711.575
2002-03-11,687.587
2002-03-12,673.503
2002-03-13,699.747
2002-03-14,790.717
2002-03-15,841.07
2002-03-16,899.893
2002-03-17,1320.332
2002-03-18,2057.294
2002-03-19,2295.468
2002-03-20,1929.592
2002-03-21,1427.173
2002-03-22,1142.69
2002-03-23,1023.61
2002-03-24,1020.42
2002-03-25,1116.215
2002-03-26,1237.163
2002-03-27,1292.212
2002-03-28,1183.052
2002-03-29,1124.938
2002-03-30,1150.324
2002-03-31,1158.531
2002-04-01,1163.877
2002-04-02,1180.626
2002-04-03,1256.436
2002-04-04,1327.62
2002-04-05,1279.092
2002-04-06,1138.823
2002-04-07,1005.637
2002-04-08,1040.198
2002-04-09,1154.173
2002-04-10,1214.62
2002-04-11,1601.661
2002-04-12,1819.497
2002-04-13,1466.172
2002-04-14,1214.208
2002-04-15,1074.553
2002-04-16,951.931
2002-04-17,902.219
2002-04-18,979.736
2002-04-19,1067.65
2002-04-20,1129.728
2002-04-21,1177.524
2002-04-22,1124.979
2002-04-23,997.539
2002-04-24,892.405
2002-04-25,903.884
2002-04-26,1064.428
2002-04-27,1215.357
2002-04-28,1194.766
2002-04-29,1151.681
2002-04-30,1140.746
2002-05-01,1326.094
2002-05-02,1459.988
2002-05-03,1758.395
2002-05-04,1936.21
2002-05-05,1807.468
2002-05-06,1649.034
2002-05-07,1542.443
2002-05-08,1544.306
2002-05-09,1610.202
2002-05-10,1609.84
2002-05-11,1615.131
2002-05-12,1805.713
2002-05-13,2053.709
2002-05-14,2249.995
2002-05-15,2316.287
2002-05-16,2368.667
2002-05-17,2299.711
2002-05-18,2177.276
2002-05-19,2234.758
2002-05-20,2240.751
2002-05-21,2027.512
2002-05-22,1802.037
2002-05-23,1713.126
2002-05-24,1772.832
2002-05-25,2059.536
2002-05-26,2043.225
2002-05-27,1438.779
2002-05-28,1035.256
2002-05-29,918.614
2002-05-30,890.031
2002-05-31,865.388
2002-06-01,815.257
2002-06-02,750.352
2002-06-03,693.764
2002-06-04,656.555
2002-06-05,629.998
2002-06-06,604.188
2002-06-07,575.835
2002-06-08,547.444
2002-06-09,522.653
2002-06-10,501.669
2002-06-11,482.508
2002-06-12,463.688
2002-06-13,445.071
2002-06-14,427.047
2002-06-15,410.545
2002-06-16,395.23
2002-06-17,380.895
2002-06-18,368.084
2002-06-19,356.122
2002-06-20,343.476
2002-06-21,331.142
2002-06-22,320.106
2002-06-23,309.935
2002-06-24,300.14
2002-06-25,290.884
2002-06-26,282.242
2002-06-27,274.855
2002-06-28,269.087
2002-06-29,263.923
2002-06-30,256.681
2002-07-01,247.316
2002-07-02,238.704
2002-07-03,232.056
2002-07-04,226.68
2002-07-05,222.92
2002-07-06,222.176
2002-07-07,218.212
2002-07-08,208.468
2002-07-09,199.881
2002-07-10,194.338
2002-07-11,190.741
2002-07-12,189.569
2002-07-13,190.084
2002-07-14,191.65
2002-07-15,187.675
2002-07-16,176.356
2002-07-17,167.57
2002-07-18,162.373
2002-07-19,158.1
2002-07-20,154.251
2002-07-21,150.782
2002-07-22,147.388
2002-07-23,144.167
2002-07-24,141.053
2002-07-25,138.133
2002-07-26,135.391
2002-07-27,132.834
2002-07-28,130.592
2002-07-29,128.129
2002-07-30,125.542
2002-07-31,123.914
2002-08-01,123.68
2002-08-02,125.13
2002-08-03,125.29
2002-08-04,122.045
2002-08-05,117.895
2002-08-06,115.285
2002-08-07,112.756
2002-08-08,108.914
2002-08-09,105.432
2002-08-10,103.152
2002-08-11,101.587
2002-08-12,100.134
2002-08-13,98.92
2002-08-14,100.454
2002-08-15,107.769
2002-08-16,113.716
2002-08-17,108.226
2002-08-18,99.593
2002-08-19,101.699
2002-08-20,114.068
2002-08-21,116.279
2002-08-22,107.85
2002-08-23,109.641
2002-08-24,119.665
2002-08-25,112.983
2002-08-26,93.984
2002-08-27,83.184
2002-08-28,80.218
2002-08-29,80.33
2002-08-30,83.294
2002-08-31,88.343
2002-09-01,87.729
2002-09-02,80.629
2002-09-03,75.161
2002-09-04,72.684
2002-09-05,71.362
2002-09-06,70.214
2002-09-07,69.675
2002-09-08,69.638
2002-09-09,70.708
2002-09-10,72.268
2002-09-11,72.347
2002-09-12,72.425
2002-09-13,72.957
2002-09-14,72.925
2002-09-15,72.728
2002-09-16,74.112
2002-09-17,78.502
2002-09-18,76.892
2002-09-19,68.976
2002-09-20,64.8
2002-09-21,64.347
2002-09-22,67.652
2002-09-23,82.911
2002-09-24,100.468
2002-09-25,105.199
2002-09-26,104.598
2002-09-27,105.281
2002-09-28,111.156
2002-09-29,100.722
2002-09-30,75.11
2002-10-01,59.887
2002-10-02,56.327
2002-10-03,55.184
2002-10-04,54.041
2002-10-05,53.139
2002-10-06,52.825
2002-10-07,54.64
2002-10-08,57.139
2002-10-09,57.86
2002-10-10,60.866
2002-10-11,61.917
2002-10-12,58.344
2002-10-13,55.434
2002-10-14,60.451
2002-10-15,89.858
2002-10-16,140.114
2002-10-17,159.965
2002-10-18,144.853
2002-10-19,132.877
2002-10-20,122.018
2002-10-21,111.882
2002-10-22,123.475
2002-10-23,150.905
2002-10-24,180.302
2002-10-25,193.312
2002-10-26,187.557
2002-10-27,150.781
2002-10-28,110.03
2002-10-29,111.671
2002-10-30,162.366
2002-10-31,176.016
2002-11-01,189.061
2002-11-02,267.607
2002-11-03,347.198
2002-11-04,379.411
2002-11-05,400.593
2002-11-06,361.477
2002-11-07,308.864
2002-11-08,324.938
2002-11-09,427.791
2002-11-10,542.305
2002-11-11,494.559
2002-11-12,448.482
2002-11-13,525.579
2002-11-14,698.072
2002-11-15,888.751
2002-11-16,1024.802
2002-11-17,1060.676
2002-11-18,862.539
2002-11-19,669.86
2002-11-20,618.342
2002-11-21,691.769
2002-11-22,697.668
2002-11-23,659.128
2002-11-24,716.324
2002-11-25,768.588
2002-11-26,752.336
2002-11-27,792.492
2002-11-28,901.485
2002-11-29,1031.221
2002-11-30,1096.528
2002-12-01,1174.357
2002-12-02,1215.96
2002-12-03,1150.964
2002-12-04,1089.658
2002-12-05,1002.072
2002-12-06,827.31
2002-12-07,746.129
2002-12-08,1095.542
2002-12-09,1386.609
2002-12-10,1042.262
2002-12-11,721.71
2002-12-12,622.561
2002-12-13,611.041
2002-12-14,613.552
2002-12-15,559.179
2002-12-16,487.612
2002-12-17,495.535
2002-12-18,625.248
2002-12-19,766.387
2002-12-20,852.55
2002-12-21,972.589
2002-12-22,1060.123
2002-12-23,1028.487
2002-12-24,925.336
2002-12-25,797.63
2002-12-26,734.495
2002-12-27,768.594
2002-12-28,805.114
2002-12-29,870.712
2002-12-30,904.474
2002-12-31,929.258
2003-01-01,1136.126
2003-01-02,1337.395
2003-01-03,1150.241
2003-01-04,1063.188
2003-01-05,1135.871
2003-01-06,1391.654
2003-01-07,1559.148
2003-01-08,1432.789
2003-01-09,1211.905
2003-01-10,1083.072
2003-01-11,1049.96
2003-01-12,967.747
2003-01-13,854.66
2003-01-14,828.531
2003-01-15,865.574
2003-01-16,975.237
2003-01-17,1106.737
2003-01-18,1180.653
2003-01-19,1228.257
2003-01-20,1185.506
2003-01-21,1098.088
2003-01-22,1088.31
2003-01-23,1062.402
2003-01-24,951.212
2003-01-25,858.423
2003-01-26,771.321
2003-01-27,683.395
2003-01-28,624.045
2003-01-29,560.645
2003-01-30,508.747
2003-01-31,500.721
2003-02-01,542.932
2003-02-02,699.745
2003-02-03,1088.972
2003-02-04,1539.271
2003-02-05,1420.878
2003-02-06,890.316
2003-02-07,587.831
2003-02-08,558.516
2003-02-09,585.523
2003-02-10,590.668
2003-02-11,573.208
2003-02-12,542.263
2003-02-13,497.682
2003-02-14,430.072
2003-02-15,370.523
2003-02-16,330.616
2003-02-17,304.506
2003-02-18,289.814
2003-02-19,288.933
2003-02-20,300.693
2003-02-21,321.63
2003-02-22,361.16
2003-02-23,395.069
2003-02-24,461.15
2003-02-25,578.98
2003-02-26,658.43
2003-02-27,649.048
2003-02-28,598.819
2003-03-01,582.581
2003-03-02,629.799
2003-03-03,701.047
2003-03-04,782.433
2003-03-05,790.152
2003-03-06,652.915
2003-03-07,486.914
2003-03-08,371.873
2003-03-09,312.814
2003-03-10,288.479
2003-03-11,284.448
2003-03-12,323.757
2003-03-13,438.353
2003-03-14,560.038
2003-03-15,651.169
2003-03-16,659.359
2003-03-17,533.033
2003-03-18,398.667
2003-03-19,361.32
2003-03-20,341.797
2003-03-21,303.851
2003-03-22,339.283
2003-03-23,629.123
2003-03-24,883.799
2003-03-25,709.633
2003-03-26,628.004
2003-03-27,651.643
2003-03-28,625.752
2003-03-29,542.427
2003-03-30,480.523
2003-03-31,444.307
2003-04-01,404.517
2003-04-02,380.464
2003-04-03,396.61
2003-04-04,487.95
2003-04-05,631.121
2003-04-06,745.265
2003-04-07,1010.66
2003-04-08,1253.285
2003-04-09,1040.295
2003-04-10,739.328
2003-04-11,637.928
2003-04-12,685.357
2003-04-13,728.525
2003-04-14,694.206
2003-04-15,639.944
2003-04-16,651.395
2003-04-17,623.563
2003-04-18,534.046
2003-04-19,478.797
2003-04-20,512.855
2003-04-21,558.673
2003-04-22,514.453
2003-04-23,440.479
2003-04-24,400.118
2003-04-25,411.694
2003-04-26,491.33
2003-04-27,611.269
2003-04-28,710.512
2003-04-29,685.645
2003-04-30,685.125
2003-05-01,815.196
2003-05-02,987.637
2003-05-03,1036.998
2003-05-04,1063.567
2003-05-05,1170.148
2003-05-06,1247.781
2003-05-07,1235.984
2003-05-08,1173.891
2003-05-09,955.434
2003-05-10,787.698
2003-05-11,769.43
2003-05-12,1078.609
2003-05-13,1468.236
2003-05-14,1340.342
2003-05-15,1473.727
2003-05-16,1657.577
2003-05-17,1267.277
2003-05-18,1064.864
2003-05-19,1076.563
2003-05-20,1044.458
2003-05-21,1036.438
2003-05-22,1297.64
2003-05-23,1604.414
2003-05-24,1485.681
2003-05-25,1307.031
2003-05-26,941.297
2003-05-27,754.173
2003-05-28,755.734
2003-05-29,820.585
2003-05-30,836.24
2003-05-31,712.785
2003-06-01,570.335
2003-06-02,484.888
2003-06-03,436.65
2003-06-04,405.781
2003-06-05,391.305
2003-06-06,384.007
2003-06-07,376.651
2003-06-08,372.948
2003-06-09,386.756
2003-06-10,412.341
2003-06-11,420.13
2003-06-12,413.607
2003-06-13,392.065
2003-06-14,347.004
2003-06-15,306.485
2003-06-16,293.577
2003-06-17,291.581
2003-06-18,285.76
2003-06-19,279.311
2003-06-20,279.987
2003-06-21,289.618
2003-06-22,279.086
2003-06-23,249.416
2003-06-24,230.484
2003-06-25,221.94
2003-06-26,214.552
2003-06-27,207.549
2003-06-28,201.633
2003-06-29,197.805
2003-06-30,198.857
2003-07-01,207.625
2003-07-02,216.099
2003-07-03,210.362
2003-07-04,202.51
2003-07-05,199.237
2003-07-06,199.892
2003-07-07,193.663
2003-07-08,177.206
2003-07-09,170.159
2003-07-10,175.45
2003-07-11,192.251
2003-07-12,211.51
2003-07-13,222.475
2003-07-14,220.603
2003-07-15,201.334
2003-07-16,176.841
2003-07-17,160.793
2003-07-18,167.378
2003-07-19,191.882
2003-07-20,222.172
2003-07-21,234.612
2003-07-22,211.885
2003-07-23,175.364
2003-07-24,154.038
2003-07-25,146.909
2003-07-26,143.507
2003-07-27,141.471
2003-07-28,139.831
2003-07-29,136.388
2003-07-30,131.192
2003-07-31,126.766
2003-08-01,123.385
2003-08-02,120.987
2003-08-03,124.797
2003-08-04,133.495
2003-08-05,139.686
2003-08-06,141.032
2003-08-07,136.982
2003-08-08,134.051
2003-08-09,125.907
2003-08-10,111.139
2003-08-11,101.647
2003-08-12,97.843
2003-08-13,95.673
2003-08-14,93.875
2003-08-15,92.285
2003-08-16,90.877
2003-08-17,89.548
2003-08-18,88.273
2003-08-19,87.132
2003-08-20,87.345
2003-08-21,87.194
2003-08-22,85.024
2003-08-23,82.232
2003-08-24,82.957
2003-08-25,89.857
2003-08-26,99.752
2003-08-27,97.725
2003-08-28,88.967
2003-08-29,83.522
2003-08-30,80.684
2003-08-31,76.763
2003-09-01,78.248
2003-09-02,88.424
2003-09-03,106.472
2003-09-04,110.371
2003-09-05,96.864
2003-09-06,89.912
2003-09-07,87.081
2003-09-08,83.479
2003-09-09,85.043
2003-09-10,102.134
2003-09-11,117.898
2003-09-12,108.045
2003-09-13,90.104
2003-09-14,80.607
2003-09-15,86.605
2003-09-16,95.902
2003-09-17,88.368
2003-09-18,97.875
2003-09-19,132.128
2003-09-20,170.619
2003-09-21,199.848
2003-09-22,249.09
2003-09-23,285.351
2003-09-24,251.055
2003-09-25,194.613
2003-09-26,186.042
2003-09-27,186.887
2003-09-28,192.655
2003-09-29,184.083
2003-09-30,141.047
2003-10-01,118.92
2003-10-02,120.665
2003-10-03,125.863
2003-10-04,138.063
2003-10-05,166.488
2003-10-06,186.573
2003-10-07,174.07
2003-10-08,154.046
2003-10-09,142.13
2003-10-10,129.817
2003-10-11,115.339
2003-10-12,109.635
2003-10-13,141.237
2003-10-14,161.304
2003-10-15,138.535
2003-10-16,131.459
2003-10-17,140.15
2003-10-18,181.715
2003-10-19,252.268
2003-10-20,350.267
2003-10-21,486.393
2003-10-22,620.683
2003-10-23,728.614
2003-10-24,681.351
2003-10-25,474.13
2003-10-26,268.41
2003-10-27,162.217
2003-10-28,127.776
2003-10-29,142.039
2003-10-30,189.801
2003-10-31,284.558
2003-11-01,379.259
2003-11-02,417.713
2003-11-03,484.838
2003-11-04,550.367
2003-11-05,510.406
2003-11-06,381.387
2003-11-07,306.061
2003-11-08,292.377
2003-11-09,317.55
2003-11-10,362.817
2003-11-11,480.872
2003-11-12,674.031
2003-11-13,814.549
2003-11-14,730.881
2003-11-15,588.083
2003-11-16,604.232
2003-11-17,714.006
2003-11-18,813.242
2003-11-19,884.739
2003-11-20,893.891
2003-11-21,859.701
2003-11-22,879.055
2003-11-23,820.87
2003-11-24,653.453
2003-11-25,499.189
2003-11-26,445.687
2003-11-27,450.774
2003-11-28,505.819
2003-11-29,654.196
2003-11-30,823.45
2003-12-01,771.758
2003-12-02,527.968
2003-12-03,362.247
2003-12-04,320.924
2003-12-05,332.61
2003-12-06,353.76
2003-12-07,403.699
2003-12-08,487.485
2003-12-09,611.741
2003-12-10,692.183
2003-12-11,725.082
2003-12-12,733.772
2003-12-13,752.184
2003-12-14,783.402
2003-12-15,854.484
2003-12-16,923.996
2003-12-17,835.86
2003-12-18,771.056
2003-12-19,884.505
2003-12-20,1012.328
2003-12-21,871.36
2003-12-22,702.222
2003-12-23,652.516
2003-12-24,613.032
2003-12-25,608.537
2003-12-26,715.976
2003-12-27,769.92
2003-12-28,736.62
2003-12-29,662.424
2003-12-30,561.227
2003-12-31,486.689
2004-01-01,475.692
2004-01-02,478.446
2004-01-03,495.589
2004-01-04,544.895
2004-01-05,635.878
2004-01-06,708.689
2004-01-07,629.593
2004-01-08,503.908
2004-01-09,434.712
2004-01-10,384.485
2004-01-11,343.078
2004-01-12,308.774
2004-01-13,295.839
2004-01-14,338.505
2004-01-15,439.39
2004-01-16,511.778
2004-01-17,508.445
2004-01-18,481.7
2004-01-19,440.097
2004-01-20,386.305
2004-01-21,335.389
2004-01-22,289.218
2004-01-23,266.199
2004-01-24,293.346
2004-01-25,347.872
2004-01-26,390.741
2004-01-27,472.266
2004-01-28,569.489
2004-01-29,673.965
2004-01-30,728.81
2004-01-31,674.18
2004-02-01,681.26
2004-02-02,1103.028
2004-02-03,1469.828
2004-02-04,1119.893
2004-02-05,880.784
2004-02-06,876.892
2004-02-07,886.455
2004-02-08,789.532
2004-02-09,597.715
2004-02-10,440.472
2004-02-11,381.013
2004-02-12,364.149
2004-02-13,356.167
2004-02-14,384.285
2004-02-15,451.198
2004-02-16,528.297
2004-02-17,620.465
2004-02-18,704.568
2004-02-19,679.966
2004-02-20,576.172
2004-02-21,525.699
2004-02-22,460.676
2004-02-23,374.14
2004-02-24,353.418
2004-02-25,361.28
2004-02-26,368.687
2004-02-27,329.646
2004-02-28,311.765
2004-02-29,363.085
2004-03-01,458.322
2004-03-02,616.104
2004-03-03,942.809
2004-03-04,1132.631
2004-03-05,937.264
2004-03-06,954.814
2004-03-07,1128.763
2004-03-08,1051.003
2004-03-09,933.375
2004-03-10,893.699
2004-03-11,862.075
2004-03-12,1060.471
2004-03-13,1298.598
2004-03-14,1187.166
2004-03-15,975.091
2004-03-16,868.505
2004-03-17,910.587
2004-03-18,962.398
2004-03-19,952.692
2004-03-20,890.391
2004-03-21,865.561
2004-03-22,882.608
2004-03-23,914.123
2004-03-24,1031.173
2004-03-25,1193.116
2004-03-26,1302.095
2004-03-27,1256.713
2004-03-28,1113.33
2004-03-29,974.332
2004-03-30,822.157
2004-03-31,700.681
2004-04-01,622.166
2004-04-02,625.204
2004-04-03,716.434
2004-04-04,826.372
2004-04-05,892.868
2004-04-06,903.608
2004-04-07,761.633
2004-04-08,602.402
2004-04-09,573.755
2004-04-10,693.493
2004-04-11,805.438
2004-04-12,816.298
2004-04-13,844.201
2004-04-14,1047.888
2004-04-15,1264.871
2004-04-16,1140.04
2004-04-17,1021.838
2004-04-18,1049.942
2004-04-19,1433.548
2004-04-20,1803.084
2004-04-21,1615.206
2004-04-22,1290.283
2004-04-23,1225.59
2004-04-24,1301.433
2004-04-25,1263.154
2004-04-26,1244.942
2004-04-27,1341.34
2004-04-28,1451.918
2004-04-29,1477.894
2004-04-30,1364.855
2004-05-01,1141.348
2004-05-02,955.039
2004-05-03,858.221
2004-05-04,847.822
2004-05-05,854.157
2004-05-06,819.417
2004-05-07,802.016
2004-05-08,816.551
2004-05-09,839.537
2004-05-10,877.389
2004-05-11,900.391
2004-05-12,838.915
2004-05-13,768.022
2004-05-14,717.303
2004-05-15,693.0
2004-05-16,743.227
2004-05-17,788.071
2004-05-18,737.816
2004-05-19,659.38
2004-05-20,571.437
2004-05-21,484.872
2004-05-22,581.13
2004-05-23,953.674
2004-05-24,1086.69
2004-05-25,801.231
2004-05-26,573.984
2004-05-27,471.382
2004-05-28,433.34
2004-05-29,415.308
2004-05-30,391.714
2004-05-31,362.617
2004-06-01,337.137
2004-06-02,323.502
2004-06-03,312.491
2004-06-04,298.551
2004-06-05,290.594
2004-06-06,282.104
2004-06-07,268.101
2004-06-08,256.388
2004-06-09,248.078
2004-06-10,241.162
2004-06-11,236.768
2004-06-12,235.913
2004-06-13,242.997
2004-06-14,260.741
2004-06-15,275.774
2004-06-16,274.997
2004-06-17,251.301
2004-06-18,226.142
2004-06-19,210.552
2004-06-20,196.479
2004-06-21,187.538
2004-06-22,182.155
2004-06-23,178.608
2004-06-24,174.735
2004-06-25,170.14
2004-06-26,165.655
2004-06-27,161.477
2004-06-28,159.518
2004-06-29,167.453
2004-06-30,175.812
2004-07-01,174.688
2004-07-02,179.148
2004-07-03,179.542
2004-07-04,163.978
2004-07-05,145.09
2004-07-06,134.919
2004-07-07,131.487
2004-07-08,132.328
2004-07-09,137.928
2004-07-10,147.398
2004-07-11,145.266
2004-07-12,130.225
2004-07-13,119.629
2004-07-14,115.045
2004-07-15,112.087
2004-07-16,109.484
2004-07-17,107.134
2004-07-18,104.869
2004-07-19,102.635
2004-07-20,100.488
2004-07-21,98.365
2004-07-22,96.306
2004-07-23,94.41
2004-07-24,92.827
2004-07-25,91.523
2004-07-26,90.091
2004-07-27,88.467
2004-07-28,86.943
2004-07-29,85.455
2004-07-30,84.248
2004-07-31,84.052
2004-08-01,82.539
2004-08-02,80.593
2004-08-03,78.705
2004-08-04,78.492
2004-08-05,79.726
2004-08-06,80.889
2004-08-07,87.542
2004-08-08,101.053
2004-08-09,123.002
2004-08-10,145.952
2004-08-11,149.626
2004-08-12,125.185
2004-08-13,95.015
2004-08-14,82.971
2004-08-15,91.85
2004-08-16,105.364
2004-08-17,108.21
2004-08-18,101.014
2004-08-19,87.258
2004-08-20,75.201
2004-08-21,70.271
2004-08-22,77.655
2004-08-23,111.62
2004-08-24,161.323
2004-08-25,204.418
2004-08-26,242.387
2004-08-27,253.243
2004-08-28,247.569
2004-08-29,236.938
2004-08-30,194.331
2004-08-31,154.75
2004-09-01,127.471
2004-09-02,99.822
2004-09-03,77.828
2004-09-04,63.047
2004-09-05,56.672
2004-09-06,55.367
2004-09-07,57.095
2004-09-08,61.167
2004-09-09,77.718
2004-09-10,98.374
2004-09-11,99.72
2004-09-12,84.055
2004-09-13,84.732
2004-09-14,92.508
2004-09-15,91.821
2004-09-16,118.962
2004-09-17,198.908
2004-09-18,294.536
2004-09-19,467.916
2004-09-20,634.808
2004-09-21,538.878
2004-09-22,478.367
2004-09-23,439.372
2004-09-24,341.058
2004-09-25,241.967
2004-09-26,156.192
2004-09-27,109.159
2004-09-28,92.728
2004-09-29,84.479
2004-09-30,83.002
2004-10-01,93.022
2004-10-02,114.392
2004-10-03,171.658
2004-10-04,248.541
2004-10-05,299.559
2004-10-06,327.241
2004-10-07,324.483
2004-10-08,293.828
2004-10-09,288.149
2004-10-10,335.388
2004-10-11,447.588
2004-10-12,610.213
2004-10-13,686.308
2004-10-14,572.429
2004-10-15,416.171
2004-10-16,347.381
2004-10-17,344.095
2004-10-18,336.893
2004-10-19,300.865
2004-10-20,241.792
2004-10-21,176.742
2004-10-22,152.708
2004-10-23,165.947
2004-10-24,163.885
2004-10-25,164.52
2004-10-26,162.242
2004-10-27,155.795
2004-10-28,184.88
2004-10-29,216.85
2004-10-30,257.556
2004-10-31,328.931
2004-11-01,334.244
2004-11-02,275.057
2004-11-03,243.417
2004-11-04,221.71
2004-11-05,243.328
2004-11-06,295.755
2004-11-07,367.595
2004-11-08,495.019
2004-11-09,592.056
2004-11-10,716.219
2004-11-11,844.11
2004-11-12,862.795
2004-11-13,790.852
2004-11-14,727.756
2004-11-15,739.879
2004-11-16,858.511
2004-11-17,930.996
2004-11-18,884.239
2004-11-19,796.311
2004-11-20,712.023
2004-11-21,715.274
2004-11-22,790.267
2004-11-23,859.325
2004-11-24,902.477
2004-11-25,935.515
2004-11-26,970.917
2004-11-27,990.583
2004-11-28,931.48
2004-11-29,829.197
2004-11-30,732.538
2004-12-01,686.801
2004-12-02,707.059
2004-12-03,737.572
2004-12-04,698.043
2004-12-05,686.753
2004-12-06,852.451
2004-12-07,1068.654
2004-12-08,1068.682
2004-12-09,1007.813
2004-12-10,982.007
2004-12-11,886.065
2004-12-12,704.854
2004-12-13,595.435
2004-12-14,542.409
2004-12-15,527.482
2004-12-16,609.833
2004-12-17,681.69
2004-12-18,692.989
2004-12-19,664.597
2004-12-20,682.665
2004-12-21,742.005
2004-12-22,808.662
2004-12-23,863.535
2004-12-24,828.7
2004-12-25,745.857
2004-12-26,748.922
2004-12-27,779.745
2004-12-28,747.375
2004-12-29,772.7
2004-12-30,878.317
2004-12-31,968.781
2005-01-01,975.26
2005-01-02,959.13
2005-01-03,978.291
2005-01-04,911.826
2005-01-05,900.238
2005-01-06,966.96
2005-01-07,994.809
2005-01-08,947.084
2005-01-09,779.365
2005-01-10,623.072
2005-01-11,564.244
2005-01-12,638.973
2005-01-13,802.285
2005-01-14,922.651
2005-01-15,929.334
2005-01-16,835.283
2005-01-17,766.56
2005-01-18,838.31
2005-01-19,880.749
2005-01-20,806.76
2005-01-21,788.972
2005-01-22,810.18
2005-01-23,754.604
2005-01-24,723.227
2005-01-25,724.342
2005-01-26,754.018
2005-01-27,863.38
2005-01-28,1009.294
2005-01-29,1087.8
2005-01-30,1031.127
2005-01-31,835.153
2005-02-01,626.691
2005-02-02,513.151
2005-02-03,470.93
2005-02-04,445.048
2005-02-05,412.96
2005-02-06,384.938
2005-02-07,394.742
2005-02-08,431.425
2005-02-09,466.167
2005-02-10,511.138
2005-02-11,568.041
2005-02-12,631.92
2005-02-13,665.127
2005-02-14,670.584
2005-02-15,745.828
2005-02-16,920.12
2005-02-17,1046.383
2005-02-18,874.137
2005-02-19,634.872
2005-02-20,460.223
2005-02-21,425.11
2005-02-22,512.695
2005-02-23,604.144
2005-02-24,620.335
2005-02-25,555.191
2005-02-26,464.345
2005-02-27,356.57
2005-02-28,286.868
2005-03-01,264.663
2005-03-02,260.084
2005-03-03,256.688
2005-03-04,253.842
2005-03-05,266.02
2005-03-06,283.287
2005-03-07,277.901
2005-03-08,272.587
2005-03-09,279.022
2005-03-10,283.271
2005-03-11,284.06
2005-03-12,330.07
2005-03-13,421.52
2005-03-14,504.953
2005-03-15,514.377
2005-03-16,495.57
2005-03-17,481.82
2005-03-18,467.206
2005-03-19,478.185
2005-03-20,494.921
2005-03-21,553.652
2005-03-22,632.876
2005-03-23,646.05
2005-03-24,586.235
2005-03-25,478.876
2005-03-26,413.052
2005-03-27,424.617
2005-03-28,552.254
2005-03-29,767.92
2005-03-30,943.35
2005-03-31,1273.759
2005-04-01,1601.847
2005-04-02,1467.84
2005-04-03,1263.117
2005-04-04,1142.008
2005-04-05,1154.954
2005-04-06,1159.438
2005-04-07,1106.23
2005-04-08,1070.448
2005-04-09,1004.425
2005-04-10,832.03
2005-04-11,708.068
2005-04-12,650.635
2005-04-13,646.598
2005-04-14,673.384
2005-04-15,666.241
2005-04-16,638.46
2005-04-17,600.797
2005-04-18,600.848
2005-04-19,693.082
2005-04-20,1136.225
2005-04-21,1595.522
2005-04-22,1622.728
2005-04-23,1564.943
2005-04-24,1247.193
2005-04-25,1039.312
2005-04-26,989.567
2005-04-27,974.962
2005-04-28,908.04
2005-04-29,821.17
2005-04-30,768.08
2005-05-01,726.227
2005-05-02,692.508
2005-05-03,687.632
2005-05-04,753.205
2005-05-05,767.975
2005-05-06,685.111
2005-05-07,592.765
2005-05-08,545.47
2005-05-09,545.413
2005-05-10,537.515
2005-05-11,594.855
2005-05-12,779.581
2005-05-13,891.45
2005-05-14,901.881
2005-05-15,934.029
2005-05-16,955.247
2005-05-17,1081.24
2005-05-18,1450.56
2005-05-19,1604.737
2005-05-20,1360.865
2005-05-21,1304.906
2005-05-22,1349.4
2005-05-23,1269.508
2005-05-24,1119.467
2005-05-25,1004.898
2005-05-26,928.195
2005-05-27,835.892
2005-05-28,775.198
2005-05-29,724.502
2005-05-30,659.059
2005-05-31,626.782
2005-06-01,636.365
2005-06-02,656.649
2005-06-03,667.51
2005-06-04,651.893
2005-06-05,655.554
2005-06-06,654.257
2005-06-07,640.179
2005-06-08,612.932
2005-06-09,632.413
2005-06-10,707.253
2005-06-11,764.166
2005-06-12,806.392
2005-06-13,864.953
2005-06-14,888.657
2005-06-15,806.615
2005-06-16,692.981
2005-06-17,614.017
2005-06-18,548.704
2005-06-19,483.93
2005-06-20,429.297
2005-06-21,391.873
2005-06-22,394.393
2005-06-23,429.9
2005-06-24,472.534
2005-06-25,475.381
2005-06-26,448.469
2005-06-27,412.227
2005-06-28,370.178
2005-06-29,331.898
2005-06-30,316.087
2005-07-01,304.437
2005-07-02,288.218
2005-07-03,290.887
2005-07-04,333.718
2005-07-05,365.225
2005-07-06,336.114
2005-07-07,293.076
2005-07-08,265.366
2005-07-09,250.522
2005-07-10,235.973
2005-07-11,224.46
2005-07-12,221.654
2005-07-13,228.543
2005-07-14,234.817
2005-07-15,234.472
2005-07-16,230.014
2005-07-17,221.439
2005-07-18,207.878
2005-07-19,193.157
2005-07-20,182.311
2005-07-21,175.192
2005-07-22,170.195
2005-07-23,166.61
2005-07-24,163.785
2005-07-25,161.171
2005-07-26,157.794
2005-07-27,153.166
2005-07-28,148.63
2005-07-29,144.872
2005-07-30,141.671
2005-07-31,138.913
2005-08-01,137.703
2005-08-02,138.005
2005-08-03,136.379
2005-08-04,133.274
2005-08-05,128.967
2005-08-06,125.765
2005-08-07,122.392
2005-08-08,119.19
2005-08-09,117.132
2005-08-10,115.655
2005-08-11,121.216
2005-08-12,125.937
2005-08-13,118.244
2005-08-14,112.106
2005-08-15,110.295
2005-08-16,113.151
2005-08-17,114.663
2005-08-18,113.088
2005-08-19,114.483
2005-08-20,117.871
2005-08-21,125.704
2005-08-22,140.51
2005-08-23,155.382
2005-08-24,174.584
2005-08-25,197.29
2005-08-26,202.519
2005-08-27,189.249
2005-08-28,195.66
2005-08-29,242.745
2005-08-30,331.032
2005-08-31,705.461
2005-09-01,1060.14
2005-09-02,843.683
2005-09-03,639.494
2005-09-04,547.541
2005-09-05,464.923
2005-09-06,352.833
2005-09-07,222.345
2005-09-08,140.405
2005-09-09,157.036
2005-09-10,189.034
2005-09-11,151.014
2005-09-12,133.979
2005-09-13,131.117
2005-09-14,141.107
2005-09-15,145.21
2005-09-16,121.217
2005-09-17,109.859
2005-09-18,149.179
2005-09-19,241.049
2005-09-20,312.994
2005-09-21,369.838
2005-09-22,488.227
2005-09-23,566.667
2005-09-24,481.417
2005-09-25,322.621
2005-09-26,220.815
2005-09-27,215.129
2005-09-28,239.815
2005-09-29,297.216
2005-09-30,365.925
2005-10-01,330.041
2005-10-02,277.91
2005-10-03,295.974
2005-10-04,384.031
2005-10-05,483.369
2005-10-06,504.878
2005-10-07,440.396
2005-10-08,331.965
2005-10-09,223.638
2005-10-10,166.131
2005-10-11,164.127
2005-10-12,181.651
2005-10-13,211.911
2005-10-14,268.224
2005-10-15,311.39
2005-10-16,314.826
2005-10-17,313.522
2005-10-18,290.313
2005-10-19,277.622
2005-10-20,303.806
2005-10-21,372.392
2005-10-22,458.59
2005-10-23,462.568
2005-10-24,374.984
2005-10-25,333.454
2005-10-26,391.263
2005-10-27,563.585
2005-10-28,739.456
2005-10-29,861.488
2005-10-30,883.053
2005-10-31,946.675
2005-11-01,934.906
2005-11-02,739.755
2005-11-03,698.639
2005-11-04,1038.703
2005-11-05,1360.039
2005-11-06,1220.686
2005-11-07,1106.362
2005-11-08,1029.485
2005-11-09,970.82
2005-11-10,1009.791
2005-11-11,1102.44
2005-11-12,1152.685
2005-11-13,1006.363
2005-11-14,740.522
2005-11-15,521.419
2005-11-16,411.412
2005-11-17,461.327
2005-11-18,654.62
2005-11-19,852.414
2005-11-20,945.917
2005-11-21,946.188
2005-11-22,851.14
2005-11-23,764.73
2005-11-24,715.039
2005-11-25,661.868
2005-11-26,594.056
2005-11-27,543.242
2005-11-28,495.258
2005-11-29,473.902
2005-11-30,567.675
2005-12-01,662.865
2005-12-02,610.529
2005-12-03,543.605
2005-12-04,480.833
2005-12-05,441.323
2005-12-06,449.252
2005-12-07,498.981
2005-12-08,587.885
2005-12-09,713.513
2005-12-10,847.175
2005-12-11,960.214
2005-12-12,916.19
2005-12-13,798.402
2005-12-14,776.423
2005-12-15,799.307
2005-12-16,784.281
2005-12-17,782.401
2005-12-18,785.545
2005-12-19,693.99
2005-12-20,566.171
2005-12-21,504.209
2005-12-22,489.292
2005-12-23,459.682
2005-12-24,388.599
2005-12-25,335.821
2005-12-26,352.084
2005-12-27,405.163
2005-12-28,442.328
2005-12-29,428.38
2005-12-30,371.045
2005-12-31,315.607
2006-01-01,272.114
2006-01-02,255.671
2006-01-03,254.36
2006-01-04,243.612
2006-01-05,239.941
2006-01-06,252.536
2006-01-07,297.525
2006-01-08,552.472
2006-01-09,841.663
2006-01-10,743.759
2006-01-11,597.389
2006-01-12,469.708
2006-01-13,352.273
2006-01-14,322.118
2006-01-15,431.745
2006-01-16,658.488
2006-01-17,787.626
2006-01-18,687.472
2006-01-19,571.8
2006-01-20,527.21
2006-01-21,514.786
2006-01-22,497.117
2006-01-23,511.61
2006-01-24,585.752
2006-01-25,663.748
2006-01-26,677.505
2006-01-27,671.828
2006-01-28,645.603
2006-01-29,636.342
2006-01-30,739.883
2006-01-31,894.626
2006-02-01,927.528
2006-02-02,798.328
2006-02-03,642.979
2006-02-04,541.243
2006-02-05,460.496
2006-02-06,392.473
2006-02-07,340.153
2006-02-08,295.276
2006-02-09,244.712
2006-02-10,219.333
2006-02-11,232.58
2006-02-12,347.121
2006-02-13,507.194
2006-02-14,567.25
2006-02-15,592.925
2006-02-16,608.298
2006-02-17,566.093
2006-02-18,459.788
2006-02-19,387.575
2006-02-20,394.505
2006-02-21,398.902
2006-02-22,332.652
2006-02-23,267.619
2006-02-24,232.956
2006-02-25,227.178
2006-02-26,265.654
2006-02-27,348.925
2006-02-28,484.45
2006-03-01,611.386
2006-03-02,618.984
2006-03-03,555.941
2006-03-04,630.116
2006-03-05,795.385
2006-03-06,862.096
2006-03-07,852.619
2006-03-08,785.771
2006-03-09,807.167
2006-03-10,1140.357
2006-03-11,1439.081
2006-03-12,1166.694
2006-03-13,856.161
2006-03-14,751.944
2006-03-15,733.314
2006-03-16,646.093
2006-03-17,486.667
2006-03-18,420.489
2006-03-19,452.394
2006-03-20,559.085
2006-03-21,1015.379
2006-03-22,1473.841
2006-03-23,1161.04
2006-03-24,784.753
2006-03-25,575.267
2006-03-26,452.828
2006-03-27,434.687
2006-03-28,519.582
2006-03-29,604.148
2006-03-30,640.598
2006-03-31,735.498
2006-04-01,892.15
2006-04-02,971.725
2006-04-03,886.687
2006-04-04,797.141
2006-04-05,817.807
2006-04-06,1222.676
2006-04-07,1490.775
2006-04-08,1264.404
2006-04-09,1312.134
2006-04-10,1479.675
2006-04-11,1514.211
2006-04-12,1349.425
2006-04-13,1120.883
2006-04-14,1012.515
2006-04-15,1049.977
2006-04-16,1137.281
2006-04-17,1225.553
2006-04-18,1287.967
2006-04-19,1405.444
2006-04-20,1760.224
2006-04-21,1982.783
2006-04-22,1699.884
2006-04-23,1683.085
2006-04-24,1734.195
2006-04-25,1470.495
2006-04-26,1237.129
2006-04-27,1308.648
2006-04-28,1453.089
2006-04-29,1350.222
2006-04-30,1212.807
2006-05-01,1185.311
2006-05-02,1392.703
2006-05-03,1530.058
2006-05-04,1374.172
2006-05-05,1238.432
2006-05-06,1257.95
2006-05-07,1330.149
2006-05-08,1356.514
2006-05-09,1417.41
2006-05-10,1441.181
2006-05-11,1282.956
2006-05-12,1131.68
2006-05-13,1027.929
2006-05-14,1016.285
2006-05-15,1013.45
2006-05-16,1022.757
2006-05-17,1213.868
2006-05-18,1358.296
2006-05-19,1544.585
2006-05-20,1678.206
2006-05-21,1586.701
2006-05-22,1624.235
2006-05-23,1640.924
2006-05-24,1485.686
2006-05-25,1456.635
2006-05-26,1598.678
2006-05-27,2002.667
2006-05-28,2359.832
2006-05-29,2140.432
2006-05-30,1922.339
2006-05-31,2086.822
2006-06-01,2234.323
2006-06-02,1875.98
2006-06-03,1602.32
2006-06-04,1461.495
2006-06-05,1319.595
2006-06-06,1172.859
2006-06-07,1067.163
2006-06-08,977.545
2006-06-09,886.437
2006-06-10,828.774
2006-06-11,805.205
2006-06-12,777.052
2006-06-13,739.343
2006-06-14,706.08
2006-06-15,670.594
2006-06-16,616.969
2006-06-17,561.977
2006-06-18,525.658
2006-06-19,501.59
2006-06-20,482.017
2006-06-21,463.389
2006-06-22,444.414
2006-06-23,426.859
2006-06-24,410.517
2006-06-25,395.67
2006-06-26,386.633
2006-06-27,384.14
2006-06-28,383.539
2006-06-29,368.49
2006-06-30,339.035
2006-07-01,316.835
2006-07-02,305.3
2006-07-03,304.336
2006-07-04,313.55
2006-07-05,329.088
2006-07-06,332.724
2006-07-07,304.576
2006-07-08,270.104
2006-07-09,253.468
2006-07-10,251.514
2006-07-11,253.12
2006-07-12,253.903
2006-07-13,247.01
2006-07-14,229.098
2006-07-15,212.778
2006-07-16,203.42
2006-07-17,197.241
2006-07-18,192.066
2006-07-19,187.408
2006-07-20,183.593
2006-07-21,184.148
2006-07-22,186.339
2006-07-23,179.184
2006-07-24,170.134
2006-07-25,164.873
2006-07-26,162.092
2006-07-27,160.343
2006-07-28,158.953
2006-07-29,159.439
2006-07-30,162.856
2006-07-31,158.606
2006-08-01,149.67
2006-08-02,148.803
2006-08-03,172.597
2006-08-04,220.434
2006-08-05,265.271
2006-08-06,309.845
2006-08-07,357.866
2006-08-08,387.471
2006-08-09,394.516
2006-08-10,369.052
2006-08-11,334.012
2006-08-12,289.662
2006-08-13,223.716
2006-08-14,189.434
2006-08-15,187.89
2006-08-16,218.483
2006-08-17,285.276
2006-08-18,373.744
2006-08-19,480.843
2006-08-20,549.761
2006-08-21,530.209
2006-08-22,480.687
2006-08-23,432.544
2006-08-24,356.216
2006-08-25,278.18
2006-08-26,227.405
2006-08-27,190.745
2006-08-28,158.381
2006-08-29,139.837
2006-08-30,130.64
2006-08-31,125.415
2006-09-01,123.596
2006-09-02,120.762
2006-09-03,117.055
2006-09-04,110.488
2006-09-05,104.082
2006-09-06,100.022
2006-09-07,107.916
2006-09-08,370.978
2006-09-09,913.77
2006-09-10,953.739
2006-09-11,487.241
2006-09-12,228.341
2006-09-13,155.07
2006-09-14,126.202
2006-09-15,115.253
2006-09-16,107.951
2006-09-17,97.118
2006-09-18,89.002
2006-09-19,83.972
2006-09-20,81.178
2006-09-21,79.875
2006-09-22,81.252
2006-09-23,85.382
2006-09-24,94.673
2006-09-25,106.059
2006-09-26,109.71
2006-09-27,110.575
2006-09-28,111.678
2006-09-29,130.744
2006-09-30,397.064
2006-10-01,682.86
2006-10-02,545.245
2006-10-03,471.93
2006-10-04,482.369
2006-10-05,480.928
2006-10-06,448.873
2006-10-07,379.304
2006-10-08,286.892
2006-10-09,244.098
2006-10-10,238.182
2006-10-11,240.864
2006-10-12,267.88
2006-10-13,302.205
2006-10-14,360.261
2006-10-15,429.208
2006-10-16,513.641
2006-10-17,564.729
2006-10-18,496.406
2006-10-19,362.181
2006-10-20,252.006
2006-10-21,190.479
2006-10-22,148.414
2006-10-23,130.0
2006-10-24,122.643
2006-10-25,114.198
2006-10-26,105.414
2006-10-27,104.03
2006-10-28,108.704
2006-10-29,113.202
2006-10-30,113.334
2006-10-31,123.149
2006-11-01,147.428
2006-11-02,163.545
2006-11-03,153.204
2006-11-04,131.068
2006-11-05,159.789
2006-11-06,262.289
2006-11-07,431.39
2006-11-08,608.062
2006-11-09,669.935
2006-11-10,673.0
2006-11-11,717.887
2006-11-12,760.744
2006-11-13,703.385
2006-11-14,651.392
2006-11-15,621.71
2006-11-16,683.691
2006-11-17,893.456
2006-11-18,1372.381
2006-11-19,1645.705
2006-11-20,1329.41
2006-11-21,1067.183
2006-11-22,1045.149
2006-11-23,1099.747
2006-11-24,1147.417
2006-11-25,1129.806
2006-11-26,1049.5
2006-11-27,1060.82
2006-11-28,1112.39
2006-11-29,1174.15
2006-11-30,1131.344
2006-12-01,1015.099
2006-12-02,1017.078
2006-12-03,1143.434
2006-12-04,1201.123
2006-12-05,1171.488
2006-12-06,1165.98
2006-12-07,1185.778
2006-12-08,1233.423
2006-12-09,1284.341
2006-12-10,1285.012
2006-12-11,1373.16
2006-12-12,1380.861
2006-12-13,1364.149
2006-12-14,1421.84
2006-12-15,1505.379
2006-12-16,1534.493
2006-12-17,1526.427
2006-12-18,1403.041
2006-12-19,1227.002
2006-12-20,1146.503
2006-12-21,1217.979
2006-12-22,1283.517
2006-12-23,1254.392
2006-12-24,1107.968
2006-12-25,992.301
2006-12-26,1064.057
2006-12-27,1483.575
2006-12-28,1829.566
2006-12-29,1706.311
2006-12-30,1570.776
2006-12-31,1513.87
2007-01-01,1503.125
2007-01-02,1521.575
2007-01-03,1607.435
2007-01-04,1749.562
2007-01-05,1976.246
2007-01-06,2078.021
2007-01-07,1981.457
2007-01-08,1789.5
2007-01-09,1729.993
2007-01-10,1764.428
2007-01-11,1768.771
2007-01-12,2159.533
2007-01-13,2749.3
2007-01-14,2619.789
2007-01-15,2129.9
2007-01-16,1901.421
2007-01-17,1917.266
2007-01-18,1808.702
2007-01-19,1663.276
2007-01-20,1662.61
2007-01-21,1741.504
2007-01-22,1708.377
2007-01-23,1606.288
2007-01-24,1517.274
2007-01-25,1412.397
2007-01-26,1408.107
2007-01-27,1445.224
2007-01-28,1449.695
2007-01-29,1494.651
2007-01-30,1508.884
2007-01-31,1391.34
2007-02-01,1297.974
2007-02-02,1326.719
2007-02-03,1439.545
2007-02-04,1530.493
2007-02-05,1547.503
2007-02-06,1548.302
2007-02-07,1498.574
2007-02-08,1420.191
2007-02-09,1337.987
2007-02-10,1418.3
2007-02-11,1899.375
2007-02-12,2252.216
2007-02-13,1891.376
2007-02-14,1577.711
2007-02-15,1438.735
2007-02-16,1357.311
2007-02-17,1516.038
2007-02-18,1645.347
2007-02-19,1616.18
2007-02-20,1764.935
2007-02-21,1953.69
2007-02-22,1951.942
2007-02-23,1922.467
2007-02-24,1774.671
2007-02-25,1692.587
2007-02-26,1655.493
2007-02-27,1634.578
2007-02-28,1565.426
2007-03-01,1474.006
2007-03-02,1362.965
2007-03-03,1251.472
2007-03-04,1167.058
2007-03-05,1085.99
2007-03-06,1010.627
2007-03-07,910.665
2007-03-08,833.442
2007-03-09,814.422
2007-03-10,838.016
2007-03-11,844.873
2007-03-12,843.445
2007-03-13,855.634
2007-03-14,991.455
2007-03-15,1107.662
2007-03-16,944.956
2007-03-17,798.067
2007-03-18,783.478
2007-03-19,768.73
2007-03-20,687.548
2007-03-21,618.511
2007-03-22,615.388
2007-03-23,661.868
2007-03-24,694.317
2007-03-25,750.06
2007-03-26,807.971
2007-03-27,817.727
2007-03-28,750.387
2007-03-29,731.115
2007-03-30,1155.299
2007-03-31,1623.812
2007-04-01,1463.543
2007-04-02,1296.541
2007-04-03,1074.693
2007-04-04,881.416
2007-04-05,803.246
2007-04-06,761.683
2007-04-07,663.235
2007-04-08,542.494
2007-04-09,480.148
2007-04-10,507.125
2007-04-11,611.348
2007-04-12,744.624
2007-04-13,813.158
2007-04-14,736.345
2007-04-15,593.692
2007-04-16,501.999
2007-04-17,466.907
2007-04-18,481.17
2007-04-19,495.489
2007-04-20,502.882
2007-04-21,473.523
2007-04-22,467.586
2007-04-23,523.211
2007-04-24,593.73
2007-04-25,678.349
2007-04-26,755.098
2007-04-27,843.244
2007-04-28,838.062
2007-04-29,799.706
2007-04-30,907.77
2007-05-01,1026.813
2007-05-02,1030.868
2007-05-03,1201.836
2007-05-04,1337.515
2007-05-05,1158.968
2007-05-06,1053.102
2007-05-07,1010.925
2007-05-08,954.357
2007-05-09,961.183
2007-05-10,1087.973
2007-05-11,1255.165
2007-05-12,1255.47
2007-05-13,1116.111
2007-05-14,949.117
2007-05-15,746.756
2007-05-16,595.505
2007-05-17,526.562
2007-05-18,501.799
2007-05-19,501.882
2007-05-20,509.452
2007-05-21,509.109
2007-05-22,482.585
2007-05-23,450.596
2007-05-24,418.663
2007-05-25,382.884
2007-05-26,361.872
2007-05-27,350.23
2007-05-28,354.144
2007-05-29,404.565
2007-05-30,488.354
2007-05-31,543.477
2007-06-01,586.603
2007-06-02,596.406
2007-06-03,560.01
2007-06-04,488.968
2007-06-05,421.006
2007-06-06,436.277
2007-06-07,491.16
2007-06-08,538.185
2007-06-09,512.068
2007-06-10,448.963
2007-06-11,421.648
2007-06-12,399.32
2007-06-13,369.879
2007-06-14,365.41
2007-06-15,381.583
2007-06-16,432.128
2007-06-17,473.362
2007-06-18,475.575
2007-06-19,456.375
2007-06-20,474.429
2007-06-21,516.242
2007-06-22,564.912
2007-06-23,611.198
2007-06-24,671.16
2007-06-25,736.798
2007-06-26,747.433
2007-06-27,636.314
2007-06-28,458.882
2007-06-29,356.078
2007-06-30,334.36
2007-07-01,332.655
2007-07-02,315.561
2007-07-03,280.164
2007-07-04,248.019
2007-07-05,234.277
2007-07-06,228.432
2007-07-07,224.24
2007-07-08,218.189
2007-07-09,211.487
2007-07-10,205.131
2007-07-11,197.897
2007-07-12,190.843
2007-07-13,187.759
2007-07-14,189.928
2007-07-15,207.411
2007-07-16,245.092
2007-07-17,276.708
2007-07-18,273.485
2007-07-19,242.852
2007-07-20,202.99
2007-07-21,172.398
2007-07-22,157.325
2007-07-23,152.058
2007-07-24,150.918
2007-07-25,149.578
2007-07-26,145.881
2007-07-27,141.035
2007-07-28,138.061
2007-07-29,137.423
2007-07-30,136.126
2007-07-31,135.285
2007-08-01,143.25
2007-08-02,150.728
2007-08-03,163.275
2007-08-04,175.891
2007-08-05,166.503
2007-08-06,146.485
2007-08-07,130.873
2007-08-08,131.138
2007-08-09,148.435
2007-08-10,203.988
2007-08-11,274.4
2007-08-12,313.601
2007-08-13,332.587
2007-08-14,319.806
2007-08-15,271.202
2007-08-16,208.628
2007-08-17,155.576
2007-08-18,152.207
2007-08-19,212.216
2007-08-20,246.555
2007-08-21,257.501
2007-08-22,238.547
2007-08-23,186.386
2007-08-24,154.993
2007-08-25,145.245
2007-08-26,149.838
2007-08-27,165.516
2007-08-28,196.977
2007-08-29,223.022
2007-08-30,260.819
2007-08-31,351.0
2007-09-01,455.741
2007-09-02,509.319
2007-09-03,489.182
2007-09-04,398.182
2007-09-05,300.015
2007-09-06,232.903
2007-09-07,181.403
2007-09-08,156.073
2007-09-09,155.619
2007-09-10,157.193
2007-09-11,152.533
2007-09-12,144.221
2007-09-13,149.457
2007-09-14,157.774
2007-09-15,169.856
2007-09-16,206.582
2007-09-17,298.377
2007-09-18,405.36
2007-09-19,475.605
2007-09-20,472.07
2007-09-21,456.348
2007-09-22,457.464
2007-09-23,464.945
2007-09-24,682.665
2007-09-25,921.801
2007-09-26,679.19
2007-09-27,496.348
2007-09-28,507.954
2007-09-29,574.073
2007-09-30,592.599
2007-10-01,526.538
2007-10-02,401.87
2007-10-03,279.114
2007-10-04,206.313
2007-10-05,178.981
2007-10-06,171.31
2007-10-07,180.67
2007-10-08,183.765
2007-10-09,191.488
2007-10-10,187.214
2007-10-11,166.591
2007-10-12,186.704
2007-10-13,263.317
2007-10-14,316.99
2007-10-15,350.764
2007-10-16,401.145
2007-10-17,436.405
2007-10-18,388.277
2007-10-19,375.846
2007-10-20,385.275
2007-10-21,443.937
2007-10-22,586.034
2007-10-23,657.852
2007-10-24,715.452
2007-10-25,767.455
2007-10-26,682.983
2007-10-27,582.597
2007-10-28,484.395
2007-10-29,436.123
2007-10-30,395.181
2007-10-31,354.231
2007-11-01,324.093
2007-11-02,303.861
2007-11-03,297.787
2007-11-04,344.203
2007-11-05,458.375
2007-11-06,560.964
2007-11-07,572.431
2007-11-08,526.633
2007-11-09,553.21
2007-11-10,619.506
2007-11-11,561.235
2007-11-12,447.351
2007-11-13,360.788
2007-11-14,285.979
2007-11-15,233.335
2007-11-16,272.498
2007-11-17,426.405
2007-11-18,627.499
2007-11-19,692.942
2007-11-20,630.007
2007-11-21,590.199
2007-11-22,699.38
2007-11-23,844.19
2007-11-24,868.852
2007-11-25,768.143
2007-11-26,650.606
2007-11-27,633.389
2007-11-28,774.259
2007-11-29,919.429
2007-11-30,1087.699
2007-12-01,1239.222
2007-12-02,1276.287
2007-12-03,1234.49
2007-12-04,1080.269
2007-12-05,860.225
2007-12-06,759.832
2007-12-07,886.12
2007-12-08,1075.693
2007-12-09,1132.29
2007-12-10,1042.9
2007-12-11,946.367
2007-12-12,805.005
2007-12-13,788.23
2007-12-14,732.385
2007-12-15,674.862
2007-12-16,663.996
2007-12-17,735.614
2007-12-18,763.23
2007-12-19,746.926
2007-12-20,713.928
2007-12-21,739.004
2007-12-22,756.062
2007-12-23,705.241
2007-12-24,651.049
2007-12-25,614.571
2007-12-26,582.078
2007-12-27,590.338
2007-12-28,605.524
2007-12-29,554.19
2007-12-30,479.425
2007-12-31,447.993
2008-01-01,411.461
2008-01-02,370.678
2008-01-03,390.721
2008-01-04,461.275
2008-01-05,501.88
2008-01-06,495.431
2008-01-07,584.81
2008-01-08,927.276
2008-01-09,1128.335
2008-01-10,945.294
2008-01-11,777.505
2008-01-12,699.248
2008-01-13,600.998
2008-01-14,476.08
2008-01-15,364.104
2008-01-16,308.307
2008-01-17,319.063
2008-01-18,345.301
2008-01-19,379.039
2008-01-20,514.074
2008-01-21,629.458
2008-01-22,612.53
2008-01-23,551.192
2008-01-24,465.012
2008-01-25,396.639
2008-01-26,406.228
2008-01-27,513.513
2008-01-28,784.354
2008-01-29,986.847
2008-01-30,945.265
2008-01-31,866.893
2008-02-01,812.558
2008-02-02,756.455
2008-02-03,688.616
2008-02-04,759.616
2008-02-05,949.222
2008-02-06,1117.899
2008-02-07,1165.545
2008-02-08,1103.067
2008-02-09,1078.111
2008-02-10,1020.255
2008-02-11,860.373
2008-02-12,677.842
2008-02-13,595.012
2008-02-14,597.157
2008-02-15,580.328
2008-02-16,558.558
2008-02-17,589.385
2008-02-18,609.44
2008-02-19,659.65
2008-02-20,747.022
2008-02-21,827.025
2008-02-22,884.776
2008-02-23,913.91
2008-02-24,981.418
2008-02-25,1074.901
2008-02-26,1031.079
2008-02-27,894.205
2008-02-28,821.711
2008-02-29,833.941
2008-03-01,917.175
2008-03-02,1099.343
2008-03-03,1303.368
2008-03-04,1337.522
2008-03-05,1232.96
2008-03-06,1081.64
2008-03-07,987.197
2008-03-08,908.282
2008-03-09,836.015
2008-03-10,817.919
2008-03-11,881.648
2008-03-12,954.102
2008-03-13,981.613
2008-03-14,985.525
2008-03-15,1001.975
2008-03-16,1024.84
2008-03-17,1017.142
2008-03-18,1050.112
2008-03-19,1157.492
2008-03-20,1179.564
2008-03-21,1098.502
2008-03-22,1038.684
2008-03-23,1081.757
2008-03-24,1141.512
2008-03-25,1110.584
2008-03-26,1176.274
2008-03-27,1332.238
2008-03-28,1354.888
2008-03-29,1189.733
2008-03-30,1083.408
2008-03-31,1317.246
2008-04-01,1533.794
2008-04-02,1574.07
2008-04-03,1803.95
2008-04-04,2004.962
2008-04-05,2122.352
2008-04-06,1734.301
2008-04-07,1337.21
2008-04-08,1155.122
2008-04-09,1326.261
2008-04-10,1560.011
2008-04-11,1515.848
2008-04-12,1498.738
2008-04-13,1479.911
2008-04-14,1372.692
2008-04-15,1233.285
2008-04-16,1116.918
2008-04-17,1045.866
2008-04-18,1046.415
2008-04-19,1139.398
2008-04-20,1212.566
2008-04-21,1144.281
2008-04-22,1072.35
2008-04-23,1045.336
2008-04-24,1078.642
2008-04-25,1151.382
2008-04-26,1157.016
2008-04-27,1138.658
2008-04-28,1453.14
2008-04-29,1783.905
2008-04-30,1465.319
2008-05-01,1162.846
2008-05-02,1049.568
2008-05-03,1070.425
2008-05-04,1202.047
2008-05-05,1343.98
2008-05-06,1441.327
2008-05-07,1421.428
2008-05-08,1218.548
2008-05-09,1035.832
2008-05-10,942.035
2008-05-11,853.846
2008-05-12,773.66
2008-05-13,715.613
2008-05-14,681.291
2008-05-15,686.94
2008-05-16,701.913
2008-05-17,678.503
2008-05-18,611.396
2008-05-19,542.115
2008-05-20,500.832
2008-05-21,477.394
2008-05-22,459.216
2008-05-23,443.122
2008-05-24,430.952
2008-05-25,424.501
2008-05-26,424.632
2008-05-27,432.14
2008-05-28,431.788
2008-05-29,413.851
2008-05-30,397.826
2008-05-31,384.548
2008-06-01,360.53
2008-06-02,333.719
2008-06-03,315.65
2008-06-04,313.697
2008-06-05,329.025
2008-06-06,367.47
2008-06-07,425.449
2008-06-08,473.283
2008-06-09,485.86
2008-06-10,453.409
2008-06-11,426.377
2008-06-12,411.226
2008-06-13,380.25
2008-06-14,356.129
2008-06-15,337.627
2008-06-16,319.325
2008-06-17,295.484
2008-06-18,298.491
2008-06-19,336.047
2008-06-20,421.415
2008-06-21,583.175
2008-06-22,744.948
2008-06-23,755.348
2008-06-24,603.737
2008-06-25,437.057
2008-06-26,319.798
2008-06-27,256.635
2008-06-28,230.052
2008-06-29,218.286
2008-06-30,210.012
2008-07-01,202.622
2008-07-02,195.801
2008-07-03,189.548
2008-07-04,183.97
2008-07-05,178.927
2008-07-06,174.202
2008-07-07,169.955
2008-07-08,166.184
2008-07-09,162.932
2008-07-10,160.866
2008-07-11,158.091
2008-07-12,157.305
2008-07-13,154.203
2008-07-14,147.828
2008-07-15,142.338
2008-07-16,140.665
2008-07-17,142.408
2008-07-18,149.711
2008-07-19,163.255
2008-07-20,188.943
2008-07-21,220.799
2008-07-22,238.118
2008-07-23,217.612
2008-07-24,162.457
2008-07-25,127.97
2008-07-26,118.576
2008-07-27,114.442
2008-07-28,110.493
2008-07-29,108.312
2008-07-30,107.931
2008-07-31,107.803
2008-08-01,110.563
2008-08-02,122.11
2008-08-03,134.741
2008-08-04,134.129
2008-08-05,127.935
2008-08-06,128.115
2008-08-07,131.79
2008-08-08,142.946
2008-08-09,155.003
2008-08-10,154.3
2008-08-11,135.742
2008-08-12,116.958
2008-08-13,103.502
2008-08-14,94.848
2008-08-15,90.369
2008-08-16,91.582
2008-08-17,109.978
2008-08-18,152.072
2008-08-19,162.976
2008-08-20,128.124
2008-08-21,111.946
2008-08-22,122.564
2008-08-23,146.489
2008-08-24,149.135
2008-08-25,122.348
2008-08-26,95.28
2008-08-27,82.195
2008-08-28,79.179
2008-08-29,80.569
2008-08-30,84.92
2008-08-31,89.468
2008-09-01,93.753
2008-09-02,97.856
2008-09-03,102.541
2008-09-04,118.578
2008-09-05,142.621
2008-09-06,152.806
2008-09-07,143.748
2008-09-08,117.868
2008-09-09,92.446
2008-09-10,87.427
2008-09-11,97.327
2008-09-12,116.436
2008-09-13,126.743
2008-09-14,116.412
2008-09-15,126.27
2008-09-16,150.347
2008-09-17,148.978
2008-09-18,131.223
2008-09-19,113.895
2008-09-20,91.66
2008-09-21,79.403
2008-09-22,81.885
2008-09-23,97.499
2008-09-24,108.98
2008-09-25,119.798
2008-09-26,181.626
2008-09-27,212.352
2008-09-28,173.192
2008-09-29,144.525
2008-09-30,130.572
2008-10-01,111.516
2008-10-02,102.208
2008-10-03,118.209
2008-10-04,181.651
2008-10-05,240.918
2008-10-06,252.059
2008-10-07,240.262
2008-10-08,239.18
2008-10-09,247.795
2008-10-10,259.136
2008-10-11,252.415
2008-10-12,186.016
2008-10-13,148.904
2008-10-14,170.233
2008-10-15,188.776
2008-10-16,211.696
2008-10-17,291.006
2008-10-18,463.353
2008-10-19,650.728
2008-10-20,668.655
2008-10-21,514.214
2008-10-22,361.835
2008-10-23,325.422
2008-10-24,368.25
2008-10-25,375.73
2008-10-26,347.777
2008-10-27,410.572
2008-10-28,544.479
2008-10-29,708.697
2008-10-30,707.408
2008-10-31,548.935
2008-11-01,487.7
2008-11-02,536.303
2008-11-03,707.916
2008-11-04,935.189
2008-11-05,919.914
2008-11-06,824.25
2008-11-07,1180.545
2008-11-08,1579.134
2008-11-09,1199.83
2008-11-10,879.802
2008-11-11,759.828
2008-11-12,642.894
2008-11-13,601.229
2008-11-14,612.605
2008-11-15,609.816
2008-11-16,631.345
2008-11-17,712.237
2008-11-18,817.913
2008-11-19,945.042
2008-11-20,1020.75
2008-11-21,996.232
2008-11-22,972.56
2008-11-23,1009.805
2008-11-24,1058.864
2008-11-25,1123.257
2008-11-26,1136.562
2008-11-27,1049.427
2008-11-28,920.755
2008-11-29,772.814
2008-11-30,619.729
2008-12-01,525.478
2008-12-02,544.567
2008-12-03,820.116
2008-12-04,1128.033
2008-12-05,1008.8
2008-12-06,822.608
2008-12-07,662.248
2008-12-08,537.538
2008-12-09,517.56
2008-12-10,517.318
2008-12-11,505.298
2008-12-12,546.24
2008-12-13,662.668
2008-12-14,726.474
2008-12-15,702.892
2008-12-16,614.713
2008-12-17,545.79
2008-12-18,537.392
2008-12-19,554.511
2008-12-20,560.232
2008-12-21,526.058
2008-12-22,509.07
2008-12-23,658.218
2008-12-24,801.964
2008-12-25,686.168
2008-12-26,556.225
2008-12-27,461.189
2008-12-28,366.21
2008-12-29,318.904
2008-12-30,320.728
2008-12-31,356.559
2009-01-01,431.572
2009-01-02,480.035
2009-01-03,516.694
2009-01-04,545.791
2009-01-05,495.181
2009-01-06,419.202
2009-01-07,372.02
2009-01-08,371.909
2009-01-09,400.152
2009-01-10,446.036
2009-01-11,484.732
2009-01-12,474.716
2009-01-13,450.583
2009-01-14,441.593
2009-01-15,445.722
2009-01-16,486.301
2009-01-17,640.554
2009-01-18,754.458
2009-01-19,704.586
2009-01-20,748.357
2009-01-21,846.668
2009-01-22,896.375
2009-01-23,815.238
2009-01-24,623.933
2009-01-25,466.248
2009-01-26,376.678
2009-01-27,340.307
2009-01-28,321.772
2009-01-29,325.205
2009-01-30,337.759
2009-01-31,380.707
2009-02-01,434.688
2009-02-02,506.036
2009-02-03,641.066
2009-02-04,742.876
2009-02-05,805.913
2009-02-06,1008.911
2009-02-07,1184.028
2009-02-08,1024.596
2009-02-09,894.39
2009-02-10,842.845
2009-02-11,847.329
2009-02-12,1132.845
2009-02-13,1748.277
2009-02-14,2043.45
2009-02-15,1815.967
2009-02-16,1523.791
2009-02-17,1280.367
2009-02-18,1171.908
2009-02-19,1177.202
2009-02-20,1224.699
2009-02-21,1209.08
2009-02-22,1144.36
2009-02-23,1154.594
2009-02-24,1223.169
2009-02-25,1136.595
2009-02-26,940.7
2009-02-27,796.452
2009-02-28,711.735
2009-03-01,665.729
2009-03-02,606.903
2009-03-03,568.941
2009-03-04,624.556
2009-03-05,747.65
2009-03-06,858.5
2009-03-07,859.635
2009-03-08,812.784
2009-03-09,811.258
2009-03-10,795.79
2009-03-11,728.258
2009-03-12,624.022
2009-03-13,565.214
2009-03-14,657.206
2009-03-15,855.403
2009-03-16,875.926
2009-03-17,733.735
2009-03-18,685.374
2009-03-19,689.889
2009-03-20,666.757
2009-03-21,664.328
2009-03-22,685.224
2009-03-23,722.941
2009-03-24,702.191
2009-03-25,608.113
2009-03-26,593.737
2009-03-27,679.506
2009-03-28,769.98
2009-03-29,745.267
2009-03-30,703.001
2009-03-31,748.24
2009-04-01,878.296
2009-04-02,921.627
2009-04-03,759.302
2009-04-04,641.848
2009-04-05,670.839
2009-04-06,750.574
2009-04-07,747.314
2009-04-08,720.576
2009-04-09,735.171
2009-04-10,738.185
2009-04-11,661.323
2009-04-12,678.155
2009-04-13,935.859
2009-04-14,1280.145
2009-04-15,1498.379
2009-04-16,1592.081
2009-04-17,1582.135
2009-04-18,1360.139
2009-04-19,1195.952
2009-04-20,1113.643
2009-04-21,1091.497
2009-04-22,1085.64
2009-04-23,1068.281
2009-04-24,1252.162
2009-04-25,1578.477
2009-04-26,1683.557
2009-04-27,1623.004
2009-04-28,1357.435
2009-04-29,1123.111
2009-04-30,1002.125
2009-05-01,933.581
2009-05-02,901.29
2009-05-03,919.347
2009-05-04,1015.84
2009-05-05,1159.166
2009-05-06,1208.628
2009-05-07,1076.022
2009-05-08,921.719
2009-05-09,830.352
2009-05-10,765.263
2009-05-11,751.338
2009-05-12,790.668
2009-05-13,878.285
2009-05-14,1008.757
2009-05-15,1066.25
2009-05-16,1038.2
2009-05-17,979.965
2009-05-18,981.404
2009-05-19,833.328
2009-05-20,655.82
2009-05-21,586.113
2009-05-22,580.01
2009-05-23,622.462
2009-05-24,730.904
2009-05-25,883.738
2009-05-26,1044.118
2009-05-27,1046.878
2009-05-28,922.861
2009-05-29,803.195
2009-05-30,725.289
2009-05-31,658.946
2009-06-01,572.706
2009-06-02,519.888
2009-06-03,506.863
2009-06-04,496.285
2009-06-05,478.84
2009-06-06,455.568
2009-06-07,425.999
2009-06-08,401.73
2009-06-09,390.77
2009-06-10,408.041
2009-06-11,458.802
2009-06-12,533.485
2009-06-13,582.728
2009-06-14,623.14
2009-06-15,769.518
2009-06-16,841.509
2009-06-17,686.104
2009-06-18,553.482
2009-06-19,485.355
2009-06-20,449.927
2009-06-21,395.364
2009-06-22,333.354
2009-06-23,301.355
2009-06-24,287.424
2009-06-25,277.254
2009-06-26,267.593
2009-06-27,258.921
2009-06-28,251.268
2009-06-29,244.761
2009-06-30,239.809
2009-07-01,234.698
2009-07-02,229.104
2009-07-03,222.457
2009-07-04,217.081
2009-07-05,211.721
2009-07-06,204.823
2009-07-07,199.92
2009-07-08,197.218
2009-07-09,193.904
2009-07-10,187.984
2009-07-11,180.856
2009-07-12,176.062
2009-07-13,180.04
2009-07-14,196.07
2009-07-15,210.735
2009-07-16,210.001
2009-07-17,190.069
2009-07-18,164.787
2009-07-19,150.936
2009-07-20,145.124
2009-07-21,141.516
2009-07-22,138.372
2009-07-23,135.395
2009-07-24,132.726
2009-07-25,130.266
2009-07-26,128.028
2009-07-27,126.671
2009-07-28,126.751
2009-07-29,129.702
2009-07-30,134.428
2009-07-31,137.598
2009-08-01,142.338
2009-08-02,137.246
2009-08-03,119.924
2009-08-04,108.484
2009-08-05,104.262
2009-08-06,102.392
2009-08-07,101.494
2009-08-08,104.106
2009-08-09,109.623
2009-08-10,115.344
2009-08-11,113.697
2009-08-12,101.763
2009-08-13,92.36
2009-08-14,88.553
2009-08-15,87.477
2009-08-16,89.158
2009-08-17,93.399
2009-08-18,100.504
2009-08-19,101.508
2009-08-20,95.072
2009-08-21,91.451
2009-08-22,95.14
2009-08-23,93.41
2009-08-24,83.686
2009-08-25,80.578
2009-08-26,82.034
2009-08-27,85.627
2009-08-28,91.062
2009-08-29,104.142
2009-08-30,109.578
2009-08-31,102.777
2009-09-01,99.404
2009-09-02,115.587
2009-09-03,145.0
2009-09-04,172.637
2009-09-05,198.768
2009-09-06,200.606
2009-09-07,162.521
2009-09-08,112.837
2009-09-09,85.072
2009-09-10,74.227
2009-09-11,69.105
2009-09-12,68.816
2009-09-13,71.956
2009-09-14,74.144
2009-09-15,72.814
2009-09-16,82.878
2009-09-17,100.608
2009-09-18,106.116
2009-09-19,98.504
2009-09-20,91.168
2009-09-21,91.501
2009-09-22,111.476
2009-09-23,154.174
2009-09-24,162.618
2009-09-25,141.66
2009-09-26,130.898
2009-09-27,137.335
2009-09-28,142.768
2009-09-29,136.768
2009-09-30,161.584
2009-10-01,219.908
2009-10-02,286.132
2009-10-03,372.402
2009-10-04,485.64
2009-10-05,641.797
2009-10-06,739.325
2009-10-07,673.815
2009-10-08,521.547
2009-10-09,387.306
2009-10-10,299.624
2009-10-11,222.431
2009-10-12,179.075
2009-10-13,158.096
2009-10-14,129.977
2009-10-15,118.311
2009-10-16,127.624
2009-10-17,176.059
2009-10-18,249.409
2009-10-19,338.593
2009-10-20,426.857
2009-10-21,447.692
2009-10-22,439.562
2009-10-23,455.04
2009-10-24,441.542
2009-10-25,411.445
2009-10-26,373.43
2009-10-27,331.067
2009-10-28,308.057
2009-10-29,382.996
2009-10-30,560.397
2009-10-31,812.044
2009-11-01,975.022
2009-11-02,1041.946
2009-11-03,1062.063
2009-11-04,949.04
2009-11-05,753.178
2009-11-06,477.008
2009-11-07,341.367
2009-11-08,327.494
2009-11-09,334.68
2009-11-10,388.685
2009-11-11,405.853
2009-11-12,457.555
2009-11-13,467.604
2009-11-14,472.03
2009-11-15,485.784
2009-11-16,520.548
2009-11-17,516.115
2009-11-18,537.366
2009-11-19,718.905
2009-11-20,801.448
2009-11-21,920.238
2009-11-22,1170.733
2009-11-23,1283.393
2009-11-24,1190.844
2009-11-25,1285.03
2009-11-26,1545.154
2009-11-27,1602.695
2009-11-28,1449.661
2009-11-29,1275.302
2009-11-30,1556.097
2009-12-01,1929.998
2009-12-02,1784.79
2009-12-03,1497.836
2009-12-04,1328.085
2009-12-05,1209.56
2009-12-06,1097.018
2009-12-07,994.622
2009-12-08,844.427
2009-12-09,775.895
2009-12-10,844.596
2009-12-11,945.886
2009-12-12,1103.719
2009-12-13,1147.186
2009-12-14,962.142
2009-12-15,831.388
2009-12-16,790.879
2009-12-17,759.723
2009-12-18,742.099
2009-12-19,834.823
2009-12-20,994.209
2009-12-21,1072.236
2009-12-22,1069.894
2009-12-23,1191.111
2009-12-24,1350.422
2009-12-25,1323.42
2009-12-26,1125.232
2009-12-27,982.502
2009-12-28,881.404
2009-12-29,874.382
2009-12-30,1003.661
2009-12-31,1110.645
2010-01-01,1026.767
2010-01-02,926.86
2010-01-03,900.623
2010-01-04,934.647
2010-01-05,946.399
2010-01-06,1216.89
2010-01-07,1591.387
2010-01-08,1598.382
2010-01-09,1523.726
2010-01-10,1516.87
2010-01-11,1554.85
2010-01-12,1633.111
2010-01-13,1930.006
2010-01-14,2129.968
2010-01-15,1739.348
2010-01-16,1521.925
2010-01-17,1600.566
2010-01-18,1712.295
2010-01-19,2043.363
2010-01-20,2367.669
2010-01-21,2154.404
2010-01-22,2010.629
2010-01-23,2057.954
2010-01-24,2129.69
2010-01-25,2229.444
2010-01-26,2311.15
2010-01-27,2345.773
2010-01-28,2346.986
2010-01-29,2362.115
2010-01-30,2109.233
2010-01-31,1708.505
2010-02-01,1409.037
2010-02-02,1206.857
2010-02-03,1092.613
2010-02-04,1037.707
2010-02-05,1041.534
2010-02-06,1014.498
2010-02-07,936.282
2010-02-08,837.938
2010-02-09,727.697
2010-02-10,663.665
2010-02-11,638.256
2010-02-12,622.286
2010-02-13,643.736
2010-02-14,628.613
2010-02-15,579.108
2010-02-16,559.854
2010-02-17,616.92
2010-02-18,710.233
2010-02-19,856.694
2010-02-20,1010.656
2010-02-21,1181.37
2010-02-22,1336.067
2010-02-23,1105.408
2010-02-24,871.009
2010-02-25,762.148
2010-02-26,744.574
2010-02-27,675.866
2010-02-28,680.402
2010-03-01,836.95
2010-03-02,1069.593
2010-03-03,1097.282
2010-03-04,1033.162
2010-03-05,1027.893
2010-03-06,1165.268
2010-03-07,1372.843
2010-03-08,1398.701
2010-03-09,1284.242
2010-03-10,1169.98
2010-03-11,1283.749
2010-03-12,1238.638
2010-03-13,1060.689
2010-03-14,982.977
2010-03-15,1063.152
2010-03-16,1195.603
2010-03-17,1381.057
2010-03-18,1310.274
2010-03-19,1053.24
2010-03-20,971.522
2010-03-21,998.87
2010-03-22,968.638
2010-03-23,883.565
2010-03-24,827.339
2010-03-25,862.972
2010-03-26,952.796
2010-03-27,972.702
2010-03-28,824.587
2010-03-29,758.975
2010-03-30,805.808
2010-03-31,878.579
2010-04-01,946.111
2010-04-02,1042.562
2010-04-03,1083.934
2010-04-04,1119.808
2010-04-05,1334.01
2010-04-06,1577.262
2010-04-07,1558.529
2010-04-08,1647.45
2010-04-09,1848.815
2010-04-10,1796.697
2010-04-11,1652.251
2010-04-12,1620.181
2010-04-13,1576.589
2010-04-14,1359.952
2010-04-15,1210.588
2010-04-16,1235.261
2010-04-17,1289.79
2010-04-18,1313.123
2010-04-19,1298.572
2010-04-20,1212.231
2010-04-21,1138.624
2010-04-22,1100.082
2010-04-23,1085.268
2010-04-24,1054.285
2010-04-25,1020.298
2010-04-26,976.86
2010-04-27,947.138
2010-04-28,920.86
2010-04-29,929.172
2010-04-30,964.07
2010-05-01,1007.338
2010-05-02,1047.685
2010-05-03,1017.475
2010-05-04,932.602
2010-05-05,843.672
2010-05-06,821.919
2010-05-07,844.89
2010-05-08,894.155
2010-05-09,902.981
2010-05-10,903.169
2010-05-11,871.93
2010-05-12,827.931
2010-05-13,764.828
2010-05-14,810.906
2010-05-15,983.352
2010-05-16,1313.736
2010-05-17,1693.89
2010-05-18,1983.072
2010-05-19,1951.09
2010-05-20,1547.352
2010-05-21,1281.333
2010-05-22,1115.069
2010-05-23,959.057
2010-05-24,891.079
2010-05-25,1144.7
2010-05-26,1404.412
2010-05-27,1061.935
2010-05-28,762.972
2010-05-29,669.666
2010-05-30,652.049
2010-05-31,661.41
2010-06-01,659.353
2010-06-02,615.253
2010-06-03,554.898
2010-06-04,514.654
2010-06-05,483.686
2010-06-06,451.186
2010-06-07,443.542
2010-06-08,456.567
2010-06-09,478.499
2010-06-10,485.508
2010-06-11,444.807
2010-06-12,391.855
2010-06-13,418.732
2010-06-14,430.223
2010-06-15,369.559
2010-06-16,335.35
2010-06-17,336.008
2010-06-18,363.278
2010-06-19,415.679
2010-06-20,471.029
2010-06-21,500.532
2010-06-22,467.473
2010-06-23,379.103
2010-06-24,308.589
2010-06-25,275.905
2010-06-26,263.167
2010-06-27,257.129
2010-06-28,252.319
2010-06-29,248.169
2010-06-30,243.84
2010-07-01,240.275
2010-07-02,238.208
2010-07-03,238.597
2010-07-04,232.634
2010-07-05,219.736
2010-07-06,209.874
2010-07-07,203.817
2010-07-08,198.895
2010-07-09,194.374
2010-07-10,190.354
2010-07-11,188.096
2010-07-12,187.557
2010-07-13,189.26
2010-07-14,190.696
2010-07-15,191.778
2010-07-16,185.987
2010-07-17,172.552
2010-07-18,163.045
2010-07-19,158.168
2010-07-20,154.538
2010-07-21,151.263
2010-07-22,148.073
2010-07-23,145.161
2010-07-24,142.58
2010-07-25,140.129
2010-07-26,137.698
2010-07-27,136.629
2010-07-28,137.899
2010-07-29,138.42
2010-07-30,134.742
2010-07-31,128.657
2010-08-01,123.954
2010-08-02,120.667
2010-08-03,118.358
2010-08-04,117.059
2010-08-05,116.304
2010-08-06,116.132
2010-08-07,116.212
2010-08-08,115.698
2010-08-09,117.928
2010-08-10,127.053
2010-08-11,133.989
2010-08-12,124.997
2010-08-13,110.186
2010-08-14,102.872
2010-08-15,100.453
2010-08-16,99.202
2010-08-17,96.48
2010-08-18,92.88
2010-08-19,90.554
2010-08-20,89.108
2010-08-21,87.524
2010-08-22,86.253
2010-08-23,87.095
2010-08-24,89.01
2010-08-25,87.868
2010-08-26,83.84
2010-08-27,81.479
2010-08-28,81.324
2010-08-29,81.639
2010-08-30,86.059
2010-08-31,102.79
2010-09-01,101.366
2010-09-02,88.327
2010-09-03,86.312
2010-09-04,86.975
2010-09-05,81.448
2010-09-06,76.806
2010-09-07,74.858
2010-09-08,78.102
2010-09-09,82.989
2010-09-10,88.763
2010-09-11,108.404
2010-09-12,143.126
2010-09-13,160.064
2010-09-14,160.797
2010-09-15,148.032
2010-09-16,142.934
2010-09-17,162.426
2010-09-18,207.929
2010-09-19,274.095
2010-09-20,345.434
2010-09-21,463.757
2010-09-22,562.894
2010-09-23,595.658
2010-09-24,606.516
2010-09-25,670.668
2010-09-26,707.381
2010-09-27,647.718
2010-09-28,517.145
2010-09-29,334.262
2010-09-30,188.567
2010-10-01,136.574
2010-10-02,139.157
2010-10-03,155.768
2010-10-04,191.883
2010-10-05,273.364
2010-10-06,385.871
2010-10-07,452.798
2010-10-08,411.495
2010-10-09,283.997
2010-10-10,167.955
2010-10-11,126.933
2010-10-12,127.222
2010-10-13,118.048
2010-10-14,107.732
2010-10-15,121.311
2010-10-16,123.805
2010-10-17,106.305
2010-10-18,96.75
2010-10-19,107.888
2010-10-20,145.471
2010-10-21,186.532
2010-10-22,197.098
2010-10-23,230.502
2010-10-24,314.924
2010-10-25,571.348
2010-10-26,821.35
2010-10-27,651.65
2010-10-28,527.6
2010-10-29,561.86
2010-10-30,625.485
2010-10-31,680.113
2010-11-01,729.466
2010-11-02,652.984
2010-11-03,517.192
2010-11-04,454.398
2010-11-05,451.409
2010-11-06,538.815
2010-11-07,675.712
2010-11-08,773.531
2010-11-09,821.218
2010-11-10,852.04
2010-11-11,873.255
2010-11-12,784.998
2010-11-13,603.378
2010-11-14,469.912
2010-11-15,388.882
2010-11-16,401.2
2010-11-17,511.177
2010-11-18,619.745
2010-11-19,740.298
2010-11-20,762.928
2010-11-21,735.07
2010-11-22,768.692
2010-11-23,905.697
2010-11-24,1001.629
2010-11-25,1004.2
2010-11-26,911.162
2010-11-27,852.398
2010-11-28,916.662
2010-11-29,986.295
2010-11-30,952.783
2010-12-01,997.859
2010-12-02,1167.437
2010-12-03,1334.656
2010-12-04,1236.582
2010-12-05,895.997
2010-12-06,663.914
2010-12-07,848.65
2010-12-08,1077.702
2010-12-09,825.992
2010-12-10,615.06
2010-12-11,489.138
2010-12-12,420.732
2010-12-13,491.725
2010-12-14,709.605
2010-12-15,900.557
2010-12-16,948.328
2010-12-17,831.088
2010-12-18,721.18
2010-12-19,725.605
2010-12-20,750.593
2010-12-21,798.152
2010-12-22,854.839
2010-12-23,919.947
2010-12-24,990.978
2010-12-25,1002.092
2010-12-26,1057.338
2010-12-27,1075.055
2010-12-28,962.476
2010-12-29,865.221
2010-12-30,714.525
2010-12-31,556.79
2011-01-01,491.251
2011-01-02,481.249
2011-01-03,552.361
2011-01-04,609.977
2011-01-05,710.855
2011-01-06,779.349
2011-01-07,806.268
2011-01-08,754.81
2011-01-09,709.652
2011-01-10,805.78
2011-01-11,966.37
2011-01-12,917.534
2011-01-13,926.898
2011-01-14,789.443
2011-01-15,655.108
2011-01-16,606.874
2011-01-17,576.173
2011-01-18,549.825
2011-01-19,550.549
2011-01-20,609.573
2011-01-21,714.049
2011-01-22,808.545
2011-01-23,858.407
2011-01-24,876.157
2011-01-25,943.454
2011-01-26,994.523
2011-01-27,1115.493
2011-01-28,1328.539
2011-01-29,1591.791
2011-01-30,1718.442
2011-01-31,1371.615
2011-02-01,1075.653
2011-02-02,1086.752
2011-02-03,1275.774
2011-02-04,1311.295
2011-02-05,1051.225
2011-02-06,805.985
2011-02-07,672.967
2011-02-08,606.644
2011-02-09,585.08
2011-02-10,571.589
2011-02-11,533.435
2011-02-12,496.951
2011-02-13,491.599
2011-02-14,520.044
2011-02-15,568.512
2011-02-16,640.193
2011-02-17,693.335
2011-02-18,669.781
2011-02-19,608.832
2011-02-20,574.785
2011-02-21,520.602
2011-02-22,449.86
2011-02-23,423.514
2011-02-24,489.383
2011-02-25,603.568
2011-02-26,732.448
2011-02-27,843.969
2011-02-28,896.73
2011-03-01,862.025
2011-03-02,794.254
2011-03-03,715.012
2011-03-04,614.14
2011-03-05,647.59
2011-03-06,745.941
2011-03-07,772.611
2011-03-08,740.04
2011-03-09,657.483
2011-03-10,579.582
2011-03-11,514.022
2011-03-12,448.335
2011-03-13,410.396
2011-03-14,410.803
2011-03-15,431.125
2011-03-16,428.018
2011-03-17,448.104
2011-03-18,532.877
2011-03-19,636.688
2011-03-20,679.418
2011-03-21,708.886
2011-03-22,660.528
2011-03-23,584.872
2011-03-24,536.415
2011-03-25,566.321
2011-03-26,599.582
2011-03-27,626.288
2011-03-28,730.137
2011-03-29,968.727
2011-03-30,1066.175
2011-03-31,1056.723
2011-04-01,1125.362
2011-04-02,1231.765
2011-04-03,1303.602
2011-04-04,1285.105
2011-04-05,1346.159
2011-04-06,1574.954
2011-04-07,1798.812
2011-04-08,1535.545
2011-04-09,1143.748
2011-04-10,1022.448
2011-04-11,1017.363
2011-04-12,942.718
2011-04-13,925.692
2011-04-14,1050.565
2011-04-15,1123.404
2011-04-16,1015.23
2011-04-17,872.422
2011-04-18,824.176
2011-04-19,887.607
2011-04-20,915.468
2011-04-21,1032.86
2011-04-22,1122.656
2011-04-23,1062.563
2011-04-24,937.562
2011-04-25,896.815
2011-04-26,956.63
2011-04-27,944.297
2011-04-28,886.85
2011-04-29,893.35
2011-04-30,905.548
2011-05-01,948.175
2011-05-02,1001.694
2011-05-03,1011.496
2011-05-04,1023.619
2011-05-05,1062.148
2011-05-06,1193.065
2011-05-07,1279.111
2011-05-08,1299.982
2011-05-09,1253.18
2011-05-10,1176.255
2011-05-11,1135.106
2011-05-12,1089.763
2011-05-13,1085.63
2011-05-14,1145.631
2011-05-15,1048.773
2011-05-16,922.504
2011-05-17,908.794
2011-05-18,948.735
2011-05-19,958.215
2011-05-20,950.176
2011-05-21,955.684
2011-05-22,943.376
2011-05-23,895.622
2011-05-24,888.764
2011-05-25,902.983
2011-05-26,959.023
2011-05-27,961.311
2011-05-28,841.79
2011-05-29,697.37
2011-05-30,588.252
2011-05-31,554.564
2011-06-01,552.512
2011-06-02,570.721
2011-06-03,634.645
2011-06-04,700.947
2011-06-05,763.431
2011-06-06,757.971
2011-06-07,652.074
2011-06-08,535.613
2011-06-09,471.577
2011-06-10,450.393
2011-06-11,437.215
2011-06-12,416.026
2011-06-13,388.158
2011-06-14,366.721
2011-06-15,353.98
2011-06-16,345.401
2011-06-17,340.065
2011-06-18,334.921
2011-06-19,326.655
2011-06-20,315.219
2011-06-21,307.168
2011-06-22,300.393
2011-06-23,294.911
2011-06-24,299.312
2011-06-25,332.079
2011-06-26,388.553
2011-06-27,418.186
2011-06-28,406.658
2011-06-29,369.866
2011-06-30,331.744
2011-07-01,315.977
2011-07-02,298.505
2011-07-03,290.305
2011-07-04,284.412
2011-07-05,274.557
2011-07-06,267.511
2011-07-07,277.88
2011-07-08,322.75
2011-07-09,396.81
2011-07-10,490.948
2011-07-11,585.526
2011-07-12,657.893
2011-07-13,670.506
2011-07-14,611.354
2011-07-15,481.888
2011-07-16,353.608
2011-07-17,279.551
2011-07-18,246.89
2011-07-19,230.825
2011-07-20,219.892
2011-07-21,210.871
2011-07-22,203.049
2011-07-23,196.239
2011-07-24,190.487
2011-07-25,185.405
2011-07-26,180.778
2011-07-27,176.629
2011-07-28,172.732
2011-07-29,169.208
2011-07-30,166.422
2011-07-31,164.042
2011-08-01,165.426
2011-08-02,169.363
2011-08-03,174.396
2011-08-04,189.16
2011-08-05,185.952
2011-08-06,167.572
2011-08-07,154.514
2011-08-08,165.43
2011-08-09,174.213
2011-08-10,178.52
2011-08-11,214.995
2011-08-12,294.288
2011-08-13,360.412
2011-08-14,356.631
2011-08-15,279.23
2011-08-16,192.12
2011-08-17,147.945
2011-08-18,136.112
2011-08-19,140.612
2011-08-20,158.629
2011-08-21,179.275
2011-08-22,204.642
2011-08-23,194.582
2011-08-24,173.722
2011-08-25,167.814
2011-08-26,161.502
2011-08-27,166.41
2011-08-28,179.289
2011-08-29,229.649
2011-08-30,343.839
2011-08-31,449.979
2011-09-01,478.395
2011-09-02,429.841
2011-09-03,359.395
2011-09-04,283.505
2011-09-05,234.695
2011-09-06,218.051
2011-09-07,218.746
2011-09-08,237.152
2011-09-09,315.545
2011-09-10,380.666
2011-09-11,478.054
2011-09-12,614.791
2011-09-13,596.897
2011-09-14,527.933
2011-09-15,522.363
2011-09-16,493.462
2011-09-17,451.182
2011-09-18,395.153
2011-09-19,417.424
2011-09-20,461.14
2011-09-21,497.28
2011-09-22,480.103
2011-09-23,432.9
2011-09-24,450.602
2011-09-25,468.373
2011-09-26,457.352
2011-09-27,441.079
2011-09-28,455.915
2011-09-29,541.207
2011-09-30,780.598
2011-10-01,1064.069
2011-10-02,1199.443
2011-10-03,1173.671
2011-10-04,966.157
2011-10-05,795.619
2011-10-06,771.732
2011-10-07,850.704
2011-10-08,889.156
2011-10-09,818.895
2011-10-10,753.222
2011-10-11,712.615
2011-10-12,721.28
2011-10-13,933.691
2011-10-14,1160.664
2011-10-15,1183.322
2011-10-16,1134.915
2011-10-17,1130.35
2011-10-18,1213.56
2011-10-19,1257.752
2011-10-20,1283.214
2011-10-21,1209.858
2011-10-22,1155.398
2011-10-23,1097.042
2011-10-24,958.565
2011-10-25,754.742
2011-10-26,617.942
2011-10-27,638.046
2011-10-28,798.028
2011-10-29,992.787
2011-10-30,1068.809
2011-10-31,1041.116
2011-11-01,1019.828
2011-11-02,1044.55
2011-11-03,1097.799
2011-11-04,1052.435
2011-11-05,909.172
2011-11-06,778.572
2011-11-07,712.524
2011-11-08,745.666
2011-11-09,1185.956
2011-11-10,1657.506
2011-11-11,1358.417
2011-11-12,1160.055
2011-11-13,1155.176
2011-11-14,1408.118
2011-11-15,1259.849
2011-11-16,1056.365
2011-11-17,950.522
2011-11-18,1075.025
2011-11-19,1181.163
2011-11-20,1186.465
2011-11-21,1154.724
2011-11-22,1180.962
2011-11-23,1311.467
2011-11-24,1521.88
2011-11-25,1678.569
2011-11-26,1598.648
2011-11-27,1470.799
2011-11-28,1429.425
2011-11-29,1425.246
2011-11-30,1466.008
2011-12-01,1494.595
2011-12-02,1523.966
2011-12-03,1611.501
2011-12-04,1829.462
2011-12-05,1999.783
2011-12-06,2053.441
2011-12-07,2049.59
2011-12-08,2149.073
2011-12-09,2322.385
2011-12-10,2488.194
2011-12-11,2617.352
2011-12-12,2531.654
2011-12-13,2386.93
2011-12-14,2407.355
2011-12-15,2632.388
2011-12-16,2709.682
2011-12-17,2453.52
2011-12-18,2350.873
2011-12-19,2301.137
2011-12-20,2257.063
2011-12-21,2114.47
2011-12-22,1983.594
2011-12-23,1868.636
2011-12-24,1758.679
2011-12-25,1645.258
2011-12-26,1603.594
2011-12-27,1683.932
2011-12-28,1795.448
2011-12-29,1791.279
2011-12-30,1647.47
2011-12-31,1585.78
2012-01-01,1691.026
2012-01-02,1782.703
2012-01-03,1693.685
2012-01-04,1511.071
2012-01-05,1456.329
2012-01-06,1523.756
2012-01-07,1496.212
2012-01-08,1346.073
2012-01-09,1198.647
2012-01-10,1133.398
2012-01-11,1176.756
2012-01-12,1315.705
2012-01-13,1405.949
2012-01-14,1380.366
2012-01-15,1237.972
2012-01-16,1054.84
2012-01-17,930.831
2012-01-18,881.163
2012-01-19,889.502
2012-01-20,918.843
2012-01-21,941.99
2012-01-22,972.094
2012-01-23,977.908
2012-01-24,927.29
2012-01-25,874.067
2012-01-26,865.026
2012-01-27,864.024
2012-01-28,869.006
2012-01-29,901.763
2012-01-30,878.774
2012-01-31,807.857
2012-02-01,873.462
2012-02-02,1219.116
2012-02-03,1363.95
2012-02-04,1003.595
2012-02-05,685.37
2012-02-06,552.124
2012-02-07,504.466
2012-02-08,478.292
2012-02-09,465.569
2012-02-10,462.281
2012-02-11,453.745
2012-02-12,435.122
2012-02-13,429.283
2012-02-14,460.874
2012-02-15,497.332
2012-02-16,491.158
2012-02-17,458.89
2012-02-18,429.214
2012-02-19,396.528
2012-02-20,371.807
2012-02-21,375.853
2012-02-22,394.208
2012-02-23,419.202
2012-02-24,426.208
2012-02-25,477.343
2012-02-26,502.174
2012-02-27,532.677
2012-02-28,574.095
2012-02-29,590.755
2012-03-01,597.168
2012-03-02,640.374
2012-03-03,671.927
2012-03-04,724.467
2012-03-05,724.78
2012-03-06,651.518
2012-03-07,651.837
2012-03-08,722.881
2012-03-09,782.371
2012-03-10,859.607
2012-03-11,921.895
2012-03-12,910.339
2012-03-13,1083.801
2012-03-14,1282.742
2012-03-15,1063.826
2012-03-16,824.295
2012-03-17,710.418
2012-03-18,703.952
2012-03-19,720.017
2012-03-20,715.668
2012-03-21,677.989
2012-03-22,639.75
2012-03-23,614.478
2012-03-24,579.682
2012-03-25,581.14
2012-03-26,625.529
2012-03-27,607.908
2012-03-28,536.82
2012-03-29,476.819
2012-03-30,449.18
2012-03-31,504.033
2012-04-01,550.341
2012-04-02,560.8
2012-04-03,614.425
2012-04-04,657.109
2012-04-05,610.032
2012-04-06,575.191
2012-04-07,705.308
2012-04-08,881.488
2012-04-09,780.011
2012-04-10,631.258
2012-04-11,592.927
2012-04-12,587.732
2012-04-13,570.382
2012-04-14,626.571
2012-04-15,769.684
2012-04-16,848.971
2012-04-17,805.223
2012-04-18,805.064
2012-04-19,904.344
2012-04-20,1083.523
2012-04-21,1283.317
2012-04-22,1334.215
2012-04-23,1227.273
2012-04-24,1189.505
2012-04-25,1256.362
2012-04-26,1475.931
2012-04-27,1576.428
2012-04-28,1511.447
2012-04-29,1616.1
2012-04-30,1616.317
2012-05-01,1597.443
2012-05-02,1654.24
2012-05-03,1577.952
2012-05-04,1422.768
2012-05-05,1402.214
2012-05-06,1404.815
2012-05-07,1426.264
2012-05-08,1513.205
2012-05-09,1558.822
2012-05-10,1493.893
2012-05-11,1436.149
2012-05-12,1417.335
2012-05-13,1434.799
2012-05-14,1468.516
2012-05-15,1460.676
2012-05-16,1468.654
2012-05-17,1568.155
2012-05-18,1672.526
2012-05-19,1750.644
2012-05-20,1777.282
2012-05-21,1663.11
2012-05-22,1526.108
2012-05-23,1502.895
2012-05-24,1517.882
2012-05-25,1482.371
2012-05-26,1398.798
2012-05-27,1345.152
2012-05-28,1257.738
2012-05-29,1240.265
2012-05-30,1374.675
2012-05-31,1490.212
2012-06-01,1512.565
2012-06-02,1673.63
2012-06-03,1764.31
2012-06-04,1420.467
2012-06-05,1153.245
2012-06-06,1059.751
2012-06-07,1023.75
2012-06-08,960.582
2012-06-09,884.21
2012-06-10,841.59
2012-06-11,824.909
2012-06-12,809.589
2012-06-13,809.271
2012-06-14,798.722
2012-06-15,723.917
2012-06-16,640.192
2012-06-17,590.375
2012-06-18,566.207
2012-06-19,553.666
2012-06-20,553.062
2012-06-21,582.099
2012-06-22,647.753
2012-06-23,712.147
2012-06-24,697.635
2012-06-25,613.368
2012-06-26,533.923
2012-06-27,495.528
2012-06-28,471.89
2012-06-29,448.721
2012-06-30,430.104
2012-07-01,424.26
2012-07-02,413.74
2012-07-03,404.71
2012-07-04,389.7
2012-07-05,372.574
2012-07-06,366.733
2012-07-07,403.613
2012-07-08,458.918
2012-07-09,494.424
2012-07-10,539.02
2012-07-11,591.706
2012-07-12,656.473
2012-07-13,703.242
2012-07-14,634.544
2012-07-15,462.798
2012-07-16,346.998
2012-07-17,309.757
2012-07-18,297.286
2012-07-19,285.365
2012-07-20,272.075
2012-07-21,258.43
2012-07-22,248.352
2012-07-23,242.938
2012-07-24,238.815
2012-07-25,232.297
2012-07-26,225.98
2012-07-27,221.031
2012-07-28,217.17
2012-07-29,218.637
2012-07-30,217.936
2012-07-31,212.7
2012-08-01,223.643
2012-08-02,232.378
2012-08-03,213.85
2012-08-04,204.778
2012-08-05,222.774
2012-08-06,256.463
2012-08-07,260.275
2012-08-08,234.891
2012-08-09,212.113
2012-08-10,202.979
2012-08-11,210.428
2012-08-12,233.193
2012-08-13,238.779
2012-08-14,213.346
2012-08-15,185.874
2012-08-16,166.618
2012-08-17,156.909
2012-08-18,156.35
2012-08-19,158.291
2012-08-20,161.495
2012-08-21,195.153
2012-08-22,265.947
2012-08-23,329.946
2012-08-24,354.295
2012-08-25,359.127
2012-08-26,310.416
2012-08-27,229.341
2012-08-28,173.009
2012-08-29,157.007
2012-08-30,149.752
2012-08-31,143.715
2012-09-01,148.959
2012-09-02,165.471
2012-09-03,194.635
2012-09-04,219.617
2012-09-05,239.747
2012-09-06,240.998
2012-09-07,206.435
2012-09-08,196.64
2012-09-09,218.585
2012-09-10,250.04
2012-09-11,318.291
2012-09-12,435.983
2012-09-13,629.9
2012-09-14,810.198
2012-09-15,851.217
2012-09-16,737.912
2012-09-17,631.205
2012-09-18,550.353
2012-09-19,456.854
2012-09-20,390.782
2012-09-21,385.905
2012-09-22,471.418
2012-09-23,566.693
2012-09-24,658.465
2012-09-25,777.925
2012-09-26,840.873
2012-09-27,803.467
2012-09-28,742.988
2012-09-29,679.62
2012-09-30,571.618
2012-10-01,450.241
2012-10-02,364.919
2012-10-03,297.028
2012-10-04,256.342
2012-10-05,240.154
2012-10-06,222.129
2012-10-07,208.76
2012-10-08,235.976
2012-10-09,308.14
2012-10-10,395.395
2012-10-11,481.587
2012-10-12,511.55
2012-10-13,491.561
2012-10-14,499.588
2012-10-15,472.385
2012-10-16,485.555
2012-10-17,501.753
2012-10-18,647.011
2012-10-19,610.49
2012-10-20,451.607
2012-10-21,406.964
2012-10-22,478.572
2012-10-23,572.492
2012-10-24,745.688
2012-10-25,902.395
2012-10-26,948.308
2012-10-27,1031.701
2012-10-28,1179.829
2012-10-29,1211.234
2012-10-30,1087.848
2012-10-31,1028.252
2012-11-01,991.169
2012-11-02,1126.457
2012-11-03,1223.586
2012-11-04,1184.815
2012-11-05,1196.7
2012-11-06,1283.096
2012-11-07,1199.132
2012-11-08,1159.21
2012-11-09,1184.621
2012-11-10,1323.486
2012-11-11,1363.845
2012-11-12,1292.24
2012-11-13,1360.489
2012-11-14,1492.342
2012-11-15,1523.308
2012-11-16,1478.64
2012-11-17,1421.125
2012-11-18,1484.85
2012-11-19,1498.17
2012-11-20,1252.681
2012-11-21,1126.75
2012-11-22,1127.504
2012-11-23,1234.455
2012-11-24,1308.119
2012-11-25,1371.956
2012-11-26,1434.216
2012-11-27,1392.296
2012-11-28,1270.677
2012-11-29,1193.938
2012-11-30,1197.585
2012-12-01,1176.935
2012-12-02,1167.328
2012-12-03,1154.832
2012-12-04,1153.84
2012-12-05,1492.731
2012-12-06,1952.097
2012-12-07,1795.92
2012-12-08,1334.842
2012-12-09,1050.504
2012-12-10,933.857
2012-12-11,953.397
2012-12-12,1035.201
2012-12-13,1134.423
2012-12-14,1133.071
2012-12-15,1026.572
2012-12-16,851.661
2012-12-17,737.491
2012-12-18,735.17
2012-12-19,804.71
2012-12-20,870.086
2012-12-21,877.465
2012-12-22,829.827
2012-12-23,862.888
2012-12-24,976.094
2012-12-25,1063.035
2012-12-26,1130.32
2012-12-27,1065.11
2012-12-28,924.152
2012-12-29,895.513
2012-12-30,969.722
2012-12-31,1016.881
2013-01-01,985.88
2013-01-02,1006.275
2013-01-03,1053.225
2013-01-04,1073.99
2013-01-05,1195.028
2013-01-06,1381.602
2013-01-07,1482.774
2013-01-08,1593.565
2013-01-09,1706.13
2013-01-10,1485.749
2013-01-11,1396.791
2013-01-12,1470.064
2013-01-13,1483.611
2013-01-14,1514.23
2013-01-15,1519.319
2013-01-16,1502.743
2013-01-17,1491.257
2013-01-18,1491.059
2013-01-19,1433.961
2013-01-20,1349.782
2013-01-21,1282.361
2013-01-22,1227.819
2013-01-23,1209.03
2013-01-24,1173.108
2013-01-25,1397.485
2013-01-26,1627.703
2013-01-27,1250.742
2013-01-28,899.63
2013-01-29,762.246
2013-01-30,735.785
2013-01-31,725.907
2013-02-01,713.243
2013-02-02,752.104
2013-02-03,797.562
2013-02-04,757.492
2013-02-05,680.742
2013-02-06,590.19
2013-02-07,519.093
2013-02-08,488.731
2013-02-09,511.834
2013-02-10,621.621
2013-02-11,777.875
2013-02-12,916.42
2013-02-13,1048.815
2013-02-14,1078.311
2013-02-15,987.136
2013-02-16,978.748
2013-02-17,990.429
2013-02-18,889.595
2013-02-19,759.027
2013-02-20,631.418
2013-02-21,536.375
2013-02-22,505.566
2013-02-23,490.808
2013-02-24,513.232
2013-02-25,585.53
2013-02-26,694.071
2013-02-27,819.486
2013-02-28,882.423
2013-03-01,892.975
2013-03-02,841.616
2013-03-03,673.471
2013-03-04,606.773
2013-03-05,654.874
2013-03-06,732.545
2013-03-07,754.598
2013-03-08,679.15
2013-03-09,569.106
2013-03-10,489.188
2013-03-11,453.063
2013-03-12,451.72
2013-03-13,413.727
2013-03-14,384.958
2013-03-15,386.197
2013-03-16,409.938
2013-03-17,433.163
2013-03-18,473.89
2013-03-19,572.442
2013-03-20,713.397
2013-03-21,1095.599
2013-03-22,1429.132
2013-03-23,1320.686
2013-03-24,1331.166
2013-03-25,1156.165
2013-03-26,1052.811
2013-03-27,1094.736
2013-03-28,1115.503
2013-03-29,1275.509
2013-03-30,1324.706
2013-03-31,878.253
2013-04-01,857.896
2013-04-02,967.29
2013-04-03,1034.873
2013-04-04,1090.143
2013-04-05,1091.139
2013-04-06,1078.63
2013-04-07,1048.769
2013-04-08,979.302
2013-04-09,993.272
2013-04-10,1180.053
2013-04-11,1580.064
2013-04-12,1841.791
2013-04-13,2012.275
2013-04-14,2130.695
2013-04-15,1702.328
2013-04-16,1382.032
2013-04-17,1222.492
2013-04-18,1128.955
2013-04-19,1253.316
2013-04-20,1702.873
2013-04-21,2149.294
2013-04-22,2057.425
2013-04-23,1892.072
2013-04-24,2021.625
2013-04-25,2255.176
2013-04-26,2076.884
2013-04-27,1910.705
2013-04-28,1775.359
2013-04-29,1647.05
2013-04-30,1674.577
2013-05-01,1787.793
2013-05-02,1771.002
2013-05-03,1669.376
2013-05-04,1626.745
2013-05-05,1618.749
2013-05-06,1617.268
2013-05-07,1583.081
2013-05-08,1559.049
2013-05-09,1594.048
2013-05-10,1627.994
2013-05-11,1689.691
2013-05-12,1801.45
2013-05-13,1868.242
2013-05-14,1881.381
2013-05-15,1876.188
2013-05-16,1879.524
2013-05-17,1815.816
2013-05-18,1772.962
2013-05-19,1825.143
2013-05-20,1843.897
2013-05-21,1816.064
2013-05-22,1874.875
2013-05-23,1858.657
2013-05-24,1655.133
2013-05-25,1489.055
2013-05-26,1421.226
2013-05-27,1273.884
2013-05-28,1083.542
2013-05-29,939.099
2013-05-30,852.357
2013-05-31,802.058
2013-06-01,764.331
2013-06-02,730.348
2013-06-03,699.127
2013-06-04,669.984
2013-06-05,645.226
2013-06-06,628.451
2013-06-07,622.518
2013-06-08,623.036
2013-06-09,611.375
2013-06-10,582.782
2013-06-11,550.836
2013-06-12,518.173
2013-06-13,489.2
2013-06-14,470.16
2013-06-15,461.368
2013-06-16,462.207
2013-06-17,456.798
2013-06-18,432.115
2013-06-19,403.003
2013-06-20,383.871
2013-06-21,370.888
2013-06-22,359.826
2013-06-23,349.375
2013-06-24,339.038
2013-06-25,329.423
2013-06-26,320.415
2013-06-27,312.723
2013-06-28,306.347
2013-06-29,301.021
2013-06-30,296.26
2013-07-01,288.825
2013-07-02,278.895
2013-07-03,269.729
2013-07-04,262.103
2013-07-05,255.855
2013-07-06,250.185
2013-07-07,243.921
2013-07-08,238.474
2013-07-09,232.96
2013-07-10,228.799
2013-07-11,225.99
2013-07-12,224.33
2013-07-13,227.214
2013-07-14,236.172
2013-07-15,239.13
2013-07-16,229.288
2013-07-17,213.644
2013-07-18,199.195
2013-07-19,191.838
2013-07-20,188.55
2013-07-21,184.22
2013-07-22,181.02
2013-07-23,176.72
2013-07-24,169.894
2013-07-25,164.927
2013-07-26,161.257
2013-07-27,157.518
2013-07-28,154.737
2013-07-29,152.699
2013-07-30,151.037
2013-07-31,148.51
2013-08-01,145.215
2013-08-02,142.31
2013-08-03,140.818
2013-08-04,138.91
2013-08-05,137.649
2013-08-06,135.06
2013-08-07,132.093
2013-08-08,130.265
2013-08-09,130.084
2013-08-10,129.188
2013-08-11,127.787
2013-08-12,127.112
2013-08-13,125.732
2013-08-14,124.055
2013-08-15,122.788
2013-08-16,121.695
2013-08-17,119.393
2013-08-18,120.062
2013-08-19,127.467
2013-08-20,136.625
2013-08-21,145.229
2013-08-22,146.827
2013-08-23,141.15
2013-08-24,144.386
2013-08-25,138.767
2013-08-26,125.612
2013-08-27,118.843
2013-08-28,123.17
2013-08-29,126.324
2013-08-30,119.977
2013-08-31,122.945
2013-09-01,150.3
2013-09-02,176.88
2013-09-03,169.46
2013-09-04,139.5
2013-09-05,115.724
2013-09-06,124.014
2013-09-07,163.074
2013-09-08,190.338
2013-09-09,170.554
2013-09-10,125.132
2013-09-11,101.355
2013-09-12,95.547
2013-09-13,99.217
2013-09-14,126.283
2013-09-15,192.006
2013-09-16,310.336
2013-09-17,378.598
2013-09-18,327.435
2013-09-19,256.238
2013-09-20,174.805
2013-09-21,110.97
2013-09-22,92.35
2013-09-23,107.966
2013-09-24,159.967
2013-09-25,229.57
2013-09-26,248.039
2013-09-27,243.455
2013-09-28,240.954
2013-09-29,230.183
2013-09-30,203.134
2013-10-01,177.116
2013-10-02,195.629
2013-10-03,291.438
2013-10-04,448.023
2013-10-05,577.272
2013-10-06,762.409
2013-10-07,823.594
2013-10-08,835.62
2013-10-09,795.351
2013-10-10,761.093
2013-10-11,805.15
2013-10-12,934.85
2013-10-13,991.139
2013-10-14,927.78
2013-10-15,839.226
2013-10-16,860.634
2013-10-17,965.113
2013-10-18,1004.088
2013-10-19,949.438
2013-10-20,764.05
2013-10-21,558.128
2013-10-22,412.825
2013-10-23,386.308
2013-10-24,462.337
2013-10-25,522.877
2013-10-26,529.768
2013-10-27,491.706
2013-10-28,437.29
2013-10-29,411.505
2013-10-30,370.098
2013-10-31,293.806
2013-11-01,258.2
2013-11-02,209.396
2013-11-03,223.352
2013-11-04,247.276
2013-11-05,275.646
2013-11-06,314.741
2013-11-07,346.191
2013-11-08,401.097
2013-11-09,485.31
2013-11-10,437.427
2013-11-11,403.431
2013-11-12,462.98
2013-11-13,498.668
2013-11-14,508.78
2013-11-15,489.838
2013-11-16,440.429
2013-11-17,492.095
2013-11-18,615.56
2013-11-19,773.459
2013-11-20,944.852
2013-11-21,1047.162
2013-11-22,1093.075
2013-11-23,1005.085
2013-11-24,888.075
2013-11-25,861.178
2013-11-26,852.075
2013-11-27,903.875
2013-11-28,883.98
2013-11-29,965.277
2013-11-30,1005.438
2013-12-01,955.911
2013-12-02,879.672
2013-12-03,790.759
2013-12-04,785.046
2013-12-05,1080.314
2013-12-06,1330.635
2013-12-07,1154.078
2013-12-08,970.511
2013-12-09,875.142
2013-12-10,837.053
2013-12-11,839.354
2013-12-12,823.22
2013-12-13,715.156
2013-12-14,619.645
2013-12-15,647.842
2013-12-16,702.946
2013-12-17,844.444
2013-12-18,1391.657
2013-12-19,1945.262
2013-12-20,1730.305
2013-12-21,1393.401
2013-12-22,1198.737
2013-12-23,1101.915
2013-12-24,1131.353
2013-12-25,1267.511
2013-12-26,1340.168
2013-12-27,1343.722
2013-12-28,1340.775
2013-12-29,1312.31
2013-12-30,1281.893
2013-12-31,1280.202
2014-01-01,1303.784
2014-01-02,1255.282
2014-01-03,1126.371
2014-01-04,1067.498
2014-01-05,1080.216
2014-01-06,984.612
2014-01-07,843.865
2014-01-08,745.442
2014-01-09,729.09
2014-01-10,779.85
2014-01-11,820.339
2014-01-12,900.643
2014-01-13,1077.951
2014-01-14,1283.254
2014-01-15,1380.897
2014-01-16,1378.365
2014-01-17,1197.21
2014-01-18,936.56
2014-01-19,744.321
2014-01-20,620.76
2014-01-21,588.11
2014-01-22,659.507
2014-01-23,792.173
2014-01-24,892.436
2014-01-25,871.045
2014-01-26,765.101
2014-01-27,660.336
2014-01-28,589.563
2014-01-29,572.175
2014-01-30,595.377
2014-01-31,642.349
2014-02-01,651.252
2014-02-02,615.524
2014-02-03,601.203
2014-02-04,663.345
2014-02-05,788.028
2014-02-06,839.541
2014-02-07,824.412
2014-02-08,814.413
2014-02-09,765.954
2014-02-10,770.797
2014-02-11,760.274
2014-02-12,705.932
2014-02-13,645.793
2014-02-14,557.694
2014-02-15,508.174
2014-02-16,506.428
2014-02-17,579.724
2014-02-18,796.55
2014-02-19,1033.68
2014-02-20,1065.299
2014-02-21,979.034
2014-02-22,851.461
2014-02-23,768.422
2014-02-24,777.733
2014-02-25,813.767
2014-02-26,856.097
2014-02-27,879.887
2014-02-28,906.992
2014-03-01,828.219
2014-03-02,689.804
2014-03-03,623.405
2014-03-04,625.522
2014-03-05,659.357
2014-03-06,704.554
2014-03-07,767.802
2014-03-08,822.769
2014-03-09,905.775
2014-03-10,1051.243
2014-03-11,1140.285
2014-03-12,1099.477
2014-03-13,959.272
2014-03-14,767.086
2014-03-15,599.517
2014-03-16,525.239
2014-03-17,612.926
2014-03-18,667.272
2014-03-19,601.473
2014-03-20,625.276
2014-03-21,721.668
2014-03-22,747.445
2014-03-23,708.291
2014-03-24,697.483
2014-03-25,782.703
2014-03-26,874.818
2014-03-27,965.97
2014-03-28,1023.944
2014-03-29,1170.464
2014-03-30,1126.811
2014-03-31,1043.884
2014-04-01,955.13
2014-04-02,903.159
2014-04-03,924.343
2014-04-04,1040.026
2014-04-05,1109.532
2014-04-06,1061.022
2014-04-07,1030.378
2014-04-08,1101.038
2014-04-09,1157.476
2014-04-10,1210.082
2014-04-11,1155.58
2014-04-12,1055.417
2014-04-13,974.155
2014-04-14,859.217
2014-04-15,734.251
2014-04-16,688.755
2014-04-17,703.538
2014-04-18,744.285
2014-04-19,781.28
2014-04-20,839.81
2014-04-21,1044.147
2014-04-22,1177.86
2014-04-23,1051.841
2014-04-24,909.617
2014-04-25,847.127
2014-04-26,798.78
2014-04-27,837.863
2014-04-28,963.248
2014-04-29,1039.035
2014-04-30,1033.685
2014-05-01,1042.156
2014-05-02,1172.405
2014-05-03,1416.452
2014-05-04,1690.681
2014-05-05,1735.051
2014-05-06,1402.941
2014-05-07,1093.08
2014-05-08,1004.023
2014-05-09,1047.442
2014-05-10,1083.753
2014-05-11,1057.14
2014-05-12,986.572
2014-05-13,859.145
2014-05-14,714.622
2014-05-15,640.859
2014-05-16,626.862
2014-05-17,632.575
2014-05-18,630.645
2014-05-19,631.73
2014-05-20,594.153
2014-05-21,544.768
2014-05-22,550.104
2014-05-23,599.553
2014-05-24,682.078
2014-05-25,748.869
2014-05-26,739.254
2014-05-27,675.948
2014-05-28,600.108
2014-05-29,526.479
2014-05-30,461.595
2014-05-31,412.275
2014-06-01,383.48
2014-06-02,371.224
2014-06-03,367.285
2014-06-04,359.04
2014-06-05,345.181
2014-06-06,337.595
2014-06-07,331.694
2014-06-08,318.685
2014-06-09,301.465
2014-06-10,289.525
2014-06-11,279.548
2014-06-12,275.659
2014-06-13,272.818
2014-06-14,264.322
2014-06-15,251.401
2014-06-16,241.613
2014-06-17,235.543
2014-06-18,233.53
2014-06-19,241.662
2014-06-20,272.802
2014-06-21,320.072
2014-06-22,349.312
2014-06-23,329.084
2014-06-24,272.495
2014-06-25,225.172
2014-06-26,203.387
2014-06-27,196.077
2014-06-28,194.385
2014-06-29,194.021
2014-06-30,200.877
2014-07-01,219.859
2014-07-02,262.331
2014-07-03,318.704
2014-07-04,342.599
2014-07-05,314.502
2014-07-06,244.5
2014-07-07,185.754
2014-07-08,162.381
2014-07-09,155.98
2014-07-10,152.979
2014-07-11,150.332
2014-07-12,148.73
2014-07-13,149.265
2014-07-14,153.405
2014-07-15,152.652
2014-07-16,144.888
2014-07-17,137.67
2014-07-18,133.217
2014-07-19,130.675
2014-07-20,129.543
2014-07-21,128.859
2014-07-22,127.876
2014-07-23,126.596
2014-07-24,124.165
2014-07-25,120.638
2014-07-26,119.918
2014-07-27,120.892
2014-07-28,121.721
2014-07-29,121.43
2014-07-30,123.772
2014-07-31,124.432
2014-08-01,120.045
2014-08-02,123.875
2014-08-03,150.501
2014-08-04,187.34
2014-08-05,206.441
2014-08-06,199.463
2014-08-07,168.801
2014-08-08,141.481
2014-08-09,134.889
2014-08-10,136.309
2014-08-11,156.511
2014-08-12,166.285
2014-08-13,143.302
2014-08-14,116.233
2014-08-15,110.327
2014-08-16,122.981
2014-08-17,134.628
2014-08-18,148.83
2014-08-19,167.411
2014-08-20,202.766
2014-08-21,205.978
2014-08-22,193.476
2014-08-23,178.111
2014-08-24,174.652
2014-08-25,181.275
2014-08-26,196.55
2014-08-27,203.247
2014-08-28,277.23
2014-08-29,381.907
2014-08-30,409.148
2014-08-31,406.278
2014-09-01,378.725
2014-09-02,299.839
2014-09-03,235.775
2014-09-04,221.189
2014-09-05,250.53
2014-09-06,312.74
2014-09-07,378.371
2014-09-08,488.579
2014-09-09,612.65
2014-09-10,724.639
2014-09-11,809.537
2014-09-12,712.707
2014-09-13,508.082
2014-09-14,407.68
2014-09-15,425.56
2014-09-16,525.533
2014-09-17,673.186
2014-09-18,785.546
2014-09-19,837.954
2014-09-20,836.642
2014-09-21,690.638
2014-09-22,492.985
2014-09-23,347.938
2014-09-24,260.553
2014-09-25,214.028
2014-09-26,184.99
2014-09-27,168.808
2014-09-28,168.905
2014-09-29,172.823
2014-09-30,161.626
2014-10-01,175.73
2014-10-02,192.521
2014-10-03,218.342
2014-10-04,276.366
2014-10-05,352.163
2014-10-06,434.74
2014-10-07,468.376
2014-10-08,474.872
2014-10-09,637.736
2014-10-10,609.583
2014-10-11,570.392
2014-10-12,512.585
2014-10-13,509.914
2014-10-14,519.871
2014-10-15,646.983
2014-10-16,911.483
2014-10-17,1191.056
2014-10-18,1287.168
2014-10-19,1157.807
2014-10-20,932.372
2014-10-21,729.849
2014-10-22,634.618
2014-10-23,812.443
2014-10-24,701.379
2014-10-25,706.754
2014-10-26,572.887
2014-10-27,472.243
2014-10-28,488.799
2014-10-29,567.178
2014-10-30,593.406
2014-10-31,735.155
2014-11-01,1109.282
2014-11-02,1335.34
2014-11-03,1175.535
2014-11-04,956.832
2014-11-05,850.913
2014-11-06,864.16
2014-11-07,983.252
2014-11-08,1169.931
2014-11-09,1142.668
2014-11-10,918.28
2014-11-11,764.292
2014-11-12,685.587
2014-11-13,600.788
2014-11-14,541.247
2014-11-15,525.733
2014-11-16,545.775
2014-11-17,653.438
2014-11-18,754.977
2014-11-19,827.72
2014-11-20,793.983
2014-11-21,633.838
2014-11-22,507.32
2014-11-23,469.128
2014-11-24,480.256
2014-11-25,519.8
2014-11-26,588.242
2014-11-27,669.903
2014-11-28,684.871
2014-11-29,722.452
2014-11-30,806.363
2014-12-01,813.532
2014-12-02,775.176
2014-12-03,854.707
2014-12-04,1022.584
2014-12-05,1138.959
2014-12-06,1180.407
2014-12-07,1138.753
2014-12-08,1222.02
2014-12-09,1093.368
2014-12-10,936.662
2014-12-11,1022.6
2014-12-12,1450.375
2014-12-13,1815.042
2014-12-14,1636.68
2014-12-15,1419.08
2014-12-16,1481.643
2014-12-17,1691.446
2014-12-18,2017.905
2014-12-19,2074.639
2014-12-20,1559.174
2014-12-21,1047.02
2014-12-22,809.961
2014-12-23,782.269
2014-12-24,805.307
2014-12-25,791.31
2014-12-26,747.636
2014-12-27,693.805
2014-12-28,635.312
2014-12-29,579.388
2014-12-30,607.586
2014-12-31,654.048
2015-01-01,665.045
2015-01-02,688.431
2015-01-03,706.767
2015-01-04,759.165
2015-01-05,883.935
2015-01-06,931.361
2015-01-07,874.689
2015-01-08,943.762
2015-01-09,1141.585
2015-01-10,1301.433
2015-01-11,1330.001
2015-01-12,1205.752
2015-01-13,995.256
2015-01-14,839.911
2015-01-15,759.568
2015-01-16,713.021
2015-01-17,697.073
2015-01-18,646.104
2015-01-19,560.527
2015-01-20,515.266
2015-01-21,514.11
2015-01-22,541.0
2015-01-23,601.445
2015-01-24,610.248
2015-01-25,579.798
2015-01-26,647.884
2015-01-27,734.049
2015-01-28,644.385
2015-01-29,517.228
2015-01-30,440.07
2015-01-31,376.162
2015-02-01,343.332
2015-02-02,347.78
2015-02-03,395.543
2015-02-04,472.334
2015-02-05,562.987
2015-02-06,648.313
2015-02-07,666.71
2015-02-08,683.793
2015-02-09,721.832
2015-02-10,601.464
2015-02-11,424.036
2015-02-12,389.012
2015-02-13,481.137
2015-02-14,566.728
2015-02-15,569.12
2015-02-16,511.561
2015-02-17,460.068
2015-02-18,483.771
2015-02-19,602.103
2015-02-20,709.683
2015-02-21,635.672
2015-02-22,510.723
2015-02-23,432.888
2015-02-24,379.476
2015-02-25,370.967
2015-02-26,366.022
2015-02-27,375.924
2015-02-28,415.259
2015-03-01,472.563
2015-03-02,497.079
2015-03-03,532.214
2015-03-04,628.41
2015-03-05,683.201
2015-03-06,634.096
2015-03-07,531.084
2015-03-08,440.662
2015-03-09,431.653
2015-03-10,521.908
2015-03-11,606.488
2015-03-12,619.869
2015-03-13,589.036
2015-03-14,571.516
2015-03-15,559.274
2015-03-16,526.443
2015-03-17,492.073
2015-03-18,495.043
2015-03-19,491.276
2015-03-20,439.869
2015-03-21,358.279
2015-03-22,306.264
2015-03-23,299.391
2015-03-24,294.688
2015-03-25,290.243
2015-03-26,419.295
2015-03-27,454.885
2015-03-28,450.427
2015-03-29,487.735
2015-03-30,452.178
2015-03-31,385.536
2015-04-01,407.306
2015-04-02,477.71
2015-04-03,624.763
2015-04-04,707.881
2015-04-05,764.096
2015-04-06,900.294
2015-04-07,1157.928
2015-04-08,1348.001
2015-04-09,1345.075
2015-04-10,1207.87
2015-04-11,1317.509
2015-04-12,1535.551
2015-04-13,1540.584
2015-04-14,1703.277
2015-04-15,2078.689
2015-04-16,1969.522
2015-04-17,1505.693
2015-04-18,1337.421
2015-04-19,1780.092
2015-04-20,2088.342
2015-04-21,1622.194
2015-04-22,1198.354
2015-04-23,1100.626
2015-04-24,1214.924
2015-04-25,1380.1
2015-04-26,1305.395
2015-04-27,1140.875
2015-04-28,1111.338
2015-04-29,1442.994
2015-04-30,1684.993
2015-05-01,1458.609
2015-05-02,1334.145
2015-05-03,1432.787
2015-05-04,1494.159
2015-05-05,1348.467
2015-05-06,1285.63
2015-05-07,1253.822
2015-05-08,1184.026
2015-05-09,1081.973
2015-05-10,1024.755
2015-05-11,1052.735
2015-05-12,1145.182
2015-05-13,1313.686
2015-05-14,1432.761
2015-05-15,1277.786
2015-05-16,1086.646
2015-05-17,1023.4
2015-05-18,1040.385
2015-05-19,1019.576
2015-05-20,967.093
2015-05-21,1006.088
2015-05-22,1111.211
2015-05-23,1149.854
2015-05-24,1121.634
2015-05-25,1028.299
2015-05-26,885.308
2015-05-27,789.854
2015-05-28,769.663
2015-05-29,777.205
2015-05-30,776.319
2015-05-31,742.627
2015-06-01,683.337
2015-06-02,625.005
2015-06-03,576.286
2015-06-04,533.783
2015-06-05,498.792
2015-06-06,475.477
2015-06-07,461.092
2015-06-08,463.271
2015-06-09,470.107
2015-06-10,467.077
2015-06-11,463.82
2015-06-12,439.018
2015-06-13,395.627
2015-06-14,379.832
2015-06-15,406.756
2015-06-16,467.975
2015-06-17,501.461
2015-06-18,513.801
2015-06-19,514.25
2015-06-20,428.395
2015-06-21,342.497
2015-06-22,299.573
2015-06-23,282.595
2015-06-24,284.818
2015-06-25,294.8
2015-06-26,293.639
2015-06-27,295.758
2015-06-28,324.327
2015-06-29,348.212
2015-06-30,372.713
2015-07-01,421.556
2015-07-02,765.393
2015-07-03,1053.456
2015-07-04,688.32
2015-07-05,401.449
2015-07-06,302.27
2015-07-07,256.361
2015-07-08,228.771
2015-07-09,217.535
2015-07-10,231.985
2015-07-11,259.48
2015-07-12,267.986
2015-07-13,255.268
2015-07-14,222.601
2015-07-15,199.741
2015-07-16,196.028
2015-07-17,201.367
2015-07-18,198.903
2015-07-19,186.99
2015-07-20,174.734
2015-07-21,165.635
2015-07-22,160.837
2015-07-23,157.305
2015-07-24,153.942
2015-07-25,150.098
2015-07-26,146.224
2015-07-27,143.054
2015-07-28,140.395
2015-07-29,137.749
2015-07-30,135.187
2015-07-31,134.047
2015-08-01,133.825
2015-08-02,132.99
2015-08-03,130.801
2015-08-04,129.596
2015-08-05,127.95
2015-08-06,126.4
2015-08-07,124.455
2015-08-08,122.977
2015-08-09,119.276
2015-08-10,117.766
2015-08-11,116.79
2015-08-12,113.982
2015-08-13,110.968
2015-08-14,120.063
2015-08-15,133.034
2015-08-16,128.339
2015-08-17,116.92
2015-08-18,107.62
2015-08-19,105.148
2015-08-20,111.436
2015-08-21,116.442
2015-08-22,114.389
2015-08-23,106.424
2015-08-24,96.502
2015-08-25,90.944
2015-08-26,90.847
2015-08-27,92.602
2015-08-28,93.969
2015-08-29,97.269
2015-08-30,95.838
2015-08-31,88.023
2015-09-01,81.731
2015-09-02,79.055
2015-09-03,79.194
2015-09-04,82.663
2015-09-05,85.145
2015-09-06,83.425
2015-09-07,84.772
2015-09-08,88.579
2015-09-09,91.949
2015-09-10,89.294
2015-09-11,80.7
2015-09-12,80.645
2015-09-13,91.151
2015-09-14,106.768
2015-09-15,138.548
2015-09-16,190.608
2015-09-17,256.829
2015-09-18,301.206
2015-09-19,309.532
2015-09-20,302.67
2015-09-21,247.178
2015-09-22,181.362
2015-09-23,139.627
2015-09-24,115.203
2015-09-25,98.86
2015-09-26,81.502
2015-09-27,71.908
2015-09-28,68.975
2015-09-29,71.532
2015-09-30,88.802
2015-10-01,99.588
2015-10-02,126.728
2015-10-03,136.124
2015-10-04,131.578
2015-10-05,115.667
2015-10-06,91.515
2015-10-07,88.619
2015-10-08,99.029
2015-10-09,100.413
2015-10-10,116.995
2015-10-11,173.112
2015-10-12,229.991
2015-10-13,266.666
2015-10-14,267.85
2015-10-15,276.04
2015-10-16,367.743
2015-10-17,468.131
2015-10-18,472.135
2015-10-19,385.791
2015-10-20,293.778
2015-10-21,254.742
2015-10-22,241.327
2015-10-23,291.236
2015-10-24,417.98
2015-10-25,579.122
2015-10-26,734.054
2015-10-27,751.52
2015-10-28,679.978
2015-10-29,656.55
2015-10-30,640.21
2015-10-31,610.468
2015-11-01,681.877
2015-11-02,751.964
2015-11-03,755.563
2015-11-04,733.773
2015-11-05,855.538
2015-11-06,993.269
2015-11-07,1149.923
2015-11-08,1399.984
2015-11-09,1737.572
2015-11-10,1757.359
2015-11-11,1651.189
2015-11-12,1625.358
2015-11-13,1534.06
2015-11-14,1505.36
2015-11-15,1577.308
2015-11-16,1351.672
2015-11-17,1600.689
2015-11-18,2024.206
2015-11-19,1688.648
2015-11-20,1421.865
2015-11-21,1255.07
2015-11-22,1136.834
2015-11-23,1131.289
2015-11-24,1093.301
2015-11-25,1021.701
2015-11-26,1027.258
2015-11-27,1066.543
2015-11-28,1120.026
2015-11-29,1240.484
2015-11-30,1391.55
2015-12-01,1519.393
2015-12-02,1761.872
2015-12-03,2097.322
2015-12-04,1891.6
2015-12-05,1659.049
2015-12-06,1665.123
2015-12-07,1668.888
2015-12-08,1582.018
2015-12-09,1710.623
2015-12-10,1773.672
2015-12-11,1889.867
2015-12-12,1724.312
2015-12-13,1470.592
2015-12-14,1356.267
2015-12-15,1328.78
2015-12-16,1457.615
2015-12-17,1612.703
2015-12-18,1545.441
2015-12-19,1821.097
2015-12-20,2167.842
2015-12-21,1835.798
2015-12-22,1830.084
2015-12-23,2046.486
2015-12-24,2182.015
2015-12-25,2767.974
2015-12-26,2764.734
2015-12-27,2135.867
2015-12-28,1724.999
2015-12-29,1606.208
2015-12-30,1609.408
2015-12-31,1638.718
2016-01-01,1620.188
2016-01-02,1624.75
2016-01-03,1606.243
2016-01-04,1558.218
2016-01-05,1445.538
2016-01-06,1289.278
2016-01-07,1204.6
2016-01-08,1170.154
2016-01-09,1171.837
2016-01-10,1181.105
2016-01-11,1214.37
2016-01-12,1228.399
2016-01-13,1139.863
2016-01-14,1062.223
2016-01-15,977.809
2016-01-16,908.61
2016-01-17,912.352
2016-01-18,894.737
2016-01-19,843.875
2016-01-20,792.301
2016-01-21,806.831
2016-01-22,847.551
2016-01-23,886.3
2016-01-24,968.286
2016-01-25,1094.804
2016-01-26,1393.641
2016-01-27,1641.925
2016-01-28,1373.692
2016-01-29,1150.558
2016-01-30,1135.81
2016-01-31,1213.778
2016-02-01,1220.94
2016-02-02,1065.26
2016-02-03,957.831
2016-02-04,1025.839
2016-02-05,1169.359
2016-02-06,1344.211
2016-02-07,1559.717
2016-02-08,1520.686
2016-02-09,1184.498
2016-02-10,881.633
2016-02-11,757.606
2016-02-12,753.505
2016-02-13,825.494
2016-02-14,1061.172
2016-02-15,1259.78
2016-02-16,1045.21
2016-02-17,837.64
2016-02-18,741.376
2016-02-19,674.795
2016-02-20,647.025
2016-02-21,676.687
2016-02-22,740.192
2016-02-23,758.846
2016-02-24,743.864
2016-02-25,926.046
2016-02-26,1192.874
2016-02-27,1186.34
2016-02-28,1071.249
2016-02-29,994.512
2016-03-01,913.27
2016-03-02,793.166
2016-03-03,724.881
2016-03-04,748.172
2016-03-05,838.903
2016-03-06,911.398
2016-03-07,927.178
2016-03-08,887.953
2016-03-09,831.514
2016-03-10,782.056
2016-03-11,716.284
2016-03-12,671.635
2016-03-13,689.047
2016-03-14,732.992
2016-03-15,710.681
2016-03-16,659.712
2016-03-17,674.008
2016-03-18,721.358
2016-03-19,727.66
2016-03-20,678.03
2016-03-21,718.547
2016-03-22,795.422
2016-03-23,732.625
2016-03-24,736.256
2016-03-25,784.73
2016-03-26,774.461
2016-03-27,694.841
2016-03-28,583.733
2016-03-29,479.655
2016-03-30,562.355
2016-03-31,719.186
2016-04-01,709.762
2016-04-02,616.06
2016-04-03,544.212
2016-04-04,656.955
2016-04-05,872.171
2016-04-06,989.464
2016-04-07,1064.037
2016-04-08,1033.039
2016-04-09,927.988
2016-04-10,1084.514
2016-04-11,1183.756
2016-04-12,884.531
2016-04-13,725.863
2016-04-14,840.896
2016-04-15,1145.354
2016-04-16,1387.892
2016-04-17,1458.432
2016-04-18,1276.263
2016-04-19,1004.623
2016-04-20,873.51
2016-04-21,803.678
2016-04-22,820.349
2016-04-23,911.196
2016-04-24,929.009
2016-04-25,950.941
2016-04-26,1157.536
2016-04-27,1330.663
2016-04-28,1543.011
2016-04-29,1573.076
2016-04-30,1504.617
2016-05-01,1523.054
2016-05-02,1806.392
2016-05-03,2059.006
2016-05-04,2188.07
2016-05-05,2267.718
2016-05-06,2245.854
2016-05-07,2148.235
2016-05-08,2017.371
2016-05-09,2004.672
2016-05-10,2011.227
2016-05-11,2032.3
2016-05-12,2195.339
2016-05-13,2352.535
2016-05-14,2328.981
2016-05-15,2232.608
2016-05-16,1976.985
2016-05-17,1736.638
2016-05-18,1588.687
2016-05-19,1483.83
2016-05-20,1523.138
2016-05-21,1613.674
2016-05-22,1504.148
2016-05-23,1256.398
2016-05-24,1041.861
2016-05-25,936.553
2016-05-26,862.26
2016-05-27,798.728
2016-05-28,750.829
2016-05-29,711.933
2016-05-30,679.544
2016-05-31,648.215
2016-06-01,618.209
2016-06-02,592.88
2016-06-03,570.76
2016-06-04,545.908
2016-06-05,517.485
2016-06-06,492.502
2016-06-07,471.543
2016-06-08,452.892
2016-06-09,435.752
2016-06-10,421.034
2016-06-11,413.652
2016-06-12,413.732
2016-06-13,418.347
2016-06-14,418.548
2016-06-15,403.505
2016-06-16,397.228
2016-06-17,394.768
2016-06-18,371.315
2016-06-19,337.751
2016-06-20,312.33
2016-06-21,300.428
2016-06-22,291.375
2016-06-23,281.789
2016-06-24,276.643
2016-06-25,267.884
2016-06-26,258.83
2016-06-27,256.58
2016-06-28,260.483
2016-06-29,259.687
2016-06-30,260.952
2016-07-01,291.508
2016-07-02,323.298
2016-07-03,308.246
2016-07-04,274.25
2016-07-05,242.058
2016-07-06,227.088
2016-07-07,229.22
2016-07-08,223.503
2016-07-09,208.72
2016-07-10,189.216
2016-07-11,177.062
2016-07-12,171.429
2016-07-13,168.703
2016-07-14,165.581
2016-07-15,161.067
2016-07-16,156.706
2016-07-17,153.031
2016-07-18,149.714
2016-07-19,146.665
2016-07-20,145.239
2016-07-21,150.529
2016-07-22,153.336
2016-07-23,143.725
2016-07-24,135.174
2016-07-25,130.805
2016-07-26,132.009
2016-07-27,173.535
2016-07-28,162.198
2016-07-29,130.654
2016-07-30,122.098
2016-07-31,123.27
2016-08-01,121.008
2016-08-02,119.14
2016-08-03,118.139
2016-08-04,115.798
2016-08-05,110.998
2016-08-06,108.702
2016-08-07,112.653
2016-08-08,131.333
2016-08-09,146.894
2016-08-10,143.82
2016-08-11,138.502
2016-08-12,140.11
2016-08-13,148.905
2016-08-14,148.415
2016-08-15,129.188
2016-08-16,105.645
2016-08-17,94.398
2016-08-18,89.877
2016-08-19,87.516
2016-08-20,87.129
2016-08-21,86.046
2016-08-22,86.679
2016-08-23,89.217
2016-08-24,90.7
2016-08-25,98.332
2016-08-26,99.681
2016-08-27,91.638
2016-08-28,102.794
2016-08-29,133.696
2016-08-30,153.858
2016-08-31,141.097
2016-09-01,106.137
2016-09-02,80.544
2016-09-03,70.519
2016-09-04,67.712
2016-09-05,66.879
2016-09-06,66.51
2016-09-07,65.941
2016-09-08,64.948
2016-09-09,63.995
2016-09-10,63.446
2016-09-11,63.11
2016-09-12,63.09
2016-09-13,62.655
2016-09-14,61.492
2016-09-15,60.023
2016-09-16,59.144
2016-09-17,59.001
2016-09-18,61.548
2016-09-19,62.187
2016-09-20,63.551
2016-09-21,69.847
2016-09-22,84.285
2016-09-23,99.852
2016-09-24,102.786
2016-09-25,87.052
2016-09-26,69.726
2016-09-27,61.975
2016-09-28,65.0
2016-09-29,94.249
2016-09-30,160.999
2016-10-01,242.578
2016-10-02,285.329
2016-10-03,265.059
2016-10-04,225.289
2016-10-05,186.475
2016-10-06,138.078
2016-10-07,130.13
2016-10-08,212.085
2016-10-09,306.428
2016-10-10,424.645
2016-10-11,561.528
2016-10-12,712.78
2016-10-13,797.791
2016-10-14,714.018
2016-10-15,720.135
2016-10-16,1019.137
2016-10-17,1317.202
2016-10-18,1295.525
2016-10-19,1233.34
2016-10-20,1187.543
2016-10-21,1179.585
2016-10-22,1119.93
2016-10-23,920.87
2016-10-24,610.475
2016-10-25,371.351
2016-10-26,235.164
2016-10-27,154.315
2016-10-28,120.716
2016-10-29,112.785
2016-10-30,114.047
2016-10-31,118.476
2016-11-01,133.083
2016-11-02,159.368
2016-11-03,193.007
2016-11-04,195.241
2016-11-05,165.442
2016-11-06,132.103
2016-11-07,131.033
2016-11-08,150.004
2016-11-09,181.486
2016-11-10,231.793
2016-11-11,281.475
2016-11-12,316.315
2016-11-13,332.43
2016-11-14,338.9
2016-11-15,362.87
2016-11-16,422.607
2016-11-17,522.909
2016-11-18,670.81
2016-11-19,768.748
2016-11-20,728.635
2016-11-21,727.116
2016-11-22,740.179
2016-11-23,675.732
2016-11-24,595.543
2016-11-25,575.435
2016-11-26,638.862
2016-11-27,794.508
2016-11-28,895.406
2016-11-29,800.699
2016-11-30,719.197
2016-12-01,756.512
2016-12-02,835.662
2016-12-03,848.533
2016-12-04,747.505
2016-12-05,644.372
2016-12-06,659.457
2016-12-07,666.866
2016-12-08,681.831
2016-12-09,715.129
2016-12-10,715.788
2016-12-11,785.218
2016-12-12,850.567
2016-12-13,708.236
2016-12-14,706.338
2016-12-15,851.959
2016-12-16,1009.596
2016-12-17,1011.6
2016-12-18,873.706
2016-12-19,749.11
2016-12-20,657.22
2016-12-21,606.015
2016-12-22,606.957
2016-12-23,615.165
2016-12-24,590.43
2016-12-25,576.125
2016-12-26,584.075
2016-12-27,566.692
2016-12-28,537.915
2016-12-29,525.415
2016-12-30,540.356
2016-12-31,540.925
2017-01-01,489.419
2017-01-02,432.535
2017-01-03,414.524
2017-01-04,424.162
2017-01-05,412.784
2017-01-06,369.807
2017-01-07,352.66
2017-01-08,355.433
2017-01-09,342.964
2017-01-10,351.843
2017-01-11,410.742
2017-01-12,507.153
2017-01-13,585.555
2017-01-14,646.974
2017-01-15,676.081
2017-01-16,683.634
2017-01-17,650.432
2017-01-18,508.074
2017-01-19,357.718
2017-01-20,268.723
2017-01-21,236.48
2017-01-22,249.44
2017-01-23,294.629
2017-01-24,347.797
2017-01-25,372.108
2017-01-26,394.391
2017-01-27,418.765
2017-01-28,392.125
2017-01-29,366.0
2017-01-30,387.78
2017-01-31,389.737
2017-02-01,328.568
2017-02-02,275.674
2017-02-03,286.615
2017-02-04,333.236
2017-02-05,364.734
2017-02-06,363.683
2017-02-07,368.136
2017-02-08,395.557
2017-02-09,489.328
2017-02-10,591.697
2017-02-11,627.73
2017-02-12,638.198
2017-02-13,644.595
2017-02-14,647.994
2017-02-15,674.545
2017-02-16,740.959
2017-02-17,796.714
2017-02-18,873.521
2017-02-19,882.654
2017-02-20,753.973
2017-02-21,610.858
2017-02-22,637.853
2017-02-23,713.569
2017-02-24,719.098
2017-02-25,683.375
2017-02-26,615.767
2017-02-27,600.036
2017-02-28,628.358
2017-03-01,623.666
2017-03-02,617.267
2017-03-03,661.392
2017-03-04,695.829
2017-03-05,706.393
2017-03-06,686.153
2017-03-07,717.328
2017-03-08,807.583
2017-03-09,910.855
2017-03-10,984.669
2017-03-11,1156.012
2017-03-12,1714.767
2017-03-13,1977.522
2017-03-14,1486.825
2017-03-15,1132.315
2017-03-16,991.087
2017-03-17,975.427
2017-03-18,994.074
2017-03-19,922.635
2017-03-20,800.136
2017-03-21,805.161
2017-03-22,904.234
2017-03-23,934.373
2017-03-24,853.997
2017-03-25,775.905
2017-03-26,696.578
2017-03-27,653.93
2017-03-28,690.601
2017-03-29,817.299
2017-03-30,920.873
2017-03-31,900.153
2017-04-01,845.624
2017-04-02,830.161
2017-04-03,831.288
2017-04-04,830.4
2017-04-05,805.558
2017-04-06,802.729
2017-04-07,885.018
2017-04-08,989.782
2017-04-09,982.596
2017-04-10,847.849
2017-04-11,737.929
2017-04-12,762.249
2017-04-13,860.144
2017-04-14,885.396
2017-04-15,826.247
2017-04-16,749.218
2017-04-17,680.487
2017-04-18,642.954
2017-04-19,620.406
2017-04-20,624.844
2017-04-21,677.794
2017-04-22,848.254
2017-04-23,884.331
2017-04-24,865.714
2017-04-25,828.559
2017-04-26,889.387
2017-04-27,961.361
2017-04-28,936.582
2017-04-29,841.964
2017-04-30,814.553
2017-05-01,924.023
2017-05-02,1052.581
2017-05-03,1100.872
2017-05-04,1026.666
2017-05-05,962.712
2017-05-06,958.767
2017-05-07,973.183
2017-05-08,962.041
2017-05-09,956.101
2017-05-10,959.41
2017-05-11,981.864
2017-05-12,953.955
2017-05-13,876.883
2017-05-14,883.385
2017-05-15,965.981
2017-05-16,1065.928
2017-05-17,1129.141
2017-05-18,1155.424
2017-05-19,1160.099
2017-05-20,1198.333
2017-05-21,1307.47
2017-05-22,1454.97
2017-05-23,1526.09
2017-05-24,1322.641
2017-05-25,989.843
2017-05-26,801.305
2017-05-27,746.01
2017-05-28,744.414
2017-05-29,747.402
2017-05-30,712.356
2017-05-31,631.212
2017-06-01,568.644
2017-06-02,554.947
2017-06-03,560.985
2017-06-04,556.095
2017-06-05,520.13
2017-06-06,467.348
2017-06-07,432.649
2017-06-08,415.825
2017-06-09,400.402
2017-06-10,382.307
2017-06-11,370.475
2017-06-12,367.685
2017-06-13,365.426
2017-06-14,351.705
2017-06-15,330.275
2017-06-16,314.61
2017-06-17,305.496
2017-06-18,299.553
2017-06-19,295.182
2017-06-20,288.94
2017-06-21,279.081
2017-06-22,266.021
2017-06-23,256.271
2017-06-24,252.506
2017-06-25,251.85
2017-06-26,242.528
2017-06-27,228.473
2017-06-28,221.067
2017-06-29,223.183
2017-06-30,233.976
2017-07-01,252.274
2017-07-02,258.076
2017-07-03,253.432
2017-07-04,243.061
2017-07-05,219.079
2017-07-06,200.218
2017-07-07,195.928
2017-07-08,192.834
2017-07-09,187.728
2017-07-10,180.31
2017-07-11,170.45
2017-07-12,161.301
2017-07-13,154.068
2017-07-14,149.59
2017-07-15,147.052
2017-07-16,148.588
2017-07-17,156.602
2017-07-18,161.117
2017-07-19,157.472
2017-07-20,165.132
2017-07-21,179.143
2017-07-22,183.617
2017-07-23,168.018
2017-07-24,143.876
2017-07-25,130.265
2017-07-26,133.721
2017-07-27,135.6
2017-07-28,126.196
2017-07-29,121.754
2017-07-30,119.111
2017-07-31,119.208
2017-08-01,118.609
2017-08-02,117.621
2017-08-03,116.86
2017-08-04,117.915
2017-08-05,124.229
2017-08-06,124.723
2017-08-07,119.141
2017-08-08,122.76
2017-08-09,123.135
2017-08-10,121.893
2017-08-11,125.267
2017-08-12,119.972
2017-08-13,105.866
2017-08-14,101.33
2017-08-15,100.726
2017-08-16,102.185
2017-08-17,106.205
2017-08-18,108.115
2017-08-19,108.56
2017-08-20,126.104
2017-08-21,161.93
2017-08-22,177.501
2017-08-23,170.189
2017-08-24,165.645
2017-08-25,171.012
2017-08-26,152.576
2017-08-27,133.949
2017-08-28,127.245
2017-08-29,135.704
2017-08-30,175.972
2017-08-31,474.052
2017-09-01,805.577
2017-09-02,658.686
2017-09-03,561.717
2017-09-04,544.425
2017-09-05,421.298
2017-09-06,265.401
2017-09-07,214.865
2017-09-08,218.768
2017-09-09,213.876
2017-09-10,199.838
2017-09-11,170.957
2017-09-12,147.677
2017-09-13,143.865
2017-09-14,156.595
2017-09-15,178.63
2017-09-16,182.281
2017-09-17,170.939
2017-09-18,186.726
2017-09-19,210.052
2017-09-20,236.859
2017-09-21,247.749
2017-09-22,263.81
2017-09-23,296.243
2017-09-24,329.502
2017-09-25,323.668
2017-09-26,336.963
2017-09-27,368.687
2017-09-28,368.48
2017-09-29,341.51
2017-09-30,374.438
2017-10-01,527.392
2017-10-02,715.942
2017-10-03,804.314
2017-10-04,745.349
2017-10-05,604.9
2017-10-06,455.426
2017-10-07,319.65
2017-10-08,237.955
2017-10-09,236.644
2017-10-10,263.5
2017-10-11,361.44
2017-10-12,477.278
2017-10-13,531.411
2017-10-14,523.803
2017-10-15,415.665
2017-10-16,291.87
2017-10-17,234.172
2017-10-18,216.636
2017-10-19,211.529
2017-10-20,227.568
2017-10-21,273.392
2017-10-22,283.025
2017-10-23,304.103
2017-10-24,474.442
2017-10-25,734.938
2017-10-26,864.631
2017-10-27,842.27
2017-10-28,820.809
2017-10-29,861.755
2017-10-30,855.781
2017-10-31,869.861
2017-11-01,1141.394
2017-11-02,1442.229
2017-11-03,1542.625
2017-11-04,1485.257
2017-11-05,1190.981
2017-11-06,850.982
2017-11-07,598.332
2017-11-08,488.852
2017-11-09,519.315
2017-11-10,616.365
2017-11-11,720.362
2017-11-12,814.506
2017-11-13,809.315
2017-11-14,678.964
2017-11-15,581.404
2017-11-16,512.27
2017-11-17,432.578
2017-11-18,429.056
2017-11-19,542.21
2017-11-20,773.518
2017-11-21,992.664
2017-11-22,1063.634
2017-11-23,1072.851
2017-11-24,1272.279
2017-11-25,1636.987
2017-11-26,1522.788
2017-11-27,1087.245
2017-11-28,854.152
2017-11-29,740.161
2017-11-30,733.413
2017-12-01,764.076
2017-12-02,805.986
2017-12-03,889.435
2017-12-04,878.724
2017-12-05,783.025
2017-12-06,814.77
2017-12-07,973.966
2017-12-08,1163.777
2017-12-09,1211.243
2017-12-10,1092.371
2017-12-11,1023.304
2017-12-12,971.981
2017-12-13,871.46
2017-12-14,838.461
2017-12-15,864.23
2017-12-16,833.82
2017-12-17,876.329
2017-12-18,996.507
2017-12-19,1077.389
2017-12-20,947.198
2017-12-21,815.423
2017-12-22,837.403
2017-12-23,972.394
2017-12-24,1036.147
2017-12-25,984.047
2017-12-26,908.072
2017-12-27,817.94
2017-12-28,696.719
2017-12-29,613.959
2017-12-30,590.239
2017-12-31,636.982
2018-01-01,676.779
2018-01-02,645.825
2018-01-03,653.951
2018-01-04,672.987
2018-01-05,660.728
2018-01-06,730.022
2018-01-07,1052.231
2018-01-08,1196.732
2018-01-09,961.058
2018-01-10,816.488
2018-01-11,786.241
2018-01-12,868.562
2018-01-13,1093.083
2018-01-14,1307.66
2018-01-15,1374.252
2018-01-16,1250.63
2018-01-17,1118.319
2018-01-18,1079.447
2018-01-19,1063.448
2018-01-20,1008.001
2018-01-21,959.542
2018-01-22,921.529
2018-01-23,870.437
2018-01-24,847.177
2018-01-25,866.62
2018-01-26,959.864
2018-01-27,1120.887
2018-01-28,1280.078
2018-01-29,1349.69
2018-01-30,1280.594
2018-01-31,1218.91
2018-02-01,1195.719
2018-02-02,1146.102
2018-02-03,1113.036
2018-02-04,1189.847
2018-02-05,1480.508
2018-02-06,2110.666
2018-02-07,2415.892
2018-02-08,2292.835
2018-02-09,2179.792
2018-02-10,1756.519
2018-02-11,1400.002
2018-02-12,1176.586
2018-02-13,1020.368
2018-02-14,933.01
2018-02-15,885.616
2018-02-16,866.97
2018-02-17,858.392
2018-02-18,867.042
2018-02-19,930.155
2018-02-20,965.573
2018-02-21,981.173
2018-02-22,1118.74
2018-02-23,1220.434
2018-02-24,1134.245
2018-02-25,963.329
2018-02-26,830.146
2018-02-27,790.149
2018-02-28,746.79
2018-03-01,661.507
2018-03-02,597.798
2018-03-03,564.161
2018-03-04,570.178
2018-03-05,639.616
2018-03-06,820.681
2018-03-07,1079.06
2018-03-08,1182.95
2018-03-09,1171.759
2018-03-10,1166.848
2018-03-11,1079.637
2018-03-12,969.64
2018-03-13,1118.993
2018-03-14,1342.757
2018-03-15,1251.334
2018-03-16,1197.348
2018-03-17,1228.548
2018-03-18,1307.882
2018-03-19,1435.132
2018-03-20,1401.95
2018-03-21,1252.857
2018-03-22,1168.339
2018-03-23,1102.96
2018-03-24,1129.096
2018-03-25,1244.689
2018-03-26,1339.252
2018-03-27,1317.92
2018-03-28,1362.407
2018-03-29,1494.277
2018-03-30,1585.298
2018-03-31,1697.163
2018-04-01,1784.307
2018-04-02,1732.525
2018-04-03,1653.489
2018-04-04,1579.22
2018-04-05,1531.191
2018-04-06,1565.759
2018-04-07,1593.051
2018-04-08,1553.185
2018-04-09,1645.833
2018-04-10,1727.212
2018-04-11,1728.778
2018-04-12,1859.907
2018-04-13,2148.868
2018-04-14,2146.998
2018-04-15,1958.135
2018-04-16,2135.039
2018-04-17,2566.071
2018-04-18,2824.644
2018-04-19,2770.049
2018-04-20,2417.94
2018-04-21,2081.725
2018-04-22,1939.736
2018-04-23,2002.533
2018-04-24,2234.595
2018-04-25,2456.275
2018-04-26,2610.155
2018-04-27,2914.84
2018-04-28,3547.209
2018-04-29,3638.245
2018-04-30,3083.06
2018-05-01,2904.998
2018-05-02,2834.765
2018-05-03,2597.304
2018-05-04,2399.44
2018-05-05,2425.631
2018-05-06,2622.669
2018-05-07,3052.742
2018-05-08,3539.973
2018-05-09,3935.798
2018-05-10,3897.915
2018-05-11,3554.99
2018-05-12,3155.205
2018-05-13,2799.772
2018-05-14,2516.371
2018-05-15,2401.148
2018-05-16,2332.15
2018-05-17,2175.331
2018-05-18,1923.163
2018-05-19,1737.654
2018-05-20,1655.096
2018-05-21,1619.417
2018-05-22,1591.997
2018-05-23,1500.56
2018-05-24,1367.293
2018-05-25,1290.363
2018-05-26,1298.79
2018-05-27,1346.212
2018-05-28,1408.335
2018-05-29,1331.961
2018-05-30,1190.603
2018-05-31,1126.68
2018-06-01,1060.692
2018-06-02,957.739
2018-06-03,877.64
2018-06-04,830.051
2018-06-05,794.797
2018-06-06,749.702
2018-06-07,710.014
2018-06-08,675.189
2018-06-09,646.304
2018-06-10,628.12
2018-06-11,611.947
2018-06-12,588.183
2018-06-13,562.039
2018-06-14,534.091
2018-06-15,510.898
2018-06-16,492.952
2018-06-17,479.801
2018-06-18,491.292
2018-06-19,513.349
2018-06-20,487.974
2018-06-21,440.134
2018-06-22,410.132
2018-06-23,394.644
2018-06-24,381.67
2018-06-25,369.743
2018-06-26,360.106
2018-06-27,353.356
2018-06-28,345.35
2018-06-29,333.646
2018-06-30,320.653
2018-07-01,311.238
2018-07-02,304.068
2018-07-03,296.874
2018-07-04,293.283
2018-07-05,300.43
2018-07-06,318.07
2018-07-07,341.29
2018-07-08,362.789
2018-07-09,357.232
2018-07-10,317.035
2018-07-11,274.252
2018-07-12,250.565
2018-07-13,238.417
2018-07-14,233.868
2018-07-15,235.603
2018-07-16,233.17
2018-07-17,223.011
2018-07-18,214.355
2018-07-19,208.609
2018-07-20,202.78
2018-07-21,197.557
2018-07-22,193.168
2018-07-23,189.222
2018-07-24,185.746
2018-07-25,183.071
2018-07-26,181.638
2018-07-27,179.312
2018-07-28,174.645
2018-07-29,169.825
2018-07-30,165.918
2018-07-31,162.685
2018-08-01,159.871
2018-08-02,157.377
2018-08-03,155.427
2018-08-04,155.385
2018-08-05,157.087
2018-08-06,160.249
2018-08-07,159.902
2018-08-08,153.765
2018-08-09,148.81
2018-08-10,145.358
2018-08-11,146.725
2018-08-12,167.986
2018-08-13,215.203
2018-08-14,249.45
2018-08-15,250.536
2018-08-16,249.737
2018-08-17,253.214
2018-08-18,248.845
2018-08-19,232.962
2018-08-20,195.125
2018-08-21,154.555
2018-08-22,139.635
2018-08-23,142.394
2018-08-24,141.252
2018-08-25,131.159
2018-08-26,124.675
2018-08-27,135.342
2018-08-28,168.95
2018-08-29,216.985
2018-08-30,243.84
2018-08-31,222.215
2018-09-01,206.333
2018-09-02,226.837
2018-09-03,294.525
2018-09-04,358.275
2018-09-05,401.087
2018-09-06,531.935
2018-09-07,678.111
2018-09-08,816.217
2018-09-09,920.641
2018-09-10,801.578
2018-09-11,600.354
2018-09-12,479.757
2018-09-13,390.464
2018-09-14,282.802
2018-09-15,208.08
2018-09-16,185.112
2018-09-17,233.408
2018-09-18,332.329
2018-09-19,359.792
2018-09-20,305.898
2018-09-21,264.731
2018-09-22,220.662
2018-09-23,193.279
2018-09-24,179.283
2018-09-25,202.038
2018-09-26,241.353
2018-09-27,253.049
2018-09-28,222.883
2018-09-29,179.373
2018-09-30,159.478
2018-10-01,153.57
2018-10-02,152.457
2018-10-03,191.012
2018-10-04,250.072
2018-10-05,259.135
2018-10-06,222.042
2018-10-07,171.473
2018-10-08,137.906
2018-10-09,128.038
2018-10-10,141.82
2018-10-11,261.3
2018-10-12,329.187
2018-10-13,231.593
2018-10-14,247.152
2018-10-15,274.354
2018-10-16,267.349
2018-10-17,227.353
2018-10-18,229.691
2018-10-19,292.832
2018-10-20,397.473
2018-10-21,462.091
2018-10-22,438.66
2018-10-23,439.266
2018-10-24,581.604
2018-10-25,788.859
2018-10-26,886.536
2018-10-27,809.865
2018-10-28,748.573
2018-10-29,793.829
2018-10-30,832.617
2018-10-31,860.97
2018-11-01,986.145
2018-11-02,1119.081
2018-11-03,1033.607
2018-11-04,865.623
2018-11-05,723.023
2018-11-06,531.109
2018-11-07,428.962
2018-11-08,489.638
2018-11-09,663.108
2018-11-10,547.4
2018-11-11,444.166
2018-11-12,505.204
2018-11-13,612.226
2018-11-14,925.562
2018-11-15,1466.13
2018-11-16,1642.088
2018-11-17,1365.605
2018-11-18,1011.371
2018-11-19,749.904
2018-11-20,627.399
2018-11-21,586.911
2018-11-22,591.696
2018-11-23,652.759
2018-11-24,665.212
2018-11-25,596.75
2018-11-26,570.792
2018-11-27,541.2
2018-11-28,509.67
2018-11-29,615.425
2018-11-30,699.421
2018-12-01,610.204
2018-12-02,573.768
2018-12-03,618.577
2018-12-04,697.182
2018-12-05,684.0
2018-12-06,605.828
2018-12-07,661.505
2018-12-08,794.236
2018-12-09,768.174
2018-12-10,655.598
2018-12-11,589.935
2018-12-12,605.098
2018-12-13,655.609
2018-12-14,616.124
2018-12-15,582.965
2018-12-16,623.414
2018-12-17,688.242
2018-12-18,765.302
2018-12-19,854.987
2018-12-20,900.637
2018-12-21,891.429
2018-12-22,885.656
2018-12-23,1043.37
2018-12-24,1310.413
2018-12-25,1379.548
2018-12-26,1198.804
2018-12-27,1022.632
2018-12-28,894.671
2018-12-29,796.92
2018-12-30,942.603
2018-12-31,1488.604
2019-01-01,1730.441
2019-01-02,1414.425
2019-01-03,1330.859
2019-01-04,1582.325
2019-01-05,1741.739
2019-01-06,1612.474
2019-01-07,1506.003
2019-01-08,1413.027
2019-01-09,1280.417
2019-01-10,1131.357
2019-01-11,966.055
2019-01-12,889.012
2019-01-13,875.587
2019-01-14,890.821
2019-01-15,915.783
2019-01-16,879.58
2019-01-17,789.767
2019-01-18,743.355
2019-01-19,770.278
2019-01-20,828.095
2019-01-21,912.772
2019-01-22,1037.262
2019-01-23,1051.235
2019-01-24,976.064
2019-01-25,925.823
2019-01-26,887.847
2019-01-27,792.6
2019-01-28,765.545
2019-01-29,824.679
2019-01-30,902.852
2019-01-31,974.377
2019-02-01,983.083
2019-02-02,935.373
2019-02-03,993.815
2019-02-04,1075.186
2019-02-05,1172.139
2019-02-06,1593.472
2019-02-07,1753.767
2019-02-08,1343.563
2019-02-09,991.475
2019-02-10,765.436
2019-02-11,630.394
2019-02-12,595.012
2019-02-13,639.135
2019-02-14,668.859
2019-02-15,614.127
2019-02-16,557.0
2019-02-17,536.679
2019-02-18,546.717
2019-02-19,632.872
2019-02-20,790.414
2019-02-21,908.048
2019-02-22,854.75
2019-02-23,716.994
2019-02-24,653.161
2019-02-25,610.556
2019-02-26,556.58
2019-02-27,503.045
2019-02-28,467.424
2019-03-01,498.675
2019-03-02,586.009
2019-03-03,696.02
2019-03-04,797.376
2019-03-05,809.546
2019-03-06,790.99
2019-03-07,779.168
2019-03-08,788.031
2019-03-09,863.253
2019-03-10,958.571
2019-03-11,895.272
2019-03-12,732.091
2019-03-13,598.344
2019-03-14,526.144
2019-03-15,562.815
2019-03-16,660.203
2019-03-17,782.226
2019-03-18,882.381
2019-03-19,937.93
2019-03-20,974.95
2019-03-21,965.745
2019-03-22,923.13
2019-03-23,854.272
2019-03-24,817.325
2019-03-25,830.925
2019-03-26,866.477
2019-03-27,894.398
2019-03-28,907.542
2019-03-29,880.485
2019-03-30,787.62
2019-03-31,764.975
2019-04-01,677.969
2019-04-02,645.541
2019-04-03,590.772
2019-04-04,528.945
2019-04-05,510.104
2019-04-06,532.566
2019-04-07,537.516
2019-04-08,569.379
2019-04-09,642.513
2019-04-10,704.149
2019-04-11,717.436
2019-04-12,692.147
2019-04-13,717.52
2019-04-14,744.206
2019-04-15,754.881
2019-04-16,764.219
2019-04-17,700.368
2019-04-18,637.131
2019-04-19,656.75
2019-04-20,640.55
2019-04-21,623.767
2019-04-22,652.368
2019-04-23,808.377
2019-04-24,977.338
2019-04-25,1002.076
2019-04-26,910.052
2019-04-27,811.438
2019-04-28,860.403
2019-04-29,1037.429
2019-04-30,1159.508
2019-05-01,1149.945
2019-05-02,1072.298
2019-05-03,1019.681
2019-05-04,813.324
2019-05-05,680.875
2019-05-06,714.756
2019-05-07,762.025
2019-05-08,813.955
2019-05-09,935.602
2019-05-10,1145.493
2019-05-11,1240.996
2019-05-12,1117.084
2019-05-13,921.969
2019-05-14,847.408
2019-05-15,883.217
2019-05-16,901.223
2019-05-17,845.712
2019-05-18,805.272
2019-05-19,806.116
2019-05-20,793.423
2019-05-21,793.023
2019-05-22,808.706
2019-05-23,860.111
2019-05-24,887.848
2019-05-25,860.302
2019-05-26,866.252
2019-05-27,924.34
2019-05-28,951.681
2019-05-29,936.48
2019-05-30,937.48
2019-05-31,857.565
2019-06-01,787.184
2019-06-02,789.065
2019-06-03,811.362
2019-06-04,802.36
2019-06-05,765.217
2019-06-06,772.238
2019-06-07,736.819
2019-06-08,651.743
2019-06-09,610.469
2019-06-10,648.546
2019-06-11,662.525
2019-06-12,630.78
2019-06-13,598.84
2019-06-14,580.602
2019-06-15,570.327
2019-06-16,551.04
2019-06-17,564.95
2019-06-18,592.301
2019-06-19,557.125
2019-06-20,465.272
2019-06-21,408.741
2019-06-22,392.515
2019-06-23,393.405
2019-06-24,404.315
2019-06-25,409.7
2019-06-26,380.155
2019-06-27,339.56
2019-06-28,326.868
2019-06-29,332.914
2019-06-30,334.258
2019-07-01,351.705
2019-07-02,374.705
2019-07-03,368.672
2019-07-04,334.563
2019-07-05,327.055
2019-07-06,369.458
2019-07-07,475.071
2019-07-08,539.684
2019-07-09,454.114
2019-07-10,422.021
2019-07-11,419.108
2019-07-12,362.195
2019-07-13,322.546
2019-07-14,306.444
2019-07-15,282.843
2019-07-16,251.905
2019-07-17,222.219
2019-07-18,205.867
2019-07-19,204.573
2019-07-20,203.189
2019-07-21,204.102
2019-07-22,226.873
2019-07-23,285.405
2019-07-24,330.76
2019-07-25,341.735
2019-07-26,367.975
2019-07-27,404.488
2019-07-28,374.571
2019-07-29,292.177
2019-07-30,255.115
2019-07-31,225.332
2019-08-01,192.432
2019-08-02,175.474
2019-08-03,178.145
2019-08-04,210.046
2019-08-05,243.541
2019-08-06,226.944
2019-08-07,190.787
2019-08-08,169.558
2019-08-09,156.398
2019-08-10,148.16
2019-08-11,143.067
2019-08-12,143.47
2019-08-13,157.326
2019-08-14,181.265
2019-08-15,194.574
2019-08-16,214.0
2019-08-17,226.786
2019-08-18,211.431
2019-08-19,177.27
2019-08-20,145.162
2019-08-21,128.941
2019-08-22,124.828
2019-08-23,134.33
2019-08-24,155.118
2019-08-25,167.785
2019-08-26,165.919
2019-08-27,145.82
2019-08-28,119.673
2019-08-29,108.482
2019-08-30,105.156
2019-08-31,109.053
2019-09-01,110.51
2019-09-02,109.13
2019-09-03,123.773
2019-09-04,150.028
2019-09-05,153.745
2019-09-06,140.743
2019-09-07,149.557
2019-09-08,181.614
2019-09-09,197.055
2019-09-10,193.807
2019-09-11,254.494
2019-09-12,316.058
2019-09-13,353.546
2019-09-14,394.48
2019-09-15,432.029
2019-09-16,428.051
2019-09-17,432.695
2019-09-18,443.058
2019-09-19,437.43
2019-09-20,351.464
2019-09-21,240.699
2019-09-22,186.913
2019-09-23,152.824
2019-09-24,143.96
2019-09-25,197.321
2019-09-26,315.688
2019-09-27,433.545
2019-09-28,512.925
2019-09-29,578.278
2019-09-30,538.645
2019-10-01,401.659
2019-10-02,292.798
2019-10-03,233.617
2019-10-04,206.523
2019-10-05,205.755
2019-10-06,225.968
2019-10-07,243.383
2019-10-08,243.954
2019-10-09,255.175
2019-10-10,266.009
2019-10-11,288.033
2019-10-12,330.689
2019-10-13,390.08
2019-10-14,451.913
2019-10-15,552.787
2019-10-16,767.886
2019-10-17,896.059
2019-10-18,909.667
2019-10-19,851.066
2019-10-20,749.422
2019-10-21,668.102
2019-10-22,652.995
2019-10-23,690.355
2019-10-24,716.97
2019-10-25,902.77
2019-10-26,1160.411
2019-10-27,1343.774
2019-10-28,1442.546
2019-10-29,1455.807
2019-10-30,1388.858
2019-10-31,1359.558
2019-11-01,1400.922
2019-11-02,1300.875
2019-11-03,1216.326
2019-11-04,1126.486
2019-11-05,958.096
2019-11-06,863.84
2019-11-07,866.887
2019-11-08,978.663
2019-11-09,1178.824
2019-11-10,1338.078
2019-11-11,1411.842
2019-11-12,1259.778
2019-11-13,1070.332
2019-11-14,961.607
2019-11-15,870.164
2019-11-16,739.797
2019-11-17,605.562
2019-11-18,488.138
2019-11-19,428.284
2019-11-20,424.859
2019-11-21,413.857
2019-11-22,434.93
2019-11-23,500.015
2019-11-24,572.113
2019-11-25,612.734
2019-11-26,686.437
2019-11-27,958.009
2019-11-28,1188.343
2019-11-29,1079.104
2019-11-30,933.005
2019-12-01,918.752
2019-12-02,945.258
2019-12-03,971.892
2019-12-04,1052.936
2019-12-05,1064.295
2019-12-06,1088.69
2019-12-07,1093.217
2019-12-08,1164.546
2019-12-09,1505.357
2019-12-10,2042.66
2019-12-11,2383.534
2019-12-12,2073.077
2019-12-13,1897.41
2019-12-14,1968.652
2019-12-15,2110.066
2019-12-16,2328.179
2019-12-17,2453.349
2019-12-18,2778.097
2019-12-19,3102.846
2019-12-20,2834.316
2019-12-21,2573.105
2019-12-22,2394.145
2019-12-23,2164.534
2019-12-24,1922.417
2019-12-25,1844.511
2019-12-26,2028.125
2019-12-27,2166.14
2019-12-28,2014.141
2019-12-29,1740.274
2019-12-30,1638.144
2019-12-31,1687.991
2020-01-01,1704.558
2020-01-02,1754.318
2020-01-03,1686.411
2020-01-04,1575.125
2020-01-05,1570.117
2020-01-06,1612.302
2020-01-07,1659.232
2020-01-08,1982.242
2020-01-09,2249.227
2020-01-10,1909.113
2020-01-11,1746.475
2020-01-12,1888.052
2020-01-13,1969.64
2020-01-14,1707.615
2020-01-15,1418.179
2020-01-16,1168.316
2020-01-17,998.756
2020-01-18,924.865
2020-01-19,960.315
2020-01-20,1051.424
2020-01-21,1068.342
2020-01-22,1009.798
2020-01-23,1048.155
2020-01-24,1181.413
2020-01-25,1234.781
2020-01-26,1264.949
2020-01-27,1858.679
2020-01-28,2418.84
2020-01-29,1796.798
2020-01-30,1208.519
2020-01-31,1031.09
2020-02-01,979.186
2020-02-02,920.225
2020-02-03,878.026
2020-02-04,827.148
2020-02-05,841.636
2020-02-06,889.902
2020-02-07,969.875
2020-02-08,1099.846
2020-02-09,1197.395
2020-02-10,1272.345
2020-02-11,1369.803
2020-02-12,1484.19
2020-02-13,1444.896
2020-02-14,1347.533
2020-02-15,1408.273
2020-02-16,1588.214
2020-02-17,2145.176
2020-02-18,3136.934
2020-02-19,3294.648
2020-02-20,2589.55
2020-02-21,2084.239
2020-02-22,1546.079
2020-02-23,1199.252
2020-02-24,1020.279
2020-02-25,911.318
2020-02-26,929.228
2020-02-27,1113.323
2020-02-28,1231.97
2020-02-29,1295.185
2020-03-01,1363.655
2020-03-02,1119.644
2020-03-03,995.981
2020-03-04,1045.979
2020-03-05,1102.957
2020-03-06,1091.892
2020-03-07,1014.75
2020-03-08,989.506
2020-03-09,1091.626
2020-03-10,1557.475
2020-03-11,1925.937
2020-03-12,1620.268
2020-03-13,1432.888
2020-03-14,1556.685
2020-03-15,1920.858
2020-03-16,2126.33
2020-03-17,2004.307
2020-03-18,1674.181
2020-03-19,1450.238
2020-03-20,1417.265
2020-03-21,1405.31
2020-03-22,1361.075
2020-03-23,1480.514
2020-03-24,1972.462
2020-03-25,2313.598
2020-03-26,2151.783
2020-03-27,2211.318
2020-03-28,2085.82
2020-03-29,1805.872
2020-03-30,1786.524
2020-03-31,2007.409
2020-04-01,1888.655
2020-04-02,1769.999
2020-04-03,1706.846
2020-04-04,1653.328
2020-04-05,1660.214
2020-04-06,1735.366
2020-04-07,1682.61
2020-04-08,1537.853
2020-04-09,1444.03
2020-04-10,1532.732
2020-04-11,1633.357
2020-04-12,1483.578
2020-04-13,1292.149
2020-04-14,1167.09
2020-04-15,1107.679
2020-04-16,1099.623
2020-04-17,1102.496
2020-04-18,1063.923
2020-04-19,1037.138
2020-04-20,1090.549
2020-04-21,1264.944
2020-04-22,1404.23
2020-04-23,1432.984
2020-04-24,1531.124
2020-04-25,1925.054
2020-04-26,1830.917
2020-04-27,1626.758
2020-04-28,1680.79
2020-04-29,1898.823
2020-04-30,2223.288
2020-05-01,2539.996
2020-05-02,2944.966
2020-05-03,3355.383
2020-05-04,3592.831
2020-05-05,3695.678
2020-05-06,3352.047
2020-05-07,2950.186
2020-05-08,2734.626
2020-05-09,2567.73
2020-05-10,2353.139
2020-05-11,2197.552
2020-05-12,2126.266
2020-05-13,2087.206
2020-05-14,2047.468
2020-05-15,2089.522
2020-05-16,2125.432
2020-05-17,2052.947
2020-05-18,1876.159
2020-05-19,1730.956
2020-05-20,1625.925
2020-05-21,1460.44
2020-05-22,1308.23
2020-05-23,1234.517
2020-05-24,1169.966
2020-05-25,1111.705
2020-05-26,1097.336
2020-05-27,1136.417
2020-05-28,1161.002
2020-05-29,1163.57
2020-05-30,1193.259
2020-05-31,1162.008
2020-06-01,1080.342
2020-06-02,1010.456
2020-06-03,898.973
2020-06-04,785.24
2020-06-05,723.766
2020-06-06,690.733
2020-06-07,663.079
2020-06-08,637.529
2020-06-09,614.391
2020-06-10,592.956
2020-06-11,573.114
2020-06-12,554.88
2020-06-13,537.913
2020-06-14,520.895
2020-06-15,503.866
2020-06-16,490.064
2020-06-17,481.072
2020-06-18,471.364
2020-06-19,460.525
2020-06-20,450.162
2020-06-21,438.449
2020-06-22,421.512
2020-06-23,405.708
2020-06-24,409.671
2020-06-25,440.217
2020-06-26,483.741
2020-06-27,527.652
2020-06-28,551.931
2020-06-29,530.975
2020-06-30,442.197
2020-07-01,354.901
2020-07-02,314.167
2020-07-03,300.06
2020-07-04,295.677
2020-07-05,306.415
2020-07-06,325.183
2020-07-07,328.562
2020-07-08,327.474
2020-07-09,329.053
2020-07-10,310.002
2020-07-11,276.263
2020-07-12,256.292
2020-07-13,249.995
2020-07-14,244.878
2020-07-15,239.836
2020-07-16,240.191
2020-07-17,251.124
2020-07-18,250.132
2020-07-19,230.938
2020-07-20,215.751
2020-07-21,209.83
2020-07-22,207.008
2020-07-23,201.715
2020-07-24,195.609
2020-07-25,194.183
2020-07-26,201.445
2020-07-27,214.312
2020-07-28,213.518
2020-07-29,206.949
2020-07-30,213.07
2020-07-31,234.737
2020-08-01,260.4
2020-08-02,242.435
2020-08-03,194.77
2020-08-04,168.666
2020-08-05,175.164
2020-08-06,215.174
2020-08-07,230.398
2020-08-08,187.834
2020-08-09,158.175
2020-08-10,151.172
2020-08-11,149.491
2020-08-12,144.949
2020-08-13,147.446
2020-08-14,150.045
2020-08-15,143.378
2020-08-16,137.018
2020-08-17,133.296
2020-08-18,133.126
2020-08-19,133.84
2020-08-20,135.442
2020-08-21,143.988
2020-08-22,154.775
2020-08-23,151.62
2020-08-24,135.172
2020-08-25,130.044
2020-08-26,139.092
2020-08-27,158.244
2020-08-28,174.109
2020-08-29,163.07
2020-08-30,139.451
2020-08-31,125.407
2020-09-01,117.897
2020-09-02,112.618
2020-09-03,121.466
2020-09-04,151.752
2020-09-05,176.15
2020-09-06,173.462
2020-09-07,155.514
2020-09-08,139.497
2020-09-09,151.032
2020-09-10,168.795
2020-09-11,167.148
2020-09-12,175.793
2020-09-13,221.25
2020-09-14,550.968
2020-09-15,825.962
2020-09-16,504.947
2020-09-17,247.731
2020-09-18,160.7
2020-09-19,129.825
2020-09-20,139.625
2020-09-21,208.289
2020-09-22,276.42
2020-09-23,277.666
2020-09-24,252.853
2020-09-25,208.268
2020-09-26,174.585
2020-09-27,184.185
2020-09-28,205.637
2020-09-29,205.382
2020-09-30,208.013
2020-10-01,226.979
2020-10-02,237.966
2020-10-03,216.802
2020-10-04,219.649
2020-10-05,223.047
2020-10-06,273.542
2020-10-07,342.869
2020-10-08,351.743
2020-10-09,369.047
2020-10-10,478.552
2020-10-11,577.335
2020-10-12,554.015
2020-10-13,530.0
2020-10-14,563.62
2020-10-15,645.825
2020-10-16,681.678
2020-10-17,552.192
2020-10-18,369.46
2020-10-19,241.545
2020-10-20,173.456
2020-10-21,151.788
2020-10-22,153.308
2020-10-23,169.214
2020-10-24,221.736
2020-10-25,314.158
2020-10-26,444.44
2020-10-27,548.345
2020-10-28,542.692
2020-10-29,506.275
2020-10-30,499.76
2020-10-31,541.089
2020-11-01,626.527
2020-11-02,702.738
2020-11-03,809.508
2020-11-04,1045.34
2020-11-05,1232.585
2020-11-06,1128.148
2020-11-07,836.677
2020-11-08,678.366
2020-11-09,863.764
2020-11-10,965.062
2020-11-11,1180.951
2020-11-12,1228.582
2020-11-13,1272.018
2020-11-14,1293.752
2020-11-15,1263.463
2020-11-16,989.4
2020-11-17,728.534
2020-11-18,614.319
2020-11-19,595.112
2020-11-20,703.312
2020-11-21,830.705
2020-11-22,944.727
2020-11-23,1086.883
2020-11-24,1181.981
2020-11-25,1146.655
2020-11-26,1136.385
2020-11-27,1223.589
2020-11-28,1123.723
2020-11-29,1050.779
2020-11-30,1096.324
2020-12-01,1140.804
2020-12-02,1265.953
2020-12-03,1330.347
2020-12-04,1171.146
2020-12-05,1077.79
2020-12-06,987.038
2020-12-07,954.602
2020-12-08,987.542
2020-12-09,1049.401
2020-12-10,1137.437
2020-12-11,1193.341
2020-12-12,1249.468
2020-12-13,1281.459
2020-12-14,1321.042
2020-12-15,1535.078
2020-12-16,1721.566
2020-12-17,1533.52
2020-12-18,1320.008
2020-12-19,1227.868
2020-12-20,1262.997
2020-12-21,1290.689
2020-12-22,1155.806
2020-12-23,1016.691
2020-12-24,994.855
2020-12-25,1071.355
2020-12-26,1078.588
2020-12-27,1020.392
2020-12-28,923.97
2020-12-29,822.55
2020-12-30,749.395
2020-12-31,732.928
2021-01-01,803.407
2021-01-02,956.978
2021-01-03,1062.629
2021-01-04,1063.008
2021-01-05,1016.784
2021-01-06,973.111
2021-01-07,992.351
2021-01-08,1003.534
2021-01-09,1021.561
2021-01-10,1117.201
2021-01-11,1152.877
2021-01-12,1069.185
2021-01-13,909.977
2021-01-14,810.84
2021-01-15,809.145
2021-01-16,831.85
2021-01-17,851.657
2021-01-18,834.693
2021-01-19,814.521
2021-01-20,773.313
2021-01-21,726.193
2021-01-22,789.764
2021-01-23,932.703
2021-01-24,1046.42
2021-01-25,1105.717
2021-01-26,1203.557
2021-01-27,1326.802
2021-01-28,1372.764
2021-01-29,1404.024
2021-01-30,1441.702
2021-01-31,1316.861
2021-02-01,1160.083
2021-02-02,1136.799
2021-02-03,1228.297
2021-02-04,1253.294
2021-02-05,1127.186
2021-02-06,982.858
2021-02-07,891.665
2021-02-08,870.036
2021-02-09,883.899
2021-02-10,862.679
2021-02-11,776.54
2021-02-12,679.526
2021-02-13,630.517
2021-02-14,626.09
2021-02-15,656.781
2021-02-16,686.243
2021-02-17,711.782
2021-02-18,759.203
2021-02-19,852.21
2021-02-20,928.521
2021-02-21,987.45
2021-02-22,1026.613
2021-02-23,1047.678
2021-02-24,1103.995
2021-02-25,1092.865
2021-02-26,964.845
2021-02-27,872.468
2021-02-28,917.603
2021-03-01,1057.825
2021-03-02,1147.396
2021-03-03,1186.894
2021-03-04,1211.814
2021-03-05,1010.306
2021-03-06,934.56
2021-03-07,1040.855
2021-03-08,1076.84
2021-03-09,1045.07
2021-03-10,1055.185
2021-03-11,1179.275
2021-03-12,1255.455
2021-03-13,992.144
2021-03-14,743.008
2021-03-15,660.48
2021-03-16,662.893
2021-03-17,729.64
2021-03-18,866.717
2021-03-19,996.706
2021-03-20,1059.367
2021-03-21,1078.752
2021-03-22,1147.025
2021-03-23,1214.25
2021-03-24,1132.476
2021-03-25,927.074
2021-03-26,756.22
2021-03-27,667.045
2021-03-28,614.578
2021-03-29,588.053
2021-03-30,596.213
2021-03-31,651.232
2021-04-01,714.099
2021-04-02,734.238
2021-04-03,743.682
2021-04-04,782.062
2021-04-05,866.66
2021-04-06,931.954
2021-04-07,909.876
2021-04-08,859.193
2021-04-09,878.583
2021-04-10,903.793
2021-04-11,878.382
2021-04-12,919.765
2021-04-13,1036.453
2021-04-14,1166.883
2021-04-15,1285.388
2021-04-16,1384.917
2021-04-17,1438.807
2021-04-18,1409.04
2021-04-19,1427.574
2021-04-20,1463.518
2021-04-21,1344.551
2021-04-22,1158.198
2021-04-23,1084.566
2021-04-24,1095.691
2021-04-25,1117.059
2021-04-26,1108.21
2021-04-27,1079.382
2021-04-28,1118.146
2021-04-29,1230.36
2021-04-30,1282.751
2021-05-01,1256.268
2021-05-02,1180.824
2021-05-03,1099.547
2021-05-04,1138.188
2021-05-05,1236.49
2021-05-06,1251.298
2021-05-07,1188.204
2021-05-08,1163.49
2021-05-09,1254.082
2021-05-10,1448.373
2021-05-11,1642.578
2021-05-12,1597.089
2021-05-13,1455.242
2021-05-14,1333.806
2021-05-15,1281.941
2021-05-16,1333.762
2021-05-17,1313.33
2021-05-18,1300.241
2021-05-19,1306.085
2021-05-20,1435.92
2021-05-21,1682.086
2021-05-22,2119.648
2021-05-23,2396.925
2021-05-24,2505.533
2021-05-25,2561.355
2021-05-26,2405.885
2021-05-27,2163.151
2021-05-28,1826.109
2021-05-29,1516.238
2021-05-30,1348.657
2021-05-31,1252.266
2021-06-01,1147.488
2021-06-02,1026.748
2021-06-03,941.047
2021-06-04,892.223
2021-06-05,833.517
2021-06-06,764.439
2021-06-07,711.778
2021-06-08,672.08
2021-06-09,637.31
2021-06-10,605.29
2021-06-11,576.923
2021-06-12,551.313
2021-06-13,526.555
2021-06-14,502.599
2021-06-15,480.139
2021-06-16,459.424
2021-06-17,440.622
2021-06-18,424.233
2021-06-19,411.755
2021-06-20,400.852
2021-06-21,386.396
2021-06-22,371.811
2021-06-23,358.667
2021-06-24,345.487
2021-06-25,331.971
2021-06-26,319.088
2021-06-27,307.738
2021-06-28,299.045
2021-06-29,293.197
2021-06-30,292.879
2021-07-01,295.246
2021-07-02,303.477
2021-07-03,312.628
2021-07-04,325.119
2021-07-05,314.258
2021-07-06,274.043
2021-07-07,241.705
2021-07-08,226.168
2021-07-09,218.024
2021-07-10,212.15
2021-07-11,207.114
2021-07-12,202.138
2021-07-13,197.61
2021-07-14,194.227
2021-07-15,194.143
2021-07-16,198.78
2021-07-17,203.754
2021-07-18,198.394
2021-07-19,183.294
2021-07-20,174.596
2021-07-21,170.618
2021-07-22,165.004
2021-07-23,159.702
2021-07-24,156.698
2021-07-25,157.969
2021-07-26,157.245
2021-07-27,153.115
2021-07-28,164.022
2021-07-29,182.638
2021-07-30,193.212
2021-07-31,209.601
2021-08-01,193.658
2021-08-02,153.856
2021-08-03,130.322
2021-08-04,122.611
2021-08-05,119.52
2021-08-06,117.221
2021-08-07,115.209
2021-08-08,113.473
2021-08-09,111.784
2021-08-10,109.664
2021-08-11,107.46
2021-08-12,106.299
2021-08-13,105.772
2021-08-14,107.542
2021-08-15,112.377
2021-08-16,118.376
2021-08-17,120.791
2021-08-18,124.357
2021-08-19,132.723
2021-08-20,131.76
2021-08-21,120.99
2021-08-22,126.118
2021-08-23,166.261
2021-08-24,222.315
2021-08-25,255.548
2021-08-26,280.786
2021-08-27,297.047
2021-08-28,292.608
2021-08-29,288.692
2021-08-30,251.13
2021-08-31,181.275
2021-09-01,119.465
2021-09-02,101.007
2021-09-03,144.842
2021-09-04,229.757
2021-09-05,273.957
2021-09-06,272.992
2021-09-07,231.814
2021-09-08,167.987
2021-09-09,126.089
2021-09-10,109.457
2021-09-11,99.289
2021-09-12,98.369
2021-09-13,109.431
2021-09-14,132.472
2021-09-15,158.273
2021-09-16,171.299
2021-09-17,167.28
2021-09-18,156.252
2021-09-19,132.558
2021-09-20,115.96
2021-09-21,130.858
2021-09-22,182.85
2021-09-23,277.864
2021-09-24,387.415
2021-09-25,366.545
2021-09-26,233.548
2021-09-27,150.288
2021-09-28,148.282
2021-09-29,197.768
2021-09-30,298.642
2021-10-01,436.055
2021-10-02,552.98
2021-10-03,592.458
2021-10-04,510.348
2021-10-05,348.104
2021-10-06,220.195
2021-10-07,201.414
2021-10-08,231.413
2021-10-09,287.666
2021-10-10,354.494
2021-10-11,371.259
2021-10-12,337.333
2021-10-13,309.032
2021-10-14,289.532
2021-10-15,316.238
2021-10-16,393.66
2021-10-17,432.606
2021-10-18,459.497
2021-10-19,505.536
2021-10-20,545.772
2021-10-21,505.699
2021-10-22,387.933
2021-10-23,293.727
2021-10-24,243.087
2021-10-25,262.85
2021-10-26,302.729
2021-10-27,296.031
2021-10-28,318.813
2021-10-29,370.79
2021-10-30,428.64
2021-10-31,579.518
2021-11-01,1072.559
2021-11-02,1613.532
2021-11-03,1379.818
2021-11-04,1040.761
2021-11-05,834.357
2021-11-06,621.175
2021-11-07,465.437
2021-11-08,421.854
2021-11-09,435.46
2021-11-10,452.48
2021-11-11,444.846
2021-11-12,428.524
2021-11-13,436.389
2021-11-14,474.682
2021-11-15,592.899
2021-11-16,846.389
2021-11-17,1100.439
2021-11-18,1081.35
2021-11-19,869.935
2021-11-20,713.814
2021-11-21,639.56
2021-11-22,506.581
2021-11-23,357.298
2021-11-24,279.96
2021-11-25,248.889
2021-11-26,232.735
2021-11-27,233.447
2021-11-28,238.7
2021-11-29,238.753
2021-11-30,243.378
2021-12-01,306.152
2021-12-02,414.891
2021-12-03,466.721
2021-12-04,453.281
2021-12-05,411.464
2021-12-06,400.721
2021-12-07,440.602
2021-12-08,519.002
2021-12-09,510.603
2021-12-10,495.879
2021-12-11,556.526
2021-12-12,600.317
2021-12-13,580.781
2021-12-14,561.226
2021-12-15,577.692
2021-12-16,593.584
2021-12-17,541.005
2021-12-18,447.249
2021-12-19,368.415
2021-12-20,304.844
2021-12-21,300.023
2021-12-22,352.47
2021-12-23,388.397
2021-12-24,435.733
2021-12-25,501.972
2021-12-26,514.829
2021-12-27,534.001
2021-12-28,545.716
2021-12-29,575.268
2021-12-30,651.42
2021-12-31,772.355
2022-01-01,822.969
2022-01-02,830.678
2022-01-03,771.019
2022-01-04,775.444
2022-01-05,858.318
2022-01-06,986.815
2022-01-07,1000.39
2022-01-08,1017.792
2022-01-09,1050.708
2022-01-10,1084.437
2022-01-11,1127.833
2022-01-12,1149.936
2022-01-13,1188.395
2022-01-14,1154.3
2022-01-15,1078.524
2022-01-16,971.449
2022-01-17,783.161
2022-01-18,649.278
2022-01-19,580.892
2022-01-20,539.713
2022-01-21,499.573
2022-01-22,438.767
2022-01-23,378.384
2022-01-24,340.73
2022-01-25,311.148
2022-01-26,293.206
2022-01-27,311.437
2022-01-28,358.913
2022-01-29,432.531
2022-01-30,535.552
2022-01-31,619.295
2022-02-01,631.546
2022-02-02,602.4
2022-02-03,619.318
2022-02-04,651.492
2022-02-05,638.702
2022-02-06,647.692
2022-02-07,676.408
2022-02-08,726.077
2022-02-09,888.71
2022-02-10,974.856
2022-02-11,762.842
2022-02-12,556.214
2022-02-13,520.148
2022-02-14,587.169
2022-02-15,729.533
2022-02-16,941.019
2022-02-17,1121.977
2022-02-18,1170.517
2022-02-19,1204.101
2022-02-20,1269.109
2022-02-21,1243.42
2022-02-22,1123.208
2022-02-23,981.092
2022-02-24,890.81
2022-02-25,912.588
2022-02-26,950.369
2022-02-27,966.538
2022-02-28,995.114
2022-03-01,1045.006
2022-03-02,1127.306
2022-03-03,1180.184
2022-03-04,1251.537
2022-03-05,1559.101
2022-03-06,1716.74
2022-03-07,1458.214
2022-03-08,1237.407
2022-03-09,1155.08
2022-03-10,1167.263
2022-03-11,1200.526
2022-03-12,1157.874
2022-03-13,1034.763
2022-03-14,901.613
2022-03-15,781.498
2022-03-16,721.472
2022-03-17,704.597
2022-03-18,678.74
2022-03-19,642.742
2022-03-20,604.719
2022-03-21,623.666
2022-03-22,840.229
2022-03-23,1060.895
2022-03-24,924.912
2022-03-25,720.712
2022-03-26,719.531
2022-03-27,753.085
2022-03-28,803.887
2022-03-29,842.871
2022-03-30,801.152
2022-03-31,855.872
2022-04-01,1042.398
2022-04-02,1140.483
2022-04-03,1008.064
2022-04-04,1020.562
2022-04-05,1125.705
2022-04-06,1205.914
2022-04-07,1256.247
2022-04-08,1136.414
2022-04-09,973.041
2022-04-10,888.424
2022-04-11,857.235
2022-04-12,1117.902
2022-04-13,1422.64
2022-04-14,1271.282
2022-04-15,1084.466
2022-04-16,880.983
2022-04-17,671.374
2022-04-18,569.335
2022-04-19,562.82
2022-04-20,586.663
2022-04-21,603.405
2022-04-22,623.135
2022-04-23,605.805
2022-04-24,568.177
2022-04-25,570.482
2022-04-26,592.342
2022-04-27,649.186
2022-04-28,743.401
2022-04-29,879.843
2022-04-30,1062.174
2022-05-01,1327.26
2022-05-02,1476.383
2022-05-03,1548.232
2022-05-04,1824.977
2022-05-05,1958.398
2022-05-06,2053.416
2022-05-07,2099.845
2022-05-08,2183.61
2022-05-09,2354.67
2022-05-10,2383.982
2022-05-11,2395.561
2022-05-12,2538.184
2022-05-13,2688.224
2022-05-14,2642.6
2022-05-15,2334.946
2022-05-16,1936.996
2022-05-17,1645.684
2022-05-18,1472.555
2022-05-19,1248.484
2022-05-20,1019.65
2022-05-21,903.647
2022-05-22,865.422
2022-05-23,825.672
2022-05-24,775.335
2022-05-25,713.528
2022-05-26,659.338
2022-05-27,638.994
2022-05-28,635.113
2022-05-29,614.481
2022-05-30,586.37
2022-05-31,555.419
2022-06-01,529.496
2022-06-02,524.631
2022-06-03,526.915
2022-06-04,498.546
2022-06-05,449.958
2022-06-06,433.75
2022-06-07,462.398
2022-06-08,525.237
2022-06-09,600.116
2022-06-10,678.078
2022-06-11,729.092
2022-06-12,752.273
2022-06-13,743.35
2022-06-14,677.285
2022-06-15,584.21
2022-06-16,489.4
2022-06-17,415.495
2022-06-18,380.574
2022-06-19,355.406
2022-06-20,325.385
2022-06-21,305.533
2022-06-22,296.671
2022-06-23,295.258
2022-06-24,290.234
2022-06-25,281.811
2022-06-26,271.974
2022-06-27,257.285
2022-06-28,245.788
2022-06-29,237.914
2022-06-30,231.047
2022-07-01,225.083
2022-07-02,219.644
2022-07-03,215.777
2022-07-04,216.422
2022-07-05,224.771
2022-07-06,236.434
2022-07-07,231.124
2022-07-08,208.817
2022-07-09,190.341
2022-07-10,181.062
2022-07-11,175.74
2022-07-12,171.499
2022-07-13,167.358
2022-07-14,163.153
2022-07-15,159.228
2022-07-16,155.405
2022-07-17,151.701
2022-07-18,147.915
2022-07-19,144.382
2022-07-20,141.085
2022-07-21,137.873
2022-07-22,134.848
2022-07-23,132.121
2022-07-24,129.641
2022-07-25,127.243
2022-07-26,124.628
2022-07-27,121.437
2022-07-28,118.586
2022-07-29,116.078
2022-07-30,113.79
2022-07-31,112.256
2022-08-01,114.235
2022-08-02,119.165
2022-08-03,119.106
2022-08-04,118.426
2022-08-05,118.072
2022-08-06,123.99
2022-08-07,134.465
2022-08-08,132.12
2022-08-09,118.171
2022-08-10,114.49
2022-08-11,124.451
2022-08-12,155.67
2022-08-13,232.121
2022-08-14,335.194
2022-08-15,450.53
2022-08-16,577.105
2022-08-17,540.795
2022-08-18,347.538
2022-08-19,180.567
2022-08-20,117.73
2022-08-21,125.445
2022-08-22,146.254
2022-08-23,152.153
2022-08-24,136.585
2022-08-25,112.713
2022-08-26,96.963
2022-08-27,93.942
2022-08-28,107.375
2022-08-29,151.766
2022-08-30,211.684
2022-08-31,280.526
2022-09-01,298.85
2022-09-02,238.274
2022-09-03,224.03
2022-09-04,272.9
2022-09-05,285.092
2022-09-06,253.875
2022-09-07,196.665
2022-09-08,139.983
2022-09-09,123.322
2022-09-10,147.874
2022-09-11,217.237
2022-09-12,324.83
2022-09-13,452.506
2022-09-14,547.022
2022-09-15,576.889
2022-09-16,561.711
2022-09-17,505.397
2022-09-18,478.416
2022-09-19,511.952
2022-09-20,518.356
2022-09-21,425.765
2022-09-22,340.208
2022-09-23,320.48
2022-09-24,297.916
2022-09-25,306.285
2022-09-26,425.151
2022-09-27,803.705
2022-09-28,1042.851
2022-09-29,728.682
2022-09-30,464.358
2022-10-01,306.852
2022-10-02,234.076
2022-10-03,219.373
2022-10-04,217.7
2022-10-05,236.893
2022-10-06,237.74
2022-10-07,231.362
2022-10-08,249.047
2022-10-09,254.982
2022-10-10,225.836
2022-10-11,193.957
2022-10-12,192.705
2022-10-13,197.607
2022-10-14,188.671
2022-10-15,186.879
2022-10-16,191.043
2022-10-17,195.159
2022-10-18,208.65
2022-10-19,217.472
2022-10-20,201.659
2022-10-21,180.078
2022-10-22,178.82
2022-10-23,190.312
2022-10-24,185.098
2022-10-25,172.859
2022-10-26,163.118
2022-10-27,171.838
2022-10-28,168.463
2022-10-29,153.61
2022-10-30,191.892
2022-10-31,308.482
2022-11-01,432.034
2022-11-02,504.325
2022-11-03,540.139
2022-11-04,561.739
2022-11-05,547.911
2022-11-06,473.024
2022-11-07,341.227
2022-11-08,228.915
2022-11-09,198.769
2022-11-10,208.965
2022-11-11,232.355
2022-11-12,259.731
2022-11-13,286.221
2022-11-14,279.164
2022-11-15,270.181
2022-11-16,282.664
2022-11-17,339.374
2022-11-18,419.97
2022-11-19,578.799
2022-11-20,854.973
2022-11-21,1007.2
2022-11-22,1022.856
2022-11-23,1145.24
2022-11-24,1194.512
2022-11-25,1130.485
2022-11-26,1195.639
2022-11-27,1389.262
2022-11-28,1542.692
2022-11-29,1564.713
2022-11-30,1582.345
2022-12-01,1831.492
2022-12-02,2146.921
2022-12-03,2098.211
2022-12-04,1736.283
2022-12-05,1435.675
2022-12-06,1340.776
2022-12-07,1305.173
2022-12-08,1121.251
2022-12-09,884.645
2022-12-10,768.591
2022-12-11,859.011
2022-12-12,937.761
2022-12-13,848.737
2022-12-14,811.398
2022-12-15,860.164
2022-12-16,886.181
2022-12-17,804.299
2022-12-18,667.677
2022-12-19,585.714
2022-12-20,570.356
2022-12-21,559.607
2022-12-22,577.731
2022-12-23,692.984
2022-12-24,851.056
2022-12-25,903.482
2022-12-26,879.083
2022-12-27,899.185
2022-12-28,904.6
2022-12-29,914.132
2022-12-30,914.432
2022-12-31,869.125
2023-01-01,830.805
2023-01-02,950.67
2023-01-03,1106.236
2023-01-04,1215.462
2023-01-05,1258.448
2023-01-06,1300.017
2023-01-07,1371.553
2023-01-08,1422.692
2023-01-09,1447.019
2023-01-10,1413.802
2023-01-11,1427.401
2023-01-12,1466.183
2023-01-13,1428.33
2023-01-14,1359.98
2023-01-15,1236.505
2023-01-16,1033.499
2023-01-17,847.953
2023-01-18,725.448
2023-01-19,644.551
2023-01-20,601.093
2023-01-21,592.133
2023-01-22,608.646
2023-01-23,674.294
2023-01-24,751.746
2023-01-25,806.194
2023-01-26,941.454
2023-01-27,1004.813
2023-01-28,934.374
2023-01-29,849.204
2023-01-30,848.593
2023-01-31,826.635
2023-02-01,735.912
2023-02-02,658.198
2023-02-03,653.626
2023-02-04,700.437
2023-02-05,735.123
2023-02-06,787.241
2023-02-07,835.602
2023-02-08,833.628
2023-02-09,809.659
2023-02-10,735.014
2023-02-11,638.636
2023-02-12,640.813
2023-02-13,669.554
2023-02-14,651.38
2023-02-15,705.782
2023-02-16,825.517
2023-02-17,874.677
2023-02-18,810.185
2023-02-19,718.148
2023-02-20,671.035
2023-02-21,677.892
2023-02-22,749.055
2023-02-23,853.627
2023-02-24,886.677
2023-02-25,774.046
2023-02-26,598.959
2023-02-27,496.533
2023-02-28,452.99
2023-03-01,434.51
2023-03-02,427.481
2023-03-03,458.532
2023-03-04,481.414
2023-03-05,502.134
2023-03-06,545.403
2023-03-07,589.227
2023-03-08,696.07
2023-03-09,896.265
2023-03-10,1123.317
2023-03-11,1295.607
2023-03-12,1313.931
2023-03-13,1218.99
2023-03-14,1196.54
2023-03-15,1218.0
2023-03-16,1371.493
2023-03-17,1529.043
2023-03-18,1428.817
2023-03-19,1339.404
2023-03-20,1224.054
2023-03-21,1028.468
2023-03-22,888.66
2023-03-23,938.213
2023-03-24,1168.509
2023-03-25,1441.215
2023-03-26,1536.332
2023-03-27,1526.68
2023-03-28,1536.836
2023-03-29,1548.178
2023-03-30,1522.232
2023-03-31,1531.508
2023-04-01,1554.616
2023-04-02,1681.769
2023-04-03,1996.377
2023-04-04,2226.795
2023-04-05,2216.635
2023-04-06,2066.352
2023-04-07,1903.639
2023-04-08,1793.612
2023-04-09,1730.916
2023-04-10,1750.82
2023-04-11,1987.72
2023-04-12,2472.216
2023-04-13,2741.549
2023-04-14,2260.477
2023-04-15,1999.518
2023-04-16,2166.106
2023-04-17,2222.987
2023-04-18,2066.239
2023-04-19,1921.788
2023-04-20,1790.963
2023-04-21,1690.655
2023-04-22,1544.155
2023-04-23,1348.591
2023-04-24,1288.498
2023-04-25,1349.886
2023-04-26,1409.993
2023-04-27,1520.823
2023-04-28,1809.505
2023-04-29,2039.33
2023-04-30,2012.923
2023-05-01,2138.426
2023-05-02,2303.996
2023-05-03,2436.744
2023-05-04,2600.677
2023-05-05,2419.989
2023-05-06,2190.264
2023-05-07,2104.154
2023-05-08,2054.585
2023-05-09,2021.003
2023-05-10,2117.854
2023-05-11,2249.584
2023-05-12,2258.367
2023-05-13,2253.752
2023-05-14,2376.191
2023-05-15,2541.362
2023-05-16,2629.572
2023-05-17,2620.873
2023-05-18,2474.251
2023-05-19,2271.073
2023-05-20,1983.969
2023-05-21,1618.559
2023-05-22,1332.05
2023-05-23,1188.645
2023-05-24,1151.992
2023-05-25,1152.915
2023-05-26,1125.04
2023-05-27,1041.57
2023-05-28,932.39
2023-05-29,841.077
2023-05-30,765.863
2023-05-31,705.998
2023-06-01,667.811
2023-06-02,642.307
2023-06-03,622.532
2023-06-04,597.691
2023-06-05,560.522
2023-06-06,526.741
2023-06-07,506.733
2023-06-08,499.867
2023-06-09,493.796
2023-06-10,474.988
2023-06-11,445.016
2023-06-12,417.302
2023-06-13,397.448
2023-06-14,382.276
2023-06-15,368.838
2023-06-16,357.86
2023-06-17,348.114
2023-06-18,338.852
2023-06-19,330.031
2023-06-20,321.618
2023-06-21,313.092
2023-06-22,303.582
2023-06-23,292.463
2023-06-24,281.467
2023-06-25,273.676
2023-06-26,273.439
2023-06-27,292.956
2023-06-28,316.272
2023-06-29,323.945
2023-06-30,322.482
2023-07-01,306.921
2023-07-02,283.557
2023-07-03,258.062
2023-07-04,232.368
2023-07-05,220.4
2023-07-06,216.353
2023-07-07,220.729
2023-07-08,233.87
2023-07-09,238.72
2023-07-10,224.516
2023-07-11,205.226
2023-07-12,200.592
2023-07-13,214.665
2023-07-14,216.911
2023-07-15,199.83
2023-07-16,181.761
2023-07-17,164.218
2023-07-18,152.601
2023-07-19,146.682
2023-07-20,143.356
2023-07-21,140.749
2023-07-22,137.797
2023-07-23,135.164
2023-07-24,134.478
2023-07-25,140.534
2023-07-26,158.49
2023-07-27,172.112
2023-07-28,158.033
2023-07-29,132.928
2023-07-30,119.445
2023-07-31,114.682
2023-08-01,111.916
2023-08-02,109.708
2023-08-03,107.568
2023-08-04,105.602
2023-08-05,103.612
2023-08-06,102.487
2023-08-07,101.98
2023-08-08,99.542
2023-08-09,96.977
2023-08-10,95.508
2023-08-11,93.685
2023-08-12,91.403
2023-08-13,90.428
2023-08-14,95.562
2023-08-15,100.112
2023-08-16,93.71
2023-08-17,88.431
2023-08-18,87.696
2023-08-19,86.07
2023-08-20,83.698
2023-08-21,81.079
2023-08-22,78.663
2023-08-23,76.629
2023-08-24,75.21
2023-08-25,74.699
2023-08-26,77.333
2023-08-27,85.753
2023-08-28,102.193
2023-08-29,115.129
2023-08-30,114.166
2023-08-31,116.809
2023-09-01,115.219
2023-09-02,96.291
2023-09-03,76.24
2023-09-04,67.754
2023-09-05,66.233
2023-09-06,65.819
2023-09-07,64.137
2023-09-08,63.092
2023-09-09,65.122
2023-09-10,68.722
2023-09-11,76.985
2023-09-12,83.522
2023-09-13,84.707
2023-09-14,89.027
2023-09-15,101.046
2023-09-16,130.97
2023-09-17,180.812
2023-09-18,245.205
2023-09-19,322.87
2023-09-20,396.149
2023-09-21,466.128
2023-09-22,529.274
2023-09-23,587.586
2023-09-24,662.341
2023-09-25,818.209
2023-09-26,1032.568
2023-09-27,1084.621
2023-09-28,966.121
2023-09-29,797.975
2023-09-30,542.358
2023-10-01,380.476
2023-10-02,466.032
2023-10-03,628.098
2023-10-04,705.345
2023-10-05,803.538
2023-10-06,907.951
2023-10-07,897.878
2023-10-08,707.05
2023-10-09,450.664
2023-10-10,314.011
2023-10-11,313.514
2023-10-12,345.443
2023-10-13,353.562
2023-10-14,345.943
2023-10-15,306.381
2023-10-16,261.836
2023-10-17,228.023
2023-10-18,196.865
2023-10-19,206.741
2023-10-20,274.316
2023-10-21,367.977
2023-10-22,365.115
2023-10-23,369.334
2023-10-24,437.753
2023-10-25,560.32
2023-10-26,657.841
2023-10-27,584.893
2023-10-28,487.28
2023-10-29,512.377
2023-10-30,630.008
2023-10-31,779.038
2023-11-01,873.569
2023-11-02,832.632
2023-11-03,713.171
2023-11-04,576.972
2023-11-05,456.008
2023-11-06,383.841
2023-11-07,355.571
2023-11-08,395.264
2023-11-09,423.092
2023-11-10,448.789
2023-11-11,509.543
2023-11-12,617.336
2023-11-13,771.857
2023-11-14,846.467
2023-11-15,912.945
2023-11-16,1119.792
2023-11-17,1401.679
2023-11-18,1477.578
2023-11-19,1487.047
2023-11-20,1430.921
2023-11-21,1429.288
2023-11-22,1335.222
2023-11-23,1333.475
2023-11-24,1463.508
2023-11-25,1431.112
2023-11-26,1446.896
2023-11-27,1654.058
2023-11-28,1789.282
2023-11-29,1690.364
2023-11-30,1685.647
2023-12-01,1687.332
2023-12-02,1562.436
2023-12-03,1507.756
2023-12-04,1482.51
2023-12-05,1517.489
2023-12-06,1525.204
2023-12-07,1474.333
2023-12-08,1546.229
2023-12-09,1758.765
2023-12-10,1837.981
2023-12-11,1788.939
2023-12-12,1638.804
2023-12-13,1530.468
2023-12-14,1539.696
2023-12-15,1503.304
2023-12-16,1582.886
2023-12-17,1806.718
2023-12-18,1987.637
2023-12-19,2093.505
2023-12-20,2100.574
2023-12-21,1878.062
2023-12-22,1808.979
2023-12-23,1851.205
2023-12-24,2058.637
2023-12-25,2379.107
2023-12-26,2508.82
2023-12-27,2115.702
2023-12-28,1730.661
2023-12-29,1532.76
2023-12-30,1423.783
2023-12-31,1378.478
2024-01-01,1394.097
2024-01-02,1383.777
2024-01-03,1416.631
2024-01-04,1508.752
2024-01-05,1495.736
2024-01-06,1327.312
2024-01-07,1122.353
2024-01-08,1031.44
2024-01-09,1020.928
2024-01-10,1064.005
2024-01-11,1142.775
2024-01-12,1251.601
2024-01-13,1354.987
2024-01-14,1445.219
2024-01-15,1589.128
2024-01-16,1738.847
2024-01-17,1720.915
2024-01-18,1613.82
2024-01-19,1470.589
2024-01-20,1371.381
2024-01-21,1375.198
2024-01-22,1362.164
2024-01-23,1398.72
2024-01-24,1483.527
2024-01-25,1595.106
2024-01-26,1807.103
2024-01-27,2028.708
2024-01-28,2009.946
2024-01-29,2038.216
2024-01-30,2244.772
2024-01-31,2209.036
2024-02-01,2338.125
2024-02-02,2532.346
2024-02-03,2242.748
2024-02-04,1839.572
2024-02-05,1623.7
2024-02-06,1499.542
2024-02-07,1399.517
2024-02-08,1404.499
2024-02-09,1501.795
2024-02-10,1605.564
2024-02-11,1609.277
2024-02-12,1480.865
2024-02-13,1432.024
2024-02-14,1523.434
2024-02-15,1703.586
2024-02-16,2054.21
2024-02-17,2095.536
2024-02-18,1644.974
2024-02-19,1448.448
2024-02-20,1575.775
2024-02-21,1707.373
2024-02-22,1462.523
2024-02-23,1146.265
2024-02-24,1047.296
2024-02-25,1125.998
2024-02-26,1236.271
2024-02-27,1315.408
2024-02-28,1534.397
2024-02-29,1709.504
2024-03-01,1652.038
2024-03-02,1491.364
2024-03-03,1379.399
2024-03-04,1391.961
2024-03-05,1384.613
2024-03-06,1215.53
2024-03-07,990.552
2024-03-08,820.951
2024-03-09,740.929
2024-03-10,798.363
2024-03-11,947.05
2024-03-12,1102.375
2024-03-13,1170.33
2024-03-14,1133.342
2024-03-15,1128.287
2024-03-16,1162.523
2024-03-17,1124.403
2024-03-18,1123.067
2024-03-19,1237.459
2024-03-20,1295.553
2024-03-21,1161.863
2024-03-22,982.738
2024-03-23,896.14
2024-03-24,969.335
2024-03-25,1174.683
2024-03-26,1217.515
2024-03-27,966.646
2024-03-28,749.255
2024-03-29,690.137
2024-03-30,713.232
2024-03-31,722.103
2024-04-01,679.47
2024-04-02,624.312
2024-04-03,724.772
2024-04-04,972.019
2024-04-05,1382.67
2024-04-06,1631.39
2024-04-07,1252.504
2024-04-08,1105.759
2024-04-09,1151.388
2024-04-10,1225.837
2024-04-11,1165.103
2024-04-12,1049.469
2024-04-13,1063.175
2024-04-14,1106.396
2024-04-15,1095.177
2024-04-16,1109.196
2024-04-17,1207.371
2024-04-18,1345.458
2024-04-19,1363.835
2024-04-20,1282.869
2024-04-21,1242.078
2024-04-22,1313.103
2024-04-23,1509.856
2024-04-24,1580.078
2024-04-25,1400.251
2024-04-26,1290.127
2024-04-27,1273.46
2024-04-28,1299.97
2024-04-29,1411.938
2024-04-30,1574.815
2024-05-01,1617.796
2024-05-02,1518.226
2024-05-03,1502.629
2024-05-04,1883.053
2024-05-05,2449.553
2024-05-06,2520.218
2024-05-07,2599.186
2024-05-08,2807.613
2024-05-09,3261.666
2024-05-10,3683.824
2024-05-11,3248.744
2024-05-12,2472.525
2024-05-13,1926.938
2024-05-14,1841.405
2024-05-15,1998.285
2024-05-16,1800.205
2024-05-17,2181.58
2024-05-18,2785.704
2024-05-19,2216.838
2024-05-20,1519.169
2024-05-21,1147.348
2024-05-22,957.61
2024-05-23,893.522
2024-05-24,887.917
2024-05-25,895.01
2024-05-26,879.988
2024-05-27,811.531
2024-05-28,724.068
2024-05-29,656.425
2024-05-30,614.617
2024-05-31,591.004
2024-06-01,603.198
2024-06-02,611.878
2024-06-03,577.763
2024-06-04,556.959
2024-06-05,530.602
2024-06-06,485.468
2024-06-07,450.348
2024-06-08,428.064
2024-06-09,411.857
2024-06-10,398.865
2024-06-11,391.54
2024-06-12,393.025
2024-06-13,401.662
2024-06-14,394.086
2024-06-15,361.814
2024-06-16,342.935
2024-06-17,339.277
2024-06-18,335.336
2024-06-19,333.381
2024-06-20,330.686
2024-06-21,315.8
2024-06-22,303.896
2024-06-23,290.561
2024-06-24,269.933
2024-06-25,254.515
2024-06-26,245.883
2024-06-27,239.245
2024-06-28,233.381
2024-06-29,228.869
2024-06-30,229.543
2024-07-01,243.303
2024-07-02,259.321
2024-07-03,256.14
2024-07-04,234.104
2024-07-05,208.115
2024-07-06,193.51
2024-07-07,186.742
2024-07-08,181.902
2024-07-09,177.463
2024-07-10,173.412
2024-07-11,169.278
2024-07-12,165.578
2024-07-13,162.841
2024-07-14,160.8
2024-07-15,158.654
2024-07-16,154.677
2024-07-17,148.853
2024-07-18,143.6
2024-07-19,140.224
2024-07-20,139.08
2024-07-21,143.834
2024-07-22,157.821
2024-07-23,187.753
2024-07-24,198.124
2024-07-25,164.743
2024-07-26,138.827
2024-07-27,130.156
2024-07-28,128.411
2024-07-29,122.382
2024-07-30,117.485
2024-07-31,117.318
2024-08-01,116.589
2024-08-02,113.789
2024-08-03,122.411
2024-08-04,136.418
2024-08-05,154.948
2024-08-06,169.765
2024-08-07,150.904
2024-08-08,121.618
2024-08-09,102.42
2024-08-10,95.253
2024-08-11,93.808
2024-08-12,104.744
2024-08-13,116.012
2024-08-14,105.975
2024-08-15,93.658
2024-08-16,89.143
2024-08-17,87.003
2024-08-18,89.226
2024-08-19,90.837
2024-08-20,90.021
2024-08-21,90.532
2024-08-22,87.567
2024-08-23,83.225
2024-08-24,89.485
2024-08-25,96.197
2024-08-26,96.318
2024-08-27,97.618
2024-08-28,108.153
2024-08-29,132.68
2024-08-30,147.712
2024-08-31,130.965
2024-09-01,120.967
2024-09-02,108.697
2024-09-03,86.195
2024-09-04,76.828
2024-09-05,76.178
2024-09-06,75.854
2024-09-07,73.349
2024-09-08,70.318
2024-09-09,68.981
2024-09-10,70.522
2024-09-11,78.711
2024-09-12,105.59
2024-09-13,150.57
2024-09-14,196.187
2024-09-15,193.101
2024-09-16,135.719
2024-09-17,86.181
2024-09-18,70.591
2024-09-19,75.95
2024-09-20,93.045
2024-09-21,115.11
2024-09-22,122.108
2024-09-23,106.239
2024-09-24,102.977
2024-09-25,137.575
2024-09-26,137.199
2024-09-27,121.539
2024-09-28,91.855
2024-09-29,72.136
2024-09-30,63.168
2024-10-01,59.889
2024-10-02,65.801
2024-10-03,107.899
2024-10-04,197.186
2024-10-05,265.488
2024-10-06,278.298
2024-10-07,298.365
2024-10-08,287.328
2024-10-09,207.36
2024-10-10,126.664
2024-10-11,96.681
2024-10-12,111.59
2024-10-13,181.955
2024-10-14,377.058
2024-10-15,929.396
2024-10-16,1260.515
2024-10-17,914.582
2024-10-18,563.753
2024-10-19,321.996
2024-10-20,184.997
2024-10-21,211.759
2024-10-22,336.05
2024-10-23,484.849
2024-10-24,654.302
2024-10-25,762.871
2024-10-26,782.588
2024-10-27,727.914
2024-10-28,536.349
2024-10-29,427.005
2024-10-30,635.544
2024-10-31,844.372
2024-11-01,754.744
2024-11-02,804.344
2024-11-03,912.449
2024-11-04,824.406
2024-11-05,661.792
2024-11-06,602.592
2024-11-07,554.695
2024-11-08,438.955
2024-11-09,388.47
2024-11-10,382.652
2024-11-11,383.968
2024-11-12,375.416
2024-11-13,359.776
2024-11-14,510.884
2024-11-15,698.178
2024-11-16,685.758
2024-11-17,734.697
2024-11-18,876.375
2024-11-19,873.07
2024-11-20,751.426
2024-11-21,724.542
2024-11-22,677.45
2024-11-23,583.17
2024-11-24,508.705
2024-11-25,480.066
2024-11-26,507.602
2024-11-27,576.07
2024-11-28,669.248
2024-11-29,808.108
2024-11-30,896.962
2024-12-01,884.045
2024-12-02,940.254
2024-12-03,1127.091
2024-12-04,1283.699
2024-12-05,1357.28
2024-12-06,1446.719
2024-12-07,1620.698
2024-12-08,1663.097
2024-12-09,1573.701
2024-12-10,1601.225
2024-12-11,1767.441
2024-12-12,1845.098
2024-12-13,1815.654
2024-12-14,2146.622
2024-12-15,2535.736
2024-12-16,2271.209
2024-12-17,1992.015
2024-12-18,1708.395
2024-12-19,1660.857
2024-12-20,1701.354
2024-12-21,1510.539
2024-12-22,1191.919
2024-12-23,919.01
2024-12-24,745.201
2024-12-25,743.242
2024-12-26,882.853
2024-12-27,945.873
2024-12-28,921.87
2024-12-29,915.691
2024-12-30,919.414
2024-12-31,944.304
2025-01-01,1017.95166
2025-01-02,1190.2714
2025-01-03,1273.0345
2025-01-04,1202.3209
2025-01-05,1191.0026
2025-01-06,1240.0765
2025-01-07,1334.4313
2025-01-08,1525.8077
2025-01-09,1751.5693
2025-01-10,1776.9718
2025-01-11,1488.3544
2025-01-12,1038.2709
2025-01-13,730.9221
2025-01-14,623.1641
2025-01-15,591.1812
2025-01-16,571.34503
2025-01-17,556.6391
2025-01-18,569.43
2025-01-19,604.2308
2025-01-20,608.9412
2025-01-21,558.1558
2025-01-22,513.16284
2025-01-23,490.71997
2025-01-24,516.99585
2025-01-25,615.2558
2025-01-26,712.01495
2025-01-27,740.15546
2025-01-28,680.9251
2025-01-29,545.6508
2025-01-30,443.65164
2025-01-31,411.96835
2025-02-01,419.87955
2025-02-02,463.81042
2025-02-03,529.1512
2025-02-04,626.53204
2025-02-05,752.42163
2025-02-06,833.5859
2025-02-07,863.08
2025-02-08,840.98126
2025-02-09,823.04755
2025-02-10,834.6176
2025-02-11,784.7729
2025-02-12,702.8867
2025-02-13,639.6912
2025-02-14,650.20624
2025-02-15,767.99677
2025-02-16,939.9091
2025-02-17,1115.2916
2025-02-18,1221.1937
2025-02-19,1242.1139
2025-02-20,1148.6261
2025-02-21,951.8947
2025-02-22,813.17413
2025-02-23,735.6154
2025-02-24,673.78876
2025-02-25,611.92584
2025-02-26,539.00665
2025-02-27,492.93918
2025-02-28,527.35333
2025-03-01,577.69257
2025-03-02,617.5646
2025-03-03,655.3742
2025-03-04,623.2671
2025-03-05,567.39294
2025-03-06,506.3721
2025-03-07,422.27002
2025-03-08,361.45703
2025-03-09,334.8583
2025-03-10,319.1575
2025-03-11,305.83292
2025-03-12,294.52206
2025-03-13,285.73752
2025-03-14,282.7183
2025-03-15,288.67874
2025-03-16,298.91913
2025-03-17,333.24002
2025-03-18,397.29745
2025-03-19,449.68924
2025-03-20,462.52957
2025-03-21,451.17334
2025-03-22,366.02164
2025-03-23,396.30127
2025-03-24,510.4421
2025-03-25,638.2083
2025-03-26,628.5366
2025-03-27,547.23004
2025-03-28,522.4913
2025-03-29,938.16705
2025-03-30,1347.4779
2025-03-31,936.6142
2025-04-01,628.3433
2025-04-02,667.66125
2025-04-03,791.58746
2025-04-04,801.2908
2025-04-05,762.66595
2025-04-06,721.87335
2025-04-07,766.45953
2025-04-08,808.4458
2025-04-09,811.0817
2025-04-10,956.2867
2025-04-11,1164.5511
2025-04-12,1289.586
2025-04-13,1254.6976
2025-04-14,1143.9459
2025-04-15,1073.518
2025-04-16,1121.157
2025-04-17,1144.6407
2025-04-18,1185.7438
2025-04-19,1242.8071
2025-04-20,1360.1274
2025-04-21,1542.4883
2025-04-22,1678.2511
2025-04-23,1628.9034
2025-04-24,1370.5245
2025-04-25,1318.5975
2025-04-26,1505.3678
2025-04-27,1693.0713
2025-04-28,1700.2438
2025-04-29,1625.8397
2025-04-30,1561.2289
2025-05-01,1621.4805
2025-05-02,1732.2943
2025-05-03,1966.0223
2025-05-04,2245.6484
2025-05-05,2058.207
2025-05-06,1732.8414
2025-05-07,1515.0099
2025-05-08,1449.2759
2025-05-09,1401.8486
2025-05-10,1328.183
2025-05-11,1248.4896
2025-05-12,1110.2872
2025-05-13,992.1533
2025-05-14,971.86914
2025-05-15,1008.87286
2025-05-16,1104.382
2025-05-17,1159.2404
2025-05-18,1071.8501
2025-05-19,987.83624
2025-05-20,975.93427
2025-05-21,1013.5983
2025-05-22,1048.3208
2025-05-23,1061.6713
2025-05-24,1074.1188
2025-05-25,1107.5566
2025-05-26,1167.0131
2025-05-27,1219.7147
2025-05-28,1195.5878
2025-05-29,1085.4137
2025-05-30,922.4363
2025-05-31,760.9604
2025-06-01,648.0634
2025-06-02,615.68915
2025-06-03,646.11414
2025-06-04,712.37836
2025-06-05,761.60004
2025-06-06,737.02783
2025-06-07,665.8416
2025-06-08,606.613
2025-06-09,543.433
2025-06-10,480.9863
2025-06-11,453.9821
2025-06-12,448.1371
2025-06-13,442.4188
2025-06-14,425.19205
2025-06-15,401.01962
2025-06-16,377.83374
2025-06-17,368.7854
2025-06-18,379.63583
2025-06-19,425.23837
2025-06-20,464.58713
2025-06-21,458.37704
2025-06-22,434.0133
2025-06-23,386.0129
2025-06-24,339.955
2025-06-25,310.70963
2025-06-26,300.01083
2025-06-27,287.4025
2025-06-28,272.69666
2025-06-29,263.96417
2025-06-30,254.45459
2025-07-01,246.27039
2025-07-02,250.04955
2025-07-03,293.25833
2025-07-04,359.02124
2025-07-05,418.3663
2025-07-06,466.66956
2025-07-07,458.56213
2025-07-08,414.4392
2025-07-09,368.23502
2025-07-10,306.47086
2025-07-11,242.12874
2025-07-12,209.38081
2025-07-13,203.85002
2025-07-14,207.0254
2025-07-15,208.02374
2025-07-16,198.12419
2025-07-17,182.99373
2025-07-18,176.56999
2025-07-19,180.44624
2025-07-20,194.16748
2025-07-21,215.06667
2025-07-22,239.05373
2025-07-23,236.75041
2025-07-24,206.48376
2025-07-25,176.75667
2025-07-26,159.4629
2025-07-27,156.31123
2025-07-28,172.22998
2025-07-29,192.83167
2025-07-30,209.78583
2025-07-31,227.73376
2025-08-01,233.16583
2025-08-02,230.1754
2025-08-03,214.3521
2025-08-04,187.51625
2025-08-05,162.88832
2025-08-06,152.31958
2025-08-07,147.42876
2025-08-08,141.84001
2025-08-09,134.70164
2025-08-10,129.59709
2025-08-11,127.44085
2025-08-12,124.47875
2025-08-13,123.13625
2025-08-14,125.30585
2025-08-15,129.79167
2025-08-16,131.63376
2025-08-17,135.21
2025-08-18,136.28416
2025-08-19,127.88084
2025-08-20,119.97918
2025-08-21,122.554596
2025-08-22,160.41833
2025-08-23,222.48206
2025-08-24,262.50296
2025-08-25,303.68628
2025-08-26,318.94748
2025-08-27,298.84708
2025-08-28,255.8996
2025-08-29,217.53418
2025-08-30,227.83464
2025-08-31,306.07248
2025-09-01,361.74158
2025-09-02,323.42627
2025-09-03,264.6154
2025-09-04,195.24542
2025-09-05,132.69333
2025-09-06,102.75833
2025-09-07,93.82751
2025-09-08,97.87958
2025-09-09,111.35917
2025-09-10,121.25708
2025-09-11,121.875824
2025-09-12,109.942924
2025-09-13,93.75124
2025-09-14,85.09667
2025-09-15,81.76583
2025-09-16,80.729996
2025-09-17,82.28792
2025-09-18,81.30625
2025-09-19,81.27334
2025-09-20,81.950424
2025-09-21,84.09083
2025-09-22,87.318756
2025-09-23,91.469154
2025-09-24,107.58958
2025-09-25,139.70541
2025-09-26,168.55544
2025-09-27,172.53001
2025-09-28,166.30292
2025-09-29,174.39624
2025-09-30,221.87498
2025-10-01,317.67667
2025-10-02,414.34042
2025-10-03,452.26083
2025-10-04,429.01663
2025-10-05,339.6075
2025-10-06,236.17963
2025-10-07,176.47083
2025-10-08,179.77544
2025-10-09,518.14874
2025-10-10,878.3845
2025-10-11,643.3096
2025-10-12,418.16415
2025-10-13,343.9025
2025-10-14,361.50833
2025-10-15,408.09915
2025-10-16,434.3342
2025-10-17,772.10834
2025-10-18,1161.5216
2025-10-19,983.375
2025-10-20,792.38165
2025-10-21,687.465
2025-10-22,642.6812
2025-10-23,654.9009
2025-10-24,636.92163
2025-10-25,534.52625
2025-10-26,387.59998
2025-10-27,282.03293
2025-10-28,270.4879
2025-10-29,283.02206
2025-10-30,358.1237
2025-10-31,470.795
2025-11-01,606.7441
2025-11-02,572.5933
2025-11-03,587.85297
2025-11-04,689.03
2025-11-05,903.58295
2025-11-06,998.42847
2025-11-07,1008.3702
2025-11-08,1035.3638
2025-11-09,1165.7086
2025-11-10,1231.1146
2025-11-11,989.6045
2025-11-12,821.15875
2025-11-13,875.93304
2025-11-14,1088.6072
2025-11-15,1168.1433
2025-11-16,1028.2056
2025-11-17,863.58905
2025-11-18,759.1233
2025-11-19,677.52374
2025-11-20,577.8984
2025-11-21,548.03955
2025-11-22,611.33624
2025-11-23,658.8655
2025-11-24,688.9187
2025-11-25,734.0467
2025-11-26,674.1645
2025-11-27,608.98785
2025-11-28,618.575
2025-11-29,642.05035
2025-11-30,664.7475
2025-12-01,631.3421
2025-12-02,550.1687
2025-12-03,522.5108
2025-12-04,498.63623
2025-12-05,506.72958
2025-12-06,506.86243
2025-12-07,473.2671
2025-12-08,386.27246
2025-12-09,292.6675
2025-12-10,260.57712
2025-12-11,265.1329
2025-12-12,265.57834
2025-12-13,243.66624
2025-12-14,222.53581
2025-12-15,237.85625
2025-12-16,269.70914
2025-12-17,312.63705
2025-12-18,294.47244
2025-12-19,260.44873
2025-12-20,260.42416
2025-12-21,279.66583
2025-12-22,292.1371
2025-12-23,310.69583
2025-12-24,331.01126
2025-12-25,377.44873
2025-12-26,482.49332
2025-12-27,574.4009
2025-12-28,577.1012
2025-12-29,507.1379
2025-12-30,491.4525
2025-12-31,623.1054
2026-01-01,742.8745
2026-01-02,728.1563
2026-01-03,754.8054
2026-01-04,882.805
2026-01-05,928.66046
2026-01-06,814.74243
2026-01-07,794.83405
2026-01-08,817.15424
2026-01-09,856.5191
2026-01-10,1137.3912
2026-01-11,1316.4791
2026-01-12,1180.0118
2026-01-13,1015.0805
2026-01-14,840.96045
2026-01-15,676.3033
2026-01-16,541.3366
2026-01-17,473.50623
2026-01-18,451.49545
2026-01-19,460.1816
2026-01-20,491.25415
2026-01-21,554.8918
2026-01-22,620.8062
2026-01-23,638.5984
2026-01-24,694.69086
2026-01-25,787.83405
2026-01-26,850.8318
2026-01-27,824.1142
2026-01-28,709.66
2026-01-29,593.9483
2026-01-30,481.09167
2026-01-31,422.05246
2026-02-01,458.09836
2026-02-02,535.0208
2026-02-03,566.60376
2026-02-04,544.5796
2026-02-05,490.98038
2026-02-06,438.0675
2026-02-07,417.4021
2026-02-08,405.62207
2026-02-09,413.48746
2026-02-10,486.9738
2026-02-11,618.13965
2026-02-12,706.1479
2026-02-13,779.9775
2026-02-14,844.8084
2026-02-15,940.78827
2026-02-16,1045.9613
2026-02-17,1008.13055
2026-02-18,869.837
2026-02-19,803.23364
2026-02-20,840.1705
2026-02-21,922.47
2026-02-22,1075.4991
2026-02-23,1258.4596
2026-02-24,1409.8838
2026-02-25,1363.4095
2026-02-26,1062.5695
2026-02-27,975.88965
2026-02-28,1285.6262
2026-03-01,1503.0298
2026-03-02,1193.3871
2026-03-03,1017.57666
2026-03-04,1113.6837
2026-03-05,1170.3508
2026-03-06,1218.3458
2026-03-07,1625.6045
2026-03-08,1940.5729
2026-03-09,1731.9152
2026-03-10,1568.92
2026-03-11,1507.8224
2026-03-12,1567.9034
2026-03-13,1692.069
2026-03-14,1770.2128
2026-03-15,1816.4
2026-03-16,1903.6259
2026-03-17,1970.891
2026-03-18,2037.4897
2026-03-19,2132.878
2026-03-20,2165.4363
2026-03-21,2107.8474
2026-03-22,2256.0693
2026-03-23,2533.8318
2026-03-24,2531.155
2026-03-25,2399.695
2026-03-26,2521.8992
2026-03-27,2679.6167
2026-03-28,2323.5762
2026-03-29,1991.3013
2026-03-30,1870.2599
2026-03-31,1752.84
2026-04-01,1542.4258
2026-04-02,1459.2089
2026-04-03,1496.8505
2026-04-04,1615.713
2026-04-05,1673.3383
2026-04-06,1709.0294
2026-04-07,1763.646
2026-04-08,1769.0199
2026-04-09,1780.3629
2026-04-10,1830.9233
2026-04-11,1649.2284
2026-04-12,1321.4641
2026-04-13,1078.7737
2026-04-14,948.24414
2026-04-15,903.38837
2026-04-16,910.392
2026-04-17,904.66364
2026-04-18,920.89056
2026-04-19,983.96747
2026-04-20,1071.4933
2026-04-21,1130.4988
