Datetime,Retrospective Discharge (m3/s)
1940-01-01,3.597
1940-01-02,5.412
1940-01-03,9.601
1940-01-04,13.704
1940-01-05,16.83
1940-01-06,18.33
1940-01-07,20.185
1940-01-08,21.028
1940-01-09,21.675
1940-01-10,24.503
1940-01-11,25.892
1940-01-12,28.315
1940-01-13,32.587
1940-01-14,39.7
1940-01-15,35.293
1940-01-16,26.313
1940-01-17,20.709
1940-01-18,18.762
1940-01-19,18.18
1940-01-20,17.836
1940-01-21,17.53
1940-01-22,17.21
1940-01-23,16.956
1940-01-24,16.787
1940-01-25,16.793
1940-01-26,17.425
1940-01-27,19.388
1940-01-28,21.089
1940-01-29,25.382
1940-01-30,27.82
1940-01-31,34.438
1940-02-01,37.276
1940-02-02,32.622
1940-02-03,29.545
1940-02-04,39.571
1940-02-05,56.132
1940-02-06,85.048
1940-02-07,102.76
1940-02-08,87.232
1940-02-09,53.742
1940-02-10,34.304
1940-02-11,19.34
1940-02-12,14.91
1940-02-13,14.185
1940-02-14,14.482
1940-02-15,14.555
1940-02-16,15.3
1940-02-17,17.32
1940-02-18,20.02
1940-02-19,18.858
1940-02-20,14.538
1940-02-21,12.771
1940-02-22,12.387
1940-02-23,12.265
1940-02-24,12.162
1940-02-25,12.087
1940-02-26,12.33
1940-02-27,12.848
1940-02-28,13.491
1940-02-29,15.356
1940-03-01,17.84
1940-03-02,20.023
1940-03-03,29.829
1940-03-04,28.202
1940-03-05,18.249
1940-03-06,17.025
1940-03-07,14.025
1940-03-08,13.714
1940-03-09,14.869
1940-03-10,18.909
1940-03-11,26.91
1940-03-12,43.761
1940-03-13,43.955
1940-03-14,47.948
1940-03-15,58.546
1940-03-16,82.185
1940-03-17,122.54
1940-03-18,176.951
1940-03-19,179.827
1940-03-20,198.192
1940-03-21,217.024
1940-03-22,182.925
1940-03-23,133.033
1940-03-24,112.885
1940-03-25,89.936
1940-03-26,57.708
1940-03-27,44.305
1940-03-28,41.728
1940-03-29,27.486
1940-03-30,16.954
1940-03-31,14.343
1940-04-01,13.885
1940-04-02,15.633
1940-04-03,22.387
1940-04-04,29.27
1940-04-05,22.61
1940-04-06,19.365
1940-04-07,18.076
1940-04-08,17.848
1940-04-09,16.212
1940-04-10,15.576
1940-04-11,14.636
1940-04-12,14.386
1940-04-13,13.928
1940-04-14,13.584
1940-04-15,13.222
1940-04-16,13.088
1940-04-17,13.085
1940-04-18,13.125
1940-04-19,13.094
1940-04-20,13.154
1940-04-21,13.63
1940-04-22,14.374
1940-04-23,14.355
1940-04-24,13.653
1940-04-25,13.011
1940-04-26,13.048
1940-04-27,15.618
1940-04-28,24.74
1940-04-29,37.425
1940-04-30,37.616
1940-05-01,44.601
1940-05-02,58.108
1940-05-03,51.82
1940-05-04,60.342
1940-05-05,83.491
1940-05-06,99.156
1940-05-07,116.595
1940-05-08,111.884
1940-05-09,96.788
1940-05-10,82.201
1940-05-11,63.344
1940-05-12,46.745
1940-05-13,50.495
1940-05-14,44.149
1940-05-15,33.475
1940-05-16,32.845
1940-05-17,37.006
1940-05-18,40.334
1940-05-19,38.513
1940-05-20,41.788
1940-05-21,48.637
1940-05-22,52.618
1940-05-23,65.581
1940-05-24,75.716
1940-05-25,78.227
1940-05-26,79.652
1940-05-27,84.91
1940-05-28,87.356
1940-05-29,81.217
1940-05-30,62.478
1940-05-31,49.316
1940-06-01,39.72
1940-06-02,34.266
1940-06-03,33.16
1940-06-04,33.851
1940-06-05,32.151
1940-06-06,31.444
1940-06-07,30.785
1940-06-08,30.009
1940-06-09,29.496
1940-06-10,28.826
1940-06-11,28.215
1940-06-12,27.62
1940-06-13,27.096
1940-06-14,26.605
1940-06-15,26.031
1940-06-16,25.518
1940-06-17,25.336
1940-06-18,25.54
1940-06-19,26.519
1940-06-20,29.333
1940-06-21,36.088
1940-06-22,47.454
1940-06-23,52.339
1940-06-24,60.019
1940-06-25,69.906
1940-06-26,79.292
1940-06-27,75.755
1940-06-28,57.486
1940-06-29,47.74
1940-06-30,54.978
1940-07-01,54.684
1940-07-02,53.753
1940-07-03,47.871
1940-07-04,37.687
1940-07-05,33.782
1940-07-06,41.048
1940-07-07,46.897
1940-07-08,61.49
1940-07-09,119.488
1940-07-10,154.182
1940-07-11,119.379
1940-07-12,94.443
1940-07-13,82.463
1940-07-14,91.279
1940-07-15,116.968
1940-07-16,124.818
1940-07-17,122.478
1940-07-18,122.085
1940-07-19,108.178
1940-07-20,98.692
1940-07-21,97.167
1940-07-22,97.436
1940-07-23,89.817
1940-07-24,112.601
1940-07-25,108.809
1940-07-26,102.497
1940-07-27,94.283
1940-07-28,89.668
1940-07-29,88.616
1940-07-30,83.17
1940-07-31,98.568
1940-08-01,140.135
1940-08-02,181.879
1940-08-03,161.866
1940-08-04,139.507
1940-08-05,147.797
1940-08-06,173.213
1940-08-07,233.159
1940-08-08,271.425
1940-08-09,236.08
1940-08-10,162.919
1940-08-11,150.609
1940-08-12,152.188
1940-08-13,177.94
1940-08-14,202.79
1940-08-15,211.187
1940-08-16,221.764
1940-08-17,211.87
1940-08-18,230.505
1940-08-19,255.411
1940-08-20,241.248
1940-08-21,201.568
1940-08-22,218.405
1940-08-23,201.082
1940-08-24,186.755
1940-08-25,185.503
1940-08-26,177.588
1940-08-27,189.541
1940-08-28,213.708
1940-08-29,232.438
1940-08-30,296.034
1940-08-31,323.93
1940-09-01,306.492
1940-09-02,284.379
1940-09-03,213.516
1940-09-04,178.726
1940-09-05,166.999
1940-09-06,168.259
1940-09-07,175.796
1940-09-08,171.885
1940-09-09,206.287
1940-09-10,273.635
1940-09-11,261.661
1940-09-12,237.992
1940-09-13,218.767
1940-09-14,184.99
1940-09-15,175.841
1940-09-16,190.474
1940-09-17,189.867
1940-09-18,217.804
1940-09-19,280.326
1940-09-20,273.587
1940-09-21,266.448
1940-09-22,238.864
1940-09-23,255.637
1940-09-24,311.596
1940-09-25,397.019
1940-09-26,488.614
1940-09-27,460.105
1940-09-28,409.734
1940-09-29,440.375
1940-09-30,377.667
1940-10-01,284.331
1940-10-02,244.192
1940-10-03,217.29
1940-10-04,203.345
1940-10-05,194.973
1940-10-06,188.76
1940-10-07,182.813
1940-10-08,177.073
1940-10-09,171.412
1940-10-10,165.688
1940-10-11,160.079
1940-10-12,154.712
1940-10-13,149.585
1940-10-14,144.548
1940-10-15,139.7
1940-10-16,135.14
1940-10-17,131.655
1940-10-18,134.341
1940-10-19,141.512
1940-10-20,140.918
1940-10-21,135.042
1940-10-22,156.389
1940-10-23,190.404
1940-10-24,175.3
1940-10-25,141.565
1940-10-26,123.385
1940-10-27,115.981
1940-10-28,103.64
1940-10-29,99.668
1940-10-30,96.782
1940-10-31,94.211
1940-11-01,93.506
1940-11-02,90.589
1940-11-03,88.594
1940-11-04,86.231
1940-11-05,86.041
1940-11-06,85.61
1940-11-07,83.157
1940-11-08,81.255
1940-11-09,79.862
1940-11-10,78.513
1940-11-11,77.621
1940-11-12,83.284
1940-11-13,92.111
1940-11-14,98.036
1940-11-15,100.602
1940-11-16,110.688
1940-11-17,119.045
1940-11-18,129.767
1940-11-19,149.169
1940-11-20,131.08
1940-11-21,120.346
1940-11-22,158.707
1940-11-23,168.635
1940-11-24,159.802
1940-11-25,153.568
1940-11-26,158.206
1940-11-27,189.933
1940-11-28,235.719
1940-11-29,247.352
1940-11-30,170.81
1940-12-01,104.936
1940-12-02,78.721
1940-12-03,72.335
1940-12-04,70.962
1940-12-05,72.177
1940-12-06,76.156
1940-12-07,77.895
1940-12-08,77.46
1940-12-09,75.404
1940-12-10,71.753
1940-12-11,69.091
1940-12-12,67.751
1940-12-13,66.749
1940-12-14,65.768
1940-12-15,64.829
1940-12-16,63.922
1940-12-17,63.064
1940-12-18,62.207
1940-12-19,61.318
1940-12-20,60.338
1940-12-21,59.398
1940-12-22,58.47
1940-12-23,57.489
1940-12-24,56.579
1940-12-25,55.62
1940-12-26,54.668
1940-12-27,53.726
1940-12-28,52.703
1940-12-29,51.75
1940-12-30,50.814
1940-12-31,49.849
1941-01-01,48.93
1941-01-02,47.995
1941-01-03,47.096
1941-01-04,46.25
1941-01-05,45.45
1941-01-06,44.605
1941-01-07,43.825
1941-01-08,42.865
1941-01-09,41.915
1941-01-10,41.103
1941-01-11,40.278
1941-01-12,39.469
1941-01-13,38.701
1941-01-14,37.952
1941-01-15,37.172
1941-01-16,36.397
1941-01-17,35.662
1941-01-18,34.908
1941-01-19,34.186
1941-01-20,33.479
1941-01-21,32.838
1941-01-22,32.17
1941-01-23,31.741
1941-01-24,31.62
1941-01-25,31.556
1941-01-26,30.412
1941-01-27,29.374
1941-01-28,28.679
1941-01-29,28.062
1941-01-30,27.426
1941-01-31,26.867
1941-02-01,26.35
1941-02-02,25.835
1941-02-03,25.255
1941-02-04,24.729
1941-02-05,24.268
1941-02-06,23.753
1941-02-07,23.23
1941-02-08,22.764
1941-02-09,22.381
1941-02-10,21.969
1941-02-11,21.532
1941-02-12,21.179
1941-02-13,20.827
1941-02-14,20.444
1941-02-15,20.102
1941-02-16,20.012
1941-02-17,20.36
1941-02-18,21.928
1941-02-19,21.94
1941-02-20,23.305
1941-02-21,24.963
1941-02-22,24.949
1941-02-23,23.138
1941-02-24,20.558
1941-02-25,18.392
1941-02-26,17.097
1941-02-27,16.649
1941-02-28,16.644
1941-03-01,16.489
1941-03-02,16.686
1941-03-03,17.036
1941-03-04,17.627
1941-03-05,18.04
1941-03-06,17.983
1941-03-07,17.68
1941-03-08,19.325
1941-03-09,20.842
1941-03-10,21.266
1941-03-11,19.598
1941-03-12,17.795
1941-03-13,15.018
1941-03-14,14.003
1941-03-15,14.179
1941-03-16,14.182
1941-03-17,16.805
1941-03-18,19.092
1941-03-19,15.053
1941-03-20,13.147
1941-03-21,12.451
1941-03-22,12.095
1941-03-23,11.703
1941-03-24,11.437
1941-03-25,11.312
1941-03-26,11.198
1941-03-27,11.015
1941-03-28,10.797
1941-03-29,10.588
1941-03-30,10.364
1941-03-31,10.166
1941-04-01,10.071
1941-04-02,10.193
1941-04-03,10.629
1941-04-04,13.061
1941-04-05,18.995
1941-04-06,27.226
1941-04-07,34.779
1941-04-08,33.865
1941-04-09,30.68
1941-04-10,47.298
1941-04-11,40.5
1941-04-12,33.875
1941-04-13,27.24
1941-04-14,27.055
1941-04-15,41.656
1941-04-16,45.289
1941-04-17,64.11
1941-04-18,69.451
1941-04-19,44.065
1941-04-20,41.5
1941-04-21,38.112
1941-04-22,36.157
1941-04-23,26.502
1941-04-24,13.569
1941-04-25,9.507
1941-04-26,8.945
1941-04-27,11.158
1941-04-28,13.078
1941-04-29,9.673
1941-04-30,8.179
1941-05-01,8.07
1941-05-02,8.059
1941-05-03,7.935
1941-05-04,7.762
1941-05-05,7.48
1941-05-06,7.413
1941-05-07,7.773
1941-05-08,8.912
1941-05-09,10.218
1941-05-10,12.135
1941-05-11,15.612
1941-05-12,19.998
1941-05-13,14.79
1941-05-14,12.404
1941-05-15,15.58
1941-05-16,19.017
1941-05-17,18.876
1941-05-18,13.618
1941-05-19,12.941
1941-05-20,16.078
1941-05-21,19.009
1941-05-22,16.79
1941-05-23,16.372
1941-05-24,15.883
1941-05-25,12.148
1941-05-26,8.799
1941-05-27,7.068
1941-05-28,6.223
1941-05-29,5.968
1941-05-30,5.951
1941-05-31,6.007
1941-06-01,6.09
1941-06-02,6.303
1941-06-03,6.324
1941-06-04,6.829
1941-06-05,7.337
1941-06-06,7.303
1941-06-07,7.041
1941-06-08,8.223
1941-06-09,12.115
1941-06-10,13.628
1941-06-11,7.937
1941-06-12,5.931
1941-06-13,5.641
1941-06-14,5.333
1941-06-15,5.056
1941-06-16,5.034
1941-06-17,5.335
1941-06-18,6.149
1941-06-19,6.539
1941-06-20,6.251
1941-06-21,5.6
1941-06-22,5.435
1941-06-23,5.568
1941-06-24,5.678
1941-06-25,5.379
1941-06-26,4.947
1941-06-27,4.617
1941-06-28,4.425
1941-06-29,4.365
1941-06-30,4.331
1941-07-01,4.53
1941-07-02,5.232
1941-07-03,5.944
1941-07-04,5.592
1941-07-05,5.646
1941-07-06,5.731
1941-07-07,5.399
1941-07-08,5.392
1941-07-09,4.827
1941-07-10,4.547
1941-07-11,4.17
1941-07-12,4.071
1941-07-13,4.519
1941-07-14,5.492
1941-07-15,7.318
1941-07-16,13.402
1941-07-17,20.752
1941-07-18,17.89
1941-07-19,13.421
1941-07-20,10.361
1941-07-21,7.647
1941-07-22,5.566
1941-07-23,4.894
1941-07-24,6.818
1941-07-25,8.226
1941-07-26,5.113
1941-07-27,3.66
1941-07-28,3.386
1941-07-29,3.379
1941-07-30,3.438
1941-07-31,3.528
1941-08-01,3.985
1941-08-02,4.66
1941-08-03,6.763
1941-08-04,10.79
1941-08-05,19.932
1941-08-06,36.24
1941-08-07,46.519
1941-08-08,34.648
1941-08-09,21.497
1941-08-10,13.917
1941-08-11,13.741
1941-08-12,10.055
1941-08-13,6.379
1941-08-14,4.014
1941-08-15,3.397
1941-08-16,3.18
1941-08-17,3.079
1941-08-18,3.047
1941-08-19,3.065
1941-08-20,3.095
1941-08-21,3.214
1941-08-22,3.367
1941-08-23,3.974
1941-08-24,3.937
1941-08-25,4.782
1941-08-26,7.16
1941-08-27,11.347
1941-08-28,22.368
1941-08-29,23.925
1941-08-30,31.512
1941-08-31,33.982
1941-09-01,41.222
1941-09-02,51.986
1941-09-03,57.7
1941-09-04,43.461
1941-09-05,22.964
1941-09-06,11.64
1941-09-07,4.939
1941-09-08,3.435
1941-09-09,3.319
1941-09-10,3.446
1941-09-11,3.476
1941-09-12,3.375
1941-09-13,3.318
1941-09-14,3.268
1941-09-15,3.248
1941-09-16,3.297
1941-09-17,3.38
1941-09-18,3.418
1941-09-19,3.452
1941-09-20,3.553
1941-09-21,3.902
1941-09-22,4.244
1941-09-23,4.084
1941-09-24,4.029
1941-09-25,3.571
1941-09-26,3.194
1941-09-27,2.97
1941-09-28,2.915
1941-09-29,2.93
1941-09-30,2.884
1941-10-01,2.868
1941-10-02,2.861
1941-10-03,2.784
1941-10-04,2.765
1941-10-05,2.777
1941-10-06,2.749
1941-10-07,2.668
1941-10-08,2.612
1941-10-09,2.657
1941-10-10,2.952
1941-10-11,3.426
1941-10-12,4.55
1941-10-13,7.02
1941-10-14,10.188
1941-10-15,14.005
1941-10-16,17.843
1941-10-17,14.791
1941-10-18,6.988
1941-10-19,3.731
1941-10-20,2.929
1941-10-21,2.556
1941-10-22,2.47
1941-10-23,2.465
1941-10-24,2.509
1941-10-25,2.796
1941-10-26,2.949
1941-10-27,3.171
1941-10-28,3.197
1941-10-29,3.275
1941-10-30,3.08
1941-10-31,2.974
1941-11-01,2.978
1941-11-02,3.095
1941-11-03,3.167
1941-11-04,3.015
1941-11-05,3.049
1941-11-06,2.759
1941-11-07,2.54
1941-11-08,2.94
1941-11-09,6.436
1941-11-10,18.754
1941-11-11,36.137
1941-11-12,38.498
1941-11-13,37.197
1941-11-14,41.36
1941-11-15,41.952
1941-11-16,44.244
1941-11-17,61.772
1941-11-18,69.051
1941-11-19,70.583
1941-11-20,63.785
1941-11-21,85.17
1941-11-22,67.342
1941-11-23,33.305
1941-11-24,19.112
1941-11-25,16.216
1941-11-26,22.626
1941-11-27,20.92
1941-11-28,15.204
1941-11-29,17.335
1941-11-30,17.699
1941-12-01,21.477
1941-12-02,20.755
1941-12-03,14.805
1941-12-04,13.219
1941-12-05,25.653
1941-12-06,71.433
1941-12-07,117.882
1941-12-08,59.508
1941-12-09,28.653
1941-12-10,19.318
1941-12-11,9.066
1941-12-12,5.412
1941-12-13,3.834
1941-12-14,3.364
1941-12-15,3.382
1941-12-16,3.452
1941-12-17,3.646
1941-12-18,3.96
1941-12-19,4.422
1941-12-20,4.951
1941-12-21,5.16
1941-12-22,5.61
1941-12-23,5.277
1941-12-24,5.115
1941-12-25,4.448
1941-12-26,3.9
1941-12-27,3.594
1941-12-28,3.503
1941-12-29,3.538
1941-12-30,3.614
1941-12-31,3.726
1942-01-01,3.592
1942-01-02,3.51
1942-01-03,3.552
1942-01-04,3.584
1942-01-05,3.404
1942-01-06,3.287
1942-01-07,3.246
1942-01-08,3.219
1942-01-09,3.249
1942-01-10,3.27
1942-01-11,3.301
1942-01-12,3.252
1942-01-13,3.276
1942-01-14,3.271
1942-01-15,3.148
1942-01-16,3.016
1942-01-17,2.974
1942-01-18,2.928
1942-01-19,2.951
1942-01-20,2.895
1942-01-21,2.88
1942-01-22,2.854
1942-01-23,2.851
1942-01-24,2.787
1942-01-25,2.721
1942-01-26,2.672
1942-01-27,2.631
1942-01-28,2.629
1942-01-29,2.651
1942-01-30,2.588
1942-01-31,2.535
1942-02-01,2.466
1942-02-02,2.498
1942-02-03,2.481
1942-02-04,2.458
1942-02-05,2.371
1942-02-06,2.355
1942-02-07,2.332
1942-02-08,2.27
1942-02-09,2.236
1942-02-10,2.215
1942-02-11,2.182
1942-02-12,2.217
1942-02-13,2.209
1942-02-14,2.194
1942-02-15,2.166
1942-02-16,2.19
1942-02-17,2.249
1942-02-18,2.303
1942-02-19,2.335
1942-02-20,2.286
1942-02-21,2.052
1942-02-22,1.98
1942-02-23,1.938
1942-02-24,1.903
1942-02-25,1.845
1942-02-26,1.818
1942-02-27,1.792
1942-02-28,1.772
1942-03-01,1.797
1942-03-02,1.821
1942-03-03,1.78
1942-03-04,1.752
1942-03-05,1.717
1942-03-06,1.735
1942-03-07,1.885
1942-03-08,2.292
1942-03-09,3.91
1942-03-10,8.545
1942-03-11,11.374
1942-03-12,22.728
1942-03-13,36.135
1942-03-14,37.398
1942-03-15,35.784
1942-03-16,31.822
1942-03-17,24.586
1942-03-18,25.56
1942-03-19,43.109
1942-03-20,34.825
1942-03-21,22.952
1942-03-22,13.617
1942-03-23,11.759
1942-03-24,8.673
1942-03-25,10.568
1942-03-26,17.138
1942-03-27,15.023
1942-03-28,6.413
1942-03-29,8.246
1942-03-30,12.548
1942-03-31,4.856
1942-04-01,1.983
1942-04-02,1.57
1942-04-03,1.464
1942-04-04,1.446
1942-04-05,1.5
1942-04-06,1.495
1942-04-07,1.488
1942-04-08,1.469
1942-04-09,1.506
1942-04-10,1.666
1942-04-11,1.875
1942-04-12,2.063
1942-04-13,2.421
1942-04-14,3.115
1942-04-15,4.505
1942-04-16,5.703
1942-04-17,7.72
1942-04-18,10.431
1942-04-19,13.752
1942-04-20,33.864
1942-04-21,43.912
1942-04-22,34.927
1942-04-23,30.723
1942-04-24,17.622
1942-04-25,13.785
1942-04-26,10.421
1942-04-27,16.352
1942-04-28,25.748
1942-04-29,38.552
1942-04-30,58.819
1942-05-01,86.869
1942-05-02,89.054
1942-05-03,66.785
1942-05-04,32.697
1942-05-05,9.84
1942-05-06,3.203
1942-05-07,2.118
1942-05-08,2.148
1942-05-09,2.718
1942-05-10,4.14
1942-05-11,5.51
1942-05-12,5.116
1942-05-13,6.259
1942-05-14,8.855
1942-05-15,12.48
1942-05-16,19.621
1942-05-17,34.611
1942-05-18,37.657
1942-05-19,30.807
1942-05-20,35.889
1942-05-21,52.077
1942-05-22,51.481
1942-05-23,39.608
1942-05-24,28.097
1942-05-25,11.855
1942-05-26,6.712
1942-05-27,6.972
1942-05-28,11.888
1942-05-29,23.734
1942-05-30,37.176
1942-05-31,37.01
1942-06-01,42.818
1942-06-02,41.294
1942-06-03,34.841
1942-06-04,22.295
1942-06-05,17.291
1942-06-06,18.717
1942-06-07,15.706
1942-06-08,11.055
1942-06-09,7.963
1942-06-10,7.391
1942-06-11,7.595
1942-06-12,7.858
1942-06-13,8.756
1942-06-14,9.848
1942-06-15,10.358
1942-06-16,16.52
1942-06-17,16.271
1942-06-18,14.18
1942-06-19,13.315
1942-06-20,21.052
1942-06-21,34.211
1942-06-22,38.99
1942-06-23,43.093
1942-06-24,59.488
1942-06-25,69.763
1942-06-26,74.691
1942-06-27,61.404
1942-06-28,40.615
1942-06-29,49.695
1942-06-30,41.204
1942-07-01,39.662
1942-07-02,40.824
1942-07-03,43.687
1942-07-04,44.974
1942-07-05,58.382
1942-07-06,63.188
1942-07-07,65.674
1942-07-08,52.032
1942-07-09,34.798
1942-07-10,28.162
1942-07-11,22.462
1942-07-12,16.886
1942-07-13,15.475
1942-07-14,16.066
1942-07-15,21.079
1942-07-16,33.229
1942-07-17,46.152
1942-07-18,59.318
1942-07-19,73.89
1942-07-20,58.591
1942-07-21,41.625
1942-07-22,33.193
1942-07-23,32.529
1942-07-24,40.131
1942-07-25,48.027
1942-07-26,61.678
1942-07-27,95.23
1942-07-28,120.357
1942-07-29,84.396
1942-07-30,59.929
1942-07-31,43.783
1942-08-01,30.785
1942-08-02,33.68
1942-08-03,26.546
1942-08-04,22.037
1942-08-05,22.905
1942-08-06,19.124
1942-08-07,16.301
1942-08-08,15.297
1942-08-09,14.975
1942-08-10,14.907
1942-08-11,14.897
1942-08-12,14.804
1942-08-13,14.645
1942-08-14,14.43
1942-08-15,14.26
1942-08-16,14.005
1942-08-17,13.772
1942-08-18,13.587
1942-08-19,13.369
1942-08-20,13.167
1942-08-21,12.942
1942-08-22,12.812
1942-08-23,12.565
1942-08-24,12.311
1942-08-25,11.948
1942-08-26,11.607
1942-08-27,11.396
1942-08-28,11.203
1942-08-29,11.085
1942-08-30,10.792
1942-08-31,10.646
1942-09-01,10.763
1942-09-02,10.685
1942-09-03,10.197
1942-09-04,10.034
1942-09-05,10.222
1942-09-06,10.03
1942-09-07,9.995
1942-09-08,9.754
1942-09-09,9.357
1942-09-10,8.865
1942-09-11,8.428
1942-09-12,8.178
1942-09-13,8.003
1942-09-14,7.875
1942-09-15,7.728
1942-09-16,7.546
1942-09-17,7.42
1942-09-18,7.305
1942-09-19,7.186
1942-09-20,7.034
1942-09-21,6.852
1942-09-22,6.698
1942-09-23,6.56
1942-09-24,6.456
1942-09-25,6.373
1942-09-26,6.279
1942-09-27,6.093
1942-09-28,5.917
1942-09-29,5.728
1942-09-30,5.652
1942-10-01,5.518
1942-10-02,5.442
1942-10-03,5.328
1942-10-04,5.226
1942-10-05,5.131
1942-10-06,4.993
1942-10-07,4.909
1942-10-08,4.833
1942-10-09,4.736
1942-10-10,4.615
1942-10-11,4.515
1942-10-12,4.44
1942-10-13,4.383
1942-10-14,4.295
1942-10-15,4.2
1942-10-16,4.133
1942-10-17,4.034
1942-10-18,3.92
1942-10-19,3.81
1942-10-20,3.782
1942-10-21,3.839
1942-10-22,3.862
1942-10-23,3.913
1942-10-24,3.744
1942-10-25,3.539
1942-10-26,3.495
1942-10-27,3.573
1942-10-28,3.566
1942-10-29,3.39
1942-10-30,3.277
1942-10-31,3.344
1942-11-01,3.62
1942-11-02,3.773
1942-11-03,3.638
1942-11-04,3.386
1942-11-05,3.213
1942-11-06,3.264
1942-11-07,3.027
1942-11-08,2.726
1942-11-09,2.637
1942-11-10,2.677
1942-11-11,3.054
1942-11-12,3.438
1942-11-13,3.592
1942-11-14,3.307
1942-11-15,3.131
1942-11-16,2.727
1942-11-17,2.433
1942-11-18,2.358
1942-11-19,2.387
1942-11-20,2.443
1942-11-21,2.406
1942-11-22,2.286
1942-11-23,2.146
1942-11-24,2.064
1942-11-25,2.039
1942-11-26,2.019
1942-11-27,1.98
1942-11-28,1.944
1942-11-29,1.942
1942-11-30,1.921
1942-12-01,1.916
1942-12-02,1.878
1942-12-03,1.811
1942-12-04,1.777
1942-12-05,1.767
1942-12-06,1.755
1942-12-07,1.778
1942-12-08,1.78
1942-12-09,1.746
1942-12-10,1.717
1942-12-11,1.691
1942-12-12,1.666
1942-12-13,1.615
1942-12-14,1.611
1942-12-15,1.556
1942-12-16,1.521
1942-12-17,1.571
1942-12-18,1.642
1942-12-19,1.641
1942-12-20,1.563
1942-12-21,1.473
1942-12-22,1.376
1942-12-23,1.36
1942-12-24,1.371
1942-12-25,1.36
1942-12-26,1.352
1942-12-27,1.313
1942-12-28,1.315
1942-12-29,1.302
1942-12-30,1.285
1942-12-31,1.278
1943-01-01,1.28
1943-01-02,1.276
1943-01-03,1.244
1943-01-04,1.224
1943-01-05,1.202
1943-01-06,1.225
1943-01-07,1.23
1943-01-08,1.195
1943-01-09,1.134
1943-01-10,1.073
1943-01-11,1.047
1943-01-12,1.045
1943-01-13,1.014
1943-01-14,0.965
1943-01-15,0.957
1943-01-16,0.938
1943-01-17,0.922
1943-01-18,0.916
1943-01-19,0.9
1943-01-20,0.898
1943-01-21,0.885
1943-01-22,0.897
1943-01-23,0.872
1943-01-24,0.871
1943-01-25,0.875
1943-01-26,0.868
1943-01-27,0.843
1943-01-28,0.823
1943-01-29,0.814
1943-01-30,0.833
1943-01-31,0.86
1943-02-01,0.871
1943-02-02,0.89
1943-02-03,0.922
1943-02-04,0.898
1943-02-05,0.792
1943-02-06,0.727
1943-02-07,0.715
1943-02-08,0.736
1943-02-09,0.725
1943-02-10,0.736
1943-02-11,0.692
1943-02-12,0.652
1943-02-13,0.627
1943-02-14,0.612
1943-02-15,0.61
1943-02-16,0.621
1943-02-17,0.625
1943-02-18,0.612
1943-02-19,0.611
1943-02-20,0.602
1943-02-21,0.593
1943-02-22,0.584
1943-02-23,0.569
1943-02-24,0.549
1943-02-25,0.526
1943-02-26,0.52
1943-02-27,0.527
1943-02-28,0.534
1943-03-01,0.55
1943-03-02,0.556
1943-03-03,0.536
1943-03-04,0.533
1943-03-05,0.605
1943-03-06,0.913
1943-03-07,1.678
1943-03-08,2.492
1943-03-09,3.623
1943-03-10,3.83
1943-03-11,3.092
1943-03-12,2.208
1943-03-13,1.137
1943-03-14,0.678
1943-03-15,0.567
1943-03-16,0.504
1943-03-17,0.41
1943-03-18,0.371
1943-03-19,0.37
1943-03-20,0.368
1943-03-21,0.382
1943-03-22,0.4
1943-03-23,0.401
1943-03-24,0.393
1943-03-25,0.398
1943-03-26,0.491
1943-03-27,0.58
1943-03-28,0.999
1943-03-29,0.938
1943-03-30,0.783
1943-03-31,0.723
1943-04-01,0.658
1943-04-02,0.93
1943-04-03,0.961
1943-04-04,0.523
1943-04-05,0.407
1943-04-06,0.421
1943-04-07,0.469
1943-04-08,0.445
1943-04-09,0.381
1943-04-10,0.334
1943-04-11,0.33
1943-04-12,0.328
1943-04-13,0.352
1943-04-14,0.403
1943-04-15,0.467
1943-04-16,0.377
1943-04-17,0.313
1943-04-18,0.315
1943-04-19,0.311
1943-04-20,0.278
1943-04-21,0.275
1943-04-22,0.288
1943-04-23,0.296
1943-04-24,0.292
1943-04-25,0.294
1943-04-26,0.284
1943-04-27,0.26
1943-04-28,0.255
1943-04-29,0.266
1943-04-30,0.302
1943-05-01,0.36
1943-05-02,0.386
1943-05-03,0.42
1943-05-04,0.422
1943-05-05,0.637
1943-05-06,1.117
1943-05-07,1.359
1943-05-08,1.237
1943-05-09,0.74
1943-05-10,0.478
1943-05-11,0.366
1943-05-12,0.344
1943-05-13,0.342
1943-05-14,0.452
1943-05-15,0.835
1943-05-16,1.558
1943-05-17,2.521
1943-05-18,2.897
1943-05-19,3.275
1943-05-20,4.633
1943-05-21,9.152
1943-05-22,11.688
1943-05-23,10.666
1943-05-24,15.514
1943-05-25,18.124
1943-05-26,19.323
1943-05-27,10.431
1943-05-28,6.632
1943-05-29,4.811
1943-05-30,5.989
1943-05-31,7.81
1943-06-01,5.641
1943-06-02,2.807
1943-06-03,2.102
1943-06-04,2.931
1943-06-05,2.337
1943-06-06,2.812
1943-06-07,3.874
1943-06-08,6.226
1943-06-09,15.102
1943-06-10,25.554
1943-06-11,24.318
1943-06-12,16.367
1943-06-13,7.064
1943-06-14,2.343
1943-06-15,1.335
1943-06-16,2.162
1943-06-17,2.302
1943-06-18,5.019
1943-06-19,11.232
1943-06-20,12.921
1943-06-21,6.958
1943-06-22,6.077
1943-06-23,8.326
1943-06-24,5.792
1943-06-25,4.747
1943-06-26,11.318
1943-06-27,31.801
1943-06-28,43.91
1943-06-29,40.682
1943-06-30,26.361
1943-07-01,13.65
1943-07-02,11.088
1943-07-03,9.086
1943-07-04,14.728
1943-07-05,25.611
1943-07-06,37.519
1943-07-07,56.937
1943-07-08,71.045
1943-07-09,41.074
1943-07-10,18.28
1943-07-11,18.148
1943-07-12,22.897
1943-07-13,22.583
1943-07-14,37.897
1943-07-15,58.036
1943-07-16,61.71
1943-07-17,51.858
1943-07-18,48.896
1943-07-19,55.234
1943-07-20,55.27
1943-07-21,61.623
1943-07-22,71.713
1943-07-23,64.362
1943-07-24,70.391
1943-07-25,94.51
1943-07-26,99.226
1943-07-27,105.402
1943-07-28,108.637
1943-07-29,96.173
1943-07-30,88.742
1943-07-31,94.935
1943-08-01,109.749
1943-08-02,128.724
1943-08-03,123.875
1943-08-04,136.345
1943-08-05,147.814
1943-08-06,141.956
1943-08-07,147.764
1943-08-08,182.408
1943-08-09,149.157
1943-08-10,120.566
1943-08-11,109.728
1943-08-12,123.52
1943-08-13,142.365
1943-08-14,164.306
1943-08-15,165.316
1943-08-16,163.503
1943-08-17,150.908
1943-08-18,134.341
1943-08-19,150.799
1943-08-20,167.078
1943-08-21,164.698
1943-08-22,160.51
1943-08-23,183.037
1943-08-24,226.547
1943-08-25,223.448
1943-08-26,195.754
1943-08-27,236.743
1943-08-28,309.253
1943-08-29,315.894
1943-08-30,213.35
1943-08-31,162.567
1943-09-01,180.86
1943-09-02,201.996
1943-09-03,201.102
1943-09-04,245.129
1943-09-05,243.065
1943-09-06,176.695
1943-09-07,167.57
1943-09-08,203.945
1943-09-09,197.518
1943-09-10,164.122
1943-09-11,146.928
1943-09-12,181.586
1943-09-13,190.283
1943-09-14,178.821
1943-09-15,191.185
1943-09-16,202.025
1943-09-17,188.578
1943-09-18,150.93
1943-09-19,177.793
1943-09-20,196.767
1943-09-21,187.895
1943-09-22,165.79
1943-09-23,161.67
1943-09-24,143.384
1943-09-25,120.332
1943-09-26,92.584
1943-09-27,83.225
1943-09-28,82.09
1943-09-29,84.386
1943-09-30,83.942
1943-10-01,92.758
1943-10-02,84.452
1943-10-03,71.04
1943-10-04,64.48
1943-10-05,61.113
1943-10-06,58.339
1943-10-07,55.614
1943-10-08,53.247
1943-10-09,51.066
1943-10-10,49.027
1943-10-11,47.075
1943-10-12,45.308
1943-10-13,43.378
1943-10-14,41.525
1943-10-15,39.819
1943-10-16,38.23
1943-10-17,37.46
1943-10-18,37.5
1943-10-19,38.385
1943-10-20,39.352
1943-10-21,42.09
1943-10-22,50.497
1943-10-23,54.638
1943-10-24,46.044
1943-10-25,36.909
1943-10-26,30.572
1943-10-27,27.678
1943-10-28,26.12
1943-10-29,24.677
1943-10-30,23.618
1943-10-31,22.886
1943-11-01,22.225
1943-11-02,21.646
1943-11-03,21.068
1943-11-04,20.529
1943-11-05,19.983
1943-11-06,19.534
1943-11-07,19.096
1943-11-08,18.568
1943-11-09,17.956
1943-11-10,17.412
1943-11-11,16.955
1943-11-12,16.54
1943-11-13,16.13
1943-11-14,15.798
1943-11-15,15.525
1943-11-16,15.181
1943-11-17,14.708
1943-11-18,14.241
1943-11-19,13.84
1943-11-20,13.551
1943-11-21,13.385
1943-11-22,13.157
1943-11-23,12.694
1943-11-24,12.322
1943-11-25,12.11
1943-11-26,11.865
1943-11-27,11.635
1943-11-28,11.371
1943-11-29,11.102
1943-11-30,10.88
1943-12-01,10.684
1943-12-02,10.434
1943-12-03,10.177
1943-12-04,10.018
1943-12-05,9.81
1943-12-06,9.606
1943-12-07,9.395
1943-12-08,9.125
1943-12-09,8.858
1943-12-10,8.652
1943-12-11,8.49
1943-12-12,8.402
1943-12-13,8.354
1943-12-14,8.261
1943-12-15,8.461
1943-12-16,8.528
1943-12-17,7.906
1943-12-18,7.505
1943-12-19,7.304
1943-12-20,7.176
1943-12-21,7.059
1943-12-22,6.974
1943-12-23,6.862
1943-12-24,6.692
1943-12-25,6.568
1943-12-26,6.412
1943-12-27,6.248
1943-12-28,6.098
1943-12-29,6.009
1943-12-30,5.948
1943-12-31,5.831
1944-01-01,5.751
1944-01-02,5.709
1944-01-03,5.474
1944-01-04,4.932
1944-01-05,4.583
1944-01-06,4.204
1944-01-07,2.8
1944-01-08,1.936
1944-01-09,1.718
1944-01-10,1.63
1944-01-11,1.612
1944-01-12,1.645
1944-01-13,1.686
1944-01-14,1.681
1944-01-15,1.655
1944-01-16,1.633
1944-01-17,1.572
1944-01-18,1.558
1944-01-19,1.539
1944-01-20,1.565
1944-01-21,1.651
1944-01-22,1.724
1944-01-23,1.764
1944-01-24,1.833
1944-01-25,1.985
1944-01-26,2.147
1944-01-27,2.533
1944-01-28,2.329
1944-01-29,1.852
1944-01-30,1.56
1944-01-31,1.446
1944-02-01,1.381
1944-02-02,1.378
1944-02-03,1.423
1944-02-04,1.421
1944-02-05,1.425
1944-02-06,1.372
1944-02-07,1.317
1944-02-08,1.271
1944-02-09,1.315
1944-02-10,1.32
1944-02-11,1.3
1944-02-12,1.277
1944-02-13,1.244
1944-02-14,1.238
1944-02-15,1.202
1944-02-16,1.161
1944-02-17,1.139
1944-02-18,1.105
1944-02-19,1.105
1944-02-20,1.077
1944-02-21,1.129
1944-02-22,1.162
1944-02-23,1.148
1944-02-24,1.185
1944-02-25,1.3
1944-02-26,1.412
1944-02-27,1.468
1944-02-28,1.465
1944-02-29,1.213
1944-03-01,1.113
1944-03-02,1.001
1944-03-03,0.917
1944-03-04,0.891
1944-03-05,0.871
1944-03-06,0.865
1944-03-07,0.873
1944-03-08,0.887
1944-03-09,0.902
1944-03-10,0.991
1944-03-11,1.105
1944-03-12,1.413
1944-03-13,1.562
1944-03-14,1.356
1944-03-15,1.259
1944-03-16,1.158
1944-03-17,1.03
1944-03-18,0.916
1944-03-19,0.853
1944-03-20,0.841
1944-03-21,0.813
1944-03-22,0.796
1944-03-23,0.792
1944-03-24,0.78
1944-03-25,0.768
1944-03-26,0.738
1944-03-27,0.738
1944-03-28,0.698
1944-03-29,0.659
1944-03-30,0.658
1944-03-31,0.688
1944-04-01,0.692
1944-04-02,0.675
1944-04-03,0.718
1944-04-04,0.912
1944-04-05,1.384
1944-04-06,2.691
1944-04-07,3.866
1944-04-08,4.305
1944-04-09,6.265
1944-04-10,7.474
1944-04-11,5.142
1944-04-12,3.818
1944-04-13,2.147
1944-04-14,1.04
1944-04-15,0.753
1944-04-16,0.704
1944-04-17,0.684
1944-04-18,0.635
1944-04-19,0.566
1944-04-20,0.558
1944-04-21,0.57
1944-04-22,0.653
1944-04-23,0.741
1944-04-24,0.749
1944-04-25,0.774
1944-04-26,0.75
1944-04-27,1.098
1944-04-28,2.41
1944-04-29,2.533
1944-04-30,2.882
1944-05-01,3.458
1944-05-02,6.28
1944-05-03,8.978
1944-05-04,15.078
1944-05-05,34.889
1944-05-06,70.038
1944-05-07,55.133
1944-05-08,35.733
1944-05-09,25.63
1944-05-10,32.662
1944-05-11,40.763
1944-05-12,61.377
1944-05-13,53.393
1944-05-14,29.875
1944-05-15,19.704
1944-05-16,11.718
1944-05-17,20.095
1944-05-18,36.848
1944-05-19,57.714
1944-05-20,96.249
1944-05-21,94.164
1944-05-22,57.958
1944-05-23,33.014
1944-05-24,12.709
1944-05-25,5.915
1944-05-26,1.747
1944-05-27,0.682
1944-05-28,0.872
1944-05-29,2.636
1944-05-30,4.25
1944-05-31,2.515
1944-06-01,5.323
1944-06-02,13.38
1944-06-03,17.639
1944-06-04,11.715
1944-06-05,6.255
1944-06-06,6.323
1944-06-07,4.973
1944-06-08,4.176
1944-06-09,1.557
1944-06-10,0.606
1944-06-11,0.549
1944-06-12,0.555
1944-06-13,0.49
1944-06-14,0.411
1944-06-15,0.408
1944-06-16,0.411
1944-06-17,0.42
1944-06-18,0.444
1944-06-19,0.425
1944-06-20,0.438
1944-06-21,0.437
1944-06-22,0.35
1944-06-23,0.345
1944-06-24,0.409
1944-06-25,0.675
1944-06-26,1.179
1944-06-27,1.612
1944-06-28,2.612
1944-06-29,4.494
1944-06-30,6.438
1944-07-01,11.235
1944-07-02,18.704
1944-07-03,33.242
1944-07-04,41.818
1944-07-05,26.591
1944-07-06,15.323
1944-07-07,12.069
1944-07-08,6.797
1944-07-09,2.096
1944-07-10,0.832
1944-07-11,0.958
1944-07-12,0.836
1944-07-13,0.485
1944-07-14,0.331
1944-07-15,0.27
1944-07-16,0.272
1944-07-17,0.39
1944-07-18,0.585
1944-07-19,0.892
1944-07-20,1.848
1944-07-21,3.499
1944-07-22,8.999
1944-07-23,12.151
1944-07-24,7.652
1944-07-25,7.474
1944-07-26,16.42
1944-07-27,16.928
1944-07-28,5.955
1944-07-29,1.169
1944-07-30,0.571
1944-07-31,0.966
1944-08-01,3.245
1944-08-02,4.598
1944-08-03,2.636
1944-08-04,3.913
1944-08-05,4.569
1944-08-06,6.367
1944-08-07,10.135
1944-08-08,11.667
1944-08-09,13.618
1944-08-10,8.709
1944-08-11,2.322
1944-08-12,0.538
1944-08-13,0.34
1944-08-14,0.341
1944-08-15,0.389
1944-08-16,0.398
1944-08-17,0.35
1944-08-18,0.382
1944-08-19,0.342
1944-08-20,0.371
1944-08-21,0.492
1944-08-22,0.582
1944-08-23,0.782
1944-08-24,0.938
1944-08-25,1.95
1944-08-26,2.697
1944-08-27,1.505
1944-08-28,0.503
1944-08-29,0.553
1944-08-30,0.475
1944-08-31,0.264
1944-09-01,0.184
1944-09-02,0.243
1944-09-03,0.22
1944-09-04,0.188
1944-09-05,0.17
1944-09-06,0.153
1944-09-07,0.159
1944-09-08,0.2
1944-09-09,0.197
1944-09-10,0.183
1944-09-11,0.212
1944-09-12,0.203
1944-09-13,0.199
1944-09-14,0.21
1944-09-15,0.21
1944-09-16,0.218
1944-09-17,0.189
1944-09-18,0.168
1944-09-19,0.188
1944-09-20,0.208
1944-09-21,0.231
1944-09-22,0.235
1944-09-23,0.318
1944-09-24,1.581
1944-09-25,3.13
1944-09-26,4.456
1944-09-27,6.583
1944-09-28,8.658
1944-09-29,8.947
1944-09-30,5.555
1944-10-01,2.062
1944-10-02,0.632
1944-10-03,0.249
1944-10-04,0.224
1944-10-05,0.229
1944-10-06,0.196
1944-10-07,0.164
1944-10-08,0.155
1944-10-09,0.218
1944-10-10,0.313
1944-10-11,0.272
1944-10-12,0.221
1944-10-13,0.19
1944-10-14,0.224
1944-10-15,0.295
1944-10-16,0.266
1944-10-17,0.233
1944-10-18,0.259
1944-10-19,0.308
1944-10-20,0.315
1944-10-21,0.338
1944-10-22,0.588
1944-10-23,0.83
1944-10-24,0.9
1944-10-25,0.988
1944-10-26,0.891
1944-10-27,0.674
1944-10-28,0.594
1944-10-29,0.592
1944-10-30,0.725
1944-10-31,0.486
1944-11-01,0.375
1944-11-02,0.45
1944-11-03,0.434
1944-11-04,0.472
1944-11-05,0.411
1944-11-06,0.425
1944-11-07,0.573
1944-11-08,0.863
1944-11-09,0.888
1944-11-10,1.25
1944-11-11,1.3
1944-11-12,1.042
1944-11-13,1.233
1944-11-14,1.158
1944-11-15,1.094
1944-11-16,0.599
1944-11-17,0.281
1944-11-18,0.18
1944-11-19,0.171
1944-11-20,0.203
1944-11-21,0.21
1944-11-22,0.215
1944-11-23,0.557
1944-11-24,1.366
1944-11-25,4.072
1944-11-26,11.234
1944-11-27,17.145
1944-11-28,19.361
1944-11-29,16.085
1944-11-30,14.513
1944-12-01,9.419
1944-12-02,5.937
1944-12-03,8.764
1944-12-04,10.93
1944-12-05,3.461
1944-12-06,0.977
1944-12-07,1.416
1944-12-08,2.732
1944-12-09,9.069
1944-12-10,12.066
1944-12-11,5.6
1944-12-12,2.115
1944-12-13,0.677
1944-12-14,0.314
1944-12-15,0.409
1944-12-16,0.522
1944-12-17,0.851
1944-12-18,0.928
1944-12-19,0.994
1944-12-20,1.068
1944-12-21,1.408
1944-12-22,2.265
1944-12-23,1.886
1944-12-24,2.114
1944-12-25,1.984
1944-12-26,2.686
1944-12-27,3.325
1944-12-28,3.109
1944-12-29,1.15
1944-12-30,0.526
1944-12-31,0.368
1945-01-01,0.304
1945-01-02,0.282
1945-01-03,0.217
1945-01-04,0.159
1945-01-05,0.148
1945-01-06,0.122
1945-01-07,0.091
1945-01-08,0.079
1945-01-09,0.07
1945-01-10,0.07
1945-01-11,0.073
1945-01-12,0.08
1945-01-13,0.072
1945-01-14,0.091
1945-01-15,0.265
1945-01-16,0.571
1945-01-17,0.92
1945-01-18,0.515
1945-01-19,0.299
1945-01-20,0.314
1945-01-21,0.198
1945-01-22,0.119
1945-01-23,0.096
1945-01-24,0.072
1945-01-25,0.075
1945-01-26,0.076
1945-01-27,0.075
1945-01-28,0.078
1945-01-29,0.068
1945-01-30,0.06
1945-01-31,0.05
1945-02-01,0.04
1945-02-02,0.048
1945-02-03,0.058
1945-02-04,0.053
1945-02-05,0.069
1945-02-06,0.08
1945-02-07,0.08
1945-02-08,0.086
1945-02-09,0.116
1945-02-10,0.145
1945-02-11,0.126
1945-02-12,0.28
1945-02-13,0.82
1945-02-14,1.175
1945-02-15,1.964
1945-02-16,2.579
1945-02-17,3.443
1945-02-18,4.414
1945-02-19,4.363
1945-02-20,2.344
1945-02-21,0.912
1945-02-22,0.302
1945-02-23,0.097
1945-02-24,0.057
1945-02-25,0.104
1945-02-26,0.415
1945-02-27,0.942
1945-02-28,1.776
1945-03-01,2.456
1945-03-02,2.928
1945-03-03,1.669
1945-03-04,0.775
1945-03-05,0.727
1945-03-06,0.756
1945-03-07,0.773
1945-03-08,0.359
1945-03-09,0.149
1945-03-10,0.13
1945-03-11,0.091
1945-03-12,0.073
1945-03-13,0.102
1945-03-14,0.234
1945-03-15,0.222
1945-03-16,0.188
1945-03-17,0.133
1945-03-18,0.139
1945-03-19,0.198
1945-03-20,0.188
1945-03-21,0.097
1945-03-22,0.038
1945-03-23,0.03
1945-03-24,0.043
1945-03-25,0.353
1945-03-26,1.57
1945-03-27,4.913
1945-03-28,4.932
1945-03-29,5.749
1945-03-30,6.998
1945-03-31,8.102
1945-04-01,6.897
1945-04-02,4.014
1945-04-03,1.38
1945-04-04,1.169
1945-04-05,1.468
1945-04-06,1.766
1945-04-07,1.831
1945-04-08,1.512
1945-04-09,2.487
1945-04-10,2.622
1945-04-11,0.945
1945-04-12,0.311
1945-04-13,0.14
1945-04-14,0.112
1945-04-15,0.131
1945-04-16,0.285
1945-04-17,0.323
1945-04-18,0.296
1945-04-19,0.357
1945-04-20,0.362
1945-04-21,0.252
1945-04-22,0.178
1945-04-23,0.249
1945-04-24,0.502
1945-04-25,0.831
1945-04-26,1.19
1945-04-27,1.371
1945-04-28,1.048
1945-04-29,1.853
1945-04-30,3.218
1945-05-01,2.828
1945-05-02,1.59
1945-05-03,0.849
1945-05-04,0.489
1945-05-05,0.416
1945-05-06,0.663
1945-05-07,1.287
1945-05-08,2.886
1945-05-09,5.606
1945-05-10,10.137
1945-05-11,29.363
1945-05-12,47.886
1945-05-13,64.461
1945-05-14,86.092
1945-05-15,61.248
1945-05-16,28.059
1945-05-17,14.386
1945-05-18,8.435
1945-05-19,10.723
1945-05-20,12.22
1945-05-21,7.921
1945-05-22,14.979
1945-05-23,31.751
1945-05-24,29.627
1945-05-25,26.215
1945-05-26,25.52
1945-05-27,13.614
1945-05-28,15.153
1945-05-29,33.433
1945-05-30,47.758
1945-05-31,68.42
1945-06-01,73.378
1945-06-02,61.738
1945-06-03,51.452
1945-06-04,54.594
1945-06-05,41.74
1945-06-06,60.122
1945-06-07,104.523
1945-06-08,86.689
1945-06-09,40.382
1945-06-10,17.892
1945-06-11,18.825
1945-06-12,14.182
1945-06-13,10.397
1945-06-14,13.331
1945-06-15,22.797
1945-06-16,19.478
1945-06-17,16.265
1945-06-18,13.604
1945-06-19,12.392
1945-06-20,12.565
1945-06-21,17.638
1945-06-22,21.888
1945-06-23,19.82
1945-06-24,16.65
1945-06-25,10.615
1945-06-26,9.062
1945-06-27,7.996
1945-06-28,5.149
1945-06-29,9.031
1945-06-30,8.913
1945-07-01,24.726
1945-07-02,35.898
1945-07-03,38.639
1945-07-04,39.271
1945-07-05,40.303
1945-07-06,46.56
1945-07-07,55.878
1945-07-08,50.738
1945-07-09,41.124
1945-07-10,38.145
1945-07-11,33.306
1945-07-12,27.665
1945-07-13,13.238
1945-07-14,8.794
1945-07-15,14.015
1945-07-16,31.334
1945-07-17,33.733
1945-07-18,29.956
1945-07-19,41.015
1945-07-20,35.21
1945-07-21,17.834
1945-07-22,6.46
1945-07-23,3.869
1945-07-24,3.856
1945-07-25,4.099
1945-07-26,4.185
1945-07-27,4.307
1945-07-28,5.185
1945-07-29,10.157
1945-07-30,22.493
1945-07-31,22.23
1945-08-01,22.218
1945-08-02,26.66
1945-08-03,27.363
1945-08-04,21.291
1945-08-05,28.421
1945-08-06,33.357
1945-08-07,24.37
1945-08-08,15.089
1945-08-09,26.857
1945-08-10,34.935
1945-08-11,34.479
1945-08-12,45.37
1945-08-13,40.631
1945-08-14,31.707
1945-08-15,16.339
1945-08-16,10.978
1945-08-17,11.086
1945-08-18,10.864
1945-08-19,10.755
1945-08-20,10.106
1945-08-21,9.419
1945-08-22,9.109
1945-08-23,8.927
1945-08-24,8.77
1945-08-25,8.638
1945-08-26,8.444
1945-08-27,8.252
1945-08-28,8.318
1945-08-29,8.405
1945-08-30,7.99
1945-08-31,7.753
1945-09-01,7.434
1945-09-02,7.158
1945-09-03,7.136
1945-09-04,6.908
1945-09-05,6.582
1945-09-06,6.311
1945-09-07,6.111
1945-09-08,5.928
1945-09-09,5.875
1945-09-10,5.843
1945-09-11,6.061
1945-09-12,6.282
1945-09-13,6.221
1945-09-14,6.145
1945-09-15,6.665
1945-09-16,6.448
1945-09-17,5.975
1945-09-18,4.951
1945-09-19,4.401
1945-09-20,4.237
1945-09-21,4.123
1945-09-22,3.993
1945-09-23,3.915
1945-09-24,3.882
1945-09-25,3.872
1945-09-26,4.248
1945-09-27,4.175
1945-09-28,3.918
1945-09-29,3.728
1945-09-30,3.576
1945-10-01,3.267
1945-10-02,3.12
1945-10-03,3.075
1945-10-04,3.059
1945-10-05,2.951
1945-10-06,2.834
1945-10-07,2.74
1945-10-08,2.665
1945-10-09,2.615
1945-10-10,2.567
1945-10-11,2.494
1945-10-12,2.441
1945-10-13,2.375
1945-10-14,2.385
1945-10-15,2.379
1945-10-16,2.367
1945-10-17,2.539
1945-10-18,2.917
1945-10-19,3.54
1945-10-20,3.895
1945-10-21,4.731
1945-10-22,4.89
1945-10-23,4.567
1945-10-24,4.021
1945-10-25,2.961
1945-10-26,2.21
1945-10-27,1.988
1945-10-28,1.943
1945-10-29,1.872
1945-10-30,1.8
1945-10-31,1.735
1945-11-01,1.691
1945-11-02,1.646
1945-11-03,1.6
1945-11-04,1.571
1945-11-05,1.614
1945-11-06,1.695
1945-11-07,1.76
1945-11-08,1.653
1945-11-09,1.557
1945-11-10,1.518
1945-11-11,1.488
1945-11-12,1.46
1945-11-13,1.5
1945-11-14,1.413
1945-11-15,1.33
1945-11-16,1.275
1945-11-17,1.244
1945-11-18,1.235
1945-11-19,1.182
1945-11-20,1.126
1945-11-21,1.105
1945-11-22,1.11
1945-11-23,1.126
1945-11-24,1.142
1945-11-25,1.154
1945-11-26,1.318
1945-11-27,1.411
1945-11-28,1.525
1945-11-29,1.519
1945-11-30,1.783
1945-12-01,2.563
1945-12-02,5.796
1945-12-03,10.421
1945-12-04,21.429
1945-12-05,31.715
1945-12-06,18.068
1945-12-07,10.368
1945-12-08,6.972
1945-12-09,6.719
1945-12-10,4.027
1945-12-11,1.548
1945-12-12,0.897
1945-12-13,0.808
1945-12-14,0.792
1945-12-15,0.775
1945-12-16,0.77
1945-12-17,0.761
1945-12-18,0.748
1945-12-19,0.731
1945-12-20,0.735
1945-12-21,0.739
1945-12-22,0.737
1945-12-23,0.74
1945-12-24,0.735
1945-12-25,0.709
1945-12-26,0.69
1945-12-27,0.68
1945-12-28,0.68
1945-12-29,0.68
1945-12-30,0.68
1945-12-31,0.68
1946-01-01,0.68
1946-01-02,0.666
1946-01-03,0.634
1946-01-04,0.62
1946-01-05,0.609
1946-01-06,0.589
1946-01-07,0.578
1946-01-08,0.59
1946-01-09,0.619
1946-01-10,0.635
1946-01-11,0.625
1946-01-12,0.584
1946-01-13,0.553
1946-01-14,0.554
1946-01-15,0.559
1946-01-16,0.556
1946-01-17,0.54
1946-01-18,0.53
1946-01-19,0.526
1946-01-20,0.518
1946-01-21,0.488
1946-01-22,0.48
1946-01-23,0.471
1946-01-24,0.47
1946-01-25,0.463
1946-01-26,0.45
1946-01-27,0.45
1946-01-28,0.444
1946-01-29,0.44
1946-01-30,0.436
1946-01-31,0.436
1946-02-01,0.43
1946-02-02,0.43
1946-02-03,0.437
1946-02-04,0.422
1946-02-05,0.409
1946-02-06,0.392
1946-02-07,0.38
1946-02-08,0.38
1946-02-09,0.373
1946-02-10,0.361
1946-02-11,0.36
1946-02-12,0.36
1946-02-13,0.356
1946-02-14,0.36
1946-02-15,0.354
1946-02-16,0.355
1946-02-17,0.36
1946-02-18,0.349
1946-02-19,0.33
1946-02-20,0.321
1946-02-21,0.33
1946-02-22,0.348
1946-02-23,0.344
1946-02-24,0.335
1946-02-25,0.33
1946-02-26,0.322
1946-02-27,0.303
1946-02-28,0.318
1946-03-01,0.323
1946-03-02,0.343
1946-03-03,0.353
1946-03-04,0.298
1946-03-05,0.275
1946-03-06,0.288
1946-03-07,0.272
1946-03-08,0.256
1946-03-09,0.26
1946-03-10,0.26
1946-03-11,0.259
1946-03-12,0.252
1946-03-13,0.284
1946-03-14,0.336
1946-03-15,0.378
1946-03-16,0.376
1946-03-17,0.329
1946-03-18,0.265
1946-03-19,0.27
1946-03-20,0.259
1946-03-21,0.24
1946-03-22,0.232
1946-03-23,0.22
1946-03-24,0.216
1946-03-25,0.201
1946-03-26,0.204
1946-03-27,0.21
1946-03-28,0.204
1946-03-29,0.193
1946-03-30,0.212
1946-03-31,0.215
1946-04-01,0.202
1946-04-02,0.19
1946-04-03,0.195
1946-04-04,0.222
1946-04-05,0.385
1946-04-06,0.501
1946-04-07,0.68
1946-04-08,0.999
1946-04-09,1.742
1946-04-10,1.982
1946-04-11,1.18
1946-04-12,0.553
1946-04-13,0.525
1946-04-14,1.118
1946-04-15,3.935
1946-04-16,2.65
1946-04-17,3.996
1946-04-18,5.173
1946-04-19,9.567
1946-04-20,31.555
1946-04-21,35.624
1946-04-22,26.008
1946-04-23,19.665
1946-04-24,18.404
1946-04-25,18.078
1946-04-26,11.692
1946-04-27,4.475
1946-04-28,2.024
1946-04-29,2.529
1946-04-30,3.369
1946-05-01,4.781
1946-05-02,4.673
1946-05-03,8.966
1946-05-04,14.895
1946-05-05,17.409
1946-05-06,16.749
1946-05-07,9.735
1946-05-08,9.132
1946-05-09,5.088
1946-05-10,1.529
1946-05-11,1.06
1946-05-12,1.663
1946-05-13,3.411
1946-05-14,6.106
1946-05-15,8.524
1946-05-16,17.156
1946-05-17,25.698
1946-05-18,33.96
1946-05-19,60.091
1946-05-20,57.137
1946-05-21,61.637
1946-05-22,51.92
1946-05-23,34.457
1946-05-24,17.086
1946-05-25,8.131
1946-05-26,2.311
1946-05-27,0.819
1946-05-28,0.765
1946-05-29,5.044
1946-05-30,12.985
1946-05-31,18.59
1946-06-01,16.723
1946-06-02,7.94
1946-06-03,6.431
1946-06-04,6.305
1946-06-05,4.682
1946-06-06,3.765
1946-06-07,8.458
1946-06-08,4.636
1946-06-09,5.844
1946-06-10,4.674
1946-06-11,10.298
1946-06-12,19.607
1946-06-13,30.267
1946-06-14,34.268
1946-06-15,43.803
1946-06-16,55.276
1946-06-17,61.572
1946-06-18,59.88
1946-06-19,35.716
1946-06-20,34.509
1946-06-21,41.457
1946-06-22,36.962
1946-06-23,31.605
1946-06-24,27.127
1946-06-25,24.591
1946-06-26,27.934
1946-06-27,39.829
1946-06-28,80.274
1946-06-29,94.886
1946-06-30,79.37
1946-07-01,45.338
1946-07-02,28.058
1946-07-03,17.542
1946-07-04,10.227
1946-07-05,5.072
1946-07-06,5.154
1946-07-07,8.472
1946-07-08,11.202
1946-07-09,18.27
1946-07-10,31.433
1946-07-11,42.07
1946-07-12,50.458
1946-07-13,65.562
1946-07-14,74.903
1946-07-15,69.62
1946-07-16,46.367
1946-07-17,31.689
1946-07-18,17.263
1946-07-19,8.912
1946-07-20,4.836
1946-07-21,3.871
1946-07-22,3.807
1946-07-23,3.524
1946-07-24,3.42
1946-07-25,3.437
1946-07-26,3.518
1946-07-27,3.587
1946-07-28,3.618
1946-07-29,3.59
1946-07-30,4.736
1946-07-31,6.563
1946-08-01,9.885
1946-08-02,12.368
1946-08-03,15.26
1946-08-04,20.058
1946-08-05,16.322
1946-08-06,8.059
1946-08-07,9.786
1946-08-08,16.841
1946-08-09,15.474
1946-08-10,14.701
1946-08-11,26.377
1946-08-12,37.768
1946-08-13,52.86
1946-08-14,48.872
1946-08-15,87.655
1946-08-16,99.978
1946-08-17,81.041
1946-08-18,69.027
1946-08-19,36.09
1946-08-20,28.31
1946-08-21,41.808
1946-08-22,54.074
1946-08-23,52.59
1946-08-24,57.21
1946-08-25,36.648
1946-08-26,18.241
1946-08-27,12.379
1946-08-28,10.263
1946-08-29,9.675
1946-08-30,9.526
1946-08-31,9.552
1946-09-01,10.424
1946-09-02,13.447
1946-09-03,17.98
1946-09-04,17.849
1946-09-05,28.732
1946-09-06,42.06
1946-09-07,45.632
1946-09-08,73.332
1946-09-09,104.602
1946-09-10,92.966
1946-09-11,64.675
1946-09-12,39.014
1946-09-13,20.284
1946-09-14,13.237
1946-09-15,13.329
1946-09-16,19.346
1946-09-17,30.32
1946-09-18,24.205
1946-09-19,18.349
1946-09-20,15.595
1946-09-21,11.945
1946-09-22,10.558
1946-09-23,10.205
1946-09-24,10.057
1946-09-25,9.808
1946-09-26,9.551
1946-09-27,9.349
1946-09-28,9.154
1946-09-29,8.958
1946-09-30,8.759
1946-10-01,8.608
1946-10-02,8.788
1946-10-03,9.65
1946-10-04,12.381
1946-10-05,15.235
1946-10-06,16.411
1946-10-07,17.14
1946-10-08,13.878
1946-10-09,10.792
1946-10-10,13.873
1946-10-11,22.509
1946-10-12,39.999
1946-10-13,48.952
1946-10-14,61.858
1946-10-15,94.39
1946-10-16,116.64
1946-10-17,122.908
1946-10-18,117.774
1946-10-19,90.553
1946-10-20,61.863
1946-10-21,42.574
1946-10-22,28.538
1946-10-23,17.912
1946-10-24,18.079
1946-10-25,27.238
1946-10-26,25.231
1946-10-27,17.717
1946-10-28,12.919
1946-10-29,11.681
1946-10-30,10.206
1946-10-31,8.149
1946-11-01,7.253
1946-11-02,7.115
1946-11-03,6.797
1946-11-04,6.637
1946-11-05,6.767
1946-11-06,6.899
1946-11-07,7.167
1946-11-08,8.484
1946-11-09,9.825
1946-11-10,12.611
1946-11-11,28.419
1946-11-12,48.562
1946-11-13,39.326
1946-11-14,28.912
1946-11-15,21.937
1946-11-16,14.51
1946-11-17,13.487
1946-11-18,12.447
1946-11-19,9.369
1946-11-20,8.127
1946-11-21,8.268
1946-11-22,9.792
1946-11-23,11.268
1946-11-24,9.782
1946-11-25,9.075
1946-11-26,8.584
1946-11-27,7.335
1946-11-28,7.295
1946-11-29,6.391
1946-11-30,6.188
1946-12-01,6.17
1946-12-02,6.368
1946-12-03,6.91
1946-12-04,7.99
1946-12-05,12.847
1946-12-06,19.778
1946-12-07,17.185
1946-12-08,13.397
1946-12-09,13.669
1946-12-10,13.884
1946-12-11,8.868
1946-12-12,7.098
1946-12-13,7.236
1946-12-14,7.804
1946-12-15,8.0
1946-12-16,8.569
1946-12-17,8.097
1946-12-18,5.835
1946-12-19,4.978
1946-12-20,4.711
1946-12-21,4.571
1946-12-22,4.447
1946-12-23,4.392
1946-12-24,4.34
1946-12-25,4.274
1946-12-26,4.223
1946-12-27,4.193
1946-12-28,4.162
1946-12-29,4.169
1946-12-30,4.235
1946-12-31,4.243
1947-01-01,4.251
1947-01-02,4.056
1947-01-03,3.908
1947-01-04,3.856
1947-01-05,3.806
1947-01-06,3.761
1947-01-07,3.787
1947-01-08,4.337
1947-01-09,7.902
1947-01-10,13.298
1947-01-11,14.724
1947-01-12,18.419
1947-01-13,18.837
1947-01-14,17.954
1947-01-15,15.6
1947-01-16,14.642
1947-01-17,19.344
1947-01-18,19.137
1947-01-19,16.759
1947-01-20,20.971
1947-01-21,20.335
1947-01-22,24.51
1947-01-23,41.927
1947-01-24,65.02
1947-01-25,48.576
1947-01-26,38.084
1947-01-27,31.093
1947-01-28,20.895
1947-01-29,10.921
1947-01-30,5.035
1947-01-31,3.51
1947-02-01,3.166
1947-02-02,3.109
1947-02-03,3.091
1947-02-04,3.104
1947-02-05,3.039
1947-02-06,3.045
1947-02-07,3.109
1947-02-08,3.161
1947-02-09,3.212
1947-02-10,3.55
1947-02-11,4.263
1947-02-12,6.768
1947-02-13,15.214
1947-02-14,27.057
1947-02-15,36.778
1947-02-16,26.262
1947-02-17,14.93
1947-02-18,27.431
1947-02-19,49.346
1947-02-20,60.374
1947-02-21,36.934
1947-02-22,16.896
1947-02-23,13.644
1947-02-24,14.085
1947-02-25,7.061
1947-02-26,6.864
1947-02-27,13.256
1947-02-28,38.077
1947-03-01,53.447
1947-03-02,38.661
1947-03-03,37.462
1947-03-04,58.593
1947-03-05,78.062
1947-03-06,81.999
1947-03-07,92.125
1947-03-08,102.066
1947-03-09,87.276
1947-03-10,65.015
1947-03-11,70.315
1947-03-12,65.098
1947-03-13,45.183
1947-03-14,37.692
1947-03-15,39.118
1947-03-16,48.098
1947-03-17,59.788
1947-03-18,88.337
1947-03-19,94.796
1947-03-20,91.663
1947-03-21,87.845
1947-03-22,64.741
1947-03-23,58.05
1947-03-24,58.395
1947-03-25,62.578
1947-03-26,75.148
1947-03-27,132.502
1947-03-28,153.925
1947-03-29,166.893
1947-03-30,161.014
1947-03-31,130.754
1947-04-01,106.28
1947-04-02,99.415
1947-04-03,150.731
1947-04-04,231.091
1947-04-05,297.489
1947-04-06,306.222
1947-04-07,197.42
1947-04-08,122.223
1947-04-09,102.786
1947-04-10,92.7
1947-04-11,89.745
1947-04-12,96.624
1947-04-13,140.792
1947-04-14,172.484
1947-04-15,180.949
1947-04-16,207.721
1947-04-17,241.03
1947-04-18,296.717
1947-04-19,305.192
1947-04-20,269.926
1947-04-21,223.092
1947-04-22,183.478
1947-04-23,167.06
1947-04-24,205.681
1947-04-25,282.265
1947-04-26,303.557
1947-04-27,294.584
1947-04-28,254.456
1947-04-29,192.617
1947-04-30,130.072
1947-05-01,104.368
1947-05-02,84.039
1947-05-03,72.853
1947-05-04,77.542
1947-05-05,82.602
1947-05-06,111.124
1947-05-07,169.425
1947-05-08,188.617
1947-05-09,199.493
1947-05-10,198.098
1947-05-11,231.448
1947-05-12,204.283
1947-05-13,141.758
1947-05-14,118.53
1947-05-15,181.28
1947-05-16,187.314
1947-05-17,108.328
1947-05-18,87.009
1947-05-19,74.099
1947-05-20,71.611
1947-05-21,76.29
1947-05-22,94.79
1947-05-23,119.448
1947-05-24,121.111
1947-05-25,105.863
1947-05-26,93.308
1947-05-27,86.277
1947-05-28,86.279
1947-05-29,100.791
1947-05-30,121.7
1947-05-31,177.507
1947-06-01,254.8
1947-06-02,262.09
1947-06-03,247.141
1947-06-04,298.909
1947-06-05,275.911
1947-06-06,263.143
1947-06-07,237.775
1947-06-08,205.585
1947-06-09,150.382
1947-06-10,118.819
1947-06-11,102.859
1947-06-12,102.435
1947-06-13,110.475
1947-06-14,108.924
1947-06-15,99.665
1947-06-16,92.949
1947-06-17,88.67
1947-06-18,86.24
1947-06-19,83.389
1947-06-20,80.666
1947-06-21,78.334
1947-06-22,75.839
1947-06-23,73.358
1947-06-24,71.631
1947-06-25,71.616
1947-06-26,72.535
1947-06-27,72.232
1947-06-28,70.952
1947-06-29,67.052
1947-06-30,63.823
1947-07-01,60.364
1947-07-02,59.197
1947-07-03,60.361
1947-07-04,58.972
1947-07-05,62.588
1947-07-06,79.538
1947-07-07,90.291
1947-07-08,100.98
1947-07-09,119.224
1947-07-10,108.162
1947-07-11,88.652
1947-07-12,76.931
1947-07-13,74.039
1947-07-14,81.806
1947-07-15,87.606
1947-07-16,82.876
1947-07-17,72.28
1947-07-18,71.737
1947-07-19,94.79
1947-07-20,89.18
1947-07-21,82.362
1947-07-22,83.715
1947-07-23,104.951
1947-07-24,114.025
1947-07-25,98.035
1947-07-26,82.055
1947-07-27,78.022
1947-07-28,78.728
1947-07-29,73.838
1947-07-30,72.134
1947-07-31,79.392
1947-08-01,96.087
1947-08-02,106.47
1947-08-03,99.781
1947-08-04,113.244
1947-08-05,105.298
1947-08-06,95.879
1947-08-07,79.648
1947-08-08,74.224
1947-08-09,67.812
1947-08-10,63.698
1947-08-11,62.168
1947-08-12,62.796
1947-08-13,70.817
1947-08-14,81.265
1947-08-15,77.766
1947-08-16,84.534
1947-08-17,84.466
1947-08-18,81.455
1947-08-19,82.518
1947-08-20,91.792
1947-08-21,100.761
1947-08-22,98.77
1947-08-23,112.453
1947-08-24,159.212
1947-08-25,173.197
1947-08-26,164.053
1947-08-27,141.664
1947-08-28,136.259
1947-08-29,129.233
1947-08-30,107.578
1947-08-31,97.828
1947-09-01,97.59
1947-09-02,97.942
1947-09-03,107.648
1947-09-04,112.059
1947-09-05,115.655
1947-09-06,98.083
1947-09-07,86.767
1947-09-08,82.79
1947-09-09,82.259
1947-09-10,75.525
1947-09-11,71.558
1947-09-12,70.532
1947-09-13,68.88
1947-09-14,66.089
1947-09-15,64.027
1947-09-16,62.362
1947-09-17,60.967
1947-09-18,60.099
1947-09-19,58.394
1947-09-20,56.975
1947-09-21,54.613
1947-09-22,53.273
1947-09-23,51.166
1947-09-24,49.039
1947-09-25,47.397
1947-09-26,45.961
1947-09-27,44.665
1947-09-28,44.149
1947-09-29,45.957
1947-09-30,48.887
1947-10-01,50.435
1947-10-02,46.832
1947-10-03,42.651
1947-10-04,39.133
1947-10-05,36.282
1947-10-06,34.801
1947-10-07,33.744
1947-10-08,32.719
1947-10-09,31.794
1947-10-10,30.963
1947-10-11,30.091
1947-10-12,29.254
1947-10-13,28.486
1947-10-14,27.771
1947-10-15,27.096
1947-10-16,26.401
1947-10-17,25.772
1947-10-18,25.158
1947-10-19,24.587
1947-10-20,24.077
1947-10-21,23.596
1947-10-22,23.156
1947-10-23,22.755
1947-10-24,22.28
1947-10-25,21.588
1947-10-26,20.965
1947-10-27,20.395
1947-10-28,19.853
1947-10-29,19.35
1947-10-30,18.88
1947-10-31,18.465
1947-11-01,18.047
1947-11-02,17.602
1947-11-03,17.214
1947-11-04,16.879
1947-11-05,16.601
1947-11-06,16.27
1947-11-07,15.867
1947-11-08,15.56
1947-11-09,15.334
1947-11-10,15.06
1947-11-11,14.786
1947-11-12,14.632
1947-11-13,14.604
1947-11-14,14.475
1947-11-15,14.069
1947-11-16,13.741
1947-11-17,13.592
1947-11-18,13.308
1947-11-19,12.979
1947-11-20,12.763
1947-11-21,12.296
1947-11-22,11.86
1947-11-23,11.604
1947-11-24,11.454
1947-11-25,11.437
1947-11-26,11.388
1947-11-27,11.483
1947-11-28,11.146
1947-11-29,10.883
1947-11-30,10.77
1947-12-01,10.864
1947-12-02,10.704
1947-12-03,10.997
1947-12-04,12.692
1947-12-05,16.652
1947-12-06,24.698
1947-12-07,31.4
1947-12-08,32.785
1947-12-09,39.508
1947-12-10,33.229
1947-12-11,24.948
1947-12-12,18.744
1947-12-13,13.829
1947-12-14,11.161
1947-12-15,9.92
1947-12-16,9.091
1947-12-17,8.828
1947-12-18,8.53
1947-12-19,8.398
1947-12-20,8.425
1947-12-21,8.233
1947-12-22,7.974
1947-12-23,7.765
1947-12-24,7.61
1947-12-25,7.555
1947-12-26,7.448
1947-12-27,7.329
1947-12-28,7.186
1947-12-29,7.073
1947-12-30,7.059
1947-12-31,7.037
1948-01-01,6.923
1948-01-02,6.82
1948-01-03,6.683
1948-01-04,6.578
1948-01-05,6.547
1948-01-06,6.596
1948-01-07,6.458
1948-01-08,6.315
1948-01-09,6.207
1948-01-10,6.237
1948-01-11,6.349
1948-01-12,6.297
1948-01-13,6.115
1948-01-14,5.889
1948-01-15,5.713
1948-01-16,5.613
1948-01-17,5.539
1948-01-18,5.482
1948-01-19,5.397
1948-01-20,5.32
1948-01-21,5.225
1948-01-22,5.281
1948-01-23,5.26
1948-01-24,5.185
1948-01-25,5.376
1948-01-26,5.531
1948-01-27,5.159
1948-01-28,5.06
1948-01-29,5.31
1948-01-30,5.988
1948-01-31,6.839
1948-02-01,7.512
1948-02-02,7.632
1948-02-03,8.916
1948-02-04,9.14
1948-02-05,7.178
1948-02-06,5.732
1948-02-07,5.326
1948-02-08,4.96
1948-02-09,5.803
1948-02-10,6.813
1948-02-11,6.083
1948-02-12,10.004
1948-02-13,15.982
1948-02-14,16.643
1948-02-15,13.109
1948-02-16,13.41
1948-02-17,18.591
1948-02-18,15.561
1948-02-19,7.995
1948-02-20,4.915
1948-02-21,4.295
1948-02-22,4.148
1948-02-23,3.975
1948-02-24,3.87
1948-02-25,3.958
1948-02-26,4.179
1948-02-27,4.475
1948-02-28,4.517
1948-02-29,4.417
1948-03-01,4.43
1948-03-02,4.245
1948-03-03,4.111
1948-03-04,3.878
1948-03-05,3.637
1948-03-06,3.561
1948-03-07,3.477
1948-03-08,3.709
1948-03-09,4.622
1948-03-10,8.632
1948-03-11,10.982
1948-03-12,13.489
1948-03-13,10.13
1948-03-14,12.39
1948-03-15,15.226
1948-03-16,17.257
1948-03-17,13.484
1948-03-18,14.949
1948-03-19,11.693
1948-03-20,8.63
1948-03-21,8.609
1948-03-22,9.258
1948-03-23,7.215
1948-03-24,3.84
1948-03-25,2.829
1948-03-26,2.691
1948-03-27,2.638
1948-03-28,2.613
1948-03-29,2.769
1948-03-30,3.162
1948-03-31,3.697
1948-04-01,4.36
1948-04-02,4.552
1948-04-03,4.111
1948-04-04,3.883
1948-04-05,3.204
1948-04-06,2.722
1948-04-07,2.632
1948-04-08,2.6
1948-04-09,2.609
1948-04-10,2.699
1948-04-11,2.765
1948-04-12,2.503
1948-04-13,2.34
1948-04-14,2.25
1948-04-15,2.204
1948-04-16,2.145
1948-04-17,2.129
1948-04-18,2.128
1948-04-19,2.118
1948-04-20,2.31
1948-04-21,2.635
1948-04-22,3.134
1948-04-23,3.433
1948-04-24,4.202
1948-04-25,5.126
1948-04-26,6.009
1948-04-27,7.67
1948-04-28,14.078
1948-04-29,27.727
1948-04-30,35.667
1948-05-01,29.574
1948-05-02,22.835
1948-05-03,10.645
1948-05-04,5.449
1948-05-05,4.36
1948-05-06,6.667
1948-05-07,11.555
1948-05-08,14.048
1948-05-09,16.701
1948-05-10,14.427
1948-05-11,11.854
1948-05-12,12.802
1948-05-13,11.109
1948-05-14,12.692
1948-05-15,15.771
1948-05-16,29.581
1948-05-17,25.112
1948-05-18,38.311
1948-05-19,31.23
1948-05-20,21.822
1948-05-21,16.849
1948-05-22,6.952
1948-05-23,2.613
1948-05-24,1.812
1948-05-25,1.811
1948-05-26,2.408
1948-05-27,4.285
1948-05-28,6.22
1948-05-29,4.243
1948-05-30,4.408
1948-05-31,9.271
1948-06-01,17.859
1948-06-02,19.011
1948-06-03,18.109
1948-06-04,11.774
1948-06-05,7.438
1948-06-06,3.661
1948-06-07,2.858
1948-06-08,5.3
1948-06-09,8.348
1948-06-10,8.861
1948-06-11,21.578
1948-06-12,44.338
1948-06-13,46.893
1948-06-14,40.423
1948-06-15,34.982
1948-06-16,31.365
1948-06-17,29.448
1948-06-18,36.942
1948-06-19,40.795
1948-06-20,58.347
1948-06-21,85.451
1948-06-22,92.568
1948-06-23,90.271
1948-06-24,80.567
1948-06-25,84.952
1948-06-26,75.472
1948-06-27,59.748
1948-06-28,47.038
1948-06-29,54.505
1948-06-30,76.058
1948-07-01,76.913
1948-07-02,71.765
1948-07-03,60.616
1948-07-04,56.168
1948-07-05,34.615
1948-07-06,22.434
1948-07-07,13.052
1948-07-08,11.852
1948-07-09,11.957
1948-07-10,16.333
1948-07-11,21.63
1948-07-12,36.785
1948-07-13,36.823
1948-07-14,41.24
1948-07-15,40.056
1948-07-16,42.918
1948-07-17,44.615
1948-07-18,38.984
1948-07-19,36.335
1948-07-20,36.102
1948-07-21,51.851
1948-07-22,65.281
1948-07-23,60.686
1948-07-24,44.396
1948-07-25,56.59
1948-07-26,83.032
1948-07-27,106.211
1948-07-28,88.745
1948-07-29,65.689
1948-07-30,45.237
1948-07-31,30.218
1948-08-01,43.35
1948-08-02,76.536
1948-08-03,85.013
1948-08-04,95.418
1948-08-05,121.059
1948-08-06,167.128
1948-08-07,241.101
1948-08-08,236.07
1948-08-09,222.559
1948-08-10,202.03
1948-08-11,194.61
1948-08-12,198.738
1948-08-13,219.815
1948-08-14,240.115
1948-08-15,203.263
1948-08-16,214.5
1948-08-17,241.03
1948-08-18,260.477
1948-08-19,256.199
1948-08-20,258.368
1948-08-21,247.514
1948-08-22,227.514
1948-08-23,270.56
1948-08-24,231.841
1948-08-25,168.492
1948-08-26,140.507
1948-08-27,125.484
1948-08-28,120.177
1948-08-29,106.455
1948-08-30,98.885
1948-08-31,94.507
1948-09-01,90.81
1948-09-02,87.521
1948-09-03,84.376
1948-09-04,82.78
1948-09-05,85.089
1948-09-06,85.33
1948-09-07,86.416
1948-09-08,86.095
1948-09-09,94.972
1948-09-10,96.143
1948-09-11,89.342
1948-09-12,83.094
1948-09-13,73.256
1948-09-14,66.326
1948-09-15,63.072
1948-09-16,60.657
1948-09-17,60.639
1948-09-18,60.72
1948-09-19,57.438
1948-09-20,51.388
1948-09-21,48.403
1948-09-22,47.69
1948-09-23,53.666
1948-09-24,66.427
1948-09-25,81.862
1948-09-26,162.834
1948-09-27,234.827
1948-09-28,170.465
1948-09-29,119.807
1948-09-30,79.268
1948-10-01,49.082
1948-10-02,39.937
1948-10-03,37.465
1948-10-04,35.912
1948-10-05,34.728
1948-10-06,33.927
1948-10-07,33.896
1948-10-08,37.53
1948-10-09,46.602
1948-10-10,54.362
1948-10-11,70.622
1948-10-12,90.587
1948-10-13,92.719
1948-10-14,78.404
1948-10-15,48.48
1948-10-16,36.639
1948-10-17,34.564
1948-10-18,30.243
1948-10-19,32.213
1948-10-20,45.148
1948-10-21,65.63
1948-10-22,78.862
1948-10-23,85.25
1948-10-24,92.82
1948-10-25,93.012
1948-10-26,95.587
1948-10-27,122.952
1948-10-28,134.711
1948-10-29,134.417
1948-10-30,147.671
1948-10-31,144.265
1948-11-01,105.32
1948-11-02,101.604
1948-11-03,74.318
1948-11-04,57.912
1948-11-05,55.334
1948-11-06,44.929
1948-11-07,36.775
1948-11-08,34.286
1948-11-09,34.358
1948-11-10,33.769
1948-11-11,32.983
1948-11-12,32.467
1948-11-13,32.192
1948-11-14,31.827
1948-11-15,31.342
1948-11-16,30.73
1948-11-17,30.232
1948-11-18,29.827
1948-11-19,29.523
1948-11-20,29.367
1948-11-21,29.155
1948-11-22,29.537
1948-11-23,30.155
1948-11-24,30.092
1948-11-25,29.385
1948-11-26,29.399
1948-11-27,31.186
1948-11-28,31.355
1948-11-29,28.078
1948-11-30,26.79
1948-12-01,26.135
1948-12-02,25.494
1948-12-03,24.911
1948-12-04,24.433
1948-12-05,23.898
1948-12-06,23.35
1948-12-07,22.726
1948-12-08,22.267
1948-12-09,21.952
1948-12-10,21.738
1948-12-11,21.533
1948-12-12,21.166
1948-12-13,20.681
1948-12-14,20.31
1948-12-15,20.041
1948-12-16,19.839
1948-12-17,19.689
1948-12-18,19.437
1948-12-19,19.08
1948-12-20,18.7
1948-12-21,18.362
1948-12-22,18.185
1948-12-23,18.038
1948-12-24,18.04
1948-12-25,18.111
1948-12-26,17.867
1948-12-27,17.656
1948-12-28,18.051
1948-12-29,16.85
1948-12-30,16.008
1948-12-31,15.667
1949-01-01,15.341
1949-01-02,14.81
1949-01-03,13.119
1949-01-04,10.516
1949-01-05,8.887
1949-01-06,11.882
1949-01-07,15.595
1949-01-08,16.857
1949-01-09,16.866
1949-01-10,16.7
1949-01-11,16.432
1949-01-12,16.132
1949-01-13,15.878
1949-01-14,15.629
1949-01-15,15.415
1949-01-16,15.208
1949-01-17,14.979
1949-01-18,14.803
1949-01-19,14.635
1949-01-20,14.484
1949-01-21,14.2
1949-01-22,13.878
1949-01-23,13.618
1949-01-24,13.416
1949-01-25,13.295
1949-01-26,13.124
1949-01-27,12.891
1949-01-28,12.706
1949-01-29,12.497
1949-01-30,12.338
1949-01-31,12.326
1949-02-01,13.017
1949-02-02,15.308
1949-02-03,16.255
1949-02-04,14.54
1949-02-05,13.933
1949-02-06,13.18
1949-02-07,12.468
1949-02-08,11.635
1949-02-09,10.995
1949-02-10,10.628
1949-02-11,10.351
1949-02-12,10.147
1949-02-13,9.992
1949-02-14,9.849
1949-02-15,9.79
1949-02-16,10.036
1949-02-17,10.175
1949-02-18,9.958
1949-02-19,9.979
1949-02-20,10.215
1949-02-21,10.677
1949-02-22,10.366
1949-02-23,10.016
1949-02-24,10.006
1949-02-25,9.477
1949-02-26,8.841
1949-02-27,8.426
1949-02-28,8.084
1949-03-01,7.865
1949-03-02,7.767
1949-03-03,7.746
1949-03-04,7.628
1949-03-05,7.519
1949-03-06,7.396
1949-03-07,7.208
1949-03-08,7.147
1949-03-09,7.289
1949-03-10,7.619
1949-03-11,7.683
1949-03-12,7.638
1949-03-13,7.485
1949-03-14,7.817
1949-03-15,7.86
1949-03-16,7.637
1949-03-17,7.359
1949-03-18,7.049
1949-03-19,6.813
1949-03-20,6.48
1949-03-21,6.436
1949-03-22,6.448
1949-03-23,6.207
1949-03-24,5.912
1949-03-25,5.735
1949-03-26,5.652
1949-03-27,5.57
1949-03-28,5.498
1949-03-29,5.446
1949-03-30,5.641
1949-03-31,15.508
1949-04-01,34.663
1949-04-02,67.546
1949-04-03,92.441
1949-04-04,80.866
1949-04-05,87.8
1949-04-06,95.145
1949-04-07,75.255
1949-04-08,46.14
1949-04-09,31.201
1949-04-10,32.496
1949-04-11,56.679
1949-04-12,119.619
1949-04-13,140.867
1949-04-14,133.075
1949-04-15,153.097
1949-04-16,151.669
1949-04-17,166.5
1949-04-18,225.869
1949-04-19,225.859
1949-04-20,151.979
1949-04-21,86.651
1949-04-22,38.406
1949-04-23,20.88
1949-04-24,41.302
1949-04-25,63.766
1949-04-26,84.979
1949-04-27,105.432
1949-04-28,127.393
1949-04-29,156.99
1949-04-30,159.782
1949-05-01,135.212
1949-05-02,111.622
1949-05-03,94.013
1949-05-04,117.864
1949-05-05,156.247
1949-05-06,145.047
1949-05-07,112.996
1949-05-08,86.046
1949-05-09,53.158
1949-05-10,35.422
1949-05-11,41.459
1949-05-12,71.863
1949-05-13,91.101
1949-05-14,102.95
1949-05-15,114.872
1949-05-16,112.891
1949-05-17,129.251
1949-05-18,132.633
1949-05-19,118.095
1949-05-20,125.735
1949-05-21,144.712
1949-05-22,164.729
1949-05-23,159.075
1949-05-24,134.61
1949-05-25,137.678
1949-05-26,127.882
1949-05-27,121.328
1949-05-28,168.105
1949-05-29,186.302
1949-05-30,237.515
1949-05-31,275.107
1949-06-01,280.832
1949-06-02,292.471
1949-06-03,289.39
1949-06-04,313.019
1949-06-05,331.035
1949-06-06,291.264
1949-06-07,301.193
1949-06-08,304.885
1949-06-09,313.868
1949-06-10,338.165
1949-06-11,264.206
1949-06-12,194.155
1949-06-13,166.388
1949-06-14,163.25
1949-06-15,161.938
1949-06-16,164.886
1949-06-17,160.612
1949-06-18,163.177
1949-06-19,178.652
1949-06-20,174.634
1949-06-21,166.652
1949-06-22,169.562
1949-06-23,187.701
1949-06-24,206.922
1949-06-25,226.718
1949-06-26,240.052
1949-06-27,232.346
1949-06-28,223.074
1949-06-29,216.59
1949-06-30,181.732
1949-07-01,153.49
1949-07-02,141.939
1949-07-03,145.612
1949-07-04,163.141
1949-07-05,169.154
1949-07-06,202.988
1949-07-07,225.987
1949-07-08,206.364
1949-07-09,195.074
1949-07-10,195.592
1949-07-11,219.062
1949-07-12,262.438
1949-07-13,277.055
1949-07-14,279.409
1949-07-15,315.874
1949-07-16,345.619
1949-07-17,355.358
1949-07-18,301.381
1949-07-19,297.34
1949-07-20,302.684
1949-07-21,279.688
1949-07-22,232.756
1949-07-23,243.835
1949-07-24,241.806
1949-07-25,234.731
1949-07-26,231.55
1949-07-27,230.416
1949-07-28,230.419
1949-07-29,240.969
1949-07-30,238.952
1949-07-31,232.122
1949-08-01,231.18
1949-08-02,227.456
1949-08-03,224.189
1949-08-04,215.432
1949-08-05,208.628
1949-08-06,208.414
1949-08-07,207.243
1949-08-08,202.378
1949-08-09,197.822
1949-08-10,208.011
1949-08-11,225.574
1949-08-12,221.772
1949-08-13,202.384
1949-08-14,199.946
1949-08-15,197.843
1949-08-16,187.293
1949-08-17,189.545
1949-08-18,187.047
1949-08-19,186.106
1949-08-20,190.865
1949-08-21,186.787
1949-08-22,198.446
1949-08-23,232.669
1949-08-24,212.632
1949-08-25,175.431
1949-08-26,155.699
1949-08-27,158.748
1949-08-28,188.938
1949-08-29,191.553
1949-08-30,193.784
1949-08-31,187.269
1949-09-01,227.848
1949-09-02,227.511
1949-09-03,227.408
1949-09-04,186.83
1949-09-05,175.704
1949-09-06,200.685
1949-09-07,232.74
1949-09-08,257.194
1949-09-09,257.441
1949-09-10,246.662
1949-09-11,247.862
1949-09-12,257.299
1949-09-13,259.976
1949-09-14,276.778
1949-09-15,307.278
1949-09-16,273.447
1949-09-17,255.003
1949-09-18,254.821
1949-09-19,249.225
1949-09-20,261.925
1949-09-21,259.122
1949-09-22,272.3
1949-09-23,271.94
1949-09-24,276.829
1949-09-25,302.206
1949-09-26,291.2
1949-09-27,279.621
1949-09-28,290.64
1949-09-29,288.602
1949-09-30,226.562
1949-10-01,185.222
1949-10-02,178.605
1949-10-03,187.326
1949-10-04,192.249
1949-10-05,179.122
1949-10-06,167.846
1949-10-07,157.623
1949-10-08,149.479
1949-10-09,144.973
1949-10-10,141.63
1949-10-11,138.337
1949-10-12,134.984
1949-10-13,132.288
1949-10-14,133.182
1949-10-15,136.395
1949-10-16,128.6
1949-10-17,123.721
1949-10-18,119.658
1949-10-19,113.88
1949-10-20,110.062
1949-10-21,107.082
1949-10-22,104.302
1949-10-23,101.722
1949-10-24,99.075
1949-10-25,96.506
1949-10-26,94.153
1949-10-27,92.194
1949-10-28,90.51
1949-10-29,88.439
1949-10-30,86.783
1949-10-31,84.866
1949-11-01,81.968
1949-11-02,79.222
1949-11-03,77.009
1949-11-04,75.19
1949-11-05,73.403
1949-11-06,71.678
1949-11-07,70.064
1949-11-08,68.517
1949-11-09,67.006
1949-11-10,65.221
1949-11-11,63.624
1949-11-12,62.145
1949-11-13,60.944
1949-11-14,59.974
1949-11-15,59.085
1949-11-16,57.846
1949-11-17,56.557
1949-11-18,55.167
1949-11-19,54.049
1949-11-20,54.538
1949-11-21,54.025
1949-11-22,52.312
1949-11-23,50.631
1949-11-24,49.597
1949-11-25,49.137
1949-11-26,48.865
1949-11-27,48.182
1949-11-28,48.268
1949-11-29,48.352
1949-11-30,46.461
1949-12-01,45.238
1949-12-02,44.104
1949-12-03,43.212
1949-12-04,42.768
1949-12-05,42.945
1949-12-06,46.495
1949-12-07,51.448
1949-12-08,49.873
1949-12-09,47.366
1949-12-10,43.288
1949-12-11,39.151
1949-12-12,37.702
1949-12-13,36.154
1949-12-14,34.938
1949-12-15,34.335
1949-12-16,33.829
1949-12-17,33.339
1949-12-18,32.887
1949-12-19,32.867
1949-12-20,33.098
1949-12-21,32.989
1949-12-22,32.931
1949-12-23,34.391
1949-12-24,33.34
1949-12-25,30.897
1949-12-26,30.226
1949-12-27,30.017
1949-12-28,30.015
1949-12-29,29.496
1949-12-30,28.294
1949-12-31,27.523
1950-01-01,27.454
1950-01-02,27.811
1950-01-03,27.228
1950-01-04,26.512
1950-01-05,25.826
1950-01-06,25.21
1950-01-07,24.652
1950-01-08,24.131
1950-01-09,23.594
1950-01-10,23.182
1950-01-11,22.825
1950-01-12,22.515
1950-01-13,22.138
1950-01-14,21.785
1950-01-15,21.626
1950-01-16,21.435
1950-01-17,21.291
1950-01-18,21.085
1950-01-19,20.77
1950-01-20,20.397
1950-01-21,20.324
1950-01-22,20.317
1950-01-23,20.564
1950-01-24,20.125
1950-01-25,19.452
1950-01-26,18.792
1950-01-27,18.34
1950-01-28,17.927
1950-01-29,17.718
1950-01-30,18.22
1950-01-31,19.136
1950-02-01,18.587
1950-02-02,19.718
1950-02-03,22.08
1950-02-04,19.565
1950-02-05,17.242
1950-02-06,16.947
1950-02-07,19.989
1950-02-08,30.537
1950-02-09,30.669
1950-02-10,34.553
1950-02-11,40.546
1950-02-12,43.278
1950-02-13,27.67
1950-02-14,16.643
1950-02-15,14.082
1950-02-16,13.642
1950-02-17,13.45
1950-02-18,13.335
1950-02-19,13.13
1950-02-20,12.902
1950-02-21,12.702
1950-02-22,12.501
1950-02-23,12.302
1950-02-24,12.119
1950-02-25,12.016
1950-02-26,11.872
1950-02-27,11.66
1950-02-28,11.469
1950-03-01,11.285
1950-03-02,11.156
1950-03-03,11.116
1950-03-04,11.062
1950-03-05,10.877
1950-03-06,10.645
1950-03-07,10.487
1950-03-08,10.527
1950-03-09,11.242
1950-03-10,12.683
1950-03-11,13.672
1950-03-12,12.435
1950-03-13,12.153
1950-03-14,14.203
1950-03-15,23.02
1950-03-16,38.779
1950-03-17,51.476
1950-03-18,64.213
1950-03-19,83.932
1950-03-20,94.858
1950-03-21,97.198
1950-03-22,90.589
1950-03-23,111.658
1950-03-24,120.114
1950-03-25,74.72
1950-03-26,89.915
1950-03-27,98.039
1950-03-28,83.244
1950-03-29,60.27
1950-03-30,69.994
1950-03-31,62.742
1950-04-01,36.215
1950-04-02,20.722
1950-04-03,16.427
1950-04-04,11.208
1950-04-05,9.99
1950-04-06,10.901
1950-04-07,12.39
1950-04-08,15.942
1950-04-09,24.179
1950-04-10,29.412
1950-04-11,43.012
1950-04-12,69.388
1950-04-13,81.028
1950-04-14,108.098
1950-04-15,128.902
1950-04-16,96.132
1950-04-17,92.395
1950-04-18,118.992
1950-04-19,112.553
1950-04-20,129.263
1950-04-21,345.734
1950-04-22,781.903
1950-04-23,419.354
1950-04-24,151.764
1950-04-25,122.538
1950-04-26,180.592
1950-04-27,227.678
1950-04-28,179.163
1950-04-29,130.424
1950-04-30,118.555
1950-05-01,126.662
1950-05-02,206.433
1950-05-03,293.48
1950-05-04,338.138
1950-05-05,292.163
1950-05-06,262.212
1950-05-07,197.264
1950-05-08,155.679
1950-05-09,119.514
1950-05-10,114.264
1950-05-11,121.351
1950-05-12,148.531
1950-05-13,202.875
1950-05-14,230.043
1950-05-15,191.233
1950-05-16,179.1
1950-05-17,231.882
1950-05-18,238.345
1950-05-19,225.456
1950-05-20,257.483
1950-05-21,299.223
1950-05-22,380.671
1950-05-23,435.287
1950-05-24,425.84
1950-05-25,386.749
1950-05-26,311.06
1950-05-27,422.582
1950-05-28,550.267
1950-05-29,401.754
1950-05-30,278.43
1950-05-31,274.21
1950-06-01,271.653
1950-06-02,230.843
1950-06-03,204.44
1950-06-04,193.806
1950-06-05,193.4
1950-06-06,198.694
1950-06-07,200.54
1950-06-08,217.613
1950-06-09,273.531
1950-06-10,285.398
1950-06-11,274.855
1950-06-12,244.428
1950-06-13,278.119
1950-06-14,298.383
1950-06-15,264.097
1950-06-16,230.469
1950-06-17,237.493
1950-06-18,238.362
1950-06-19,253.753
1950-06-20,238.772
1950-06-21,227.597
1950-06-22,230.918
1950-06-23,253.888
1950-06-24,284.598
1950-06-25,302.848
1950-06-26,329.189
1950-06-27,395.189
1950-06-28,411.564
1950-06-29,333.309
1950-06-30,328.07
1950-07-01,306.315
1950-07-02,305.307
1950-07-03,314.787
1950-07-04,334.297
1950-07-05,346.642
1950-07-06,352.934
1950-07-07,361.949
1950-07-08,356.972
1950-07-09,386.18
1950-07-10,403.505
1950-07-11,387.114
1950-07-12,363.344
1950-07-13,363.485
1950-07-14,370.027
1950-07-15,395.177
1950-07-16,439.378
1950-07-17,458.432
1950-07-18,475.273
1950-07-19,462.867
1950-07-20,431.677
1950-07-21,417.049
1950-07-22,404.371
1950-07-23,385.683
1950-07-24,388.103
1950-07-25,396.618
1950-07-26,412.988
1950-07-27,417.29
1950-07-28,406.165
1950-07-29,395.713
1950-07-30,394.16
1950-07-31,388.834
1950-08-01,381.825
1950-08-02,374.868
1950-08-03,370.146
1950-08-04,379.479
1950-08-05,385.445
1950-08-06,386.82
1950-08-07,394.95
1950-08-08,422.8
1950-08-09,426.277
1950-08-10,420.165
1950-08-11,396.011
1950-08-12,400.782
1950-08-13,367.333
1950-08-14,336.625
1950-08-15,312.205
1950-08-16,307.529
1950-08-17,344.708
1950-08-18,360.507
1950-08-19,325.872
1950-08-20,343.135
1950-08-21,408.699
1950-08-22,384.06
1950-08-23,356.545
1950-08-24,359.439
1950-08-25,356.832
1950-08-26,362.078
1950-08-27,361.593
1950-08-28,358.985
1950-08-29,370.767
1950-08-30,346.851
1950-08-31,430.287
1950-09-01,502.348
1950-09-02,434.729
1950-09-03,367.75
1950-09-04,405.109
1950-09-05,475.279
1950-09-06,463.601
1950-09-07,431.898
1950-09-08,431.134
1950-09-09,441.79
1950-09-10,459.373
1950-09-11,441.78
1950-09-12,407.659
1950-09-13,384.46
1950-09-14,378.023
1950-09-15,367.935
1950-09-16,355.058
1950-09-17,354.86
1950-09-18,356.428
1950-09-19,394.939
1950-09-20,463.975
1950-09-21,475.558
1950-09-22,549.646
1950-09-23,555.138
1950-09-24,533.492
1950-09-25,493.575
1950-09-26,452.447
1950-09-27,417.855
1950-09-28,373.074
1950-09-29,360.093
1950-09-30,356.0
1950-10-01,343.824
1950-10-02,334.165
1950-10-03,331.494
1950-10-04,343.241
1950-10-05,344.757
1950-10-06,344.109
1950-10-07,345.795
1950-10-08,346.443
1950-10-09,343.093
1950-10-10,320.045
1950-10-11,288.057
1950-10-12,272.474
1950-10-13,264.751
1950-10-14,260.867
1950-10-15,262.138
1950-10-16,265.35
1950-10-17,284.037
1950-10-18,309.765
1950-10-19,309.537
1950-10-20,282.597
1950-10-21,254.163
1950-10-22,233.878
1950-10-23,223.29
1950-10-24,230.768
1950-10-25,247.982
1950-10-26,307.398
1950-10-27,356.406
1950-10-28,344.11
1950-10-29,297.965
1950-10-30,241.022
1950-10-31,205.069
1950-11-01,185.016
1950-11-02,178.037
1950-11-03,175.117
1950-11-04,173.065
1950-11-05,171.23
1950-11-06,168.974
1950-11-07,166.334
1950-11-08,163.211
1950-11-09,162.372
1950-11-10,163.122
1950-11-11,160.541
1950-11-12,154.477
1950-11-13,153.492
1950-11-14,156.57
1950-11-15,155.656
1950-11-16,149.766
1950-11-17,143.993
1950-11-18,139.772
1950-11-19,136.488
1950-11-20,134.138
1950-11-21,136.805
1950-11-22,135.487
1950-11-23,130.198
1950-11-24,126.629
1950-11-25,123.572
1950-11-26,121.848
1950-11-27,120.122
1950-11-28,117.759
1950-11-29,113.511
1950-11-30,110.974
1950-12-01,109.899
1950-12-02,108.645
1950-12-03,107.151
1950-12-04,105.347
1950-12-05,104.245
1950-12-06,102.692
1950-12-07,103.846
1950-12-08,107.566
1950-12-09,105.555
1950-12-10,100.982
1950-12-11,96.99
1950-12-12,94.736
1950-12-13,91.089
1950-12-14,87.348
1950-12-15,85.022
1950-12-16,83.421
1950-12-17,82.03
1950-12-18,80.618
1950-12-19,79.114
1950-12-20,77.65
1950-12-21,76.214
1950-12-22,74.873
1950-12-23,73.58
1950-12-24,72.312
1950-12-25,70.979
1950-12-26,69.708
1950-12-27,68.481
1950-12-28,67.295
1950-12-29,65.922
1950-12-30,64.592
1950-12-31,63.296
1951-01-01,62.11
1951-01-02,60.972
1951-01-03,59.856
1951-01-04,58.676
1951-01-05,57.536
1951-01-06,56.47
1951-01-07,55.46
1951-01-08,54.413
1951-01-09,53.301
1951-01-10,52.336
1951-01-11,51.356
1951-01-12,50.441
1951-01-13,49.956
1951-01-14,51.265
1951-01-15,50.421
1951-01-16,50.494
1951-01-17,50.721
1951-01-18,50.885
1951-01-19,48.611
1951-01-20,45.661
1951-01-21,43.928
1951-01-22,42.94
1951-01-23,42.207
1951-01-24,41.438
1951-01-25,40.717
1951-01-26,39.897
1951-01-27,39.178
1951-01-28,38.513
1951-01-29,37.782
1951-01-30,37.141
1951-01-31,36.495
1951-02-01,35.869
1951-02-02,35.216
1951-02-03,34.799
1951-02-04,34.579
1951-02-05,34.228
1951-02-06,33.522
1951-02-07,32.794
1951-02-08,32.046
1951-02-09,31.584
1951-02-10,31.652
1951-02-11,32.295
1951-02-12,34.49
1951-02-13,33.02
1951-02-14,33.287
1951-02-15,33.65
1951-02-16,34.479
1951-02-17,34.634
1951-02-18,31.258
1951-02-19,28.142
1951-02-20,27.475
1951-02-21,26.852
1951-02-22,26.308
1951-02-23,25.71
1951-02-24,25.233
1951-02-25,25.021
1951-02-26,24.498
1951-02-27,23.998
1951-02-28,23.853
1951-03-01,23.783
1951-03-02,23.507
1951-03-03,22.978
1951-03-04,22.259
1951-03-05,21.846
1951-03-06,21.502
1951-03-07,21.333
1951-03-08,21.096
1951-03-09,21.006
1951-03-10,21.19
1951-03-11,21.91
1951-03-12,22.731
1951-03-13,24.147
1951-03-14,24.818
1951-03-15,23.844
1951-03-16,23.446
1951-03-17,24.106
1951-03-18,24.889
1951-03-19,32.129
1951-03-20,38.009
1951-03-21,33.93
1951-03-22,42.854
1951-03-23,60.136
1951-03-24,68.528
1951-03-25,68.511
1951-03-26,79.988
1951-03-27,84.448
1951-03-28,100.415
1951-03-29,94.361
1951-03-30,88.241
1951-03-31,88.538
1951-04-01,93.624
1951-04-02,98.834
1951-04-03,110.945
1951-04-04,163.112
1951-04-05,155.721
1951-04-06,137.329
1951-04-07,143.504
1951-04-08,157.749
1951-04-09,151.852
1951-04-10,148.536
1951-04-11,148.728
1951-04-12,112.68
1951-04-13,81.091
1951-04-14,66.825
1951-04-15,75.759
1951-04-16,121.223
1951-04-17,186.592
1951-04-18,191.105
1951-04-19,194.32
1951-04-20,241.51
1951-04-21,228.526
1951-04-22,202.512
1951-04-23,215.935
1951-04-24,186.239
1951-04-25,197.589
1951-04-26,188.479
1951-04-27,202.314
1951-04-28,211.589
1951-04-29,294.385
1951-04-30,315.092
1951-05-01,232.036
1951-05-02,253.59
1951-05-03,353.0
1951-05-04,292.265
1951-05-05,199.278
1951-05-06,162.703
1951-05-07,178.08
1951-05-08,189.072
1951-05-09,220.119
1951-05-10,292.98
1951-05-11,342.895
1951-05-12,294.967
1951-05-13,290.592
1951-05-14,347.738
1951-05-15,378.051
1951-05-16,392.961
1951-05-17,362.427
1951-05-18,258.3
1951-05-19,193.877
1951-05-20,175.327
1951-05-21,181.476
1951-05-22,195.335
1951-05-23,240.668
1951-05-24,260.305
1951-05-25,211.397
1951-05-26,187.954
1951-05-27,189.335
1951-05-28,210.737
1951-05-29,238.707
1951-05-30,280.147
1951-05-31,332.77
1951-06-01,363.03
1951-06-02,324.73
1951-06-03,254.266
1951-06-04,214.69
1951-06-05,244.883
1951-06-06,317.265
1951-06-07,306.416
1951-06-08,338.433
1951-06-09,322.288
1951-06-10,320.608
1951-06-11,337.642
1951-06-12,313.136
1951-06-13,296.739
1951-06-14,290.94
1951-06-15,302.896
1951-06-16,337.725
1951-06-17,397.175
1951-06-18,384.434
1951-06-19,320.717
1951-06-20,272.01
1951-06-21,254.518
1951-06-22,237.638
1951-06-23,228.669
1951-06-24,223.99
1951-06-25,217.207
1951-06-26,211.909
1951-06-27,207.482
1951-06-28,203.524
1951-06-29,199.889
1951-06-30,196.122
1951-07-01,192.299
1951-07-02,188.486
1951-07-03,184.498
1951-07-04,180.232
1951-07-05,176.71
1951-07-06,174.79
1951-07-07,172.129
1951-07-08,169.84
1951-07-09,166.759
1951-07-10,165.188
1951-07-11,160.967
1951-07-12,156.302
1951-07-13,153.83
1951-07-14,152.401
1951-07-15,156.265
1951-07-16,172.974
1951-07-17,180.808
1951-07-18,179.04
1951-07-19,176.599
1951-07-20,161.858
1951-07-21,144.125
1951-07-22,143.049
1951-07-23,154.136
1951-07-24,156.786
1951-07-25,157.761
1951-07-26,180.412
1951-07-27,188.356
1951-07-28,154.489
1951-07-29,136.119
1951-07-30,132.004
1951-07-31,141.155
1951-08-01,147.995
1951-08-02,166.451
1951-08-03,183.532
1951-08-04,173.861
1951-08-05,176.782
1951-08-06,194.458
1951-08-07,195.126
1951-08-08,180.57
1951-08-09,172.763
1951-08-10,175.844
1951-08-11,193.246
1951-08-12,196.545
1951-08-13,179.997
1951-08-14,176.82
1951-08-15,177.534
1951-08-16,170.79
1951-08-17,167.059
1951-08-18,174.845
1951-08-19,193.735
1951-08-20,200.238
1951-08-21,197.197
1951-08-22,226.958
1951-08-23,285.895
1951-08-24,293.936
1951-08-25,230.922
1951-08-26,211.743
1951-08-27,207.999
1951-08-28,180.929
1951-08-29,161.035
1951-08-30,150.522
1951-08-31,146.477
1951-09-01,141.06
1951-09-02,136.759
1951-09-03,133.736
1951-09-04,131.312
1951-09-05,129.007
1951-09-06,125.51
1951-09-07,121.912
1951-09-08,118.752
1951-09-09,116.344
1951-09-10,114.155
1951-09-11,110.811
1951-09-12,109.438
1951-09-13,110.874
1951-09-14,116.145
1951-09-15,117.229
1951-09-16,106.695
1951-09-17,95.696
1951-09-18,91.307
1951-09-19,89.336
1951-09-20,88.201
1951-09-21,86.691
1951-09-22,85.541
1951-09-23,83.923
1951-09-24,80.044
1951-09-25,77.52
1951-09-26,75.392
1951-09-27,73.911
1951-09-28,72.914
1951-09-29,71.57
1951-09-30,70.532
1951-10-01,68.322
1951-10-02,67.052
1951-10-03,65.726
1951-10-04,64.487
1951-10-05,64.461
1951-10-06,64.788
1951-10-07,64.195
1951-10-08,65.953
1951-10-09,60.468
1951-10-10,56.652
1951-10-11,55.168
1951-10-12,54.749
1951-10-13,56.331
1951-10-14,60.395
1951-10-15,63.291
1951-10-16,71.38
1951-10-17,88.93
1951-10-18,138.11
1951-10-19,207.19
1951-10-20,218.26
1951-10-21,169.903
1951-10-22,132.219
1951-10-23,120.946
1951-10-24,109.565
1951-10-25,118.537
1951-10-26,143.532
1951-10-27,129.89
1951-10-28,104.649
1951-10-29,74.475
1951-10-30,63.678
1951-10-31,62.472
1951-11-01,59.859
1951-11-02,71.69
1951-11-03,90.568
1951-11-04,92.22
1951-11-05,101.918
1951-11-06,90.35
1951-11-07,82.062
1951-11-08,102.682
1951-11-09,147.179
1951-11-10,147.25
1951-11-11,137.903
1951-11-12,162.611
1951-11-13,148.837
1951-11-14,134.252
1951-11-15,129.665
1951-11-16,121.688
1951-11-17,125.373
1951-11-18,142.638
1951-11-19,150.008
1951-11-20,137.414
1951-11-21,142.935
1951-11-22,191.654
1951-11-23,202.474
1951-11-24,153.817
1951-11-25,112.381
1951-11-26,101.275
1951-11-27,95.799
1951-11-28,92.162
1951-11-29,89.596
1951-11-30,87.554
1951-12-01,85.802
1951-12-02,87.764
1951-12-03,98.709
1951-12-04,105.452
1951-12-05,128.791
1951-12-06,155.538
1951-12-07,151.333
1951-12-08,147.194
1951-12-09,144.242
1951-12-10,152.228
1951-12-11,166.405
1951-12-12,150.269
1951-12-13,142.18
1951-12-14,118.29
1951-12-15,104.438
1951-12-16,105.713
1951-12-17,105.316
1951-12-18,99.394
1951-12-19,93.532
1951-12-20,87.46
1951-12-21,86.337
1951-12-22,79.235
1951-12-23,79.31
1951-12-24,76.619
1951-12-25,76.055
1951-12-26,76.098
1951-12-27,75.498
1951-12-28,74.832
1951-12-29,75.374
1951-12-30,76.77
1951-12-31,75.803
1952-01-01,77.349
1952-01-02,75.523
1952-01-03,72.464
1952-01-04,70.818
1952-01-05,67.005
1952-01-06,63.732
1952-01-07,61.805
1952-01-08,60.226
1952-01-09,59.119
1952-01-10,57.988
1952-01-11,56.972
1952-01-12,56.28
1952-01-13,55.491
1952-01-14,54.714
1952-01-15,54.104
1952-01-16,54.694
1952-01-17,55.081
1952-01-18,51.46
1952-01-19,49.781
1952-01-20,48.797
1952-01-21,47.664
1952-01-22,46.593
1952-01-23,45.725
1952-01-24,44.748
1952-01-25,43.728
1952-01-26,42.72
1952-01-27,41.79
1952-01-28,41.007
1952-01-29,40.261
1952-01-30,39.451
1952-01-31,38.613
1952-02-01,37.834
1952-02-02,37.187
1952-02-03,36.602
1952-02-04,36.154
1952-02-05,35.863
1952-02-06,35.233
1952-02-07,34.185
1952-02-08,33.538
1952-02-09,32.958
1952-02-10,32.412
1952-02-11,31.892
1952-02-12,32.018
1952-02-13,41.698
1952-02-14,60.625
1952-02-15,65.053
1952-02-16,63.015
1952-02-17,76.878
1952-02-18,61.962
1952-02-19,44.042
1952-02-20,37.692
1952-02-21,35.931
1952-02-22,32.53
1952-02-23,30.263
1952-02-24,27.192
1952-02-25,25.871
1952-02-26,25.311
1952-02-27,24.829
1952-02-28,24.457
1952-02-29,24.344
1952-03-01,24.349
1952-03-02,24.745
1952-03-03,26.032
1952-03-04,29.752
1952-03-05,29.282
1952-03-06,25.12
1952-03-07,24.496
1952-03-08,25.961
1952-03-09,28.818
1952-03-10,39.657
1952-03-11,43.547
1952-03-12,36.653
1952-03-13,30.879
1952-03-14,40.422
1952-03-15,52.884
1952-03-16,60.525
1952-03-17,44.133
1952-03-18,31.46
1952-03-19,26.231
1952-03-20,22.63
1952-03-21,20.854
1952-03-22,20.74
1952-03-23,19.372
1952-03-24,18.932
1952-03-25,19.23
1952-03-26,19.929
1952-03-27,19.082
1952-03-28,18.546
1952-03-29,20.682
1952-03-30,28.695
1952-03-31,40.142
1952-04-01,37.399
1952-04-02,37.955
1952-04-03,40.841
1952-04-04,48.326
1952-04-05,60.247
1952-04-06,56.18
1952-04-07,55.124
1952-04-08,69.364
1952-04-09,107.919
1952-04-10,133.467
1952-04-11,138.329
1952-04-12,144.205
1952-04-13,154.213
1952-04-14,183.895
1952-04-15,147.636
1952-04-16,91.095
1952-04-17,69.816
1952-04-18,74.663
1952-04-19,93.444
1952-04-20,76.345
1952-04-21,64.35
1952-04-22,68.741
1952-04-23,79.545
1952-04-24,109.279
1952-04-25,111.386
1952-04-26,131.148
1952-04-27,129.75
1952-04-28,121.942
1952-04-29,138.365
1952-04-30,165.547
1952-05-01,205.858
1952-05-02,253.248
1952-05-03,374.256
1952-05-04,311.193
1952-05-05,297.542
1952-05-06,217.451
1952-05-07,169.171
1952-05-08,174.118
1952-05-09,168.164
1952-05-10,232.43
1952-05-11,312.634
1952-05-12,346.05
1952-05-13,384.34
1952-05-14,372.463
1952-05-15,297.194
1952-05-16,237.484
1952-05-17,231.717
1952-05-18,220.291
1952-05-19,253.183
1952-05-20,297.975
1952-05-21,329.301
1952-05-22,308.231
1952-05-23,261.865
1952-05-24,263.958
1952-05-25,256.755
1952-05-26,297.758
1952-05-27,328.909
1952-05-28,380.583
1952-05-29,373.717
1952-05-30,334.872
1952-05-31,311.172
1952-06-01,308.012
1952-06-02,337.971
1952-06-03,373.876
1952-06-04,370.146
1952-06-05,358.116
1952-06-06,371.238
1952-06-07,400.441
1952-06-08,518.85
1952-06-09,572.593
1952-06-10,469.502
1952-06-11,396.127
1952-06-12,384.488
1952-06-13,372.269
1952-06-14,347.248
1952-06-15,325.393
1952-06-16,323.505
1952-06-17,329.687
1952-06-18,324.355
1952-06-19,306.996
1952-06-20,304.05
1952-06-21,330.563
1952-06-22,353.382
1952-06-23,363.732
1952-06-24,345.116
1952-06-25,320.709
1952-06-26,314.212
1952-06-27,323.073
1952-06-28,308.667
1952-06-29,300.465
1952-06-30,320.299
1952-07-01,300.115
1952-07-02,276.545
1952-07-03,259.342
1952-07-04,258.704
1952-07-05,259.704
1952-07-06,254.966
1952-07-07,243.837
1952-07-08,232.367
1952-07-09,222.85
1952-07-10,219.72
1952-07-11,221.123
1952-07-12,219.681
1952-07-13,219.286
1952-07-14,219.039
1952-07-15,205.392
1952-07-16,223.501
1952-07-17,231.694
1952-07-18,218.413
1952-07-19,199.053
1952-07-20,195.515
1952-07-21,222.508
1952-07-22,232.838
1952-07-23,252.967
1952-07-24,298.586
1952-07-25,293.966
1952-07-26,258.267
1952-07-27,229.922
1952-07-28,210.64
1952-07-29,199.442
1952-07-30,208.576
1952-07-31,219.442
1952-08-01,225.402
1952-08-02,220.273
1952-08-03,202.931
1952-08-04,189.039
1952-08-05,174.686
1952-08-06,169.53
1952-08-07,177.357
1952-08-08,185.973
1952-08-09,196.173
1952-08-10,185.354
1952-08-11,169.558
1952-08-12,159.703
1952-08-13,154.762
1952-08-14,159.5
1952-08-15,156.647
1952-08-16,155.045
1952-08-17,170.332
1952-08-18,177.055
1952-08-19,185.084
1952-08-20,184.696
1952-08-21,182.098
1952-08-22,177.778
1952-08-23,170.456
1952-08-24,162.61
1952-08-25,174.458
1952-08-26,184.55
1952-08-27,197.858
1952-08-28,235.479
1952-08-29,221.06
1952-08-30,205.877
1952-08-31,213.678
1952-09-01,219.343
1952-09-02,205.047
1952-09-03,200.13
1952-09-04,202.468
1952-09-05,179.75
1952-09-06,159.997
1952-09-07,159.334
1952-09-08,167.596
1952-09-09,160.702
1952-09-10,155.09
1952-09-11,152.531
1952-09-12,150.002
1952-09-13,146.468
1952-09-14,143.411
1952-09-15,140.611
1952-09-16,138.014
1952-09-17,135.402
1952-09-18,133.01
1952-09-19,131.137
1952-09-20,133.965
1952-09-21,132.281
1952-09-22,125.809
1952-09-23,123.769
1952-09-24,129.795
1952-09-25,127.158
1952-09-26,117.32
1952-09-27,109.603
1952-09-28,105.704
1952-09-29,103.395
1952-09-30,100.28
1952-10-01,97.582
1952-10-02,95.227
1952-10-03,93.05
1952-10-04,90.855
1952-10-05,88.654
1952-10-06,87.027
1952-10-07,85.116
1952-10-08,84.119
1952-10-09,82.833
1952-10-10,81.298
1952-10-11,78.198
1952-10-12,75.654
1952-10-13,73.942
1952-10-14,71.856
1952-10-15,69.872
1952-10-16,68.326
1952-10-17,66.875
1952-10-18,65.559
1952-10-19,65.163
1952-10-20,65.071
1952-10-21,63.46
1952-10-22,60.986
1952-10-23,59.323
1952-10-24,57.75
1952-10-25,56.37
1952-10-26,55.102
1952-10-27,54.012
1952-10-28,52.848
1952-10-29,51.667
1952-10-30,50.864
1952-10-31,50.606
1952-11-01,49.933
1952-11-02,48.527
1952-11-03,47.253
1952-11-04,46.325
1952-11-05,45.768
1952-11-06,46.418
1952-11-07,46.107
1952-11-08,44.635
1952-11-09,43.552
1952-11-10,42.868
1952-11-11,42.957
1952-11-12,47.467
1952-11-13,57.859
1952-11-14,70.946
1952-11-15,81.042
1952-11-16,72.058
1952-11-17,51.207
1952-11-18,42.07
1952-11-19,39.088
1952-11-20,37.078
1952-11-21,35.836
1952-11-22,35.191
1952-11-23,34.95
1952-11-24,34.774
1952-11-25,34.22
1952-11-26,35.602
1952-11-27,44.531
1952-11-28,59.648
1952-11-29,64.123
1952-11-30,64.298
1952-12-01,51.288
1952-12-02,38.628
1952-12-03,33.367
1952-12-04,34.465
1952-12-05,31.962
1952-12-06,30.103
1952-12-07,29.536
1952-12-08,29.301
1952-12-09,28.462
1952-12-10,27.521
1952-12-11,26.599
1952-12-12,25.932
1952-12-13,25.495
1952-12-14,25.114
1952-12-15,24.791
1952-12-16,24.486
1952-12-17,24.097
1952-12-18,23.795
1952-12-19,23.451
1952-12-20,23.093
1952-12-21,22.849
1952-12-22,22.562
1952-12-23,22.243
1952-12-24,21.919
1952-12-25,21.545
1952-12-26,21.271
1952-12-27,21.179
1952-12-28,21.175
1952-12-29,20.997
1952-12-30,20.938
1952-12-31,20.462
1953-01-01,20.08
1953-01-02,19.886
1953-01-03,19.824
1953-01-04,20.826
1953-01-05,21.953
1953-01-06,21.488
1953-01-07,20.963
1953-01-08,20.896
1953-01-09,19.801
1953-01-10,18.538
1953-01-11,17.655
1953-01-12,17.193
1953-01-13,16.798
1953-01-14,16.505
1953-01-15,16.675
1953-01-16,18.94
1953-01-17,18.278
1953-01-18,17.768
1953-01-19,16.894
1953-01-20,16.281
1953-01-21,15.974
1953-01-22,15.285
1953-01-23,14.94
1953-01-24,14.798
1953-01-25,14.487
1953-01-26,14.285
1953-01-27,14.28
1953-01-28,14.278
1953-01-29,14.343
1953-01-30,14.169
1953-01-31,13.596
1953-02-01,13.438
1953-02-02,14.139
1953-02-03,17.139
1953-02-04,20.693
1953-02-05,25.413
1953-02-06,31.905
1953-02-07,35.149
1953-02-08,23.293
1953-02-09,21.797
1953-02-10,19.615
1953-02-11,14.643
1953-02-12,12.833
1953-02-13,12.628
1953-02-14,12.422
1953-02-15,12.005
1953-02-16,11.769
1953-02-17,11.605
1953-02-18,11.391
1953-02-19,11.352
1953-02-20,11.168
1953-02-21,10.951
1953-02-22,10.788
1953-02-23,10.87
1953-02-24,11.037
1953-02-25,11.628
1953-02-26,12.894
1953-02-27,15.498
1953-02-28,21.949
1953-03-01,33.892
1953-03-02,35.907
1953-03-03,36.886
1953-03-04,31.516
1953-03-05,22.849
1953-03-06,28.91
1953-03-07,33.027
1953-03-08,39.75
1953-03-09,50.683
1953-03-10,41.816
1953-03-11,28.684
1953-03-12,21.924
1953-03-13,16.354
1953-03-14,10.652
1953-03-15,9.465
1953-03-16,8.96
1953-03-17,8.911
1953-03-18,9.411
1953-03-19,9.279
1953-03-20,9.74
1953-03-21,12.225
1953-03-22,22.44
1953-03-23,47.808
1953-03-24,72.935
1953-03-25,76.785
1953-03-26,88.554
1953-03-27,94.862
1953-03-28,80.549
1953-03-29,45.946
1953-03-30,27.535
1953-03-31,21.124
1953-04-01,14.994
1953-04-02,10.611
1953-04-03,9.485
1953-04-04,9.088
1953-04-05,9.757
1953-04-06,13.256
1953-04-07,35.558
1953-04-08,71.376
1953-04-09,139.861
1953-04-10,166.402
1953-04-11,134.663
1953-04-12,142.577
1953-04-13,94.181
1953-04-14,85.911
1953-04-15,80.608
1953-04-16,93.221
1953-04-17,100.012
1953-04-18,100.808
1953-04-19,102.897
1953-04-20,100.748
1953-04-21,91.857
1953-04-22,100.782
1953-04-23,110.14
1953-04-24,136.32
1953-04-25,191.674
1953-04-26,275.504
1953-04-27,248.052
1953-04-28,168.835
1953-04-29,110.061
1953-04-30,127.429
1953-05-01,159.575
1953-05-02,197.691
1953-05-03,199.055
1953-05-04,223.059
1953-05-05,310.912
1953-05-06,275.382
1953-05-07,270.733
1953-05-08,325.978
1953-05-09,287.545
1953-05-10,206.888
1953-05-11,171.719
1953-05-12,190.375
1953-05-13,209.288
1953-05-14,169.519
1953-05-15,131.805
1953-05-16,103.028
1953-05-17,91.221
1953-05-18,92.512
1953-05-19,101.442
1953-05-20,123.58
1953-05-21,191.525
1953-05-22,302.933
1953-05-23,414.782
1953-05-24,471.862
1953-05-25,394.937
1953-05-26,384.411
1953-05-27,586.602
1953-05-28,812.066
1953-05-29,743.652
1953-05-30,595.214
1953-05-31,454.38
1953-06-01,381.241
1953-06-02,414.572
1953-06-03,343.97
1953-06-04,238.509
1953-06-05,186.212
1953-06-06,173.67
1953-06-07,170.4
1953-06-08,170.656
1953-06-09,170.537
1953-06-10,181.349
1953-06-11,219.037
1953-06-12,271.972
1953-06-13,385.118
1953-06-14,396.699
1953-06-15,280.624
1953-06-16,231.177
1953-06-17,255.983
1953-06-18,275.342
1953-06-19,256.117
1953-06-20,228.393
1953-06-21,228.137
1953-06-22,236.416
1953-06-23,243.332
1953-06-24,275.888
1953-06-25,246.945
1953-06-26,235.584
1953-06-27,263.742
1953-06-28,321.67
1953-06-29,396.104
1953-06-30,516.204
1953-07-01,499.41
1953-07-02,410.649
1953-07-03,351.261
1953-07-04,315.015
1953-07-05,302.464
1953-07-06,306.451
1953-07-07,337.987
1953-07-08,373.408
1953-07-09,343.862
1953-07-10,327.672
1953-07-11,322.687
1953-07-12,364.133
1953-07-13,376.378
1953-07-14,395.258
1953-07-15,425.138
1953-07-16,447.667
1953-07-17,475.409
1953-07-18,491.046
1953-07-19,465.923
1953-07-20,453.986
1953-07-21,488.847
1953-07-22,488.993
1953-07-23,544.566
1953-07-24,561.84
1953-07-25,518.514
1953-07-26,470.287
1953-07-27,438.695
1953-07-28,413.21
1953-07-29,392.717
1953-07-30,384.705
1953-07-31,376.322
1953-08-01,370.027
1953-08-02,388.455
1953-08-03,407.327
1953-08-04,412.195
1953-08-05,423.05
1953-08-06,395.348
1953-08-07,357.172
1953-08-08,365.27
1953-08-09,346.295
1953-08-10,359.092
1953-08-11,371.129
1953-08-12,395.772
1953-08-13,363.41
1953-08-14,346.047
1953-08-15,324.065
1953-08-16,304.555
1953-08-17,286.347
1953-08-18,284.648
1953-08-19,312.418
1953-08-20,324.435
1953-08-21,320.667
1953-08-22,310.981
1953-08-23,292.427
1953-08-24,290.39
1953-08-25,274.531
1953-08-26,263.582
1953-08-27,250.708
1953-08-28,238.755
1953-08-29,229.753
1953-08-30,223.043
1953-08-31,217.181
1953-09-01,211.523
1953-09-02,205.828
1953-09-03,200.315
1953-09-04,195.047
1953-09-05,189.849
1953-09-06,184.301
1953-09-07,178.961
1953-09-08,173.857
1953-09-09,168.902
1953-09-10,164.053
1953-09-11,159.352
1953-09-12,154.761
1953-09-13,151.97
1953-09-14,150.229
1953-09-15,189.276
1953-09-16,294.7
1953-09-17,211.415
1953-09-18,193.187
1953-09-19,222.288
1953-09-20,195.88
1953-09-21,182.738
1953-09-22,167.627
1953-09-23,156.508
1953-09-24,145.853
1953-09-25,137.475
1953-09-26,123.8
1953-09-27,112.348
1953-09-28,107.746
1953-09-29,105.664
1953-09-30,103.648
1953-10-01,101.443
1953-10-02,99.436
1953-10-03,97.335
1953-10-04,95.316
1953-10-05,93.493
1953-10-06,91.695
1953-10-07,89.828
1953-10-08,87.982
1953-10-09,86.246
1953-10-10,84.51
1953-10-11,82.956
1953-10-12,81.79
1953-10-13,81.142
1953-10-14,79.726
1953-10-15,82.333
1953-10-16,93.226
1953-10-17,107.723
1953-10-18,117.487
1953-10-19,140.018
1953-10-20,144.189
1953-10-21,141.361
1953-10-22,134.587
1953-10-23,123.74
1953-10-24,105.696
1953-10-25,101.903
1953-10-26,118.591
1953-10-27,138.926
1953-10-28,123.664
1953-10-29,97.288
1953-10-30,88.652
1953-10-31,89.867
1953-11-01,99.932
1953-11-02,120.709
1953-11-03,128.075
1953-11-04,132.246
1953-11-05,116.745
1953-11-06,134.864
1953-11-07,126.615
1953-11-08,128.847
1953-11-09,150.487
1953-11-10,183.219
1953-11-11,202.682
1953-11-12,164.311
1953-11-13,126.877
1953-11-14,111.623
1953-11-15,97.171
1953-11-16,92.442
1953-11-17,92.213
1953-11-18,94.943
1953-11-19,107.818
1953-11-20,108.711
1953-11-21,99.95
1953-11-22,103.425
1953-11-23,109.355
1953-11-24,108.356
1953-11-25,97.264
1953-11-26,87.708
1953-11-27,94.838
1953-11-28,94.597
1953-11-29,89.613
1953-11-30,98.927
1953-12-01,104.469
1953-12-02,111.736
1953-12-03,102.652
1953-12-04,87.74
1953-12-05,79.791
1953-12-06,76.202
1953-12-07,74.383
1953-12-08,72.93
1953-12-09,71.073
1953-12-10,69.698
1953-12-11,68.536
1953-12-12,67.433
1953-12-13,66.368
1953-12-14,65.443
1953-12-15,66.16
1953-12-16,66.308
1953-12-17,65.955
1953-12-18,68.47
1953-12-19,72.476
1953-12-20,75.961
1953-12-21,87.16
1953-12-22,95.973
1953-12-23,90.535
1953-12-24,67.992
1953-12-25,60.666
1953-12-26,58.631
1953-12-27,58.87
1953-12-28,58.309
1953-12-29,55.785
1953-12-30,53.539
1953-12-31,52.644
1954-01-01,51.559
1954-01-02,47.867
1954-01-03,43.171
1954-01-04,40.791
1954-01-05,39.857
1954-01-06,39.575
1954-01-07,38.368
1954-01-08,37.472
1954-01-09,36.923
1954-01-10,36.415
1954-01-11,35.942
1954-01-12,35.532
1954-01-13,34.964
1954-01-14,34.422
1954-01-15,33.925
1954-01-16,33.436
1954-01-17,32.988
1954-01-18,32.511
1954-01-19,32.071
1954-01-20,31.629
1954-01-21,31.125
1954-01-22,30.738
1954-01-23,30.341
1954-01-24,29.964
1954-01-25,29.68
1954-01-26,29.34
1954-01-27,28.718
1954-01-28,28.356
1954-01-29,28.225
1954-01-30,28.844
1954-01-31,28.472
1954-02-01,29.172
1954-02-02,29.96
1954-02-03,29.153
1954-02-04,26.758
1954-02-05,25.554
1954-02-06,25.015
1954-02-07,24.487
1954-02-08,23.963
1954-02-09,23.559
1954-02-10,23.179
1954-02-11,22.855
1954-02-12,22.572
1954-02-13,22.257
1954-02-14,21.854
1954-02-15,21.591
1954-02-16,21.407
1954-02-17,20.918
1954-02-18,20.61
1954-02-19,20.359
1954-02-20,20.042
1954-02-21,19.694
1954-02-22,19.298
1954-02-23,19.048
1954-02-24,19.165
1954-02-25,19.521
1954-02-26,21.121
1954-02-27,22.482
1954-02-28,24.44
1954-03-01,26.722
1954-03-02,30.278
1954-03-03,38.268
1954-03-04,47.765
1954-03-05,38.959
1954-03-06,25.211
1954-03-07,21.666
1954-03-08,18.904
1954-03-09,21.42
1954-03-10,25.479
1954-03-11,22.957
1954-03-12,20.928
1954-03-13,18.068
1954-03-14,16.324
1954-03-15,15.164
1954-03-16,14.777
1954-03-17,14.765
1954-03-18,15.015
1954-03-19,16.498
1954-03-20,21.354
1954-03-21,24.825
1954-03-22,24.42
1954-03-23,20.219
1954-03-24,15.174
1954-03-25,13.743
1954-03-26,13.444
1954-03-27,13.289
1954-03-28,13.552
1954-03-29,15.034
1954-03-30,19.265
1954-03-31,29.022
1954-04-01,44.723
1954-04-02,71.606
1954-04-03,66.163
1954-04-04,72.169
1954-04-05,86.426
1954-04-06,100.94
1954-04-07,86.916
1954-04-08,58.148
1954-04-09,41.828
1954-04-10,33.318
1954-04-11,32.451
1954-04-12,41.859
1954-04-13,69.595
1954-04-14,70.268
1954-04-15,64.794
1954-04-16,63.869
1954-04-17,78.995
1954-04-18,89.887
1954-04-19,103.435
1954-04-20,144.064
1954-04-21,142.69
1954-04-22,98.455
1954-04-23,56.349
1954-04-24,36.6
1954-04-25,24.99
1954-04-26,22.512
1954-04-27,29.468
1954-04-28,40.708
1954-04-29,48.996
1954-04-30,75.628
1954-05-01,137.841
1954-05-02,141.857
1954-05-03,185.925
1954-05-04,308.557
1954-05-05,339.932
1954-05-06,204.851
1954-05-07,114.898
1954-05-08,94.552
1954-05-09,135.8
1954-05-10,212.38
1954-05-11,218.762
1954-05-12,185.175
1954-05-13,175.508
1954-05-14,147.068
1954-05-15,133.091
1954-05-16,122.45
1954-05-17,153.775
1954-05-18,152.583
1954-05-19,132.145
1954-05-20,147.034
1954-05-21,201.536
1954-05-22,266.772
1954-05-23,330.879
1954-05-24,323.119
1954-05-25,270.826
1954-05-26,243.565
1954-05-27,254.425
1954-05-28,243.196
1954-05-29,293.157
1954-05-30,370.878
1954-05-31,342.935
1954-06-01,291.242
1954-06-02,312.128
1954-06-03,341.092
1954-06-04,361.523
1954-06-05,340.939
1954-06-06,299.727
1954-06-07,279.868
1954-06-08,294.661
1954-06-09,297.532
1954-06-10,310.419
1954-06-11,313.245
1954-06-12,285.195
1954-06-13,254.709
1954-06-14,241.87
1954-06-15,238.948
1954-06-16,233.809
1954-06-17,221.942
1954-06-18,213.74
1954-06-19,211.901
1954-06-20,206.838
1954-06-21,207.416
1954-06-22,208.82
1954-06-23,205.743
1954-06-24,189.335
1954-06-25,179.578
1954-06-26,173.693
1954-06-27,168.257
1954-06-28,163.222
1954-06-29,158.228
1954-06-30,153.908
1954-07-01,150.045
1954-07-02,148.057
1954-07-03,149.951
1954-07-04,153.365
1954-07-05,150.123
1954-07-06,144.902
1954-07-07,138.67
1954-07-08,132.795
1954-07-09,132.205
1954-07-10,130.112
1954-07-11,138.375
1954-07-12,160.867
1954-07-13,177.435
1954-07-14,177.688
1954-07-15,175.51
1954-07-16,168.571
1954-07-17,159.194
1954-07-18,164.199
1954-07-19,173.632
1954-07-20,180.041
1954-07-21,188.237
1954-07-22,213.334
1954-07-23,208.24
1954-07-24,189.363
1954-07-25,172.821
1954-07-26,155.195
1954-07-27,149.6
1954-07-28,159.462
1954-07-29,165.847
1954-07-30,173.437
1954-07-31,180.998
1954-08-01,206.314
1954-08-02,214.454
1954-08-03,219.108
1954-08-04,217.956
1954-08-05,262.028
1954-08-06,293.278
1954-08-07,321.174
1954-08-08,328.504
1954-08-09,321.267
1954-08-10,296.911
1954-08-11,266.653
1954-08-12,249.245
1954-08-13,244.071
1954-08-14,249.115
1954-08-15,250.929
1954-08-16,335.523
1954-08-17,315.713
1954-08-18,301.083
1954-08-19,269.299
1954-08-20,256.185
1954-08-21,251.487
1954-08-22,235.805
1954-08-23,237.09
1954-08-24,241.168
1954-08-25,277.891
1954-08-26,289.996
1954-08-27,237.313
1954-08-28,215.969
1954-08-29,211.37
1954-08-30,227.895
1954-08-31,231.002
1954-09-01,218.163
1954-09-02,227.656
1954-09-03,244.314
1954-09-04,274.951
1954-09-05,337.88
1954-09-06,403.345
1954-09-07,333.653
1954-09-08,279.682
1954-09-09,284.54
1954-09-10,305.056
1954-09-11,322.095
1954-09-12,400.317
1954-09-13,444.788
1954-09-14,437.586
1954-09-15,397.226
1954-09-16,398.768
1954-09-17,344.054
1954-09-18,302.364
1954-09-19,287.922
1954-09-20,282.838
1954-09-21,276.6
1954-09-22,267.429
1954-09-23,258.392
1954-09-24,247.794
1954-09-25,238.625
1954-09-26,230.722
1954-09-27,223.04
1954-09-28,215.472
1954-09-29,208.6
1954-09-30,205.988
1954-10-01,211.845
1954-10-02,204.722
1954-10-03,198.144
1954-10-04,195.233
1954-10-05,202.646
1954-10-06,189.869
1954-10-07,176.345
1954-10-08,162.177
1954-10-09,152.192
1954-10-10,146.135
1954-10-11,141.667
1954-10-12,137.585
1954-10-13,133.73
1954-10-14,130.053
1954-10-15,126.493
1954-10-16,123.071
1954-10-17,119.811
1954-10-18,116.709
1954-10-19,113.779
1954-10-20,110.876
1954-10-21,108.072
1954-10-22,105.51
1954-10-23,103.515
1954-10-24,101.25
1954-10-25,98.645
1954-10-26,96.414
1954-10-27,94.12
1954-10-28,93.348
1954-10-29,98.177
1954-10-30,111.291
1954-10-31,119.134
1954-11-01,111.857
1954-11-02,99.699
1954-11-03,89.135
1954-11-04,82.144
1954-11-05,78.191
1954-11-06,75.976
1954-11-07,74.335
1954-11-08,72.736
1954-11-09,71.175
1954-11-10,69.745
1954-11-11,68.454
1954-11-12,67.098
1954-11-13,65.738
1954-11-14,64.391
1954-11-15,63.181
1954-11-16,61.978
1954-11-17,60.898
1954-11-18,59.797
1954-11-19,58.74
1954-11-20,57.58
1954-11-21,56.474
1954-11-22,55.325
1954-11-23,54.183
1954-11-24,53.124
1954-11-25,52.075
1954-11-26,51.173
1954-11-27,50.294
1954-11-28,49.342
1954-11-29,48.442
1954-11-30,47.598
1954-12-01,46.901
1954-12-02,46.621
1954-12-03,47.295
1954-12-04,48.433
1954-12-05,48.918
1954-12-06,49.663
1954-12-07,50.231
1954-12-08,49.951
1954-12-09,48.552
1954-12-10,44.719
1954-12-11,42.846
1954-12-12,41.925
1954-12-13,42.198
1954-12-14,41.428
1954-12-15,39.664
1954-12-16,38.852
1954-12-17,37.21
1954-12-18,36.25
1954-12-19,35.63
1954-12-20,35.094
1954-12-21,34.475
1954-12-22,33.86
1954-12-23,33.288
1954-12-24,32.726
1954-12-25,32.208
1954-12-26,31.695
1954-12-27,31.193
1954-12-28,30.689
1954-12-29,30.127
1954-12-30,29.623
1954-12-31,29.257
1955-01-01,28.816
1955-01-02,28.379
1955-01-03,27.962
1955-01-04,27.57
1955-01-05,27.179
1955-01-06,26.81
1955-01-07,26.469
1955-01-08,26.089
1955-01-09,25.647
1955-01-10,25.179
1955-01-11,24.822
1955-01-12,24.494
1955-01-13,24.21
1955-01-14,23.809
1955-01-15,23.329
1955-01-16,22.948
1955-01-17,22.653
1955-01-18,22.353
1955-01-19,22.068
1955-01-20,21.913
1955-01-21,21.922
1955-01-22,21.986
1955-01-23,21.752
1955-01-24,21.514
1955-01-25,21.028
1955-01-26,20.471
1955-01-27,19.99
1955-01-28,19.923
1955-01-29,20.262
1955-01-30,21.08
1955-01-31,21.274
1955-02-01,21.505
1955-02-02,22.068
1955-02-03,21.336
1955-02-04,18.99
1955-02-05,18.53
1955-02-06,20.07
1955-02-07,21.726
1955-02-08,20.217
1955-02-09,19.042
1955-02-10,18.602
1955-02-11,18.102
1955-02-12,16.696
1955-02-13,15.96
1955-02-14,15.648
1955-02-15,15.421
1955-02-16,15.313
1955-02-17,15.044
1955-02-18,14.717
1955-02-19,14.525
1955-02-20,14.351
1955-02-21,14.129
1955-02-22,13.893
1955-02-23,13.685
1955-02-24,13.549
1955-02-25,13.417
1955-02-26,13.359
1955-02-27,13.216
1955-02-28,12.938
1955-03-01,12.743
1955-03-02,12.572
1955-03-03,12.425
1955-03-04,12.212
1955-03-05,11.981
1955-03-06,11.764
1955-03-07,11.801
1955-03-08,12.025
1955-03-09,11.95
1955-03-10,11.957
1955-03-11,12.515
1955-03-12,12.982
1955-03-13,11.851
1955-03-14,11.649
1955-03-15,11.552
1955-03-16,11.148
1955-03-17,10.737
1955-03-18,10.397
1955-03-19,10.085
1955-03-20,9.861
1955-03-21,9.685
1955-03-22,9.578
1955-03-23,9.475
1955-03-24,9.416
1955-03-25,12.115
1955-03-26,15.931
1955-03-27,34.063
1955-03-28,64.101
1955-03-29,52.118
1955-03-30,59.856
1955-03-31,68.905
1955-04-01,66.798
1955-04-02,59.491
1955-04-03,40.857
1955-04-04,18.412
1955-04-05,11.073
1955-04-06,8.942
1955-04-07,8.38
1955-04-08,8.433
1955-04-09,8.692
1955-04-10,9.39
1955-04-11,10.878
1955-04-12,12.179
1955-04-13,15.061
1955-04-14,19.241
1955-04-15,28.218
1955-04-16,33.273
1955-04-17,37.448
1955-04-18,37.008
1955-04-19,29.591
1955-04-20,15.123
1955-04-21,10.432
1955-04-22,8.002
1955-04-23,7.613
1955-04-24,8.155
1955-04-25,9.526
1955-04-26,11.106
1955-04-27,12.254
1955-04-28,20.466
1955-04-29,41.381
1955-04-30,51.541
1955-05-01,48.753
1955-05-02,44.575
1955-05-03,66.51
1955-05-04,105.98
1955-05-05,121.041
1955-05-06,110.575
1955-05-07,85.281
1955-05-08,70.195
1955-05-09,86.356
1955-05-10,117.403
1955-05-11,145.22
1955-05-12,186.272
1955-05-13,190.405
1955-05-14,148.067
1955-05-15,90.588
1955-05-16,51.037
1955-05-17,35.384
1955-05-18,30.339
1955-05-19,35.845
1955-05-20,47.51
1955-05-21,49.314
1955-05-22,30.838
1955-05-23,21.966
1955-05-24,20.797
1955-05-25,21.077
1955-05-26,16.946
1955-05-27,16.922
1955-05-28,11.479
1955-05-29,8.958
1955-05-30,8.652
1955-05-31,10.204
1955-06-01,15.916
1955-06-02,21.034
1955-06-03,14.906
1955-06-04,9.845
1955-06-05,8.566
1955-06-06,8.68
1955-06-07,8.881
1955-06-08,9.138
1955-06-09,8.991
1955-06-10,8.644
1955-06-11,8.378
1955-06-12,8.575
1955-06-13,9.014
1955-06-14,9.043
1955-06-15,9.465
1955-06-16,10.265
1955-06-17,10.404
1955-06-18,10.921
1955-06-19,13.349
1955-06-20,16.474
1955-06-21,19.123
1955-06-22,24.467
1955-06-23,23.594
1955-06-24,24.537
1955-06-25,28.652
1955-06-26,26.603
1955-06-27,22.802
1955-06-28,26.56
1955-06-29,35.16
1955-06-30,47.204
1955-07-01,54.427
1955-07-02,51.289
1955-07-03,37.238
1955-07-04,49.77
1955-07-05,63.289
1955-07-06,58.616
1955-07-07,38.702
1955-07-08,40.409
1955-07-09,38.193
1955-07-10,60.979
1955-07-11,72.363
1955-07-12,64.912
1955-07-13,48.698
1955-07-14,30.261
1955-07-15,22.19
1955-07-16,24.15
1955-07-17,30.262
1955-07-18,38.129
1955-07-19,56.205
1955-07-20,90.795
1955-07-21,120.558
1955-07-22,115.15
1955-07-23,100.692
1955-07-24,111.63
1955-07-25,114.466
1955-07-26,110.861
1955-07-27,129.845
1955-07-28,145.711
1955-07-29,146.773
1955-07-30,155.673
1955-07-31,162.191
1955-08-01,137.711
1955-08-02,142.665
1955-08-03,169.19
1955-08-04,174.635
1955-08-05,171.808
1955-08-06,226.91
1955-08-07,196.03
1955-08-08,170.957
1955-08-09,197.608
1955-08-10,283.742
1955-08-11,376.996
1955-08-12,305.96
1955-08-13,230.914
1955-08-14,228.715
1955-08-15,285.013
1955-08-16,280.22
1955-08-17,246.07
1955-08-18,231.484
1955-08-19,254.362
1955-08-20,246.633
1955-08-21,212.951
1955-08-22,211.187
1955-08-23,214.497
1955-08-24,227.246
1955-08-25,247.874
1955-08-26,290.58
1955-08-27,347.431
1955-08-28,387.384
1955-08-29,341.145
1955-08-30,295.428
1955-08-31,269.742
1955-09-01,256.25
1955-09-02,280.371
1955-09-03,318.546
1955-09-04,333.689
1955-09-05,297.042
1955-09-06,275.893
1955-09-07,259.401
1955-09-08,240.45
1955-09-09,215.038
1955-09-10,229.231
1955-09-11,246.339
1955-09-12,224.665
1955-09-13,221.364
1955-09-14,217.117
1955-09-15,202.042
1955-09-16,204.867
1955-09-17,194.12
1955-09-18,183.617
1955-09-19,169.24
1955-09-20,166.119
1955-09-21,172.334
1955-09-22,178.152
1955-09-23,198.77
1955-09-24,191.051
1955-09-25,192.989
1955-09-26,216.798
1955-09-27,263.192
1955-09-28,344.834
1955-09-29,411.677
1955-09-30,334.905
1955-10-01,283.415
1955-10-02,275.041
1955-10-03,298.998
1955-10-04,345.135
1955-10-05,469.516
1955-10-06,704.733
1955-10-07,541.654
1955-10-08,392.786
1955-10-09,284.41
1955-10-10,234.777
1955-10-11,216.873
1955-10-12,206.023
1955-10-13,197.933
1955-10-14,191.516
1955-10-15,185.275
1955-10-16,179.219
1955-10-17,173.147
1955-10-18,167.486
1955-10-19,162.963
1955-10-20,158.569
1955-10-21,154.391
1955-10-22,150.341
1955-10-23,147.585
1955-10-24,143.363
1955-10-25,137.307
1955-10-26,132.475
1955-10-27,128.637
1955-10-28,126.349
1955-10-29,125.163
1955-10-30,122.112
1955-10-31,117.634
1955-11-01,113.739
1955-11-02,120.012
1955-11-03,135.468
1955-11-04,147.383
1955-11-05,162.012
1955-11-06,157.434
1955-11-07,138.718
1955-11-08,129.108
1955-11-09,121.38
1955-11-10,117.947
1955-11-11,125.497
1955-11-12,117.918
1955-11-13,128.62
1955-11-14,147.047
1955-11-15,132.823
1955-11-16,102.18
1955-11-17,89.885
1955-11-18,82.07
1955-11-19,78.977
1955-11-20,77.442
1955-11-21,76.002
1955-11-22,74.648
1955-11-23,73.379
1955-11-24,72.186
1955-11-25,70.976
1955-11-26,69.839
1955-11-27,68.699
1955-11-28,67.42
1955-11-29,66.166
1955-11-30,64.998
1955-12-01,63.897
1955-12-02,62.804
1955-12-03,61.673
1955-12-04,60.585
1955-12-05,59.463
1955-12-06,58.318
1955-12-07,57.243
1955-12-08,56.315
1955-12-09,55.315
1955-12-10,54.255
1955-12-11,53.258
1955-12-12,52.314
1955-12-13,51.508
1955-12-14,51.415
1955-12-15,52.355
1955-12-16,53.512
1955-12-17,54.77
1955-12-18,55.455
1955-12-19,53.588
1955-12-20,48.337
1955-12-21,46.188
1955-12-22,45.105
1955-12-23,43.624
1955-12-24,42.488
1955-12-25,41.653
1955-12-26,40.938
1955-12-27,40.242
1955-12-28,39.502
1955-12-29,38.819
1955-12-30,38.472
1955-12-31,38.38
1956-01-01,38.465
1956-01-02,38.663
1956-01-03,37.766
1956-01-04,37.126
1956-01-05,38.732
1956-01-06,36.405
1956-01-07,34.68
1956-01-08,33.642
1956-01-09,32.915
1956-01-10,32.416
1956-01-11,31.828
1956-01-12,31.157
1956-01-13,30.521
1956-01-14,30.006
1956-01-15,29.902
1956-01-16,30.786
1956-01-17,31.72
1956-01-18,30.63
1956-01-19,29.789
1956-01-20,28.956
1956-01-21,28.391
1956-01-22,27.735
1956-01-23,26.605
1956-01-24,25.811
1956-01-25,25.304
1956-01-26,24.866
1956-01-27,24.443
1956-01-28,24.011
1956-01-29,23.615
1956-01-30,23.228
1956-01-31,22.995
1956-02-01,22.686
1956-02-02,22.371
1956-02-03,22.111
1956-02-04,21.851
1956-02-05,21.586
1956-02-06,21.21
1956-02-07,20.797
1956-02-08,20.392
1956-02-09,20.036
1956-02-10,19.703
1956-02-11,19.377
1956-02-12,19.024
1956-02-13,18.616
1956-02-14,18.311
1956-02-15,18.048
1956-02-16,17.819
1956-02-17,17.648
1956-02-18,17.424
1956-02-19,17.532
1956-02-20,17.842
1956-02-21,18.515
1956-02-22,18.752
1956-02-23,17.533
1956-02-24,16.728
1956-02-25,15.962
1956-02-26,15.442
1956-02-27,15.051
1956-02-28,14.816
1956-02-29,14.585
1956-03-01,14.364
1956-03-02,14.083
1956-03-03,13.803
1956-03-04,13.622
1956-03-05,13.509
1956-03-06,13.373
1956-03-07,13.208
1956-03-08,13.024
1956-03-09,12.778
1956-03-10,12.58
1956-03-11,12.443
1956-03-12,12.295
1956-03-13,12.079
1956-03-14,11.818
1956-03-15,11.595
1956-03-16,11.455
1956-03-17,11.296
1956-03-18,11.108
1956-03-19,11.02
1956-03-20,11.06
1956-03-21,11.092
1956-03-22,10.923
1956-03-23,10.758
1956-03-24,10.863
1956-03-25,11.038
1956-03-26,10.556
1956-03-27,10.189
1956-03-28,10.11
1956-03-29,10.128
1956-03-30,10.8
1956-03-31,15.665
1956-04-01,18.884
1956-04-02,27.572
1956-04-03,33.218
1956-04-04,23.507
1956-04-05,21.075
1956-04-06,23.318
1956-04-07,18.748
1956-04-08,11.501
1956-04-09,8.847
1956-04-10,8.256
1956-04-11,8.209
1956-04-12,8.845
1956-04-13,9.895
1956-04-14,11.417
1956-04-15,16.991
1956-04-16,27.801
1956-04-17,42.039
1956-04-18,49.124
1956-04-19,47.571
1956-04-20,53.483
1956-04-21,62.16
1956-04-22,66.028
1956-04-23,63.259
1956-04-24,49.791
1956-04-25,76.544
1956-04-26,122.466
1956-04-27,138.46
1956-04-28,129.053
1956-04-29,105.8
1956-04-30,101.574
1956-05-01,91.023
1956-05-02,107.829
1956-05-03,92.223
1956-05-04,88.707
1956-05-05,106.653
1956-05-06,119.2
1956-05-07,128.387
1956-05-08,130.68
1956-05-09,109.927
1956-05-10,83.432
1956-05-11,80.931
1956-05-12,91.855
1956-05-13,100.566
1956-05-14,106.655
1956-05-15,114.125
1956-05-16,140.465
1956-05-17,202.287
1956-05-18,175.764
1956-05-19,127.102
1956-05-20,122.027
1956-05-21,195.52
1956-05-22,258.303
1956-05-23,205.978
1956-05-24,188.182
1956-05-25,173.098
1956-05-26,127.232
1956-05-27,98.505
1956-05-28,77.258
1956-05-29,88.899
1956-05-30,126.349
1956-05-31,157.85
1956-06-01,170.982
1956-06-02,178.392
1956-06-03,172.33
1956-06-04,128.263
1956-06-05,99.878
1956-06-06,93.532
1956-06-07,94.934
1956-06-08,94.045
1956-06-09,81.142
1956-06-10,66.422
1956-06-11,56.925
1956-06-12,59.525
1956-06-13,65.015
1956-06-14,60.609
1956-06-15,58.087
1956-06-16,56.777
1956-06-17,55.48
1956-06-18,54.225
1956-06-19,53.517
1956-06-20,53.636
1956-06-21,54.78
1956-06-22,57.008
1956-06-23,57.897
1956-06-24,62.302
1956-06-25,67.455
1956-06-26,71.81
1956-06-27,75.48
1956-06-28,86.953
1956-06-29,117.47
1956-06-30,123.063
1956-07-01,145.93
1956-07-02,133.985
1956-07-03,121.932
1956-07-04,115.873
1956-07-05,139.627
1956-07-06,155.894
1956-07-07,170.268
1956-07-08,165.232
1956-07-09,138.7
1956-07-10,136.402
1956-07-11,159.757
1956-07-12,153.12
1956-07-13,142.968
1956-07-14,153.013
1956-07-15,139.716
1956-07-16,139.309
1956-07-17,190.618
1956-07-18,245.743
1956-07-19,183.955
1956-07-20,174.567
1956-07-21,216.615
1956-07-22,251.575
1956-07-23,265.097
1956-07-24,266.368
1956-07-25,253.143
1956-07-26,241.138
1956-07-27,226.638
1956-07-28,215.362
1956-07-29,210.693
1956-07-30,196.932
1956-07-31,186.642
1956-08-01,193.472
1956-08-02,200.073
1956-08-03,221.987
1956-08-04,221.835
1956-08-05,214.119
1956-08-06,202.167
1956-08-07,188.738
1956-08-08,182.579
1956-08-09,191.773
1956-08-10,202.487
1956-08-11,207.565
1956-08-12,192.602
1956-08-13,193.797
1956-08-14,177.815
1956-08-15,176.812
1956-08-16,192.504
1956-08-17,262.073
1956-08-18,308.695
1956-08-19,283.309
1956-08-20,270.941
1956-08-21,247.382
1956-08-22,258.457
1956-08-23,295.856
1956-08-24,307.494
1956-08-25,272.258
1956-08-26,287.538
1956-08-27,362.629
1956-08-28,348.647
1956-08-29,305.115
1956-08-30,304.352
1956-08-31,369.433
1956-09-01,387.207
1956-09-02,365.545
1956-09-03,363.098
1956-09-04,378.398
1956-09-05,345.543
1956-09-06,292.313
1956-09-07,267.142
1956-09-08,267.52
1956-09-09,284.446
1956-09-10,289.328
1956-09-11,269.398
1956-09-12,249.141
1956-09-13,230.938
1956-09-14,222.198
1956-09-15,212.3
1956-09-16,205.233
1956-09-17,199.642
1956-09-18,194.226
1956-09-19,188.731
1956-09-20,183.247
1956-09-21,177.842
1956-09-22,172.705
1956-09-23,168.139
1956-09-24,163.453
1956-09-25,159.922
1956-09-26,158.087
1956-09-27,157.949
1956-09-28,154.909
1956-09-29,147.147
1956-09-30,139.917
1956-10-01,134.793
1956-10-02,131.554
1956-10-03,127.47
1956-10-04,123.162
1956-10-05,119.062
1956-10-06,115.877
1956-10-07,112.6
1956-10-08,109.638
1956-10-09,106.795
1956-10-10,104.02
1956-10-11,101.238
1956-10-12,98.77
1956-10-13,96.156
1956-10-14,93.52
1956-10-15,91.115
1956-10-16,88.725
1956-10-17,86.292
1956-10-18,84.114
1956-10-19,82.139
1956-10-20,80.308
1956-10-21,78.562
1956-10-22,76.403
1956-10-23,74.33
1956-10-24,72.479
1956-10-25,70.853
1956-10-26,69.671
1956-10-27,69.068
1956-10-28,67.877
1956-10-29,65.71
1956-10-30,64.086
1956-10-31,64.599
1956-11-01,67.437
1956-11-02,66.95
1956-11-03,61.888
1956-11-04,58.105
1956-11-05,56.16
1956-11-06,54.582
1956-11-07,53.189
1956-11-08,51.996
1956-11-09,50.899
1956-11-10,49.84
1956-11-11,48.788
1956-11-12,47.806
1956-11-13,46.762
1956-11-14,45.776
1956-11-15,44.912
1956-11-16,44.049
1956-11-17,43.052
1956-11-18,42.207
1956-11-19,41.409
1956-11-20,40.556
1956-11-21,39.689
1956-11-22,38.911
1956-11-23,38.17
1956-11-24,37.408
1956-11-25,36.678
1956-11-26,35.96
1956-11-27,35.208
1956-11-28,34.527
1956-11-29,33.872
1956-11-30,33.195
1956-12-01,32.796
1956-12-02,32.865
1956-12-03,32.839
1956-12-04,32.89
1956-12-05,32.505
1956-12-06,32.529
1956-12-07,30.742
1956-12-08,29.078
1956-12-09,28.269
1956-12-10,27.736
1956-12-11,27.289
1956-12-12,26.829
1956-12-13,26.48
1956-12-14,26.073
1956-12-15,25.864
1956-12-16,25.64
1956-12-17,25.07
1956-12-18,24.578
1956-12-19,24.123
1956-12-20,23.586
1956-12-21,23.137
1956-12-22,22.835
1956-12-23,22.474
1956-12-24,22.133
1956-12-25,21.676
1956-12-26,21.293
1956-12-27,21.024
1956-12-28,20.631
1956-12-29,20.205
1956-12-30,19.845
1956-12-31,19.561
1957-01-01,19.24
1957-01-02,19.039
1957-01-03,18.946
1957-01-04,18.486
1957-01-05,18.21
1957-01-06,18.01
1957-01-07,17.802
1957-01-08,17.587
1957-01-09,17.483
1957-01-10,17.417
1957-01-11,16.982
1957-01-12,16.415
1957-01-13,16.209
1957-01-14,16.035
1957-01-15,15.758
1957-01-16,15.402
1957-01-17,14.953
1957-01-18,14.655
1957-01-19,14.408
1957-01-20,14.189
1957-01-21,13.938
1957-01-22,13.789
1957-01-23,13.856
1957-01-24,14.03
1957-01-25,14.073
1957-01-26,13.758
1957-01-27,13.169
1957-01-28,12.795
1957-01-29,12.525
1957-01-30,12.705
1957-01-31,17.833
1957-02-01,17.296
1957-02-02,19.126
1957-02-03,27.139
1957-02-04,54.218
1957-02-05,58.487
1957-02-06,35.565
1957-02-07,16.54
1957-02-08,11.464
1957-02-09,10.756
1957-02-10,10.535
1957-02-11,10.4
1957-02-12,10.298
1957-02-13,10.22
1957-02-14,10.163
1957-02-15,9.954
1957-02-16,9.769
1957-02-17,9.632
1957-02-18,9.528
1957-02-19,9.391
1957-02-20,9.238
1957-02-21,9.108
1957-02-22,8.972
1957-02-23,8.85
1957-02-24,8.799
1957-02-25,8.626
1957-02-26,8.443
1957-02-27,8.347
1957-02-28,8.295
1957-03-01,8.275
1957-03-02,9.198
1957-03-03,10.738
1957-03-04,11.057
1957-03-05,11.477
1957-03-06,13.496
1957-03-07,11.817
1957-03-08,9.468
1957-03-09,8.51
1957-03-10,8.274
1957-03-11,14.312
1957-03-12,29.76
1957-03-13,66.905
1957-03-14,124.48
1957-03-15,86.88
1957-03-16,46.613
1957-03-17,23.847
1957-03-18,11.125
1957-03-19,7.637
1957-03-20,7.134
1957-03-21,6.884
1957-03-22,6.677
1957-03-23,6.952
1957-03-24,7.462
1957-03-25,7.511
1957-03-26,8.338
1957-03-27,101.92
1957-03-28,420.338
1957-03-29,692.227
1957-03-30,646.267
1957-03-31,292.458
1957-04-01,114.904
1957-04-02,62.865
1957-04-03,49.122
1957-04-04,31.785
1957-04-05,20.051
1957-04-06,28.024
1957-04-07,26.945
1957-04-08,14.895
1957-04-09,9.11
1957-04-10,8.336
1957-04-11,9.395
1957-04-12,12.095
1957-04-13,12.611
1957-04-14,11.5
1957-04-15,13.151
1957-04-16,16.751
1957-04-17,17.078
1957-04-18,26.969
1957-04-19,46.454
1957-04-20,67.146
1957-04-21,58.35
1957-04-22,47.625
1957-04-23,59.14
1957-04-24,147.493
1957-04-25,170.287
1957-04-26,105.782
1957-04-27,91.645
1957-04-28,148.789
1957-04-29,150.323
1957-04-30,102.53
1957-05-01,66.925
1957-05-02,44.81
1957-05-03,35.5
1957-05-04,44.881
1957-05-05,60.754
1957-05-06,75.041
1957-05-07,92.291
1957-05-08,85.083
1957-05-09,86.456
1957-05-10,70.672
1957-05-11,47.63
1957-05-12,43.765
1957-05-13,38.666
1957-05-14,42.322
1957-05-15,36.458
1957-05-16,36.824
1957-05-17,69.522
1957-05-18,77.032
1957-05-19,50.36
1957-05-20,37.549
1957-05-21,45.34
1957-05-22,90.203
1957-05-23,103.082
1957-05-24,93.064
1957-05-25,81.349
1957-05-26,80.578
1957-05-27,66.302
1957-05-28,42.33
1957-05-29,41.372
1957-05-30,84.421
1957-05-31,135.378
1957-06-01,167.926
1957-06-02,147.101
1957-06-03,120.225
1957-06-04,98.76
1957-06-05,152.59
1957-06-06,287.196
1957-06-07,158.025
1957-06-08,97.635
1957-06-09,93.482
1957-06-10,84.745
1957-06-11,76.754
1957-06-12,73.748
1957-06-13,62.755
1957-06-14,53.478
1957-06-15,47.664
1957-06-16,50.463
1957-06-17,45.521
1957-06-18,39.768
1957-06-19,37.001
1957-06-20,36.514
1957-06-21,36.045
1957-06-22,34.948
1957-06-23,33.707
1957-06-24,33.419
1957-06-25,33.44
1957-06-26,33.08
1957-06-27,33.827
1957-06-28,38.566
1957-06-29,43.317
1957-06-30,46.507
1957-07-01,46.494
1957-07-02,44.478
1957-07-03,37.105
1957-07-04,36.287
1957-07-05,33.332
1957-07-06,31.368
1957-07-07,37.181
1957-07-08,41.403
1957-07-09,39.032
1957-07-10,47.815
1957-07-11,46.91
1957-07-12,53.013
1957-07-13,55.131
1957-07-14,63.342
1957-07-15,62.533
1957-07-16,61.583
1957-07-17,49.941
1957-07-18,46.425
1957-07-19,50.124
1957-07-20,70.429
1957-07-21,71.804
1957-07-22,57.028
1957-07-23,40.056
1957-07-24,35.54
1957-07-25,40.929
1957-07-26,45.83
1957-07-27,54.826
1957-07-28,47.517
1957-07-29,41.11
1957-07-30,39.001
1957-07-31,37.254
1957-08-01,37.276
1957-08-02,40.086
1957-08-03,45.122
1957-08-04,73.455
1957-08-05,89.981
1957-08-06,95.169
1957-08-07,126.296
1957-08-08,125.254
1957-08-09,96.181
1957-08-10,90.184
1957-08-11,80.709
1957-08-12,63.425
1957-08-13,64.133
1957-08-14,89.587
1957-08-15,105.526
1957-08-16,88.653
1957-08-17,106.783
1957-08-18,106.529
1957-08-19,90.048
1957-08-20,75.326
1957-08-21,66.697
1957-08-22,61.922
1957-08-23,60.13
1957-08-24,61.237
1957-08-25,63.523
1957-08-26,68.246
1957-08-27,73.928
1957-08-28,66.69
1957-08-29,65.913
1957-08-30,68.949
1957-08-31,65.818
1957-09-01,59.685
1957-09-02,50.692
1957-09-03,47.091
1957-09-04,45.747
1957-09-05,44.687
1957-09-06,43.748
1957-09-07,42.739
1957-09-08,41.842
1957-09-09,41.047
1957-09-10,40.281
1957-09-11,39.451
1957-09-12,38.658
1957-09-13,38.326
1957-09-14,38.019
1957-09-15,37.705
1957-09-16,37.04
1957-09-17,36.182
1957-09-18,35.398
1957-09-19,34.306
1957-09-20,33.325
1957-09-21,32.435
1957-09-22,31.647
1957-09-23,30.959
1957-09-24,30.367
1957-09-25,29.778
1957-09-26,29.197
1957-09-27,28.577
1957-09-28,27.918
1957-09-29,27.471
1957-09-30,27.292
1957-10-01,27.058
1957-10-02,26.899
1957-10-03,26.508
1957-10-04,25.565
1957-10-05,24.68
1957-10-06,23.981
1957-10-07,23.428
1957-10-08,22.887
1957-10-09,22.56
1957-10-10,21.986
1957-10-11,21.457
1957-10-12,21.024
1957-10-13,20.635
1957-10-14,20.174
1957-10-15,19.66
1957-10-16,19.163
1957-10-17,18.728
1957-10-18,18.649
1957-10-19,19.066
1957-10-20,19.654
1957-10-21,19.982
1957-10-22,19.231
1957-10-23,18.056
1957-10-24,19.42
1957-10-25,23.397
1957-10-26,21.833
1957-10-27,18.464
1957-10-28,17.032
1957-10-29,16.681
1957-10-30,16.247
1957-10-31,15.298
1957-11-01,14.869
1957-11-02,14.321
1957-11-03,13.804
1957-11-04,13.546
1957-11-05,15.305
1957-11-06,23.582
1957-11-07,22.346
1957-11-08,21.636
1957-11-09,23.002
1957-11-10,25.0
1957-11-11,17.975
1957-11-12,14.55
1957-11-13,19.807
1957-11-14,29.304
1957-11-15,26.101
1957-11-16,24.845
1957-11-17,21.749
1957-11-18,14.052
1957-11-19,11.66
1957-11-20,10.909
1957-11-21,10.313
1957-11-22,10.176
1957-11-23,10.112
1957-11-24,9.987
1957-11-25,9.832
1957-11-26,9.665
1957-11-27,9.558
1957-11-28,9.464
1957-11-29,9.346
1957-11-30,9.27
1957-12-01,9.326
1957-12-02,11.32
1957-12-03,17.1
1957-12-04,22.633
1957-12-05,19.984
1957-12-06,18.071
1957-12-07,17.006
1957-12-08,14.531
1957-12-09,10.272
1957-12-10,8.476
1957-12-11,8.198
1957-12-12,7.901
1957-12-13,7.938
1957-12-14,8.036
1957-12-15,7.852
1957-12-16,7.621
1957-12-17,7.41
1957-12-18,7.19
1957-12-19,6.956
1957-12-20,6.846
1957-12-21,6.754
1957-12-22,6.654
1957-12-23,6.519
1957-12-24,6.398
1957-12-25,6.318
1957-12-26,6.349
1957-12-27,6.439
1957-12-28,6.367
1957-12-29,6.124
1957-12-30,5.974
1957-12-31,5.849
1958-01-01,5.757
1958-01-02,5.688
1958-01-03,5.713
1958-01-04,5.652
1958-01-05,5.492
1958-01-06,5.396
1958-01-07,5.331
1958-01-08,5.242
1958-01-09,5.178
1958-01-10,5.161
1958-01-11,5.017
1958-01-12,4.91
1958-01-13,4.83
1958-01-14,4.916
1958-01-15,5.013
1958-01-16,5.002
1958-01-17,4.912
1958-01-18,4.773
1958-01-19,4.591
1958-01-20,4.457
1958-01-21,4.366
1958-01-22,4.332
1958-01-23,4.379
1958-01-24,4.74
1958-01-25,5.366
1958-01-26,6.039
1958-01-27,7.31
1958-01-28,8.304
1958-01-29,7.915
1958-01-30,6.014
1958-01-31,4.807
1958-02-01,4.495
1958-02-02,4.077
1958-02-03,3.781
1958-02-04,3.675
1958-02-05,3.694
1958-02-06,3.706
1958-02-07,3.594
1958-02-08,3.582
1958-02-09,3.9
1958-02-10,4.43
1958-02-11,5.211
1958-02-12,6.916
1958-02-13,9.217
1958-02-14,14.104
1958-02-15,13.015
1958-02-16,9.846
1958-02-17,12.115
1958-02-18,13.992
1958-02-19,12.13
1958-02-20,7.355
1958-02-21,4.297
1958-02-22,3.314
1958-02-23,3.208
1958-02-24,3.21
1958-02-25,3.085
1958-02-26,3.048
1958-02-27,3.016
1958-02-28,2.955
1958-03-01,2.836
1958-03-02,2.765
1958-03-03,2.755
1958-03-04,2.772
1958-03-05,2.736
1958-03-06,2.704
1958-03-07,2.685
1958-03-08,2.73
1958-03-09,2.802
1958-03-10,3.031
1958-03-11,2.976
1958-03-12,2.901
1958-03-13,2.818
1958-03-14,2.615
1958-03-15,2.633
1958-03-16,2.816
1958-03-17,5.411
1958-03-18,9.004
1958-03-19,8.444
1958-03-20,10.939
1958-03-21,16.759
1958-03-22,19.348
1958-03-23,18.904
1958-03-24,16.622
1958-03-25,10.528
1958-03-26,9.231
1958-03-27,4.337
1958-03-28,2.733
1958-03-29,3.038
1958-03-30,3.11
1958-03-31,2.676
1958-04-01,2.467
1958-04-02,2.392
1958-04-03,2.226
1958-04-04,2.153
1958-04-05,2.074
1958-04-06,1.975
1958-04-07,1.999
1958-04-08,1.966
1958-04-09,1.947
1958-04-10,2.125
1958-04-11,2.312
1958-04-12,2.394
1958-04-13,2.177
1958-04-14,2.131
1958-04-15,2.003
1958-04-16,1.979
1958-04-17,2.308
1958-04-18,2.953
1958-04-19,3.351
1958-04-20,4.616
1958-04-21,8.866
1958-04-22,14.238
1958-04-23,11.702
1958-04-24,18.946
1958-04-25,21.13
1958-04-26,24.963
1958-04-27,25.758
1958-04-28,27.46
1958-04-29,45.453
1958-04-30,63.95
1958-05-01,69.583
1958-05-02,79.934
1958-05-03,101.531
1958-05-04,116.055
1958-05-05,112.744
1958-05-06,91.255
1958-05-07,80.252
1958-05-08,58.943
1958-05-09,65.213
1958-05-10,50.923
1958-05-11,51.029
1958-05-12,70.076
1958-05-13,94.569
1958-05-14,90.132
1958-05-15,104.234
1958-05-16,128.516
1958-05-17,149.177
1958-05-18,188.067
1958-05-19,139.455
1958-05-20,70.187
1958-05-21,26.014
1958-05-22,10.228
1958-05-23,8.308
1958-05-24,10.095
1958-05-25,9.353
1958-05-26,8.307
1958-05-27,11.72
1958-05-28,12.256
1958-05-29,10.287
1958-05-30,5.91
1958-05-31,4.736
1958-06-01,5.919
1958-06-02,14.927
1958-06-03,43.876
1958-06-04,87.188
1958-06-05,150.024
1958-06-06,208.699
1958-06-07,221.01
1958-06-08,191.635
1958-06-09,161.222
1958-06-10,122.056
1958-06-11,82.478
1958-06-12,50.153
1958-06-13,26.303
1958-06-14,20.318
1958-06-15,19.861
1958-06-16,15.761
1958-06-17,14.22
1958-06-18,14.158
1958-06-19,14.432
1958-06-20,15.508
1958-06-21,18.333
1958-06-22,19.299
1958-06-23,23.648
1958-06-24,78.842
1958-06-25,146.535
1958-06-26,90.897
1958-06-27,65.97
1958-06-28,68.419
1958-06-29,70.975
1958-06-30,81.356
1958-07-01,122.045
1958-07-02,125.714
1958-07-03,92.968
1958-07-04,70.17
1958-07-05,62.395
1958-07-06,76.646
1958-07-07,113.28
1958-07-08,107.634
1958-07-09,85.277
1958-07-10,61.865
1958-07-11,42.234
1958-07-12,36.427
1958-07-13,42.835
1958-07-14,69.192
1958-07-15,108.232
1958-07-16,132.422
1958-07-17,133.003
1958-07-18,127.423
1958-07-19,118.573
1958-07-20,106.86
1958-07-21,133.445
1958-07-22,148.837
1958-07-23,157.213
1958-07-24,160.879
1958-07-25,156.139
1958-07-26,189.855
1958-07-27,269.828
1958-07-28,252.564
1958-07-29,230.446
1958-07-30,257.363
1958-07-31,328.968
1958-08-01,292.232
1958-08-02,234.892
1958-08-03,165.928
1958-08-04,129.136
1958-08-05,127.325
1958-08-06,137.355
1958-08-07,137.846
1958-08-08,132.246
1958-08-09,146.964
1958-08-10,171.527
1958-08-11,190.577
1958-08-12,231.694
1958-08-13,307.64
1958-08-14,263.235
1958-08-15,219.905
1958-08-16,196.522
1958-08-17,200.587
1958-08-18,210.297
1958-08-19,216.605
1958-08-20,212.44
1958-08-21,198.563
1958-08-22,254.645
1958-08-23,278.528
1958-08-24,304.251
1958-08-25,332.134
1958-08-26,303.711
1958-08-27,283.909
1958-08-28,290.13
1958-08-29,269.443
1958-08-30,245.162
1958-08-31,211.47
1958-09-01,185.849
1958-09-02,174.334
1958-09-03,171.758
1958-09-04,171.353
1958-09-05,165.338
1958-09-06,168.681
1958-09-07,224.342
1958-09-08,257.065
1958-09-09,221.738
1958-09-10,161.743
1958-09-11,136.021
1958-09-12,129.628
1958-09-13,127.724
1958-09-14,129.085
1958-09-15,149.1
1958-09-16,176.253
1958-09-17,204.852
1958-09-18,217.483
1958-09-19,182.026
1958-09-20,132.862
1958-09-21,109.423
1958-09-22,102.757
1958-09-23,100.217
1958-09-24,98.267
1958-09-25,96.48
1958-09-26,94.661
1958-09-27,92.471
1958-09-28,90.216
1958-09-29,87.928
1958-09-30,85.695
1958-10-01,83.549
1958-10-02,81.53
1958-10-03,79.494
1958-10-04,77.475
1958-10-05,75.846
1958-10-06,74.86
1958-10-07,74.87
1958-10-08,75.207
1958-10-09,72.988
1958-10-10,71.734
1958-10-11,80.05
1958-10-12,94.803
1958-10-13,93.26
1958-10-14,99.21
1958-10-15,83.944
1958-10-16,81.769
1958-10-17,85.252
1958-10-18,79.893
1958-10-19,68.268
1958-10-20,56.833
1958-10-21,53.212
1958-10-22,51.953
1958-10-23,50.945
1958-10-24,50.05
1958-10-25,49.139
1958-10-26,48.275
1958-10-27,47.33
1958-10-28,46.412
1958-10-29,45.476
1958-10-30,44.583
1958-10-31,43.598
1958-11-01,42.68
1958-11-02,41.787
1958-11-03,41.002
1958-11-04,40.173
1958-11-05,39.31
1958-11-06,38.456
1958-11-07,37.609
1958-11-08,36.844
1958-11-09,36.096
1958-11-10,35.398
1958-11-11,34.787
1958-11-12,34.1
1958-11-13,33.345
1958-11-14,32.768
1958-11-15,32.208
1958-11-16,31.587
1958-11-17,31.046
1958-11-18,30.385
1958-11-19,29.703
1958-11-20,29.017
1958-11-21,28.4
1958-11-22,27.845
1958-11-23,27.322
1958-11-24,26.611
1958-11-25,26.1
1958-11-26,25.782
1958-11-27,25.645
1958-11-28,25.673
1958-11-29,25.322
1958-11-30,25.09
1958-12-01,24.392
1958-12-02,23.373
1958-12-03,22.479
1958-12-04,21.859
1958-12-05,21.364
1958-12-06,20.95
1958-12-07,20.563
1958-12-08,20.19
1958-12-09,19.791
1958-12-10,19.381
1958-12-11,19.02
1958-12-12,18.699
1958-12-13,18.488
1958-12-14,18.462
1958-12-15,18.908
1958-12-16,22.176
1958-12-17,23.687
1958-12-18,29.303
1958-12-19,34.733
1958-12-20,47.905
1958-12-21,72.18
1958-12-22,70.946
1958-12-23,49.718
1958-12-24,34.34
1958-12-25,23.469
1958-12-26,18.245
1958-12-27,15.995
1958-12-28,15.131
1958-12-29,14.702
1958-12-30,14.243
1958-12-31,13.957
1959-01-01,13.714
1959-01-02,13.741
1959-01-03,13.883
1959-01-04,14.219
1959-01-05,15.314
1959-01-06,15.97
1959-01-07,16.167
1959-01-08,16.062
1959-01-09,15.81
1959-01-10,15.502
1959-01-11,15.2
1959-01-12,14.87
1959-01-13,14.601
1959-01-14,14.374
1959-01-15,14.137
1959-01-16,13.883
1959-01-17,13.616
1959-01-18,13.398
1959-01-19,13.212
1959-01-20,13.045
1959-01-21,12.917
1959-01-22,12.8
1959-01-23,12.588
1959-01-24,12.538
1959-01-25,13.038
1959-01-26,17.333
1959-01-27,19.763
1959-01-28,18.266
1959-01-29,19.177
1959-01-30,19.138
1959-01-31,17.814
1959-02-01,13.776
1959-02-02,11.74
1959-02-03,11.153
1959-02-04,10.863
1959-02-05,10.725
1959-02-06,10.578
1959-02-07,10.491
1959-02-08,10.793
1959-02-09,11.522
1959-02-10,12.371
1959-02-11,16.125
1959-02-12,16.684
1959-02-13,16.096
1959-02-14,14.499
1959-02-15,12.828
1959-02-16,10.347
1959-02-17,9.655
1959-02-18,9.355
1959-02-19,9.11
1959-02-20,8.765
1959-02-21,8.458
1959-02-22,8.257
1959-02-23,8.125
1959-02-24,8.13
1959-02-25,8.497
1959-02-26,8.748
1959-02-27,8.962
1959-02-28,9.055
1959-03-01,9.868
1959-03-02,10.7
1959-03-03,10.15
1959-03-04,12.074
1959-03-05,15.268
1959-03-06,20.41
1959-03-07,22.326
1959-03-08,16.842
1959-03-09,11.86
1959-03-10,7.949
1959-03-11,6.902
1959-03-12,6.705
1959-03-13,6.689
1959-03-14,6.499
1959-03-15,6.387
1959-03-16,6.38
1959-03-17,6.331
1959-03-18,6.28
1959-03-19,6.377
1959-03-20,7.948
1959-03-21,15.371
1959-03-22,57.757
1959-03-23,112.457
1959-03-24,127.167
1959-03-25,114.918
1959-03-26,58.043
1959-03-27,42.123
1959-03-28,51.507
1959-03-29,70.968
1959-03-30,76.352
1959-03-31,85.86
1959-04-01,61.989
1959-04-02,29.133
1959-04-03,11.35
1959-04-04,6.763
1959-04-05,6.426
1959-04-06,5.971
1959-04-07,5.532
1959-04-08,5.317
1959-04-09,5.233
1959-04-10,5.238
1959-04-11,5.39
1959-04-12,5.731
1959-04-13,7.563
1959-04-14,9.081
1959-04-15,13.466
1959-04-16,23.252
1959-04-17,43.683
1959-04-18,86.078
1959-04-19,155.998
1959-04-20,220.608
1959-04-21,226.035
1959-04-22,177.591
1959-04-23,101.21
1959-04-24,47.239
1959-04-25,28.478
1959-04-26,22.791
1959-04-27,27.627
1959-04-28,44.9
1959-04-29,70.507
1959-04-30,68.135
1959-05-01,74.374
1959-05-02,108.735
1959-05-03,121.55
1959-05-04,105.437
1959-05-05,65.17
1959-05-06,42.766
1959-05-07,28.572
1959-05-08,16.813
1959-05-09,13.21
1959-05-10,13.746
1959-05-11,24.93
1959-05-12,56.189
1959-05-13,75.466
1959-05-14,90.574
1959-05-15,109.37
1959-05-16,116.942
1959-05-17,122.161
1959-05-18,130.719
1959-05-19,91.201
1959-05-20,92.187
1959-05-21,113.315
1959-05-22,118.727
1959-05-23,111.104
1959-05-24,107.499
1959-05-25,91.304
1959-05-26,66.701
1959-05-27,56.651
1959-05-28,50.871
1959-05-29,56.075
1959-05-30,75.179
1959-05-31,99.968
1959-06-01,86.882
1959-06-02,68.238
1959-06-03,53.367
1959-06-04,52.55
1959-06-05,80.058
1959-06-06,90.02
1959-06-07,58.308
1959-06-08,40.537
1959-06-09,45.136
1959-06-10,48.075
1959-06-11,37.197
1959-06-12,27.291
1959-06-13,27.051
1959-06-14,26.835
1959-06-15,23.462
1959-06-16,22.393
1959-06-17,23.501
1959-06-18,23.891
1959-06-19,22.22
1959-06-20,21.857
1959-06-21,21.968
1959-06-22,21.404
1959-06-23,21.797
1959-06-24,22.356
1959-06-25,24.135
1959-06-26,27.951
1959-06-27,30.143
1959-06-28,35.415
1959-06-29,50.033
1959-06-30,57.57
1959-07-01,62.131
1959-07-02,75.861
1959-07-03,132.023
1959-07-04,189.399
1959-07-05,179.162
1959-07-06,123.241
1959-07-07,131.402
1959-07-08,206.56
1959-07-09,207.308
1959-07-10,146.81
1959-07-11,96.066
1959-07-12,63.708
1959-07-13,48.173
1959-07-14,45.903
1959-07-15,46.965
1959-07-16,48.338
1959-07-17,51.444
1959-07-18,53.013
1959-07-19,63.997
1959-07-20,74.315
1959-07-21,91.562
1959-07-22,130.666
1959-07-23,171.825
1959-07-24,189.932
1959-07-25,184.341
1959-07-26,230.606
1959-07-27,204.578
1959-07-28,189.461
1959-07-29,211.074
1959-07-30,220.791
1959-07-31,242.782
1959-08-01,235.679
1959-08-02,201.975
1959-08-03,184.16
1959-08-04,188.682
1959-08-05,188.617
1959-08-06,170.878
1959-08-07,148.193
1959-08-08,134.494
1959-08-09,133.723
1959-08-10,135.598
1959-08-11,128.463
1959-08-12,125.858
1959-08-13,120.923
1959-08-14,117.498
1959-08-15,126.607
1959-08-16,146.864
1959-08-17,156.898
1959-08-18,171.863
1959-08-19,162.126
1959-08-20,169.945
1959-08-21,187.72
1959-08-22,260.028
1959-08-23,276.748
1959-08-24,272.588
1959-08-25,231.605
1959-08-26,180.056
1959-08-27,182.365
1959-08-28,182.342
1959-08-29,183.683
1959-08-30,201.615
1959-08-31,182.314
1959-09-01,170.425
1959-09-02,145.378
1959-09-03,150.055
1959-09-04,208.202
1959-09-05,222.093
1959-09-06,265.09
1959-09-07,294.215
1959-09-08,277.956
1959-09-09,266.822
1959-09-10,253.11
1959-09-11,232.387
1959-09-12,210.038
1959-09-13,187.564
1959-09-14,179.312
1959-09-15,176.735
1959-09-16,176.655
1959-09-17,182.064
1959-09-18,184.334
1959-09-19,199.805
1959-09-20,199.593
1959-09-21,176.159
1959-09-22,150.412
1959-09-23,141.018
1959-09-24,137.317
1959-09-25,134.492
1959-09-26,134.079
1959-09-27,129.942
1959-09-28,125.058
1959-09-29,121.123
1959-09-30,118.005
1959-10-01,115.027
1959-10-02,114.558
1959-10-03,113.748
1959-10-04,115.262
1959-10-05,131.2
1959-10-06,158.48
1959-10-07,185.406
1959-10-08,252.209
1959-10-09,280.992
1959-10-10,282.195
1959-10-11,252.997
1959-10-12,167.421
1959-10-13,130.054
1959-10-14,106.032
1959-10-15,92.596
1959-10-16,87.98
1959-10-17,86.347
1959-10-18,85.231
1959-10-19,84.092
1959-10-20,83.076
1959-10-21,85.218
1959-10-22,101.109
1959-10-23,113.973
1959-10-24,122.943
1959-10-25,129.458
1959-10-26,117.964
1959-10-27,97.746
1959-10-28,91.331
1959-10-29,89.288
1959-10-30,81.072
1959-10-31,75.723
1959-11-01,76.087
1959-11-02,83.335
1959-11-03,112.657
1959-11-04,137.863
1959-11-05,129.908
1959-11-06,121.184
1959-11-07,117.526
1959-11-08,128.971
1959-11-09,105.955
1959-11-10,82.672
1959-11-11,68.854
1959-11-12,64.98
1959-11-13,64.056
1959-11-14,63.495
1959-11-15,62.53
1959-11-16,61.633
1959-11-17,60.806
1959-11-18,59.788
1959-11-19,58.915
1959-11-20,58.757
1959-11-21,59.848
1959-11-22,60.868
1959-11-23,58.868
1959-11-24,56.615
1959-11-25,55.567
1959-11-26,54.571
1959-11-27,53.587
1959-11-28,59.46
1959-11-29,69.585
1959-11-30,66.201
1959-12-01,60.766
1959-12-02,54.392
1959-12-03,52.288
1959-12-04,53.435
1959-12-05,52.864
1959-12-06,48.044
1959-12-07,45.677
1959-12-08,44.107
1959-12-09,42.882
1959-12-10,41.978
1959-12-11,41.238
1959-12-12,40.527
1959-12-13,39.87
1959-12-14,39.202
1959-12-15,38.498
1959-12-16,37.878
1959-12-17,37.163
1959-12-18,36.384
1959-12-19,35.723
1959-12-20,35.09
1959-12-21,34.473
1959-12-22,33.88
1959-12-23,33.262
1959-12-24,32.62
1959-12-25,32.027
1959-12-26,31.427
1959-12-27,30.889
1959-12-28,30.315
1959-12-29,29.802
1959-12-30,29.48
1959-12-31,29.059
1960-01-01,28.511
1960-01-02,27.793
1960-01-03,27.276
1960-01-04,26.696
1960-01-05,26.104
1960-01-06,25.594
1960-01-07,25.091
1960-01-08,24.592
1960-01-09,24.105
1960-01-10,23.689
1960-01-11,23.351
1960-01-12,22.993
1960-01-13,22.681
1960-01-14,22.318
1960-01-15,21.95
1960-01-16,21.728
1960-01-17,21.358
1960-01-18,20.826
1960-01-19,20.398
1960-01-20,19.835
1960-01-21,19.41
1960-01-22,19.133
1960-01-23,18.816
1960-01-24,18.452
1960-01-25,18.168
1960-01-26,17.948
1960-01-27,17.7
1960-01-28,17.734
1960-01-29,18.354
1960-01-30,18.893
1960-01-31,17.859
1960-02-01,17.046
1960-02-02,16.418
1960-02-03,16.065
1960-02-04,15.812
1960-02-05,15.547
1960-02-06,15.143
1960-02-07,14.821
1960-02-08,14.562
1960-02-09,14.333
1960-02-10,14.129
1960-02-11,13.859
1960-02-12,13.597
1960-02-13,13.374
1960-02-14,13.331
1960-02-15,13.696
1960-02-16,14.282
1960-02-17,15.44
1960-02-18,14.565
1960-02-19,13.759
1960-02-20,13.253
1960-02-21,12.346
1960-02-22,11.89
1960-02-23,11.542
1960-02-24,11.337
1960-02-25,11.28
1960-02-26,11.496
1960-02-27,11.736
1960-02-28,11.341
1960-02-29,11.645
1960-03-01,13.53
1960-03-02,14.608
1960-03-03,12.878
1960-03-04,13.635
1960-03-05,17.682
1960-03-06,21.532
1960-03-07,16.323
1960-03-08,16.13
1960-03-09,16.27
1960-03-10,11.416
1960-03-11,9.436
1960-03-12,9.029
1960-03-13,8.902
1960-03-14,9.25
1960-03-15,11.66
1960-03-16,11.7
1960-03-17,13.998
1960-03-18,25.437
1960-03-19,42.886
1960-03-20,105.132
1960-03-21,155.74
1960-03-22,117.29
1960-03-23,106.385
1960-03-24,127.128
1960-03-25,79.954
1960-03-26,30.354
1960-03-27,13.835
1960-03-28,11.971
1960-03-29,17.051
1960-03-30,42.658
1960-03-31,59.58
1960-04-01,56.904
1960-04-02,70.109
1960-04-03,81.901
1960-04-04,66.188
1960-04-05,69.797
1960-04-06,73.641
1960-04-07,60.936
1960-04-08,50.265
1960-04-09,29.636
1960-04-10,14.445
1960-04-11,9.513
1960-04-12,9.467
1960-04-13,14.17
1960-04-14,14.029
1960-04-15,14.435
1960-04-16,18.378
1960-04-17,28.223
1960-04-18,31.698
1960-04-19,29.588
1960-04-20,25.18
1960-04-21,20.049
1960-04-22,17.732
1960-04-23,12.39
1960-04-24,9.864
1960-04-25,12.879
1960-04-26,16.592
1960-04-27,22.572
1960-04-28,50.65
1960-04-29,91.485
1960-04-30,90.233
1960-05-01,103.334
1960-05-02,140.86
1960-05-03,132.512
1960-05-04,106.923
1960-05-05,87.082
1960-05-06,60.314
1960-05-07,57.629
1960-05-08,68.939
1960-05-09,52.583
1960-05-10,29.81
1960-05-11,17.019
1960-05-12,15.256
1960-05-13,20.918
1960-05-14,33.847
1960-05-15,53.621
1960-05-16,80.723
1960-05-17,71.119
1960-05-18,75.134
1960-05-19,68.485
1960-05-20,62.111
1960-05-21,64.858
1960-05-22,75.763
1960-05-23,180.928
1960-05-24,228.598
1960-05-25,167.152
1960-05-26,155.564
1960-05-27,213.111
1960-05-28,211.806
1960-05-29,202.38
1960-05-30,193.883
1960-05-31,193.38
1960-06-01,187.041
1960-06-02,150.009
1960-06-03,102.661
1960-06-04,72.648
1960-06-05,62.368
1960-06-06,57.148
1960-06-07,53.517
1960-06-08,51.958
1960-06-09,54.728
1960-06-10,60.904
1960-06-11,57.495
1960-06-12,56.678
1960-06-13,56.657
1960-06-14,58.305
1960-06-15,68.311
1960-06-16,74.721
1960-06-17,63.987
1960-06-18,58.038
1960-06-19,49.446
1960-06-20,39.28
1960-06-21,36.896
1960-06-22,36.997
1960-06-23,38.043
1960-06-24,38.831
1960-06-25,36.516
1960-06-26,41.3
1960-06-27,42.871
1960-06-28,48.536
1960-06-29,74.012
1960-06-30,118.01
1960-07-01,182.219
1960-07-02,283.004
1960-07-03,252.925
1960-07-04,213.008
1960-07-05,191.751
1960-07-06,179.942
1960-07-07,154.021
1960-07-08,165.129
1960-07-09,173.39
1960-07-10,149.334
1960-07-11,126.147
1960-07-12,106.845
1960-07-13,130.223
1960-07-14,139.907
1960-07-15,115.127
1960-07-16,115.535
1960-07-17,107.633
1960-07-18,107.601
1960-07-19,113.832
1960-07-20,124.898
1960-07-21,148.008
1960-07-22,195.851
1960-07-23,210.672
1960-07-24,196.43
1960-07-25,195.077
1960-07-26,183.047
1960-07-27,182.591
1960-07-28,169.119
1960-07-29,165.31
1960-07-30,180.761
1960-07-31,193.578
1960-08-01,196.884
1960-08-02,212.083
1960-08-03,203.541
1960-08-04,201.342
1960-08-05,191.014
1960-08-06,154.041
1960-08-07,145.968
1960-08-08,152.527
1960-08-09,153.742
1960-08-10,152.308
1960-08-11,151.601
1960-08-12,157.021
1960-08-13,135.591
1960-08-14,120.035
1960-08-15,116.511
1960-08-16,111.478
1960-08-17,113.068
1960-08-18,121.469
1960-08-19,144.222
1960-08-20,154.22
1960-08-21,142.427
1960-08-22,157.3
1960-08-23,187.501
1960-08-24,236.248
1960-08-25,287.037
1960-08-26,326.685
1960-08-27,279.951
1960-08-28,243.772
1960-08-29,199.762
1960-08-30,173.307
1960-08-31,180.158
1960-09-01,202.873
1960-09-02,215.971
1960-09-03,201.214
1960-09-04,179.922
1960-09-05,180.77
1960-09-06,184.827
1960-09-07,187.915
1960-09-08,192.398
1960-09-09,190.265
1960-09-10,164.28
1960-09-11,146.599
1960-09-12,140.925
1960-09-13,140.877
1960-09-14,162.237
1960-09-15,190.922
1960-09-16,207.291
1960-09-17,220.365
1960-09-18,259.288
1960-09-19,254.438
1960-09-20,219.175
1960-09-21,185.665
1960-09-22,136.442
1960-09-23,124.912
1960-09-24,118.804
1960-09-25,113.972
1960-09-26,110.863
1960-09-27,108.765
1960-09-28,107.01
1960-09-29,106.108
1960-09-30,109.621
1960-10-01,121.712
1960-10-02,136.25
1960-10-03,163.383
1960-10-04,187.919
1960-10-05,203.398
1960-10-06,174.155
1960-10-07,137.496
1960-10-08,106.004
1960-10-09,99.774
1960-10-10,98.217
1960-10-11,98.3
1960-10-12,91.43
1960-10-13,91.33
1960-10-14,98.311
1960-10-15,99.845
1960-10-16,94.262
1960-10-17,89.538
1960-10-18,90.199
1960-10-19,86.074
1960-10-20,80.779
1960-10-21,80.104
1960-10-22,79.367
1960-10-23,77.233
1960-10-24,74.747
1960-10-25,72.766
1960-10-26,71.295
1960-10-27,70.256
1960-10-28,69.082
1960-10-29,67.505
1960-10-30,66.755
1960-10-31,66.575
1960-11-01,67.45
1960-11-02,68.03
1960-11-03,70.073
1960-11-04,65.751
1960-11-05,61.682
1960-11-06,60.02
1960-11-07,58.221
1960-11-08,58.863
1960-11-09,61.25
1960-11-10,57.675
1960-11-11,55.48
1960-11-12,55.299
1960-11-13,53.335
1960-11-14,50.545
1960-11-15,49.735
1960-11-16,50.123
1960-11-17,51.489
1960-11-18,54.544
1960-11-19,59.365
1960-11-20,57.706
1960-11-21,49.817
1960-11-22,47.65
1960-11-23,44.88
1960-11-24,41.45
1960-11-25,40.099
1960-11-26,39.47
1960-11-27,38.698
1960-11-28,37.98
1960-11-29,37.166
1960-11-30,36.318
1960-12-01,35.482
1960-12-02,34.755
1960-12-03,34.077
1960-12-04,33.371
1960-12-05,32.703
1960-12-06,32.055
1960-12-07,31.353
1960-12-08,30.78
1960-12-09,30.238
1960-12-10,29.682
1960-12-11,29.075
1960-12-12,28.47
1960-12-13,27.921
1960-12-14,27.3
1960-12-15,26.619
1960-12-16,26.031
1960-12-17,25.412
1960-12-18,24.857
1960-12-19,24.575
1960-12-20,25.058
1960-12-21,25.537
1960-12-22,25.555
1960-12-23,26.88
1960-12-24,25.535
1960-12-25,24.018
1960-12-26,22.839
1960-12-27,21.834
1960-12-28,21.138
1960-12-29,20.458
1960-12-30,19.873
1960-12-31,19.38
1961-01-01,18.973
1961-01-02,18.597
1961-01-03,18.256
1961-01-04,17.844
1961-01-05,17.502
1961-01-06,17.108
1961-01-07,16.742
1961-01-08,16.44
1961-01-09,16.132
1961-01-10,15.82
1961-01-11,15.494
1961-01-12,15.202
1961-01-13,14.913
1961-01-14,14.618
1961-01-15,14.38
1961-01-16,14.168
1961-01-17,13.921
1961-01-18,13.643
1961-01-19,13.359
1961-01-20,13.169
1961-01-21,12.902
1961-01-22,12.653
1961-01-23,12.413
1961-01-24,12.247
1961-01-25,12.058
1961-01-26,11.883
1961-01-27,11.79
1961-01-28,11.669
1961-01-29,11.498
1961-01-30,11.318
1961-01-31,10.96
1961-02-01,10.685
1961-02-02,10.753
1961-02-03,11.04
1961-02-04,11.123
1961-02-05,10.608
1961-02-06,11.411
1961-02-07,11.959
1961-02-08,12.602
1961-02-09,12.823
1961-02-10,12.487
1961-02-11,11.165
1961-02-12,9.838
1961-02-13,9.254
1961-02-14,8.999
1961-02-15,9.052
1961-02-16,9.604
1961-02-17,9.781
1961-02-18,8.696
1961-02-19,8.203
1961-02-20,7.995
1961-02-21,7.876
1961-02-22,7.775
1961-02-23,7.675
1961-02-24,7.56
1961-02-25,7.432
1961-02-26,7.282
1961-02-27,7.178
1961-02-28,7.082
1961-03-01,7.419
1961-03-02,7.999
1961-03-03,11.46
1961-03-04,18.503
1961-03-05,15.233
1961-03-06,10.163
1961-03-07,7.923
1961-03-08,6.866
1961-03-09,6.323
1961-03-10,6.06
1961-03-11,5.964
1961-03-12,5.894
1961-03-13,5.797
1961-03-14,5.749
1961-03-15,5.885
1961-03-16,6.104
1961-03-17,7.694
1961-03-18,7.333
1961-03-19,8.39
1961-03-20,9.095
1961-03-21,10.574
1961-03-22,11.005
1961-03-23,9.344
1961-03-24,8.819
1961-03-25,9.863
1961-03-26,8.754
1961-03-27,7.342
1961-03-28,6.654
1961-03-29,5.762
1961-03-30,5.133
1961-03-31,5.098
1961-04-01,5.52
1961-04-02,5.734
1961-04-03,6.094
1961-04-04,6.704
1961-04-05,6.625
1961-04-06,5.682
1961-04-07,5.407
1961-04-08,5.722
1961-04-09,6.438
1961-04-10,8.535
1961-04-11,12.176
1961-04-12,17.092
1961-04-13,24.427
1961-04-14,24.566
1961-04-15,14.99
1961-04-16,9.655
1961-04-17,8.215
1961-04-18,5.609
1961-04-19,5.526
1961-04-20,6.438
1961-04-21,6.338
1961-04-22,9.456
1961-04-23,16.612
1961-04-24,14.594
1961-04-25,8.104
1961-04-26,6.693
1961-04-27,4.735
1961-04-28,3.906
1961-04-29,3.605
1961-04-30,3.65
1961-05-01,4.695
1961-05-02,8.451
1961-05-03,16.627
1961-05-04,30.869
1961-05-05,49.521
1961-05-06,77.433
1961-05-07,93.142
1961-05-08,96.723
1961-05-09,91.991
1961-05-10,57.902
1961-05-11,42.04
1961-05-12,48.781
1961-05-13,71.25
1961-05-14,110.943
1961-05-15,119.383
1961-05-16,68.94
1961-05-17,54.387
1961-05-18,22.425
1961-05-19,6.351
1961-05-20,3.576
1961-05-21,4.872
1961-05-22,10.238
1961-05-23,26.078
1961-05-24,40.476
1961-05-25,62.643
1961-05-26,84.891
1961-05-27,79.987
1961-05-28,99.778
1961-05-29,122.709
1961-05-30,121.881
1961-05-31,76.08
1961-06-01,39.438
1961-06-02,18.712
1961-06-03,23.148
1961-06-04,35.185
1961-06-05,32.753
1961-06-06,20.415
1961-06-07,13.794
1961-06-08,14.27
1961-06-09,28.25
1961-06-10,61.916
1961-06-11,112.804
1961-06-12,133.339
1961-06-13,183.269
1961-06-14,225.178
1961-06-15,159.437
1961-06-16,70.402
1961-06-17,30.345
1961-06-18,18.132
1961-06-19,16.599
1961-06-20,26.467
1961-06-21,42.686
1961-06-22,45.534
1961-06-23,46.203
1961-06-24,38.468
1961-06-25,41.555
1961-06-26,92.52
1961-06-27,146.043
1961-06-28,196.283
1961-06-29,349.222
1961-06-30,398.437
1961-07-01,283.023
1961-07-02,247.344
1961-07-03,227.242
1961-07-04,204.118
1961-07-05,136.992
1961-07-06,103.908
1961-07-07,96.355
1961-07-08,115.67
1961-07-09,144.7
1961-07-10,171.432
1961-07-11,206.364
1961-07-12,181.542
1961-07-13,160.132
1961-07-14,140.69
1961-07-15,140.545
1961-07-16,138.6
1961-07-17,132.103
1961-07-18,122.18
1961-07-19,114.58
1961-07-20,146.466
1961-07-21,216.826
1961-07-22,273.117
1961-07-23,298.715
1961-07-24,274.024
1961-07-25,239.872
1961-07-26,213.879
1961-07-27,179.793
1961-07-28,194.74
1961-07-29,275.637
1961-07-30,334.162
1961-07-31,325.571
1961-08-01,278.598
1961-08-02,278.01
1961-08-03,321.365
1961-08-04,324.025
1961-08-05,265.335
1961-08-06,253.707
1961-08-07,323.426
1961-08-08,383.27
1961-08-09,406.321
1961-08-10,388.126
1961-08-11,408.655
1961-08-12,397.529
1961-08-13,407.161
1961-08-14,429.488
1961-08-15,483.599
1961-08-16,533.983
1961-08-17,535.279
1961-08-18,496.465
1961-08-19,432.276
1961-08-20,400.079
1961-08-21,427.525
1961-08-22,467.84
1961-08-23,484.753
1961-08-24,488.124
1961-08-25,517.889
1961-08-26,571.132
1961-08-27,515.938
1961-08-28,417.55
1961-08-29,381.34
1961-08-30,384.818
1961-08-31,396.68
1961-09-01,379.755
1961-09-02,369.689
1961-09-03,384.758
1961-09-04,474.2
1961-09-05,563.377
1961-09-06,699.759
1961-09-07,889.13
1961-09-08,712.246
1961-09-09,510.141
1961-09-10,386.405
1961-09-11,337.29
1961-09-12,319.515
1961-09-13,307.496
1961-09-14,295.376
1961-09-15,284.534
1961-09-16,274.762
1961-09-17,264.739
1961-09-18,258.705
1961-09-19,343.976
1961-09-20,465.086
1961-09-21,411.563
1961-09-22,311.838
1961-09-23,247.932
1961-09-24,225.7
1961-09-25,218.128
1961-09-26,209.442
1961-09-27,193.65
1961-09-28,188.48
1961-09-29,182.942
1961-09-30,183.876
1961-10-01,194.29
1961-10-02,206.5
1961-10-03,222.925
1961-10-04,228.387
1961-10-05,213.795
1961-10-06,213.74
1961-10-07,228.419
1961-10-08,254.191
1961-10-09,249.436
1961-10-10,225.707
1961-10-11,217.181
1961-10-12,223.408
1961-10-13,208.383
1961-10-14,177.358
1961-10-15,155.774
1961-10-16,143.148
1961-10-17,139.447
1961-10-18,138.286
1961-10-19,135.226
1961-10-20,132.133
1961-10-21,128.872
1961-10-22,126.5
1961-10-23,125.713
1961-10-24,123.275
1961-10-25,122.384
1961-10-26,127.267
1961-10-27,136.161
1961-10-28,137.255
1961-10-29,127.897
1961-10-30,121.465
1961-10-31,116.746
1961-11-01,109.582
1961-11-02,110.187
1961-11-03,112.495
1961-11-04,112.837
1961-11-05,105.575
1961-11-06,99.439
1961-11-07,95.469
1961-11-08,96.647
1961-11-09,142.705
1961-11-10,182.637
1961-11-11,150.442
1961-11-12,131.614
1961-11-13,136.514
1961-11-14,147.136
1961-11-15,166.984
1961-11-16,163.836
1961-11-17,152.301
1961-11-18,138.918
1961-11-19,154.62
1961-11-20,184.702
1961-11-21,189.164
1961-11-22,198.537
1961-11-23,187.371
1961-11-24,173.752
1961-11-25,186.343
1961-11-26,208.012
1961-11-27,211.112
1961-11-28,259.575
1961-11-29,349.978
1961-11-30,340.559
1961-12-01,246.213
1961-12-02,184.55
1961-12-03,160.686
1961-12-04,150.854
1961-12-05,143.312
1961-12-06,136.858
1961-12-07,130.607
1961-12-08,124.922
1961-12-09,120.171
1961-12-10,116.822
1961-12-11,114.442
1961-12-12,111.199
1961-12-13,110.694
1961-12-14,109.037
1961-12-15,111.547
1961-12-16,113.348
1961-12-17,116.747
1961-12-18,107.696
1961-12-19,93.449
1961-12-20,87.546
1961-12-21,86.735
1961-12-22,86.653
1961-12-23,84.893
1961-12-24,80.025
1961-12-25,77.176
1961-12-26,74.614
1961-12-27,72.674
1961-12-28,74.422
1961-12-29,76.924
1961-12-30,75.74
1961-12-31,78.56
1962-01-01,72.022
1962-01-02,66.24
1962-01-03,63.38
1962-01-04,61.41
1962-01-05,60.0
1962-01-06,58.696
1962-01-07,57.449
1962-01-08,56.393
1962-01-09,55.629
1962-01-10,55.913
1962-01-11,56.627
1962-01-12,59.916
1962-01-13,61.744
1962-01-14,57.855
1962-01-15,56.605
1962-01-16,53.864
1962-01-17,49.252
1962-01-18,47.403
1962-01-19,46.614
1962-01-20,45.907
1962-01-21,45.145
1962-01-22,44.294
1962-01-23,43.475
1962-01-24,42.639
1962-01-25,41.859
1962-01-26,41.25
1962-01-27,40.752
1962-01-28,40.351
1962-01-29,39.622
1962-01-30,38.91
1962-01-31,38.141
1962-02-01,37.447
1962-02-02,36.59
1962-02-03,35.759
1962-02-04,35.107
1962-02-05,34.54
1962-02-06,33.937
1962-02-07,33.331
1962-02-08,32.749
1962-02-09,32.182
1962-02-10,31.598
1962-02-11,31.096
1962-02-12,30.555
1962-02-13,30.078
1962-02-14,29.638
1962-02-15,29.158
1962-02-16,28.624
1962-02-17,28.082
1962-02-18,27.635
1962-02-19,27.178
1962-02-20,26.727
1962-02-21,26.33
1962-02-22,26.064
1962-02-23,25.544
1962-02-24,25.148
1962-02-25,24.834
1962-02-26,24.418
1962-02-27,23.894
1962-02-28,23.495
1962-03-01,23.406
1962-03-02,72.911
1962-03-03,226.555
1962-03-04,276.958
1962-03-05,170.348
1962-03-06,71.429
1962-03-07,49.736
1962-03-08,40.78
1962-03-09,29.703
1962-03-10,27.744
1962-03-11,27.553
1962-03-12,26.608
1962-03-13,24.353
1962-03-14,23.014
1962-03-15,22.508
1962-03-16,22.127
1962-03-17,21.416
1962-03-18,21.043
1962-03-19,22.218
1962-03-20,27.962
1962-03-21,34.908
1962-03-22,49.555
1962-03-23,44.975
1962-03-24,63.778
1962-03-25,84.131
1962-03-26,58.44
1962-03-27,44.994
1962-03-28,34.722
1962-03-29,31.771
1962-03-30,23.825
1962-03-31,18.505
1962-04-01,17.146
1962-04-02,16.831
1962-04-03,16.966
1962-04-04,17.254
1962-04-05,20.589
1962-04-06,21.299
1962-04-07,28.344
1962-04-08,41.275
1962-04-09,68.225
1962-04-10,102.964
1962-04-11,141.615
1962-04-12,132.332
1962-04-13,108.659
1962-04-14,75.445
1962-04-15,78.228
1962-04-16,131.708
1962-04-17,132.005
1962-04-18,74.678
1962-04-19,40.475
1962-04-20,26.928
1962-04-21,23.542
1962-04-22,21.655
1962-04-23,26.365
1962-04-24,49.349
1962-04-25,71.624
1962-04-26,95.843
1962-04-27,98.606
1962-04-28,110.845
1962-04-29,94.497
1962-04-30,81.537
1962-05-01,94.735
1962-05-02,125.76
1962-05-03,160.428
1962-05-04,171.898
1962-05-05,150.592
1962-05-06,115.469
1962-05-07,112.473
1962-05-08,130.118
1962-05-09,161.25
1962-05-10,230.558
1962-05-11,208.485
1962-05-12,186.262
1962-05-13,222.551
1962-05-14,220.133
1962-05-15,227.92
1962-05-16,245.408
1962-05-17,214.226
1962-05-18,186.274
1962-05-19,151.06
1962-05-20,130.775
1962-05-21,117.718
1962-05-22,110.172
1962-05-23,113.537
1962-05-24,129.14
1962-05-25,132.966
1962-05-26,117.13
1962-05-27,97.598
1962-05-28,93.925
1962-05-29,98.429
1962-05-30,108.72
1962-05-31,133.363
1962-06-01,153.793
1962-06-02,217.978
1962-06-03,179.034
1962-06-04,146.136
1962-06-05,139.227
1962-06-06,158.311
1962-06-07,155.638
1962-06-08,182.868
1962-06-09,217.888
1962-06-10,163.071
1962-06-11,126.103
1962-06-12,115.022
1962-06-13,105.431
1962-06-14,102.364
1962-06-15,105.3
1962-06-16,116.228
1962-06-17,145.23
1962-06-18,182.192
1962-06-19,234.448
1962-06-20,241.784
1962-06-21,180.325
1962-06-22,144.252
1962-06-23,126.892
1962-06-24,121.101
1962-06-25,131.483
1962-06-26,164.342
1962-06-27,180.6
1962-06-28,180.64
1962-06-29,172.62
1962-06-30,178.318
1962-07-01,171.567
1962-07-02,164.45
1962-07-03,238.609
1962-07-04,247.898
1962-07-05,222.426
1962-07-06,227.521
1962-07-07,232.609
1962-07-08,231.926
1962-07-09,223.411
1962-07-10,214.305
1962-07-11,211.279
1962-07-12,227.95
1962-07-13,243.512
1962-07-14,238.077
1962-07-15,219.237
1962-07-16,193.227
1962-07-17,193.753
1962-07-18,217.341
1962-07-19,218.771
1962-07-20,203.239
1962-07-21,207.899
1962-07-22,207.425
1962-07-23,189.875
1962-07-24,178.891
1962-07-25,169.26
1962-07-26,165.28
1962-07-27,164.947
1962-07-28,164.635
1962-07-29,179.623
1962-07-30,202.347
1962-07-31,243.151
1962-08-01,289.563
1962-08-02,250.16
1962-08-03,241.422
1962-08-04,231.53
1962-08-05,213.049
1962-08-06,191.276
1962-08-07,170.159
1962-08-08,176.85
1962-08-09,177.799
1962-08-10,169.763
1962-08-11,152.565
1962-08-12,159.441
1962-08-13,151.085
1962-08-14,137.83
1962-08-15,134.221
1962-08-16,131.01
1962-08-17,128.597
1962-08-18,127.858
1962-08-19,128.708
1962-08-20,132.558
1962-08-21,137.873
1962-08-22,142.637
1962-08-23,138.445
1962-08-24,129.941
1962-08-25,118.642
1962-08-26,114.235
1962-08-27,112.463
1962-08-28,111.104
1962-08-29,110.685
1962-08-30,113.601
1962-08-31,112.599
1962-09-01,112.621
1962-09-02,113.19
1962-09-03,116.807
1962-09-04,111.019
1962-09-05,100.031
1962-09-06,95.771
1962-09-07,95.631
1962-09-08,100.429
1962-09-09,102.628
1962-09-10,117.016
1962-09-11,132.355
1962-09-12,137.557
1962-09-13,142.732
1962-09-14,209.235
1962-09-15,178.995
1962-09-16,120.819
1962-09-17,123.154
1962-09-18,97.95
1962-09-19,85.993
1962-09-20,83.476
1962-09-21,85.955
1962-09-22,101.289
1962-09-23,129.55
1962-09-24,136.52
1962-09-25,165.46
1962-09-26,210.627
1962-09-27,197.763
1962-09-28,158.771
1962-09-29,136.381
1962-09-30,123.62
1962-10-01,110.37
1962-10-02,100.99
1962-10-03,97.371
1962-10-04,96.163
1962-10-05,89.271
1962-10-06,84.786
1962-10-07,82.222
1962-10-08,80.564
1962-10-09,78.855
1962-10-10,77.027
1962-10-11,77.019
1962-10-12,171.992
1962-10-13,276.703
1962-10-14,190.657
1962-10-15,155.62
1962-10-16,162.803
1962-10-17,176.036
1962-10-18,157.899
1962-10-19,153.649
1962-10-20,141.403
1962-10-21,146.793
1962-10-22,157.059
1962-10-23,152.543
1962-10-24,126.47
1962-10-25,114.942
1962-10-26,110.496
1962-10-27,112.683
1962-10-28,120.7
1962-10-29,131.202
1962-10-30,127.321
1962-10-31,116.455
1962-11-01,115.173
1962-11-02,119.333
1962-11-03,109.629
1962-11-04,98.798
1962-11-05,95.746
1962-11-06,106.685
1962-11-07,135.735
1962-11-08,167.677
1962-11-09,145.94
1962-11-10,122.406
1962-11-11,111.076
1962-11-12,98.531
1962-11-13,89.683
1962-11-14,85.778
1962-11-15,83.352
1962-11-16,81.845
1962-11-17,80.443
1962-11-18,79.115
1962-11-19,77.908
1962-11-20,76.822
1962-11-21,75.484
1962-11-22,73.957
1962-11-23,72.573
1962-11-24,73.363
1962-11-25,78.56
1962-11-26,78.586
1962-11-27,79.799
1962-11-28,94.898
1962-11-29,116.466
1962-11-30,124.078
1962-12-01,114.251
1962-12-02,120.462
1962-12-03,107.064
1962-12-04,91.959
1962-12-05,78.646
1962-12-06,70.131
1962-12-07,63.271
1962-12-08,59.273
1962-12-09,57.442
1962-12-10,56.68
1962-12-11,55.797
1962-12-12,54.691
1962-12-13,53.757
1962-12-14,52.944
1962-12-15,52.035
1962-12-16,51.145
1962-12-17,50.267
1962-12-18,49.395
1962-12-19,48.637
1962-12-20,47.83
1962-12-21,47.026
1962-12-22,46.279
1962-12-23,45.411
1962-12-24,44.48
1962-12-25,43.576
1962-12-26,42.787
1962-12-27,42.498
1962-12-28,42.797
1962-12-29,44.001
1962-12-30,47.438
1962-12-31,55.159
1963-01-01,60.832
1963-01-02,60.456
1963-01-03,54.448
1963-01-04,46.42
1963-01-05,45.185
1963-01-06,59.79
1963-01-07,65.134
1963-01-08,52.236
1963-01-09,50.887
1963-01-10,49.087
1963-01-11,45.822
1963-01-12,37.368
1963-01-13,34.996
1963-01-14,34.577
1963-01-15,32.992
1963-01-16,34.987
1963-01-17,37.647
1963-01-18,32.841
1963-01-19,30.521
1963-01-20,29.791
1963-01-21,29.36
1963-01-22,29.088
1963-01-23,28.905
1963-01-24,28.73
1963-01-25,28.417
1963-01-26,28.077
1963-01-27,27.821
1963-01-28,27.88
1963-01-29,28.537
1963-01-30,28.743
1963-01-31,28.428
1963-02-01,27.254
1963-02-02,26.164
1963-02-03,25.185
1963-02-04,24.535
1963-02-05,24.128
1963-02-06,23.763
1963-02-07,23.542
1963-02-08,24.317
1963-02-09,27.303
1963-02-10,33.652
1963-02-11,39.903
1963-02-12,52.456
1963-02-13,49.102
1963-02-14,38.758
1963-02-15,40.179
1963-02-16,46.708
1963-02-17,46.563
1963-02-18,35.858
1963-02-19,41.333
1963-02-20,45.405
1963-02-21,37.152
1963-02-22,27.267
1963-02-23,21.395
1963-02-24,19.823
1963-02-25,19.423
1963-02-26,19.202
1963-02-27,19.045
1963-02-28,18.884
1963-03-01,18.783
1963-03-02,18.765
1963-03-03,19.761
1963-03-04,28.166
1963-03-05,45.912
1963-03-06,53.32
1963-03-07,56.785
1963-03-08,48.871
1963-03-09,45.914
1963-03-10,32.137
1963-03-11,22.614
1963-03-12,21.068
1963-03-13,18.2
1963-03-14,20.252
1963-03-15,33.929
1963-03-16,44.709
1963-03-17,62.771
1963-03-18,98.814
1963-03-19,92.354
1963-03-20,104.321
1963-03-21,113.064
1963-03-22,109.565
1963-03-23,110.616
1963-03-24,81.154
1963-03-25,47.36
1963-03-26,29.479
1963-03-27,19.192
1963-03-28,17.201
1963-03-29,18.235
1963-03-30,24.716
1963-03-31,38.291
1963-04-01,33.652
1963-04-02,40.146
1963-04-03,56.022
1963-04-04,44.531
1963-04-05,44.974
1963-04-06,37.219
1963-04-07,21.778
1963-04-08,16.56
1963-04-09,15.536
1963-04-10,16.567
1963-04-11,25.009
1963-04-12,41.195
1963-04-13,58.351
1963-04-14,83.556
1963-04-15,91.652
1963-04-16,132.257
1963-04-17,162.542
1963-04-18,147.659
1963-04-19,163.898
1963-04-20,181.215
1963-04-21,169.245
1963-04-22,175.934
1963-04-23,176.78
1963-04-24,166.256
1963-04-25,144.38
1963-04-26,104.442
1963-04-27,97.633
1963-04-28,105.833
1963-04-29,129.082
1963-04-30,136.883
1963-05-01,139.41
1963-05-02,138.277
1963-05-03,133.652
1963-05-04,167.838
1963-05-05,223.9
1963-05-06,252.986
1963-05-07,274.633
1963-05-08,240.717
1963-05-09,212.465
1963-05-10,193.221
1963-05-11,196.514
1963-05-12,225.838
1963-05-13,347.548
1963-05-14,545.312
1963-05-15,485.184
1963-05-16,372.048
1963-05-17,253.245
1963-05-18,213.638
1963-05-19,194.793
1963-05-20,169.952
1963-05-21,151.578
1963-05-22,151.886
1963-05-23,161.211
1963-05-24,158.789
1963-05-25,144.484
1963-05-26,132.542
1963-05-27,130.779
1963-05-28,161.212
1963-05-29,184.817
1963-05-30,203.55
1963-05-31,211.627
1963-06-01,178.714
1963-06-02,149.039
1963-06-03,145.139
1963-06-04,175.162
1963-06-05,202.044
1963-06-06,241.767
1963-06-07,233.612
1963-06-08,250.049
1963-06-09,224.008
1963-06-10,172.249
1963-06-11,143.61
1963-06-12,150.853
1963-06-13,173.171
1963-06-14,163.248
1963-06-15,153.873
1963-06-16,144.628
1963-06-17,143.836
1963-06-18,136.527
1963-06-19,132.531
1963-06-20,134.08
1963-06-21,136.506
1963-06-22,132.462
1963-06-23,131.039
1963-06-24,136.767
1963-06-25,141.477
1963-06-26,136.742
1963-06-27,118.141
1963-06-28,113.983
1963-06-29,117.69
1963-06-30,124.47
1963-07-01,145.088
1963-07-02,137.225
1963-07-03,120.779
1963-07-04,105.466
1963-07-05,106.7
1963-07-06,115.07
1963-07-07,122.907
1963-07-08,139.621
1963-07-09,153.222
1963-07-10,159.649
1963-07-11,156.975
1963-07-12,148.998
1963-07-13,144.748
1963-07-14,142.444
1963-07-15,150.8
1963-07-16,312.332
1963-07-17,302.699
1963-07-18,203.79
1963-07-19,151.459
1963-07-20,131.548
1963-07-21,139.643
1963-07-22,154.868
1963-07-23,172.199
1963-07-24,196.56
1963-07-25,195.35
1963-07-26,179.84
1963-07-27,166.945
1963-07-28,158.948
1963-07-29,155.326
1963-07-30,168.043
1963-07-31,171.376
1963-08-01,187.177
1963-08-02,177.562
1963-08-03,173.106
1963-08-04,170.185
1963-08-05,166.645
1963-08-06,211.392
1963-08-07,264.964
1963-08-08,195.982
1963-08-09,168.008
1963-08-10,171.836
1963-08-11,180.575
1963-08-12,173.826
1963-08-13,186.426
1963-08-14,212.193
1963-08-15,257.021
1963-08-16,291.153
1963-08-17,362.444
1963-08-18,355.662
1963-08-19,366.262
1963-08-20,369.295
1963-08-21,362.292
1963-08-22,344.619
1963-08-23,322.467
1963-08-24,313.111
1963-08-25,297.624
1963-08-26,279.028
1963-08-27,268.914
1963-08-28,254.502
1963-08-29,245.479
1963-08-30,227.73
1963-08-31,209.485
1963-09-01,201.395
1963-09-02,197.475
1963-09-03,206.388
1963-09-04,219.333
1963-09-05,211.898
1963-09-06,197.015
1963-09-07,175.886
1963-09-08,159.006
1963-09-09,149.744
1963-09-10,144.29
1963-09-11,139.705
1963-09-12,135.484
1963-09-13,131.527
1963-09-14,127.685
1963-09-15,123.876
1963-09-16,120.15
1963-09-17,116.706
1963-09-18,113.152
1963-09-19,109.73
1963-09-20,106.533
1963-09-21,103.441
1963-09-22,100.46
1963-09-23,97.67
1963-09-24,95.087
1963-09-25,93.026
1963-09-26,91.555
1963-09-27,91.624
1963-09-28,92.087
1963-09-29,88.62
1963-09-30,84.818
1963-10-01,82.537
1963-10-02,81.634
1963-10-03,76.778
1963-10-04,73.009
1963-10-05,70.879
1963-10-06,69.351
1963-10-07,67.792
1963-10-08,66.493
1963-10-09,66.408
1963-10-10,67.532
1963-10-11,68.846
1963-10-12,71.365
1963-10-13,74.334
1963-10-14,74.6
1963-10-15,81.115
1963-10-16,77.425
1963-10-17,67.695
1963-10-18,61.811
1963-10-19,55.617
1963-10-20,51.162
1963-10-21,48.881
1963-10-22,47.592
1963-10-23,46.728
1963-10-24,46.148
1963-10-25,45.11
1963-10-26,43.828
1963-10-27,42.6
1963-10-28,41.644
1963-10-29,40.74
1963-10-30,40.001
1963-10-31,39.967
1963-11-01,50.837
1963-11-02,70.465
1963-11-03,86.837
1963-11-04,100.301
1963-11-05,86.662
1963-11-06,59.15
1963-11-07,42.99
1963-11-08,37.795
1963-11-09,35.392
1963-11-10,33.737
1963-11-11,32.833
1963-11-12,39.632
1963-11-13,60.128
1963-11-14,77.582
1963-11-15,81.755
1963-11-16,81.556
1963-11-17,64.995
1963-11-18,51.844
1963-11-19,55.027
1963-11-20,67.859
1963-11-21,96.727
1963-11-22,112.227
1963-11-23,98.169
1963-11-24,84.613
1963-11-25,97.682
1963-11-26,103.99
1963-11-27,93.009
1963-11-28,84.999
1963-11-29,70.101
1963-11-30,63.049
1963-12-01,60.078
1963-12-02,54.576
1963-12-03,69.706
1963-12-04,108.227
1963-12-05,113.457
1963-12-06,112.106
1963-12-07,145.459
1963-12-08,167.076
1963-12-09,203.002
1963-12-10,190.114
1963-12-11,162.612
1963-12-12,127.804
1963-12-13,113.207
1963-12-14,96.837
1963-12-15,78.803
1963-12-16,66.49
1963-12-17,62.293
1963-12-18,60.737
1963-12-19,59.362
1963-12-20,58.062
1963-12-21,56.808
1963-12-22,55.343
1963-12-23,53.947
1963-12-24,52.751
1963-12-25,51.733
1963-12-26,50.822
1963-12-27,51.3
1963-12-28,52.848
1963-12-29,49.846
1963-12-30,49.745
1963-12-31,48.585
1964-01-01,46.872
1964-01-02,41.938
1964-01-03,38.711
1964-01-04,35.206
1964-01-05,32.335
1964-01-06,31.735
1964-01-07,32.463
1964-01-08,32.681
1964-01-09,30.57
1964-01-10,29.04
1964-01-11,28.086
1964-01-12,27.469
1964-01-13,27.074
1964-01-14,26.463
1964-01-15,25.843
1964-01-16,25.285
1964-01-17,24.766
1964-01-18,24.298
1964-01-19,23.823
1964-01-20,23.352
1964-01-21,22.98
1964-01-22,22.619
1964-01-23,22.346
1964-01-24,21.811
1964-01-25,21.305
1964-01-26,20.878
1964-01-27,20.504
1964-01-28,20.104
1964-01-29,19.708
1964-01-30,19.338
1964-01-31,18.985
1964-02-01,18.624
1964-02-02,18.278
1964-02-03,17.96
1964-02-04,17.842
1964-02-05,17.916
1964-02-06,17.812
1964-02-07,17.522
1964-02-08,16.66
1964-02-09,16.179
1964-02-10,16.175
1964-02-11,16.163
1964-02-12,16.352
1964-02-13,16.142
1964-02-14,16.582
1964-02-15,15.73
1964-02-16,14.75
1964-02-17,14.174
1964-02-18,13.807
1964-02-19,13.632
1964-02-20,13.515
1964-02-21,13.371
1964-02-22,13.431
1964-02-23,13.52
1964-02-24,14.597
1964-02-25,17.458
1964-02-26,25.026
1964-02-27,29.363
1964-02-28,25.02
1964-02-29,19.842
1964-03-01,16.517
1964-03-02,23.225
1964-03-03,28.563
1964-03-04,21.64
1964-03-05,23.672
1964-03-06,30.883
1964-03-07,28.155
1964-03-08,19.279
1964-03-09,13.09
1964-03-10,10.828
1964-03-11,10.196
1964-03-12,9.968
1964-03-13,10.004
1964-03-14,9.796
1964-03-15,9.632
1964-03-16,9.929
1964-03-17,10.071
1964-03-18,9.648
1964-03-19,9.349
1964-03-20,9.16
1964-03-21,8.963
1964-03-22,8.8
1964-03-23,8.652
1964-03-24,8.751
1964-03-25,8.627
1964-03-26,8.809
1964-03-27,8.981
1964-03-28,8.988
1964-03-29,9.237
1964-03-30,9.297
1964-03-31,8.776
1964-04-01,8.305
1964-04-02,8.248
1964-04-03,8.288
1964-04-04,10.36
1964-04-05,13.505
1964-04-06,17.874
1964-04-07,18.99
1964-04-08,23.369
1964-04-09,18.695
1964-04-10,17.7
1964-04-11,16.19
1964-04-12,19.87
1964-04-13,15.815
1964-04-14,12.842
1964-04-15,9.033
1964-04-16,11.156
1964-04-17,32.435
1964-04-18,57.857
1964-04-19,67.544
1964-04-20,76.227
1964-04-21,109.942
1964-04-22,117.328
1964-04-23,113.158
1964-04-24,87.152
1964-04-25,66.655
1964-04-26,70.054
1964-04-27,40.745
1964-04-28,29.499
1964-04-29,14.404
1964-04-30,8.043
1964-05-01,6.483
1964-05-02,6.107
1964-05-03,6.082
1964-05-04,6.652
1964-05-05,7.998
1964-05-06,11.758
1964-05-07,23.705
1964-05-08,52.373
1964-05-09,114.16
1964-05-10,139.743
1964-05-11,155.057
1964-05-12,153.293
1964-05-13,155.545
1964-05-14,130.207
1964-05-15,121.898
1964-05-16,66.717
1964-05-17,43.102
1964-05-18,46.708
1964-05-19,53.11
1964-05-20,47.833
1964-05-21,35.212
1964-05-22,40.091
1964-05-23,39.566
1964-05-24,43.228
1964-05-25,61.78
1964-05-26,65.42
1964-05-27,47.77
1964-05-28,27.234
1964-05-29,21.024
1964-05-30,25.305
1964-05-31,34.819
1964-06-01,49.063
1964-06-02,44.863
1964-06-03,46.963
1964-06-04,51.766
1964-06-05,54.55
1964-06-06,64.064
1964-06-07,35.212
1964-06-08,29.351
1964-06-09,32.558
1964-06-10,31.738
1964-06-11,33.866
1964-06-12,46.938
1964-06-13,69.545
1964-06-14,97.653
1964-06-15,97.561
1964-06-16,87.418
1964-06-17,64.336
1964-06-18,57.966
1964-06-19,85.428
1964-06-20,102.105
1964-06-21,101.095
1964-06-22,95.691
1964-06-23,98.768
1964-06-24,98.264
1964-06-25,108.122
1964-06-26,120.178
1964-06-27,108.544
1964-06-28,92.614
1964-06-29,91.376
1964-06-30,100.033
1964-07-01,104.541
1964-07-02,84.881
1964-07-03,62.988
1964-07-04,57.277
1964-07-05,59.717
1964-07-06,60.315
1964-07-07,57.929
1964-07-08,70.492
1964-07-09,82.15
1964-07-10,75.215
1964-07-11,64.211
1964-07-12,64.546
1964-07-13,67.337
1964-07-14,57.107
1964-07-15,59.266
1964-07-16,65.287
1964-07-17,66.075
1964-07-18,75.036
1964-07-19,91.597
1964-07-20,98.943
1964-07-21,109.59
1964-07-22,99.09
1964-07-23,91.645
1964-07-24,92.014
1964-07-25,112.46
1964-07-26,126.606
1964-07-27,131.835
1964-07-28,129.036
1964-07-29,123.882
1964-07-30,115.365
1964-07-31,133.178
1964-08-01,167.982
1964-08-02,164.806
1964-08-03,149.703
1964-08-04,146.144
1964-08-05,158.387
1964-08-06,177.241
1964-08-07,140.374
1964-08-08,134.425
1964-08-09,149.585
1964-08-10,161.932
1964-08-11,142.319
1964-08-12,122.092
1964-08-13,135.193
1964-08-14,155.563
1964-08-15,129.677
1964-08-16,111.188
1964-08-17,102.825
1964-08-18,105.937
1964-08-19,142.478
1964-08-20,152.375
1964-08-21,135.807
1964-08-22,141.125
1964-08-23,146.258
1964-08-24,121.837
1964-08-25,102.678
1964-08-26,108.338
1964-08-27,125.359
1964-08-28,119.954
1964-08-29,316.037
1964-08-30,391.245
1964-08-31,197.86
1964-09-01,135.8
1964-09-02,116.08
1964-09-03,109.3
1964-09-04,111.27
1964-09-05,122.988
1964-09-06,145.211
1964-09-07,176.864
1964-09-08,207.236
1964-09-09,250.329
1964-09-10,224.793
1964-09-11,172.376
1964-09-12,159.386
1964-09-13,156.308
1964-09-14,156.246
1964-09-15,154.137
1964-09-16,181.106
1964-09-17,198.174
1964-09-18,205.455
1964-09-19,231.88
1964-09-20,221.977
1964-09-21,229.39
1964-09-22,262.379
1964-09-23,314.868
1964-09-24,303.656
1964-09-25,228.191
1964-09-26,194.884
1964-09-27,192.558
1964-09-28,197.067
1964-09-29,187.03
1964-09-30,180.56
1964-10-01,176.74
1964-10-02,160.794
1964-10-03,159.452
1964-10-04,173.015
1964-10-05,167.42
1964-10-06,193.318
1964-10-07,246.413
1964-10-08,298.266
1964-10-09,287.756
1964-10-10,219.653
1964-10-11,168.205
1964-10-12,153.629
1964-10-13,302.198
1964-10-14,457.59
1964-10-15,331.143
1964-10-16,269.83
1964-10-17,311.608
1964-10-18,477.009
1964-10-19,553.275
1964-10-20,489.797
1964-10-21,360.776
1964-10-22,277.062
1964-10-23,223.892
1964-10-24,196.214
1964-10-25,182.708
1964-10-26,172.438
1964-10-27,163.31
1964-10-28,156.287
1964-10-29,152.273
1964-10-30,147.548
1964-10-31,142.458
1964-11-01,136.255
1964-11-02,130.573
1964-11-03,125.622
1964-11-04,120.891
1964-11-05,116.37
1964-11-06,112.413
1964-11-07,108.918
1964-11-08,105.52
1964-11-09,102.263
1964-11-10,99.132
1964-11-11,96.148
1964-11-12,93.287
1964-11-13,90.545
1964-11-14,88.102
1964-11-15,86.187
1964-11-16,85.777
1964-11-17,90.382
1964-11-18,97.966
1964-11-19,87.251
1964-11-20,82.382
1964-11-21,79.178
1964-11-22,74.57
1964-11-23,71.037
1964-11-24,68.826
1964-11-25,67.14
1964-11-26,65.756
1964-11-27,64.392
1964-11-28,63.458
1964-11-29,61.961
1964-11-30,60.217
1964-12-01,58.363
1964-12-02,56.613
1964-12-03,55.135
1964-12-04,53.801
1964-12-05,52.691
1964-12-06,51.71
1964-12-07,50.56
1964-12-08,49.197
1964-12-09,47.938
1964-12-10,46.836
1964-12-11,45.818
1964-12-12,44.81
1964-12-13,43.9
1964-12-14,42.982
1964-12-15,42.038
1964-12-16,41.188
1964-12-17,40.62
1964-12-18,39.776
1964-12-19,39.287
1964-12-20,38.649
1964-12-21,38.309
1964-12-22,38.38
1964-12-23,38.426
1964-12-24,38.024
1964-12-25,36.936
1964-12-26,35.56
1964-12-27,33.775
1964-12-28,32.498
1964-12-29,31.705
1964-12-30,31.067
1964-12-31,30.431
1965-01-01,29.921
1965-01-02,29.399
1965-01-03,28.944
1965-01-04,28.736
1965-01-05,29.468
1965-01-06,32.814
1965-01-07,36.033
1965-01-08,32.237
1965-01-09,27.695
1965-01-10,25.891
1965-01-11,25.115
1965-01-12,24.564
1965-01-13,24.095
1965-01-14,23.627
1965-01-15,23.395
1965-01-16,23.147
1965-01-17,22.387
1965-01-18,21.824
1965-01-19,21.458
1965-01-20,21.028
1965-01-21,20.539
1965-01-22,20.166
1965-01-23,19.774
1965-01-24,19.416
1965-01-25,19.091
1965-01-26,18.71
1965-01-27,18.334
1965-01-28,17.975
1965-01-29,17.596
1965-01-30,17.224
1965-01-31,16.846
1965-02-01,16.491
1965-02-02,16.168
1965-02-03,15.865
1965-02-04,15.653
1965-02-05,15.495
1965-02-06,15.255
1965-02-07,14.928
1965-02-08,14.675
1965-02-09,14.435
1965-02-10,14.098
1965-02-11,13.862
1965-02-12,13.622
1965-02-13,13.299
1965-02-14,13.062
1965-02-15,12.848
1965-02-16,12.55
1965-02-17,12.297
1965-02-18,12.081
1965-02-19,11.962
1965-02-20,11.925
1965-02-21,12.116
1965-02-22,12.12
1965-02-23,11.83
1965-02-24,11.502
1965-02-25,11.083
1965-02-26,10.707
1965-02-27,10.456
1965-02-28,10.251
1965-03-01,10.0
1965-03-02,9.8
1965-03-03,9.723
1965-03-04,9.609
1965-03-05,9.454
1965-03-06,9.32
1965-03-07,9.092
1965-03-08,8.973
1965-03-09,8.847
1965-03-10,8.686
1965-03-11,8.545
1965-03-12,8.416
1965-03-13,8.355
1965-03-14,8.233
1965-03-15,8.188
1965-03-16,8.406
1965-03-17,8.655
1965-03-18,9.075
1965-03-19,10.432
1965-03-20,10.929
1965-03-21,9.419
1965-03-22,8.149
1965-03-23,7.858
1965-03-24,8.838
1965-03-25,10.482
1965-03-26,13.823
1965-03-27,14.242
1965-03-28,19.14
1965-03-29,27.91
1965-03-30,30.088
1965-03-31,18.67
1965-04-01,11.019
1965-04-02,7.832
1965-04-03,6.861
1965-04-04,6.598
1965-04-05,6.71
1965-04-06,6.899
1965-04-07,6.621
1965-04-08,6.388
1965-04-09,6.304
1965-04-10,6.322
1965-04-11,6.197
1965-04-12,6.127
1965-04-13,6.856
1965-04-14,8.89
1965-04-15,11.91
1965-04-16,16.75
1965-04-17,16.702
1965-04-18,19.755
1965-04-19,19.769
1965-04-20,14.774
1965-04-21,23.248
1965-04-22,32.295
1965-04-23,28.078
1965-04-24,35.861
1965-04-25,53.537
1965-04-26,58.97
1965-04-27,48.365
1965-04-28,39.204
1965-04-29,40.641
1965-04-30,44.206
1965-05-01,40.618
1965-05-02,52.039
1965-05-03,66.14
1965-05-04,67.891
1965-05-05,85.482
1965-05-06,122.089
1965-05-07,158.916
1965-05-08,174.597
1965-05-09,86.489
1965-05-10,38.324
1965-05-11,26.377
1965-05-12,24.186
1965-05-13,15.545
1965-05-14,12.319
1965-05-15,10.885
1965-05-16,13.282
1965-05-17,19.185
1965-05-18,58.094
1965-05-19,109.071
1965-05-20,59.994
1965-05-21,25.944
1965-05-22,30.149
1965-05-23,41.847
1965-05-24,47.5
1965-05-25,71.918
1965-05-26,87.449
1965-05-27,68.261
1965-05-28,40.234
1965-05-29,19.586
1965-05-30,8.886
1965-05-31,6.675
1965-06-01,7.167
1965-06-02,7.682
1965-06-03,8.082
1965-06-04,7.673
1965-06-05,8.002
1965-06-06,9.899
1965-06-07,14.563
1965-06-08,10.942
1965-06-09,10.008
1965-06-10,9.509
1965-06-11,8.997
1965-06-12,8.956
1965-06-13,9.758
1965-06-14,7.411
1965-06-15,6.792
1965-06-16,7.249
1965-06-17,7.552
1965-06-18,7.182
1965-06-19,6.832
1965-06-20,6.982
1965-06-21,7.084
1965-06-22,7.516
1965-06-23,10.373
1965-06-24,17.924
1965-06-25,26.524
1965-06-26,32.603
1965-06-27,51.168
1965-06-28,60.65
1965-06-29,49.201
1965-06-30,40.105
1965-07-01,38.71
1965-07-02,41.988
1965-07-03,34.69
1965-07-04,24.201
1965-07-05,17.29
1965-07-06,19.349
1965-07-07,27.932
1965-07-08,33.802
1965-07-09,36.742
1965-07-10,34.793
1965-07-11,33.993
1965-07-12,32.208
1965-07-13,30.561
1965-07-14,36.966
1965-07-15,40.951
1965-07-16,40.114
1965-07-17,46.781
1965-07-18,51.065
1965-07-19,53.598
1965-07-20,52.777
1965-07-21,64.513
1965-07-22,91.028
1965-07-23,89.551
1965-07-24,73.732
1965-07-25,67.423
1965-07-26,64.926
1965-07-27,56.297
1965-07-28,54.922
1965-07-29,51.225
1965-07-30,40.749
1965-07-31,36.493
1965-08-01,35.825
1965-08-02,38.806
1965-08-03,52.363
1965-08-04,74.849
1965-08-05,73.641
1965-08-06,53.186
1965-08-07,35.281
1965-08-08,30.738
1965-08-09,30.594
1965-08-10,31.081
1965-08-11,33.603
1965-08-12,40.965
1965-08-13,55.525
1965-08-14,70.191
1965-08-15,61.12
1965-08-16,67.462
1965-08-17,92.692
1965-08-18,89.272
1965-08-19,58.41
1965-08-20,43.389
1965-08-21,40.448
1965-08-22,39.985
1965-08-23,39.552
1965-08-24,39.562
1965-08-25,38.631
1965-08-26,37.997
1965-08-27,37.853
1965-08-28,37.622
1965-08-29,38.772
1965-08-30,39.955
1965-08-31,36.901
1965-09-01,36.821
1965-09-02,38.597
1965-09-03,36.731
1965-09-04,37.542
1965-09-05,37.979
1965-09-06,35.733
1965-09-07,31.454
1965-09-08,29.533
1965-09-09,29.002
1965-09-10,29.022
1965-09-11,29.319
1965-09-12,28.495
1965-09-13,27.566
1965-09-14,25.949
1965-09-15,24.574
1965-09-16,23.688
1965-09-17,23.037
1965-09-18,22.432
1965-09-19,21.853
1965-09-20,21.293
1965-09-21,20.798
1965-09-22,20.354
1965-09-23,19.893
1965-09-24,19.284
1965-09-25,18.79
1965-09-26,18.34
1965-09-27,17.775
1965-09-28,17.226
1965-09-29,16.775
1965-09-30,16.349
1965-10-01,15.933
1965-10-02,15.593
1965-10-03,15.314
1965-10-04,15.257
1965-10-05,15.475
1965-10-06,15.158
1965-10-07,15.775
1965-10-08,14.6
1965-10-09,14.413
1965-10-10,13.567
1965-10-11,12.833
1965-10-12,12.613
1965-10-13,12.792
1965-10-14,13.17
1965-10-15,12.232
1965-10-16,11.896
1965-10-17,12.059
1965-10-18,12.458
1965-10-19,18.312
1965-10-20,42.208
1965-10-21,53.461
1965-10-22,65.626
1965-10-23,75.362
1965-10-24,66.708
1965-10-25,62.015
1965-10-26,55.406
1965-10-27,56.403
1965-10-28,71.816
1965-10-29,82.569
1965-10-30,94.195
1965-10-31,106.803
1965-11-01,64.537
1965-11-02,36.415
1965-11-03,48.655
1965-11-04,78.756
1965-11-05,93.165
1965-11-06,138.66
1965-11-07,119.033
1965-11-08,75.509
1965-11-09,53.769
1965-11-10,45.334
1965-11-11,32.124
1965-11-12,23.683
1965-11-13,17.3
1965-11-14,14.522
1965-11-15,13.94
1965-11-16,13.816
1965-11-17,13.497
1965-11-18,13.633
1965-11-19,13.75
1965-11-20,13.108
1965-11-21,12.476
1965-11-22,12.298
1965-11-23,12.069
1965-11-24,11.828
1965-11-25,11.704
1965-11-26,11.58
1965-11-27,11.337
1965-11-28,11.144
1965-11-29,11.012
1965-11-30,11.042
1965-12-01,10.965
1965-12-02,11.145
1965-12-03,11.82
1965-12-04,176.607
1965-12-05,497.983
1965-12-06,751.912
1965-12-07,704.934
1965-12-08,228.052
1965-12-09,73.246
1965-12-10,42.844
1965-12-11,24.172
1965-12-12,14.532
1965-12-13,15.066
1965-12-14,18.192
1965-12-15,13.232
1965-12-16,12.96
1965-12-17,19.331
1965-12-18,43.399
1965-12-19,94.231
1965-12-20,130.225
1965-12-21,157.184
1965-12-22,151.1
1965-12-23,116.359
1965-12-24,80.005
1965-12-25,29.973
1965-12-26,15.871
1965-12-27,14.228
1965-12-28,14.093
1965-12-29,14.088
1965-12-30,14.106
1965-12-31,14.091
1966-01-01,13.902
1966-01-02,13.727
1966-01-03,13.514
1966-01-04,13.282
1966-01-05,13.076
1966-01-06,12.84
1966-01-07,12.694
1966-01-08,12.487
1966-01-09,12.229
1966-01-10,12.03
1966-01-11,11.788
1966-01-12,11.557
1966-01-13,11.382
1966-01-14,11.165
1966-01-15,10.94
1966-01-16,10.73
1966-01-17,10.51
1966-01-18,10.311
1966-01-19,10.142
1966-01-20,9.948
1966-01-21,9.742
1966-01-22,9.602
1966-01-23,9.677
1966-01-24,9.641
1966-01-25,9.498
1966-01-26,9.423
1966-01-27,9.621
1966-01-28,9.247
1966-01-29,8.707
1966-01-30,8.406
1966-01-31,8.403
1966-02-01,8.39
1966-02-02,8.809
1966-02-03,9.156
1966-02-04,9.12
1966-02-05,8.455
1966-02-06,7.765
1966-02-07,7.37
1966-02-08,7.148
1966-02-09,7.197
1966-02-10,8.012
1966-02-11,9.385
1966-02-12,10.21
1966-02-13,11.453
1966-02-14,9.982
1966-02-15,11.162
1966-02-16,13.197
1966-02-17,11.075
1966-02-18,8.49
1966-02-19,8.382
1966-02-20,9.015
1966-02-21,14.332
1966-02-22,23.152
1966-02-23,16.482
1966-02-24,13.909
1966-02-25,24.268
1966-02-26,40.703
1966-02-27,32.308
1966-02-28,21.813
1966-03-01,19.875
1966-03-02,20.7
1966-03-03,17.604
1966-03-04,17.16
1966-03-05,15.492
1966-03-06,21.935
1966-03-07,19.442
1966-03-08,9.24
1966-03-09,5.776
1966-03-10,9.701
1966-03-11,14.595
1966-03-12,12.759
1966-03-13,11.564
1966-03-14,24.367
1966-03-15,53.418
1966-03-16,69.188
1966-03-17,57.716
1966-03-18,65.108
1966-03-19,68.63
1966-03-20,64.661
1966-03-21,62.782
1966-03-22,95.6
1966-03-23,85.301
1966-03-24,51.819
1966-03-25,43.415
1966-03-26,39.383
1966-03-27,26.078
1966-03-28,17.139
1966-03-29,11.576
1966-03-30,6.939
1966-03-31,6.133
1966-04-01,8.452
1966-04-02,11.498
1966-04-03,9.926
1966-04-04,8.948
1966-04-05,8.338
1966-04-06,6.931
1966-04-07,6.575
1966-04-08,5.876
1966-04-09,5.423
1966-04-10,5.889
1966-04-11,8.546
1966-04-12,18.188
1966-04-13,31.756
1966-04-14,32.405
1966-04-15,32.684
1966-04-16,47.876
1966-04-17,56.42
1966-04-18,59.619
1966-04-19,83.146
1966-04-20,102.689
1966-04-21,120.321
1966-04-22,136.724
1966-04-23,106.292
1966-04-24,73.146
1966-04-25,82.459
1966-04-26,92.546
1966-04-27,72.378
1966-04-28,97.732
1966-04-29,87.413
1966-04-30,63.593
1966-05-01,39.052
1966-05-02,35.7
1966-05-03,43.126
1966-05-04,38.514
1966-05-05,29.817
1966-05-06,20.497
1966-05-07,19.103
1966-05-08,24.727
1966-05-09,33.6
1966-05-10,46.675
1966-05-11,45.61
1966-05-12,43.815
1966-05-13,42.444
1966-05-14,36.814
1966-05-15,23.681
1966-05-16,23.041
1966-05-17,17.255
1966-05-18,16.347
1966-05-19,16.118
1966-05-20,16.276
1966-05-21,16.379
1966-05-22,15.908
1966-05-23,15.942
1966-05-24,19.857
1966-05-25,33.15
1966-05-26,54.581
1966-05-27,88.379
1966-05-28,122.528
1966-05-29,120.795
1966-05-30,109.527
1966-05-31,70.022
1966-06-01,40.592
1966-06-02,30.863
1966-06-03,43.178
1966-06-04,43.992
1966-06-05,26.249
1966-06-06,21.056
1966-06-07,15.057
1966-06-08,13.363
1966-06-09,13.996
1966-06-10,15.492
1966-06-11,16.406
1966-06-12,17.445
1966-06-13,20.989
1966-06-14,28.679
1966-06-15,31.594
1966-06-16,36.082
1966-06-17,38.956
1966-06-18,82.771
1966-06-19,91.967
1966-06-20,62.604
1966-06-21,37.621
1966-06-22,21.249
1966-06-23,17.122
1966-06-24,18.09
1966-06-25,21.799
1966-06-26,28.514
1966-06-27,37.098
1966-06-28,48.28
1966-06-29,38.226
1966-06-30,27.16
1966-07-01,20.401
1966-07-02,21.028
1966-07-03,24.776
1966-07-04,21.426
1966-07-05,20.552
1966-07-06,23.073
1966-07-07,32.274
1966-07-08,40.361
1966-07-09,46.455
1966-07-10,46.93
1966-07-11,44.265
1966-07-12,40.038
1966-07-13,36.584
1966-07-14,51.492
1966-07-15,73.072
1966-07-16,77.703
1966-07-17,67.622
1966-07-18,66.791
1966-07-19,61.985
1966-07-20,57.392
1966-07-21,58.606
1966-07-22,59.99
1966-07-23,64.249
1966-07-24,64.849
1966-07-25,67.494
1966-07-26,74.787
1966-07-27,102.227
1966-07-28,117.291
1966-07-29,114.084
1966-07-30,105.292
1966-07-31,103.797
1966-08-01,81.422
1966-08-02,73.85
1966-08-03,78.081
1966-08-04,67.724
1966-08-05,68.098
1966-08-06,65.962
1966-08-07,71.804
1966-08-08,69.539
1966-08-09,55.585
1966-08-10,45.891
1966-08-11,45.812
1966-08-12,50.542
1966-08-13,46.527
1966-08-14,47.229
1966-08-15,50.252
1966-08-16,64.384
1966-08-17,85.799
1966-08-18,87.6
1966-08-19,80.695
1966-08-20,94.804
1966-08-21,107.111
1966-08-22,87.427
1966-08-23,72.472
1966-08-24,67.31
1966-08-25,68.725
1966-08-26,71.674
1966-08-27,87.352
1966-08-28,109.316
1966-08-29,108.229
1966-08-30,107.942
1966-08-31,105.64
1966-09-01,107.676
1966-09-02,116.42
1966-09-03,125.995
1966-09-04,127.787
1966-09-05,134.07
1966-09-06,143.901
1966-09-07,172.881
1966-09-08,193.495
1966-09-09,170.767
1966-09-10,179.932
1966-09-11,202.988
1966-09-12,252.254
1966-09-13,268.615
1966-09-14,227.047
1966-09-15,194.73
1966-09-16,175.959
1966-09-17,132.479
1966-09-18,109.068
1966-09-19,101.794
1966-09-20,102.11
1966-09-21,104.487
1966-09-22,96.216
1966-09-23,87.422
1966-09-24,81.744
1966-09-25,76.885
1966-09-26,72.23
1966-09-27,68.745
1966-09-28,67.195
1966-09-29,70.23
1966-09-30,80.015
1966-10-01,93.267
1966-10-02,109.33
1966-10-03,93.001
1966-10-04,74.812
1966-10-05,62.674
1966-10-06,52.875
1966-10-07,45.882
1966-10-08,43.184
1966-10-09,42.122
1966-10-10,43.733
1966-10-11,45.241
1966-10-12,42.398
1966-10-13,38.464
1966-10-14,36.238
1966-10-15,34.831
1966-10-16,33.988
1966-10-17,35.73
1966-10-18,36.942
1966-10-19,38.776
1966-10-20,37.085
1966-10-21,37.017
1966-10-22,41.844
1966-10-23,49.482
1966-10-24,41.431
1966-10-25,35.668
1966-10-26,31.449
1966-10-27,29.264
1966-10-28,27.398
1966-10-29,26.622
1966-10-30,26.425
1966-10-31,24.71
1966-11-01,24.172
1966-11-02,27.615
1966-11-03,28.184
1966-11-04,29.791
1966-11-05,64.638
1966-11-06,105.883
1966-11-07,95.953
1966-11-08,87.66
1966-11-09,77.117
1966-11-10,54.193
1966-11-11,35.679
1966-11-12,27.623
1966-11-13,24.14
1966-11-14,26.576
1966-11-15,34.698
1966-11-16,58.206
1966-11-17,70.177
1966-11-18,57.628
1966-11-19,37.046
1966-11-20,30.48
1966-11-21,27.926
1966-11-22,23.966
1966-11-23,21.632
1966-11-24,20.622
1966-11-25,20.339
1966-11-26,20.078
1966-11-27,19.799
1966-11-28,19.565
1966-11-29,19.329
1966-11-30,19.07
1966-12-01,18.833
1966-12-02,18.61
1966-12-03,18.334
1966-12-04,18.101
1966-12-05,17.824
1966-12-06,17.544
1966-12-07,17.295
1966-12-08,17.083
1966-12-09,16.862
1966-12-10,16.591
1966-12-11,16.268
1966-12-12,15.955
1966-12-13,15.68
1966-12-14,15.435
1966-12-15,15.175
1966-12-16,14.913
1966-12-17,14.612
1966-12-18,14.358
1966-12-19,14.12
1966-12-20,13.938
1966-12-21,13.678
1966-12-22,13.37
1966-12-23,13.153
1966-12-24,12.885
1966-12-25,12.585
1966-12-26,12.343
1966-12-27,12.108
1966-12-28,11.822
1966-12-29,11.6
1966-12-30,11.397
1966-12-31,11.205
1967-01-01,10.957
1967-01-02,10.726
1967-01-03,10.522
1967-01-04,10.301
1967-01-05,10.092
1967-01-06,9.828
1967-01-07,9.582
1967-01-08,9.359
1967-01-09,9.176
1967-01-10,9.045
1967-01-11,8.898
1967-01-12,8.723
1967-01-13,8.559
1967-01-14,8.395
1967-01-15,8.255
1967-01-16,8.086
1967-01-17,7.884
1967-01-18,7.68
1967-01-19,7.517
1967-01-20,7.422
1967-01-21,7.262
1967-01-22,7.117
1967-01-23,6.99
1967-01-24,6.889
1967-01-25,6.82
1967-01-26,6.682
1967-01-27,6.588
1967-01-28,6.508
1967-01-29,6.336
1967-01-30,6.183
1967-01-31,6.054
1967-02-01,5.933
1967-02-02,5.845
1967-02-03,5.733
1967-02-04,5.609
1967-02-05,5.525
1967-02-06,5.408
1967-02-07,5.304
1967-02-08,5.193
1967-02-09,5.059
1967-02-10,5.03
1967-02-11,4.951
1967-02-12,4.886
1967-02-13,4.79
1967-02-14,4.695
1967-02-15,4.645
1967-02-16,4.548
1967-02-17,4.475
1967-02-18,4.382
1967-02-19,4.294
1967-02-20,4.217
1967-02-21,4.174
1967-02-22,4.132
1967-02-23,4.081
1967-02-24,4.01
1967-02-25,3.956
1967-02-26,3.903
1967-02-27,3.841
1967-02-28,3.782
1967-03-01,3.744
1967-03-02,3.734
1967-03-03,3.691
1967-03-04,3.672
1967-03-05,3.727
1967-03-06,3.693
1967-03-07,3.636
1967-03-08,3.62
1967-03-09,3.658
1967-03-10,3.594
1967-03-11,3.334
1967-03-12,3.2
1967-03-13,3.115
1967-03-14,4.692
1967-03-15,9.476
1967-03-16,13.987
1967-03-17,15.262
1967-03-18,12.799
1967-03-19,17.483
1967-03-20,15.969
1967-03-21,10.725
1967-03-22,5.466
1967-03-23,3.834
1967-03-24,3.442
1967-03-25,7.778
1967-03-26,25.918
1967-03-27,35.922
1967-03-28,22.81
1967-03-29,12.579
1967-03-30,16.134
1967-03-31,19.818
1967-04-01,22.855
1967-04-02,39.665
1967-04-03,65.887
1967-04-04,72.522
1967-04-05,60.688
1967-04-06,45.981
1967-04-07,26.871
1967-04-08,20.053
1967-04-09,16.792
1967-04-10,16.007
1967-04-11,15.698
1967-04-12,14.63
1967-04-13,24.982
1967-04-14,60.678
1967-04-15,138.86
1967-04-16,156.638
1967-04-17,127.292
1967-04-18,142.605
1967-04-19,116.938
1967-04-20,74.836
1967-04-21,32.214
1967-04-22,16.696
1967-04-23,7.455
1967-04-24,4.614
1967-04-25,11.256
1967-04-26,34.084
1967-04-27,63.026
1967-04-28,84.93
1967-04-29,96.691
1967-04-30,69.117
1967-05-01,127.405
1967-05-02,325.048
1967-05-03,179.159
1967-05-04,82.388
1967-05-05,125.139
1967-05-06,99.678
1967-05-07,74.951
1967-05-08,105.379
1967-05-09,156.788
1967-05-10,189.071
1967-05-11,135.72
1967-05-12,87.517
1967-05-13,57.224
1967-05-14,108.828
1967-05-15,175.354
1967-05-16,231.562
1967-05-17,196.553
1967-05-18,156.779
1967-05-19,102.72
1967-05-20,78.28
1967-05-21,106.571
1967-05-22,168.304
1967-05-23,224.438
1967-05-24,162.8
1967-05-25,91.639
1967-05-26,69.374
1967-05-27,62.429
1967-05-28,57.903
1967-05-29,70.357
1967-05-30,91.85
1967-05-31,105.53
1967-06-01,134.818
1967-06-02,149.919
1967-06-03,142.229
1967-06-04,161.769
1967-06-05,152.981
1967-06-06,152.779
1967-06-07,118.226
1967-06-08,79.274
1967-06-09,59.069
1967-06-10,54.356
1967-06-11,57.47
1967-06-12,60.171
1967-06-13,55.176
1967-06-14,50.967
1967-06-15,52.321
1967-06-16,54.571
1967-06-17,58.038
1967-06-18,73.911
1967-06-19,77.795
1967-06-20,81.917
1967-06-21,75.294
1967-06-22,74.39
1967-06-23,84.541
1967-06-24,100.189
1967-06-25,121.367
1967-06-26,102.947
1967-06-27,86.554
1967-06-28,91.989
1967-06-29,99.382
1967-06-30,101.86
1967-07-01,127.847
1967-07-02,156.72
1967-07-03,140.153
1967-07-04,130.207
1967-07-05,122.99
1967-07-06,131.349
1967-07-07,126.458
1967-07-08,128.579
1967-07-09,138.954
1967-07-10,167.049
1967-07-11,189.192
1967-07-12,202.3
1967-07-13,180.334
1967-07-14,192.363
1967-07-15,176.088
1967-07-16,184.718
1967-07-17,196.495
1967-07-18,182.275
1967-07-19,174.842
1967-07-20,170.058
1967-07-21,171.67
1967-07-22,176.604
1967-07-23,205.493
1967-07-24,190.135
1967-07-25,171.94
1967-07-26,171.917
1967-07-27,172.663
1967-07-28,169.122
1967-07-29,195.147
1967-07-30,242.502
1967-07-31,256.612
1967-08-01,258.624
1967-08-02,257.294
1967-08-03,295.592
1967-08-04,338.435
1967-08-05,355.209
1967-08-06,304.509
1967-08-07,272.327
1967-08-08,259.475
1967-08-09,242.267
1967-08-10,259.426
1967-08-11,247.672
1967-08-12,217.924
1967-08-13,198.073
1967-08-14,188.229
1967-08-15,185.61
1967-08-16,183.25
1967-08-17,180.894
1967-08-18,177.068
1967-08-19,178.274
1967-08-20,179.452
1967-08-21,204.059
1967-08-22,220.196
1967-08-23,215.779
1967-08-24,191.935
1967-08-25,170.21
1967-08-26,151.324
1967-08-27,150.673
1967-08-28,152.948
1967-08-29,145.858
1967-08-30,140.965
1967-08-31,136.627
1967-09-01,129.276
1967-09-02,122.659
1967-09-03,117.578
1967-09-04,115.069
1967-09-05,113.082
1967-09-06,110.545
1967-09-07,106.714
1967-09-08,103.681
1967-09-09,101.829
1967-09-10,101.085
1967-09-11,99.665
1967-09-12,95.692
1967-09-13,91.804
1967-09-14,87.775
1967-09-15,84.834
1967-09-16,82.671
1967-09-17,81.165
1967-09-18,82.262
1967-09-19,87.458
1967-09-20,89.362
1967-09-21,83.178
1967-09-22,81.933
1967-09-23,97.797
1967-09-24,109.07
1967-09-25,105.819
1967-09-26,95.465
1967-09-27,83.179
1967-09-28,74.506
1967-09-29,67.34
1967-09-30,67.21
1967-10-01,74.641
1967-10-02,95.627
1967-10-03,110.146
1967-10-04,95.333
1967-10-05,93.105
1967-10-06,98.095
1967-10-07,108.94
1967-10-08,88.669
1967-10-09,64.452
1967-10-10,61.101
1967-10-11,72.524
1967-10-12,81.105
1967-10-13,75.203
1967-10-14,64.277
1967-10-15,61.544
1967-10-16,57.518
1967-10-17,58.553
1967-10-18,71.489
1967-10-19,90.183
1967-10-20,110.893
1967-10-21,132.604
1967-10-22,149.748
1967-10-23,168.595
1967-10-24,212.857
1967-10-25,232.491
1967-10-26,247.598
1967-10-27,241.152
1967-10-28,227.037
1967-10-29,210.365
1967-10-30,147.951
1967-10-31,108.537
1967-11-01,94.172
1967-11-02,89.921
1967-11-03,87.002
1967-11-04,83.582
1967-11-05,81.724
1967-11-06,80.987
1967-11-07,82.275
1967-11-08,91.779
1967-11-09,101.52
1967-11-10,88.872
1967-11-11,78.493
1967-11-12,90.139
1967-11-13,120.864
1967-11-14,134.744
1967-11-15,127.42
1967-11-16,106.775
1967-11-17,100.44
1967-11-18,99.278
1967-11-19,88.573
1967-11-20,91.98
1967-11-21,123.615
1967-11-22,148.625
1967-11-23,156.04
1967-11-24,139.784
1967-11-25,119.776
1967-11-26,114.525
1967-11-27,132.214
1967-11-28,146.705
1967-11-29,140.462
1967-11-30,121.698
1967-12-01,127.34
1967-12-02,128.326
1967-12-03,104.644
1967-12-04,93.066
1967-12-05,87.161
1967-12-06,85.359
1967-12-07,83.607
1967-12-08,81.468
1967-12-09,85.597
1967-12-10,88.844
1967-12-11,77.343
1967-12-12,71.614
1967-12-13,69.127
1967-12-14,67.121
1967-12-15,65.151
1967-12-16,63.201
1967-12-17,61.312
1967-12-18,59.435
1967-12-19,57.641
1967-12-20,55.863
1967-12-21,54.198
1967-12-22,52.55
1967-12-23,50.938
1967-12-24,49.441
1967-12-25,47.993
1967-12-26,46.649
1967-12-27,45.492
1967-12-28,44.312
1967-12-29,43.107
1967-12-30,41.885
1967-12-31,40.723
1968-01-01,39.787
1968-01-02,38.671
1968-01-03,37.68
1968-01-04,36.777
1968-01-05,35.812
1968-01-06,34.857
1968-01-07,33.906
1968-01-08,33.075
1968-01-09,32.282
1968-01-10,31.515
1968-01-11,30.762
1968-01-12,30.049
1968-01-13,29.354
1968-01-14,28.641
1968-01-15,27.976
1968-01-16,27.344
1968-01-17,26.732
1968-01-18,26.143
1968-01-19,25.569
1968-01-20,25.005
1968-01-21,24.454
1968-01-22,23.954
1968-01-23,23.47
1968-01-24,23.002
1968-01-25,22.579
1968-01-26,22.281
1968-01-27,21.987
1968-01-28,21.534
1968-01-29,20.995
1968-01-30,20.533
1968-01-31,20.084
1968-02-01,19.686
1968-02-02,19.321
1968-02-03,18.972
1968-02-04,18.66
1968-02-05,18.321
1968-02-06,18.015
1968-02-07,17.679
1968-02-08,17.382
1968-02-09,17.07
1968-02-10,16.745
1968-02-11,16.448
1968-02-12,16.208
1968-02-13,16.195
1968-02-14,16.476
1968-02-15,17.299
1968-02-16,17.735
1968-02-17,18.632
1968-02-18,18.137
1968-02-19,16.098
1968-02-20,15.04
1968-02-21,14.642
1968-02-22,15.089
1968-02-23,17.829
1968-02-24,18.387
1968-02-25,18.51
1968-02-26,21.567
1968-02-27,34.278
1968-02-28,49.828
1968-02-29,44.788
1968-03-01,66.456
1968-03-02,61.615
1968-03-03,38.612
1968-03-04,25.386
1968-03-05,25.101
1968-03-06,25.857
1968-03-07,30.3
1968-03-08,31.086
1968-03-09,52.415
1968-03-10,51.809
1968-03-11,42.226
1968-03-12,43.084
1968-03-13,47.29
1968-03-14,51.075
1968-03-15,43.925
1968-03-16,40.637
1968-03-17,25.883
1968-03-18,16.54
1968-03-19,15.816
1968-03-20,16.782
1968-03-21,17.479
1968-03-22,26.857
1968-03-23,36.6
1968-03-24,61.042
1968-03-25,72.984
1968-03-26,66.021
1968-03-27,44.136
1968-03-28,21.568
1968-03-29,15.15
1968-03-30,11.86
1968-03-31,10.583
1968-04-01,13.726
1968-04-02,19.916
1968-04-03,31.997
1968-04-04,38.637
1968-04-05,19.725
1968-04-06,16.857
1968-04-07,13.745
1968-04-08,15.505
1968-04-09,14.802
1968-04-10,14.157
1968-04-11,14.115
1968-04-12,20.863
1968-04-13,31.532
1968-04-14,32.586
1968-04-15,26.842
1968-04-16,21.069
1968-04-17,16.031
1968-04-18,12.702
1968-04-19,16.634
1968-04-20,23.36
1968-04-21,25.338
1968-04-22,42.631
1968-04-23,61.444
1968-04-24,73.551
1968-04-25,69.981
1968-04-26,75.452
1968-04-27,63.196
1968-04-28,57.42
1968-04-29,79.878
1968-04-30,88.312
1968-05-01,98.509
1968-05-02,84.48
1968-05-03,72.96
1968-05-04,82.762
1968-05-05,63.415
1968-05-06,65.775
1968-05-07,64.883
1968-05-08,83.311
1968-05-09,101.743
1968-05-10,126.454
1968-05-11,101.048
1968-05-12,63.695
1968-05-13,35.236
1968-05-14,34.83
1968-05-15,40.775
1968-05-16,54.654
1968-05-17,76.228
1968-05-18,77.295
1968-05-19,78.025
1968-05-20,102.348
1968-05-21,113.225
1968-05-22,88.512
1968-05-23,96.141
1968-05-24,143.487
1968-05-25,148.758
1968-05-26,145.285
1968-05-27,180.426
1968-05-28,206.448
1968-05-29,192.594
1968-05-30,219.987
1968-05-31,186.417
1968-06-01,150.934
1968-06-02,142.78
1968-06-03,140.916
1968-06-04,140.779
1968-06-05,123.038
1968-06-06,112.821
1968-06-07,103.492
1968-06-08,92.845
1968-06-09,87.721
1968-06-10,84.541
1968-06-11,81.53
1968-06-12,80.044
1968-06-13,79.815
1968-06-14,87.758
1968-06-15,90.074
1968-06-16,88.437
1968-06-17,94.213
1968-06-18,90.33
1968-06-19,93.268
1968-06-20,82.451
1968-06-21,76.277
1968-06-22,83.261
1968-06-23,96.732
1968-06-24,93.08
1968-06-25,76.724
1968-06-26,60.682
1968-06-27,54.944
1968-06-28,61.883
1968-06-29,70.002
1968-06-30,64.976
1968-07-01,54.665
1968-07-02,51.545
1968-07-03,49.923
1968-07-04,52.289
1968-07-05,60.523
1968-07-06,65.091
1968-07-07,66.844
1968-07-08,86.967
1968-07-09,111.065
1968-07-10,120.12
1968-07-11,107.783
1968-07-12,143.933
1968-07-13,166.82
1968-07-14,141.587
1968-07-15,100.005
1968-07-16,76.779
1968-07-17,69.07
1968-07-18,67.993
1968-07-19,67.533
1968-07-20,68.502
1968-07-21,77.98
1968-07-22,83.704
1968-07-23,76.54
1968-07-24,80.263
1968-07-25,93.056
1968-07-26,119.858
1968-07-27,146.115
1968-07-28,139.547
1968-07-29,147.06
1968-07-30,151.188
1968-07-31,130.184
1968-08-01,106.241
1968-08-02,93.203
1968-08-03,93.14
1968-08-04,106.636
1968-08-05,107.021
1968-08-06,100.928
1968-08-07,90.873
1968-08-08,113.625
1968-08-09,108.728
1968-08-10,105.912
1968-08-11,100.837
1968-08-12,90.053
1968-08-13,92.76
1968-08-14,83.544
1968-08-15,79.164
1968-08-16,73.948
1968-08-17,83.24
1968-08-18,101.861
1968-08-19,132.231
1968-08-20,139.84
1968-08-21,112.92
1968-08-22,126.993
1968-08-23,132.439
1968-08-24,118.872
1968-08-25,93.898
1968-08-26,78.318
1968-08-27,68.991
1968-08-28,65.437
1968-08-29,63.885
1968-08-30,62.687
1968-08-31,61.735
1968-09-01,60.766
1968-09-02,59.828
1968-09-03,58.905
1968-09-04,57.992
1968-09-05,57.484
1968-09-06,57.612
1968-09-07,57.819
1968-09-08,58.399
1968-09-09,60.072
1968-09-10,61.109
1968-09-11,54.762
1968-09-12,51.341
1968-09-13,50.8
1968-09-14,50.662
1968-09-15,51.532
1968-09-16,49.881
1968-09-17,46.365
1968-09-18,44.852
1968-09-19,44.98
1968-09-20,44.673
1968-09-21,43.172
1968-09-22,41.99
1968-09-23,40.884
1968-09-24,39.795
1968-09-25,38.665
1968-09-26,37.907
1968-09-27,37.07
1968-09-28,36.245
1968-09-29,35.537
1968-09-30,34.757
1968-10-01,33.939
1968-10-02,33.201
1968-10-03,32.546
1968-10-04,31.872
1968-10-05,31.266
1968-10-06,30.622
1968-10-07,29.954
1968-10-08,29.635
1968-10-09,29.967
1968-10-10,30.54
1968-10-11,30.763
1968-10-12,31.265
1968-10-13,28.849
1968-10-14,26.636
1968-10-15,25.714
1968-10-16,25.241
1968-10-17,24.781
1968-10-18,24.402
1968-10-19,23.924
1968-10-20,23.679
1968-10-21,23.692
1968-10-22,23.191
1968-10-23,22.418
1968-10-24,21.903
1968-10-25,21.885
1968-10-26,24.325
1968-10-27,30.484
1968-10-28,41.463
1968-10-29,51.488
1968-10-30,42.429
1968-10-31,33.837
1968-11-01,29.469
1968-11-02,27.12
1968-11-03,24.032
1968-11-04,19.782
1968-11-05,18.28
1968-11-06,17.996
1968-11-07,17.984
1968-11-08,17.589
1968-11-09,17.036
1968-11-10,16.734
1968-11-11,16.54
1968-11-12,16.253
1968-11-13,15.925
1968-11-14,15.635
1968-11-15,15.408
1968-11-16,15.175
1968-11-17,14.903
1968-11-18,14.669
1968-11-19,14.484
1968-11-20,14.31
1968-11-21,14.182
1968-11-22,14.053
1968-11-23,13.84
1968-11-24,14.75
1968-11-25,17.562
1968-11-26,19.293
1968-11-27,16.655
1968-11-28,14.252
1968-11-29,14.424
1968-11-30,13.695
1968-12-01,12.902
1968-12-02,13.192
1968-12-03,14.144
1968-12-04,25.007
1968-12-05,43.453
1968-12-06,54.128
1968-12-07,61.644
1968-12-08,47.771
1968-12-09,33.235
1968-12-10,34.801
1968-12-11,51.572
1968-12-12,62.888
1968-12-13,45.891
1968-12-14,24.909
1968-12-15,21.708
1968-12-16,27.777
1968-12-17,19.078
1968-12-18,12.846
1968-12-19,10.727
1968-12-20,10.182
1968-12-21,9.96
1968-12-22,9.794
1968-12-23,9.616
1968-12-24,9.523
1968-12-25,9.421
1968-12-26,9.327
1968-12-27,9.241
1968-12-28,9.155
1968-12-29,9.055
1968-12-30,9.031
1968-12-31,9.161
1969-01-01,9.228
1969-01-02,9.34
1969-01-03,9.737
1969-01-04,9.829
1969-01-05,9.678
1969-01-06,9.46
1969-01-07,9.328
1969-01-08,9.172
1969-01-09,9.037
1969-01-10,8.936
1969-01-11,8.819
1969-01-12,8.714
1969-01-13,8.625
1969-01-14,8.476
1969-01-15,8.413
1969-01-16,8.32
1969-01-17,8.224
1969-01-18,8.128
1969-01-19,8.015
1969-01-20,7.886
1969-01-21,7.828
1969-01-22,7.799
1969-01-23,8.018
1969-01-24,8.688
1969-01-25,9.283
1969-01-26,10.654
1969-01-27,10.254
1969-01-28,10.395
1969-01-29,11.958
1969-01-30,13.871
1969-01-31,13.706
1969-02-01,21.077
1969-02-02,24.757
1969-02-03,12.211
1969-02-04,7.585
1969-02-05,6.99
1969-02-06,6.753
1969-02-07,6.808
1969-02-08,6.655
1969-02-09,6.452
1969-02-10,6.334
1969-02-11,6.276
1969-02-12,6.167
1969-02-13,6.061
1969-02-14,5.966
1969-02-15,5.885
1969-02-16,5.81
1969-02-17,5.737
1969-02-18,5.714
1969-02-19,5.642
1969-02-20,5.587
1969-02-21,5.513
1969-02-22,5.534
1969-02-23,5.474
1969-02-24,5.411
1969-02-25,5.794
1969-02-26,6.966
1969-02-27,8.624
1969-02-28,11.51
1969-03-01,15.267
1969-03-02,15.807
1969-03-03,12.431
1969-03-04,9.422
1969-03-05,6.644
1969-03-06,5.517
1969-03-07,4.994
1969-03-08,4.857
1969-03-09,4.819
1969-03-10,4.818
1969-03-11,4.934
1969-03-12,4.947
1969-03-13,4.778
1969-03-14,4.945
1969-03-15,5.086
1969-03-16,5.17
1969-03-17,4.932
1969-03-18,4.777
1969-03-19,4.614
1969-03-20,4.572
1969-03-21,4.678
1969-03-22,5.442
1969-03-23,8.757
1969-03-24,26.321
1969-03-25,39.868
1969-03-26,39.471
1969-03-27,30.469
1969-03-28,33.158
1969-03-29,25.903
1969-03-30,13.992
1969-03-31,9.317
1969-04-01,5.192
1969-04-02,3.923
1969-04-03,3.859
1969-04-04,3.81
1969-04-05,3.75
1969-04-06,3.693
1969-04-07,3.656
1969-04-08,3.883
1969-04-09,4.136
1969-04-10,3.683
1969-04-11,3.465
1969-04-12,3.422
1969-04-13,3.394
1969-04-14,3.376
1969-04-15,3.338
1969-04-16,3.32
1969-04-17,3.321
1969-04-18,3.298
1969-04-19,3.298
1969-04-20,3.198
1969-04-21,3.148
1969-04-22,3.098
1969-04-23,3.078
1969-04-24,3.156
1969-04-25,3.232
1969-04-26,3.224
1969-04-27,3.123
1969-04-28,2.994
1969-04-29,3.019
1969-04-30,3.149
1969-05-01,3.112
1969-05-02,3.188
1969-05-03,4.352
1969-05-04,10.311
1969-05-05,16.582
1969-05-06,19.323
1969-05-07,25.181
1969-05-08,47.848
1969-05-09,72.523
1969-05-10,69.362
1969-05-11,58.362
1969-05-12,49.574
1969-05-13,38.991
1969-05-14,46.82
1969-05-15,39.468
1969-05-16,35.67
1969-05-17,33.94
1969-05-18,51.875
1969-05-19,65.942
1969-05-20,63.745
1969-05-21,55.028
1969-05-22,72.148
1969-05-23,61.65
1969-05-24,35.792
1969-05-25,21.368
1969-05-26,14.455
1969-05-27,9.937
1969-05-28,19.904
1969-05-29,54.307
1969-05-30,42.089
1969-05-31,28.575
1969-06-01,16.708
1969-06-02,5.719
1969-06-03,2.693
1969-06-04,2.405
1969-06-05,2.423
1969-06-06,2.45
1969-06-07,2.748
1969-06-08,4.178
1969-06-09,7.019
1969-06-10,9.744
1969-06-11,15.145
1969-06-12,19.888
1969-06-13,20.751
1969-06-14,7.441
1969-06-15,5.485
1969-06-16,7.81
1969-06-17,15.205
1969-06-18,34.638
1969-06-19,54.145
1969-06-20,68.496
1969-06-21,90.528
1969-06-22,84.15
1969-06-23,66.082
1969-06-24,39.546
1969-06-25,28.331
1969-06-26,37.512
1969-06-27,59.669
1969-06-28,53.634
1969-06-29,44.294
1969-06-30,34.608
1969-07-01,24.182
1969-07-02,12.446
1969-07-03,7.928
1969-07-04,8.289
1969-07-05,9.57
1969-07-06,13.969
1969-07-07,20.805
1969-07-08,28.954
1969-07-09,28.297
1969-07-10,27.219
1969-07-11,34.316
1969-07-12,65.098
1969-07-13,51.382
1969-07-14,34.237
1969-07-15,25.228
1969-07-16,16.959
1969-07-17,16.529
1969-07-18,18.225
1969-07-19,20.937
1969-07-20,25.136
1969-07-21,27.307
1969-07-22,41.981
1969-07-23,90.044
1969-07-24,112.626
1969-07-25,108.822
1969-07-26,114.021
1969-07-27,112.242
1969-07-28,87.479
1969-07-29,82.388
1969-07-30,80.793
1969-07-31,80.535
1969-08-01,66.511
1969-08-02,47.303
1969-08-03,51.158
1969-08-04,67.063
1969-08-05,80.045
1969-08-06,65.171
1969-08-07,51.055
1969-08-08,33.047
1969-08-09,25.908
1969-08-10,24.481
1969-08-11,24.135
1969-08-12,23.813
1969-08-13,23.922
1969-08-14,23.709
1969-08-15,24.044
1969-08-16,24.547
1969-08-17,26.825
1969-08-18,25.743
1969-08-19,23.962
1969-08-20,23.542
1969-08-21,19.3
1969-08-22,16.816
1969-08-23,16.394
1969-08-24,16.633
1969-08-25,17.786
1969-08-26,19.261
1969-08-27,17.095
1969-08-28,16.163
1969-08-29,15.105
1969-08-30,14.461
1969-08-31,14.175
1969-09-01,13.945
1969-09-02,13.848
1969-09-03,13.617
1969-09-04,13.089
1969-09-05,12.732
1969-09-06,14.719
1969-09-07,18.653
1969-09-08,24.07
1969-09-09,32.287
1969-09-10,57.837
1969-09-11,63.106
1969-09-12,59.468
1969-09-13,59.85
1969-09-14,49.721
1969-09-15,37.031
1969-09-16,41.822
1969-09-17,41.325
1969-09-18,32.21
1969-09-19,16.091
1969-09-20,11.124
1969-09-21,10.213
1969-09-22,10.066
1969-09-23,9.945
1969-09-24,9.852
1969-09-25,9.771
1969-09-26,9.748
1969-09-27,9.748
1969-09-28,9.684
1969-09-29,9.543
1969-09-30,9.425
1969-10-01,9.334
1969-10-02,9.242
1969-10-03,9.216
1969-10-04,9.145
1969-10-05,9.013
1969-10-06,8.855
1969-10-07,8.756
1969-10-08,8.67
1969-10-09,8.577
1969-10-10,8.492
1969-10-11,8.614
1969-10-12,8.875
1969-10-13,8.942
1969-10-14,9.121
1969-10-15,8.867
1969-10-16,8.975
1969-10-17,8.611
1969-10-18,8.368
1969-10-19,8.793
1969-10-20,10.06
1969-10-21,11.022
1969-10-22,14.348
1969-10-23,17.32
1969-10-24,22.501
1969-10-25,25.156
1969-10-26,17.836
1969-10-27,11.028
1969-10-28,8.173
1969-10-29,7.226
1969-10-30,7.562
1969-10-31,9.461
1969-11-01,15.884
1969-11-02,23.56
1969-11-03,20.236
1969-11-04,18.692
1969-11-05,22.347
1969-11-06,19.941
1969-11-07,9.849
1969-11-08,7.496
1969-11-09,9.04
1969-11-10,10.073
1969-11-11,8.103
1969-11-12,7.903
1969-11-13,7.26
1969-11-14,6.268
1969-11-15,5.878
1969-11-16,5.652
1969-11-17,5.495
1969-11-18,5.351
1969-11-19,5.229
1969-11-20,5.745
1969-11-21,6.659
1969-11-22,6.269
1969-11-23,7.233
1969-11-24,10.441
1969-11-25,15.562
1969-11-26,15.335
1969-11-27,10.467
1969-11-28,7.235
1969-11-29,6.747
1969-11-30,6.266
1969-12-01,5.478
1969-12-02,4.855
1969-12-03,4.901
1969-12-04,4.891
1969-12-05,5.068
1969-12-06,4.992
1969-12-07,4.623
1969-12-08,4.44
1969-12-09,4.307
1969-12-10,4.21
1969-12-11,4.166
1969-12-12,4.17
1969-12-13,4.314
1969-12-14,4.252
1969-12-15,4.084
1969-12-16,3.963
1969-12-17,3.84
1969-12-18,3.768
1969-12-19,3.748
1969-12-20,3.711
1969-12-21,3.649
1969-12-22,3.59
1969-12-23,3.532
1969-12-24,3.476
1969-12-25,3.415
1969-12-26,3.384
1969-12-27,3.388
1969-12-28,3.354
1969-12-29,3.312
1969-12-30,3.373
1969-12-31,3.332
1970-01-01,3.24
1970-01-02,3.157
1970-01-03,3.112
1970-01-04,3.102
1970-01-05,3.028
1970-01-06,2.978
1970-01-07,3.006
1970-01-08,2.992
1970-01-09,2.963
1970-01-10,2.94
1970-01-11,2.994
1970-01-12,3.109
1970-01-13,3.275
1970-01-14,3.053
1970-01-15,2.917
1970-01-16,2.948
1970-01-17,2.924
1970-01-18,4.14
1970-01-19,6.097
1970-01-20,4.79
1970-01-21,4.525
1970-01-22,4.667
1970-01-23,6.206
1970-01-24,11.114
1970-01-25,15.589
1970-01-26,15.076
1970-01-27,15.558
1970-01-28,13.378
1970-01-29,12.598
1970-01-30,12.962
1970-01-31,15.542
1970-02-01,16.298
1970-02-02,13.471
1970-02-03,8.99
1970-02-04,7.147
1970-02-05,6.469
1970-02-06,3.459
1970-02-07,2.365
1970-02-08,2.186
1970-02-09,2.141
1970-02-10,2.08
1970-02-11,2.046
1970-02-12,2.061
1970-02-13,2.03
1970-02-14,2.008
1970-02-15,2.002
1970-02-16,1.995
1970-02-17,2.026
1970-02-18,1.999
1970-02-19,1.955
1970-02-20,2.002
1970-02-21,2.027
1970-02-22,2.049
1970-02-23,2.383
1970-02-24,3.149
1970-02-25,4.172
1970-02-26,3.641
1970-02-27,2.736
1970-02-28,2.532
1970-03-01,2.235
1970-03-02,1.85
1970-03-03,1.704
1970-03-04,1.705
1970-03-05,1.731
1970-03-06,1.787
1970-03-07,1.745
1970-03-08,1.707
1970-03-09,2.53
1970-03-10,7.482
1970-03-11,18.132
1970-03-12,36.662
1970-03-13,50.462
1970-03-14,45.445
1970-03-15,17.753
1970-03-16,15.105
1970-03-17,10.523
1970-03-18,14.64
1970-03-19,20.819
1970-03-20,14.188
1970-03-21,6.095
1970-03-22,3.91
1970-03-23,2.933
1970-03-24,5.767
1970-03-25,6.625
1970-03-26,10.142
1970-03-27,32.51
1970-03-28,64.666
1970-03-29,63.799
1970-03-30,71.728
1970-03-31,121.228
1970-04-01,123.28
1970-04-02,84.674
1970-04-03,46.676
1970-04-04,28.63
1970-04-05,24.325
1970-04-06,13.215
1970-04-07,10.278
1970-04-08,15.716
1970-04-09,27.066
1970-04-10,40.396
1970-04-11,27.216
1970-04-12,34.856
1970-04-13,65.792
1970-04-14,72.941
1970-04-15,33.273
1970-04-16,17.298
1970-04-17,11.948
1970-04-18,5.253
1970-04-19,2.86
1970-04-20,2.741
1970-04-21,4.408
1970-04-22,13.208
1970-04-23,21.962
1970-04-24,33.297
1970-04-25,50.639
1970-04-26,53.952
1970-04-27,76.67
1970-04-28,74.626
1970-04-29,40.796
1970-04-30,22.741
1970-05-01,31.408
1970-05-02,49.738
1970-05-03,55.688
1970-05-04,90.79
1970-05-05,139.671
1970-05-06,126.46
1970-05-07,99.025
1970-05-08,118.903
1970-05-09,159.783
1970-05-10,176.681
1970-05-11,117.55
1970-05-12,84.948
1970-05-13,94.939
1970-05-14,127.645
1970-05-15,149.311
1970-05-16,134.209
1970-05-17,88.14
1970-05-18,59.972
1970-05-19,37.603
1970-05-20,27.935
1970-05-21,19.613
1970-05-22,14.72
1970-05-23,20.264
1970-05-24,31.705
1970-05-25,29.133
1970-05-26,19.451
1970-05-27,26.771
1970-05-28,43.462
1970-05-29,81.294
1970-05-30,218.542
1970-05-31,195.379
1970-06-01,94.955
1970-06-02,38.672
1970-06-03,23.033
1970-06-04,24.392
1970-06-05,37.118
1970-06-06,44.065
1970-06-07,41.349
1970-06-08,34.325
1970-06-09,35.172
1970-06-10,32.653
1970-06-11,18.245
1970-06-12,10.595
1970-06-13,8.638
1970-06-14,8.44
1970-06-15,8.686
1970-06-16,9.827
1970-06-17,16.106
1970-06-18,25.224
1970-06-19,33.017
1970-06-20,50.156
1970-06-21,56.215
1970-06-22,64.955
1970-06-23,98.248
1970-06-24,264.845
1970-06-25,210.419
1970-06-26,142.0
1970-06-27,117.328
1970-06-28,80.367
1970-06-29,54.12
1970-06-30,39.688
1970-07-01,37.652
1970-07-02,47.917
1970-07-03,52.49
1970-07-04,60.162
1970-07-05,57.427
1970-07-06,58.392
1970-07-07,52.665
1970-07-08,52.607
1970-07-09,51.358
1970-07-10,46.379
1970-07-11,34.885
1970-07-12,26.688
1970-07-13,23.768
1970-07-14,23.798
1970-07-15,25.94
1970-07-16,30.924
1970-07-17,43.835
1970-07-18,67.585
1970-07-19,52.749
1970-07-20,50.991
1970-07-21,43.854
1970-07-22,46.925
1970-07-23,64.171
1970-07-24,62.218
1970-07-25,48.901
1970-07-26,42.45
1970-07-27,46.876
1970-07-28,54.055
1970-07-29,44.634
1970-07-30,34.175
1970-07-31,41.75
1970-08-01,56.142
1970-08-02,46.086
1970-08-03,42.559
1970-08-04,44.375
1970-08-05,46.472
1970-08-06,39.382
1970-08-07,43.0
1970-08-08,45.594
1970-08-09,43.625
1970-08-10,43.387
1970-08-11,54.709
1970-08-12,53.678
1970-08-13,53.334
1970-08-14,61.882
1970-08-15,105.104
1970-08-16,163.84
1970-08-17,152.52
1970-08-18,124.11
1970-08-19,114.61
1970-08-20,122.085
1970-08-21,130.463
1970-08-22,165.468
1970-08-23,250.204
1970-08-24,249.985
1970-08-25,194.734
1970-08-26,147.93
1970-08-27,159.968
1970-08-28,173.331
1970-08-29,181.67
1970-08-30,176.176
1970-08-31,140.445
1970-09-01,108.22
1970-09-02,93.987
1970-09-03,89.523
1970-09-04,87.08
1970-09-05,84.486
1970-09-06,86.866
1970-09-07,95.737
1970-09-08,98.018
1970-09-09,93.621
1970-09-10,94.571
1970-09-11,123.628
1970-09-12,231.829
1970-09-13,451.088
1970-09-14,302.95
1970-09-15,180.013
1970-09-16,116.626
1970-09-17,92.453
1970-09-18,82.362
1970-09-19,70.935
1970-09-20,67.0
1970-09-21,67.123
1970-09-22,64.976
1970-09-23,63.247
1970-09-24,62.101
1970-09-25,60.99
1970-09-26,60.267
1970-09-27,59.326
1970-09-28,58.236
1970-09-29,56.685
1970-09-30,55.272
1970-10-01,53.829
1970-10-02,52.38
1970-10-03,50.865
1970-10-04,49.475
1970-10-05,48.228
1970-10-06,47.027
1970-10-07,45.865
1970-10-08,44.638
1970-10-09,43.391
1970-10-10,42.14
1970-10-11,40.99
1970-10-12,40.016
1970-10-13,39.435
1970-10-14,39.009
1970-10-15,39.479
1970-10-16,40.4
1970-10-17,42.713
1970-10-18,46.276
1970-10-19,43.608
1970-10-20,43.95
1970-10-21,40.558
1970-10-22,34.64
1970-10-23,31.964
1970-10-24,30.78
1970-10-25,30.002
1970-10-26,29.219
1970-10-27,29.025
1970-10-28,28.977
1970-10-29,28.411
1970-10-30,27.541
1970-10-31,26.862
1970-11-01,26.404
1970-11-02,25.743
1970-11-03,25.042
1970-11-04,24.375
1970-11-05,24.379
1970-11-06,26.534
1970-11-07,28.964
1970-11-08,25.244
1970-11-09,24.59
1970-11-10,23.338
1970-11-11,21.969
1970-11-12,21.167
1970-11-13,20.501
1970-11-14,19.921
1970-11-15,19.408
1970-11-16,19.003
1970-11-17,18.632
1970-11-18,18.278
1970-11-19,17.975
1970-11-20,17.589
1970-11-21,17.208
1970-11-22,16.825
1970-11-23,16.478
1970-11-24,16.166
1970-11-25,15.802
1970-11-26,15.496
1970-11-27,15.194
1970-11-28,14.862
1970-11-29,14.545
1970-11-30,14.21
1970-12-01,13.928
1970-12-02,13.628
1970-12-03,13.347
1970-12-04,13.138
1970-12-05,12.879
1970-12-06,12.633
1970-12-07,12.451
1970-12-08,12.397
1970-12-09,12.535
1970-12-10,12.191
1970-12-11,11.537
1970-12-12,11.181
1970-12-13,10.972
1970-12-14,10.795
1970-12-15,10.663
1970-12-16,10.454
1970-12-17,10.253
1970-12-18,10.108
1970-12-19,9.972
1970-12-20,9.785
1970-12-21,9.547
1970-12-22,9.333
1970-12-23,9.158
1970-12-24,9.013
1970-12-25,8.89
1970-12-26,8.688
1970-12-27,8.544
1970-12-28,8.475
1970-12-29,8.38
1970-12-30,8.188
1970-12-31,8.002
1971-01-01,7.843
1971-01-02,7.725
1971-01-03,7.592
1971-01-04,7.471
1971-01-05,7.325
1971-01-06,7.19
1971-01-07,7.1
1971-01-08,7.037
1971-01-09,6.914
1971-01-10,6.745
1971-01-11,6.607
1971-01-12,6.482
1971-01-13,6.398
1971-01-14,6.33
1971-01-15,6.244
1971-01-16,6.215
1971-01-17,6.101
1971-01-18,6.015
1971-01-19,5.9
1971-01-20,5.83
1971-01-21,5.815
1971-01-22,5.707
1971-01-23,5.576
1971-01-24,5.47
1971-01-25,5.322
1971-01-26,5.266
1971-01-27,5.247
1971-01-28,5.145
1971-01-29,5.07
1971-01-30,5.006
1971-01-31,4.942
1971-02-01,4.842
1971-02-02,4.762
1971-02-03,4.687
1971-02-04,4.619
1971-02-05,4.562
1971-02-06,4.502
1971-02-07,4.399
1971-02-08,4.354
1971-02-09,4.24
1971-02-10,4.115
1971-02-11,4.077
1971-02-12,4.075
1971-02-13,4.073
1971-02-14,3.989
1971-02-15,3.899
1971-02-16,3.857
1971-02-17,3.812
1971-02-18,3.776
1971-02-19,3.741
1971-02-20,3.675
1971-02-21,3.624
1971-02-22,3.627
1971-02-23,3.652
1971-02-24,3.691
1971-02-25,3.562
1971-02-26,3.436
1971-02-27,3.39
1971-02-28,3.317
1971-03-01,3.25
1971-03-02,3.209
1971-03-03,3.139
1971-03-04,3.082
1971-03-05,3.012
1971-03-06,2.914
1971-03-07,2.856
1971-03-08,2.831
1971-03-09,2.834
1971-03-10,2.857
1971-03-11,2.82
1971-03-12,2.757
1971-03-13,2.758
1971-03-14,2.792
1971-03-15,2.862
1971-03-16,2.794
1971-03-17,2.753
1971-03-18,2.544
1971-03-19,2.45
1971-03-20,2.436
1971-03-21,2.431
1971-03-22,2.51
1971-03-23,2.446
1971-03-24,2.36
1971-03-25,2.31
1971-03-26,2.278
1971-03-27,2.238
1971-03-28,2.397
1971-03-29,2.427
1971-03-30,2.49
1971-03-31,2.631
1971-04-01,2.805
1971-04-02,2.924
1971-04-03,2.939
1971-04-04,2.81
1971-04-05,2.539
1971-04-06,2.813
1971-04-07,3.544
1971-04-08,6.29
1971-04-09,7.455
1971-04-10,15.072
1971-04-11,22.19
1971-04-12,18.194
1971-04-13,31.64
1971-04-14,55.777
1971-04-15,71.569
1971-04-16,77.605
1971-04-17,64.081
1971-04-18,59.355
1971-04-19,64.43
1971-04-20,40.378
1971-04-21,16.783
1971-04-22,6.785
1971-04-23,5.993
1971-04-24,8.968
1971-04-25,11.859
1971-04-26,34.854
1971-04-27,68.503
1971-04-28,112.471
1971-04-29,86.125
1971-04-30,63.859
1971-05-01,46.745
1971-05-02,50.356
1971-05-03,53.013
1971-05-04,95.142
1971-05-05,102.145
1971-05-06,93.16
1971-05-07,86.33
1971-05-08,83.313
1971-05-09,89.465
1971-05-10,152.473
1971-05-11,185.031
1971-05-12,149.627
1971-05-13,170.851
1971-05-14,209.248
1971-05-15,266.188
1971-05-16,266.238
1971-05-17,167.938
1971-05-18,154.061
1971-05-19,173.009
1971-05-20,188.913
1971-05-21,183.725
1971-05-22,165.266
1971-05-23,79.068
1971-05-24,57.51
1971-05-25,89.168
1971-05-26,109.08
1971-05-27,75.896
1971-05-28,84.194
1971-05-29,79.893
1971-05-30,93.424
1971-05-31,152.765
1971-06-01,169.718
1971-06-02,150.059
1971-06-03,138.553
1971-06-04,101.272
1971-06-05,85.358
1971-06-06,95.839
1971-06-07,138.441
1971-06-08,163.095
1971-06-09,153.394
1971-06-10,124.791
1971-06-11,141.497
1971-06-12,172.363
1971-06-13,135.882
1971-06-14,96.156
1971-06-15,65.206
1971-06-16,62.453
1971-06-17,76.108
1971-06-18,96.042
1971-06-19,132.384
1971-06-20,146.115
1971-06-21,136.478
1971-06-22,131.455
1971-06-23,104.647
1971-06-24,93.62
1971-06-25,81.868
1971-06-26,87.525
1971-06-27,105.534
1971-06-28,119.169
1971-06-29,156.177
1971-06-30,158.285
1971-07-01,172.781
1971-07-02,149.595
1971-07-03,170.296
1971-07-04,184.443
1971-07-05,170.078
1971-07-06,156.682
1971-07-07,144.017
1971-07-08,173.103
1971-07-09,256.582
1971-07-10,259.43
1971-07-11,226.214
1971-07-12,181.257
1971-07-13,175.035
1971-07-14,202.041
1971-07-15,189.782
1971-07-16,175.969
1971-07-17,186.995
1971-07-18,207.26
1971-07-19,240.808
1971-07-20,260.633
1971-07-21,322.335
1971-07-22,418.894
1971-07-23,456.794
1971-07-24,459.892
1971-07-25,467.869
1971-07-26,417.479
1971-07-27,415.439
1971-07-28,407.059
1971-07-29,391.065
1971-07-30,412.122
1971-07-31,430.206
1971-08-01,392.169
1971-08-02,339.814
1971-08-03,311.543
1971-08-04,292.23
1971-08-05,282.227
1971-08-06,275.576
1971-08-07,270.011
1971-08-08,267.44
1971-08-09,269.481
1971-08-10,277.17
1971-08-11,278.462
1971-08-12,291.578
1971-08-13,308.354
1971-08-14,348.494
1971-08-15,363.557
1971-08-16,384.3
1971-08-17,365.253
1971-08-18,377.431
1971-08-19,350.618
1971-08-20,305.339
1971-08-21,328.844
1971-08-22,412.883
1971-08-23,483.194
1971-08-24,547.749
1971-08-25,532.837
1971-08-26,501.331
1971-08-27,559.986
1971-08-28,584.743
1971-08-29,524.945
1971-08-30,467.062
1971-08-31,458.164
1971-09-01,529.957
1971-09-02,603.285
1971-09-03,516.364
1971-09-04,457.612
1971-09-05,442.11
1971-09-06,431.47
1971-09-07,437.238
1971-09-08,414.178
1971-09-09,376.053
1971-09-10,346.41
1971-09-11,329.259
1971-09-12,317.132
1971-09-13,313.645
1971-09-14,319.916
1971-09-15,307.457
1971-09-16,286.087
1971-09-17,269.315
1971-09-18,251.767
1971-09-19,239.972
1971-09-20,231.3
1971-09-21,223.71
1971-09-22,214.611
1971-09-23,206.806
1971-09-24,198.683
1971-09-25,190.945
1971-09-26,183.738
1971-09-27,180.044
1971-09-28,174.91
1971-09-29,178.059
1971-09-30,191.474
1971-10-01,200.08
1971-10-02,224.845
1971-10-03,223.56
1971-10-04,188.276
1971-10-05,155.421
1971-10-06,137.034
1971-10-07,131.528
1971-10-08,127.37
1971-10-09,124.077
1971-10-10,120.339
1971-10-11,116.859
1971-10-12,113.476
1971-10-13,110.496
1971-10-14,108.107
1971-10-15,106.096
1971-10-16,103.711
1971-10-17,100.768
1971-10-18,97.764
1971-10-19,99.966
1971-10-20,123.5
1971-10-21,143.558
1971-10-22,175.342
1971-10-23,200.207
1971-10-24,212.739
1971-10-25,207.06
1971-10-26,163.985
1971-10-27,132.699
1971-10-28,106.446
1971-10-29,88.52
1971-10-30,81.742
1971-10-31,78.647
1971-11-01,75.52
1971-11-02,73.402
1971-11-03,72.03
1971-11-04,70.825
1971-11-05,69.782
1971-11-06,70.38
1971-11-07,78.617
1971-11-08,81.716
1971-11-09,76.219
1971-11-10,71.482
1971-11-11,68.36
1971-11-12,65.91
1971-11-13,68.738
1971-11-14,74.248
1971-11-15,68.279
1971-11-16,62.409
1971-11-17,60.191
1971-11-18,58.018
1971-11-19,56.545
1971-11-20,54.339
1971-11-21,52.938
1971-11-22,52.018
1971-11-23,51.143
1971-11-24,50.189
1971-11-25,49.272
1971-11-26,48.465
1971-11-27,47.662
1971-11-28,46.709
1971-11-29,46.307
1971-11-30,45.355
1971-12-01,44.741
1971-12-02,44.022
1971-12-03,43.027
1971-12-04,42.082
1971-12-05,41.138
1971-12-06,40.341
1971-12-07,39.401
1971-12-08,38.488
1971-12-09,37.661
1971-12-10,36.886
1971-12-11,36.15
1971-12-12,35.376
1971-12-13,34.633
1971-12-14,33.899
1971-12-15,33.181
1971-12-16,32.456
1971-12-17,31.88
1971-12-18,31.282
1971-12-19,30.933
1971-12-20,30.425
1971-12-21,29.608
1971-12-22,29.231
1971-12-23,28.229
1971-12-24,27.605
1971-12-25,27.142
1971-12-26,26.784
1971-12-27,26.384
1971-12-28,25.635
1971-12-29,25.156
1971-12-30,24.781
1971-12-31,24.425
1972-01-01,23.96
1972-01-02,23.553
1972-01-03,23.158
1972-01-04,22.916
1972-01-05,22.627
1972-01-06,21.984
1972-01-07,21.21
1972-01-08,20.688
1972-01-09,20.307
1972-01-10,19.92
1972-01-11,19.681
1972-01-12,19.118
1972-01-13,18.63
1972-01-14,18.229
1972-01-15,17.917
1972-01-16,17.585
1972-01-17,17.166
1972-01-18,16.803
1972-01-19,16.367
1972-01-20,15.999
1972-01-21,15.696
1972-01-22,15.366
1972-01-23,15.083
1972-01-24,14.723
1972-01-25,14.368
1972-01-26,14.102
1972-01-27,13.805
1972-01-28,13.528
1972-01-29,13.281
1972-01-30,12.99
1972-01-31,12.755
1972-02-01,12.538
1972-02-02,12.438
1972-02-03,12.305
1972-02-04,12.236
1972-02-05,12.308
1972-02-06,12.21
1972-02-07,12.504
1972-02-08,12.704
1972-02-09,13.403
1972-02-10,13.946
1972-02-11,14.062
1972-02-12,14.316
1972-02-13,13.2
1972-02-14,11.514
1972-02-15,10.605
1972-02-16,10.147
1972-02-17,9.95
1972-02-18,9.927
1972-02-19,9.851
1972-02-20,9.783
1972-02-21,9.499
1972-02-22,9.343
1972-02-23,9.314
1972-02-24,9.115
1972-02-25,8.957
1972-02-26,8.687
1972-02-27,8.499
1972-02-28,8.368
1972-02-29,8.22
1972-03-01,8.157
1972-03-02,8.325
1972-03-03,8.626
1972-03-04,8.989
1972-03-05,9.894
1972-03-06,11.055
1972-03-07,9.876
1972-03-08,8.183
1972-03-09,7.606
1972-03-10,7.428
1972-03-11,7.343
1972-03-12,7.228
1972-03-13,6.998
1972-03-14,6.996
1972-03-15,7.222
1972-03-16,7.626
1972-03-17,7.871
1972-03-18,7.169
1972-03-19,6.732
1972-03-20,6.413
1972-03-21,6.224
1972-03-22,6.105
1972-03-23,6.012
1972-03-24,5.927
1972-03-25,5.84
1972-03-26,5.774
1972-03-27,5.66
1972-03-28,5.562
1972-03-29,5.495
1972-03-30,5.475
1972-03-31,5.378
1972-04-01,5.265
1972-04-02,5.155
1972-04-03,5.081
1972-04-04,4.952
1972-04-05,4.852
1972-04-06,4.847
1972-04-07,4.867
1972-04-08,5.401
1972-04-09,5.813
1972-04-10,5.902
1972-04-11,6.071
1972-04-12,5.846
1972-04-13,8.588
1972-04-14,10.597
1972-04-15,7.659
1972-04-16,7.718
1972-04-17,7.55
1972-04-18,7.11
1972-04-19,12.522
1972-04-20,15.91
1972-04-21,11.358
1972-04-22,8.513
1972-04-23,8.04
1972-04-24,9.425
1972-04-25,8.075
1972-04-26,8.567
1972-04-27,11.799
1972-04-28,12.653
1972-04-29,13.817
1972-04-30,17.967
1972-05-01,20.03
1972-05-02,17.469
1972-05-03,22.515
1972-05-04,16.27
1972-05-05,10.844
1972-05-06,6.909
1972-05-07,12.016
1972-05-08,27.11
1972-05-09,39.12
1972-05-10,23.123
1972-05-11,12.619
1972-05-12,5.89
1972-05-13,4.292
1972-05-14,3.854
1972-05-15,4.291
1972-05-16,4.974
1972-05-17,5.866
1972-05-18,9.186
1972-05-19,21.834
1972-05-20,53.212
1972-05-21,76.887
1972-05-22,69.95
1972-05-23,45.995
1972-05-24,46.225
1972-05-25,70.117
1972-05-26,85.197
1972-05-27,60.52
1972-05-28,52.638
1972-05-29,45.569
1972-05-30,36.323
1972-05-31,27.942
1972-06-01,19.135
1972-06-02,16.453
1972-06-03,18.642
1972-06-04,41.823
1972-06-05,69.45
1972-06-06,83.367
1972-06-07,77.308
1972-06-08,72.36
1972-06-09,46.556
1972-06-10,20.934
1972-06-11,7.281
1972-06-12,4.609
1972-06-13,4.956
1972-06-14,7.795
1972-06-15,15.111
1972-06-16,18.99
1972-06-17,15.674
1972-06-18,10.175
1972-06-19,8.66
1972-06-20,10.46
1972-06-21,13.897
1972-06-22,17.715
1972-06-23,33.958
1972-06-24,44.035
1972-06-25,49.483
1972-06-26,62.846
1972-06-27,88.759
1972-06-28,85.585
1972-06-29,81.932
1972-06-30,88.038
1972-07-01,71.722
1972-07-02,120.047
1972-07-03,150.075
1972-07-04,207.218
1972-07-05,234.322
1972-07-06,181.225
1972-07-07,189.369
1972-07-08,137.335
1972-07-09,72.872
1972-07-10,37.16
1972-07-11,30.147
1972-07-12,27.739
1972-07-13,35.882
1972-07-14,34.777
1972-07-15,22.68
1972-07-16,18.176
1972-07-17,24.552
1972-07-18,52.079
1972-07-19,54.678
1972-07-20,43.16
1972-07-21,58.727
1972-07-22,69.525
1972-07-23,71.579
1972-07-24,57.745
1972-07-25,47.16
1972-07-26,44.312
1972-07-27,43.148
1972-07-28,36.84
1972-07-29,39.208
1972-07-30,36.723
1972-07-31,32.764
1972-08-01,33.533
1972-08-02,39.978
1972-08-03,54.583
1972-08-04,68.296
1972-08-05,73.55
1972-08-06,112.035
1972-08-07,122.66
1972-08-08,114.087
1972-08-09,101.322
1972-08-10,135.714
1972-08-11,174.976
1972-08-12,225.498
1972-08-13,324.815
1972-08-14,237.094
1972-08-15,137.683
1972-08-16,125.19
1972-08-17,133.292
1972-08-18,203.966
1972-08-19,233.373
1972-08-20,189.034
1972-08-21,176.086
1972-08-22,135.688
1972-08-23,115.083
1972-08-24,120.49
1972-08-25,114.49
1972-08-26,103.526
1972-08-27,92.653
1972-08-28,87.467
1972-08-29,79.038
1972-08-30,72.76
1972-08-31,69.913
1972-09-01,67.955
1972-09-02,65.952
1972-09-03,63.978
1972-09-04,62.09
1972-09-05,60.427
1972-09-06,58.703
1972-09-07,58.34
1972-09-08,60.962
1972-09-09,68.442
1972-09-10,73.176
1972-09-11,70.813
1972-09-12,64.407
1972-09-13,58.45
1972-09-14,56.114
1972-09-15,50.995
1972-09-16,46.301
1972-09-17,43.809
1972-09-18,42.584
1972-09-19,41.361
1972-09-20,40.329
1972-09-21,39.173
1972-09-22,38.121
1972-09-23,37.33
1972-09-24,38.466
1972-09-25,43.815
1972-09-26,46.976
1972-09-27,55.911
1972-09-28,69.938
1972-09-29,71.122
1972-09-30,76.285
1972-10-01,84.045
1972-10-02,77.804
1972-10-03,55.934
1972-10-04,42.571
1972-10-05,34.012
1972-10-06,30.733
1972-10-07,29.365
1972-10-08,28.785
1972-10-09,28.388
1972-10-10,28.046
1972-10-11,28.541
1972-10-12,38.81
1972-10-13,54.313
1972-10-14,40.895
1972-10-15,32.145
1972-10-16,37.668
1972-10-17,57.58
1972-10-18,71.413
1972-10-19,70.46
1972-10-20,91.763
1972-10-21,114.571
1972-10-22,127.59
1972-10-23,163.645
1972-10-24,188.26
1972-10-25,185.625
1972-10-26,166.417
1972-10-27,188.013
1972-10-28,177.957
1972-10-29,124.805
1972-10-30,101.256
1972-10-31,107.33
1972-11-01,77.642
1972-11-02,55.989
1972-11-03,46.65
1972-11-04,52.037
1972-11-05,59.095
1972-11-06,61.603
1972-11-07,60.792
1972-11-08,70.161
1972-11-09,83.813
1972-11-10,105.545
1972-11-11,128.341
1972-11-12,170.315
1972-11-13,201.823
1972-11-14,222.272
1972-11-15,257.938
1972-11-16,276.787
1972-11-17,224.119
1972-11-18,211.978
1972-11-19,188.445
1972-11-20,167.385
1972-11-21,144.5
1972-11-22,139.658
1972-11-23,138.13
1972-11-24,123.39
1972-11-25,111.102
1972-11-26,101.635
1972-11-27,95.807
1972-11-28,92.45
1972-11-29,87.162
1972-11-30,82.777
1972-12-01,78.972
1972-12-02,75.66
1972-12-03,72.51
1972-12-04,69.045
1972-12-05,66.046
1972-12-06,63.831
1972-12-07,61.032
1972-12-08,58.552
1972-12-09,56.616
1972-12-10,54.742
1972-12-11,53.102
1972-12-12,51.649
1972-12-13,49.088
1972-12-14,46.922
1972-12-15,45.222
1972-12-16,43.791
1972-12-17,42.46
1972-12-18,41.166
1972-12-19,39.941
1972-12-20,38.883
1972-12-21,38.106
1972-12-22,37.197
1972-12-23,36.317
1972-12-24,35.724
1972-12-25,34.542
1972-12-26,33.24
1972-12-27,32.05
1972-12-28,31.04
1972-12-29,30.187
1972-12-30,29.318
1972-12-31,28.523
1973-01-01,27.821
1973-01-02,27.102
1973-01-03,26.5
1973-01-04,25.706
1973-01-05,25.012
1973-01-06,24.338
1973-01-07,23.667
1973-01-08,23.118
1973-01-09,22.581
1973-01-10,22.022
1973-01-11,21.468
1973-01-12,20.911
1973-01-13,20.385
1973-01-14,20.024
1973-01-15,19.55
1973-01-16,19.094
1973-01-17,18.657
1973-01-18,18.206
1973-01-19,17.968
1973-01-20,17.277
1973-01-21,16.817
1973-01-22,16.476
1973-01-23,16.104
1973-01-24,15.654
1973-01-25,15.282
1973-01-26,14.999
1973-01-27,14.643
1973-01-28,14.266
1973-01-29,13.867
1973-01-30,13.525
1973-01-31,13.221
1973-02-01,12.882
1973-02-02,12.558
1973-02-03,12.334
1973-02-04,12.068
1973-02-05,11.842
1973-02-06,11.517
1973-02-07,11.252
1973-02-08,11.03
1973-02-09,10.802
1973-02-10,10.577
1973-02-11,10.403
1973-02-12,10.226
1973-02-13,10.026
1973-02-14,9.857
1973-02-15,9.724
1973-02-16,9.657
1973-02-17,10.154
1973-02-18,12.118
1973-02-19,13.052
1973-02-20,12.592
1973-02-21,10.734
1973-02-22,10.051
1973-02-23,10.215
1973-02-24,11.657
1973-02-25,11.497
1973-02-26,11.75
1973-02-27,11.52
1973-02-28,10.644
1973-03-01,8.835
1973-03-02,7.788
1973-03-03,7.496
1973-03-04,7.351
1973-03-05,7.197
1973-03-06,7.077
1973-03-07,6.93
1973-03-08,6.825
1973-03-09,6.724
1973-03-10,6.583
1973-03-11,6.515
1973-03-12,6.417
1973-03-13,6.273
1973-03-14,6.178
1973-03-15,6.065
1973-03-16,5.974
1973-03-17,5.901
1973-03-18,5.917
1973-03-19,5.758
1973-03-20,5.584
1973-03-21,5.483
1973-03-22,5.423
1973-03-23,5.393
1973-03-24,5.236
1973-03-25,5.135
1973-03-26,5.012
1973-03-27,4.814
1973-03-28,4.799
1973-03-29,4.771
1973-03-30,4.714
1973-03-31,4.651
1973-04-01,4.559
1973-04-02,4.43
1973-04-03,4.373
1973-04-04,4.282
1973-04-05,4.248
1973-04-06,4.496
1973-04-07,4.704
1973-04-08,4.512
1973-04-09,4.145
1973-04-10,3.972
1973-04-11,3.907
1973-04-12,3.931
1973-04-13,3.918
1973-04-14,3.93
1973-04-15,3.842
1973-04-16,3.911
1973-04-17,4.723
1973-04-18,10.65
1973-04-19,10.896
1973-04-20,8.869
1973-04-21,8.986
1973-04-22,8.763
1973-04-23,12.875
1973-04-24,13.122
1973-04-25,12.123
1973-04-26,16.33
1973-04-27,26.971
1973-04-28,32.665
1973-04-29,17.059
1973-04-30,10.523
1973-05-01,16.318
1973-05-02,19.352
1973-05-03,13.198
1973-05-04,13.951
1973-05-05,26.85
1973-05-06,31.573
1973-05-07,36.792
1973-05-08,59.018
1973-05-09,78.723
1973-05-10,74.048
1973-05-11,58.786
1973-05-12,42.83
1973-05-13,48.23
1973-05-14,42.224
1973-05-15,44.235
1973-05-16,68.479
1973-05-17,90.621
1973-05-18,120.24
1973-05-19,122.476
1973-05-20,107.271
1973-05-21,97.892
1973-05-22,100.724
1973-05-23,94.607
1973-05-24,146.81
1973-05-25,216.099
1973-05-26,154.274
1973-05-27,91.163
1973-05-28,49.982
1973-05-29,28.365
1973-05-30,30.49
1973-05-31,68.361
1973-06-01,83.744
1973-06-02,72.98
1973-06-03,89.052
1973-06-04,118.446
1973-06-05,183.177
1973-06-06,139.121
1973-06-07,130.722
1973-06-08,117.115
1973-06-09,93.779
1973-06-10,68.66
1973-06-11,41.247
1973-06-12,20.407
1973-06-13,16.505
1973-06-14,22.488
1973-06-15,34.894
1973-06-16,64.259
1973-06-17,82.452
1973-06-18,61.776
1973-06-19,40.582
1973-06-20,23.828
1973-06-21,15.553
1973-06-22,13.707
1973-06-23,13.742
1973-06-24,20.299
1973-06-25,37.262
1973-06-26,39.617
1973-06-27,45.706
1973-06-28,43.796
1973-06-29,33.199
1973-06-30,30.308
1973-07-01,23.647
1973-07-02,22.185
1973-07-03,24.033
1973-07-04,25.572
1973-07-05,25.082
1973-07-06,21.509
1973-07-07,21.009
1973-07-08,22.28
1973-07-09,25.101
1973-07-10,28.74
1973-07-11,29.842
1973-07-12,27.659
1973-07-13,27.415
1973-07-14,26.932
1973-07-15,30.95
1973-07-16,34.462
1973-07-17,37.243
1973-07-18,47.05
1973-07-19,67.221
1973-07-20,64.458
1973-07-21,59.159
1973-07-22,62.337
1973-07-23,45.744
1973-07-24,35.06
1973-07-25,27.533
1973-07-26,20.598
1973-07-27,18.717
1973-07-28,18.692
1973-07-29,21.313
1973-07-30,27.745
1973-07-31,39.155
1973-08-01,47.506
1973-08-02,47.95
1973-08-03,47.378
1973-08-04,41.821
1973-08-05,34.715
1973-08-06,42.445
1973-08-07,73.45
1973-08-08,79.753
1973-08-09,81.729
1973-08-10,100.182
1973-08-11,95.756
1973-08-12,95.471
1973-08-13,142.815
1973-08-14,204.827
1973-08-15,235.226
1973-08-16,214.794
1973-08-17,153.888
1973-08-18,144.614
1973-08-19,114.197
1973-08-20,84.489
1973-08-21,81.33
1973-08-22,90.787
1973-08-23,110.266
1973-08-24,140.417
1973-08-25,125.015
1973-08-26,112.499
1973-08-27,90.304
1973-08-28,63.164
1973-08-29,51.434
1973-08-30,50.535
1973-08-31,47.941
1973-09-01,47.407
1973-09-02,47.636
1973-09-03,47.653
1973-09-04,45.832
1973-09-05,44.103
1973-09-06,43.88
1973-09-07,47.294
1973-09-08,49.715
1973-09-09,47.723
1973-09-10,49.636
1973-09-11,42.534
1973-09-12,38.847
1973-09-13,37.488
1973-09-14,36.318
1973-09-15,35.746
1973-09-16,35.121
1973-09-17,34.455
1973-09-18,34.402
1973-09-19,38.031
1973-09-20,48.283
1973-09-21,64.218
1973-09-22,68.141
1973-09-23,65.722
1973-09-24,59.235
1973-09-25,60.039
1973-09-26,73.926
1973-09-27,99.833
1973-09-28,98.142
1973-09-29,123.093
1973-09-30,159.68
1973-10-01,149.982
1973-10-02,121.84
1973-10-03,77.415
1973-10-04,44.735
1973-10-05,36.848
1973-10-06,35.895
1973-10-07,34.476
1973-10-08,34.3
1973-10-09,33.888
1973-10-10,34.156
1973-10-11,38.437
1973-10-12,44.286
1973-10-13,44.92
1973-10-14,39.908
1973-10-15,38.062
1973-10-16,36.718
1973-10-17,32.585
1973-10-18,30.966
1973-10-19,30.554
1973-10-20,31.469
1973-10-21,35.647
1973-10-22,38.772
1973-10-23,34.115
1973-10-24,29.354
1973-10-25,27.92
1973-10-26,27.41
1973-10-27,26.993
1973-10-28,26.665
1973-10-29,26.929
1973-10-30,28.419
1973-10-31,28.925
1973-11-01,30.166
1973-11-02,28.312
1973-11-03,30.308
1973-11-04,38.645
1973-11-05,44.1
1973-11-06,37.789
1973-11-07,43.404
1973-11-08,56.533
1973-11-09,54.834
1973-11-10,61.901
1973-11-11,51.362
1973-11-12,44.478
1973-11-13,34.604
1973-11-14,26.715
1973-11-15,22.752
1973-11-16,21.181
1973-11-17,20.388
1973-11-18,19.932
1973-11-19,19.739
1973-11-20,19.776
1973-11-21,20.472
1973-11-22,26.89
1973-11-23,35.359
1973-11-24,30.578
1973-11-25,24.016
1973-11-26,21.521
1973-11-27,20.98
1973-11-28,19.199
1973-11-29,18.152
1973-11-30,17.76
1973-12-01,17.4
1973-12-02,16.948
1973-12-03,16.58
1973-12-04,16.271
1973-12-05,16.014
1973-12-06,15.836
1973-12-07,15.646
1973-12-08,15.438
1973-12-09,15.212
1973-12-10,14.955
1973-12-11,14.73
1973-12-12,14.5
1973-12-13,14.269
1973-12-14,13.977
1973-12-15,13.7
1973-12-16,13.452
1973-12-17,13.247
1973-12-18,13.047
1973-12-19,12.83
1973-12-20,12.616
1973-12-21,12.392
1973-12-22,12.197
1973-12-23,11.998
1973-12-24,11.795
1973-12-25,11.612
1973-12-26,11.438
1973-12-27,11.27
1973-12-28,11.105
1973-12-29,10.975
1973-12-30,10.998
1973-12-31,11.071
1974-01-01,10.887
1974-01-02,10.465
1974-01-03,9.963
1974-01-04,9.318
1974-01-05,8.938
1974-01-06,8.872
1974-01-07,8.674
1974-01-08,8.479
1974-01-09,8.45
1974-01-10,8.391
1974-01-11,8.256
1974-01-12,8.202
1974-01-13,8.185
1974-01-14,8.024
1974-01-15,7.748
1974-01-16,7.483
1974-01-17,7.294
1974-01-18,7.154
1974-01-19,7.045
1974-01-20,6.902
1974-01-21,6.738
1974-01-22,6.59
1974-01-23,6.526
1974-01-24,6.419
1974-01-25,6.297
1974-01-26,6.218
1974-01-27,6.172
1974-01-28,6.029
1974-01-29,5.923
1974-01-30,5.856
1974-01-31,5.751
1974-02-01,5.642
1974-02-02,5.563
1974-02-03,5.433
1974-02-04,5.337
1974-02-05,5.225
1974-02-06,5.112
1974-02-07,5.03
1974-02-08,4.939
1974-02-09,4.848
1974-02-10,4.815
1974-02-11,4.74
1974-02-12,4.663
1974-02-13,4.61
1974-02-14,4.537
1974-02-15,4.503
1974-02-16,4.47
1974-02-17,4.456
1974-02-18,4.428
1974-02-19,4.502
1974-02-20,4.525
1974-02-21,4.497
1974-02-22,4.425
1974-02-23,4.308
1974-02-24,4.064
1974-02-25,3.871
1974-02-26,3.79
1974-02-27,3.738
1974-02-28,3.72
1974-03-01,3.742
1974-03-02,3.665
1974-03-03,3.862
1974-03-04,4.1
1974-03-05,4.361
1974-03-06,4.517
1974-03-07,4.055
1974-03-08,3.656
1974-03-09,3.345
1974-03-10,3.252
1974-03-11,3.199
1974-03-12,3.206
1974-03-13,3.158
1974-03-14,3.185
1974-03-15,3.139
1974-03-16,3.094
1974-03-17,3.014
1974-03-18,2.884
1974-03-19,2.87
1974-03-20,3.402
1974-03-21,4.242
1974-03-22,5.238
1974-03-23,5.255
1974-03-24,4.778
1974-03-25,5.528
1974-03-26,9.269
1974-03-27,15.673
1974-03-28,12.283
1974-03-29,19.023
1974-03-30,34.856
1974-03-31,62.533
1974-04-01,100.562
1974-04-02,88.299
1974-04-03,59.8
1974-04-04,47.517
1974-04-05,36.344
1974-04-06,29.183
1974-04-07,26.311
1974-04-08,21.234
1974-04-09,22.35
1974-04-10,32.44
1974-04-11,26.106
1974-04-12,23.955
1974-04-13,28.133
1974-04-14,24.524
1974-04-15,22.107
1974-04-16,24.89
1974-04-17,23.017
1974-04-18,18.743
1974-04-19,23.618
1974-04-20,21.387
1974-04-21,8.775
1974-04-22,4.896
1974-04-23,4.672
1974-04-24,4.066
1974-04-25,4.441
1974-04-26,3.933
1974-04-27,2.938
1974-04-28,2.49
1974-04-29,2.459
1974-04-30,2.457
1974-05-01,2.72
1974-05-02,3.456
1974-05-03,4.338
1974-05-04,8.111
1974-05-05,9.172
1974-05-06,9.398
1974-05-07,14.065
1974-05-08,20.135
1974-05-09,26.821
1974-05-10,21.395
1974-05-11,33.676
1974-05-12,54.254
1974-05-13,73.509
1974-05-14,64.176
1974-05-15,55.09
1974-05-16,52.835
1974-05-17,63.145
1974-05-18,52.29
1974-05-19,44.547
1974-05-20,50.385
1974-05-21,45.457
1974-05-22,38.949
1974-05-23,26.511
1974-05-24,28.138
1974-05-25,35.411
1974-05-26,35.883
1974-05-27,34.903
1974-05-28,30.741
1974-05-29,31.446
1974-05-30,48.47
1974-05-31,53.357
1974-06-01,70.455
1974-06-02,70.23
1974-06-03,97.566
1974-06-04,145.894
1974-06-05,136.048
1974-06-06,94.723
1974-06-07,46.757
1974-06-08,22.737
1974-06-09,12.512
1974-06-10,10.242
1974-06-11,9.958
1974-06-12,9.917
1974-06-13,9.918
1974-06-14,10.11
1974-06-15,10.525
1974-06-16,11.623
1974-06-17,13.795
1974-06-18,15.565
1974-06-19,18.251
1974-06-20,29.727
1974-06-21,34.946
1974-06-22,37.673
1974-06-23,26.437
1974-06-24,23.926
1974-06-25,30.694
1974-06-26,43.712
1974-06-27,67.495
1974-06-28,65.714
1974-06-29,56.72
1974-06-30,37.853
1974-07-01,23.507
1974-07-02,25.532
1974-07-03,37.112
1974-07-04,77.384
1974-07-05,90.651
1974-07-06,105.753
1974-07-07,156.08
1974-07-08,151.855
1974-07-09,167.278
1974-07-10,157.638
1974-07-11,142.77
1974-07-12,172.225
1974-07-13,163.283
1974-07-14,131.843
1974-07-15,157.882
1974-07-16,191.476
1974-07-17,175.115
1974-07-18,156.179
1974-07-19,113.038
1974-07-20,87.258
1974-07-21,69.944
1974-07-22,66.665
1974-07-23,67.109
1974-07-24,63.732
1974-07-25,62.357
1974-07-26,64.464
1974-07-27,69.125
1974-07-28,74.965
1974-07-29,73.76
1974-07-30,84.726
1974-07-31,136.326
1974-08-01,158.43
1974-08-02,113.622
1974-08-03,88.181
1974-08-04,99.835
1974-08-05,119.203
1974-08-06,108.481
1974-08-07,94.042
1974-08-08,99.689
1974-08-09,102.421
1974-08-10,111.414
1974-08-11,120.438
1974-08-12,102.572
1974-08-13,76.16
1974-08-14,58.702
1974-08-15,54.249
1974-08-16,53.586
1974-08-17,53.808
1974-08-18,54.581
1974-08-19,54.594
1974-08-20,53.393
1974-08-21,53.662
1974-08-22,109.455
1974-08-23,109.644
1974-08-24,85.435
1974-08-25,132.096
1974-08-26,166.889
1974-08-27,149.419
1974-08-28,123.316
1974-08-29,86.902
1974-08-30,60.8
1974-08-31,57.594
1974-09-01,77.782
1974-09-02,101.552
1974-09-03,141.558
1974-09-04,183.264
1974-09-05,153.79
1974-09-06,98.553
1974-09-07,69.271
1974-09-08,55.742
1974-09-09,50.618
1974-09-10,63.846
1974-09-11,61.153
1974-09-12,59.716
1974-09-13,59.066
1974-09-14,55.692
1974-09-15,48.552
1974-09-16,45.65
1974-09-17,45.71
1974-09-18,45.512
1974-09-19,44.281
1974-09-20,43.232
1974-09-21,48.652
1974-09-22,48.733
1974-09-23,45.709
1974-09-24,44.548
1974-09-25,40.883
1974-09-26,38.985
1974-09-27,38.147
1974-09-28,37.563
1974-09-29,36.969
1974-09-30,36.466
1974-10-01,36.034
1974-10-02,35.412
1974-10-03,35.252
1974-10-04,40.246
1974-10-05,42.29
1974-10-06,48.488
1974-10-07,50.512
1974-10-08,45.733
1974-10-09,34.939
1974-10-10,30.988
1974-10-11,30.0
1974-10-12,29.324
1974-10-13,28.799
1974-10-14,28.21
1974-10-15,28.054
1974-10-16,27.705
1974-10-17,27.119
1974-10-18,26.736
1974-10-19,26.243
1974-10-20,26.105
1974-10-21,25.625
1974-10-22,24.696
1974-10-23,24.239
1974-10-24,23.979
1974-10-25,23.711
1974-10-26,23.157
1974-10-27,22.688
1974-10-28,22.211
1974-10-29,21.757
1974-10-30,21.314
1974-10-31,20.882
1974-11-01,20.416
1974-11-02,19.956
1974-11-03,19.759
1974-11-04,19.886
1974-11-05,20.076
1974-11-06,20.056
1974-11-07,19.578
1974-11-08,19.686
1974-11-09,19.24
1974-11-10,17.687
1974-11-11,16.866
1974-11-12,16.503
1974-11-13,16.258
1974-11-14,16.0
1974-11-15,15.694
1974-11-16,15.349
1974-11-17,15.009
1974-11-18,14.661
1974-11-19,14.345
1974-11-20,14.122
1974-11-21,13.818
1974-11-22,13.533
1974-11-23,13.288
1974-11-24,13.028
1974-11-25,12.73
1974-11-26,12.433
1974-11-27,12.128
1974-11-28,11.85
1974-11-29,11.529
1974-11-30,11.328
1974-12-01,11.162
1974-12-02,10.905
1974-12-03,10.615
1974-12-04,10.347
1974-12-05,10.108
1974-12-06,9.925
1974-12-07,9.745
1974-12-08,9.6
1974-12-09,9.291
1974-12-10,9.095
1974-12-11,8.914
1974-12-12,8.872
1974-12-13,8.814
1974-12-14,8.647
1974-12-15,8.467
1974-12-16,8.272
1974-12-17,8.118
1974-12-18,8.055
1974-12-19,7.817
1974-12-20,7.563
1974-12-21,7.449
1974-12-22,7.25
1974-12-23,7.07
1974-12-24,6.952
1974-12-25,6.746
1974-12-26,6.657
1974-12-27,6.59
1974-12-28,6.45
1974-12-29,6.466
1974-12-30,6.368
1974-12-31,6.307
1975-01-01,6.304
1975-01-02,6.242
1975-01-03,6.12
1975-01-04,5.872
1975-01-05,5.876
1975-01-06,5.845
1975-01-07,5.52
1975-01-08,5.291
1975-01-09,5.193
1975-01-10,5.161
1975-01-11,5.159
1975-01-12,5.056
1975-01-13,4.968
1975-01-14,4.848
1975-01-15,4.748
1975-01-16,4.623
1975-01-17,4.538
1975-01-18,4.441
1975-01-19,4.376
1975-01-20,4.362
1975-01-21,4.288
1975-01-22,4.246
1975-01-23,4.188
1975-01-24,4.116
1975-01-25,4.022
1975-01-26,3.962
1975-01-27,3.913
1975-01-28,3.821
1975-01-29,3.774
1975-01-30,3.832
1975-01-31,3.847
1975-02-01,3.841
1975-02-02,3.841
1975-02-03,3.766
1975-02-04,3.656
1975-02-05,3.468
1975-02-06,3.327
1975-02-07,3.341
1975-02-08,3.39
1975-02-09,3.309
1975-02-10,3.236
1975-02-11,3.161
1975-02-12,3.17
1975-02-13,3.212
1975-02-14,3.136
1975-02-15,3.023
1975-02-16,3.008
1975-02-17,2.994
1975-02-18,2.947
1975-02-19,2.901
1975-02-20,2.853
1975-02-21,2.758
1975-02-22,2.65
1975-02-23,2.581
1975-02-24,2.527
1975-02-25,2.464
1975-02-26,2.601
1975-02-27,2.808
1975-02-28,2.879
1975-03-01,2.896
1975-03-02,2.9
1975-03-03,2.783
1975-03-04,2.643
1975-03-05,2.693
1975-03-06,2.733
1975-03-07,2.729
1975-03-08,2.497
1975-03-09,2.601
1975-03-10,2.866
1975-03-11,2.95
1975-03-12,2.982
1975-03-13,2.85
1975-03-14,2.743
1975-03-15,2.302
1975-03-16,2.33
1975-03-17,2.48
1975-03-18,2.64
1975-03-19,3.058
1975-03-20,2.973
1975-03-21,5.178
1975-03-22,5.03
1975-03-23,4.077
1975-03-24,4.751
1975-03-25,5.678
1975-03-26,9.536
1975-03-27,9.137
1975-03-28,3.772
1975-03-29,2.098
1975-03-30,2.071
1975-03-31,2.857
1975-04-01,3.368
1975-04-02,5.063
1975-04-03,6.954
1975-04-04,7.502
1975-04-05,6.319
1975-04-06,6.418
1975-04-07,5.149
1975-04-08,3.37
1975-04-09,3.086
1975-04-10,4.135
1975-04-11,5.09
1975-04-12,6.702
1975-04-13,9.972
1975-04-14,16.32
1975-04-15,28.199
1975-04-16,35.398
1975-04-17,61.329
1975-04-18,109.767
1975-04-19,121.853
1975-04-20,116.1
1975-04-21,122.802
1975-04-22,144.488
1975-04-23,114.63
1975-04-24,71.378
1975-04-25,58.347
1975-04-26,76.802
1975-04-27,81.922
1975-04-28,60.22
1975-04-29,33.695
1975-04-30,17.14
1975-05-01,5.22
1975-05-02,2.034
1975-05-03,1.614
1975-05-04,1.48
1975-05-05,1.825
1975-05-06,2.66
1975-05-07,3.288
1975-05-08,3.071
1975-05-09,2.812
1975-05-10,3.383
1975-05-11,2.85
1975-05-12,2.133
1975-05-13,2.8
1975-05-14,5.337
1975-05-15,12.95
1975-05-16,27.94
1975-05-17,73.462
1975-05-18,160.202
1975-05-19,205.458
1975-05-20,108.377
1975-05-21,62.327
1975-05-22,38.808
1975-05-23,30.13
1975-05-24,28.926
1975-05-25,44.173
1975-05-26,54.927
1975-05-27,60.092
1975-05-28,91.696
1975-05-29,80.603
1975-05-30,69.745
1975-05-31,64.852
1975-06-01,75.606
1975-06-02,78.695
1975-06-03,56.018
1975-06-04,53.138
1975-06-05,46.365
1975-06-06,36.111
1975-06-07,56.084
1975-06-08,82.928
1975-06-09,68.04
1975-06-10,38.386
1975-06-11,16.952
1975-06-12,10.37
1975-06-13,16.582
1975-06-14,18.272
1975-06-15,10.933
1975-06-16,8.717
1975-06-17,9.262
1975-06-18,9.99
1975-06-19,15.675
1975-06-20,41.753
1975-06-21,73.159
1975-06-22,103.626
1975-06-23,100.786
1975-06-24,87.212
1975-06-25,70.881
1975-06-26,44.03
1975-06-27,37.915
1975-06-28,49.87
1975-06-29,67.589
1975-06-30,60.38
1975-07-01,75.96
1975-07-02,89.76
1975-07-03,62.319
1975-07-04,36.489
1975-07-05,15.529
1975-07-06,10.155
1975-07-07,10.024
1975-07-08,10.868
1975-07-09,11.618
1975-07-10,13.03
1975-07-11,16.805
1975-07-12,21.835
1975-07-13,40.261
1975-07-14,51.086
1975-07-15,73.345
1975-07-16,103.26
1975-07-17,133.759
1975-07-18,172.12
1975-07-19,233.587
1975-07-20,177.678
1975-07-21,157.399
1975-07-22,184.388
1975-07-23,265.238
1975-07-24,296.681
1975-07-25,268.194
1975-07-26,250.914
1975-07-27,209.433
1975-07-28,226.142
1975-07-29,237.96
1975-07-30,207.821
1975-07-31,157.783
1975-08-01,124.044
1975-08-02,113.055
1975-08-03,113.435
1975-08-04,125.66
1975-08-05,147.458
1975-08-06,189.513
1975-08-07,208.764
1975-08-08,192.234
1975-08-09,190.304
1975-08-10,178.339
1975-08-11,193.705
1975-08-12,223.948
1975-08-13,209.755
1975-08-14,211.87
1975-08-15,223.323
1975-08-16,208.195
1975-08-17,168.34
1975-08-18,147.355
1975-08-19,143.731
1975-08-20,162.835
1975-08-21,177.308
1975-08-22,169.061
1975-08-23,153.041
1975-08-24,148.929
1975-08-25,144.043
1975-08-26,172.967
1975-08-27,206.366
1975-08-28,190.961
1975-08-29,159.516
1975-08-30,143.687
1975-08-31,133.732
1975-09-01,125.913
1975-09-02,129.774
1975-09-03,140.359
1975-09-04,174.68
1975-09-05,205.862
1975-09-06,233.543
1975-09-07,260.574
1975-09-08,277.973
1975-09-09,343.661
1975-09-10,383.901
1975-09-11,331.97
1975-09-12,278.719
1975-09-13,239.577
1975-09-14,230.519
1975-09-15,211.58
1975-09-16,195.36
1975-09-17,183.83
1975-09-18,177.869
1975-09-19,191.858
1975-09-20,193.228
1975-09-21,177.873
1975-09-22,166.491
1975-09-23,159.525
1975-09-24,150.358
1975-09-25,144.528
1975-09-26,140.75
1975-09-27,137.055
1975-09-28,134.26
1975-09-29,134.296
1975-09-30,141.538
1975-10-01,164.647
1975-10-02,210.55
1975-10-03,290.509
1975-10-04,372.508
1975-10-05,428.246
1975-10-06,397.882
1975-10-07,334.38
1975-10-08,278.136
1975-10-09,211.883
1975-10-10,165.824
1975-10-11,140.464
1975-10-12,124.926
1975-10-13,118.931
1975-10-14,117.829
1975-10-15,116.693
1975-10-16,114.099
1975-10-17,111.99
1975-10-18,110.378
1975-10-19,108.801
1975-10-20,107.15
1975-10-21,107.544
1975-10-22,115.401
1975-10-23,124.255
1975-10-24,118.886
1975-10-25,115.283
1975-10-26,108.382
1975-10-27,101.974
1975-10-28,97.946
1975-10-29,94.225
1975-10-30,93.118
1975-10-31,91.584
1975-11-01,89.908
1975-11-02,87.526
1975-11-03,85.115
1975-11-04,82.62
1975-11-05,80.069
1975-11-06,77.867
1975-11-07,76.026
1975-11-08,74.383
1975-11-09,72.755
1975-11-10,71.035
1975-11-11,69.164
1975-11-12,67.443
1975-11-13,65.929
1975-11-14,65.482
1975-11-15,63.958
1975-11-16,62.229
1975-11-17,61.132
1975-11-18,61.046
1975-11-19,58.263
1975-11-20,56.502
1975-11-21,55.673
1975-11-22,54.571
1975-11-23,52.694
1975-11-24,50.882
1975-11-25,49.455
1975-11-26,48.254
1975-11-27,47.115
1975-11-28,45.941
1975-11-29,44.705
1975-11-30,43.636
1975-12-01,42.45
1975-12-02,41.294
1975-12-03,40.263
1975-12-04,39.259
1975-12-05,38.358
1975-12-06,37.618
1975-12-07,36.962
1975-12-08,36.349
1975-12-09,36.322
1975-12-10,35.169
1975-12-11,34.576
1975-12-12,34.095
1975-12-13,33.622
1975-12-14,32.08
1975-12-15,31.108
1975-12-16,30.444
1975-12-17,29.959
1975-12-18,29.472
1975-12-19,28.546
1975-12-20,27.604
1975-12-21,26.919
1975-12-22,26.286
1975-12-23,25.634
1975-12-24,25.049
1975-12-25,24.51
1975-12-26,23.968
1975-12-27,23.392
1975-12-28,22.9
1975-12-29,22.414
1975-12-30,21.932
1975-12-31,21.473
1976-01-01,20.98
1976-01-02,20.605
1976-01-03,20.42
1976-01-04,20.544
1976-01-05,20.645
1976-01-06,20.287
1976-01-07,20.212
1976-01-08,19.589
1976-01-09,18.838
1976-01-10,18.025
1976-01-11,17.502
1976-01-12,16.961
1976-01-13,16.544
1976-01-14,16.25
1976-01-15,15.856
1976-01-16,15.526
1976-01-17,15.149
1976-01-18,14.822
1976-01-19,14.544
1976-01-20,14.233
1976-01-21,13.913
1976-01-22,13.657
1976-01-23,13.38
1976-01-24,13.105
1976-01-25,12.85
1976-01-26,12.564
1976-01-27,12.337
1976-01-28,12.111
1976-01-29,11.845
1976-01-30,11.654
1976-01-31,11.487
1976-02-01,11.313
1976-02-02,11.095
1976-02-03,10.879
1976-02-04,10.648
1976-02-05,10.442
1976-02-06,10.246
1976-02-07,10.172
1976-02-08,10.946
1976-02-09,11.281
1976-02-10,11.31
1976-02-11,11.149
1976-02-12,10.802
1976-02-13,10.16
1976-02-14,9.457
1976-02-15,9.139
1976-02-16,8.995
1976-02-17,9.679
1976-02-18,9.749
1976-02-19,9.482
1976-02-20,9.055
1976-02-21,8.621
1976-02-22,8.641
1976-02-23,8.456
1976-02-24,8.195
1976-02-25,8.024
1976-02-26,8.047
1976-02-27,7.988
1976-02-28,7.979
1976-02-29,7.594
1976-03-01,7.378
1976-03-02,7.195
1976-03-03,7.022
1976-03-04,6.828
1976-03-05,6.765
1976-03-06,6.76
1976-03-07,6.828
1976-03-08,6.923
1976-03-09,7.091
1976-03-10,6.889
1976-03-11,6.328
1976-03-12,6.17
1976-03-13,6.066
1976-03-14,5.953
1976-03-15,5.87
1976-03-16,5.793
1976-03-17,5.674
1976-03-18,5.559
1976-03-19,5.566
1976-03-20,5.549
1976-03-21,5.464
1976-03-22,5.333
1976-03-23,5.233
1976-03-24,5.429
1976-03-25,5.585
1976-03-26,6.071
1976-03-27,6.275
1976-03-28,6.621
1976-03-29,6.552
1976-03-30,6.187
1976-03-31,5.929
1976-04-01,5.314
1976-04-02,4.744
1976-04-03,4.488
1976-04-04,4.312
1976-04-05,4.317
1976-04-06,4.76
1976-04-07,5.587
1976-04-08,7.404
1976-04-09,9.292
1976-04-10,13.154
1976-04-11,20.715
1976-04-12,26.032
1976-04-13,31.54
1976-04-14,39.003
1976-04-15,35.086
1976-04-16,24.396
1976-04-17,20.485
1976-04-18,14.636
1976-04-19,7.604
1976-04-20,5.802
1976-04-21,6.183
1976-04-22,5.355
1976-04-23,4.72
1976-04-24,6.637
1976-04-25,6.957
1976-04-26,7.864
1976-04-27,8.599
1976-04-28,13.631
1976-04-29,22.418
1976-04-30,19.003
1976-05-01,9.45
1976-05-02,5.222
1976-05-03,4.372
1976-05-04,13.362
1976-05-05,27.26
1976-05-06,37.689
1976-05-07,30.266
1976-05-08,19.726
1976-05-09,31.889
1976-05-10,33.052
1976-05-11,21.11
1976-05-12,20.337
1976-05-13,20.029
1976-05-14,27.049
1976-05-15,50.016
1976-05-16,70.872
1976-05-17,48.033
1976-05-18,40.62
1976-05-19,38.521
1976-05-20,76.775
1976-05-21,112.37
1976-05-22,90.97
1976-05-23,104.691
1976-05-24,133.202
1976-05-25,109.612
1976-05-26,85.137
1976-05-27,94.871
1976-05-28,128.845
1976-05-29,162.436
1976-05-30,165.72
1976-05-31,131.142
1976-06-01,92.182
1976-06-02,53.396
1976-06-03,35.079
1976-06-04,22.47
1976-06-05,14.855
1976-06-06,21.711
1976-06-07,33.033
1976-06-08,27.086
1976-06-09,15.964
1976-06-10,19.417
1976-06-11,25.94
1976-06-12,26.267
1976-06-13,17.487
1976-06-14,8.49
1976-06-15,6.489
1976-06-16,8.097
1976-06-17,11.27
1976-06-18,23.379
1976-06-19,56.413
1976-06-20,73.154
1976-06-21,85.64
1976-06-22,119.334
1976-06-23,99.868
1976-06-24,93.41
1976-06-25,65.706
1976-06-26,57.005
1976-06-27,64.772
1976-06-28,79.144
1976-06-29,61.075
1976-06-30,62.479
1976-07-01,56.945
1976-07-02,38.955
1976-07-03,31.395
1976-07-04,39.409
1976-07-05,42.205
1976-07-06,70.735
1976-07-07,101.658
1976-07-08,118.818
1976-07-09,166.762
1976-07-10,196.298
1976-07-11,181.375
1976-07-12,148.791
1976-07-13,119.077
1976-07-14,143.396
1976-07-15,165.592
1976-07-16,181.158
1976-07-17,198.367
1976-07-18,186.904
1976-07-19,178.011
1976-07-20,225.332
1976-07-21,429.874
1976-07-22,419.969
1976-07-23,229.482
1976-07-24,116.064
1976-07-25,77.225
1976-07-26,64.76
1976-07-27,63.868
1976-07-28,66.079
1976-07-29,70.259
1976-07-30,74.264
1976-07-31,78.938
1976-08-01,98.907
1976-08-02,128.847
1976-08-03,130.305
1976-08-04,151.469
1976-08-05,175.57
1976-08-06,183.555
1976-08-07,176.557
1976-08-08,184.849
1976-08-09,191.487
1976-08-10,150.791
1976-08-11,136.333
1976-08-12,147.613
1976-08-13,130.68
1976-08-14,104.149
1976-08-15,101.336
1976-08-16,107.945
1976-08-17,114.438
1976-08-18,114.735
1976-08-19,107.364
1976-08-20,99.195
1976-08-21,91.291
1976-08-22,87.756
1976-08-23,86.016
1976-08-24,88.85
1976-08-25,94.92
1976-08-26,101.607
1976-08-27,113.654
1976-08-28,147.293
1976-08-29,170.947
1976-08-30,162.984
1976-08-31,164.135
1976-09-01,141.098
1976-09-02,137.683
1976-09-03,143.142
1976-09-04,165.202
1976-09-05,208.405
1976-09-06,230.387
1976-09-07,234.656
1976-09-08,221.113
1976-09-09,191.066
1976-09-10,195.676
1976-09-11,194.143
1976-09-12,177.704
1976-09-13,152.317
1976-09-14,137.446
1976-09-15,131.715
1976-09-16,127.945
1976-09-17,124.37
1976-09-18,120.953
1976-09-19,117.174
1976-09-20,113.365
1976-09-21,109.642
1976-09-22,106.027
1976-09-23,102.551
1976-09-24,99.335
1976-09-25,97.106
1976-09-26,95.605
1976-09-27,93.72
1976-09-28,91.238
1976-09-29,87.954
1976-09-30,83.488
1976-10-01,80.068
1976-10-02,77.468
1976-10-03,75.066
1976-10-04,72.917
1976-10-05,70.902
1976-10-06,69.25
1976-10-07,67.694
1976-10-08,65.197
1976-10-09,63.129
1976-10-10,61.199
1976-10-11,59.229
1976-10-12,57.504
1976-10-13,55.976
1976-10-14,54.284
1976-10-15,52.65
1976-10-16,51.081
1976-10-17,49.622
1976-10-18,48.749
1976-10-19,50.148
1976-10-20,52.411
1976-10-21,52.475
1976-10-22,56.115
1976-10-23,58.786
1976-10-24,50.68
1976-10-25,45.597
1976-10-26,42.191
1976-10-27,39.128
1976-10-28,37.763
1976-10-29,36.868
1976-10-30,36.169
1976-10-31,35.277
1976-11-01,34.248
1976-11-02,33.246
1976-11-03,32.454
1976-11-04,31.778
1976-11-05,31.176
1976-11-06,30.64
1976-11-07,29.996
1976-11-08,29.243
1976-11-09,28.487
1976-11-10,28.001
1976-11-11,27.43
1976-11-12,26.778
1976-11-13,26.284
1976-11-14,25.575
1976-11-15,24.943
1976-11-16,24.733
1976-11-17,24.861
1976-11-18,25.063
1976-11-19,24.359
1976-11-20,23.78
1976-11-21,23.844
1976-11-22,22.78
1976-11-23,21.727
1976-11-24,21.019
1976-11-25,20.617
1976-11-26,20.251
1976-11-27,20.388
1976-11-28,22.795
1976-11-29,25.38
1976-11-30,27.023
1976-12-01,28.618
1976-12-02,23.921
1976-12-03,22.516
1976-12-04,19.404
1976-12-05,19.202
1976-12-06,20.511
1976-12-07,17.244
1976-12-08,15.69
1976-12-09,15.16
1976-12-10,14.872
1976-12-11,14.615
1976-12-12,14.334
1976-12-13,14.065
1976-12-14,13.853
1976-12-15,13.642
1976-12-16,13.486
1976-12-17,13.383
1976-12-18,13.265
1976-12-19,12.88
1976-12-20,12.484
1976-12-21,12.162
1976-12-22,11.916
1976-12-23,11.728
1976-12-24,11.578
1976-12-25,11.58
1976-12-26,11.726
1976-12-27,11.611
1976-12-28,11.202
1976-12-29,10.853
1976-12-30,10.547
1976-12-31,10.66
1977-01-01,11.737
1977-01-02,12.295
1977-01-03,12.5
1977-01-04,12.397
1977-01-05,13.448
1977-01-06,14.466
1977-01-07,13.164
1977-01-08,12.06
1977-01-09,11.058
1977-01-10,10.138
1977-01-11,9.576
1977-01-12,9.25
1977-01-13,8.92
1977-01-14,8.561
1977-01-15,8.284
1977-01-16,8.073
1977-01-17,8.041
1977-01-18,8.207
1977-01-19,8.779
1977-01-20,10.089
1977-01-21,11.655
1977-01-22,13.178
1977-01-23,13.063
1977-01-24,11.798
1977-01-25,9.115
1977-01-26,8.215
1977-01-27,8.163
1977-01-28,8.31
1977-01-29,8.255
1977-01-30,9.873
1977-01-31,9.896
1977-02-01,8.089
1977-02-02,7.606
1977-02-03,7.414
1977-02-04,6.807
1977-02-05,6.37
1977-02-06,6.216
1977-02-07,6.083
1977-02-08,5.897
1977-02-09,5.888
1977-02-10,5.952
1977-02-11,5.883
1977-02-12,6.02
1977-02-13,6.202
1977-02-14,6.373
1977-02-15,6.574
1977-02-16,6.173
1977-02-17,5.529
1977-02-18,5.218
1977-02-19,5.145
1977-02-20,5.05
1977-02-21,4.892
1977-02-22,4.886
1977-02-23,4.914
1977-02-24,4.979
1977-02-25,4.946
1977-02-26,4.893
1977-02-27,5.229
1977-02-28,5.935
1977-03-01,5.588
1977-03-02,4.845
1977-03-03,4.71
1977-03-04,4.646
1977-03-05,4.498
1977-03-06,4.357
1977-03-07,4.198
1977-03-08,4.175
1977-03-09,4.387
1977-03-10,4.7
1977-03-11,5.125
1977-03-12,6.503
1977-03-13,6.78
1977-03-14,4.712
1977-03-15,3.9
1977-03-16,3.724
1977-03-17,3.629
1977-03-18,3.558
1977-03-19,3.513
1977-03-20,3.562
1977-03-21,3.656
1977-03-22,3.971
1977-03-23,4.441
1977-03-24,4.623
1977-03-25,4.26
1977-03-26,3.73
1977-03-27,4.77
1977-03-28,9.192
1977-03-29,15.527
1977-03-30,15.104
1977-03-31,13.608
1977-04-01,12.39
1977-04-02,18.754
1977-04-03,37.407
1977-04-04,44.704
1977-04-05,67.14
1977-04-06,120.696
1977-04-07,144.776
1977-04-08,119.118
1977-04-09,137.841
1977-04-10,174.379
1977-04-11,211.386
1977-04-12,116.511
1977-04-13,61.589
1977-04-14,74.168
1977-04-15,97.806
1977-04-16,61.788
1977-04-17,32.932
1977-04-18,31.529
1977-04-19,37.765
1977-04-20,34.233
1977-04-21,17.87
1977-04-22,11.389
1977-04-23,7.97
1977-04-24,4.913
1977-04-25,3.336
1977-04-26,3.255
1977-04-27,5.713
1977-04-28,13.518
1977-04-29,30.678
1977-04-30,64.162
1977-05-01,121.896
1977-05-02,125.967
1977-05-03,90.166
1977-05-04,81.718
1977-05-05,102.007
1977-05-06,146.792
1977-05-07,233.427
1977-05-08,163.347
1977-05-09,177.955
1977-05-10,236.557
1977-05-11,208.712
1977-05-12,133.188
1977-05-13,82.335
1977-05-14,38.973
1977-05-15,18.367
1977-05-16,22.955
1977-05-17,44.013
1977-05-18,48.347
1977-05-19,49.534
1977-05-20,65.117
1977-05-21,74.193
1977-05-22,66.391
1977-05-23,56.47
1977-05-24,61.003
1977-05-25,54.449
1977-05-26,45.442
1977-05-27,60.63
1977-05-28,77.147
1977-05-29,57.676
1977-05-30,36.093
1977-05-31,27.57
1977-06-01,32.362
1977-06-02,19.595
1977-06-03,11.486
1977-06-04,10.016
1977-06-05,12.772
1977-06-06,17.884
1977-06-07,14.883
1977-06-08,14.602
1977-06-09,20.421
1977-06-10,28.09
1977-06-11,47.1
1977-06-12,66.241
1977-06-13,64.409
1977-06-14,60.229
1977-06-15,48.069
1977-06-16,51.152
1977-06-17,49.876
1977-06-18,64.64
1977-06-19,68.266
1977-06-20,66.854
1977-06-21,62.527
1977-06-22,69.435
1977-06-23,69.408
1977-06-24,77.053
1977-06-25,64.6
1977-06-26,72.499
1977-06-27,76.372
1977-06-28,60.454
1977-06-29,41.2
1977-06-30,34.366
1977-07-01,39.489
1977-07-02,35.558
1977-07-03,37.555
1977-07-04,45.321
1977-07-05,63.617
1977-07-06,91.034
1977-07-07,128.156
1977-07-08,381.945
1977-07-09,350.565
1977-07-10,175.951
1977-07-11,100.922
1977-07-12,97.022
1977-07-13,90.941
1977-07-14,97.584
1977-07-15,111.492
1977-07-16,146.801
1977-07-17,141.576
1977-07-18,101.969
1977-07-19,86.538
1977-07-20,84.388
1977-07-21,75.992
1977-07-22,69.798
1977-07-23,79.54
1977-07-24,115.031
1977-07-25,114.173
1977-07-26,134.327
1977-07-27,249.799
1977-07-28,232.651
1977-07-29,156.502
1977-07-30,134.658
1977-07-31,145.172
1977-08-01,150.561
1977-08-02,176.492
1977-08-03,182.872
1977-08-04,181.927
1977-08-05,200.201
1977-08-06,237.9
1977-08-07,212.063
1977-08-08,171.97
1977-08-09,158.474
1977-08-10,189.871
1977-08-11,175.75
1977-08-12,153.379
1977-08-13,142.865
1977-08-14,133.987
1977-08-15,132.972
1977-08-16,139.024
1977-08-17,138.631
1977-08-18,130.255
1977-08-19,121.273
1977-08-20,112.128
1977-08-21,106.437
1977-08-22,104.272
1977-08-23,101.668
1977-08-24,98.918
1977-08-25,99.244
1977-08-26,101.234
1977-08-27,103.461
1977-08-28,129.513
1977-08-29,171.548
1977-08-30,159.318
1977-08-31,142.581
1977-09-01,132.907
1977-09-02,149.416
1977-09-03,134.779
1977-09-04,105.762
1977-09-05,89.115
1977-09-06,80.897
1977-09-07,78.572
1977-09-08,77.435
1977-09-09,76.172
1977-09-10,75.268
1977-09-11,72.77
1977-09-12,71.29
1977-09-13,71.707
1977-09-14,73.079
1977-09-15,70.915
1977-09-16,68.81
1977-09-17,68.994
1977-09-18,69.323
1977-09-19,65.868
1977-09-20,63.263
1977-09-21,67.423
1977-09-22,77.916
1977-09-23,71.164
1977-09-24,63.228
1977-09-25,58.022
1977-09-26,54.15
1977-09-27,51.94
1977-09-28,50.632
1977-09-29,49.492
1977-09-30,48.37
1977-10-01,47.3
1977-10-02,46.191
1977-10-03,45.07
1977-10-04,44.054
1977-10-05,43.035
1977-10-06,42.047
1977-10-07,41.115
1977-10-08,40.234
1977-10-09,39.366
1977-10-10,38.562
1977-10-11,37.893
1977-10-12,36.896
1977-10-13,36.407
1977-10-14,39.347
1977-10-15,43.271
1977-10-16,40.007
1977-10-17,37.706
1977-10-18,44.994
1977-10-19,68.195
1977-10-20,92.479
1977-10-21,97.782
1977-10-22,73.299
1977-10-23,69.039
1977-10-24,85.988
1977-10-25,133.368
1977-10-26,167.36
1977-10-27,154.378
1977-10-28,122.535
1977-10-29,104.336
1977-10-30,123.908
1977-10-31,146.981
1977-11-01,117.922
1977-11-02,103.215
1977-11-03,107.275
1977-11-04,103.433
1977-11-05,88.524
1977-11-06,72.82
1977-11-07,77.307
1977-11-08,83.845
1977-11-09,68.329
1977-11-10,51.968
1977-11-11,41.94
1977-11-12,40.734
1977-11-13,43.325
1977-11-14,44.428
1977-11-15,47.21
1977-11-16,64.008
1977-11-17,79.056
1977-11-18,70.495
1977-11-19,60.058
1977-11-20,63.633
1977-11-21,73.78
1977-11-22,91.588
1977-11-23,97.663
1977-11-24,87.493
1977-11-25,93.486
1977-11-26,92.355
1977-11-27,107.258
1977-11-28,108.906
1977-11-29,86.87
1977-11-30,57.311
1977-12-01,43.315
1977-12-02,39.634
1977-12-03,38.605
1977-12-04,38.166
1977-12-05,37.831
1977-12-06,37.455
1977-12-07,37.021
1977-12-08,36.57
1977-12-09,36.247
1977-12-10,35.922
1977-12-11,35.47
1977-12-12,35.059
1977-12-13,34.632
1977-12-14,34.098
1977-12-15,33.657
1977-12-16,33.203
1977-12-17,32.866
1977-12-18,32.801
1977-12-19,32.355
1977-12-20,32.486
1977-12-21,31.486
1977-12-22,30.015
1977-12-23,29.138
1977-12-24,28.513
1977-12-25,28.047
1977-12-26,28.295
1977-12-27,28.562
1977-12-28,27.657
1977-12-29,27.338
1977-12-30,26.58
1977-12-31,25.438
1978-01-01,24.659
1978-01-02,24.081
1978-01-03,23.593
1978-01-04,23.193
1978-01-05,22.859
1978-01-06,22.339
1978-01-07,21.794
1978-01-08,21.306
1978-01-09,20.864
1978-01-10,20.448
1978-01-11,20.047
1978-01-12,19.662
1978-01-13,19.252
1978-01-14,18.845
1978-01-15,18.456
1978-01-16,18.072
1978-01-17,17.74
1978-01-18,17.602
1978-01-19,17.813
1978-01-20,18.64
1978-01-21,20.916
1978-01-22,23.448
1978-01-23,25.414
1978-01-24,27.776
1978-01-25,26.78
1978-01-26,20.823
1978-01-27,17.687
1978-01-28,15.97
1978-01-29,14.82
1978-01-30,14.333
1978-01-31,14.029
1978-02-01,13.802
1978-02-02,13.522
1978-02-03,13.158
1978-02-04,12.925
1978-02-05,12.73
1978-02-06,12.533
1978-02-07,12.298
1978-02-08,12.059
1978-02-09,11.847
1978-02-10,11.696
1978-02-11,11.453
1978-02-12,11.251
1978-02-13,11.118
1978-02-14,11.024
1978-02-15,10.826
1978-02-16,10.682
1978-02-17,11.693
1978-02-18,34.848
1978-02-19,66.758
1978-02-20,43.807
1978-02-21,18.361
1978-02-22,25.247
1978-02-23,35.177
1978-02-24,33.438
1978-02-25,41.311
1978-02-26,45.864
1978-02-27,48.46
1978-02-28,63.257
1978-03-01,72.062
1978-03-02,73.084
1978-03-03,63.945
1978-03-04,39.808
1978-03-05,18.146
1978-03-06,15.06
1978-03-07,17.438
1978-03-08,13.273
1978-03-09,11.772
1978-03-10,12.952
1978-03-11,15.158
1978-03-12,26.27
1978-03-13,64.895
1978-03-14,108.745
1978-03-15,153.141
1978-03-16,155.247
1978-03-17,144.638
1978-03-18,129.179
1978-03-19,95.275
1978-03-20,61.983
1978-03-21,29.93
1978-03-22,14.749
1978-03-23,22.344
1978-03-24,39.515
1978-03-25,48.252
1978-03-26,65.255
1978-03-27,37.761
1978-03-28,22.078
1978-03-29,15.548
1978-03-30,16.693
1978-03-31,15.069
1978-04-01,12.472
1978-04-02,11.108
1978-04-03,12.932
1978-04-04,12.005
1978-04-05,9.94
1978-04-06,9.555
1978-04-07,10.061
1978-04-08,30.854
1978-04-09,49.572
1978-04-10,43.064
1978-04-11,34.344
1978-04-12,30.892
1978-04-13,27.37
1978-04-14,37.664
1978-04-15,37.824
1978-04-16,31.043
1978-04-17,17.758
1978-04-18,17.097
1978-04-19,18.789
1978-04-20,20.287
1978-04-21,14.452
1978-04-22,10.383
1978-04-23,9.161
1978-04-24,9.257
1978-04-25,10.486
1978-04-26,13.278
1978-04-27,14.567
1978-04-28,15.914
1978-04-29,17.713
1978-04-30,18.737
1978-05-01,16.953
1978-05-02,14.404
1978-05-03,26.705
1978-05-04,54.751
1978-05-05,58.087
1978-05-06,65.926
1978-05-07,56.428
1978-05-08,54.412
1978-05-09,78.73
1978-05-10,104.614
1978-05-11,199.085
1978-05-12,236.599
1978-05-13,205.972
1978-05-14,122.247
1978-05-15,109.32
1978-05-16,106.604
1978-05-17,114.708
1978-05-18,87.368
1978-05-19,65.733
1978-05-20,39.511
1978-05-21,24.973
1978-05-22,22.717
1978-05-23,23.473
1978-05-24,23.362
1978-05-25,25.698
1978-05-26,23.27
1978-05-27,22.443
1978-05-28,21.99
1978-05-29,21.755
1978-05-30,21.488
1978-05-31,21.18
1978-06-01,20.939
1978-06-02,20.662
1978-06-03,20.28
1978-06-04,20.037
1978-06-05,19.812
1978-06-06,19.545
1978-06-07,19.309
1978-06-08,19.666
1978-06-09,20.668
1978-06-10,22.679
1978-06-11,29.82
1978-06-12,43.708
1978-06-13,74.983
1978-06-14,89.659
1978-06-15,88.021
1978-06-16,60.398
1978-06-17,55.378
1978-06-18,82.03
1978-06-19,98.136
1978-06-20,91.606
1978-06-21,87.989
1978-06-22,90.562
1978-06-23,85.99
1978-06-24,82.785
1978-06-25,72.297
1978-06-26,94.204
1978-06-27,101.004
1978-06-28,91.208
1978-06-29,146.418
1978-06-30,308.878
1978-07-01,280.437
1978-07-02,181.394
1978-07-03,147.859
1978-07-04,193.094
1978-07-05,217.849
1978-07-06,159.608
1978-07-07,118.958
1978-07-08,113.573
1978-07-09,130.208
1978-07-10,151.869
1978-07-11,143.637
1978-07-12,130.861
1978-07-13,130.307
1978-07-14,120.977
1978-07-15,120.756
1978-07-16,129.794
1978-07-17,125.042
1978-07-18,178.465
1978-07-19,221.441
1978-07-20,220.784
1978-07-21,179.561
1978-07-22,128.235
1978-07-23,104.441
1978-07-24,103.315
1978-07-25,108.715
1978-07-26,101.218
1978-07-27,98.055
1978-07-28,97.424
1978-07-29,106.608
1978-07-30,126.611
1978-07-31,135.966
1978-08-01,156.51
1978-08-02,156.633
1978-08-03,172.384
1978-08-04,187.304
1978-08-05,179.847
1978-08-06,193.633
1978-08-07,199.212
1978-08-08,202.16
1978-08-09,184.611
1978-08-10,155.938
1978-08-11,149.856
1978-08-12,153.125
1978-08-13,143.599
1978-08-14,131.608
1978-08-15,130.155
1978-08-16,137.129
1978-08-17,160.311
1978-08-18,168.461
1978-08-19,158.894
1978-08-20,150.928
1978-08-21,145.531
1978-08-22,160.594
1978-08-23,166.983
1978-08-24,169.03
1978-08-25,151.82
1978-08-26,143.368
1978-08-27,130.254
1978-08-28,123.745
1978-08-29,121.365
1978-08-30,119.376
1978-08-31,116.642
1978-09-01,114.543
1978-09-02,113.662
1978-09-03,112.382
1978-09-04,112.596
1978-09-05,116.439
1978-09-06,123.124
1978-09-07,147.344
1978-09-08,143.511
1978-09-09,121.112
1978-09-10,109.265
1978-09-11,101.153
1978-09-12,93.399
1978-09-13,94.415
1978-09-14,95.81
1978-09-15,88.48
1978-09-16,84.96
1978-09-17,80.788
1978-09-18,77.816
1978-09-19,76.097
1978-09-20,74.497
1978-09-21,72.913
1978-09-22,71.343
1978-09-23,69.672
1978-09-24,68.294
1978-09-25,67.519
1978-09-26,71.479
1978-09-27,78.539
1978-09-28,76.191
1978-09-29,83.131
1978-09-30,88.847
1978-10-01,73.761
1978-10-02,63.998
1978-10-03,65.81
1978-10-04,70.882
1978-10-05,73.82
1978-10-06,71.571
1978-10-07,62.551
1978-10-08,54.404
1978-10-09,51.939
1978-10-10,52.302
1978-10-11,52.841
1978-10-12,51.266
1978-10-13,48.726
1978-10-14,46.995
1978-10-15,45.915
1978-10-16,45.035
1978-10-17,44.102
1978-10-18,43.197
1978-10-19,42.418
1978-10-20,41.67
1978-10-21,40.977
1978-10-22,40.662
1978-10-23,42.579
1978-10-24,46.325
1978-10-25,42.728
1978-10-26,41.844
1978-10-27,43.697
1978-10-28,46.709
1978-10-29,62.143
1978-10-30,77.06
1978-10-31,75.79
1978-11-01,80.727
1978-11-02,72.091
1978-11-03,55.856
1978-11-04,48.43
1978-11-05,45.767
1978-11-06,39.948
1978-11-07,33.297
1978-11-08,30.801
1978-11-09,29.913
1978-11-10,29.27
1978-11-11,28.78
1978-11-12,28.449
1978-11-13,28.158
1978-11-14,27.999
1978-11-15,27.915
1978-11-16,28.336
1978-11-17,28.638
1978-11-18,29.073
1978-11-19,28.853
1978-11-20,29.44
1978-11-21,30.316
1978-11-22,32.984
1978-11-23,33.531
1978-11-24,32.34
1978-11-25,30.036
1978-11-26,29.446
1978-11-27,29.588
1978-11-28,26.035
1978-11-29,23.858
1978-11-30,23.171
1978-12-01,22.183
1978-12-02,21.376
1978-12-03,20.819
1978-12-04,20.409
1978-12-05,20.01
1978-12-06,19.655
1978-12-07,19.438
1978-12-08,19.207
1978-12-09,19.053
1978-12-10,18.939
1978-12-11,18.577
1978-12-12,18.135
1978-12-13,17.892
1978-12-14,18.106
1978-12-15,18.753
1978-12-16,20.94
1978-12-17,21.344
1978-12-18,20.457
1978-12-19,19.12
1978-12-20,16.806
1978-12-21,16.24
1978-12-22,17.397
1978-12-23,18.499
1978-12-24,17.149
1978-12-25,15.452
1978-12-26,14.618
1978-12-27,14.33
1978-12-28,14.399
1978-12-29,14.095
1978-12-30,13.626
1978-12-31,13.368
1979-01-01,13.112
1979-01-02,13.151
1979-01-03,13.293
1979-01-04,12.681
1979-01-05,11.516
1979-01-06,10.83
1979-01-07,10.475
1979-01-08,10.224
1979-01-09,10.068
1979-01-10,9.934
1979-01-11,9.867
1979-01-12,9.751
1979-01-13,9.551
1979-01-14,9.314
1979-01-15,9.156
1979-01-16,9.017
1979-01-17,8.875
1979-01-18,8.74
1979-01-19,8.6
1979-01-20,8.465
1979-01-21,8.351
1979-01-22,8.198
1979-01-23,8.18
1979-01-24,8.457
1979-01-25,9.055
1979-01-26,9.929
1979-01-27,10.653
1979-01-28,10.113
1979-01-29,10.632
1979-01-30,13.288
1979-01-31,13.526
1979-02-01,15.513
1979-02-02,17.477
1979-02-03,21.728
1979-02-04,21.402
1979-02-05,14.627
1979-02-06,11.625
1979-02-07,12.04
1979-02-08,13.014
1979-02-09,13.872
1979-02-10,12.538
1979-02-11,9.638
1979-02-12,9.95
1979-02-13,10.67
1979-02-14,12.027
1979-02-15,12.36
1979-02-16,11.272
1979-02-17,12.982
1979-02-18,13.736
1979-02-19,8.449
1979-02-20,7.568
1979-02-21,8.478
1979-02-22,7.695
1979-02-23,7.475
1979-02-24,8.933
1979-02-25,9.678
1979-02-26,7.578
1979-02-27,9.283
1979-02-28,10.851
1979-03-01,6.955
1979-03-02,6.595
1979-03-03,7.586
1979-03-04,5.768
1979-03-05,4.824
1979-03-06,4.573
1979-03-07,4.501
1979-03-08,4.422
1979-03-09,4.311
1979-03-10,4.263
1979-03-11,4.352
1979-03-12,4.654
1979-03-13,5.253
1979-03-14,6.084
1979-03-15,6.616
1979-03-16,10.551
1979-03-17,15.489
1979-03-18,10.119
1979-03-19,10.997
1979-03-20,18.192
1979-03-21,25.02
1979-03-22,17.327
1979-03-23,17.075
1979-03-24,17.112
1979-03-25,13.977
1979-03-26,9.787
1979-03-27,5.956
1979-03-28,4.247
1979-03-29,4.051
1979-03-30,4.2
1979-03-31,4.43
1979-04-01,4.969
1979-04-02,6.762
1979-04-03,6.564
1979-04-04,13.242
1979-04-05,18.539
1979-04-06,14.597
1979-04-07,26.963
1979-04-08,58.079
1979-04-09,51.699
1979-04-10,50.47
1979-04-11,86.085
1979-04-12,118.487
1979-04-13,121.882
1979-04-14,131.198
1979-04-15,154.555
1979-04-16,110.775
1979-04-17,44.424
1979-04-18,12.684
1979-04-19,5.178
1979-04-20,3.914
1979-04-21,3.332
1979-04-22,3.032
1979-04-23,3.063
1979-04-24,3.092
1979-04-25,3.514
1979-04-26,5.312
1979-04-27,4.317
1979-04-28,4.715
1979-04-29,4.613
1979-04-30,5.492
1979-05-01,5.073
1979-05-02,4.274
1979-05-03,4.84
1979-05-04,5.733
1979-05-05,9.872
1979-05-06,13.357
1979-05-07,16.674
1979-05-08,16.395
1979-05-09,12.659
1979-05-10,15.718
1979-05-11,28.932
1979-05-12,42.407
1979-05-13,51.871
1979-05-14,56.806
1979-05-15,75.18
1979-05-16,96.998
1979-05-17,91.865
1979-05-18,63.912
1979-05-19,31.558
1979-05-20,16.9
1979-05-21,6.222
1979-05-22,3.654
1979-05-23,4.346
1979-05-24,4.696
1979-05-25,4.789
1979-05-26,5.304
1979-05-27,4.257
1979-05-28,4.218
1979-05-29,6.397
1979-05-30,9.979
1979-05-31,13.311
1979-06-01,15.368
1979-06-02,12.748
1979-06-03,12.869
1979-06-04,17.73
1979-06-05,18.735
1979-06-06,28.521
1979-06-07,42.52
1979-06-08,32.317
1979-06-09,37.237
1979-06-10,36.341
1979-06-11,17.72
1979-06-12,18.34
1979-06-13,33.404
1979-06-14,42.946
1979-06-15,41.743
1979-06-16,34.139
1979-06-17,22.367
1979-06-18,21.952
1979-06-19,21.488
1979-06-20,17.326
1979-06-21,11.708
1979-06-22,9.936
1979-06-23,12.265
1979-06-24,14.664
1979-06-25,16.181
1979-06-26,20.655
1979-06-27,30.249
1979-06-28,50.917
1979-06-29,63.318
1979-06-30,71.868
1979-07-01,91.413
1979-07-02,153.435
1979-07-03,97.852
1979-07-04,59.825
1979-07-05,69.473
1979-07-06,81.762
1979-07-07,86.765
1979-07-08,89.542
1979-07-09,69.055
1979-07-10,46.556
1979-07-11,33.865
1979-07-12,31.261
1979-07-13,37.722
1979-07-14,54.894
1979-07-15,46.983
1979-07-16,45.869
1979-07-17,44.948
1979-07-18,38.18
1979-07-19,24.171
1979-07-20,13.341
1979-07-21,10.958
1979-07-22,10.676
1979-07-23,10.738
1979-07-24,10.879
1979-07-25,10.995
1979-07-26,12.384
1979-07-27,15.662
1979-07-28,18.642
1979-07-29,21.884
1979-07-30,26.047
1979-07-31,20.434
1979-08-01,16.231
1979-08-02,21.725
1979-08-03,32.637
1979-08-04,35.363
1979-08-05,26.129
1979-08-06,30.37
1979-08-07,39.802
1979-08-08,45.799
1979-08-09,65.203
1979-08-10,78.188
1979-08-11,96.466
1979-08-12,78.932
1979-08-13,79.55
1979-08-14,105.786
1979-08-15,97.793
1979-08-16,70.094
1979-08-17,54.805
1979-08-18,40.405
1979-08-19,37.343
1979-08-20,32.09
1979-08-21,25.902
1979-08-22,24.118
1979-08-23,23.505
1979-08-24,23.035
1979-08-25,22.652
1979-08-26,22.358
1979-08-27,21.97
1979-08-28,21.473
1979-08-29,20.97
1979-08-30,20.467
1979-08-31,19.921
1979-09-01,19.409
1979-09-02,19.012
1979-09-03,18.578
1979-09-04,18.075
1979-09-05,17.509
1979-09-06,17.175
1979-09-07,17.128
1979-09-08,17.369
1979-09-09,16.603
1979-09-10,15.312
1979-09-11,14.511
1979-09-12,14.027
1979-09-13,13.696
1979-09-14,13.365
1979-09-15,12.982
1979-09-16,12.536
1979-09-17,12.21
1979-09-18,11.892
1979-09-19,11.632
1979-09-20,11.407
1979-09-21,11.032
1979-09-22,10.981
1979-09-23,11.336
1979-09-24,12.136
1979-09-25,12.709
1979-09-26,11.778
1979-09-27,12.895
1979-09-28,15.396
1979-09-29,19.95
1979-09-30,30.596
1979-10-01,39.677
1979-10-02,39.43
1979-10-03,27.877
1979-10-04,13.987
1979-10-05,9.612
1979-10-06,9.078
1979-10-07,8.485
1979-10-08,8.015
1979-10-09,7.784
1979-10-10,7.588
1979-10-11,7.428
1979-10-12,7.335
1979-10-13,7.203
1979-10-14,7.077
1979-10-15,6.949
1979-10-16,6.865
1979-10-17,6.749
1979-10-18,6.625
1979-10-19,6.584
1979-10-20,6.574
1979-10-21,6.547
1979-10-22,6.414
1979-10-23,6.29
1979-10-24,6.57
1979-10-25,7.123
1979-10-26,8.781
1979-10-27,10.409
1979-10-28,11.47
1979-10-29,11.667
1979-10-30,8.774
1979-10-31,6.657
1979-11-01,5.955
1979-11-02,5.703
1979-11-03,7.394
1979-11-04,16.598
1979-11-05,37.447
1979-11-06,49.03
1979-11-07,27.663
1979-11-08,17.169
1979-11-09,12.909
1979-11-10,8.886
1979-11-11,7.158
1979-11-12,6.487
1979-11-13,5.775
1979-11-14,5.057
1979-11-15,4.718
1979-11-16,4.63
1979-11-17,4.563
1979-11-18,4.34
1979-11-19,4.173
1979-11-20,4.082
1979-11-21,4.003
1979-11-22,4.025
1979-11-23,4.144
1979-11-24,4.348
1979-11-25,4.97
1979-11-26,5.24
1979-11-27,5.365
1979-11-28,5.156
1979-11-29,4.75
1979-11-30,3.932
1979-12-01,3.565
1979-12-02,3.56
1979-12-03,3.717
1979-12-04,3.816
1979-12-05,3.507
1979-12-06,3.681
1979-12-07,3.645
1979-12-08,3.26
1979-12-09,3.073
1979-12-10,3.151
1979-12-11,3.443
1979-12-12,3.955
1979-12-13,3.985
1979-12-14,4.077
1979-12-15,3.766
1979-12-16,3.307
1979-12-17,3.11
1979-12-18,3.155
1979-12-19,3.295
1979-12-20,3.225
1979-12-21,2.89
1979-12-22,2.776
1979-12-23,2.882
1979-12-24,2.889
1979-12-25,2.828
1979-12-26,2.775
1979-12-27,2.727
1979-12-28,2.749
1979-12-29,2.969
1979-12-30,3.273
1979-12-31,4.055
1980-01-01,5.0
1980-01-02,4.752
1980-01-03,10.64
1980-01-04,14.604
1980-01-05,9.143
1980-01-06,3.775
1980-01-07,2.299
1980-01-08,2.101
1980-01-09,2.037
1980-01-10,2.026
1980-01-11,1.982
1980-01-12,1.962
1980-01-13,1.98
1980-01-14,1.927
1980-01-15,1.875
1980-01-16,1.839
1980-01-17,1.807
1980-01-18,1.782
1980-01-19,1.783
1980-01-20,1.778
1980-01-21,1.724
1980-01-22,1.697
1980-01-23,1.729
1980-01-24,1.754
1980-01-25,1.878
1980-01-26,2.328
1980-01-27,2.939
1980-01-28,3.028
1980-01-29,3.315
1980-01-30,2.542
1980-01-31,1.738
1980-02-01,1.67
1980-02-02,1.742
1980-02-03,1.68
1980-02-04,1.58
1980-02-05,1.494
1980-02-06,1.432
1980-02-07,1.336
1980-02-08,1.31
1980-02-09,1.276
1980-02-10,1.255
1980-02-11,1.251
1980-02-12,1.236
1980-02-13,1.248
1980-02-14,1.24
1980-02-15,1.304
1980-02-16,1.274
1980-02-17,1.218
1980-02-18,1.212
1980-02-19,1.252
1980-02-20,1.235
1980-02-21,1.1
1980-02-22,1.03
1980-02-23,1.026
1980-02-24,1.062
1980-02-25,1.059
1980-02-26,1.017
1980-02-27,0.991
1980-02-28,1.008
1980-02-29,0.969
1980-03-01,1.04
1980-03-02,1.488
1980-03-03,2.733
1980-03-04,4.22
1980-03-05,4.86
1980-03-06,5.831
1980-03-07,6.626
1980-03-08,6.81
1980-03-09,3.17
1980-03-10,1.542
1980-03-11,1.428
1980-03-12,1.326
1980-03-13,1.257
1980-03-14,1.346
1980-03-15,1.541
1980-03-16,1.584
1980-03-17,1.347
1980-03-18,1.099
1980-03-19,0.975
1980-03-20,0.841
1980-03-21,0.785
1980-03-22,0.792
1980-03-23,0.814
1980-03-24,0.733
1980-03-25,0.67
1980-03-26,0.732
1980-03-27,0.914
1980-03-28,1.19
1980-03-29,1.262
1980-03-30,1.143
1980-03-31,1.188
1980-04-01,1.325
1980-04-02,1.205
1980-04-03,1.107
1980-04-04,0.917
1980-04-05,0.767
1980-04-06,0.777
1980-04-07,0.921
1980-04-08,1.685
1980-04-09,3.758
1980-04-10,7.139
1980-04-11,8.137
1980-04-12,7.215
1980-04-13,7.534
1980-04-14,16.84
1980-04-15,33.258
1980-04-16,65.362
1980-04-17,65.785
1980-04-18,78.928
1980-04-19,67.923
1980-04-20,68.522
1980-04-21,75.191
1980-04-22,69.047
1980-04-23,62.095
1980-04-24,45.331
1980-04-25,23.603
1980-04-26,9.309
1980-04-27,3.224
1980-04-28,1.355
1980-04-29,0.832
1980-04-30,0.869
1980-05-01,1.16
1980-05-02,1.332
1980-05-03,2.527
1980-05-04,8.774
1980-05-05,21.304
1980-05-06,26.58
1980-05-07,35.782
1980-05-08,81.955
1980-05-09,89.012
1980-05-10,61.967
1980-05-11,60.957
1980-05-12,122.199
1980-05-13,143.9
1980-05-14,163.515
1980-05-15,158.205
1980-05-16,151.249
1980-05-17,233.93
1980-05-18,307.422
1980-05-19,187.039
1980-05-20,133.221
1980-05-21,93.824
1980-05-22,85.406
1980-05-23,85.843
1980-05-24,80.065
1980-05-25,86.055
1980-05-26,121.676
1980-05-27,139.472
1980-05-28,80.53
1980-05-29,45.583
1980-05-30,18.644
1980-05-31,12.118
1980-06-01,14.673
1980-06-02,22.733
1980-06-03,19.161
1980-06-04,20.382
1980-06-05,25.321
1980-06-06,10.823
1980-06-07,15.43
1980-06-08,17.887
1980-06-09,9.775
1980-06-10,10.739
1980-06-11,19.268
1980-06-12,21.548
1980-06-13,19.268
1980-06-14,9.834
1980-06-15,6.674
1980-06-16,7.432
1980-06-17,21.748
1980-06-18,22.422
1980-06-19,15.591
1980-06-20,18.66
1980-06-21,28.981
1980-06-22,20.842
1980-06-23,15.238
1980-06-24,24.007
1980-06-25,45.651
1980-06-26,48.24
1980-06-27,68.985
1980-06-28,110.501
1980-06-29,117.037
1980-06-30,88.044
1980-07-01,63.299
1980-07-02,69.179
1980-07-03,101.557
1980-07-04,78.718
1980-07-05,54.825
1980-07-06,31.775
1980-07-07,27.182
1980-07-08,23.204
1980-07-09,31.542
1980-07-10,34.758
1980-07-11,31.101
1980-07-12,20.7
1980-07-13,20.202
1980-07-14,27.216
1980-07-15,47.624
1980-07-16,48.979
1980-07-17,31.615
1980-07-18,16.893
1980-07-19,14.2
1980-07-20,14.09
1980-07-21,14.127
1980-07-22,14.109
1980-07-23,14.235
1980-07-24,14.282
1980-07-25,14.068
1980-07-26,13.836
1980-07-27,13.413
1980-07-28,13.601
1980-07-29,14.096
1980-07-30,14.129
1980-07-31,14.333
1980-08-01,14.758
1980-08-02,16.696
1980-08-03,20.796
1980-08-04,17.665
1980-08-05,15.099
1980-08-06,18.652
1980-08-07,23.72
1980-08-08,32.821
1980-08-09,46.136
1980-08-10,51.158
1980-08-11,31.142
1980-08-12,20.278
1980-08-13,13.799
1980-08-14,11.151
1980-08-15,10.552
1980-08-16,11.081
1980-08-17,12.042
1980-08-18,11.841
1980-08-19,10.591
1980-08-20,10.203
1980-08-21,10.982
1980-08-22,12.592
1980-08-23,11.44
1980-08-24,11.362
1980-08-25,14.176
1980-08-26,21.055
1980-08-27,18.045
1980-08-28,30.268
1980-08-29,53.728
1980-08-30,49.183
1980-08-31,45.33
1980-09-01,22.019
1980-09-02,11.268
1980-09-03,9.308
1980-09-04,8.884
1980-09-05,8.75
1980-09-06,9.434
1980-09-07,13.473
1980-09-08,17.324
1980-09-09,15.75
1980-09-10,11.734
1980-09-11,10.015
1980-09-12,10.037
1980-09-13,9.297
1980-09-14,8.743
1980-09-15,8.678
1980-09-16,8.748
1980-09-17,8.795
1980-09-18,8.791
1980-09-19,8.034
1980-09-20,7.727
1980-09-21,7.803
1980-09-22,9.375
1980-09-23,11.202
1980-09-24,9.682
1980-09-25,8.93
1980-09-26,12.306
1980-09-27,16.045
1980-09-28,12.955
1980-09-29,8.945
1980-09-30,7.605
1980-10-01,7.07
1980-10-02,6.77
1980-10-03,6.55
1980-10-04,6.413
1980-10-05,6.311
1980-10-06,6.219
1980-10-07,6.194
1980-10-08,6.352
1980-10-09,6.212
1980-10-10,6.172
1980-10-11,6.04
1980-10-12,5.838
1980-10-13,5.872
1980-10-14,7.496
1980-10-15,7.085
1980-10-16,8.087
1980-10-17,7.343
1980-10-18,6.569
1980-10-19,9.585
1980-10-20,15.382
1980-10-21,18.022
1980-10-22,17.225
1980-10-23,10.584
1980-10-24,10.818
1980-10-25,10.63
1980-10-26,6.607
1980-10-27,5.212
1980-10-28,5.097
1980-10-29,4.881
1980-10-30,4.767
1980-10-31,4.743
1980-11-01,4.636
1980-11-02,4.628
1980-11-03,4.472
1980-11-04,4.355
1980-11-05,4.242
1980-11-06,4.185
1980-11-07,4.124
1980-11-08,4.062
1980-11-09,4.104
1980-11-10,4.106
1980-11-11,4.325
1980-11-12,5.075
1980-11-13,6.22
1980-11-14,7.767
1980-11-15,7.115
1980-11-16,6.645
1980-11-17,6.37
1980-11-18,6.097
1980-11-19,6.758
1980-11-20,7.757
1980-11-21,12.008
1980-11-22,12.309
1980-11-23,8.591
1980-11-24,6.753
1980-11-25,6.445
1980-11-26,5.525
1980-11-27,4.389
1980-11-28,3.845
1980-11-29,3.45
1980-11-30,3.286
1980-12-01,3.573
1980-12-02,3.965
1980-12-03,3.467
1980-12-04,3.1
1980-12-05,2.994
1980-12-06,2.948
1980-12-07,2.92
1980-12-08,2.983
1980-12-09,2.97
1980-12-10,2.942
1980-12-11,2.866
1980-12-12,2.822
1980-12-13,2.799
1980-12-14,2.779
1980-12-15,2.704
1980-12-16,2.674
1980-12-17,2.648
1980-12-18,2.579
1980-12-19,2.533
1980-12-20,2.507
1980-12-21,2.44
1980-12-22,2.398
1980-12-23,2.35
1980-12-24,2.363
1980-12-25,2.385
1980-12-26,2.35
1980-12-27,2.297
1980-12-28,2.227
1980-12-29,2.18
1980-12-30,2.159
1980-12-31,2.129
1981-01-01,2.071
1981-01-02,2.06
1981-01-03,2.065
1981-01-04,2.045
1981-01-05,2.001
1981-01-06,2.032
1981-01-07,2.151
1981-01-08,2.48
1981-01-09,2.673
1981-01-10,2.269
1981-01-11,1.951
1981-01-12,1.827
1981-01-13,1.793
1981-01-14,1.707
1981-01-15,1.667
1981-01-16,1.659
1981-01-17,1.647
1981-01-18,1.66
1981-01-19,1.629
1981-01-20,1.572
1981-01-21,1.545
1981-01-22,1.509
1981-01-23,1.482
1981-01-24,1.477
1981-01-25,1.463
1981-01-26,1.46
1981-01-27,1.431
1981-01-28,1.373
1981-01-29,1.37
1981-01-30,1.359
1981-01-31,1.343
1981-02-01,1.291
1981-02-02,1.314
1981-02-03,1.355
1981-02-04,1.394
1981-02-05,1.383
1981-02-06,1.242
1981-02-07,1.147
1981-02-08,1.1
1981-02-09,1.09
1981-02-10,1.087
1981-02-11,1.125
1981-02-12,1.423
1981-02-13,1.722
1981-02-14,1.284
1981-02-15,1.146
1981-02-16,1.226
1981-02-17,1.418
1981-02-18,1.7
1981-02-19,2.102
1981-02-20,2.432
1981-02-21,2.819
1981-02-22,2.803
1981-02-23,2.095
1981-02-24,1.438
1981-02-25,1.133
1981-02-26,0.969
1981-02-27,0.922
1981-02-28,0.903
1981-03-01,0.846
1981-03-02,0.846
1981-03-03,0.841
1981-03-04,0.805
1981-03-05,0.834
1981-03-06,0.872
1981-03-07,0.86
1981-03-08,0.847
1981-03-09,0.809
1981-03-10,0.826
1981-03-11,0.837
1981-03-12,0.867
1981-03-13,0.936
1981-03-14,1.159
1981-03-15,1.704
1981-03-16,2.209
1981-03-17,1.848
1981-03-18,1.974
1981-03-19,3.073
1981-03-20,7.657
1981-03-21,16.61
1981-03-22,30.1
1981-03-23,34.979
1981-03-24,35.282
1981-03-25,48.455
1981-03-26,71.95
1981-03-27,92.77
1981-03-28,81.348
1981-03-29,96.24
1981-03-30,131.074
1981-03-31,165.268
1981-04-01,213.279
1981-04-02,233.047
1981-04-03,244.535
1981-04-04,196.39
1981-04-05,121.888
1981-04-06,65.173
1981-04-07,37.425
1981-04-08,41.462
1981-04-09,36.905
1981-04-10,18.795
1981-04-11,22.383
1981-04-12,25.446
1981-04-13,42.428
1981-04-14,57.468
1981-04-15,97.531
1981-04-16,108.746
1981-04-17,86.714
1981-04-18,54.865
1981-04-19,37.08
1981-04-20,50.952
1981-04-21,85.822
1981-04-22,61.416
1981-04-23,39.79
1981-04-24,49.887
1981-04-25,35.323
1981-04-26,30.395
1981-04-27,51.295
1981-04-28,90.315
1981-04-29,90.648
1981-04-30,66.844
1981-05-01,43.038
1981-05-02,26.778
1981-05-03,9.685
1981-05-04,5.778
1981-05-05,12.906
1981-05-06,20.975
1981-05-07,34.955
1981-05-08,62.032
1981-05-09,77.924
1981-05-10,109.032
1981-05-11,100.81
1981-05-12,76.966
1981-05-13,39.289
1981-05-14,25.968
1981-05-15,23.634
1981-05-16,43.327
1981-05-17,87.781
1981-05-18,170.865
1981-05-19,160.255
1981-05-20,110.765
1981-05-21,85.934
1981-05-22,93.318
1981-05-23,39.811
1981-05-24,13.83
1981-05-25,6.614
1981-05-26,4.646
1981-05-27,4.422
1981-05-28,3.577
1981-05-29,3.123
1981-05-30,3.027
1981-05-31,4.397
1981-06-01,6.944
1981-06-02,12.749
1981-06-03,21.962
1981-06-04,17.25
1981-06-05,9.598
1981-06-06,7.33
1981-06-07,5.874
1981-06-08,10.02
1981-06-09,22.242
1981-06-10,26.121
1981-06-11,24.192
1981-06-12,20.73
1981-06-13,9.454
1981-06-14,4.278
1981-06-15,3.334
1981-06-16,3.268
1981-06-17,3.17
1981-06-18,3.218
1981-06-19,3.538
1981-06-20,4.012
1981-06-21,4.51
1981-06-22,4.854
1981-06-23,4.854
1981-06-24,5.064
1981-06-25,5.041
1981-06-26,7.189
1981-06-27,20.7
1981-06-28,36.134
1981-06-29,73.735
1981-06-30,157.528
1981-07-01,134.284
1981-07-02,104.652
1981-07-03,85.631
1981-07-04,64.814
1981-07-05,101.097
1981-07-06,122.534
1981-07-07,80.528
1981-07-08,47.305
1981-07-09,20.839
1981-07-10,9.142
1981-07-11,11.337
1981-07-12,20.769
1981-07-13,24.417
1981-07-14,22.619
1981-07-15,39.838
1981-07-16,55.148
1981-07-17,73.831
1981-07-18,127.978
1981-07-19,172.201
1981-07-20,154.561
1981-07-21,143.358
1981-07-22,171.831
1981-07-23,163.082
1981-07-24,156.231
1981-07-25,133.255
1981-07-26,108.043
1981-07-27,85.735
1981-07-28,90.936
1981-07-29,157.735
1981-07-30,144.89
1981-07-31,121.253
1981-08-01,118.114
1981-08-02,148.25
1981-08-03,215.16
1981-08-04,199.534
1981-08-05,209.475
1981-08-06,220.222
1981-08-07,215.059
1981-08-08,238.664
1981-08-09,208.331
1981-08-10,197.058
1981-08-11,190.82
1981-08-12,124.045
1981-08-13,93.093
1981-08-14,72.254
1981-08-15,72.056
1981-08-16,81.492
1981-08-17,89.087
1981-08-18,94.967
1981-08-19,78.778
1981-08-20,62.414
1981-08-21,50.376
1981-08-22,49.294
1981-08-23,55.098
1981-08-24,59.904
1981-08-25,50.131
1981-08-26,44.698
1981-08-27,42.485
1981-08-28,40.479
1981-08-29,38.665
1981-08-30,38.256
1981-08-31,42.685
1981-09-01,48.031
1981-09-02,46.004
1981-09-03,55.318
1981-09-04,74.029
1981-09-05,83.041
1981-09-06,74.924
1981-09-07,54.187
1981-09-08,38.698
1981-09-09,33.819
1981-09-10,32.508
1981-09-11,31.781
1981-09-12,31.767
1981-09-13,35.391
1981-09-14,40.891
1981-09-15,40.875
1981-09-16,39.607
1981-09-17,44.281
1981-09-18,43.883
1981-09-19,51.14
1981-09-20,64.159
1981-09-21,80.41
1981-09-22,64.966
1981-09-23,55.508
1981-09-24,52.901
1981-09-25,52.091
1981-09-26,42.681
1981-09-27,38.515
1981-09-28,40.179
1981-09-29,41.852
1981-09-30,50.84
1981-10-01,51.316
1981-10-02,53.114
1981-10-03,43.11
1981-10-04,33.748
1981-10-05,31.25
1981-10-06,30.992
1981-10-07,28.406
1981-10-08,27.331
1981-10-09,26.986
1981-10-10,26.705
1981-10-11,26.718
1981-10-12,26.913
1981-10-13,27.045
1981-10-14,27.11
1981-10-15,26.061
1981-10-16,25.338
1981-10-17,24.844
1981-10-18,24.228
1981-10-19,23.895
1981-10-20,25.203
1981-10-21,33.205
1981-10-22,37.77
1981-10-23,33.14
1981-10-24,26.463
1981-10-25,26.241
1981-10-26,37.963
1981-10-27,50.27
1981-10-28,36.371
1981-10-29,24.346
1981-10-30,21.25
1981-10-31,20.291
1981-11-01,19.662
1981-11-02,19.599
1981-11-03,19.71
1981-11-04,19.458
1981-11-05,18.646
1981-11-06,18.017
1981-11-07,17.59
1981-11-08,17.376
1981-11-09,17.778
1981-11-10,17.98
1981-11-11,18.366
1981-11-12,18.585
1981-11-13,19.378
1981-11-14,20.202
1981-11-15,18.345
1981-11-16,15.789
1981-11-17,14.947
1981-11-18,14.528
1981-11-19,14.202
1981-11-20,13.913
1981-11-21,13.718
1981-11-22,13.657
1981-11-23,18.522
1981-11-24,28.13
1981-11-25,31.706
1981-11-26,28.485
1981-11-27,21.058
1981-11-28,16.31
1981-11-29,14.834
1981-11-30,13.154
1981-12-01,12.21
1981-12-02,11.827
1981-12-03,11.65
1981-12-04,11.566
1981-12-05,11.328
1981-12-06,10.966
1981-12-07,10.78
1981-12-08,10.716
1981-12-09,10.579
1981-12-10,10.588
1981-12-11,10.663
1981-12-12,10.285
1981-12-13,9.962
1981-12-14,9.739
1981-12-15,9.524
1981-12-16,9.332
1981-12-17,9.201
1981-12-18,9.12
1981-12-19,9.033
1981-12-20,9.038
1981-12-21,8.961
1981-12-22,8.625
1981-12-23,8.431
1981-12-24,8.24
1981-12-25,8.11
1981-12-26,7.988
1981-12-27,7.865
1981-12-28,7.749
1981-12-29,7.605
1981-12-30,7.523
1981-12-31,7.41
1982-01-01,7.331
1982-01-02,7.196
1982-01-03,7.081
1982-01-04,6.992
1982-01-05,6.91
1982-01-06,6.769
1982-01-07,6.76
1982-01-08,6.535
1982-01-09,6.325
1982-01-10,6.194
1982-01-11,6.095
1982-01-12,5.994
1982-01-13,5.927
1982-01-14,5.917
1982-01-15,5.93
1982-01-16,5.798
1982-01-17,5.743
1982-01-18,5.897
1982-01-19,5.885
1982-01-20,5.524
1982-01-21,5.373
1982-01-22,5.298
1982-01-23,5.158
1982-01-24,5.042
1982-01-25,4.925
1982-01-26,4.838
1982-01-27,4.731
1982-01-28,4.623
1982-01-29,4.531
1982-01-30,4.464
1982-01-31,4.442
1982-02-01,4.524
1982-02-02,4.712
1982-02-03,5.202
1982-02-04,5.857
1982-02-05,6.475
1982-02-06,6.869
1982-02-07,6.368
1982-02-08,4.785
1982-02-09,4.075
1982-02-10,3.836
1982-02-11,3.712
1982-02-12,3.677
1982-02-13,3.653
1982-02-14,3.66
1982-02-15,4.177
1982-02-16,4.623
1982-02-17,5.335
1982-02-18,6.337
1982-02-19,5.631
1982-02-20,5.12
1982-02-21,5.19
1982-02-22,7.992
1982-02-23,8.399
1982-02-24,4.68
1982-02-25,3.332
1982-02-26,3.029
1982-02-27,2.936
1982-02-28,2.904
1982-03-01,2.911
1982-03-02,2.994
1982-03-03,3.113
1982-03-04,3.122
1982-03-05,3.034
1982-03-06,2.878
1982-03-07,2.812
1982-03-08,2.771
1982-03-09,2.831
1982-03-10,2.733
1982-03-11,2.623
1982-03-12,2.589
1982-03-13,2.52
1982-03-14,2.443
1982-03-15,2.38
1982-03-16,2.328
1982-03-17,2.306
1982-03-18,2.317
1982-03-19,2.291
1982-03-20,2.261
1982-03-21,2.362
1982-03-22,2.656
1982-03-23,2.665
1982-03-24,2.463
1982-03-25,2.833
1982-03-26,2.813
1982-03-27,2.362
1982-03-28,2.145
1982-03-29,2.032
1982-03-30,2.173
1982-03-31,2.82
1982-04-01,4.24
1982-04-02,6.202
1982-04-03,8.105
1982-04-04,9.536
1982-04-05,8.196
1982-04-06,7.673
1982-04-07,5.514
1982-04-08,4.174
1982-04-09,3.931
1982-04-10,4.033
1982-04-11,3.442
1982-04-12,2.582
1982-04-13,2.472
1982-04-14,3.141
1982-04-15,3.526
1982-04-16,5.456
1982-04-17,5.486
1982-04-18,8.056
1982-04-19,10.16
1982-04-20,13.093
1982-04-21,22.353
1982-04-22,27.671
1982-04-23,42.343
1982-04-24,56.28
1982-04-25,69.271
1982-04-26,76.386
1982-04-27,85.55
1982-04-28,86.358
1982-04-29,69.992
1982-04-30,89.992
1982-05-01,101.356
1982-05-02,78.669
1982-05-03,50.375
1982-05-04,22.181
1982-05-05,10.045
1982-05-06,7.407
1982-05-07,12.851
1982-05-08,37.375
1982-05-09,96.233
1982-05-10,127.785
1982-05-11,149.967
1982-05-12,168.157
1982-05-13,235.837
1982-05-14,296.368
1982-05-15,302.21
1982-05-16,227.792
1982-05-17,162.826
1982-05-18,131.225
1982-05-19,115.57
1982-05-20,98.276
1982-05-21,69.282
1982-05-22,41.444
1982-05-23,28.068
1982-05-24,17.678
1982-05-25,8.94
1982-05-26,11.35
1982-05-27,25.149
1982-05-28,42.302
1982-05-29,39.537
1982-05-30,35.841
1982-05-31,77.262
1982-06-01,153.887
1982-06-02,151.103
1982-06-03,120.105
1982-06-04,57.784
1982-06-05,26.626
1982-06-06,15.692
1982-06-07,8.226
1982-06-08,6.571
1982-06-09,7.317
1982-06-10,8.825
1982-06-11,8.195
1982-06-12,6.765
1982-06-13,7.102
1982-06-14,7.684
1982-06-15,8.027
1982-06-16,9.121
1982-06-17,15.847
1982-06-18,16.78
1982-06-19,19.715
1982-06-20,28.004
1982-06-21,36.927
1982-06-22,26.01
1982-06-23,15.911
1982-06-24,21.34
1982-06-25,33.324
1982-06-26,42.339
1982-06-27,62.277
1982-06-28,87.19
1982-06-29,70.275
1982-06-30,41.436
1982-07-01,26.273
1982-07-02,12.176
1982-07-03,8.055
1982-07-04,8.081
1982-07-05,11.102
1982-07-06,17.213
1982-07-07,29.729
1982-07-08,49.498
1982-07-09,48.725
1982-07-10,34.591
1982-07-11,16.519
1982-07-12,9.868
1982-07-13,8.849
1982-07-14,9.058
1982-07-15,9.814
1982-07-16,10.308
1982-07-17,12.045
1982-07-18,16.392
1982-07-19,20.508
1982-07-20,15.502
1982-07-21,14.08
1982-07-22,11.14
1982-07-23,10.688
1982-07-24,12.73
1982-07-25,25.545
1982-07-26,49.575
1982-07-27,101.974
1982-07-28,105.482
1982-07-29,71.195
1982-07-30,44.011
1982-07-31,22.266
1982-08-01,16.203
1982-08-02,24.681
1982-08-03,28.759
1982-08-04,35.18
1982-08-05,43.52
1982-08-06,53.459
1982-08-07,61.313
1982-08-08,71.402
1982-08-09,47.612
1982-08-10,28.838
1982-08-11,26.001
1982-08-12,30.537
1982-08-13,25.299
1982-08-14,21.53
1982-08-15,25.746
1982-08-16,36.325
1982-08-17,55.011
1982-08-18,64.755
1982-08-19,71.227
1982-08-20,71.714
1982-08-21,77.608
1982-08-22,78.706
1982-08-23,78.96
1982-08-24,61.549
1982-08-25,59.81
1982-08-26,67.9
1982-08-27,54.097
1982-08-28,37.952
1982-08-29,29.33
1982-08-30,26.281
1982-08-31,25.49
1982-09-01,24.809
1982-09-02,24.322
1982-09-03,23.808
1982-09-04,23.241
1982-09-05,22.818
1982-09-06,22.5
1982-09-07,22.096
1982-09-08,21.771
1982-09-09,21.267
1982-09-10,20.831
1982-09-11,20.261
1982-09-12,19.712
1982-09-13,19.25
1982-09-14,18.883
1982-09-15,18.845
1982-09-16,19.279
1982-09-17,20.749
1982-09-18,22.251
1982-09-19,24.925
1982-09-20,27.115
1982-09-21,21.463
1982-09-22,18.72
1982-09-23,23.309
1982-09-24,31.123
1982-09-25,33.078
1982-09-26,32.954
1982-09-27,34.121
1982-09-28,28.61
1982-09-29,23.938
1982-09-30,18.405
1982-10-01,16.122
1982-10-02,15.278
1982-10-03,14.546
1982-10-04,13.987
1982-10-05,14.135
1982-10-06,14.117
1982-10-07,13.447
1982-10-08,13.354
1982-10-09,13.692
1982-10-10,14.388
1982-10-11,15.891
1982-10-12,25.122
1982-10-13,41.555
1982-10-14,62.403
1982-10-15,76.78
1982-10-16,81.699
1982-10-17,65.74
1982-10-18,62.572
1982-10-19,70.448
1982-10-20,58.147
1982-10-21,40.923
1982-10-22,33.508
1982-10-23,35.182
1982-10-24,25.096
1982-10-25,16.75
1982-10-26,14.587
1982-10-27,17.494
1982-10-28,23.213
1982-10-29,29.767
1982-10-30,36.529
1982-10-31,47.767
1982-11-01,66.281
1982-11-02,88.23
1982-11-03,114.775
1982-11-04,103.027
1982-11-05,74.294
1982-11-06,65.428
1982-11-07,88.275
1982-11-08,76.239
1982-11-09,59.082
1982-11-10,60.33
1982-11-11,72.081
1982-11-12,84.518
1982-11-13,91.695
1982-11-14,77.322
1982-11-15,70.153
1982-11-16,57.528
1982-11-17,46.271
1982-11-18,39.007
1982-11-19,35.79
1982-11-20,34.742
1982-11-21,34.201
1982-11-22,33.918
1982-11-23,33.435
1982-11-24,34.188
1982-11-25,39.799
1982-11-26,50.782
1982-11-27,55.312
1982-11-28,71.712
1982-11-29,82.442
1982-11-30,112.417
1982-12-01,115.521
1982-12-02,116.992
1982-12-03,109.439
1982-12-04,82.375
1982-12-05,76.48
1982-12-06,94.763
1982-12-07,78.83
1982-12-08,54.728
1982-12-09,38.878
1982-12-10,35.048
1982-12-11,35.525
1982-12-12,34.522
1982-12-13,33.642
1982-12-14,33.71
1982-12-15,33.972
1982-12-16,33.813
1982-12-17,36.034
1982-12-18,38.247
1982-12-19,34.396
1982-12-20,30.785
1982-12-21,29.397
1982-12-22,28.758
1982-12-23,28.088
1982-12-24,27.286
1982-12-25,26.647
1982-12-26,26.162
1982-12-27,25.719
1982-12-28,25.121
1982-12-29,24.465
1982-12-30,23.841
1982-12-31,23.273
1983-01-01,22.739
1983-01-02,22.115
1983-01-03,21.586
1983-01-04,21.12
1983-01-05,20.648
1983-01-06,20.175
1983-01-07,19.827
1983-01-08,19.701
1983-01-09,19.568
1983-01-10,19.599
1983-01-11,20.735
1983-01-12,20.881
1983-01-13,18.75
1983-01-14,17.213
1983-01-15,16.496
1983-01-16,16.086
1983-01-17,15.717
1983-01-18,15.372
1983-01-19,15.068
1983-01-20,14.762
1983-01-21,14.422
1983-01-22,14.111
1983-01-23,13.837
1983-01-24,13.582
1983-01-25,13.286
1983-01-26,13.059
1983-01-27,12.872
1983-01-28,12.732
1983-01-29,12.596
1983-01-30,12.656
1983-01-31,12.444
1983-02-01,12.479
1983-02-02,13.158
1983-02-03,13.119
1983-02-04,12.344
1983-02-05,12.141
1983-02-06,12.074
1983-02-07,11.233
1983-02-08,10.422
1983-02-09,9.953
1983-02-10,9.654
1983-02-11,9.405
1983-02-12,9.182
1983-02-13,9.008
1983-02-14,8.931
1983-02-15,9.051
1983-02-16,9.14
1983-02-17,8.839
1983-02-18,8.617
1983-02-19,8.742
1983-02-20,9.202
1983-02-21,9.616
1983-02-22,10.139
1983-02-23,10.778
1983-02-24,16.037
1983-02-25,18.597
1983-02-26,11.299
1983-02-27,7.689
1983-02-28,6.919
1983-03-01,6.724
1983-03-02,6.583
1983-03-03,6.482
1983-03-04,6.352
1983-03-05,6.224
1983-03-06,6.117
1983-03-07,5.976
1983-03-08,5.898
1983-03-09,5.786
1983-03-10,5.678
1983-03-11,5.576
1983-03-12,5.464
1983-03-13,5.474
1983-03-14,5.605
1983-03-15,5.647
1983-03-16,5.734
1983-03-17,5.66
1983-03-18,5.807
1983-03-19,5.961
1983-03-20,5.617
1983-03-21,5.613
1983-03-22,5.389
1983-03-23,5.054
1983-03-24,4.663
1983-03-25,4.465
1983-03-26,4.452
1983-03-27,4.639
1983-03-28,4.483
1983-03-29,4.31
1983-03-30,4.119
1983-03-31,3.998
1983-04-01,4.003
1983-04-02,4.04
1983-04-03,4.167
1983-04-04,4.399
1983-04-05,4.43
1983-04-06,4.661
1983-04-07,4.904
1983-04-08,6.404
1983-04-09,8.272
1983-04-10,6.424
1983-04-11,5.858
1983-04-12,5.101
1983-04-13,4.383
1983-04-14,4.155
1983-04-15,3.913
1983-04-16,3.806
1983-04-17,4.985
1983-04-18,7.884
1983-04-19,6.582
1983-04-20,6.914
1983-04-21,4.046
1983-04-22,3.776
1983-04-23,3.74
1983-04-24,4.524
1983-04-25,9.897
1983-04-26,30.583
1983-04-27,49.66
1983-04-28,38.948
1983-04-29,24.879
1983-04-30,28.332
1983-05-01,53.555
1983-05-02,63.351
1983-05-03,37.058
1983-05-04,16.709
1983-05-05,7.964
1983-05-06,6.677
1983-05-07,13.833
1983-05-08,40.396
1983-05-09,59.912
1983-05-10,53.802
1983-05-11,51.357
1983-05-12,37.77
1983-05-13,18.849
1983-05-14,12.605
1983-05-15,12.657
1983-05-16,10.177
1983-05-17,7.88
1983-05-18,5.773
1983-05-19,5.037
1983-05-20,4.574
1983-05-21,8.806
1983-05-22,17.767
1983-05-23,27.094
1983-05-24,24.753
1983-05-25,31.662
1983-05-26,44.295
1983-05-27,59.872
1983-05-28,60.893
1983-05-29,48.796
1983-05-30,52.001
1983-05-31,43.992
1983-06-01,29.388
1983-06-02,16.032
1983-06-03,7.682
1983-06-04,4.214
1983-06-05,3.338
1983-06-06,3.505
1983-06-07,4.269
1983-06-08,4.858
1983-06-09,3.94
1983-06-10,3.742
1983-06-11,3.261
1983-06-12,4.948
1983-06-13,4.898
1983-06-14,6.717
1983-06-15,8.778
1983-06-16,7.16
1983-06-17,4.96
1983-06-18,7.828
1983-06-19,14.27
1983-06-20,13.114
1983-06-21,13.443
1983-06-22,18.685
1983-06-23,28.283
1983-06-24,61.761
1983-06-25,126.73
1983-06-26,150.501
1983-06-27,127.673
1983-06-28,89.35
1983-06-29,86.699
1983-06-30,134.89
1983-07-01,183.838
1983-07-02,148.718
1983-07-03,130.048
1983-07-04,169.092
1983-07-05,140.995
1983-07-06,69.365
1983-07-07,24.008
1983-07-08,10.875
1983-07-09,8.588
1983-07-10,8.654
1983-07-11,8.83
1983-07-12,9.353
1983-07-13,10.143
1983-07-14,9.394
1983-07-15,10.429
1983-07-16,13.453
1983-07-17,18.313
1983-07-18,45.27
1983-07-19,76.358
1983-07-20,83.065
1983-07-21,92.285
1983-07-22,93.702
1983-07-23,78.668
1983-07-24,75.527
1983-07-25,89.979
1983-07-26,98.876
1983-07-27,98.731
1983-07-28,128.055
1983-07-29,104.42
1983-07-30,72.709
1983-07-31,86.223
1983-08-01,105.951
1983-08-02,254.249
1983-08-03,230.235
1983-08-04,129.805
1983-08-05,118.276
1983-08-06,108.998
1983-08-07,91.735
1983-08-08,65.616
1983-08-09,60.887
1983-08-10,76.527
1983-08-11,88.799
1983-08-12,112.326
1983-08-13,140.564
1983-08-14,328.861
1983-08-15,866.503
1983-08-16,882.58
1983-08-17,616.438
1983-08-18,313.328
1983-08-19,237.293
1983-08-20,189.463
1983-08-21,174.622
1983-08-22,187.2
1983-08-23,208.112
1983-08-24,219.241
1983-08-25,191.975
1983-08-26,182.897
1983-08-27,222.888
1983-08-28,253.317
1983-08-29,234.881
1983-08-30,195.344
1983-08-31,182.647
1983-09-01,197.551
1983-09-02,205.403
1983-09-03,238.003
1983-09-04,244.972
1983-09-05,213.793
1983-09-06,175.143
1983-09-07,153.117
1983-09-08,149.454
1983-09-09,161.65
1983-09-10,186.948
1983-09-11,182.71
1983-09-12,160.33
1983-09-13,154.164
1983-09-14,162.577
1983-09-15,165.741
1983-09-16,150.394
1983-09-17,138.756
1983-09-18,158.16
1983-09-19,180.393
1983-09-20,197.639
1983-09-21,204.83
1983-09-22,194.336
1983-09-23,165.413
1983-09-24,164.457
1983-09-25,172.813
1983-09-26,145.991
1983-09-27,136.921
1983-09-28,135.081
1983-09-29,118.085
1983-09-30,110.905
1983-10-01,108.242
1983-10-02,106.053
1983-10-03,103.742
1983-10-04,114.198
1983-10-05,125.289
1983-10-06,121.808
1983-10-07,291.23
1983-10-08,723.548
1983-10-09,430.89
1983-10-10,288.355
1983-10-11,272.097
1983-10-12,255.551
1983-10-13,203.316
1983-10-14,155.447
1983-10-15,125.532
1983-10-16,105.615
1983-10-17,100.314
1983-10-18,104.437
1983-10-19,103.107
1983-10-20,101.203
1983-10-21,98.689
1983-10-22,96.253
1983-10-23,98.109
1983-10-24,120.408
1983-10-25,132.74
1983-10-26,112.899
1983-10-27,104.698
1983-10-28,101.505
1983-10-29,94.64
1983-10-30,85.422
1983-10-31,85.731
1983-11-01,90.237
1983-11-02,87.712
1983-11-03,81.087
1983-11-04,76.72
1983-11-05,72.837
1983-11-06,70.117
1983-11-07,69.441
1983-11-08,69.668
1983-11-09,69.399
1983-11-10,68.053
1983-11-11,64.509
1983-11-12,62.229
1983-11-13,60.393
1983-11-14,61.164
1983-11-15,62.291
1983-11-16,62.756
1983-11-17,70.3
1983-11-18,83.068
1983-11-19,80.52
1983-11-20,69.321
1983-11-21,57.326
1983-11-22,53.852
1983-11-23,52.145
1983-11-24,50.991
1983-11-25,48.343
1983-11-26,46.435
1983-11-27,44.927
1983-11-28,43.923
1983-11-29,42.986
1983-11-30,41.988
1983-12-01,40.964
1983-12-02,40.073
1983-12-03,39.22
1983-12-04,38.385
1983-12-05,37.643
1983-12-06,36.927
1983-12-07,36.103
1983-12-08,35.33
1983-12-09,34.509
1983-12-10,33.756
1983-12-11,32.949
1983-12-12,32.132
1983-12-13,31.404
1983-12-14,30.733
1983-12-15,30.075
1983-12-16,29.422
1983-12-17,28.803
1983-12-18,28.158
1983-12-19,27.577
1983-12-20,27.037
1983-12-21,26.448
1983-12-22,25.956
1983-12-23,25.608
1983-12-24,25.211
1983-12-25,24.635
1983-12-26,24.055
1983-12-27,23.511
1983-12-28,23.023
1983-12-29,22.534
1983-12-30,22.056
1983-12-31,21.617
1984-01-01,21.16
1984-01-02,20.706
1984-01-03,20.301
1984-01-04,19.952
1984-01-05,19.518
1984-01-06,19.121
1984-01-07,18.797
1984-01-08,18.44
1984-01-09,18.022
1984-01-10,17.714
1984-01-11,17.465
1984-01-12,17.202
1984-01-13,16.848
1984-01-14,16.745
1984-01-15,16.603
1984-01-16,16.39
1984-01-17,15.801
1984-01-18,15.383
1984-01-19,15.039
1984-01-20,14.753
1984-01-21,14.515
1984-01-22,14.305
1984-01-23,14.044
1984-01-24,13.732
1984-01-25,13.484
1984-01-26,13.291
1984-01-27,13.13
1984-01-28,12.899
1984-01-29,12.663
1984-01-30,12.452
1984-01-31,12.29
1984-02-01,12.018
1984-02-02,11.824
1984-02-03,11.649
1984-02-04,11.466
1984-02-05,11.305
1984-02-06,11.116
1984-02-07,10.972
1984-02-08,10.809
1984-02-09,10.63
1984-02-10,10.452
1984-02-11,10.395
1984-02-12,10.23
1984-02-13,9.945
1984-02-14,9.74
1984-02-15,9.471
1984-02-16,9.281
1984-02-17,9.156
1984-02-18,9.032
1984-02-19,8.915
1984-02-20,8.763
1984-02-21,8.634
1984-02-22,8.395
1984-02-23,8.285
1984-02-24,8.145
1984-02-25,7.976
1984-02-26,7.827
1984-02-27,7.703
1984-02-28,7.627
1984-02-29,7.622
1984-03-01,7.955
1984-03-02,8.496
1984-03-03,8.997
1984-03-04,8.769
1984-03-05,8.375
1984-03-06,7.918
1984-03-07,7.188
1984-03-08,6.818
1984-03-09,6.689
1984-03-10,6.549
1984-03-11,6.431
1984-03-12,6.331
1984-03-13,6.389
1984-03-14,6.563
1984-03-15,7.215
1984-03-16,7.933
1984-03-17,8.742
1984-03-18,8.479
1984-03-19,8.187
1984-03-20,8.308
1984-03-21,7.99
1984-03-22,6.189
1984-03-23,5.525
1984-03-24,5.328
1984-03-25,5.216
1984-03-26,5.164
1984-03-27,5.161
1984-03-28,5.571
1984-03-29,5.756
1984-03-30,6.149
1984-03-31,6.415
1984-04-01,6.115
1984-04-02,5.85
1984-04-03,5.402
1984-04-04,5.576
1984-04-05,7.324
1984-04-06,6.5
1984-04-07,5.925
1984-04-08,5.398
1984-04-09,5.269
1984-04-10,5.793
1984-04-11,9.601
1984-04-12,10.26
1984-04-13,6.622
1984-04-14,9.454
1984-04-15,20.763
1984-04-16,34.902
1984-04-17,28.201
1984-04-18,26.589
1984-04-19,25.299
1984-04-20,20.644
1984-04-21,16.336
1984-04-22,12.845
1984-04-23,7.379
1984-04-24,7.697
1984-04-25,32.158
1984-04-26,49.66
1984-04-27,43.97
1984-04-28,48.425
1984-04-29,41.212
1984-04-30,32.866
1984-05-01,36.783
1984-05-02,27.064
1984-05-03,9.637
1984-05-04,4.261
1984-05-05,3.622
1984-05-06,3.617
1984-05-07,3.78
1984-05-08,4.077
1984-05-09,4.982
1984-05-10,6.222
1984-05-11,8.487
1984-05-12,10.318
1984-05-13,18.487
1984-05-14,17.791
1984-05-15,11.287
1984-05-16,10.077
1984-05-17,7.136
1984-05-18,6.501
1984-05-19,6.146
1984-05-20,5.556
1984-05-21,4.899
1984-05-22,4.394
1984-05-23,4.475
1984-05-24,4.25
1984-05-25,4.03
1984-05-26,3.972
1984-05-27,4.662
1984-05-28,4.475
1984-05-29,3.883
1984-05-30,2.996
1984-05-31,7.282
1984-06-01,14.085
1984-06-02,13.924
1984-06-03,12.215
1984-06-04,17.088
1984-06-05,19.184
1984-06-06,18.595
1984-06-07,18.776
1984-06-08,14.378
1984-06-09,14.775
1984-06-10,11.815
1984-06-11,7.884
1984-06-12,6.632
1984-06-13,6.538
1984-06-14,4.458
1984-06-15,3.05
1984-06-16,4.552
1984-06-17,9.39
1984-06-18,19.841
1984-06-19,110.207
1984-06-20,490.782
1984-06-21,290.16
1984-06-22,77.13
1984-06-23,49.453
1984-06-24,44.334
1984-06-25,49.098
1984-06-26,40.444
1984-06-27,41.912
1984-06-28,21.892
1984-06-29,10.274
1984-06-30,4.935
1984-07-01,3.404
1984-07-02,3.203
1984-07-03,3.164
1984-07-04,3.879
1984-07-05,5.845
1984-07-06,6.259
1984-07-07,7.131
1984-07-08,6.614
1984-07-09,4.866
1984-07-10,4.028
1984-07-11,4.514
1984-07-12,6.417
1984-07-13,10.656
1984-07-14,15.273
1984-07-15,14.095
1984-07-16,12.952
1984-07-17,25.396
1984-07-18,68.218
1984-07-19,110.168
1984-07-20,92.543
1984-07-21,125.299
1984-07-22,110.385
1984-07-23,84.745
1984-07-24,104.23
1984-07-25,91.83
1984-07-26,78.104
1984-07-27,77.202
1984-07-28,69.482
1984-07-29,49.91
1984-07-30,30.72
1984-07-31,18.578
1984-08-01,17.367
1984-08-02,14.638
1984-08-03,12.953
1984-08-04,15.602
1984-08-05,18.628
1984-08-06,23.142
1984-08-07,24.32
1984-08-08,26.06
1984-08-09,31.146
1984-08-10,34.054
1984-08-11,33.018
1984-08-12,25.047
1984-08-13,20.701
1984-08-14,14.329
1984-08-15,12.543
1984-08-16,12.593
1984-08-17,13.36
1984-08-18,14.042
1984-08-19,17.143
1984-08-20,21.805
1984-08-21,26.471
1984-08-22,23.701
1984-08-23,15.218
1984-08-24,12.348
1984-08-25,11.828
1984-08-26,11.662
1984-08-27,11.667
1984-08-28,11.831
1984-08-29,12.455
1984-08-30,13.073
1984-08-31,13.813
1984-09-01,14.503
1984-09-02,12.335
1984-09-03,11.588
1984-09-04,11.855
1984-09-05,17.265
1984-09-06,26.14
1984-09-07,28.129
1984-09-08,39.285
1984-09-09,52.253
1984-09-10,62.395
1984-09-11,56.236
1984-09-12,50.091
1984-09-13,47.78
1984-09-14,36.549
1984-09-15,23.368
1984-09-16,15.194
1984-09-17,13.65
1984-09-18,11.786
1984-09-19,11.222
1984-09-20,10.526
1984-09-21,9.982
1984-09-22,9.871
1984-09-23,9.778
1984-09-24,9.967
1984-09-25,9.899
1984-09-26,9.847
1984-09-27,9.95
1984-09-28,9.495
1984-09-29,9.231
1984-09-30,9.241
1984-10-01,9.655
1984-10-02,10.123
1984-10-03,9.851
1984-10-04,10.42
1984-10-05,9.703
1984-10-06,9.64
1984-10-07,10.581
1984-10-08,10.869
1984-10-09,9.857
1984-10-10,9.083
1984-10-11,12.695
1984-10-12,21.488
1984-10-13,24.281
1984-10-14,23.496
1984-10-15,13.983
1984-10-16,9.176
1984-10-17,8.068
1984-10-18,7.87
1984-10-19,7.863
1984-10-20,7.752
1984-10-21,7.544
1984-10-22,7.398
1984-10-23,7.296
1984-10-24,7.246
1984-10-25,7.255
1984-10-26,7.26
1984-10-27,7.076
1984-10-28,6.98
1984-10-29,6.968
1984-10-30,6.824
1984-10-31,6.705
1984-11-01,6.653
1984-11-02,6.545
1984-11-03,6.462
1984-11-04,6.456
1984-11-05,6.464
1984-11-06,6.371
1984-11-07,6.209
1984-11-08,6.316
1984-11-09,8.55
1984-11-10,19.841
1984-11-11,25.344
1984-11-12,18.011
1984-11-13,14.844
1984-11-14,13.522
1984-11-15,19.807
1984-11-16,36.821
1984-11-17,54.98
1984-11-18,41.941
1984-11-19,24.17
1984-11-20,16.86
1984-11-21,10.982
1984-11-22,7.846
1984-11-23,7.117
1984-11-24,6.131
1984-11-25,5.448
1984-11-26,5.297
1984-11-27,6.085
1984-11-28,7.432
1984-11-29,6.869
1984-11-30,5.726
1984-12-01,5.368
1984-12-02,5.243
1984-12-03,5.072
1984-12-04,5.016
1984-12-05,4.922
1984-12-06,4.844
1984-12-07,4.716
1984-12-08,4.704
1984-12-09,4.719
1984-12-10,5.349
1984-12-11,8.216
1984-12-12,13.605
1984-12-13,23.918
1984-12-14,38.668
1984-12-15,42.094
1984-12-16,32.202
1984-12-17,12.826
1984-12-18,5.824
1984-12-19,4.762
1984-12-20,4.489
1984-12-21,4.42
1984-12-22,4.213
1984-12-23,4.006
1984-12-24,3.885
1984-12-25,3.848
1984-12-26,3.894
1984-12-27,3.824
1984-12-28,3.732
1984-12-29,3.656
1984-12-30,3.602
1984-12-31,3.609
1985-01-01,3.582
1985-01-02,3.542
1985-01-03,3.449
1985-01-04,3.372
1985-01-05,3.342
1985-01-06,3.325
1985-01-07,3.238
1985-01-08,3.215
1985-01-09,3.171
1985-01-10,3.094
1985-01-11,3.075
1985-01-12,3.044
1985-01-13,3.041
1985-01-14,3.052
1985-01-15,2.96
1985-01-16,2.917
1985-01-17,2.897
1985-01-18,2.848
1985-01-19,2.792
1985-01-20,2.726
1985-01-21,2.693
1985-01-22,2.686
1985-01-23,2.635
1985-01-24,2.516
1985-01-25,2.558
1985-01-26,2.671
1985-01-27,2.725
1985-01-28,2.85
1985-01-29,3.228
1985-01-30,3.661
1985-01-31,4.27
1985-02-01,5.306
1985-02-02,6.448
1985-02-03,5.878
1985-02-04,4.848
1985-02-05,4.76
1985-02-06,7.655
1985-02-07,14.963
1985-02-08,18.473
1985-02-09,13.36
1985-02-10,9.6
1985-02-11,7.408
1985-02-12,4.903
1985-02-13,3.165
1985-02-14,2.251
1985-02-15,1.98
1985-02-16,1.934
1985-02-17,1.911
1985-02-18,1.892
1985-02-19,1.82
1985-02-20,1.799
1985-02-21,1.786
1985-02-22,1.75
1985-02-23,1.728
1985-02-24,1.739
1985-02-25,1.753
1985-02-26,1.718
1985-02-27,1.717
1985-02-28,1.868
1985-03-01,2.056
1985-03-02,2.168
1985-03-03,2.35
1985-03-04,2.465
1985-03-05,2.351
1985-03-06,2.084
1985-03-07,1.901
1985-03-08,1.81
1985-03-09,1.849
1985-03-10,1.875
1985-03-11,1.93
1985-03-12,1.805
1985-03-13,1.581
1985-03-14,1.451
1985-03-15,1.405
1985-03-16,1.393
1985-03-17,1.361
1985-03-18,1.275
1985-03-19,1.268
1985-03-20,1.5
1985-03-21,2.587
1985-03-22,5.493
1985-03-23,8.203
1985-03-24,5.492
1985-03-25,4.173
1985-03-26,4.61
1985-03-27,6.846
1985-03-28,9.979
1985-03-29,17.565
1985-03-30,27.589
1985-03-31,29.647
1985-04-01,44.985
1985-04-02,82.216
1985-04-03,90.276
1985-04-04,88.887
1985-04-05,84.031
1985-04-06,47.324
1985-04-07,27.149
1985-04-08,20.411
1985-04-09,27.817
1985-04-10,33.719
1985-04-11,30.974
1985-04-12,70.743
1985-04-13,134.239
1985-04-14,160.03
1985-04-15,162.342
1985-04-16,133.609
1985-04-17,114.298
1985-04-18,236.881
1985-04-19,413.619
1985-04-20,241.737
1985-04-21,139.819
1985-04-22,92.542
1985-04-23,83.715
1985-04-24,77.893
1985-04-25,68.981
1985-04-26,89.881
1985-04-27,127.725
1985-04-28,113.383
1985-04-29,75.513
1985-04-30,52.77
1985-05-01,35.959
1985-05-02,26.428
1985-05-03,18.8
1985-05-04,9.626
1985-05-05,8.913
1985-05-06,17.205
1985-05-07,35.407
1985-05-08,56.433
1985-05-09,80.809
1985-05-10,91.485
1985-05-11,100.411
1985-05-12,112.775
1985-05-13,133.528
1985-05-14,147.215
1985-05-15,96.392
1985-05-16,55.348
1985-05-17,39.63
1985-05-18,37.917
1985-05-19,48.874
1985-05-20,78.166
1985-05-21,102.665
1985-05-22,86.427
1985-05-23,42.385
1985-05-24,31.423
1985-05-25,51.504
1985-05-26,51.457
1985-05-27,46.136
1985-05-28,57.232
1985-05-29,42.98
1985-05-30,31.404
1985-05-31,52.093
1985-06-01,72.408
1985-06-02,56.905
1985-06-03,45.84
1985-06-04,69.214
1985-06-05,77.881
1985-06-06,76.45
1985-06-07,63.504
1985-06-08,45.285
1985-06-09,32.955
1985-06-10,27.099
1985-06-11,25.513
1985-06-12,27.635
1985-06-13,38.785
1985-06-14,55.848
1985-06-15,63.195
1985-06-16,66.998
1985-06-17,130.26
1985-06-18,346.4
1985-06-19,164.612
1985-06-20,73.548
1985-06-21,79.169
1985-06-22,113.949
1985-06-23,160.761
1985-06-24,177.845
1985-06-25,211.675
1985-06-26,154.777
1985-06-27,83.691
1985-06-28,51.662
1985-06-29,44.002
1985-06-30,42.258
1985-07-01,39.907
1985-07-02,38.403
1985-07-03,37.11
1985-07-04,36.643
1985-07-05,36.35
1985-07-06,34.629
1985-07-07,34.415
1985-07-08,36.142
1985-07-09,33.298
1985-07-10,31.024
1985-07-11,30.764
1985-07-12,35.221
1985-07-13,47.12
1985-07-14,59.395
1985-07-15,81.062
1985-07-16,96.387
1985-07-17,121.413
1985-07-18,122.005
1985-07-19,101.183
1985-07-20,74.38
1985-07-21,65.926
1985-07-22,78.493
1985-07-23,106.978
1985-07-24,123.172
1985-07-25,129.448
1985-07-26,166.447
1985-07-27,219.864
1985-07-28,229.778
1985-07-29,186.49
1985-07-30,179.472
1985-07-31,179.347
1985-08-01,194.291
1985-08-02,208.612
1985-08-03,211.244
1985-08-04,180.979
1985-08-05,157.628
1985-08-06,146.945
1985-08-07,122.029
1985-08-08,108.726
1985-08-09,99.608
1985-08-10,96.552
1985-08-11,100.998
1985-08-12,167.604
1985-08-13,224.876
1985-08-14,158.908
1985-08-15,107.164
1985-08-16,96.204
1985-08-17,89.885
1985-08-18,87.352
1985-08-19,94.527
1985-08-20,109.216
1985-08-21,114.916
1985-08-22,108.603
1985-08-23,97.666
1985-08-24,88.349
1985-08-25,76.141
1985-08-26,71.345
1985-08-27,69.904
1985-08-28,70.088
1985-08-29,74.358
1985-08-30,81.293
1985-08-31,85.21
1985-09-01,86.983
1985-09-02,91.384
1985-09-03,96.868
1985-09-04,90.053
1985-09-05,83.352
1985-09-06,76.658
1985-09-07,65.085
1985-09-08,60.782
1985-09-09,59.976
1985-09-10,60.151
1985-09-11,59.804
1985-09-12,57.805
1985-09-13,57.314
1985-09-14,57.312
1985-09-15,56.864
1985-09-16,55.898
1985-09-17,55.958
1985-09-18,58.455
1985-09-19,56.354
1985-09-20,52.906
1985-09-21,58.27
1985-09-22,66.852
1985-09-23,70.038
1985-09-24,68.115
1985-09-25,58.271
1985-09-26,57.25
1985-09-27,49.58
1985-09-28,45.53
1985-09-29,44.146
1985-09-30,43.324
1985-10-01,42.222
1985-10-02,41.749
1985-10-03,40.932
1985-10-04,40.088
1985-10-05,39.327
1985-10-06,38.561
1985-10-07,37.905
1985-10-08,38.309
1985-10-09,39.791
1985-10-10,40.799
1985-10-11,38.145
1985-10-12,37.146
1985-10-13,38.069
1985-10-14,44.15
1985-10-15,37.873
1985-10-16,33.225
1985-10-17,31.966
1985-10-18,31.219
1985-10-19,30.554
1985-10-20,30.001
1985-10-21,29.695
1985-10-22,29.264
1985-10-23,28.355
1985-10-24,27.609
1985-10-25,27.039
1985-10-26,26.555
1985-10-27,26.154
1985-10-28,25.501
1985-10-29,24.904
1985-10-30,24.368
1985-10-31,23.753
1985-11-01,23.169
1985-11-02,22.658
1985-11-03,22.152
1985-11-04,21.662
1985-11-05,21.313
1985-11-06,21.473
1985-11-07,23.204
1985-11-08,26.06
1985-11-09,32.397
1985-11-10,47.849
1985-11-11,65.711
1985-11-12,86.821
1985-11-13,75.186
1985-11-14,93.423
1985-11-15,111.403
1985-11-16,105.422
1985-11-17,67.872
1985-11-18,37.028
1985-11-19,22.015
1985-11-20,18.01
1985-11-21,16.97
1985-11-22,16.579
1985-11-23,16.261
1985-11-24,16.042
1985-11-25,15.812
1985-11-26,15.419
1985-11-27,15.4
1985-11-28,15.161
1985-11-29,14.723
1985-11-30,14.42
1985-12-01,14.191
1985-12-02,14.002
1985-12-03,13.793
1985-12-04,13.672
1985-12-05,13.553
1985-12-06,13.272
1985-12-07,12.977
1985-12-08,12.83
1985-12-09,12.684
1985-12-10,12.417
1985-12-11,12.241
1985-12-12,12.087
1985-12-13,11.815
1985-12-14,11.563
1985-12-15,11.368
1985-12-16,11.13
1985-12-17,10.953
1985-12-18,10.725
1985-12-19,10.398
1985-12-20,10.134
1985-12-21,10.061
1985-12-22,9.882
1985-12-23,9.655
1985-12-24,9.558
1985-12-25,9.385
1985-12-26,9.232
1985-12-27,9.091
1985-12-28,8.951
1985-12-29,8.634
1985-12-30,8.439
1985-12-31,8.288
1986-01-01,8.119
1986-01-02,7.957
1986-01-03,7.813
1986-01-04,7.695
1986-01-05,7.57
1986-01-06,7.468
1986-01-07,7.41
1986-01-08,7.212
1986-01-09,7.084
1986-01-10,6.973
1986-01-11,6.904
1986-01-12,6.821
1986-01-13,6.648
1986-01-14,6.484
1986-01-15,6.38
1986-01-16,6.337
1986-01-17,6.195
1986-01-18,6.051
1986-01-19,5.93
1986-01-20,5.856
1986-01-21,5.736
1986-01-22,5.581
1986-01-23,5.461
1986-01-24,5.358
1986-01-25,5.325
1986-01-26,5.282
1986-01-27,5.139
1986-01-28,5.018
1986-01-29,4.917
1986-01-30,4.882
1986-01-31,4.824
1986-02-01,4.734
1986-02-02,4.648
1986-02-03,4.553
1986-02-04,4.47
1986-02-05,4.491
1986-02-06,4.682
1986-02-07,4.596
1986-02-08,4.747
1986-02-09,4.849
1986-02-10,4.907
1986-02-11,4.622
1986-02-12,4.496
1986-02-13,4.442
1986-02-14,4.664
1986-02-15,4.895
1986-02-16,4.771
1986-02-17,4.795
1986-02-18,4.805
1986-02-19,4.774
1986-02-20,4.72
1986-02-21,4.219
1986-02-22,3.695
1986-02-23,3.534
1986-02-24,3.439
1986-02-25,3.379
1986-02-26,3.309
1986-02-27,3.282
1986-02-28,3.331
1986-03-01,3.308
1986-03-02,3.308
1986-03-03,3.45
1986-03-04,3.702
1986-03-05,4.616
1986-03-06,5.703
1986-03-07,10.821
1986-03-08,18.413
1986-03-09,22.716
1986-03-10,17.165
1986-03-11,9.885
1986-03-12,7.465
1986-03-13,4.972
1986-03-14,3.523
1986-03-15,3.124
1986-03-16,2.979
1986-03-17,3.69
1986-03-18,6.441
1986-03-19,6.002
1986-03-20,8.448
1986-03-21,10.492
1986-03-22,9.578
1986-03-23,7.838
1986-03-24,6.258
1986-03-25,7.149
1986-03-26,6.933
1986-03-27,3.824
1986-03-28,2.722
1986-03-29,2.555
1986-03-30,2.458
1986-03-31,2.448
1986-04-01,2.571
1986-04-02,2.858
1986-04-03,3.159
1986-04-04,3.779
1986-04-05,4.112
1986-04-06,3.717
1986-04-07,3.308
1986-04-08,4.239
1986-04-09,72.371
1986-04-10,213.343
1986-04-11,209.454
1986-04-12,128.37
1986-04-13,78.988
1986-04-14,52.92
1986-04-15,33.737
1986-04-16,25.436
1986-04-17,15.558
1986-04-18,5.092
1986-04-19,2.09
1986-04-20,1.869
1986-04-21,3.995
1986-04-22,9.579
1986-04-23,16.584
1986-04-24,19.42
1986-04-25,20.124
1986-04-26,27.149
1986-04-27,28.852
1986-04-28,30.9
1986-04-29,44.018
1986-04-30,48.44
1986-05-01,35.034
1986-05-02,22.825
1986-05-03,26.583
1986-05-04,26.528
1986-05-05,41.606
1986-05-06,53.364
1986-05-07,49.581
1986-05-08,34.209
1986-05-09,20.352
1986-05-10,22.257
1986-05-11,26.625
1986-05-12,34.76
1986-05-13,31.655
1986-05-14,23.738
1986-05-15,15.4
1986-05-16,15.099
1986-05-17,11.997
1986-05-18,21.736
1986-05-19,43.628
1986-05-20,41.387
1986-05-21,54.478
1986-05-22,108.846
1986-05-23,165.998
1986-05-24,200.766
1986-05-25,137.14
1986-05-26,89.441
1986-05-27,60.505
1986-05-28,40.837
1986-05-29,36.74
1986-05-30,42.113
1986-05-31,56.965
1986-06-01,49.619
1986-06-02,46.17
1986-06-03,54.289
1986-06-04,68.907
1986-06-05,74.242
1986-06-06,74.884
1986-06-07,61.909
1986-06-08,55.396
1986-06-09,35.328
1986-06-10,35.902
1986-06-11,27.995
1986-06-12,22.368
1986-06-13,28.702
1986-06-14,43.749
1986-06-15,60.018
1986-06-16,101.062
1986-06-17,110.707
1986-06-18,85.859
1986-06-19,70.486
1986-06-20,74.845
1986-06-21,113.98
1986-06-22,118.455
1986-06-23,74.215
1986-06-24,64.562
1986-06-25,99.135
1986-06-26,107.276
1986-06-27,123.475
1986-06-28,152.199
1986-06-29,123.736
1986-06-30,75.113
1986-07-01,46.644
1986-07-02,40.726
1986-07-03,50.935
1986-07-04,48.756
1986-07-05,40.19
1986-07-06,38.045
1986-07-07,54.564
1986-07-08,46.246
1986-07-09,40.935
1986-07-10,41.252
1986-07-11,46.715
1986-07-12,37.388
1986-07-13,40.979
1986-07-14,40.181
1986-07-15,42.695
1986-07-16,43.713
1986-07-17,50.277
1986-07-18,81.934
1986-07-19,111.391
1986-07-20,132.762
1986-07-21,136.335
1986-07-22,128.454
1986-07-23,115.149
1986-07-24,106.842
1986-07-25,124.414
1986-07-26,102.453
1986-07-27,69.54
1986-07-28,80.952
1986-07-29,109.445
1986-07-30,103.877
1986-07-31,124.702
1986-08-01,125.416
1986-08-02,119.133
1986-08-03,141.485
1986-08-04,126.939
1986-08-05,95.787
1986-08-06,69.105
1986-08-07,58.402
1986-08-08,54.946
1986-08-09,52.975
1986-08-10,52.023
1986-08-11,51.716
1986-08-12,51.486
1986-08-13,57.335
1986-08-14,60.657
1986-08-15,65.122
1986-08-16,94.59
1986-08-17,101.47
1986-08-18,83.991
1986-08-19,69.577
1986-08-20,55.303
1986-08-21,42.886
1986-08-22,39.029
1986-08-23,37.872
1986-08-24,37.006
1986-08-25,35.982
1986-08-26,34.943
1986-08-27,34.017
1986-08-28,33.24
1986-08-29,32.543
1986-08-30,31.889
1986-08-31,31.315
1986-09-01,30.77
1986-09-02,30.422
1986-09-03,30.424
1986-09-04,30.191
1986-09-05,29.706
1986-09-06,28.833
1986-09-07,27.611
1986-09-08,26.657
1986-09-09,25.916
1986-09-10,25.306
1986-09-11,25.276
1986-09-12,25.108
1986-09-13,27.279
1986-09-14,28.504
1986-09-15,29.038
1986-09-16,29.424
1986-09-17,31.763
1986-09-18,33.706
1986-09-19,42.752
1986-09-20,49.695
1986-09-21,88.103
1986-09-22,341.321
1986-09-23,537.422
1986-09-24,482.548
1986-09-25,162.727
1986-09-26,43.902
1986-09-27,21.448
1986-09-28,18.754
1986-09-29,18.72
1986-09-30,18.768
1986-10-01,19.243
1986-10-02,18.968
1986-10-03,18.21
1986-10-04,17.672
1986-10-05,17.053
1986-10-06,16.709
1986-10-07,16.453
1986-10-08,16.373
1986-10-09,16.415
1986-10-10,16.432
1986-10-11,16.492
1986-10-12,16.37
1986-10-13,15.974
1986-10-14,16.21
1986-10-15,15.239
1986-10-16,14.655
1986-10-17,14.208
1986-10-18,13.923
1986-10-19,13.676
1986-10-20,13.378
1986-10-21,13.131
1986-10-22,13.001
1986-10-23,12.896
1986-10-24,12.664
1986-10-25,12.604
1986-10-26,12.996
1986-10-27,13.125
1986-10-28,13.893
1986-10-29,14.79
1986-10-30,13.725
1986-10-31,13.511
1986-11-01,12.581
1986-11-02,11.842
1986-11-03,12.363
1986-11-04,12.409
1986-11-05,11.758
1986-11-06,11.702
1986-11-07,12.392
1986-11-08,13.014
1986-11-09,12.258
1986-11-10,13.281
1986-11-11,12.551
1986-11-12,14.267
1986-11-13,12.755
1986-11-14,11.319
1986-11-15,11.412
1986-11-16,12.6
1986-11-17,12.888
1986-11-18,10.026
1986-11-19,8.734
1986-11-20,8.403
1986-11-21,8.221
1986-11-22,8.17
1986-11-23,8.102
1986-11-24,8.072
1986-11-25,7.966
1986-11-26,7.754
1986-11-27,7.64
1986-11-28,7.498
1986-11-29,7.244
1986-11-30,7.117
1986-12-01,7.075
1986-12-02,7.133
1986-12-03,6.774
1986-12-04,6.73
1986-12-05,6.717
1986-12-06,7.018
1986-12-07,6.599
1986-12-08,6.871
1986-12-09,6.799
1986-12-10,7.387
1986-12-11,9.097
1986-12-12,9.827
1986-12-13,8.606
1986-12-14,11.289
1986-12-15,12.941
1986-12-16,10.951
1986-12-17,8.037
1986-12-18,6.497
1986-12-19,6.22
1986-12-20,5.825
1986-12-21,5.339
1986-12-22,5.254
1986-12-23,5.467
1986-12-24,5.882
1986-12-25,5.641
1986-12-26,5.156
1986-12-27,4.844
1986-12-28,4.566
1986-12-29,4.355
1986-12-30,4.27
1986-12-31,4.19
1987-01-01,4.122
1987-01-02,4.083
1987-01-03,4.041
1987-01-04,3.983
1987-01-05,3.906
1987-01-06,3.815
1987-01-07,3.815
1987-01-08,3.867
1987-01-09,3.91
1987-01-10,3.756
1987-01-11,3.714
1987-01-12,3.563
1987-01-13,3.435
1987-01-14,3.369
1987-01-15,3.318
1987-01-16,3.233
1987-01-17,3.149
1987-01-18,3.114
1987-01-19,3.074
1987-01-20,3.067
1987-01-21,3.031
1987-01-22,2.942
1987-01-23,2.856
1987-01-24,2.818
1987-01-25,2.786
1987-01-26,2.885
1987-01-27,2.911
1987-01-28,2.804
1987-01-29,2.751
1987-01-30,2.719
1987-01-31,2.659
1987-02-01,2.639
1987-02-02,2.64
1987-02-03,2.643
1987-02-04,2.499
1987-02-05,2.313
1987-02-06,2.212
1987-02-07,2.194
1987-02-08,2.17
1987-02-09,2.125
1987-02-10,2.09
1987-02-11,2.046
1987-02-12,2.088
1987-02-13,2.082
1987-02-14,1.994
1987-02-15,1.942
1987-02-16,1.943
1987-02-17,1.932
1987-02-18,1.889
1987-02-19,2.07
1987-02-20,2.467
1987-02-21,2.782
1987-02-22,4.208
1987-02-23,5.698
1987-02-24,6.153
1987-02-25,6.307
1987-02-26,6.581
1987-02-27,5.847
1987-02-28,4.325
1987-03-01,2.934
1987-03-02,1.871
1987-03-03,1.532
1987-03-04,1.491
1987-03-05,1.55
1987-03-06,1.66
1987-03-07,1.633
1987-03-08,2.083
1987-03-09,2.943
1987-03-10,5.798
1987-03-11,12.596
1987-03-12,13.073
1987-03-13,13.115
1987-03-14,20.896
1987-03-15,11.305
1987-03-16,11.174
1987-03-17,12.576
1987-03-18,13.953
1987-03-19,19.764
1987-03-20,46.835
1987-03-21,55.916
1987-03-22,25.692
1987-03-23,17.35
1987-03-24,12.275
1987-03-25,11.006
1987-03-26,4.993
1987-03-27,2.931
1987-03-28,2.763
1987-03-29,2.142
1987-03-30,1.782
1987-03-31,1.727
1987-04-01,1.54
1987-04-02,1.434
1987-04-03,1.282
1987-04-04,1.234
1987-04-05,1.293
1987-04-06,3.001
1987-04-07,5.648
1987-04-08,8.332
1987-04-09,16.368
1987-04-10,32.532
1987-04-11,37.895
1987-04-12,49.632
1987-04-13,49.148
1987-04-14,29.177
1987-04-15,16.102
1987-04-16,6.272
1987-04-17,2.643
1987-04-18,2.144
1987-04-19,2.403
1987-04-20,2.445
1987-04-21,2.774
1987-04-22,4.692
1987-04-23,5.85
1987-04-24,6.101
1987-04-25,5.148
1987-04-26,5.735
1987-04-27,3.841
1987-04-28,1.929
1987-04-29,1.279
1987-04-30,2.237
1987-05-01,5.403
1987-05-02,10.595
1987-05-03,14.942
1987-05-04,20.943
1987-05-05,20.84
1987-05-06,16.469
1987-05-07,17.816
1987-05-08,20.982
1987-05-09,24.727
1987-05-10,37.243
1987-05-11,40.94
1987-05-12,65.163
1987-05-13,86.56
1987-05-14,102.49
1987-05-15,110.362
1987-05-16,89.829
1987-05-17,58.522
1987-05-18,70.448
1987-05-19,69.037
1987-05-20,60.223
1987-05-21,64.228
1987-05-22,53.545
1987-05-23,39.145
1987-05-24,65.207
1987-05-25,99.864
1987-05-26,103.664
1987-05-27,98.901
1987-05-28,62.679
1987-05-29,49.463
1987-05-30,46.21
1987-05-31,46.657
1987-06-01,66.856
1987-06-02,115.023
1987-06-03,136.14
1987-06-04,170.068
1987-06-05,147.309
1987-06-06,92.102
1987-06-07,53.824
1987-06-08,30.069
1987-06-09,43.981
1987-06-10,50.16
1987-06-11,63.07
1987-06-12,77.811
1987-06-13,337.863
1987-06-14,904.836
1987-06-15,475.175
1987-06-16,123.124
1987-06-17,44.29
1987-06-18,17.548
1987-06-19,9.965
1987-06-20,8.288
1987-06-21,10.657
1987-06-22,20.775
1987-06-23,16.052
1987-06-24,28.074
1987-06-25,20.989
1987-06-26,11.931
1987-06-27,8.198
1987-06-28,7.193
1987-06-29,7.592
1987-06-30,8.825
1987-07-01,10.683
1987-07-02,18.258
1987-07-03,24.072
1987-07-04,31.336
1987-07-05,66.84
1987-07-06,72.815
1987-07-07,63.868
1987-07-08,83.294
1987-07-09,120.437
1987-07-10,65.298
1987-07-11,21.192
1987-07-12,10.086
1987-07-13,8.665
1987-07-14,8.554
1987-07-15,8.641
1987-07-16,8.745
1987-07-17,8.81
1987-07-18,8.806
1987-07-19,8.785
1987-07-20,8.842
1987-07-21,8.931
1987-07-22,9.268
1987-07-23,10.081
1987-07-24,11.941
1987-07-25,12.895
1987-07-26,11.542
1987-07-27,10.275
1987-07-28,9.574
1987-07-29,10.139
1987-07-30,8.987
1987-07-31,8.314
1987-08-01,8.182
1987-08-02,8.036
1987-08-03,7.891
1987-08-04,7.813
1987-08-05,7.742
1987-08-06,7.72
1987-08-07,7.772
1987-08-08,7.81
1987-08-09,7.557
1987-08-10,7.493
1987-08-11,7.77
1987-08-12,8.845
1987-08-13,12.826
1987-08-14,18.926
1987-08-15,27.308
1987-08-16,54.514
1987-08-17,90.075
1987-08-18,81.223
1987-08-19,59.397
1987-08-20,35.832
1987-08-21,21.895
1987-08-22,15.687
1987-08-23,17.362
1987-08-24,17.259
1987-08-25,11.044
1987-08-26,9.598
1987-08-27,11.25
1987-08-28,9.421
1987-08-29,10.062
1987-08-30,17.812
1987-08-31,25.905
1987-09-01,17.291
1987-09-02,13.645
1987-09-03,8.967
1987-09-04,6.66
1987-09-05,6.085
1987-09-06,5.953
1987-09-07,5.93
1987-09-08,5.935
1987-09-09,5.966
1987-09-10,5.999
1987-09-11,5.827
1987-09-12,5.753
1987-09-13,5.87
1987-09-14,5.925
1987-09-15,6.242
1987-09-16,6.78
1987-09-17,6.501
1987-09-18,6.138
1987-09-19,6.232
1987-09-20,6.046
1987-09-21,6.226
1987-09-22,6.309
1987-09-23,6.016
1987-09-24,5.71
1987-09-25,6.065
1987-09-26,6.046
1987-09-27,6.087
1987-09-28,6.352
1987-09-29,6.67
1987-09-30,7.328
1987-10-01,7.05
1987-10-02,6.464
1987-10-03,8.7
1987-10-04,10.922
1987-10-05,6.229
1987-10-06,5.28
1987-10-07,5.769
1987-10-08,4.966
1987-10-09,4.536
1987-10-10,4.592
1987-10-11,4.825
1987-10-12,5.765
1987-10-13,5.722
1987-10-14,5.05
1987-10-15,4.507
1987-10-16,4.262
1987-10-17,4.138
1987-10-18,4.136
1987-10-19,4.218
1987-10-20,4.175
1987-10-21,4.148
1987-10-22,4.429
1987-10-23,4.652
1987-10-24,4.764
1987-10-25,5.0
1987-10-26,4.459
1987-10-27,4.41
1987-10-28,4.21
1987-10-29,3.713
1987-10-30,3.532
1987-10-31,3.503
1987-11-01,3.5
1987-11-02,3.651
1987-11-03,3.93
1987-11-04,3.822
1987-11-05,3.879
1987-11-06,4.124
1987-11-07,5.004
1987-11-08,6.574
1987-11-09,10.536
1987-11-10,22.692
1987-11-11,39.187
1987-11-12,49.347
1987-11-13,59.491
1987-11-14,55.051
1987-11-15,51.477
1987-11-16,66.918
1987-11-17,93.846
1987-11-18,87.245
1987-11-19,55.017
1987-11-20,19.97
1987-11-21,6.072
1987-11-22,3.398
1987-11-23,3.162
1987-11-24,3.322
1987-11-25,3.587
1987-11-26,3.325
1987-11-27,3.214
1987-11-28,3.142
1987-11-29,3.07
1987-11-30,3.029
1987-12-01,3.051
1987-12-02,3.019
1987-12-03,2.992
1987-12-04,3.006
1987-12-05,3.023
1987-12-06,3.201
1987-12-07,4.064
1987-12-08,4.61
1987-12-09,4.013
1987-12-10,3.964
1987-12-11,3.917
1987-12-12,4.226
1987-12-13,4.333
1987-12-14,4.169
1987-12-15,5.348
1987-12-16,6.202
1987-12-17,3.626
1987-12-18,2.69
1987-12-19,2.521
1987-12-20,2.499
1987-12-21,2.491
1987-12-22,2.465
1987-12-23,2.456
1987-12-24,2.444
1987-12-25,2.447
1987-12-26,2.453
1987-12-27,2.396
1987-12-28,2.312
1987-12-29,2.315
1987-12-30,2.286
1987-12-31,2.241
1988-01-01,2.21
1988-01-02,2.2
1988-01-03,2.141
1988-01-04,2.085
1988-01-05,2.107
1988-01-06,2.147
1988-01-07,2.262
1988-01-08,2.391
1988-01-09,2.61
1988-01-10,3.235
1988-01-11,3.986
1988-01-12,3.734
1988-01-13,3.381
1988-01-14,3.438
1988-01-15,2.938
1988-01-16,2.272
1988-01-17,1.952
1988-01-18,1.922
1988-01-19,2.451
1988-01-20,3.202
1988-01-21,3.084
1988-01-22,3.838
1988-01-23,3.042
1988-01-24,2.572
1988-01-25,2.433
1988-01-26,2.161
1988-01-27,1.917
1988-01-28,1.958
1988-01-29,2.025
1988-01-30,1.696
1988-01-31,1.585
1988-02-01,1.592
1988-02-02,1.738
1988-02-03,2.326
1988-02-04,2.964
1988-02-05,2.433
1988-02-06,2.025
1988-02-07,1.811
1988-02-08,1.571
1988-02-09,1.465
1988-02-10,1.414
1988-02-11,1.384
1988-02-12,1.403
1988-02-13,1.406
1988-02-14,1.467
1988-02-15,1.589
1988-02-16,1.744
1988-02-17,1.809
1988-02-18,1.92
1988-02-19,2.131
1988-02-20,1.938
1988-02-21,1.571
1988-02-22,1.376
1988-02-23,1.229
1988-02-24,1.163
1988-02-25,1.173
1988-02-26,1.165
1988-02-27,1.175
1988-02-28,1.215
1988-02-29,1.332
1988-03-01,1.442
1988-03-02,1.352
1988-03-03,1.173
1988-03-04,1.238
1988-03-05,1.616
1988-03-06,2.481
1988-03-07,4.0
1988-03-08,10.432
1988-03-09,14.893
1988-03-10,7.726
1988-03-11,2.751
1988-03-12,1.494
1988-03-13,1.243
1988-03-14,1.162
1988-03-15,1.18
1988-03-16,1.291
1988-03-17,1.61
1988-03-18,1.93
1988-03-19,2.445
1988-03-20,6.173
1988-03-21,18.738
1988-03-22,18.693
1988-03-23,26.444
1988-03-24,35.154
1988-03-25,23.692
1988-03-26,18.493
1988-03-27,8.072
1988-03-28,4.936
1988-03-29,2.596
1988-03-30,1.645
1988-03-31,1.708
1988-04-01,1.328
1988-04-02,0.921
1988-04-03,0.813
1988-04-04,0.802
1988-04-05,0.79
1988-04-06,0.987
1988-04-07,1.099
1988-04-08,1.36
1988-04-09,1.825
1988-04-10,2.266
1988-04-11,2.862
1988-04-12,4.4
1988-04-13,9.988
1988-04-14,12.254
1988-04-15,15.194
1988-04-16,28.026
1988-04-17,41.352
1988-04-18,50.821
1988-04-19,69.202
1988-04-20,62.484
1988-04-21,48.27
1988-04-22,46.565
1988-04-23,56.161
1988-04-24,63.603
1988-04-25,91.828
1988-04-26,91.65
1988-04-27,85.384
1988-04-28,80.668
1988-04-29,83.188
1988-04-30,89.598
1988-05-01,85.468
1988-05-02,72.494
1988-05-03,127.595
1988-05-04,154.111
1988-05-05,86.313
1988-05-06,53.028
1988-05-07,39.455
1988-05-08,40.116
1988-05-09,69.52
1988-05-10,138.485
1988-05-11,211.745
1988-05-12,215.549
1988-05-13,146.275
1988-05-14,79.066
1988-05-15,37.345
1988-05-16,36.213
1988-05-17,50.699
1988-05-18,34.75
1988-05-19,51.667
1988-05-20,81.999
1988-05-21,98.112
1988-05-22,136.7
1988-05-23,151.794
1988-05-24,104.328
1988-05-25,58.654
1988-05-26,37.815
1988-05-27,26.3
1988-05-28,12.584
1988-05-29,7.431
1988-05-30,6.724
1988-05-31,6.805
1988-06-01,6.957
1988-06-02,7.041
1988-06-03,6.978
1988-06-04,7.199
1988-06-05,8.959
1988-06-06,12.349
1988-06-07,16.425
1988-06-08,20.514
1988-06-09,36.405
1988-06-10,34.281
1988-06-11,42.247
1988-06-12,63.218
1988-06-13,69.681
1988-06-14,83.918
1988-06-15,97.525
1988-06-16,81.753
1988-06-17,62.758
1988-06-18,48.575
1988-06-19,28.85
1988-06-20,14.635
1988-06-21,11.004
1988-06-22,11.064
1988-06-23,11.721
1988-06-24,11.072
1988-06-25,10.706
1988-06-26,10.481
1988-06-27,10.499
1988-06-28,11.169
1988-06-29,17.928
1988-06-30,19.362
1988-07-01,20.14
1988-07-02,22.562
1988-07-03,23.875
1988-07-04,21.804
1988-07-05,18.666
1988-07-06,15.292
1988-07-07,15.763
1988-07-08,22.702
1988-07-09,18.508
1988-07-10,32.985
1988-07-11,43.602
1988-07-12,44.285
1988-07-13,52.018
1988-07-14,46.341
1988-07-15,45.782
1988-07-16,66.196
1988-07-17,82.006
1988-07-18,95.847
1988-07-19,134.746
1988-07-20,136.338
1988-07-21,99.938
1988-07-22,85.324
1988-07-23,76.784
1988-07-24,55.72
1988-07-25,53.13
1988-07-26,58.109
1988-07-27,66.583
1988-07-28,79.469
1988-07-29,105.767
1988-07-30,186.497
1988-07-31,232.079
1988-08-01,203.22
1988-08-02,160.501
1988-08-03,124.765
1988-08-04,118.355
1988-08-05,131.319
1988-08-06,108.03
1988-08-07,102.549
1988-08-08,115.989
1988-08-09,144.571
1988-08-10,150.573
1988-08-11,140.533
1988-08-12,136.428
1988-08-13,171.315
1988-08-14,175.243
1988-08-15,157.492
1988-08-16,130.912
1988-08-17,129.379
1988-08-18,137.839
1988-08-19,112.982
1988-08-20,85.947
1988-08-21,80.854
1988-08-22,85.305
1988-08-23,113.532
1988-08-24,129.329
1988-08-25,109.899
1988-08-26,86.077
1988-08-27,87.304
1988-08-28,92.585
1988-08-29,71.438
1988-08-30,61.27
1988-08-31,61.054
1988-09-01,57.894
1988-09-02,55.966
1988-09-03,54.522
1988-09-04,53.111
1988-09-05,52.537
1988-09-06,55.375
1988-09-07,64.643
1988-09-08,86.515
1988-09-09,103.95
1988-09-10,86.88
1988-09-11,63.943
1988-09-12,49.56
1988-09-13,44.294
1988-09-14,44.603
1988-09-15,42.783
1988-09-16,41.866
1988-09-17,41.168
1988-09-18,40.599
1988-09-19,45.655
1988-09-20,62.237
1988-09-21,69.301
1988-09-22,67.678
1988-09-23,76.812
1988-09-24,128.488
1988-09-25,144.586
1988-09-26,151.758
1988-09-27,291.642
1988-09-28,232.527
1988-09-29,163.542
1988-09-30,195.74
1988-10-01,208.992
1988-10-02,160.212
1988-10-03,109.241
1988-10-04,83.085
1988-10-05,85.008
1988-10-06,130.001
1988-10-07,213.503
1988-10-08,204.117
1988-10-09,129.053
1988-10-10,95.401
1988-10-11,78.322
1988-10-12,60.965
1988-10-13,56.641
1988-10-14,60.864
1988-10-15,74.31
1988-10-16,95.529
1988-10-17,101.505
1988-10-18,110.445
1988-10-19,92.513
1988-10-20,73.228
1988-10-21,59.128
1988-10-22,52.276
1988-10-23,50.199
1988-10-24,49.31
1988-10-25,48.414
1988-10-26,47.571
1988-10-27,46.64
1988-10-28,45.665
1988-10-29,45.029
1988-10-30,44.421
1988-10-31,43.81
1988-11-01,46.539
1988-11-02,54.232
1988-11-03,53.705
1988-11-04,49.364
1988-11-05,55.035
1988-11-06,56.913
1988-11-07,45.134
1988-11-08,40.057
1988-11-09,38.656
1988-11-10,37.588
1988-11-11,36.145
1988-11-12,35.242
1988-11-13,35.478
1988-11-14,34.648
1988-11-15,34.098
1988-11-16,33.342
1988-11-17,32.777
1988-11-18,32.337
1988-11-19,31.882
1988-11-20,31.215
1988-11-21,30.387
1988-11-22,29.818
1988-11-23,29.266
1988-11-24,28.526
1988-11-25,27.85
1988-11-26,27.355
1988-11-27,26.974
1988-11-28,26.414
1988-11-29,25.844
1988-11-30,25.291
1988-12-01,24.736
1988-12-02,24.261
1988-12-03,23.76
1988-12-04,23.239
1988-12-05,22.772
1988-12-06,22.342
1988-12-07,21.873
1988-12-08,21.435
1988-12-09,21.012
1988-12-10,20.597
1988-12-11,20.226
1988-12-12,19.842
1988-12-13,19.505
1988-12-14,19.189
1988-12-15,18.862
1988-12-16,18.471
1988-12-17,18.075
1988-12-18,17.644
1988-12-19,17.251
1988-12-20,16.905
1988-12-21,16.685
1988-12-22,16.509
1988-12-23,16.204
1988-12-24,16.002
1988-12-25,16.04
1988-12-26,16.195
1988-12-27,15.526
1988-12-28,14.748
1988-12-29,14.412
1988-12-30,14.208
1988-12-31,14.071
1989-01-01,14.123
1989-01-02,14.228
1989-01-03,13.895
1989-01-04,13.358
1989-01-05,12.995
1989-01-06,12.993
1989-01-07,13.347
1989-01-08,13.154
1989-01-09,12.703
1989-01-10,12.328
1989-01-11,11.692
1989-01-12,11.322
1989-01-13,11.122
1989-01-14,10.928
1989-01-15,10.68
1989-01-16,10.425
1989-01-17,10.168
1989-01-18,9.971
1989-01-19,9.824
1989-01-20,9.677
1989-01-21,9.464
1989-01-22,9.272
1989-01-23,9.081
1989-01-24,8.937
1989-01-25,8.752
1989-01-26,8.529
1989-01-27,8.314
1989-01-28,8.142
1989-01-29,8.028
1989-01-30,7.918
1989-01-31,7.76
1989-02-01,7.623
1989-02-02,7.462
1989-02-03,7.331
1989-02-04,7.303
1989-02-05,7.701
1989-02-06,8.703
1989-02-07,10.625
1989-02-08,13.792
1989-02-09,14.559
1989-02-10,12.837
1989-02-11,11.079
1989-02-12,10.382
1989-02-13,9.503
1989-02-14,8.547
1989-02-15,8.904
1989-02-16,8.111
1989-02-17,6.624
1989-02-18,6.06
1989-02-19,5.83
1989-02-20,5.736
1989-02-21,5.692
1989-02-22,5.63
1989-02-23,5.625
1989-02-24,5.606
1989-02-25,5.544
1989-02-26,5.718
1989-02-27,5.624
1989-02-28,5.22
1989-03-01,4.969
1989-03-02,4.867
1989-03-03,4.839
1989-03-04,4.782
1989-03-05,4.665
1989-03-06,4.586
1989-03-07,4.618
1989-03-08,4.613
1989-03-09,4.506
1989-03-10,4.54
1989-03-11,4.623
1989-03-12,4.508
1989-03-13,4.269
1989-03-14,4.205
1989-03-15,4.375
1989-03-16,4.387
1989-03-17,4.613
1989-03-18,5.378
1989-03-19,7.148
1989-03-20,6.314
1989-03-21,6.766
1989-03-22,9.745
1989-03-23,14.504
1989-03-24,19.319
1989-03-25,12.662
1989-03-26,13.104
1989-03-27,26.528
1989-03-28,44.655
1989-03-29,61.31
1989-03-30,79.928
1989-03-31,61.689
1989-04-01,59.706
1989-04-02,58.052
1989-04-03,53.12
1989-04-04,46.422
1989-04-05,24.326
1989-04-06,8.734
1989-04-07,5.573
1989-04-08,9.972
1989-04-09,17.704
1989-04-10,30.458
1989-04-11,80.0
1989-04-12,118.798
1989-04-13,87.506
1989-04-14,58.518
1989-04-15,35.517
1989-04-16,14.019
1989-04-17,5.16
1989-04-18,3.343
1989-04-19,3.213
1989-04-20,3.301
1989-04-21,3.503
1989-04-22,3.602
1989-04-23,3.58
1989-04-24,3.575
1989-04-25,4.25
1989-04-26,7.962
1989-04-27,18.916
1989-04-28,25.961
1989-04-29,41.481
1989-04-30,54.165
1989-05-01,51.236
1989-05-02,40.508
1989-05-03,36.355
1989-05-04,23.398
1989-05-05,11.208
1989-05-06,8.857
1989-05-07,8.653
1989-05-08,16.346
1989-05-09,25.775
1989-05-10,21.883
1989-05-11,24.636
1989-05-12,21.492
1989-05-13,39.593
1989-05-14,58.348
1989-05-15,73.21
1989-05-16,89.932
1989-05-17,90.884
1989-05-18,67.47
1989-05-19,57.345
1989-05-20,70.69
1989-05-21,75.327
1989-05-22,66.772
1989-05-23,78.243
1989-05-24,107.854
1989-05-25,76.42
1989-05-26,48.646
1989-05-27,20.929
1989-05-28,12.292
1989-05-29,11.799
1989-05-30,15.973
1989-05-31,22.111
1989-06-01,16.08
1989-06-02,12.419
1989-06-03,12.522
1989-06-04,7.652
1989-06-05,5.75
1989-06-06,6.002
1989-06-07,7.765
1989-06-08,13.655
1989-06-09,24.785
1989-06-10,30.554
1989-06-11,49.532
1989-06-12,60.54
1989-06-13,69.913
1989-06-14,87.393
1989-06-15,90.817
1989-06-16,108.539
1989-06-17,114.386
1989-06-18,69.975
1989-06-19,30.655
1989-06-20,22.124
1989-06-21,26.135
1989-06-22,29.484
1989-06-23,28.502
1989-06-24,21.355
1989-06-25,13.397
1989-06-26,11.044
1989-06-27,11.053
1989-06-28,11.308
1989-06-29,11.395
1989-06-30,11.6
1989-07-01,11.41
1989-07-02,11.302
1989-07-03,11.572
1989-07-04,12.397
1989-07-05,13.761
1989-07-06,16.238
1989-07-07,28.559
1989-07-08,55.805
1989-07-09,64.266
1989-07-10,53.083
1989-07-11,56.91
1989-07-12,70.922
1989-07-13,77.31
1989-07-14,69.575
1989-07-15,60.034
1989-07-16,57.726
1989-07-17,80.456
1989-07-18,96.277
1989-07-19,96.475
1989-07-20,91.848
1989-07-21,70.29
1989-07-22,87.094
1989-07-23,97.593
1989-07-24,130.205
1989-07-25,152.595
1989-07-26,126.916
1989-07-27,76.102
1989-07-28,50.048
1989-07-29,44.376
1989-07-30,54.26
1989-07-31,93.649
1989-08-01,172.11
1989-08-02,151.798
1989-08-03,105.156
1989-08-04,67.172
1989-08-05,52.624
1989-08-06,47.747
1989-08-07,46.823
1989-08-08,46.654
1989-08-09,48.552
1989-08-10,53.221
1989-08-11,64.082
1989-08-12,71.702
1989-08-13,71.856
1989-08-14,66.665
1989-08-15,62.912
1989-08-16,68.451
1989-08-17,54.994
1989-08-18,58.888
1989-08-19,60.915
1989-08-20,59.551
1989-08-21,52.88
1989-08-22,41.486
1989-08-23,36.788
1989-08-24,35.619
1989-08-25,34.876
1989-08-26,34.272
1989-08-27,33.809
1989-08-28,33.812
1989-08-29,33.935
1989-08-30,37.912
1989-08-31,44.249
1989-09-01,46.534
1989-09-02,51.952
1989-09-03,57.069
1989-09-04,65.358
1989-09-05,89.372
1989-09-06,75.38
1989-09-07,61.26
1989-09-08,47.47
1989-09-09,39.055
1989-09-10,40.632
1989-09-11,34.982
1989-09-12,28.905
1989-09-13,26.661
1989-09-14,26.029
1989-09-15,25.622
1989-09-16,25.117
1989-09-17,24.677
1989-09-18,25.398
1989-09-19,25.279
1989-09-20,25.745
1989-09-21,27.93
1989-09-22,27.964
1989-09-23,27.728
1989-09-24,28.231
1989-09-25,27.191
1989-09-26,33.895
1989-09-27,47.48
1989-09-28,57.115
1989-09-29,68.114
1989-09-30,86.704
1989-10-01,98.57
1989-10-02,95.986
1989-10-03,63.67
1989-10-04,32.402
1989-10-05,22.065
1989-10-06,20.096
1989-10-07,20.834
1989-10-08,29.4
1989-10-09,44.493
1989-10-10,53.347
1989-10-11,72.666
1989-10-12,59.566
1989-10-13,50.096
1989-10-14,59.004
1989-10-15,64.948
1989-10-16,63.308
1989-10-17,52.4
1989-10-18,53.704
1989-10-19,45.593
1989-10-20,28.213
1989-10-21,25.963
1989-10-22,28.524
1989-10-23,21.785
1989-10-24,19.085
1989-10-25,18.036
1989-10-26,17.448
1989-10-27,17.284
1989-10-28,17.168
1989-10-29,17.065
1989-10-30,16.976
1989-10-31,16.798
1989-11-01,17.158
1989-11-02,17.701
1989-11-03,16.971
1989-11-04,16.558
1989-11-05,16.265
1989-11-06,16.125
1989-11-07,16.183
1989-11-08,15.774
1989-11-09,15.337
1989-11-10,15.008
1989-11-11,14.693
1989-11-12,14.519
1989-11-13,14.425
1989-11-14,14.366
1989-11-15,14.037
1989-11-16,13.815
1989-11-17,13.747
1989-11-18,15.176
1989-11-19,21.425
1989-11-20,29.133
1989-11-21,22.774
1989-11-22,21.306
1989-11-23,19.192
1989-11-24,15.802
1989-11-25,13.966
1989-11-26,13.41
1989-11-27,12.803
1989-11-28,12.663
1989-11-29,13.053
1989-11-30,12.642
1989-12-01,12.365
1989-12-02,12.225
1989-12-03,12.41
1989-12-04,11.878
1989-12-05,11.114
1989-12-06,10.963
1989-12-07,10.819
1989-12-08,10.622
1989-12-09,10.437
1989-12-10,10.55
1989-12-11,10.662
1989-12-12,10.248
1989-12-13,9.92
1989-12-14,9.81
1989-12-15,9.716
1989-12-16,9.465
1989-12-17,9.282
1989-12-18,9.55
1989-12-19,9.843
1989-12-20,9.216
1989-12-21,9.016
1989-12-22,8.842
1989-12-23,8.565
1989-12-24,8.372
1989-12-25,8.543
1989-12-26,9.217
1989-12-27,10.341
1989-12-28,12.113
1989-12-29,14.68
1989-12-30,14.378
1989-12-31,14.69
1990-01-01,17.84
1990-01-02,18.77
1990-01-03,15.626
1990-01-04,17.797
1990-01-05,27.622
1990-01-06,38.175
1990-01-07,36.65
1990-01-08,22.715
1990-01-09,12.397
1990-01-10,12.152
1990-01-11,13.449
1990-01-12,8.755
1990-01-13,6.909
1990-01-14,6.571
1990-01-15,6.49
1990-01-16,6.412
1990-01-17,6.359
1990-01-18,6.393
1990-01-19,6.347
1990-01-20,6.472
1990-01-21,6.782
1990-01-22,7.519
1990-01-23,7.622
1990-01-24,7.075
1990-01-25,6.372
1990-01-26,5.947
1990-01-27,5.754
1990-01-28,5.706
1990-01-29,5.672
1990-01-30,5.589
1990-01-31,5.497
1990-02-01,5.408
1990-02-02,5.345
1990-02-03,5.255
1990-02-04,5.319
1990-02-05,5.282
1990-02-06,5.212
1990-02-07,5.189
1990-02-08,5.295
1990-02-09,5.708
1990-02-10,7.502
1990-02-11,10.61
1990-02-12,13.142
1990-02-13,15.831
1990-02-14,15.318
1990-02-15,8.762
1990-02-16,5.344
1990-02-17,4.551
1990-02-18,4.468
1990-02-19,4.493
1990-02-20,4.775
1990-02-21,5.406
1990-02-22,6.882
1990-02-23,9.225
1990-02-24,19.195
1990-02-25,31.384
1990-02-26,42.975
1990-02-27,48.047
1990-02-28,44.527
1990-03-01,39.49
1990-03-02,34.015
1990-03-03,20.191
1990-03-04,8.854
1990-03-05,6.995
1990-03-06,8.968
1990-03-07,10.817
1990-03-08,9.821
1990-03-09,15.598
1990-03-10,19.319
1990-03-11,19.357
1990-03-12,11.954
1990-03-13,5.966
1990-03-14,4.785
1990-03-15,5.217
1990-03-16,8.339
1990-03-17,7.812
1990-03-18,8.866
1990-03-19,9.265
1990-03-20,9.602
1990-03-21,6.561
1990-03-22,5.974
1990-03-23,7.453
1990-03-24,7.472
1990-03-25,5.958
1990-03-26,4.47
1990-03-27,4.123
1990-03-28,4.174
1990-03-29,3.857
1990-03-30,4.038
1990-03-31,7.628
1990-04-01,13.902
1990-04-02,17.502
1990-04-03,21.438
1990-04-04,33.201
1990-04-05,41.828
1990-04-06,46.942
1990-04-07,38.891
1990-04-08,30.83
1990-04-09,38.186
1990-04-10,43.248
1990-04-11,46.224
1990-04-12,45.135
1990-04-13,35.782
1990-04-14,51.844
1990-04-15,57.713
1990-04-16,53.085
1990-04-17,37.14
1990-04-18,26.751
1990-04-19,33.243
1990-04-20,32.308
1990-04-21,29.227
1990-04-22,27.171
1990-04-23,18.426
1990-04-24,18.364
1990-04-25,30.286
1990-04-26,35.858
1990-04-27,23.095
1990-04-28,15.873
1990-04-29,13.306
1990-04-30,14.851
1990-05-01,14.392
1990-05-02,11.494
1990-05-03,9.523
1990-05-04,7.645
1990-05-05,5.026
1990-05-06,4.184
1990-05-07,4.154
1990-05-08,4.273
1990-05-09,4.777
1990-05-10,6.508
1990-05-11,9.329
1990-05-12,10.363
1990-05-13,13.524
1990-05-14,17.722
1990-05-15,28.922
1990-05-16,38.748
1990-05-17,27.592
1990-05-18,36.21
1990-05-19,39.268
1990-05-20,28.195
1990-05-21,56.924
1990-05-22,74.836
1990-05-23,94.925
1990-05-24,108.975
1990-05-25,86.772
1990-05-26,77.676
1990-05-27,110.365
1990-05-28,145.334
1990-05-29,94.226
1990-05-30,40.917
1990-05-31,29.167
1990-06-01,32.437
1990-06-02,33.434
1990-06-03,40.296
1990-06-04,50.51
1990-06-05,44.492
1990-06-06,30.146
1990-06-07,19.966
1990-06-08,19.462
1990-06-09,29.706
1990-06-10,29.729
1990-06-11,25.903
1990-06-12,26.974
1990-06-13,23.243
1990-06-14,22.649
1990-06-15,16.669
1990-06-16,14.462
1990-06-17,14.165
1990-06-18,14.119
1990-06-19,14.049
1990-06-20,14.137
1990-06-21,14.16
1990-06-22,14.541
1990-06-23,15.024
1990-06-24,16.308
1990-06-25,22.584
1990-06-26,40.438
1990-06-27,42.73
1990-06-28,34.798
1990-06-29,35.93
1990-06-30,34.793
1990-07-01,21.77
1990-07-02,18.246
1990-07-03,18.048
1990-07-04,19.727
1990-07-05,23.558
1990-07-06,23.719
1990-07-07,23.217
1990-07-08,19.832
1990-07-09,22.758
1990-07-10,27.8
1990-07-11,27.026
1990-07-12,28.861
1990-07-13,30.534
1990-07-14,31.248
1990-07-15,34.75
1990-07-16,48.498
1990-07-17,66.117
1990-07-18,109.725
1990-07-19,91.324
1990-07-20,80.85
1990-07-21,98.85
1990-07-22,80.631
1990-07-23,90.175
1990-07-24,142.1
1990-07-25,161.272
1990-07-26,169.772
1990-07-27,118.739
1990-07-28,83.102
1990-07-29,63.575
1990-07-30,47.55
1990-07-31,40.456
1990-08-01,37.162
1990-08-02,35.425
1990-08-03,38.677
1990-08-04,49.225
1990-08-05,46.863
1990-08-06,42.567
1990-08-07,48.548
1990-08-08,49.34
1990-08-09,43.408
1990-08-10,37.191
1990-08-11,30.754
1990-08-12,29.006
1990-08-13,28.521
1990-08-14,31.989
1990-08-15,32.446
1990-08-16,36.176
1990-08-17,39.251
1990-08-18,47.692
1990-08-19,57.15
1990-08-20,49.275
1990-08-21,48.995
1990-08-22,50.45
1990-08-23,62.399
1990-08-24,81.456
1990-08-25,85.941
1990-08-26,92.099
1990-08-27,77.049
1990-08-28,46.345
1990-08-29,30.14
1990-08-30,27.035
1990-08-31,26.877
1990-09-01,26.997
1990-09-02,27.847
1990-09-03,29.456
1990-09-04,30.062
1990-09-05,31.303
1990-09-06,28.9
1990-09-07,28.374
1990-09-08,27.742
1990-09-09,26.587
1990-09-10,26.866
1990-09-11,25.988
1990-09-12,23.916
1990-09-13,22.851
1990-09-14,22.232
1990-09-15,21.748
1990-09-16,21.314
1990-09-17,20.952
1990-09-18,21.188
1990-09-19,21.802
1990-09-20,22.572
1990-09-21,24.189
1990-09-22,24.082
1990-09-23,27.463
1990-09-24,27.818
1990-09-25,21.339
1990-09-26,18.658
1990-09-27,18.078
1990-09-28,18.702
1990-09-29,19.409
1990-09-30,17.464
1990-10-01,17.312
1990-10-02,18.405
1990-10-03,19.926
1990-10-04,21.072
1990-10-05,17.578
1990-10-06,16.047
1990-10-07,14.941
1990-10-08,14.277
1990-10-09,13.929
1990-10-10,13.684
1990-10-11,13.463
1990-10-12,13.226
1990-10-13,13.013
1990-10-14,12.901
1990-10-15,12.898
1990-10-16,12.799
1990-10-17,12.958
1990-10-18,18.502
1990-10-19,36.555
1990-10-20,54.542
1990-10-21,53.71
1990-10-22,39.969
1990-10-23,31.148
1990-10-24,29.485
1990-10-25,29.873
1990-10-26,38.116
1990-10-27,29.799
1990-10-28,41.535
1990-10-29,76.941
1990-10-30,72.312
1990-10-31,39.85
1990-11-01,28.605
1990-11-02,14.27
1990-11-03,13.885
1990-11-04,17.512
1990-11-05,24.068
1990-11-06,28.951
1990-11-07,21.736
1990-11-08,16.974
1990-11-09,18.607
1990-11-10,22.213
1990-11-11,18.962
1990-11-12,12.863
1990-11-13,9.813
1990-11-14,9.395
1990-11-15,9.323
1990-11-16,9.208
1990-11-17,9.068
1990-11-18,9.065
1990-11-19,9.076
1990-11-20,8.896
1990-11-21,8.788
1990-11-22,8.647
1990-11-23,8.493
1990-11-24,8.359
1990-11-25,8.262
1990-11-26,8.169
1990-11-27,8.083
1990-11-28,7.998
1990-11-29,7.896
1990-11-30,7.781
1990-12-01,7.761
1990-12-02,7.744
1990-12-03,7.617
1990-12-04,7.558
1990-12-05,7.45
1990-12-06,7.365
1990-12-07,7.27
1990-12-08,7.153
1990-12-09,7.022
1990-12-10,6.916
1990-12-11,7.082
1990-12-12,8.038
1990-12-13,10.57
1990-12-14,17.476
1990-12-15,19.608
1990-12-16,14.408
1990-12-17,12.349
1990-12-18,10.582
1990-12-19,8.957
1990-12-20,7.162
1990-12-21,6.275
1990-12-22,6.043
1990-12-23,5.877
1990-12-24,5.785
1990-12-25,5.739
1990-12-26,5.692
1990-12-27,5.625
1990-12-28,5.53
1990-12-29,5.47
1990-12-30,5.393
1990-12-31,5.23
1991-01-01,5.175
1991-01-02,5.327
1991-01-03,5.52
1991-01-04,5.631
1991-01-05,5.418
1991-01-06,5.21
1991-01-07,5.349
1991-01-08,5.515
1991-01-09,5.532
1991-01-10,5.889
1991-01-11,6.452
1991-01-12,6.445
1991-01-13,6.66
1991-01-14,6.527
1991-01-15,4.964
1991-01-16,4.333
1991-01-17,4.183
1991-01-18,4.061
1991-01-19,4.045
1991-01-20,4.001
1991-01-21,3.927
1991-01-22,3.886
1991-01-23,3.838
1991-01-24,3.78
1991-01-25,3.746
1991-01-26,3.922
1991-01-27,4.781
1991-01-28,5.395
1991-01-29,6.983
1991-01-30,9.125
1991-01-31,12.519
1991-02-01,14.297
1991-02-02,14.063
1991-02-03,8.634
1991-02-04,4.498
1991-02-05,3.542
1991-02-06,3.305
1991-02-07,3.156
1991-02-08,3.108
1991-02-09,3.147
1991-02-10,3.246
1991-02-11,3.331
1991-02-12,3.414
1991-02-13,3.149
1991-02-14,3.181
1991-02-15,3.402
1991-02-16,3.336
1991-02-17,3.068
1991-02-18,2.916
1991-02-19,2.747
1991-02-20,2.649
1991-02-21,2.646
1991-02-22,2.626
1991-02-23,2.632
1991-02-24,2.625
1991-02-25,2.63
1991-02-26,2.609
1991-02-27,2.521
1991-02-28,2.534
1991-03-01,2.53
1991-03-02,2.67
1991-03-03,2.692
1991-03-04,2.495
1991-03-05,2.386
1991-03-06,2.304
1991-03-07,2.514
1991-03-08,2.722
1991-03-09,2.963
1991-03-10,3.021
1991-03-11,2.839
1991-03-12,2.588
1991-03-13,2.651
1991-03-14,3.367
1991-03-15,3.588
1991-03-16,3.696
1991-03-17,3.063
1991-03-18,2.861
1991-03-19,2.46
1991-03-20,1.997
1991-03-21,1.824
1991-03-22,1.759
1991-03-23,1.728
1991-03-24,1.699
1991-03-25,1.683
1991-03-26,1.824
1991-03-27,2.1
1991-03-28,3.014
1991-03-29,5.052
1991-03-30,8.497
1991-03-31,18.212
1991-04-01,15.364
1991-04-02,23.282
1991-04-03,21.211
1991-04-04,32.961
1991-04-05,41.133
1991-04-06,59.189
1991-04-07,51.174
1991-04-08,34.822
1991-04-09,34.648
1991-04-10,46.828
1991-04-11,52.579
1991-04-12,41.476
1991-04-13,34.686
1991-04-14,33.686
1991-04-15,36.195
1991-04-16,18.493
1991-04-17,5.849
1991-04-18,2.792
1991-04-19,2.45
1991-04-20,2.371
1991-04-21,2.166
1991-04-22,1.905
1991-04-23,2.086
1991-04-24,3.06
1991-04-25,6.524
1991-04-26,10.575
1991-04-27,10.84
1991-04-28,13.224
1991-04-29,15.528
1991-04-30,15.736
1991-05-01,11.568
1991-05-02,14.273
1991-05-03,31.63
1991-05-04,60.404
1991-05-05,51.356
1991-05-06,20.627
1991-05-07,13.475
1991-05-08,9.569
1991-05-09,9.496
1991-05-10,7.295
1991-05-11,10.178
1991-05-12,11.296
1991-05-13,25.112
1991-05-14,48.727
1991-05-15,61.595
1991-05-16,49.148
1991-05-17,24.623
1991-05-18,9.915
1991-05-19,6.564
1991-05-20,9.636
1991-05-21,14.048
1991-05-22,33.733
1991-05-23,59.706
1991-05-24,72.861
1991-05-25,83.568
1991-05-26,110.386
1991-05-27,160.179
1991-05-28,139.151
1991-05-29,69.744
1991-05-30,42.34
1991-05-31,27.683
1991-06-01,23.861
1991-06-02,30.556
1991-06-03,43.291
1991-06-04,49.332
1991-06-05,50.42
1991-06-06,76.165
1991-06-07,62.268
1991-06-08,46.001
1991-06-09,53.123
1991-06-10,87.499
1991-06-11,146.592
1991-06-12,97.613
1991-06-13,75.732
1991-06-14,65.908
1991-06-15,78.335
1991-06-16,93.303
1991-06-17,136.957
1991-06-18,133.791
1991-06-19,127.472
1991-06-20,85.955
1991-06-21,63.185
1991-06-22,39.808
1991-06-23,24.25
1991-06-24,21.173
1991-06-25,21.53
1991-06-26,23.052
1991-06-27,27.352
1991-06-28,30.944
1991-06-29,29.79
1991-06-30,31.476
1991-07-01,33.451
1991-07-02,53.604
1991-07-03,45.306
1991-07-04,51.613
1991-07-05,62.758
1991-07-06,90.554
1991-07-07,87.048
1991-07-08,64.681
1991-07-09,57.235
1991-07-10,69.8
1991-07-11,103.283
1991-07-12,117.168
1991-07-13,101.773
1991-07-14,103.108
1991-07-15,97.892
1991-07-16,93.532
1991-07-17,78.491
1991-07-18,65.423
1991-07-19,121.494
1991-07-20,117.448
1991-07-21,198.346
1991-07-22,175.24
1991-07-23,130.056
1991-07-24,124.995
1991-07-25,84.188
1991-07-26,72.352
1991-07-27,67.27
1991-07-28,68.668
1991-07-29,72.405
1991-07-30,72.16
1991-07-31,70.515
1991-08-01,82.881
1991-08-02,140.824
1991-08-03,168.262
1991-08-04,170.79
1991-08-05,147.713
1991-08-06,129.908
1991-08-07,129.374
1991-08-08,128.284
1991-08-09,175.691
1991-08-10,257.395
1991-08-11,270.248
1991-08-12,246.994
1991-08-13,177.076
1991-08-14,144.278
1991-08-15,118.488
1991-08-16,130.957
1991-08-17,143.262
1991-08-18,119.091
1991-08-19,89.353
1991-08-20,78.454
1991-08-21,138.767
1991-08-22,157.692
1991-08-23,293.18
1991-08-24,178.063
1991-08-25,130.221
1991-08-26,139.107
1991-08-27,166.022
1991-08-28,232.808
1991-08-29,369.055
1991-08-30,513.951
1991-08-31,338.198
1991-09-01,237.255
1991-09-02,204.805
1991-09-03,217.729
1991-09-04,223.462
1991-09-05,210.572
1991-09-06,171.179
1991-09-07,141.453
1991-09-08,128.25
1991-09-09,125.552
1991-09-10,122.59
1991-09-11,119.044
1991-09-12,114.989
1991-09-13,111.895
1991-09-14,104.891
1991-09-15,99.916
1991-09-16,96.082
1991-09-17,92.543
1991-09-18,88.655
1991-09-19,85.195
1991-09-20,82.008
1991-09-21,78.877
1991-09-22,75.929
1991-09-23,73.048
1991-09-24,70.28
1991-09-25,67.63
1991-09-26,65.147
1991-09-27,63.098
1991-09-28,61.952
1991-09-29,66.218
1991-09-30,65.28
1991-10-01,133.968
1991-10-02,98.767
1991-10-03,52.922
1991-10-04,49.718
1991-10-05,48.132
1991-10-06,46.692
1991-10-07,45.273
1991-10-08,43.94
1991-10-09,42.851
1991-10-10,42.573
1991-10-11,42.012
1991-10-12,45.406
1991-10-13,61.012
1991-10-14,75.898
1991-10-15,84.905
1991-10-16,103.444
1991-10-17,118.39
1991-10-18,132.172
1991-10-19,109.341
1991-10-20,86.42
1991-10-21,79.174
1991-10-22,72.868
1991-10-23,80.468
1991-10-24,90.148
1991-10-25,85.001
1991-10-26,76.76
1991-10-27,68.018
1991-10-28,78.269
1991-10-29,95.588
1991-10-30,93.629
1991-10-31,58.675
1991-11-01,44.192
1991-11-02,34.657
1991-11-03,32.166
1991-11-04,31.967
1991-11-05,31.397
1991-11-06,30.918
1991-11-07,30.535
1991-11-08,30.235
1991-11-09,30.021
1991-11-10,30.014
1991-11-11,29.768
1991-11-12,29.371
1991-11-13,28.702
1991-11-14,28.226
1991-11-15,27.829
1991-11-16,27.327
1991-11-17,26.897
1991-11-18,26.553
1991-11-19,26.08
1991-11-20,25.614
1991-11-21,25.324
1991-11-22,25.235
1991-11-23,25.088
1991-11-24,25.348
1991-11-25,25.885
1991-11-26,25.855
1991-11-27,24.86
1991-11-28,25.353
1991-11-29,25.668
1991-11-30,23.117
1991-12-01,21.959
1991-12-02,21.541
1991-12-03,21.307
1991-12-04,21.373
1991-12-05,21.556
1991-12-06,21.108
1991-12-07,20.838
1991-12-08,20.208
1991-12-09,19.272
1991-12-10,18.75
1991-12-11,18.471
1991-12-12,17.98
1991-12-13,17.556
1991-12-14,17.224
1991-12-15,16.912
1991-12-16,16.605
1991-12-17,16.302
1991-12-18,16.024
1991-12-19,15.737
1991-12-20,15.419
1991-12-21,15.183
1991-12-22,15.251
1991-12-23,15.655
1991-12-24,15.847
1991-12-25,15.155
1991-12-26,15.04
1991-12-27,15.267
1991-12-28,14.153
1991-12-29,13.346
1991-12-30,13.006
1991-12-31,12.765
1992-01-01,12.523
1992-01-02,12.302
1992-01-03,12.065
1992-01-04,11.831
1992-01-05,11.612
1992-01-06,11.425
1992-01-07,11.25
1992-01-08,11.108
1992-01-09,10.941
1992-01-10,10.689
1992-01-11,10.502
1992-01-12,10.348
1992-01-13,10.185
1992-01-14,10.025
1992-01-15,9.85
1992-01-16,9.665
1992-01-17,9.525
1992-01-18,9.341
1992-01-19,9.247
1992-01-20,9.08
1992-01-21,8.93
1992-01-22,8.81
1992-01-23,8.668
1992-01-24,8.493
1992-01-25,8.292
1992-01-26,8.123
1992-01-27,8.015
1992-01-28,7.944
1992-01-29,7.735
1992-01-30,7.597
1992-01-31,7.515
1992-02-01,7.459
1992-02-02,7.309
1992-02-03,7.174
1992-02-04,7.074
1992-02-05,6.977
1992-02-06,6.918
1992-02-07,6.868
1992-02-08,6.731
1992-02-09,6.758
1992-02-10,6.844
1992-02-11,6.875
1992-02-12,6.604
1992-02-13,6.591
1992-02-14,6.434
1992-02-15,6.169
1992-02-16,5.957
1992-02-17,5.842
1992-02-18,5.718
1992-02-19,5.596
1992-02-20,5.46
1992-02-21,5.42
1992-02-22,5.364
1992-02-23,5.246
1992-02-24,5.159
1992-02-25,5.216
1992-02-26,5.362
1992-02-27,5.544
1992-02-28,5.674
1992-02-29,5.669
1992-03-01,5.944
1992-03-02,5.128
1992-03-03,4.709
1992-03-04,4.59
1992-03-05,4.542
1992-03-06,4.48
1992-03-07,4.366
1992-03-08,4.274
1992-03-09,4.237
1992-03-10,4.246
1992-03-11,4.176
1992-03-12,4.106
1992-03-13,4.014
1992-03-14,3.932
1992-03-15,3.876
1992-03-16,3.848
1992-03-17,3.755
1992-03-18,3.749
1992-03-19,3.705
1992-03-20,3.742
1992-03-21,3.699
1992-03-22,3.624
1992-03-23,3.569
1992-03-24,3.493
1992-03-25,3.39
1992-03-26,3.364
1992-03-27,3.322
1992-03-28,3.324
1992-03-29,3.48
1992-03-30,3.615
1992-03-31,3.984
1992-04-01,5.381
1992-04-02,7.447
1992-04-03,9.905
1992-04-04,14.13
1992-04-05,17.498
1992-04-06,17.491
1992-04-07,16.07
1992-04-08,10.226
1992-04-09,11.588
1992-04-10,11.554
1992-04-11,22.558
1992-04-12,71.393
1992-04-13,108.691
1992-04-14,75.194
1992-04-15,44.38
1992-04-16,17.726
1992-04-17,6.927
1992-04-18,3.468
1992-04-19,2.719
1992-04-20,2.674
1992-04-21,2.663
1992-04-22,2.68
1992-04-23,2.664
1992-04-24,2.63
1992-04-25,2.547
1992-04-26,2.57
1992-04-27,2.616
1992-04-28,2.702
1992-04-29,3.165
1992-04-30,6.421
1992-05-01,14.239
1992-05-02,26.963
1992-05-03,38.657
1992-05-04,29.796
1992-05-05,39.455
1992-05-06,42.924
1992-05-07,44.714
1992-05-08,33.652
1992-05-09,19.931
1992-05-10,23.123
1992-05-11,22.273
1992-05-12,25.653
1992-05-13,30.844
1992-05-14,36.438
1992-05-15,47.444
1992-05-16,34.025
1992-05-17,39.195
1992-05-18,44.597
1992-05-19,31.565
1992-05-20,10.007
1992-05-21,3.709
1992-05-22,2.645
1992-05-23,2.419
1992-05-24,4.293
1992-05-25,7.914
1992-05-26,11.82
1992-05-27,17.867
1992-05-28,30.769
1992-05-29,24.061
1992-05-30,14.406
1992-05-31,12.295
1992-06-01,5.435
1992-06-02,3.059
1992-06-03,2.924
1992-06-04,2.566
1992-06-05,2.503
1992-06-06,4.878
1992-06-07,10.047
1992-06-08,9.565
1992-06-09,16.477
1992-06-10,43.82
1992-06-11,85.262
1992-06-12,83.627
1992-06-13,81.044
1992-06-14,77.527
1992-06-15,58.349
1992-06-16,49.852
1992-06-17,56.291
1992-06-18,70.337
1992-06-19,54.152
1992-06-20,35.335
1992-06-21,30.401
1992-06-22,26.583
1992-06-23,23.333
1992-06-24,33.837
1992-06-25,56.678
1992-06-26,109.192
1992-06-27,108.879
1992-06-28,77.016
1992-06-29,42.955
1992-06-30,26.211
1992-07-01,34.532
1992-07-02,43.717
1992-07-03,44.842
1992-07-04,47.597
1992-07-05,62.958
1992-07-06,79.307
1992-07-07,105.009
1992-07-08,112.605
1992-07-09,112.51
1992-07-10,99.564
1992-07-11,73.505
1992-07-12,51.013
1992-07-13,44.25
1992-07-14,43.299
1992-07-15,41.589
1992-07-16,38.174
1992-07-17,52.406
1992-07-18,72.993
1992-07-19,65.516
1992-07-20,103.926
1992-07-21,114.224
1992-07-22,89.859
1992-07-23,61.516
1992-07-24,47.705
1992-07-25,52.51
1992-07-26,63.426
1992-07-27,78.331
1992-07-28,75.734
1992-07-29,72.958
1992-07-30,63.336
1992-07-31,58.404
1992-08-01,75.433
1992-08-02,93.179
1992-08-03,123.169
1992-08-04,160.114
1992-08-05,153.937
1992-08-06,141.779
1992-08-07,126.788
1992-08-08,103.415
1992-08-09,118.832
1992-08-10,117.799
1992-08-11,123.957
1992-08-12,117.523
1992-08-13,118.994
1992-08-14,109.594
1992-08-15,105.623
1992-08-16,105.612
1992-08-17,91.693
1992-08-18,78.648
1992-08-19,76.753
1992-08-20,73.889
1992-08-21,71.871
1992-08-22,83.661
1992-08-23,155.901
1992-08-24,183.899
1992-08-25,122.424
1992-08-26,78.07
1992-08-27,68.14
1992-08-28,62.81
1992-08-29,59.067
1992-08-30,56.269
1992-08-31,55.648
1992-09-01,56.248
1992-09-02,59.308
1992-09-03,61.512
1992-09-04,55.827
1992-09-05,54.772
1992-09-06,53.953
1992-09-07,49.635
1992-09-08,46.042
1992-09-09,43.667
1992-09-10,42.226
1992-09-11,43.761
1992-09-12,44.503
1992-09-13,44.824
1992-09-14,54.732
1992-09-15,67.151
1992-09-16,74.253
1992-09-17,67.274
1992-09-18,59.765
1992-09-19,44.361
1992-09-20,34.463
1992-09-21,31.879
1992-09-22,31.039
1992-09-23,30.523
1992-09-24,30.26
1992-09-25,30.11
1992-09-26,29.228
1992-09-27,28.67
1992-09-28,27.77
1992-09-29,27.2
1992-09-30,26.927
1992-10-01,27.802
1992-10-02,28.182
1992-10-03,30.397
1992-10-04,34.646
1992-10-05,41.375
1992-10-06,58.799
1992-10-07,102.901
1992-10-08,91.808
1992-10-09,79.065
1992-10-10,43.285
1992-10-11,28.715
1992-10-12,23.663
1992-10-13,24.563
1992-10-14,34.295
1992-10-15,46.275
1992-10-16,43.239
1992-10-17,44.044
1992-10-18,52.353
1992-10-19,71.611
1992-10-20,97.303
1992-10-21,117.116
1992-10-22,117.225
1992-10-23,106.441
1992-10-24,74.538
1992-10-25,70.231
1992-10-26,90.824
1992-10-27,104.858
1992-10-28,83.03
1992-10-29,50.338
1992-10-30,42.035
1992-10-31,38.188
1992-11-01,31.806
1992-11-02,29.043
1992-11-03,28.243
1992-11-04,28.212
1992-11-05,28.678
1992-11-06,28.892
1992-11-07,28.739
1992-11-08,28.683
1992-11-09,28.298
1992-11-10,27.555
1992-11-11,27.234
1992-11-12,30.216
1992-11-13,34.218
1992-11-14,32.423
1992-11-15,28.922
1992-11-16,30.058
1992-11-17,31.313
1992-11-18,31.282
1992-11-19,29.489
1992-11-20,28.637
1992-11-21,28.0
1992-11-22,27.076
1992-11-23,23.553
1992-11-24,22.009
1992-11-25,21.472
1992-11-26,21.117
1992-11-27,20.816
1992-11-28,20.511
1992-11-29,20.164
1992-11-30,19.882
1992-12-01,19.793
1992-12-02,19.866
1992-12-03,20.178
1992-12-04,20.249
1992-12-05,19.56
1992-12-06,19.119
1992-12-07,18.864
1992-12-08,19.14
1992-12-09,18.823
1992-12-10,18.616
1992-12-11,18.109
1992-12-12,17.178
1992-12-13,16.592
1992-12-14,16.21
1992-12-15,16.27
1992-12-16,16.624
1992-12-17,15.969
1992-12-18,15.33
1992-12-19,15.188
1992-12-20,14.935
1992-12-21,15.0
1992-12-22,15.106
1992-12-23,15.494
1992-12-24,15.597
1992-12-25,16.694
1992-12-26,17.222
1992-12-27,14.357
1992-12-28,13.21
1992-12-29,13.314
1992-12-30,13.88
1992-12-31,13.573
1993-01-01,12.858
1993-01-02,12.504
1993-01-03,12.141
1993-01-04,11.689
1993-01-05,11.407
1993-01-06,11.235
1993-01-07,11.006
1993-01-08,10.84
1993-01-09,10.747
1993-01-10,10.715
1993-01-11,10.698
1993-01-12,11.023
1993-01-13,10.995
1993-01-14,10.533
1993-01-15,12.441
1993-01-16,14.667
1993-01-17,11.455
1993-01-18,9.896
1993-01-19,9.822
1993-01-20,10.365
1993-01-21,11.373
1993-01-22,13.081
1993-01-23,13.456
1993-01-24,9.885
1993-01-25,8.462
1993-01-26,8.285
1993-01-27,8.66
1993-01-28,9.155
1993-01-29,9.096
1993-01-30,9.805
1993-01-31,10.23
1993-02-01,8.895
1993-02-02,8.028
1993-02-03,7.575
1993-02-04,7.463
1993-02-05,7.339
1993-02-06,7.258
1993-02-07,7.148
1993-02-08,6.907
1993-02-09,6.788
1993-02-10,7.007
1993-02-11,7.578
1993-02-12,8.952
1993-02-13,12.309
1993-02-14,14.148
1993-02-15,17.887
1993-02-16,18.79
1993-02-17,12.94
1993-02-18,8.547
1993-02-19,7.727
1993-02-20,6.868
1993-02-21,5.955
1993-02-22,5.662
1993-02-23,5.553
1993-02-24,5.453
1993-02-25,5.522
1993-02-26,5.558
1993-02-27,5.758
1993-02-28,5.959
1993-03-01,6.091
1993-03-02,6.27
1993-03-03,5.921
1993-03-04,5.318
1993-03-05,5.099
1993-03-06,4.876
1993-03-07,4.813
1993-03-08,4.688
1993-03-09,4.792
1993-03-10,4.959
1993-03-11,5.315
1993-03-12,5.372
1993-03-13,5.208
1993-03-14,4.978
1993-03-15,4.625
1993-03-16,4.417
1993-03-17,4.354
1993-03-18,4.222
1993-03-19,4.054
1993-03-20,4.017
1993-03-21,3.958
1993-03-22,3.975
1993-03-23,4.059
1993-03-24,4.192
1993-03-25,4.199
1993-03-26,4.242
1993-03-27,4.325
1993-03-28,4.306
1993-03-29,4.073
1993-03-30,3.68
1993-03-31,3.521
1993-04-01,3.492
1993-04-02,3.444
1993-04-03,3.427
1993-04-04,3.397
1993-04-05,3.369
1993-04-06,3.36
1993-04-07,3.289
1993-04-08,3.288
1993-04-09,3.266
1993-04-10,3.213
1993-04-11,3.192
1993-04-12,3.152
1993-04-13,2.993
1993-04-14,2.909
1993-04-15,2.928
1993-04-16,3.018
1993-04-17,3.318
1993-04-18,3.608
1993-04-19,3.883
1993-04-20,4.242
1993-04-21,4.274
1993-04-22,3.757
1993-04-23,3.238
1993-04-24,3.056
1993-04-25,4.753
1993-04-26,11.671
1993-04-27,18.014
1993-04-28,21.004
1993-04-29,24.178
1993-04-30,29.45
1993-05-01,44.555
1993-05-02,44.083
1993-05-03,41.006
1993-05-04,51.504
1993-05-05,52.478
1993-05-06,65.055
1993-05-07,77.826
1993-05-08,97.379
1993-05-09,126.288
1993-05-10,147.862
1993-05-11,136.858
1993-05-12,126.365
1993-05-13,123.202
1993-05-14,87.575
1993-05-15,79.6
1993-05-16,92.689
1993-05-17,76.488
1993-05-18,59.453
1993-05-19,38.669
1993-05-20,24.242
1993-05-21,19.645
1993-05-22,15.309
1993-05-23,24.42
1993-05-24,32.538
1993-05-25,27.275
1993-05-26,26.645
1993-05-27,33.471
1993-05-28,33.395
1993-05-29,20.955
1993-05-30,13.675
1993-05-31,19.152
1993-06-01,23.31
1993-06-02,35.058
1993-06-03,22.474
1993-06-04,19.282
1993-06-05,26.617
1993-06-06,42.735
1993-06-07,217.215
1993-06-08,472.467
1993-06-09,324.752
1993-06-10,118.506
1993-06-11,69.912
1993-06-12,67.03
1993-06-13,68.642
1993-06-14,66.98
1993-06-15,83.736
1993-06-16,89.575
1993-06-17,82.243
1993-06-18,54.906
1993-06-19,34.599
1993-06-20,20.907
1993-06-21,15.559
1993-06-22,14.389
1993-06-23,14.152
1993-06-24,14.039
1993-06-25,14.532
1993-06-26,15.951
1993-06-27,19.009
1993-06-28,23.728
1993-06-29,21.703
1993-06-30,20.832
1993-07-01,18.842
1993-07-02,17.672
1993-07-03,15.67
1993-07-04,18.121
1993-07-05,21.616
1993-07-06,19.815
1993-07-07,20.623
1993-07-08,24.392
1993-07-09,22.462
1993-07-10,14.61
1993-07-11,11.675
1993-07-12,11.821
1993-07-13,13.471
1993-07-14,15.397
1993-07-15,20.659
1993-07-16,19.578
1993-07-17,20.332
1993-07-18,16.189
1993-07-19,12.818
1993-07-20,15.132
1993-07-21,20.678
1993-07-22,19.331
1993-07-23,21.72
1993-07-24,23.559
1993-07-25,18.857
1993-07-26,16.24
1993-07-27,19.754
1993-07-28,28.124
1993-07-29,33.846
1993-07-30,25.753
1993-07-31,17.505
1993-08-01,11.439
1993-08-02,9.97
1993-08-03,10.569
1993-08-04,11.394
1993-08-05,10.882
1993-08-06,12.307
1993-08-07,15.767
1993-08-08,16.51
1993-08-09,20.152
1993-08-10,18.599
1993-08-11,19.037
1993-08-12,13.35
1993-08-13,11.531
1993-08-14,10.805
1993-08-15,10.968
1993-08-16,11.447
1993-08-17,13.715
1993-08-18,12.674
1993-08-19,11.19
1993-08-20,10.313
1993-08-21,9.834
1993-08-22,10.009
1993-08-23,11.078
1993-08-24,12.237
1993-08-25,15.567
1993-08-26,16.725
1993-08-27,12.677
1993-08-28,10.587
1993-08-29,10.103
1993-08-30,9.15
1993-08-31,8.741
1993-09-01,9.079
1993-09-02,10.272
1993-09-03,11.052
1993-09-04,10.736
1993-09-05,10.391
1993-09-06,10.903
1993-09-07,9.635
1993-09-08,8.847
1993-09-09,8.166
1993-09-10,7.543
1993-09-11,7.146
1993-09-12,6.937
1993-09-13,6.773
1993-09-14,6.643
1993-09-15,6.628
1993-09-16,6.876
1993-09-17,6.886
1993-09-18,6.642
1993-09-19,6.39
1993-09-20,6.204
1993-09-21,6.108
1993-09-22,5.914
1993-09-23,5.775
1993-09-24,5.666
1993-09-25,5.551
1993-09-26,5.508
1993-09-27,5.503
1993-09-28,5.533
1993-09-29,5.828
1993-09-30,5.725
1993-10-01,5.622
1993-10-02,5.693
1993-10-03,5.651
1993-10-04,5.281
1993-10-05,5.012
1993-10-06,4.788
1993-10-07,4.697
1993-10-08,4.661
1993-10-09,4.544
1993-10-10,4.398
1993-10-11,4.305
1993-10-12,4.319
1993-10-13,4.372
1993-10-14,4.335
1993-10-15,4.183
1993-10-16,4.21
1993-10-17,4.114
1993-10-18,4.095
1993-10-19,4.017
1993-10-20,3.911
1993-10-21,3.838
1993-10-22,3.753
1993-10-23,3.699
1993-10-24,3.618
1993-10-25,3.501
1993-10-26,3.426
1993-10-27,3.375
1993-10-28,3.32
1993-10-29,3.282
1993-10-30,3.19
1993-10-31,3.158
1993-11-01,3.163
1993-11-02,3.17
1993-11-03,3.193
1993-11-04,3.475
1993-11-05,4.979
1993-11-06,12.799
1993-11-07,19.753
1993-11-08,13.148
1993-11-09,9.051
1993-11-10,7.108
1993-11-11,5.434
1993-11-12,4.74
1993-11-13,3.94
1993-11-14,3.075
1993-11-15,2.788
1993-11-16,2.672
1993-11-17,2.546
1993-11-18,2.474
1993-11-19,2.432
1993-11-20,2.428
1993-11-21,2.455
1993-11-22,2.465
1993-11-23,2.408
1993-11-24,2.332
1993-11-25,2.29
1993-11-26,2.29
1993-11-27,2.279
1993-11-28,2.251
1993-11-29,2.164
1993-11-30,2.155
1993-12-01,2.228
1993-12-02,2.148
1993-12-03,2.035
1993-12-04,1.96
1993-12-05,1.969
1993-12-06,2.187
1993-12-07,2.486
1993-12-08,2.376
1993-12-09,2.369
1993-12-10,2.237
1993-12-11,1.906
1993-12-12,1.813
1993-12-13,1.831
1993-12-14,1.825
1993-12-15,1.734
1993-12-16,1.598
1993-12-17,1.559
1993-12-18,1.577
1993-12-19,1.567
1993-12-20,1.575
1993-12-21,1.563
1993-12-22,1.542
1993-12-23,1.516
1993-12-24,1.466
1993-12-25,1.483
1993-12-26,1.522
1993-12-27,1.56
1993-12-28,1.589
1993-12-29,1.525
1993-12-30,1.46
1993-12-31,1.431
1994-01-01,1.395
1994-01-02,1.35
1994-01-03,1.278
1994-01-04,1.218
1994-01-05,1.179
1994-01-06,1.143
1994-01-07,1.143
1994-01-08,1.152
1994-01-09,1.119
1994-01-10,1.121
1994-01-11,1.121
1994-01-12,1.114
1994-01-13,1.1
1994-01-14,1.087
1994-01-15,1.085
1994-01-16,1.066
1994-01-17,1.043
1994-01-18,1.044
1994-01-19,1.008
1994-01-20,0.961
1994-01-21,1.04
1994-01-22,1.091
1994-01-23,1.004
1994-01-24,0.992
1994-01-25,0.961
1994-01-26,0.91
1994-01-27,0.863
1994-01-28,0.873
1994-01-29,0.896
1994-01-30,0.853
1994-01-31,0.794
1994-02-01,0.786
1994-02-02,0.759
1994-02-03,0.734
1994-02-04,0.728
1994-02-05,0.737
1994-02-06,0.727
1994-02-07,0.678
1994-02-08,0.687
1994-02-09,0.722
1994-02-10,0.693
1994-02-11,0.685
1994-02-12,0.78
1994-02-13,0.901
1994-02-14,0.932
1994-02-15,0.72
1994-02-16,0.625
1994-02-17,0.591
1994-02-18,0.571
1994-02-19,0.592
1994-02-20,0.619
1994-02-21,0.625
1994-02-22,0.633
1994-02-23,0.641
1994-02-24,0.65
1994-02-25,0.784
1994-02-26,1.21
1994-02-27,1.816
1994-02-28,2.669
1994-03-01,3.418
1994-03-02,1.977
1994-03-03,0.965
1994-03-04,1.019
1994-03-05,1.646
1994-03-06,2.669
1994-03-07,3.469
1994-03-08,3.506
1994-03-09,2.912
1994-03-10,1.322
1994-03-11,0.68
1994-03-12,0.631
1994-03-13,0.681
1994-03-14,0.705
1994-03-15,0.82
1994-03-16,0.982
1994-03-17,1.255
1994-03-18,1.337
1994-03-19,1.541
1994-03-20,1.814
1994-03-21,1.916
1994-03-22,1.68
1994-03-23,2.053
1994-03-24,6.64
1994-03-25,15.887
1994-03-26,24.645
1994-03-27,23.587
1994-03-28,33.614
1994-03-29,42.827
1994-03-30,24.902
1994-03-31,25.48
1994-04-01,30.888
1994-04-02,26.635
1994-04-03,12.681
1994-04-04,4.014
1994-04-05,0.898
1994-04-06,0.627
1994-04-07,0.883
1994-04-08,1.384
1994-04-09,2.004
1994-04-10,2.307
1994-04-11,2.44
1994-04-12,1.728
1994-04-13,1.546
1994-04-14,1.352
1994-04-15,1.196
1994-04-16,0.963
1994-04-17,1.065
1994-04-18,1.058
1994-04-19,1.458
1994-04-20,1.859
1994-04-21,2.523
1994-04-22,6.231
1994-04-23,9.292
1994-04-24,14.385
1994-04-25,18.193
1994-04-26,22.825
1994-04-27,24.017
1994-04-28,20.497
1994-04-29,21.965
1994-04-30,23.329
1994-05-01,36.949
1994-05-02,47.031
1994-05-03,52.843
1994-05-04,106.877
1994-05-05,127.945
1994-05-06,102.421
1994-05-07,61.215
1994-05-08,42.413
1994-05-09,32.879
1994-05-10,33.916
1994-05-11,34.596
1994-05-12,23.684
1994-05-13,10.724
1994-05-14,10.51
1994-05-15,23.853
1994-05-16,48.146
1994-05-17,66.469
1994-05-18,50.987
1994-05-19,47.687
1994-05-20,57.586
1994-05-21,69.173
1994-05-22,58.261
1994-05-23,36.435
1994-05-24,26.659
1994-05-25,15.994
1994-05-26,24.696
1994-05-27,46.026
1994-05-28,72.923
1994-05-29,87.395
1994-05-30,85.328
1994-05-31,67.113
1994-06-01,30.185
1994-06-02,12.126
1994-06-03,9.119
1994-06-04,10.609
1994-06-05,11.734
1994-06-06,5.549
1994-06-07,4.564
1994-06-08,11.29
1994-06-09,27.595
1994-06-10,35.985
1994-06-11,40.628
1994-06-12,40.183
1994-06-13,51.718
1994-06-14,62.715
1994-06-15,90.233
1994-06-16,93.353
1994-06-17,85.198
1994-06-18,123.926
1994-06-19,154.938
1994-06-20,132.505
1994-06-21,79.4
1994-06-22,59.744
1994-06-23,56.985
1994-06-24,44.86
1994-06-25,32.915
1994-06-26,25.372
1994-06-27,19.168
1994-06-28,20.102
1994-06-29,17.382
1994-06-30,20.757
1994-07-01,24.762
1994-07-02,24.964
1994-07-03,32.338
1994-07-04,63.609
1994-07-05,134.849
1994-07-06,187.751
1994-07-07,217.784
1994-07-08,195.326
1994-07-09,133.037
1994-07-10,104.445
1994-07-11,82.714
1994-07-12,63.559
1994-07-13,49.245
1994-07-14,51.35
1994-07-15,59.279
1994-07-16,65.999
1994-07-17,105.659
1994-07-18,120.699
1994-07-19,103.418
1994-07-20,80.764
1994-07-21,77.39
1994-07-22,74.4
1994-07-23,56.245
1994-07-24,60.672
1994-07-25,78.455
1994-07-26,94.65
1994-07-27,115.555
1994-07-28,104.939
1994-07-29,108.834
1994-07-30,132.01
1994-07-31,129.031
1994-08-01,129.889
1994-08-02,138.994
1994-08-03,132.687
1994-08-04,123.37
1994-08-05,118.514
1994-08-06,100.304
1994-08-07,91.948
1994-08-08,76.549
1994-08-09,65.08
1994-08-10,65.136
1994-08-11,61.51
1994-08-12,52.513
1994-08-13,48.748
1994-08-14,50.761
1994-08-15,59.013
1994-08-16,136.48
1994-08-17,183.183
1994-08-18,183.351
1994-08-19,180.81
1994-08-20,218.571
1994-08-21,201.463
1994-08-22,174.35
1994-08-23,198.763
1994-08-24,178.602
1994-08-25,170.795
1994-08-26,214.845
1994-08-27,235.967
1994-08-28,230.644
1994-08-29,160.806
1994-08-30,112.509
1994-08-31,90.888
1994-09-01,85.512
1994-09-02,83.275
1994-09-03,82.129
1994-09-04,81.576
1994-09-05,79.128
1994-09-06,76.162
1994-09-07,72.798
1994-09-08,73.804
1994-09-09,74.61
1994-09-10,68.217
1994-09-11,62.632
1994-09-12,59.197
1994-09-13,57.04
1994-09-14,54.55
1994-09-15,52.276
1994-09-16,50.506
1994-09-17,49.368
1994-09-18,47.451
1994-09-19,46.092
1994-09-20,44.077
1994-09-21,42.328
1994-09-22,40.883
1994-09-23,39.468
1994-09-24,38.301
1994-09-25,37.334
1994-09-26,36.113
1994-09-27,34.901
1994-09-28,33.78
1994-09-29,32.606
1994-09-30,31.591
1994-10-01,30.68
1994-10-02,29.868
1994-10-03,29.136
1994-10-04,28.513
1994-10-05,27.968
1994-10-06,27.453
1994-10-07,26.813
1994-10-08,26.158
1994-10-09,25.497
1994-10-10,24.77
1994-10-11,24.134
1994-10-12,23.242
1994-10-13,22.883
1994-10-14,22.242
1994-10-15,21.345
1994-10-16,20.954
1994-10-17,20.728
1994-10-18,20.877
1994-10-19,21.014
1994-10-20,19.972
1994-10-21,20.509
1994-10-22,19.412
1994-10-23,22.284
1994-10-24,30.935
1994-10-25,33.89
1994-10-26,26.242
1994-10-27,21.597
1994-10-28,18.253
1994-10-29,16.16
1994-10-30,16.962
1994-10-31,19.389
1994-11-01,22.45
1994-11-02,21.938
1994-11-03,24.413
1994-11-04,41.333
1994-11-05,54.767
1994-11-06,36.541
1994-11-07,23.375
1994-11-08,18.441
1994-11-09,18.975
1994-11-10,28.867
1994-11-11,46.01
1994-11-12,46.217
1994-11-13,32.576
1994-11-14,35.658
1994-11-15,53.912
1994-11-16,59.776
1994-11-17,52.738
1994-11-18,46.95
1994-11-19,43.011
1994-11-20,32.209
1994-11-21,25.221
1994-11-22,17.848
1994-11-23,12.76
1994-11-24,12.044
1994-11-25,12.901
1994-11-26,15.38
1994-11-27,18.065
1994-11-28,15.098
1994-11-29,14.004
1994-11-30,13.05
1994-12-01,12.786
1994-12-02,13.211
1994-12-03,10.904
1994-12-04,9.858
1994-12-05,9.531
1994-12-06,9.361
1994-12-07,9.328
1994-12-08,9.807
1994-12-09,10.362
1994-12-10,10.214
1994-12-11,10.222
1994-12-12,9.593
1994-12-13,9.288
1994-12-14,8.859
1994-12-15,8.383
1994-12-16,8.151
1994-12-17,7.99
1994-12-18,7.884
1994-12-19,7.898
1994-12-20,7.839
1994-12-21,7.708
1994-12-22,7.592
1994-12-23,7.545
1994-12-24,7.379
1994-12-25,7.265
1994-12-26,7.154
1994-12-27,7.067
1994-12-28,6.978
1994-12-29,6.911
1994-12-30,6.808
1994-12-31,6.733
1995-01-01,6.656
1995-01-02,6.535
1995-01-03,6.445
1995-01-04,6.341
1995-01-05,6.247
1995-01-06,6.168
1995-01-07,6.133
1995-01-08,6.1
1995-01-09,5.954
1995-01-10,5.849
1995-01-11,5.742
1995-01-12,5.65
1995-01-13,5.575
1995-01-14,5.484
1995-01-15,5.413
1995-01-16,5.346
1995-01-17,5.239
1995-01-18,5.16
1995-01-19,5.13
1995-01-20,5.069
1995-01-21,5.002
1995-01-22,4.918
1995-01-23,4.849
1995-01-24,4.831
1995-01-25,4.75
1995-01-26,4.631
1995-01-27,4.549
1995-01-28,4.517
1995-01-29,4.434
1995-01-30,4.34
1995-01-31,4.3
1995-02-01,4.256
1995-02-02,4.215
1995-02-03,4.167
1995-02-04,4.086
1995-02-05,3.99
1995-02-06,3.935
1995-02-07,3.894
1995-02-08,3.863
1995-02-09,3.863
1995-02-10,3.818
1995-02-11,3.835
1995-02-12,3.629
1995-02-13,3.636
1995-02-14,3.607
1995-02-15,3.543
1995-02-16,3.879
1995-02-17,5.132
1995-02-18,5.286
1995-02-19,4.722
1995-02-20,5.118
1995-02-21,6.949
1995-02-22,7.848
1995-02-23,4.743
1995-02-24,3.358
1995-02-25,3.065
1995-02-26,3.024
1995-02-27,3.008
1995-02-28,2.974
1995-03-01,3.062
1995-03-02,3.268
1995-03-03,3.752
1995-03-04,4.165
1995-03-05,4.215
1995-03-06,4.745
1995-03-07,7.68
1995-03-08,7.534
1995-03-09,6.552
1995-03-10,4.955
1995-03-11,4.302
1995-03-12,4.547
1995-03-13,4.952
1995-03-14,5.595
1995-03-15,6.244
1995-03-16,9.727
1995-03-17,8.515
1995-03-18,9.435
1995-03-19,12.307
1995-03-20,9.175
1995-03-21,4.125
1995-03-22,2.572
1995-03-23,2.328
1995-03-24,2.381
1995-03-25,2.562
1995-03-26,2.507
1995-03-27,2.545
1995-03-28,2.584
1995-03-29,2.546
1995-03-30,2.458
1995-03-31,2.223
1995-04-01,2.09
1995-04-02,2.084
1995-04-03,2.099
1995-04-04,2.092
1995-04-05,2.204
1995-04-06,2.397
1995-04-07,2.788
1995-04-08,4.121
1995-04-09,6.842
1995-04-10,9.468
1995-04-11,8.445
1995-04-12,22.136
1995-04-13,15.198
1995-04-14,6.794
1995-04-15,8.86
1995-04-16,13.012
1995-04-17,8.001
1995-04-18,3.882
1995-04-19,3.505
1995-04-20,3.681
1995-04-21,7.427
1995-04-22,10.95
1995-04-23,6.699
1995-04-24,4.272
1995-04-25,3.356
1995-04-26,5.153
1995-04-27,13.648
1995-04-28,20.126
1995-04-29,24.993
1995-04-30,49.385
1995-05-01,278.869
1995-05-02,494.44
1995-05-03,156.224
1995-05-04,38.742
1995-05-05,15.092
1995-05-06,14.917
1995-05-07,10.513
1995-05-08,6.605
1995-05-09,4.285
1995-05-10,16.737
1995-05-11,28.084
1995-05-12,23.194
1995-05-13,19.75
1995-05-14,26.704
1995-05-15,50.463
1995-05-16,44.6
1995-05-17,30.675
1995-05-18,23.293
1995-05-19,14.605
1995-05-20,7.442
1995-05-21,4.248
1995-05-22,2.838
1995-05-23,2.095
1995-05-24,1.793
1995-05-25,1.594
1995-05-26,1.732
1995-05-27,4.065
1995-05-28,7.509
1995-05-29,12.059
1995-05-30,15.763
1995-05-31,15.62
1995-06-01,13.613
1995-06-02,10.64
1995-06-03,16.525
1995-06-04,28.06
1995-06-05,19.065
1995-06-06,9.006
1995-06-07,5.58
1995-06-08,2.789
1995-06-09,1.71
1995-06-10,1.332
1995-06-11,1.257
1995-06-12,1.3
1995-06-13,1.402
1995-06-14,1.46
1995-06-15,1.552
1995-06-16,1.957
1995-06-17,2.899
1995-06-18,5.292
1995-06-19,8.608
1995-06-20,15.772
1995-06-21,24.505
1995-06-22,41.508
1995-06-23,50.035
1995-06-24,44.095
1995-06-25,29.472
1995-06-26,13.487
1995-06-27,9.286
1995-06-28,4.784
1995-06-29,3.154
1995-06-30,4.105
1995-07-01,5.5
1995-07-02,14.354
1995-07-03,26.272
1995-07-04,31.922
1995-07-05,45.861
1995-07-06,49.831
1995-07-07,47.87
1995-07-08,54.235
1995-07-09,52.258
1995-07-10,56.998
1995-07-11,64.911
1995-07-12,96.119
1995-07-13,67.163
1995-07-14,49.637
1995-07-15,47.245
1995-07-16,56.544
1995-07-17,53.567
1995-07-18,41.933
1995-07-19,71.483
1995-07-20,83.67
1995-07-21,57.906
1995-07-22,30.4
1995-07-23,20.195
1995-07-24,22.08
1995-07-25,33.78
1995-07-26,33.042
1995-07-27,31.164
1995-07-28,42.473
1995-07-29,50.22
1995-07-30,48.741
1995-07-31,35.616
1995-08-01,19.996
1995-08-02,11.907
1995-08-03,11.046
1995-08-04,12.649
1995-08-05,14.975
1995-08-06,18.81
1995-08-07,25.73
1995-08-08,34.049
1995-08-09,35.727
1995-08-10,31.875
1995-08-11,20.863
1995-08-12,14.821
1995-08-13,13.922
1995-08-14,14.485
1995-08-15,16.573
1995-08-16,24.678
1995-08-17,32.379
1995-08-18,31.653
1995-08-19,21.208
1995-08-20,23.039
1995-08-21,21.888
1995-08-22,15.104
1995-08-23,13.373
1995-08-24,13.425
1995-08-25,14.345
1995-08-26,14.326
1995-08-27,13.505
1995-08-28,12.696
1995-08-29,14.0
1995-08-30,17.903
1995-08-31,18.469
1995-09-01,23.806
1995-09-02,31.819
1995-09-03,34.83
1995-09-04,33.245
1995-09-05,35.156
1995-09-06,31.338
1995-09-07,24.882
1995-09-08,31.382
1995-09-09,46.322
1995-09-10,42.68
1995-09-11,41.595
1995-09-12,38.34
1995-09-13,23.462
1995-09-14,16.133
1995-09-15,13.992
1995-09-16,13.497
1995-09-17,13.243
1995-09-18,12.941
1995-09-19,12.74
1995-09-20,12.638
1995-09-21,12.595
1995-09-22,12.648
1995-09-23,12.784
1995-09-24,12.148
1995-09-25,11.783
1995-09-26,11.622
1995-09-27,11.378
1995-09-28,11.259
1995-09-29,11.329
1995-09-30,11.079
1995-10-01,10.854
1995-10-02,11.175
1995-10-03,13.436
1995-10-04,17.22
1995-10-05,22.865
1995-10-06,32.569
1995-10-07,24.197
1995-10-08,17.659
1995-10-09,11.141
1995-10-10,9.703
1995-10-11,9.48
1995-10-12,9.524
1995-10-13,9.346
1995-10-14,9.003
1995-10-15,8.545
1995-10-16,8.232
1995-10-17,8.036
1995-10-18,8.566
1995-10-19,9.142
1995-10-20,8.394
1995-10-21,7.73
1995-10-22,7.435
1995-10-23,9.67
1995-10-24,11.369
1995-10-25,18.98
1995-10-26,31.979
1995-10-27,41.219
1995-10-28,30.897
1995-10-29,16.749
1995-10-30,15.003
1995-10-31,14.607
1995-11-01,9.611
1995-11-02,7.702
1995-11-03,9.61
1995-11-04,13.294
1995-11-05,10.214
1995-11-06,10.456
1995-11-07,10.144
1995-11-08,10.288
1995-11-09,10.009
1995-11-10,9.806
1995-11-11,8.448
1995-11-12,6.516
1995-11-13,5.882
1995-11-14,7.79
1995-11-15,8.117
1995-11-16,9.504
1995-11-17,8.709
1995-11-18,6.589
1995-11-19,5.786
1995-11-20,5.401
1995-11-21,5.08
1995-11-22,5.023
1995-11-23,5.103
1995-11-24,5.006
1995-11-25,4.886
1995-11-26,5.038
1995-11-27,5.177
1995-11-28,5.052
1995-11-29,5.069
1995-11-30,4.724
1995-12-01,4.488
1995-12-02,4.361
1995-12-03,4.184
1995-12-04,4.035
1995-12-05,3.938
1995-12-06,3.905
1995-12-07,3.897
1995-12-08,3.875
1995-12-09,3.872
1995-12-10,3.82
1995-12-11,3.733
1995-12-12,3.653
1995-12-13,3.605
1995-12-14,3.538
1995-12-15,3.487
1995-12-16,3.49
1995-12-17,3.512
1995-12-18,3.96
1995-12-19,4.958
1995-12-20,6.665
1995-12-21,7.411
1995-12-22,7.028
1995-12-23,7.153
1995-12-24,4.92
1995-12-25,3.467
1995-12-26,3.124
1995-12-27,3.193
1995-12-28,3.556
1995-12-29,4.598
1995-12-30,5.59
1995-12-31,6.998
1996-01-01,8.717
1996-01-02,7.312
1996-01-03,4.139
1996-01-04,2.922
1996-01-05,2.656
1996-01-06,2.672
1996-01-07,3.064
1996-01-08,3.665
1996-01-09,4.272
1996-01-10,4.428
1996-01-11,6.415
1996-01-12,5.578
1996-01-13,3.841
1996-01-14,3.27
1996-01-15,3.486
1996-01-16,3.449
1996-01-17,4.578
1996-01-18,5.737
1996-01-19,3.298
1996-01-20,2.362
1996-01-21,2.22
1996-01-22,2.243
1996-01-23,2.226
1996-01-24,2.172
1996-01-25,2.128
1996-01-26,2.124
1996-01-27,2.17
1996-01-28,2.175
1996-01-29,2.176
1996-01-30,2.122
1996-01-31,2.049
1996-02-01,1.998
1996-02-02,1.924
1996-02-03,1.883
1996-02-04,1.861
1996-02-05,1.892
1996-02-06,1.881
1996-02-07,1.857
1996-02-08,1.781
1996-02-09,1.741
1996-02-10,1.771
1996-02-11,1.829
1996-02-12,1.805
1996-02-13,1.78
1996-02-14,1.824
1996-02-15,1.805
1996-02-16,1.766
1996-02-17,1.753
1996-02-18,1.935
1996-02-19,3.255
1996-02-20,3.486
1996-02-21,3.52
1996-02-22,3.76
1996-02-23,3.231
1996-02-24,2.024
1996-02-25,1.666
1996-02-26,1.668
1996-02-27,1.622
1996-02-28,1.627
1996-02-29,1.54
1996-03-01,1.504
1996-03-02,1.487
1996-03-03,1.417
1996-03-04,1.329
1996-03-05,1.283
1996-03-06,1.497
1996-03-07,1.501
1996-03-08,1.449
1996-03-09,1.398
1996-03-10,1.339
1996-03-11,1.284
1996-03-12,1.253
1996-03-13,1.238
1996-03-14,1.215
1996-03-15,1.148
1996-03-16,1.212
1996-03-17,1.24
1996-03-18,1.403
1996-03-19,1.809
1996-03-20,4.23
1996-03-21,35.064
1996-03-22,94.975
1996-03-23,37.181
1996-03-24,20.162
1996-03-25,17.709
1996-03-26,16.959
1996-03-27,20.027
1996-03-28,21.058
1996-03-29,17.059
1996-03-30,15.388
1996-03-31,16.537
1996-04-01,13.036
1996-04-02,13.934
1996-04-03,15.515
1996-04-04,7.232
1996-04-05,5.065
1996-04-06,16.095
1996-04-07,27.003
1996-04-08,23.758
1996-04-09,24.672
1996-04-10,24.954
1996-04-11,11.5
1996-04-12,3.864
1996-04-13,3.42
1996-04-14,4.418
1996-04-15,2.551
1996-04-16,6.332
1996-04-17,17.325
1996-04-18,30.425
1996-04-19,38.418
1996-04-20,48.628
1996-04-21,35.592
1996-04-22,20.665
1996-04-23,16.788
1996-04-24,5.931
1996-04-25,1.853
1996-04-26,1.138
1996-04-27,1.208
1996-04-28,1.528
1996-04-29,2.745
1996-04-30,7.251
1996-05-01,13.84
1996-05-02,28.263
1996-05-03,44.0
1996-05-04,40.776
1996-05-05,22.23
1996-05-06,5.838
1996-05-07,1.62
1996-05-08,1.194
1996-05-09,1.2
1996-05-10,1.603
1996-05-11,2.728
1996-05-12,3.866
1996-05-13,4.773
1996-05-14,7.229
1996-05-15,15.525
1996-05-16,22.49
1996-05-17,10.604
1996-05-18,5.083
1996-05-19,18.692
1996-05-20,46.026
1996-05-21,49.682
1996-05-22,35.021
1996-05-23,42.708
1996-05-24,56.042
1996-05-25,67.094
1996-05-26,59.199
1996-05-27,76.673
1996-05-28,124.127
1996-05-29,103.578
1996-05-30,59.3
1996-05-31,33.111
1996-06-01,20.663
1996-06-02,24.522
1996-06-03,43.611
1996-06-04,38.935
1996-06-05,45.377
1996-06-06,72.476
1996-06-07,80.831
1996-06-08,75.025
1996-06-09,53.62
1996-06-10,49.93
1996-06-11,50.343
1996-06-12,51.47
1996-06-13,48.518
1996-06-14,45.263
1996-06-15,45.888
1996-06-16,50.715
1996-06-17,59.699
1996-06-18,62.615
1996-06-19,50.549
1996-06-20,35.92
1996-06-21,40.751
1996-06-22,41.931
1996-06-23,44.104
1996-06-24,53.6
1996-06-25,86.719
1996-06-26,83.889
1996-06-27,66.492
1996-06-28,57.951
1996-06-29,30.519
1996-06-30,15.406
1996-07-01,11.344
1996-07-02,9.507
1996-07-03,9.067
1996-07-04,8.949
1996-07-05,8.908
1996-07-06,8.781
1996-07-07,8.822
1996-07-08,9.519
1996-07-09,9.906
1996-07-10,10.295
1996-07-11,14.138
1996-07-12,22.313
1996-07-13,47.836
1996-07-14,120.987
1996-07-15,151.932
1996-07-16,88.756
1996-07-17,53.733
1996-07-18,59.765
1996-07-19,70.633
1996-07-20,99.2
1996-07-21,110.297
1996-07-22,113.983
1996-07-23,73.671
1996-07-24,60.468
1996-07-25,54.755
1996-07-26,66.505
1996-07-27,74.18
1996-07-28,74.851
1996-07-29,57.929
1996-07-30,36.815
1996-07-31,27.298
1996-08-01,27.812
1996-08-02,29.482
1996-08-03,32.245
1996-08-04,37.17
1996-08-05,31.968
1996-08-06,29.044
1996-08-07,38.562
1996-08-08,52.086
1996-08-09,48.293
1996-08-10,39.678
1996-08-11,46.36
1996-08-12,52.277
1996-08-13,33.44
1996-08-14,20.827
1996-08-15,18.527
1996-08-16,19.457
1996-08-17,22.143
1996-08-18,26.428
1996-08-19,30.428
1996-08-20,30.863
1996-08-21,26.127
1996-08-22,20.872
1996-08-23,22.27
1996-08-24,30.407
1996-08-25,48.567
1996-08-26,60.669
1996-08-27,92.605
1996-08-28,106.605
1996-08-29,83.186
1996-08-30,58.113
1996-08-31,47.586
1996-09-01,56.154
1996-09-02,78.816
1996-09-03,112.539
1996-09-04,113.849
1996-09-05,104.23
1996-09-06,92.135
1996-09-07,74.918
1996-09-08,56.528
1996-09-09,54.071
1996-09-10,50.754
1996-09-11,42.19
1996-09-12,41.72
1996-09-13,45.849
1996-09-14,43.813
1996-09-15,41.238
1996-09-16,42.235
1996-09-17,46.257
1996-09-18,87.69
1996-09-19,144.625
1996-09-20,190.523
1996-09-21,199.002
1996-09-22,141.786
1996-09-23,101.053
1996-09-24,79.847
1996-09-25,46.041
1996-09-26,31.552
1996-09-27,27.598
1996-09-28,26.842
1996-09-29,26.614
1996-09-30,27.242
1996-10-01,28.26
1996-10-02,27.916
1996-10-03,27.301
1996-10-04,26.152
1996-10-05,25.129
1996-10-06,24.157
1996-10-07,23.058
1996-10-08,22.294
1996-10-09,21.477
1996-10-10,20.856
1996-10-11,20.353
1996-10-12,19.757
1996-10-13,19.136
1996-10-14,18.671
1996-10-15,18.144
1996-10-16,17.596
1996-10-17,17.159
1996-10-18,16.825
1996-10-19,16.431
1996-10-20,16.02
1996-10-21,15.514
1996-10-22,15.05
1996-10-23,14.752
1996-10-24,14.54
1996-10-25,14.0
1996-10-26,13.598
1996-10-27,13.471
1996-10-28,13.456
1996-10-29,13.784
1996-10-30,13.896
1996-10-31,13.42
1996-11-01,12.898
1996-11-02,11.937
1996-11-03,11.38
1996-11-04,11.083
1996-11-05,10.861
1996-11-06,10.708
1996-11-07,10.466
1996-11-08,10.4
1996-11-09,10.344
1996-11-10,10.071
1996-11-11,9.744
1996-11-12,9.44
1996-11-13,9.16
1996-11-14,8.928
1996-11-15,8.732
1996-11-16,8.473
1996-11-17,8.262
1996-11-18,8.085
1996-11-19,7.931
1996-11-20,7.84
1996-11-21,7.768
1996-11-22,7.681
1996-11-23,7.635
1996-11-24,7.808
1996-11-25,8.146
1996-11-26,8.769
1996-11-27,9.15
1996-11-28,8.94
1996-11-29,8.305
1996-11-30,7.786
1996-12-01,7.784
1996-12-02,7.722
1996-12-03,7.434
1996-12-04,7.084
1996-12-05,6.365
1996-12-06,5.963
1996-12-07,5.743
1996-12-08,5.597
1996-12-09,5.471
1996-12-10,5.389
1996-12-11,5.336
1996-12-12,5.266
1996-12-13,5.2
1996-12-14,5.118
1996-12-15,5.036
1996-12-16,5.017
1996-12-17,4.952
1996-12-18,4.995
1996-12-19,4.989
1996-12-20,4.828
1996-12-21,4.708
1996-12-22,4.575
1996-12-23,4.478
1996-12-24,4.364
1996-12-25,4.281
1996-12-26,4.21
1996-12-27,4.125
1996-12-28,4.068
1996-12-29,3.991
1996-12-30,3.925
1996-12-31,3.876
1997-01-01,3.82
1997-01-02,3.753
1997-01-03,3.723
1997-01-04,3.645
1997-01-05,3.591
1997-01-06,3.56
1997-01-07,3.523
1997-01-08,3.512
1997-01-09,3.516
1997-01-10,3.45
1997-01-11,3.382
1997-01-12,3.288
1997-01-13,3.238
1997-01-14,3.212
1997-01-15,3.132
1997-01-16,3.042
1997-01-17,3.061
1997-01-18,3.154
1997-01-19,3.136
1997-01-20,3.263
1997-01-21,3.625
1997-01-22,3.585
1997-01-23,3.157
1997-01-24,2.865
1997-01-25,2.726
1997-01-26,2.649
1997-01-27,2.586
1997-01-28,2.552
1997-01-29,2.522
1997-01-30,2.464
1997-01-31,2.476
1997-02-01,2.544
1997-02-02,2.647
1997-02-03,2.819
1997-02-04,2.43
1997-02-05,2.259
1997-02-06,2.227
1997-02-07,2.275
1997-02-08,2.288
1997-02-09,2.24
1997-02-10,2.168
1997-02-11,2.102
1997-02-12,2.059
1997-02-13,2.05
1997-02-14,2.027
1997-02-15,1.989
1997-02-16,1.981
1997-02-17,1.948
1997-02-18,1.908
1997-02-19,1.878
1997-02-20,1.882
1997-02-21,1.876
1997-02-22,1.843
1997-02-23,1.783
1997-02-24,1.77
1997-02-25,1.782
1997-02-26,1.775
1997-02-27,1.741
1997-02-28,1.703
1997-03-01,1.699
1997-03-02,1.702
1997-03-03,1.7
1997-03-04,1.671
1997-03-05,1.642
1997-03-06,1.64
1997-03-07,1.65
1997-03-08,1.647
1997-03-09,1.584
1997-03-10,1.526
1997-03-11,1.497
1997-03-12,1.497
1997-03-13,1.494
1997-03-14,1.46
1997-03-15,1.448
1997-03-16,1.431
1997-03-17,1.423
1997-03-18,1.378
1997-03-19,1.335
1997-03-20,1.331
1997-03-21,1.29
1997-03-22,1.294
1997-03-23,1.334
1997-03-24,1.317
1997-03-25,1.302
1997-03-26,1.65
1997-03-27,1.805
1997-03-28,1.618
1997-03-29,3.292
1997-03-30,7.079
1997-03-31,16.439
1997-04-01,26.424
1997-04-02,24.243
1997-04-03,37.509
1997-04-04,43.743
1997-04-05,48.685
1997-04-06,43.95
1997-04-07,47.906
1997-04-08,53.033
1997-04-09,68.001
1997-04-10,77.543
1997-04-11,90.703
1997-04-12,78.677
1997-04-13,56.435
1997-04-14,51.904
1997-04-15,69.17
1997-04-16,42.377
1997-04-17,15.597
1997-04-18,5.155
1997-04-19,2.854
1997-04-20,3.561
1997-04-21,13.647
1997-04-22,29.953
1997-04-23,24.31
1997-04-24,20.138
1997-04-25,35.908
1997-04-26,60.677
1997-04-27,115.843
1997-04-28,173.792
1997-04-29,197.535
1997-04-30,179.662
1997-05-01,200.574
1997-05-02,174.305
1997-05-03,168.249
1997-05-04,171.893
1997-05-05,150.139
1997-05-06,92.325
1997-05-07,42.045
1997-05-08,20.481
1997-05-09,24.076
1997-05-10,35.226
1997-05-11,28.46
1997-05-12,14.105
1997-05-13,15.345
1997-05-14,20.345
1997-05-15,20.45
1997-05-16,32.618
1997-05-17,43.272
1997-05-18,49.599
1997-05-19,39.345
1997-05-20,20.19
1997-05-21,12.713
1997-05-22,7.143
1997-05-23,4.05
1997-05-24,3.218
1997-05-25,3.084
1997-05-26,3.173
1997-05-27,3.196
1997-05-28,3.237
1997-05-29,3.442
1997-05-30,3.357
1997-05-31,3.298
1997-06-01,3.569
1997-06-02,4.081
1997-06-03,4.525
1997-06-04,3.685
1997-06-05,3.288
1997-06-06,3.14
1997-06-07,3.065
1997-06-08,3.075
1997-06-09,3.038
1997-06-10,2.993
1997-06-11,2.934
1997-06-12,2.879
1997-06-13,2.887
1997-06-14,3.03
1997-06-15,3.364
1997-06-16,4.438
1997-06-17,54.96
1997-06-18,47.45
1997-06-19,23.371
1997-06-20,16.078
1997-06-21,31.84
1997-06-22,31.962
1997-06-23,32.873
1997-06-24,47.199
1997-06-25,38.018
1997-06-26,21.076
1997-06-27,8.585
1997-06-28,8.646
1997-06-29,12.594
1997-06-30,9.319
1997-07-01,8.931
1997-07-02,12.623
1997-07-03,22.066
1997-07-04,39.911
1997-07-05,43.092
1997-07-06,67.257
1997-07-07,62.777
1997-07-08,53.382
1997-07-09,63.584
1997-07-10,88.618
1997-07-11,96.09
1997-07-12,57.026
1997-07-13,37.513
1997-07-14,35.864
1997-07-15,27.596
1997-07-16,15.013
1997-07-17,7.457
1997-07-18,5.646
1997-07-19,5.585
1997-07-20,5.649
1997-07-21,6.389
1997-07-22,8.675
1997-07-23,10.44
1997-07-24,14.543
1997-07-25,20.826
1997-07-26,21.197
1997-07-27,26.425
1997-07-28,36.56
1997-07-29,40.941
1997-07-30,40.976
1997-07-31,50.015
1997-08-01,47.042
1997-08-02,29.857
1997-08-03,19.464
1997-08-04,19.426
1997-08-05,29.62
1997-08-06,31.457
1997-08-07,42.123
1997-08-08,49.129
1997-08-09,58.463
1997-08-10,52.27
1997-08-11,36.989
1997-08-12,33.494
1997-08-13,36.131
1997-08-14,27.046
1997-08-15,17.871
1997-08-16,11.904
1997-08-17,10.452
1997-08-18,10.344
1997-08-19,10.424
1997-08-20,10.566
1997-08-21,10.688
1997-08-22,10.583
1997-08-23,10.708
1997-08-24,10.672
1997-08-25,10.807
1997-08-26,10.925
1997-08-27,10.609
1997-08-28,10.438
1997-08-29,10.484
1997-08-30,10.04
1997-08-31,10.02
1997-09-01,9.654
1997-09-02,9.334
1997-09-03,9.179
1997-09-04,9.02
1997-09-05,8.877
1997-09-06,8.693
1997-09-07,8.526
1997-09-08,8.38
1997-09-09,8.235
1997-09-10,8.11
1997-09-11,7.957
1997-09-12,7.808
1997-09-13,7.705
1997-09-14,7.618
1997-09-15,7.573
1997-09-16,7.405
1997-09-17,7.286
1997-09-18,7.136
1997-09-19,6.985
1997-09-20,6.837
1997-09-21,6.664
1997-09-22,6.546
1997-09-23,6.443
1997-09-24,6.32
1997-09-25,6.125
1997-09-26,5.974
1997-09-27,5.872
1997-09-28,5.795
1997-09-29,5.745
1997-09-30,5.725
1997-10-01,5.536
1997-10-02,5.385
1997-10-03,5.28
1997-10-04,5.102
1997-10-05,5.016
1997-10-06,4.928
1997-10-07,4.835
1997-10-08,4.777
1997-10-09,4.746
1997-10-10,4.628
1997-10-11,4.652
1997-10-12,5.673
1997-10-13,5.4
1997-10-14,5.235
1997-10-15,5.385
1997-10-16,5.733
1997-10-17,5.672
1997-10-18,5.448
1997-10-19,6.694
1997-10-20,9.758
1997-10-21,21.809
1997-10-22,55.277
1997-10-23,94.031
1997-10-24,94.916
1997-10-25,112.007
1997-10-26,130.33
1997-10-27,100.052
1997-10-28,58.939
1997-10-29,34.891
1997-10-30,25.672
1997-10-31,19.094
1997-11-01,11.967
1997-11-02,15.069
1997-11-03,12.98
1997-11-04,11.46
1997-11-05,15.435
1997-11-06,15.77
1997-11-07,15.343
1997-11-08,12.545
1997-11-09,9.15
1997-11-10,6.535
1997-11-11,6.3
1997-11-12,10.395
1997-11-13,29.735
1997-11-14,60.209
1997-11-15,64.52
1997-11-16,74.918
1997-11-17,79.948
1997-11-18,87.227
1997-11-19,108.777
1997-11-20,102.625
1997-11-21,84.442
1997-11-22,80.48
1997-11-23,90.758
1997-11-24,83.732
1997-11-25,63.537
1997-11-26,53.89
1997-11-27,35.936
1997-11-28,16.247
1997-11-29,8.405
1997-11-30,7.464
1997-12-01,8.01
1997-12-02,8.006
1997-12-03,8.715
1997-12-04,8.485
1997-12-05,8.438
1997-12-06,13.925
1997-12-07,35.471
1997-12-08,53.977
1997-12-09,74.512
1997-12-10,81.328
1997-12-11,58.967
1997-12-12,39.2
1997-12-13,28.956
1997-12-14,22.619
1997-12-15,23.229
1997-12-16,26.833
1997-12-17,19.673
1997-12-18,9.912
1997-12-19,21.942
1997-12-20,44.498
1997-12-21,43.4
1997-12-22,61.02
1997-12-23,51.615
1997-12-24,52.029
1997-12-25,44.576
1997-12-26,24.614
1997-12-27,21.803
1997-12-28,33.598
1997-12-29,35.488
1997-12-30,25.698
1997-12-31,14.766
1998-01-01,9.726
1998-01-02,8.152
1998-01-03,7.033
1998-01-04,8.532
1998-01-05,15.703
1998-01-06,26.839
1998-01-07,28.704
1998-01-08,20.216
1998-01-09,18.849
1998-01-10,15.137
1998-01-11,14.814
1998-01-12,23.299
1998-01-13,31.82
1998-01-14,33.887
1998-01-15,48.06
1998-01-16,86.238
1998-01-17,62.557
1998-01-18,24.072
1998-01-19,10.992
1998-01-20,9.88
1998-01-21,10.24
1998-01-22,10.118
1998-01-23,9.385
1998-01-24,8.816
1998-01-25,8.486
1998-01-26,8.481
1998-01-27,8.39
1998-01-28,8.165
1998-01-29,8.075
1998-01-30,8.053
1998-01-31,8.05
1998-02-01,8.078
1998-02-02,8.022
1998-02-03,7.945
1998-02-04,7.843
1998-02-05,7.746
1998-02-06,7.685
1998-02-07,7.592
1998-02-08,7.512
1998-02-09,8.321
1998-02-10,18.095
1998-02-11,24.79
1998-02-12,23.008
1998-02-13,26.709
1998-02-14,39.713
1998-02-15,62.154
1998-02-16,54.523
1998-02-17,24.209
1998-02-18,10.252
1998-02-19,8.301
1998-02-20,7.205
1998-02-21,6.672
1998-02-22,6.658
1998-02-23,7.136
1998-02-24,7.849
1998-02-25,7.249
1998-02-26,6.735
1998-02-27,6.568
1998-02-28,6.326
1998-03-01,6.171
1998-03-02,6.083
1998-03-03,5.998
1998-03-04,5.949
1998-03-05,5.852
1998-03-06,5.765
1998-03-07,5.712
1998-03-08,5.725
1998-03-09,5.833
1998-03-10,5.929
1998-03-11,5.817
1998-03-12,5.513
1998-03-13,5.438
1998-03-14,5.448
1998-03-15,5.336
1998-03-16,5.187
1998-03-17,5.063
1998-03-18,4.938
1998-03-19,4.86
1998-03-20,4.793
1998-03-21,4.753
1998-03-22,4.811
1998-03-23,5.04
1998-03-24,5.554
1998-03-25,6.814
1998-03-26,9.302
1998-03-27,7.765
1998-03-28,5.718
1998-03-29,4.651
1998-03-30,4.267
1998-03-31,4.077
1998-04-01,3.992
1998-04-02,3.935
1998-04-03,3.806
1998-04-04,3.702
1998-04-05,3.637
1998-04-06,3.693
1998-04-07,3.906
1998-04-08,4.177
1998-04-09,4.342
1998-04-10,5.103
1998-04-11,6.047
1998-04-12,6.671
1998-04-13,10.037
1998-04-14,8.396
1998-04-15,8.229
1998-04-16,6.995
1998-04-17,5.278
1998-04-18,4.238
1998-04-19,5.522
1998-04-20,8.385
1998-04-21,7.634
1998-04-22,5.352
1998-04-23,4.477
1998-04-24,3.677
1998-04-25,3.428
1998-04-26,4.528
1998-04-27,6.638
1998-04-28,7.604
1998-04-29,11.935
1998-04-30,24.157
1998-05-01,20.99
1998-05-02,10.235
1998-05-03,4.339
1998-05-04,6.25
1998-05-05,10.642
1998-05-06,12.322
1998-05-07,16.026
1998-05-08,28.237
1998-05-09,58.69
1998-05-10,62.52
1998-05-11,47.992
1998-05-12,38.171
1998-05-13,59.844
1998-05-14,109.832
1998-05-15,124.078
1998-05-16,100.371
1998-05-17,79.907
1998-05-18,53.905
1998-05-19,55.802
1998-05-20,55.368
1998-05-21,55.369
1998-05-22,37.029
1998-05-23,11.381
1998-05-24,5.382
1998-05-25,6.987
1998-05-26,13.722
1998-05-27,22.534
1998-05-28,37.229
1998-05-29,22.179
1998-05-30,13.604
1998-05-31,10.926
1998-06-01,10.048
1998-06-02,13.769
1998-06-03,6.334
1998-06-04,4.195
1998-06-05,5.253
1998-06-06,6.955
1998-06-07,11.817
1998-06-08,16.167
1998-06-09,22.005
1998-06-10,30.438
1998-06-11,37.63
1998-06-12,36.575
1998-06-13,29.802
1998-06-14,20.857
1998-06-15,13.57
1998-06-16,11.105
1998-06-17,19.338
1998-06-18,22.652
1998-06-19,15.11
1998-06-20,17.146
1998-06-21,16.986
1998-06-22,19.702
1998-06-23,18.698
1998-06-24,13.435
1998-06-25,9.728
1998-06-26,12.215
1998-06-27,13.541
1998-06-28,26.807
1998-06-29,48.771
1998-06-30,48.07
1998-07-01,40.793
1998-07-02,44.289
1998-07-03,55.656
1998-07-04,62.602
1998-07-05,60.577
1998-07-06,50.869
1998-07-07,52.837
1998-07-08,81.213
1998-07-09,98.604
1998-07-10,69.883
1998-07-11,41.548
1998-07-12,39.28
1998-07-13,46.602
1998-07-14,52.565
1998-07-15,38.084
1998-07-16,27.282
1998-07-17,29.725
1998-07-18,35.248
1998-07-19,37.8
1998-07-20,55.302
1998-07-21,74.97
1998-07-22,84.16
1998-07-23,87.708
1998-07-24,98.749
1998-07-25,98.418
1998-07-26,93.522
1998-07-27,100.667
1998-07-28,119.691
1998-07-29,134.809
1998-07-30,129.915
1998-07-31,102.808
1998-08-01,80.755
1998-08-02,87.129
1998-08-03,67.768
1998-08-04,62.172
1998-08-05,72.191
1998-08-06,67.806
1998-08-07,65.556
1998-08-08,43.772
1998-08-09,33.577
1998-08-10,32.354
1998-08-11,30.859
1998-08-12,32.355
1998-08-13,40.259
1998-08-14,38.796
1998-08-15,31.452
1998-08-16,29.743
1998-08-17,34.816
1998-08-18,45.108
1998-08-19,47.776
1998-08-20,69.081
1998-08-21,89.621
1998-08-22,74.992
1998-08-23,58.691
1998-08-24,47.509
1998-08-25,34.141
1998-08-26,32.992
1998-08-27,46.139
1998-08-28,77.337
1998-08-29,100.673
1998-08-30,147.769
1998-08-31,162.693
1998-09-01,155.697
1998-09-02,122.63
1998-09-03,82.577
1998-09-04,45.721
1998-09-05,34.59
1998-09-06,33.546
1998-09-07,32.687
1998-09-08,32.28
1998-09-09,31.857
1998-09-10,31.22
1998-09-11,30.664
1998-09-12,30.205
1998-09-13,29.67
1998-09-14,29.108
1998-09-15,28.545
1998-09-16,28.043
1998-09-17,26.895
1998-09-18,26.309
1998-09-19,26.21
1998-09-20,27.133
1998-09-21,27.17
1998-09-22,26.885
1998-09-23,25.966
1998-09-24,24.076
1998-09-25,22.724
1998-09-26,21.86
1998-09-27,21.102
1998-09-28,20.585
1998-09-29,20.185
1998-09-30,19.917
1998-10-01,20.367
1998-10-02,29.121
1998-10-03,37.561
1998-10-04,39.215
1998-10-05,40.83
1998-10-06,43.408
1998-10-07,49.252
1998-10-08,48.149
1998-10-09,35.494
1998-10-10,29.198
1998-10-11,30.622
1998-10-12,29.4
1998-10-13,22.596
1998-10-14,22.028
1998-10-15,29.021
1998-10-16,36.412
1998-10-17,31.588
1998-10-18,30.017
1998-10-19,32.669
1998-10-20,26.055
1998-10-21,18.493
1998-10-22,15.211
1998-10-23,14.115
1998-10-24,14.532
1998-10-25,19.647
1998-10-26,29.595
1998-10-27,25.859
1998-10-28,29.118
1998-10-29,19.44
1998-10-30,16.04
1998-10-31,13.48
1998-11-01,12.642
1998-11-02,12.991
1998-11-03,13.305
1998-11-04,13.112
1998-11-05,12.991
1998-11-06,12.765
1998-11-07,12.442
1998-11-08,11.991
1998-11-09,11.766
1998-11-10,11.531
1998-11-11,11.537
1998-11-12,12.014
1998-11-13,13.387
1998-11-14,14.216
1998-11-15,12.42
1998-11-16,11.276
1998-11-17,10.77
1998-11-18,10.522
1998-11-19,10.44
1998-11-20,10.394
1998-11-21,10.053
1998-11-22,9.946
1998-11-23,9.901
1998-11-24,9.731
1998-11-25,9.438
1998-11-26,9.223
1998-11-27,9.119
1998-11-28,9.028
1998-11-29,8.887
1998-11-30,8.773
1998-12-01,8.665
1998-12-02,8.525
1998-12-03,8.377
1998-12-04,8.216
1998-12-05,8.076
1998-12-06,7.975
1998-12-07,7.878
1998-12-08,7.795
1998-12-09,7.674
1998-12-10,7.525
1998-12-11,7.399
1998-12-12,7.303
1998-12-13,7.194
1998-12-14,7.116
1998-12-15,7.035
1998-12-16,6.913
1998-12-17,6.805
1998-12-18,6.7
1998-12-19,6.752
1998-12-20,6.755
1998-12-21,6.552
1998-12-22,6.401
1998-12-23,6.345
1998-12-24,6.193
1998-12-25,6.07
1998-12-26,6.006
1998-12-27,5.909
1998-12-28,5.782
1998-12-29,5.69
1998-12-30,5.621
1998-12-31,5.511
1999-01-01,5.431
1999-01-02,5.323
1999-01-03,5.229
1999-01-04,5.167
1999-01-05,5.102
1999-01-06,5.03
1999-01-07,4.981
1999-01-08,4.931
1999-01-09,4.849
1999-01-10,4.754
1999-01-11,4.707
1999-01-12,4.639
1999-01-13,4.602
1999-01-14,4.671
1999-01-15,4.743
1999-01-16,4.736
1999-01-17,4.598
1999-01-18,4.704
1999-01-19,4.572
1999-01-20,4.495
1999-01-21,4.37
1999-01-22,4.231
1999-01-23,4.143
1999-01-24,4.014
1999-01-25,3.958
1999-01-26,3.885
1999-01-27,3.807
1999-01-28,3.72
1999-01-29,3.645
1999-01-30,3.601
1999-01-31,3.572
1999-02-01,3.488
1999-02-02,3.433
1999-02-03,3.386
1999-02-04,3.341
1999-02-05,3.306
1999-02-06,3.29
1999-02-07,3.275
1999-02-08,3.245
1999-02-09,3.231
1999-02-10,3.199
1999-02-11,3.1
1999-02-12,3.017
1999-02-13,2.957
1999-02-14,2.908
1999-02-15,2.869
1999-02-16,2.817
1999-02-17,2.8
1999-02-18,2.772
1999-02-19,2.727
1999-02-20,2.716
1999-02-21,2.678
1999-02-22,2.64
1999-02-23,2.618
1999-02-24,2.574
1999-02-25,2.523
1999-02-26,2.504
1999-02-27,2.505
1999-02-28,2.526
1999-03-01,2.483
1999-03-02,2.405
1999-03-03,2.407
1999-03-04,2.429
1999-03-05,2.47
1999-03-06,2.509
1999-03-07,2.505
1999-03-08,2.76
1999-03-09,3.292
1999-03-10,4.508
1999-03-11,5.934
1999-03-12,7.258
1999-03-13,9.969
1999-03-14,9.815
1999-03-15,12.14
1999-03-16,16.16
1999-03-17,19.372
1999-03-18,23.76
1999-03-19,30.074
1999-03-20,30.125
1999-03-21,21.062
1999-03-22,18.558
1999-03-23,16.763
1999-03-24,6.424
1999-03-25,2.576
1999-03-26,2.043
1999-03-27,2.093
1999-03-28,2.315
1999-03-29,2.701
1999-03-30,3.673
1999-03-31,4.699
1999-04-01,12.801
1999-04-02,26.433
1999-04-03,34.494
1999-04-04,26.524
1999-04-05,20.695
1999-04-06,15.722
1999-04-07,7.633
1999-04-08,3.047
1999-04-09,2.093
1999-04-10,1.993
1999-04-11,2.078
1999-04-12,2.252
1999-04-13,2.433
1999-04-14,2.443
1999-04-15,2.324
1999-04-16,2.086
1999-04-17,1.914
1999-04-18,2.165
1999-04-19,3.208
1999-04-20,6.716
1999-04-21,17.091
1999-04-22,28.052
1999-04-23,18.025
1999-04-24,8.835
1999-04-25,6.248
1999-04-26,11.538
1999-04-27,21.325
1999-04-28,17.497
1999-04-29,11.33
1999-04-30,20.31
1999-05-01,48.728
1999-05-02,73.06
1999-05-03,93.187
1999-05-04,103.125
1999-05-05,83.555
1999-05-06,48.842
1999-05-07,32.205
1999-05-08,15.686
1999-05-09,19.009
1999-05-10,33.333
1999-05-11,38.548
1999-05-12,40.036
1999-05-13,25.848
1999-05-14,12.184
1999-05-15,8.374
1999-05-16,14.149
1999-05-17,20.702
1999-05-18,22.392
1999-05-19,19.468
1999-05-20,12.989
1999-05-21,16.822
1999-05-22,17.118
1999-05-23,7.496
1999-05-24,3.304
1999-05-25,2.365
1999-05-26,2.242
1999-05-27,2.518
1999-05-28,4.397
1999-05-29,7.006
1999-05-30,7.105
1999-05-31,7.144
1999-06-01,6.973
1999-06-02,12.688
1999-06-03,20.699
1999-06-04,16.549
1999-06-05,10.718
1999-06-06,4.66
1999-06-07,8.367
1999-06-08,17.548
1999-06-09,17.104
1999-06-10,19.627
1999-06-11,20.92
1999-06-12,26.543
1999-06-13,20.93
1999-06-14,7.071
1999-06-15,2.93
1999-06-16,2.925
1999-06-17,3.308
1999-06-18,3.055
1999-06-19,2.711
1999-06-20,2.539
1999-06-21,2.76
1999-06-22,3.378
1999-06-23,7.156
1999-06-24,12.49
1999-06-25,10.833
1999-06-26,12.604
1999-06-27,14.124
1999-06-28,9.666
1999-06-29,8.888
1999-06-30,11.475
1999-07-01,22.993
1999-07-02,16.457
1999-07-03,11.897
1999-07-04,6.804
1999-07-05,5.889
1999-07-06,6.173
1999-07-07,5.955
1999-07-08,4.282
1999-07-09,4.071
1999-07-10,4.225
1999-07-11,5.03
1999-07-12,8.602
1999-07-13,16.026
1999-07-14,31.565
1999-07-15,30.9
1999-07-16,27.017
1999-07-17,32.427
1999-07-18,38.71
1999-07-19,41.885
1999-07-20,38.07
1999-07-21,38.045
1999-07-22,39.856
1999-07-23,44.804
1999-07-24,42.778
1999-07-25,41.936
1999-07-26,61.94
1999-07-27,80.495
1999-07-28,70.828
1999-07-29,44.005
1999-07-30,28.489
1999-07-31,18.876
1999-08-01,22.535
1999-08-02,23.785
1999-08-03,16.379
1999-08-04,12.492
1999-08-05,11.623
1999-08-06,11.593
1999-08-07,18.823
1999-08-08,24.2
1999-08-09,21.32
1999-08-10,20.382
1999-08-11,25.551
1999-08-12,34.195
1999-08-13,29.101
1999-08-14,31.647
1999-08-15,53.861
1999-08-16,64.878
1999-08-17,65.488
1999-08-18,50.142
1999-08-19,61.469
1999-08-20,71.912
1999-08-21,49.835
1999-08-22,23.034
1999-08-23,20.442
1999-08-24,16.603
1999-08-25,16.368
1999-08-26,17.365
1999-08-27,21.47
1999-08-28,19.688
1999-08-29,20.23
1999-08-30,25.732
1999-08-31,25.951
1999-09-01,34.231
1999-09-02,40.882
1999-09-03,81.302
1999-09-04,121.804
1999-09-05,105.624
1999-09-06,88.037
1999-09-07,70.887
1999-09-08,38.908
1999-09-09,22.751
1999-09-10,17.746
1999-09-11,16.756
1999-09-12,16.551
1999-09-13,16.617
1999-09-14,19.668
1999-09-15,24.762
1999-09-16,21.186
1999-09-17,16.772
1999-09-18,14.98
1999-09-19,14.37
1999-09-20,14.155
1999-09-21,14.161
1999-09-22,13.935
1999-09-23,13.736
1999-09-24,14.405
1999-09-25,13.529
1999-09-26,13.108
1999-09-27,13.322
1999-09-28,12.654
1999-09-29,11.842
1999-09-30,11.902
1999-10-01,15.256
1999-10-02,18.747
1999-10-03,20.214
1999-10-04,19.085
1999-10-05,16.171
1999-10-06,17.92
1999-10-07,17.07
1999-10-08,15.657
1999-10-09,21.596
1999-10-10,30.66
1999-10-11,56.502
1999-10-12,93.187
1999-10-13,92.256
1999-10-14,105.749
1999-10-15,114.509
1999-10-16,91.714
1999-10-17,49.769
1999-10-18,31.67
1999-10-19,31.785
1999-10-20,26.722
1999-10-21,14.431
1999-10-22,10.92
1999-10-23,10.548
1999-10-24,10.601
1999-10-25,10.646
1999-10-26,10.612
1999-10-27,10.545
1999-10-28,10.777
1999-10-29,13.12
1999-10-30,18.446
1999-10-31,16.848
1999-11-01,17.553
1999-11-02,23.864
1999-11-03,26.365
1999-11-04,14.595
1999-11-05,10.249
1999-11-06,9.603
1999-11-07,9.519
1999-11-08,9.546
1999-11-09,9.497
1999-11-10,9.48
1999-11-11,9.355
1999-11-12,9.184
1999-11-13,9.024
1999-11-14,8.952
1999-11-15,8.824
1999-11-16,8.717
1999-11-17,8.664
1999-11-18,8.593
1999-11-19,8.492
1999-11-20,8.355
1999-11-21,8.145
1999-11-22,7.94
1999-11-23,7.835
1999-11-24,7.718
1999-11-25,7.616
1999-11-26,7.5
1999-11-27,7.367
1999-11-28,7.254
1999-11-29,7.134
1999-11-30,7.166
1999-12-01,7.719
1999-12-02,10.575
1999-12-03,14.412
1999-12-04,16.925
1999-12-05,17.822
1999-12-06,19.368
1999-12-07,14.844
1999-12-08,8.768
1999-12-09,6.575
1999-12-10,6.13
1999-12-11,6.019
1999-12-12,5.974
1999-12-13,5.931
1999-12-14,5.844
1999-12-15,5.731
1999-12-16,5.608
1999-12-17,5.562
1999-12-18,5.51
1999-12-19,5.388
1999-12-20,5.292
1999-12-21,5.161
1999-12-22,5.089
1999-12-23,5.033
1999-12-24,4.989
1999-12-25,4.891
1999-12-26,4.82
1999-12-27,4.761
1999-12-28,4.663
1999-12-29,4.54
1999-12-30,4.482
1999-12-31,4.432
2000-01-01,4.386
2000-01-02,4.256
2000-01-03,3.875
2000-01-04,3.332
2000-01-05,2.75
2000-01-06,2.403
2000-01-07,2.23
2000-01-08,2.17
2000-01-09,2.163
2000-01-10,2.145
2000-01-11,2.16
2000-01-12,2.157
2000-01-13,2.213
2000-01-14,2.028
2000-01-15,1.929
2000-01-16,1.903
2000-01-17,1.848
2000-01-18,1.81
2000-01-19,1.782
2000-01-20,1.765
2000-01-21,1.745
2000-01-22,1.717
2000-01-23,1.698
2000-01-24,1.672
2000-01-25,1.667
2000-01-26,1.655
2000-01-27,1.669
2000-01-28,1.611
2000-01-29,1.552
2000-01-30,1.516
2000-01-31,1.487
2000-02-01,1.463
2000-02-02,1.448
2000-02-03,1.436
2000-02-04,1.44
2000-02-05,1.43
2000-02-06,1.419
2000-02-07,1.37
2000-02-08,1.342
2000-02-09,1.451
2000-02-10,1.532
2000-02-11,1.575
2000-02-12,1.666
2000-02-13,1.502
2000-02-14,1.423
2000-02-15,1.3
2000-02-16,1.233
2000-02-17,1.198
2000-02-18,1.175
2000-02-19,1.186
2000-02-20,1.181
2000-02-21,1.154
2000-02-22,1.118
2000-02-23,1.065
2000-02-24,1.04
2000-02-25,1.038
2000-02-26,1.018
2000-02-27,1.058
2000-02-28,1.025
2000-02-29,1.007
2000-03-01,0.999
2000-03-02,1.335
2000-03-03,1.644
2000-03-04,1.396
2000-03-05,1.313
2000-03-06,1.098
2000-03-07,0.949
2000-03-08,0.998
2000-03-09,1.383
2000-03-10,2.0
2000-03-11,2.705
2000-03-12,2.589
2000-03-13,2.399
2000-03-14,2.549
2000-03-15,1.352
2000-03-16,1.023
2000-03-17,1.105
2000-03-18,1.089
2000-03-19,0.942
2000-03-20,0.942
2000-03-21,0.984
2000-03-22,0.935
2000-03-23,0.91
2000-03-24,0.846
2000-03-25,0.762
2000-03-26,0.759
2000-03-27,0.765
2000-03-28,0.797
2000-03-29,0.879
2000-03-30,0.915
2000-03-31,0.823
2000-04-01,0.752
2000-04-02,0.809
2000-04-03,0.952
2000-04-04,0.91
2000-04-05,0.901
2000-04-06,0.86
2000-04-07,0.945
2000-04-08,1.588
2000-04-09,2.527
2000-04-10,3.453
2000-04-11,5.565
2000-04-12,5.209
2000-04-13,4.473
2000-04-14,2.802
2000-04-15,1.707
2000-04-16,1.272
2000-04-17,1.482
2000-04-18,1.85
2000-04-19,1.509
2000-04-20,1.012
2000-04-21,0.774
2000-04-22,0.826
2000-04-23,0.987
2000-04-24,1.175
2000-04-25,2.025
2000-04-26,3.834
2000-04-27,8.956
2000-04-28,8.023
2000-04-29,11.359
2000-04-30,10.733
2000-05-01,8.869
2000-05-02,7.611
2000-05-03,9.776
2000-05-04,10.468
2000-05-05,10.458
2000-05-06,16.964
2000-05-07,16.056
2000-05-08,24.5
2000-05-09,28.546
2000-05-10,36.296
2000-05-11,36.951
2000-05-12,41.92
2000-05-13,48.46
2000-05-14,105.92
2000-05-15,161.651
2000-05-16,158.616
2000-05-17,99.663
2000-05-18,57.038
2000-05-19,25.363
2000-05-20,6.039
2000-05-21,1.288
2000-05-22,0.793
2000-05-23,0.598
2000-05-24,0.504
2000-05-25,0.49
2000-05-26,0.503
2000-05-27,0.545
2000-05-28,0.567
2000-05-29,0.606
2000-05-30,0.674
2000-05-31,0.804
2000-06-01,1.034
2000-06-02,1.353
2000-06-03,1.833
2000-06-04,1.184
2000-06-05,0.947
2000-06-06,0.747
2000-06-07,0.744
2000-06-08,0.989
2000-06-09,1.399
2000-06-10,2.216
2000-06-11,3.155
2000-06-12,3.582
2000-06-13,3.2
2000-06-14,3.459
2000-06-15,6.357
2000-06-16,7.55
2000-06-17,3.605
2000-06-18,1.413
2000-06-19,0.763
2000-06-20,0.627
2000-06-21,0.6
2000-06-22,0.716
2000-06-23,1.009
2000-06-24,1.564
2000-06-25,3.34
2000-06-26,7.157
2000-06-27,10.336
2000-06-28,17.445
2000-06-29,30.038
2000-06-30,33.638
2000-07-01,48.873
2000-07-02,57.332
2000-07-03,58.945
2000-07-04,45.113
2000-07-05,27.541
2000-07-06,16.018
2000-07-07,10.95
2000-07-08,7.328
2000-07-09,10.476
2000-07-10,9.834
2000-07-11,16.596
2000-07-12,15.242
2000-07-13,7.685
2000-07-14,7.437
2000-07-15,4.384
2000-07-16,4.135
2000-07-17,7.653
2000-07-18,13.549
2000-07-19,8.163
2000-07-20,6.848
2000-07-21,10.332
2000-07-22,8.258
2000-07-23,14.265
2000-07-24,39.308
2000-07-25,54.472
2000-07-26,71.475
2000-07-27,73.937
2000-07-28,63.266
2000-07-29,55.776
2000-07-30,29.555
2000-07-31,22.69
2000-08-01,18.198
2000-08-02,16.393
2000-08-03,15.369
2000-08-04,14.17
2000-08-05,12.318
2000-08-06,21.534
2000-08-07,29.386
2000-08-08,32.42
2000-08-09,21.119
2000-08-10,17.368
2000-08-11,30.011
2000-08-12,75.99
2000-08-13,261.132
2000-08-14,168.053
2000-08-15,219.371
2000-08-16,484.244
2000-08-17,272.231
2000-08-18,122.2
2000-08-19,105.464
2000-08-20,119.375
2000-08-21,121.763
2000-08-22,117.202
2000-08-23,85.004
2000-08-24,55.46
2000-08-25,48.626
2000-08-26,42.816
2000-08-27,38.41
2000-08-28,31.677
2000-08-29,30.579
2000-08-30,40.577
2000-08-31,48.331
2000-09-01,41.418
2000-09-02,28.778
2000-09-03,21.154
2000-09-04,18.53
2000-09-05,17.837
2000-09-06,17.218
2000-09-07,16.412
2000-09-08,15.678
2000-09-09,15.055
2000-09-10,14.505
2000-09-11,13.938
2000-09-12,13.358
2000-09-13,12.639
2000-09-14,12.012
2000-09-15,11.57
2000-09-16,11.912
2000-09-17,13.936
2000-09-18,15.73
2000-09-19,11.485
2000-09-20,9.778
2000-09-21,9.429
2000-09-22,8.998
2000-09-23,11.651
2000-09-24,26.095
2000-09-25,30.895
2000-09-26,18.65
2000-09-27,12.871
2000-09-28,9.243
2000-09-29,8.737
2000-09-30,9.626
2000-10-01,13.003
2000-10-02,11.082
2000-10-03,9.832
2000-10-04,12.982
2000-10-05,19.747
2000-10-06,31.24
2000-10-07,30.242
2000-10-08,20.102
2000-10-09,22.955
2000-10-10,38.827
2000-10-11,45.098
2000-10-12,42.614
2000-10-13,39.744
2000-10-14,45.416
2000-10-15,33.426
2000-10-16,13.797
2000-10-17,6.636
2000-10-18,5.398
2000-10-19,5.329
2000-10-20,6.548
2000-10-21,10.887
2000-10-22,27.297
2000-10-23,26.561
2000-10-24,25.175
2000-10-25,27.515
2000-10-26,23.955
2000-10-27,18.655
2000-10-28,13.048
2000-10-29,6.847
2000-10-30,4.991
2000-10-31,4.777
2000-11-01,5.234
2000-11-02,6.407
2000-11-03,7.408
2000-11-04,6.693
2000-11-05,5.82
2000-11-06,5.135
2000-11-07,4.714
2000-11-08,4.633
2000-11-09,4.659
2000-11-10,4.601
2000-11-11,4.436
2000-11-12,4.284
2000-11-13,4.195
2000-11-14,4.175
2000-11-15,4.119
2000-11-16,4.03
2000-11-17,4.115
2000-11-18,4.748
2000-11-19,6.351
2000-11-20,7.21
2000-11-21,11.85
2000-11-22,9.592
2000-11-23,12.176
2000-11-24,11.586
2000-11-25,8.098
2000-11-26,6.807
2000-11-27,6.811
2000-11-28,9.564
2000-11-29,7.951
2000-11-30,4.501
2000-12-01,3.523
2000-12-02,3.355
2000-12-03,3.352
2000-12-04,3.306
2000-12-05,3.26
2000-12-06,3.203
2000-12-07,3.171
2000-12-08,3.14
2000-12-09,3.082
2000-12-10,3.038
2000-12-11,3.13
2000-12-12,3.645
2000-12-13,4.327
2000-12-14,4.239
2000-12-15,4.68
2000-12-16,5.348
2000-12-17,8.133
2000-12-18,8.967
2000-12-19,5.423
2000-12-20,3.325
2000-12-21,2.844
2000-12-22,2.793
2000-12-23,2.638
2000-12-24,2.517
2000-12-25,2.518
2000-12-26,2.544
2000-12-27,2.518
2000-12-28,2.459
2000-12-29,2.397
2000-12-30,2.322
2000-12-31,2.25
2001-01-01,2.222
2001-01-02,2.204
2001-01-03,2.167
2001-01-04,2.117
2001-01-05,2.225
2001-01-06,2.273
2001-01-07,2.587
2001-01-08,2.661
2001-01-09,2.156
2001-01-10,2.025
2001-01-11,2.023
2001-01-12,2.156
2001-01-13,2.365
2001-01-14,2.616
2001-01-15,2.74
2001-01-16,2.567
2001-01-17,2.316
2001-01-18,2.057
2001-01-19,1.928
2001-01-20,2.052
2001-01-21,1.969
2001-01-22,1.88
2001-01-23,1.982
2001-01-24,2.289
2001-01-25,3.287
2001-01-26,5.047
2001-01-27,6.844
2001-01-28,8.773
2001-01-29,8.131
2001-01-30,3.315
2001-01-31,1.758
2001-02-01,1.552
2001-02-02,1.54
2001-02-03,1.555
2001-02-04,1.53
2001-02-05,1.556
2001-02-06,1.532
2001-02-07,1.632
2001-02-08,1.752
2001-02-09,1.879
2001-02-10,1.784
2001-02-11,2.015
2001-02-12,2.3
2001-02-13,2.242
2001-02-14,2.188
2001-02-15,1.81
2001-02-16,1.686
2001-02-17,1.726
2001-02-18,1.591
2001-02-19,1.404
2001-02-20,1.338
2001-02-21,1.259
2001-02-22,1.213
2001-02-23,1.227
2001-02-24,1.437
2001-02-25,1.542
2001-02-26,1.488
2001-02-27,1.39
2001-02-28,1.23
2001-03-01,1.16
2001-03-02,1.139
2001-03-03,1.13
2001-03-04,1.107
2001-03-05,1.104
2001-03-06,1.145
2001-03-07,1.418
2001-03-08,2.072
2001-03-09,2.82
2001-03-10,3.369
2001-03-11,3.187
2001-03-12,2.28
2001-03-13,1.622
2001-03-14,1.339
2001-03-15,1.307
2001-03-16,1.295
2001-03-17,1.286
2001-03-18,1.284
2001-03-19,1.251
2001-03-20,1.097
2001-03-21,1.019
2001-03-22,1.035
2001-03-23,1.098
2001-03-24,1.463
2001-03-25,1.652
2001-03-26,2.257
2001-03-27,4.232
2001-03-28,13.805
2001-03-29,16.792
2001-03-30,8.968
2001-03-31,7.918
2001-04-01,13.822
2001-04-02,27.389
2001-04-03,32.881
2001-04-04,24.91
2001-04-05,13.513
2001-04-06,16.485
2001-04-07,23.952
2001-04-08,25.971
2001-04-09,34.134
2001-04-10,46.466
2001-04-11,48.085
2001-04-12,41.211
2001-04-13,41.408
2001-04-14,36.807
2001-04-15,27.69
2001-04-16,12.854
2001-04-17,3.581
2001-04-18,1.319
2001-04-19,1.011
2001-04-20,1.022
2001-04-21,1.766
2001-04-22,6.292
2001-04-23,13.951
2001-04-24,11.353
2001-04-25,13.245
2001-04-26,21.83
2001-04-27,25.725
2001-04-28,38.365
2001-04-29,38.761
2001-04-30,30.766
2001-05-01,35.091
2001-05-02,66.175
2001-05-03,69.874
2001-05-04,60.27
2001-05-05,57.805
2001-05-06,55.805
2001-05-07,55.655
2001-05-08,63.262
2001-05-09,61.718
2001-05-10,41.422
2001-05-11,28.187
2001-05-12,38.271
2001-05-13,31.308
2001-05-14,30.762
2001-05-15,20.835
2001-05-16,25.695
2001-05-17,45.357
2001-05-18,62.348
2001-05-19,96.738
2001-05-20,112.271
2001-05-21,92.657
2001-05-22,43.784
2001-05-23,17.895
2001-05-24,8.362
2001-05-25,6.383
2001-05-26,6.772
2001-05-27,8.314
2001-05-28,13.518
2001-05-29,26.982
2001-05-30,25.358
2001-05-31,21.874
2001-06-01,42.026
2001-06-02,60.708
2001-06-03,68.201
2001-06-04,62.907
2001-06-05,35.531
2001-06-06,32.683
2001-06-07,15.96
2001-06-08,12.636
2001-06-09,14.274
2001-06-10,26.239
2001-06-11,48.301
2001-06-12,67.484
2001-06-13,74.862
2001-06-14,57.136
2001-06-15,64.69
2001-06-16,61.378
2001-06-17,50.835
2001-06-18,58.075
2001-06-19,66.164
2001-06-20,52.059
2001-06-21,32.367
2001-06-22,20.858
2001-06-23,18.106
2001-06-24,17.75
2001-06-25,17.756
2001-06-26,18.21
2001-06-27,19.384
2001-06-28,19.978
2001-06-29,22.886
2001-06-30,25.095
2001-07-01,34.189
2001-07-02,33.899
2001-07-03,48.994
2001-07-04,34.742
2001-07-05,18.719
2001-07-06,16.114
2001-07-07,13.747
2001-07-08,12.703
2001-07-09,12.261
2001-07-10,11.908
2001-07-11,12.398
2001-07-12,14.936
2001-07-13,17.962
2001-07-14,22.248
2001-07-15,29.34
2001-07-16,25.362
2001-07-17,20.861
2001-07-18,28.625
2001-07-19,24.248
2001-07-20,22.546
2001-07-21,28.232
2001-07-22,39.338
2001-07-23,53.077
2001-07-24,64.278
2001-07-25,81.83
2001-07-26,87.08
2001-07-27,78.85
2001-07-28,55.55
2001-07-29,67.762
2001-07-30,83.613
2001-07-31,99.639
2001-08-01,106.016
2001-08-02,64.741
2001-08-03,46.199
2001-08-04,52.646
2001-08-05,59.239
2001-08-06,55.024
2001-08-07,31.752
2001-08-08,27.958
2001-08-09,34.714
2001-08-10,30.606
2001-08-11,32.164
2001-08-12,54.028
2001-08-13,114.685
2001-08-14,127.536
2001-08-15,107.094
2001-08-16,90.915
2001-08-17,71.232
2001-08-18,92.995
2001-08-19,102.381
2001-08-20,161.033
2001-08-21,678.457
2001-08-22,885.42
2001-08-23,376.306
2001-08-24,159.703
2001-08-25,100.238
2001-08-26,98.979
2001-08-27,63.319
2001-08-28,59.01
2001-08-29,51.599
2001-08-30,52.862
2001-08-31,58.143
2001-09-01,66.641
2001-09-02,74.183
2001-09-03,94.003
2001-09-04,108.882
2001-09-05,85.908
2001-09-06,82.448
2001-09-07,79.399
2001-09-08,70.417
2001-09-09,53.139
2001-09-10,42.282
2001-09-11,38.096
2001-09-12,41.092
2001-09-13,36.416
2001-09-14,31.451
2001-09-15,29.621
2001-09-16,28.859
2001-09-17,28.171
2001-09-18,27.698
2001-09-19,27.79
2001-09-20,28.019
2001-09-21,27.016
2001-09-22,26.185
2001-09-23,25.963
2001-09-24,27.68
2001-09-25,30.125
2001-09-26,27.756
2001-09-27,25.194
2001-09-28,24.447
2001-09-29,24.628
2001-09-30,27.369
2001-10-01,24.231
2001-10-02,24.289
2001-10-03,24.159
2001-10-04,24.231
2001-10-05,23.235
2001-10-06,25.161
2001-10-07,30.941
2001-10-08,37.597
2001-10-09,44.644
2001-10-10,47.442
2001-10-11,45.236
2001-10-12,43.324
2001-10-13,26.288
2001-10-14,21.951
2001-10-15,18.409
2001-10-16,17.643
2001-10-17,17.352
2001-10-18,17.02
2001-10-19,16.799
2001-10-20,16.602
2001-10-21,16.4
2001-10-22,16.105
2001-10-23,15.746
2001-10-24,15.539
2001-10-25,16.372
2001-10-26,20.051
2001-10-27,25.967
2001-10-28,27.234
2001-10-29,35.33
2001-10-30,67.298
2001-10-31,111.098
2001-11-01,167.906
2001-11-02,195.335
2001-11-03,183.202
2001-11-04,160.159
2001-11-05,121.828
2001-11-06,99.895
2001-11-07,66.532
2001-11-08,39.098
2001-11-09,22.759
2001-11-10,21.177
2001-11-11,20.798
2001-11-12,21.607
2001-11-13,30.042
2001-11-14,42.556
2001-11-15,50.343
2001-11-16,54.176
2001-11-17,57.328
2001-11-18,55.136
2001-11-19,49.12
2001-11-20,41.385
2001-11-21,32.999
2001-11-22,37.418
2001-11-23,35.826
2001-11-24,25.54
2001-11-25,28.049
2001-11-26,18.008
2001-11-27,14.341
2001-11-28,13.389
2001-11-29,13.005
2001-11-30,12.945
2001-12-01,12.921
2001-12-02,12.682
2001-12-03,12.556
2001-12-04,12.45
2001-12-05,12.374
2001-12-06,12.25
2001-12-07,12.148
2001-12-08,12.05
2001-12-09,12.008
2001-12-10,11.861
2001-12-11,11.684
2001-12-12,11.544
2001-12-13,11.49
2001-12-14,11.298
2001-12-15,11.078
2001-12-16,10.953
2001-12-17,10.979
2001-12-18,11.0
2001-12-19,10.79
2001-12-20,10.429
2001-12-21,10.19
2001-12-22,10.034
2001-12-23,9.847
2001-12-24,9.698
2001-12-25,9.56
2001-12-26,9.409
2001-12-27,9.254
2001-12-28,9.072
2001-12-29,8.905
2001-12-30,8.759
2001-12-31,8.662
2002-01-01,8.526
2002-01-02,8.414
2002-01-03,8.361
2002-01-04,8.228
2002-01-05,8.067
2002-01-06,8.027
2002-01-07,7.86
2002-01-08,7.762
2002-01-09,7.663
2002-01-10,7.556
2002-01-11,7.465
2002-01-12,7.311
2002-01-13,7.188
2002-01-14,7.075
2002-01-15,6.98
2002-01-16,6.965
2002-01-17,7.061
2002-01-18,7.312
2002-01-19,7.508
2002-01-20,6.892
2002-01-21,6.512
2002-01-22,6.35
2002-01-23,6.203
2002-01-24,6.055
2002-01-25,5.913
2002-01-26,5.835
2002-01-27,5.778
2002-01-28,5.68
2002-01-29,5.549
2002-01-30,5.464
2002-01-31,5.378
2002-02-01,5.327
2002-02-02,5.22
2002-02-03,5.092
2002-02-04,5.04
2002-02-05,4.975
2002-02-06,4.895
2002-02-07,4.807
2002-02-08,4.748
2002-02-09,4.692
2002-02-10,4.602
2002-02-11,4.523
2002-02-12,4.46
2002-02-13,4.392
2002-02-14,4.313
2002-02-15,4.271
2002-02-16,4.205
2002-02-17,4.135
2002-02-18,4.12
2002-02-19,4.058
2002-02-20,4.004
2002-02-21,3.928
2002-02-22,3.943
2002-02-23,3.924
2002-02-24,3.751
2002-02-25,3.639
2002-02-26,3.558
2002-02-27,3.48
2002-02-28,3.475
2002-03-01,3.541
2002-03-02,3.516
2002-03-03,3.773
2002-03-04,4.135
2002-03-05,4.163
2002-03-06,4.797
2002-03-07,6.136
2002-03-08,10.147
2002-03-09,12.15
2002-03-10,9.735
2002-03-11,6.568
2002-03-12,6.542
2002-03-13,9.365
2002-03-14,16.83
2002-03-15,20.814
2002-03-16,20.117
2002-03-17,8.325
2002-03-18,3.773
2002-03-19,3.425
2002-03-20,3.832
2002-03-21,4.558
2002-03-22,4.0
2002-03-23,3.897
2002-03-24,4.186
2002-03-25,5.263
2002-03-26,5.196
2002-03-27,3.988
2002-03-28,3.609
2002-03-29,4.186
2002-03-30,6.523
2002-03-31,7.149
2002-04-01,7.955
2002-04-02,7.942
2002-04-03,13.635
2002-04-04,13.114
2002-04-05,9.447
2002-04-06,4.666
2002-04-07,3.107
2002-04-08,2.729
2002-04-09,2.577
2002-04-10,2.543
2002-04-11,2.522
2002-04-12,2.604
2002-04-13,3.161
2002-04-14,6.385
2002-04-15,13.165
2002-04-16,13.948
2002-04-17,10.75
2002-04-18,8.315
2002-04-19,12.036
2002-04-20,15.224
2002-04-21,16.401
2002-04-22,20.364
2002-04-23,47.006
2002-04-24,93.755
2002-04-25,88.542
2002-04-26,50.1
2002-04-27,46.891
2002-04-28,28.16
2002-04-29,8.732
2002-04-30,8.746
2002-05-01,17.198
2002-05-02,18.248
2002-05-03,16.614
2002-05-04,15.503
2002-05-05,29.386
2002-05-06,65.372
2002-05-07,97.695
2002-05-08,128.796
2002-05-09,120.377
2002-05-10,102.785
2002-05-11,86.28
2002-05-12,74.892
2002-05-13,49.706
2002-05-14,36.88
2002-05-15,31.931
2002-05-16,34.085
2002-05-17,39.347
2002-05-18,44.698
2002-05-19,33.465
2002-05-20,10.909
2002-05-21,3.795
2002-05-22,3.732
2002-05-23,6.163
2002-05-24,9.625
2002-05-25,9.0
2002-05-26,4.62
2002-05-27,3.448
2002-05-28,3.06
2002-05-29,2.758
2002-05-30,2.675
2002-05-31,2.647
2002-06-01,2.615
2002-06-02,2.593
2002-06-03,2.584
2002-06-04,2.557
2002-06-05,2.534
2002-06-06,2.507
2002-06-07,2.513
2002-06-08,2.651
2002-06-09,2.778
2002-06-10,2.79
2002-06-11,3.0
2002-06-12,2.883
2002-06-13,2.965
2002-06-14,3.332
2002-06-15,3.638
2002-06-16,4.81
2002-06-17,6.894
2002-06-18,11.986
2002-06-19,17.485
2002-06-20,17.26
2002-06-21,19.988
2002-06-22,23.26
2002-06-23,19.325
2002-06-24,13.457
2002-06-25,28.551
2002-06-26,62.654
2002-06-27,83.819
2002-06-28,53.975
2002-06-29,30.09
2002-06-30,13.16
2002-07-01,6.866
2002-07-02,7.457
2002-07-03,5.238
2002-07-04,3.405
2002-07-05,2.788
2002-07-06,2.648
2002-07-07,2.589
2002-07-08,2.51
2002-07-09,2.519
2002-07-10,2.575
2002-07-11,2.612
2002-07-12,2.65
2002-07-13,2.733
2002-07-14,2.944
2002-07-15,3.828
2002-07-16,3.88
2002-07-17,3.179
2002-07-18,2.773
2002-07-19,2.73
2002-07-20,2.773
2002-07-21,3.062
2002-07-22,3.042
2002-07-23,2.97
2002-07-24,2.75
2002-07-25,2.604
2002-07-26,2.55
2002-07-27,2.53
2002-07-28,2.672
2002-07-29,2.846
2002-07-30,2.823
2002-07-31,3.005
2002-08-01,3.773
2002-08-02,5.895
2002-08-03,8.54
2002-08-04,13.302
2002-08-05,18.458
2002-08-06,20.577
2002-08-07,16.595
2002-08-08,13.931
2002-08-09,28.247
2002-08-10,37.637
2002-08-11,26.353
2002-08-12,20.884
2002-08-13,23.003
2002-08-14,23.77
2002-08-15,19.621
2002-08-16,8.035
2002-08-17,3.616
2002-08-18,3.266
2002-08-19,3.66
2002-08-20,3.987
2002-08-21,4.124
2002-08-22,4.691
2002-08-23,3.915
2002-08-24,4.899
2002-08-25,7.74
2002-08-26,5.3
2002-08-27,3.726
2002-08-28,3.267
2002-08-29,2.836
2002-08-30,2.735
2002-08-31,2.731
2002-09-01,2.708
2002-09-02,2.786
2002-09-03,2.807
2002-09-04,2.864
2002-09-05,2.703
2002-09-06,2.67
2002-09-07,2.622
2002-09-08,2.575
2002-09-09,2.556
2002-09-10,2.564
2002-09-11,2.59
2002-09-12,2.842
2002-09-13,2.901
2002-09-14,3.224
2002-09-15,3.295
2002-09-16,3.143
2002-09-17,3.388
2002-09-18,3.563
2002-09-19,2.897
2002-09-20,2.574
2002-09-21,2.458
2002-09-22,2.371
2002-09-23,2.375
2002-09-24,2.295
2002-09-25,2.224
2002-09-26,2.215
2002-09-27,2.328
2002-09-28,2.261
2002-09-29,2.179
2002-09-30,2.14
2002-10-01,2.101
2002-10-02,2.244
2002-10-03,2.967
2002-10-04,3.797
2002-10-05,5.72
2002-10-06,5.445
2002-10-07,4.565
2002-10-08,4.54
2002-10-09,4.414
2002-10-10,5.489
2002-10-11,8.958
2002-10-12,4.431
2002-10-13,2.648
2002-10-14,2.071
2002-10-15,1.602
2002-10-16,1.5
2002-10-17,1.505
2002-10-18,1.482
2002-10-19,1.481
2002-10-20,1.472
2002-10-21,1.516
2002-10-22,1.545
2002-10-23,1.607
2002-10-24,1.639
2002-10-25,1.735
2002-10-26,2.12
2002-10-27,2.985
2002-10-28,3.56
2002-10-29,2.513
2002-10-30,2.799
2002-10-31,5.04
2002-11-01,7.669
2002-11-02,7.028
2002-11-03,4.497
2002-11-04,3.887
2002-11-05,3.211
2002-11-06,2.554
2002-11-07,2.56
2002-11-08,3.217
2002-11-09,4.222
2002-11-10,5.842
2002-11-11,5.297
2002-11-12,4.349
2002-11-13,2.695
2002-11-14,1.932
2002-11-15,1.548
2002-11-16,1.533
2002-11-17,1.732
2002-11-18,1.77
2002-11-19,1.494
2002-11-20,1.36
2002-11-21,1.32
2002-11-22,1.253
2002-11-23,1.172
2002-11-24,1.195
2002-11-25,1.533
2002-11-26,2.088
2002-11-27,2.371
2002-11-28,2.385
2002-11-29,1.912
2002-11-30,1.317
2002-12-01,1.068
2002-12-02,1.03
2002-12-03,1.014
2002-12-04,1.007
2002-12-05,1.044
2002-12-06,1.053
2002-12-07,1.053
2002-12-08,1.132
2002-12-09,1.152
2002-12-10,1.112
2002-12-11,0.998
2002-12-12,1.039
2002-12-13,1.101
2002-12-14,1.25
2002-12-15,1.277
2002-12-16,1.465
2002-12-17,1.773
2002-12-18,1.983
2002-12-19,3.23
2002-12-20,5.727
2002-12-21,5.944
2002-12-22,5.234
2002-12-23,8.36
2002-12-24,11.099
2002-12-25,7.457
2002-12-26,7.975
2002-12-27,8.272
2002-12-28,6.075
2002-12-29,6.713
2002-12-30,3.465
2002-12-31,1.641
2003-01-01,1.63
2003-01-02,3.745
2003-01-03,4.892
2003-01-04,2.365
2003-01-05,1.176
2003-01-06,0.927
2003-01-07,0.841
2003-01-08,0.779
2003-01-09,0.77
2003-01-10,0.791
2003-01-11,0.704
2003-01-12,0.64
2003-01-13,0.598
2003-01-14,0.565
2003-01-15,0.577
2003-01-16,0.553
2003-01-17,0.553
2003-01-18,0.544
2003-01-19,0.546
2003-01-20,0.607
2003-01-21,0.972
2003-01-22,1.244
2003-01-23,1.554
2003-01-24,1.148
2003-01-25,1.089
2003-01-26,1.094
2003-01-27,0.825
2003-01-28,0.69
2003-01-29,0.661
2003-01-30,0.69
2003-01-31,0.655
2003-02-01,0.575
2003-02-02,0.597
2003-02-03,0.576
2003-02-04,0.513
2003-02-05,0.472
2003-02-06,0.45
2003-02-07,0.462
2003-02-08,0.464
2003-02-09,0.456
2003-02-10,0.452
2003-02-11,0.464
2003-02-12,0.49
2003-02-13,0.452
2003-02-14,0.432
2003-02-15,0.508
2003-02-16,0.443
2003-02-17,0.408
2003-02-18,0.38
2003-02-19,0.387
2003-02-20,0.386
2003-02-21,0.377
2003-02-22,0.342
2003-02-23,0.312
2003-02-24,0.317
2003-02-25,0.336
2003-02-26,0.343
2003-02-27,0.333
2003-02-28,0.343
2003-03-01,0.425
2003-03-02,0.446
2003-03-03,0.452
2003-03-04,0.559
2003-03-05,0.543
2003-03-06,0.437
2003-03-07,0.375
2003-03-08,0.332
2003-03-09,0.306
2003-03-10,0.301
2003-03-11,0.313
2003-03-12,0.326
2003-03-13,0.335
2003-03-14,0.403
2003-03-15,0.618
2003-03-16,1.069
2003-03-17,2.028
2003-03-18,2.056
2003-03-19,1.509
2003-03-20,0.78
2003-03-21,0.421
2003-03-22,0.359
2003-03-23,0.395
2003-03-24,0.512
2003-03-25,0.787
2003-03-26,1.004
2003-03-27,1.16
2003-03-28,1.278
2003-03-29,1.705
2003-03-30,3.345
2003-03-31,8.563
2003-04-01,10.608
2003-04-02,9.261
2003-04-03,10.766
2003-04-04,11.844
2003-04-05,7.159
2003-04-06,3.712
2003-04-07,1.22
2003-04-08,0.461
2003-04-09,0.383
2003-04-10,0.292
2003-04-11,0.249
2003-04-12,0.243
2003-04-13,0.329
2003-04-14,0.534
2003-04-15,1.045
2003-04-16,2.31
2003-04-17,5.023
2003-04-18,7.054
2003-04-19,13.653
2003-04-20,28.249
2003-04-21,45.137
2003-04-22,54.958
2003-04-23,79.233
2003-04-24,74.003
2003-04-25,105.569
2003-04-26,165.198
2003-04-27,170.502
2003-04-28,124.4
2003-04-29,83.1
2003-04-30,52.639
2003-05-01,77.872
2003-05-02,95.317
2003-05-03,132.064
2003-05-04,166.834
2003-05-05,139.879
2003-05-06,90.304
2003-05-07,115.877
2003-05-08,95.36
2003-05-09,94.113
2003-05-10,97.768
2003-05-11,120.333
2003-05-12,136.629
2003-05-13,125.337
2003-05-14,100.975
2003-05-15,92.029
2003-05-16,84.958
2003-05-17,83.316
2003-05-18,94.55
2003-05-19,78.612
2003-05-20,42.165
2003-05-21,23.096
2003-05-22,17.99
2003-05-23,8.826
2003-05-24,5.063
2003-05-25,5.027
2003-05-26,6.439
2003-05-27,8.678
2003-05-28,8.712
2003-05-29,13.505
2003-05-30,17.555
2003-05-31,12.762
2003-06-01,10.267
2003-06-02,6.083
2003-06-03,4.836
2003-06-04,4.754
2003-06-05,5.34
2003-06-06,7.97
2003-06-07,14.049
2003-06-08,21.96
2003-06-09,22.998
2003-06-10,19.59
2003-06-11,20.106
2003-06-12,30.84
2003-06-13,53.776
2003-06-14,80.444
2003-06-15,121.474
2003-06-16,158.05
2003-06-17,130.804
2003-06-18,94.215
2003-06-19,76.043
2003-06-20,52.671
2003-06-21,71.305
2003-06-22,78.525
2003-06-23,75.27
2003-06-24,54.64
2003-06-25,42.558
2003-06-26,41.013
2003-06-27,40.58
2003-06-28,47.655
2003-06-29,83.725
2003-06-30,118.515
2003-07-01,107.383
2003-07-02,91.47
2003-07-03,76.909
2003-07-04,60.718
2003-07-05,43.622
2003-07-06,31.683
2003-07-07,44.58
2003-07-08,64.399
2003-07-09,82.36
2003-07-10,128.156
2003-07-11,139.406
2003-07-12,132.182
2003-07-13,136.755
2003-07-14,121.746
2003-07-15,143.978
2003-07-16,102.888
2003-07-17,78.651
2003-07-18,83.064
2003-07-19,69.685
2003-07-20,62.429
2003-07-21,64.117
2003-07-22,89.762
2003-07-23,102.841
2003-07-24,94.544
2003-07-25,129.754
2003-07-26,183.3
2003-07-27,300.385
2003-07-28,359.513
2003-07-29,209.246
2003-07-30,143.243
2003-07-31,113.681
2003-08-01,88.092
2003-08-02,76.07
2003-08-03,76.861
2003-08-04,83.783
2003-08-05,90.898
2003-08-06,107.694
2003-08-07,130.779
2003-08-08,92.714
2003-08-09,69.48
2003-08-10,57.021
2003-08-11,52.531
2003-08-12,54.914
2003-08-13,56.064
2003-08-14,60.593
2003-08-15,72.158
2003-08-16,69.685
2003-08-17,59.576
2003-08-18,56.305
2003-08-19,69.587
2003-08-20,92.647
2003-08-21,115.639
2003-08-22,142.284
2003-08-23,141.85
2003-08-24,128.657
2003-08-25,105.029
2003-08-26,144.732
2003-08-27,167.443
2003-08-28,157.4
2003-08-29,188.025
2003-08-30,213.202
2003-08-31,298.649
2003-09-01,373.078
2003-09-02,267.297
2003-09-03,165.216
2003-09-04,118.74
2003-09-05,100.137
2003-09-06,92.544
2003-09-07,87.818
2003-09-08,84.852
2003-09-09,86.571
2003-09-10,92.692
2003-09-11,87.731
2003-09-12,77.002
2003-09-13,70.211
2003-09-14,66.122
2003-09-15,63.317
2003-09-16,61.758
2003-09-17,66.557
2003-09-18,72.351
2003-09-19,62.919
2003-09-20,53.774
2003-09-21,49.885
2003-09-22,47.713
2003-09-23,45.741
2003-09-24,44.014
2003-09-25,42.472
2003-09-26,41.005
2003-09-27,39.632
2003-09-28,38.32
2003-09-29,37.088
2003-09-30,35.962
2003-10-01,34.903
2003-10-02,33.942
2003-10-03,33.458
2003-10-04,33.22
2003-10-05,33.064
2003-10-06,31.212
2003-10-07,29.494
2003-10-08,28.606
2003-10-09,27.982
2003-10-10,27.394
2003-10-11,26.657
2003-10-12,25.828
2003-10-13,25.087
2003-10-14,24.465
2003-10-15,23.918
2003-10-16,23.336
2003-10-17,22.746
2003-10-18,22.36
2003-10-19,22.184
2003-10-20,22.009
2003-10-21,21.56
2003-10-22,21.258
2003-10-23,20.724
2003-10-24,19.697
2003-10-25,18.972
2003-10-26,18.537
2003-10-27,18.153
2003-10-28,17.856
2003-10-29,17.552
2003-10-30,17.051
2003-10-31,16.819
2003-11-01,16.549
2003-11-02,16.104
2003-11-03,15.736
2003-11-04,15.615
2003-11-05,15.216
2003-11-06,14.742
2003-11-07,14.385
2003-11-08,13.99
2003-11-09,13.85
2003-11-10,13.992
2003-11-11,14.826
2003-11-12,15.379
2003-11-13,15.506
2003-11-14,14.327
2003-11-15,12.996
2003-11-16,12.268
2003-11-17,11.968
2003-11-18,11.676
2003-11-19,11.518
2003-11-20,11.351
2003-11-21,11.313
2003-11-22,11.002
2003-11-23,10.637
2003-11-24,10.452
2003-11-25,10.351
2003-11-26,10.018
2003-11-27,9.695
2003-11-28,9.501
2003-11-29,9.545
2003-11-30,10.027
2003-12-01,10.005
2003-12-02,10.261
2003-12-03,11.875
2003-12-04,13.783
2003-12-05,11.337
2003-12-06,9.342
2003-12-07,8.889
2003-12-08,9.552
2003-12-09,10.933
2003-12-10,11.359
2003-12-11,11.489
2003-12-12,11.685
2003-12-13,9.966
2003-12-14,9.373
2003-12-15,8.469
2003-12-16,7.512
2003-12-17,7.053
2003-12-18,6.821
2003-12-19,6.682
2003-12-20,6.596
2003-12-21,6.464
2003-12-22,6.375
2003-12-23,6.302
2003-12-24,6.245
2003-12-25,6.19
2003-12-26,6.049
2003-12-27,5.927
2003-12-28,5.783
2003-12-29,5.61
2003-12-30,5.564
2003-12-31,5.488
2004-01-01,5.393
2004-01-02,5.252
2004-01-03,5.177
2004-01-04,5.13
2004-01-05,5.105
2004-01-06,5.11
2004-01-07,4.996
2004-01-08,5.032
2004-01-09,5.078
2004-01-10,4.852
2004-01-11,4.671
2004-01-12,4.553
2004-01-13,4.468
2004-01-14,4.483
2004-01-15,4.712
2004-01-16,4.917
2004-01-17,5.709
2004-01-18,6.751
2004-01-19,9.211
2004-01-20,8.796
2004-01-21,6.547
2004-01-22,4.945
2004-01-23,4.337
2004-01-24,4.146
2004-01-25,4.562
2004-01-26,5.753
2004-01-27,7.218
2004-01-28,7.504
2004-01-29,7.998
2004-01-30,5.705
2004-01-31,4.24
2004-02-01,3.918
2004-02-02,3.773
2004-02-03,3.702
2004-02-04,3.533
2004-02-05,3.389
2004-02-06,3.301
2004-02-07,3.302
2004-02-08,3.195
2004-02-09,3.138
2004-02-10,3.102
2004-02-11,3.042
2004-02-12,3.024
2004-02-13,2.996
2004-02-14,2.97
2004-02-15,2.899
2004-02-16,2.805
2004-02-17,2.822
2004-02-18,2.971
2004-02-19,3.137
2004-02-20,3.542
2004-02-21,4.075
2004-02-22,4.123
2004-02-23,3.616
2004-02-24,2.982
2004-02-25,2.73
2004-02-26,2.62
2004-02-27,2.561
2004-02-28,2.596
2004-02-29,2.752
2004-03-01,2.82
2004-03-02,2.58
2004-03-03,2.455
2004-03-04,2.366
2004-03-05,2.292
2004-03-06,2.25
2004-03-07,2.292
2004-03-08,2.382
2004-03-09,2.35
2004-03-10,2.355
2004-03-11,2.258
2004-03-12,2.238
2004-03-13,2.484
2004-03-14,2.697
2004-03-15,2.574
2004-03-16,3.475
2004-03-17,3.052
2004-03-18,2.3
2004-03-19,2.002
2004-03-20,1.95
2004-03-21,1.935
2004-03-22,1.934
2004-03-23,1.891
2004-03-24,1.934
2004-03-25,1.932
2004-03-26,1.833
2004-03-27,1.807
2004-03-28,1.786
2004-03-29,1.741
2004-03-30,1.712
2004-03-31,1.838
2004-04-01,2.191
2004-04-02,2.932
2004-04-03,3.879
2004-04-04,4.167
2004-04-05,6.158
2004-04-06,8.019
2004-04-07,8.025
2004-04-08,9.811
2004-04-09,13.9
2004-04-10,18.638
2004-04-11,10.54
2004-04-12,7.118
2004-04-13,7.255
2004-04-14,12.882
2004-04-15,28.925
2004-04-16,39.79
2004-04-17,30.935
2004-04-18,16.934
2004-04-19,8.843
2004-04-20,10.372
2004-04-21,12.499
2004-04-22,18.375
2004-04-23,40.169
2004-04-24,75.934
2004-04-25,77.731
2004-04-26,45.361
2004-04-27,14.665
2004-04-28,5.547
2004-04-29,8.48
2004-04-30,14.237
2004-05-01,20.668
2004-05-02,33.875
2004-05-03,40.23
2004-05-04,65.399
2004-05-05,99.113
2004-05-06,88.561
2004-05-07,58.341
2004-05-08,34.786
2004-05-09,28.008
2004-05-10,32.303
2004-05-11,44.965
2004-05-12,64.864
2004-05-13,68.334
2004-05-14,69.953
2004-05-15,63.731
2004-05-16,49.3
2004-05-17,34.634
2004-05-18,20.559
2004-05-19,20.713
2004-05-20,8.158
2004-05-21,2.61
2004-05-22,1.762
2004-05-23,1.709
2004-05-24,1.698
2004-05-25,1.673
2004-05-26,1.689
2004-05-27,1.73
2004-05-28,1.752
2004-05-29,1.957
2004-05-30,2.807
2004-05-31,6.394
2004-06-01,10.666
2004-06-02,17.312
2004-06-03,26.609
2004-06-04,21.053
2004-06-05,12.325
2004-06-06,5.644
2004-06-07,4.247
2004-06-08,3.068
2004-06-09,3.473
2004-06-10,5.614
2004-06-11,8.846
2004-06-12,9.997
2004-06-13,11.239
2004-06-14,12.94
2004-06-15,14.552
2004-06-16,10.791
2004-06-17,6.83
2004-06-18,12.924
2004-06-19,34.437
2004-06-20,62.378
2004-06-21,64.783
2004-06-22,80.976
2004-06-23,63.723
2004-06-24,35.692
2004-06-25,34.189
2004-06-26,31.722
2004-06-27,13.283
2004-06-28,5.411
2004-06-29,4.184
2004-06-30,4.159
2004-07-01,4.257
2004-07-02,4.406
2004-07-03,4.715
2004-07-04,5.128
2004-07-05,5.219
2004-07-06,4.722
2004-07-07,4.89
2004-07-08,5.124
2004-07-09,5.312
2004-07-10,7.016
2004-07-11,10.728
2004-07-12,14.203
2004-07-13,18.594
2004-07-14,19.582
2004-07-15,12.23
2004-07-16,8.922
2004-07-17,9.149
2004-07-18,9.524
2004-07-19,11.45
2004-07-20,8.582
2004-07-21,8.581
2004-07-22,10.385
2004-07-23,15.243
2004-07-24,27.037
2004-07-25,36.085
2004-07-26,30.03
2004-07-27,20.143
2004-07-28,14.214
2004-07-29,17.333
2004-07-30,38.182
2004-07-31,47.716
2004-08-01,61.582
2004-08-02,70.094
2004-08-03,71.222
2004-08-04,73.384
2004-08-05,99.26
2004-08-06,94.973
2004-08-07,93.268
2004-08-08,70.491
2004-08-09,42.762
2004-08-10,30.872
2004-08-11,40.493
2004-08-12,37.204
2004-08-13,39.088
2004-08-14,62.916
2004-08-15,66.514
2004-08-16,81.215
2004-08-17,83.825
2004-08-18,67.207
2004-08-19,42.884
2004-08-20,45.676
2004-08-21,44.727
2004-08-22,39.825
2004-08-23,30.022
2004-08-24,25.771
2004-08-25,23.671
2004-08-26,23.928
2004-08-27,20.409
2004-08-28,19.172
2004-08-29,19.108
2004-08-30,19.926
2004-08-31,21.02
2004-09-01,19.147
2004-09-02,17.392
2004-09-03,16.686
2004-09-04,16.448
2004-09-05,16.754
2004-09-06,18.389
2004-09-07,19.431
2004-09-08,17.618
2004-09-09,17.02
2004-09-10,17.071
2004-09-11,15.131
2004-09-12,14.502
2004-09-13,13.708
2004-09-14,13.65
2004-09-15,15.279
2004-09-16,16.15
2004-09-17,16.178
2004-09-18,13.89
2004-09-19,12.378
2004-09-20,11.572
2004-09-21,11.085
2004-09-22,10.815
2004-09-23,10.632
2004-09-24,11.643
2004-09-25,12.114
2004-09-26,12.143
2004-09-27,12.957
2004-09-28,12.392
2004-09-29,13.288
2004-09-30,19.64
2004-10-01,32.576
2004-10-02,48.258
2004-10-03,60.586
2004-10-04,52.648
2004-10-05,36.875
2004-10-06,24.015
2004-10-07,19.338
2004-10-08,12.278
2004-10-09,9.59
2004-10-10,9.149
2004-10-11,9.048
2004-10-12,8.964
2004-10-13,8.878
2004-10-14,8.748
2004-10-15,8.635
2004-10-16,8.628
2004-10-17,8.815
2004-10-18,9.181
2004-10-19,9.774
2004-10-20,9.546
2004-10-21,9.686
2004-10-22,9.267
2004-10-23,8.501
2004-10-24,8.049
2004-10-25,7.904
2004-10-26,7.773
2004-10-27,7.677
2004-10-28,7.752
2004-10-29,8.417
2004-10-30,12.368
2004-10-31,20.695
2004-11-01,27.604
2004-11-02,23.4
2004-11-03,21.622
2004-11-04,31.676
2004-11-05,38.964
2004-11-06,37.822
2004-11-07,55.935
2004-11-08,52.077
2004-11-09,30.389
2004-11-10,15.33
2004-11-11,12.265
2004-11-12,8.913
2004-11-13,6.797
2004-11-14,6.313
2004-11-15,6.348
2004-11-16,6.441
2004-11-17,6.193
2004-11-18,6.248
2004-11-19,6.033
2004-11-20,6.031
2004-11-21,6.826
2004-11-22,10.31
2004-11-23,16.656
2004-11-24,23.754
2004-11-25,34.62
2004-11-26,42.891
2004-11-27,48.373
2004-11-28,44.124
2004-11-29,25.737
2004-11-30,11.72
2004-12-01,6.817
2004-12-02,5.66
2004-12-03,5.351
2004-12-04,5.089
2004-12-05,4.935
2004-12-06,4.861
2004-12-07,4.827
2004-12-08,4.845
2004-12-09,4.866
2004-12-10,4.845
2004-12-11,5.045
2004-12-12,5.041
2004-12-13,4.822
2004-12-14,4.72
2004-12-15,4.703
2004-12-16,4.62
2004-12-17,4.585
2004-12-18,4.91
2004-12-19,5.812
2004-12-20,6.83
2004-12-21,7.613
2004-12-22,6.327
2004-12-23,5.0
2004-12-24,4.657
2004-12-25,5.148
2004-12-26,6.39
2004-12-27,7.185
2004-12-28,7.515
2004-12-29,9.198
2004-12-30,10.048
2004-12-31,5.929
2005-01-01,4.246
2005-01-02,3.89
2005-01-03,3.814
2005-01-04,3.766
2005-01-05,3.699
2005-01-06,3.658
2005-01-07,3.577
2005-01-08,3.529
2005-01-09,3.502
2005-01-10,3.466
2005-01-11,3.437
2005-01-12,3.392
2005-01-13,3.342
2005-01-14,3.284
2005-01-15,3.282
2005-01-16,3.255
2005-01-17,3.25
2005-01-18,3.23
2005-01-19,3.205
2005-01-20,3.171
2005-01-21,3.111
2005-01-22,3.056
2005-01-23,3.001
2005-01-24,2.927
2005-01-25,2.907
2005-01-26,2.966
2005-01-27,3.127
2005-01-28,3.406
2005-01-29,3.877
2005-01-30,4.417
2005-01-31,4.751
2005-02-01,4.627
2005-02-02,4.423
2005-02-03,4.726
2005-02-04,4.588
2005-02-05,3.338
2005-02-06,2.718
2005-02-07,2.55
2005-02-08,2.516
2005-02-09,2.492
2005-02-10,2.478
2005-02-11,2.453
2005-02-12,2.451
2005-02-13,2.416
2005-02-14,2.395
2005-02-15,2.347
2005-02-16,2.292
2005-02-17,2.257
2005-02-18,2.25
2005-02-19,2.24
2005-02-20,2.181
2005-02-21,2.176
2005-02-22,2.193
2005-02-23,2.145
2005-02-24,2.118
2005-02-25,2.101
2005-02-26,2.04
2005-02-27,2.071
2005-02-28,2.828
2005-03-01,6.137
2005-03-02,5.964
2005-03-03,7.378
2005-03-04,9.903
2005-03-05,9.127
2005-03-06,8.553
2005-03-07,6.675
2005-03-08,3.487
2005-03-09,2.217
2005-03-10,1.81
2005-03-11,1.733
2005-03-12,1.724
2005-03-13,1.725
2005-03-14,1.778
2005-03-15,1.798
2005-03-16,1.706
2005-03-17,1.823
2005-03-18,2.184
2005-03-19,2.512
2005-03-20,4.558
2005-03-21,8.397
2005-03-22,5.835
2005-03-23,8.427
2005-03-24,9.74
2005-03-25,13.297
2005-03-26,14.813
2005-03-27,22.734
2005-03-28,26.494
2005-03-29,26.852
2005-03-30,15.506
2005-03-31,13.856
2005-04-01,4.963
2005-04-02,1.986
2005-04-03,1.562
2005-04-04,1.412
2005-04-05,1.402
2005-04-06,1.6
2005-04-07,2.319
2005-04-08,3.474
2005-04-09,4.932
2005-04-10,9.763
2005-04-11,23.067
2005-04-12,31.714
2005-04-13,26.265
2005-04-14,15.175
2005-04-15,5.06
2005-04-16,2.136
2005-04-17,1.962
2005-04-18,1.892
2005-04-19,1.879
2005-04-20,1.665
2005-04-21,1.574
2005-04-22,1.478
2005-04-23,1.328
2005-04-24,1.266
2005-04-25,1.27
2005-04-26,1.297
2005-04-27,1.386
2005-04-28,1.642
2005-04-29,3.471
2005-04-30,6.972
2005-05-01,15.505
2005-05-02,52.891
2005-05-03,64.917
2005-05-04,66.118
2005-05-05,62.64
2005-05-06,56.92
2005-05-07,74.663
2005-05-08,70.893
2005-05-09,78.305
2005-05-10,85.636
2005-05-11,61.636
2005-05-12,54.288
2005-05-13,67.934
2005-05-14,75.415
2005-05-15,39.706
2005-05-16,34.548
2005-05-17,44.948
2005-05-18,72.856
2005-05-19,73.634
2005-05-20,46.003
2005-05-21,23.902
2005-05-22,10.289
2005-05-23,13.726
2005-05-24,23.218
2005-05-25,25.198
2005-05-26,50.174
2005-05-27,84.754
2005-05-28,113.625
2005-05-29,113.506
2005-05-30,123.925
2005-05-31,124.478
2005-06-01,74.623
2005-06-02,47.1
2005-06-03,24.519
2005-06-04,15.255
2005-06-05,12.01
2005-06-06,10.522
2005-06-07,10.182
2005-06-08,10.562
2005-06-09,11.272
2005-06-10,14.149
2005-06-11,19.985
2005-06-12,26.658
2005-06-13,27.013
2005-06-14,22.178
2005-06-15,14.339
2005-06-16,10.584
2005-06-17,9.405
2005-06-18,9.309
2005-06-19,10.03
2005-06-20,12.395
2005-06-21,17.899
2005-06-22,33.738
2005-06-23,78.75
2005-06-24,68.968
2005-06-25,38.862
2005-06-26,39.304
2005-06-27,41.064
2005-06-28,36.983
2005-06-29,20.03
2005-06-30,12.03
2005-07-01,11.73
2005-07-02,17.26
2005-07-03,36.416
2005-07-04,37.825
2005-07-05,32.47
2005-07-06,22.24
2005-07-07,13.765
2005-07-08,21.19
2005-07-09,41.561
2005-07-10,43.881
2005-07-11,38.797
2005-07-12,25.781
2005-07-13,22.045
2005-07-14,20.611
2005-07-15,13.335
2005-07-16,10.048
2005-07-17,9.642
2005-07-18,10.38
2005-07-19,11.889
2005-07-20,16.688
2005-07-21,25.988
2005-07-22,30.929
2005-07-23,35.097
2005-07-24,40.253
2005-07-25,53.827
2005-07-26,65.877
2005-07-27,66.339
2005-07-28,47.764
2005-07-29,38.49
2005-07-30,31.735
2005-07-31,24.719
2005-08-01,31.739
2005-08-02,50.701
2005-08-03,61.787
2005-08-04,66.676
2005-08-05,58.746
2005-08-06,46.328
2005-08-07,32.583
2005-08-08,22.145
2005-08-09,19.027
2005-08-10,17.444
2005-08-11,16.66
2005-08-12,16.695
2005-08-13,16.695
2005-08-14,16.981
2005-08-15,16.433
2005-08-16,16.041
2005-08-17,16.208
2005-08-18,18.268
2005-08-19,26.12
2005-08-20,28.521
2005-08-21,32.962
2005-08-22,48.689
2005-08-23,63.038
2005-08-24,61.558
2005-08-25,59.367
2005-08-26,51.084
2005-08-27,61.752
2005-08-28,59.339
2005-08-29,103.919
2005-08-30,99.818
2005-08-31,52.918
2005-09-01,32.782
2005-09-02,19.083
2005-09-03,15.701
2005-09-04,16.247
2005-09-05,16.637
2005-09-06,20.112
2005-09-07,22.612
2005-09-08,23.132
2005-09-09,24.872
2005-09-10,30.825
2005-09-11,39.378
2005-09-12,48.513
2005-09-13,56.14
2005-09-14,58.313
2005-09-15,86.978
2005-09-16,108.051
2005-09-17,117.317
2005-09-18,112.627
2005-09-19,125.597
2005-09-20,145.378
2005-09-21,106.63
2005-09-22,71.17
2005-09-23,51.86
2005-09-24,35.5
2005-09-25,30.331
2005-09-26,29.754
2005-09-27,29.53
2005-09-28,29.127
2005-09-29,28.597
2005-09-30,27.978
2005-10-01,27.317
2005-10-02,26.562
2005-10-03,26.616
2005-10-04,28.55
2005-10-05,27.331
2005-10-06,23.738
2005-10-07,21.245
2005-10-08,19.855
2005-10-09,19.039
2005-10-10,18.337
2005-10-11,17.637
2005-10-12,17.161
2005-10-13,17.19
2005-10-14,17.678
2005-10-15,16.396
2005-10-16,15.376
2005-10-17,15.572
2005-10-18,15.893
2005-10-19,14.949
2005-10-20,13.611
2005-10-21,12.868
2005-10-22,12.736
2005-10-23,13.048
2005-10-24,13.487
2005-10-25,14.052
2005-10-26,13.046
2005-10-27,12.468
2005-10-28,12.12
2005-10-29,11.441
2005-10-30,10.935
2005-10-31,10.496
2005-11-01,9.984
2005-11-02,9.589
2005-11-03,9.215
2005-11-04,8.915
2005-11-05,9.552
2005-11-06,12.495
2005-11-07,17.175
2005-11-08,17.598
2005-11-09,12.481
2005-11-10,12.41
2005-11-11,10.684
2005-11-12,8.611
2005-11-13,7.972
2005-11-14,7.81
2005-11-15,7.368
2005-11-16,7.008
2005-11-17,6.742
2005-11-18,6.612
2005-11-19,6.439
2005-11-20,6.253
2005-11-21,6.163
2005-11-22,6.128
2005-11-23,6.108
2005-11-24,6.042
2005-11-25,5.835
2005-11-26,5.655
2005-11-27,5.474
2005-11-28,5.353
2005-11-29,5.252
2005-11-30,5.207
2005-12-01,5.082
2005-12-02,4.982
2005-12-03,4.89
2005-12-04,4.8
2005-12-05,4.71
2005-12-06,4.643
2005-12-07,4.572
2005-12-08,4.485
2005-12-09,4.417
2005-12-10,4.375
2005-12-11,4.31
2005-12-12,4.23
2005-12-13,4.163
2005-12-14,4.172
2005-12-15,4.063
2005-12-16,3.952
2005-12-17,3.855
2005-12-18,3.747
2005-12-19,3.654
2005-12-20,3.58
2005-12-21,3.495
2005-12-22,3.464
2005-12-23,3.429
2005-12-24,3.385
2005-12-25,3.358
2005-12-26,3.319
2005-12-27,3.266
2005-12-28,3.202
2005-12-29,3.139
2005-12-30,3.066
2005-12-31,3.016
2006-01-01,2.982
2006-01-02,2.946
2006-01-03,2.908
2006-01-04,2.876
2006-01-05,2.828
2006-01-06,2.769
2006-01-07,2.723
2006-01-08,2.705
2006-01-09,2.675
2006-01-10,2.649
2006-01-11,2.609
2006-01-12,2.608
2006-01-13,2.587
2006-01-14,2.533
2006-01-15,2.5
2006-01-16,2.508
2006-01-17,2.625
2006-01-18,3.036
2006-01-19,3.563
2006-01-20,3.744
2006-01-21,4.134
2006-01-22,3.224
2006-01-23,2.528
2006-01-24,2.255
2006-01-25,2.157
2006-01-26,2.106
2006-01-27,2.092
2006-01-28,2.06
2006-01-29,2.012
2006-01-30,2.002
2006-01-31,1.997
2006-02-01,1.97
2006-02-02,1.915
2006-02-03,1.903
2006-02-04,1.886
2006-02-05,1.913
2006-02-06,1.91
2006-02-07,1.872
2006-02-08,1.789
2006-02-09,1.742
2006-02-10,1.735
2006-02-11,1.714
2006-02-12,1.698
2006-02-13,1.636
2006-02-14,1.701
2006-02-15,1.875
2006-02-16,2.158
2006-02-17,2.467
2006-02-18,2.529
2006-02-19,2.084
2006-02-20,1.777
2006-02-21,1.614
2006-02-22,1.554
2006-02-23,1.586
2006-02-24,1.728
2006-02-25,2.083
2006-02-26,2.478
2006-02-27,2.794
2006-02-28,3.949
2006-03-01,4.345
2006-03-02,6.631
2006-03-03,10.42
2006-03-04,7.373
2006-03-05,4.888
2006-03-06,6.238
2006-03-07,7.942
2006-03-08,6.759
2006-03-09,5.264
2006-03-10,4.098
2006-03-11,6.296
2006-03-12,17.105
2006-03-13,24.098
2006-03-14,21.162
2006-03-15,12.304
2006-03-16,3.704
2006-03-17,1.5
2006-03-18,1.354
2006-03-19,1.905
2006-03-20,3.114
2006-03-21,4.95
2006-03-22,5.901
2006-03-23,8.535
2006-03-24,11.265
2006-03-25,7.901
2006-03-26,6.245
2006-03-27,6.2
2006-03-28,8.466
2006-03-29,13.601
2006-03-30,21.378
2006-03-31,12.332
2006-04-01,4.244
2006-04-02,3.402
2006-04-03,2.945
2006-04-04,5.829
2006-04-05,13.51
2006-04-06,31.552
2006-04-07,86.655
2006-04-08,126.072
2006-04-09,73.522
2006-04-10,38.698
2006-04-11,30.481
2006-04-12,19.33
2006-04-13,8.171
2006-04-14,3.883
2006-04-15,2.325
2006-04-16,1.749
2006-04-17,1.622
2006-04-18,1.925
2006-04-19,4.207
2006-04-20,9.085
2006-04-21,14.451
2006-04-22,21.818
2006-04-23,27.296
2006-04-24,28.199
2006-04-25,32.017
2006-04-26,34.14
2006-04-27,50.903
2006-04-28,47.444
2006-04-29,51.703
2006-04-30,36.793
2006-05-01,27.641
2006-05-02,17.101
2006-05-03,31.598
2006-05-04,41.62
2006-05-05,29.219
2006-05-06,39.268
2006-05-07,47.305
2006-05-08,41.593
2006-05-09,26.032
2006-05-10,21.002
2006-05-11,41.683
2006-05-12,57.653
2006-05-13,42.934
2006-05-14,25.585
2006-05-15,16.735
2006-05-16,30.023
2006-05-17,55.812
2006-05-18,85.883
2006-05-19,97.14
2006-05-20,108.929
2006-05-21,116.808
2006-05-22,85.223
2006-05-23,43.334
2006-05-24,22.785
2006-05-25,16.693
2006-05-26,18.731
2006-05-27,21.995
2006-05-28,33.524
2006-05-29,37.765
2006-05-30,31.213
2006-05-31,22.342
2006-06-01,27.432
2006-06-02,33.799
2006-06-03,28.709
2006-06-04,35.464
2006-06-05,41.958
2006-06-06,40.843
2006-06-07,19.151
2006-06-08,11.463
2006-06-09,11.85
2006-06-10,16.35
2006-06-11,10.096
2006-06-12,9.227
2006-06-13,9.758
2006-06-14,13.279
2006-06-15,21.187
2006-06-16,36.244
2006-06-17,58.746
2006-06-18,69.192
2006-06-19,54.779
2006-06-20,32.395
2006-06-21,24.841
2006-06-22,31.948
2006-06-23,47.449
2006-06-24,48.543
2006-06-25,61.367
2006-06-26,55.153
2006-06-27,49.25
2006-06-28,39.648
2006-06-29,50.104
2006-06-30,57.095
2006-07-01,65.922
2006-07-02,52.728
2006-07-03,49.605
2006-07-04,43.03
2006-07-05,35.968
2006-07-06,23.935
2006-07-07,21.835
2006-07-08,25.751
2006-07-09,33.153
2006-07-10,46.48
2006-07-11,76.644
2006-07-12,91.242
2006-07-13,95.078
2006-07-14,79.289
2006-07-15,53.323
2006-07-16,33.934
2006-07-17,24.558
2006-07-18,18.934
2006-07-19,16.97
2006-07-20,16.625
2006-07-21,16.774
2006-07-22,17.77
2006-07-23,19.82
2006-07-24,26.682
2006-07-25,42.302
2006-07-26,67.211
2006-07-27,65.069
2006-07-28,65.1
2006-07-29,86.601
2006-07-30,88.612
2006-07-31,177.288
2006-08-01,142.797
2006-08-02,68.448
2006-08-03,48.763
2006-08-04,49.5
2006-08-05,55.608
2006-08-06,66.158
2006-08-07,116.352
2006-08-08,133.81
2006-08-09,92.108
2006-08-10,88.621
2006-08-11,109.208
2006-08-12,145.864
2006-08-13,154.513
2006-08-14,158.629
2006-08-15,121.027
2006-08-16,89.591
2006-08-17,71.81
2006-08-18,65.786
2006-08-19,77.367
2006-08-20,94.579
2006-08-21,91.439
2006-08-22,80.622
2006-08-23,77.822
2006-08-24,63.725
2006-08-25,55.4
2006-08-26,50.047
2006-08-27,49.545
2006-08-28,57.309
2006-08-29,78.737
2006-08-30,122.174
2006-08-31,121.163
2006-09-01,90.345
2006-09-02,60.293
2006-09-03,47.441
2006-09-04,47.151
2006-09-05,50.202
2006-09-06,46.537
2006-09-07,44.72
2006-09-08,43.109
2006-09-09,40.89
2006-09-10,42.55
2006-09-11,45.558
2006-09-12,40.228
2006-09-13,41.104
2006-09-14,34.598
2006-09-15,31.361
2006-09-16,30.671
2006-09-17,29.995
2006-09-18,29.741
2006-09-19,31.188
2006-09-20,35.479
2006-09-21,38.603
2006-09-22,40.774
2006-09-23,42.286
2006-09-24,37.347
2006-09-25,32.892
2006-09-26,29.838
2006-09-27,27.058
2006-09-28,24.61
2006-09-29,23.436
2006-09-30,22.765
2006-10-01,23.192
2006-10-02,27.583
2006-10-03,34.335
2006-10-04,33.695
2006-10-05,25.29
2006-10-06,21.428
2006-10-07,20.364
2006-10-08,19.658
2006-10-09,19.272
2006-10-10,18.863
2006-10-11,18.461
2006-10-12,18.085
2006-10-13,17.69
2006-10-14,17.328
2006-10-15,16.97
2006-10-16,16.722
2006-10-17,16.498
2006-10-18,16.211
2006-10-19,16.0
2006-10-20,15.808
2006-10-21,15.898
2006-10-22,16.03
2006-10-23,17.199
2006-10-24,24.249
2006-10-25,35.738
2006-10-26,33.214
2006-10-27,28.392
2006-10-28,35.701
2006-10-29,38.505
2006-10-30,31.669
2006-10-31,36.338
2006-11-01,33.73
2006-11-02,21.64
2006-11-03,18.315
2006-11-04,14.735
2006-11-05,12.769
2006-11-06,12.151
2006-11-07,11.909
2006-11-08,11.719
2006-11-09,11.555
2006-11-10,11.573
2006-11-11,11.859
2006-11-12,12.368
2006-11-13,12.13
2006-11-14,12.643
2006-11-15,15.232
2006-11-16,15.019
2006-11-17,19.188
2006-11-18,22.842
2006-11-19,27.038
2006-11-20,27.596
2006-11-21,37.882
2006-11-22,62.031
2006-11-23,92.771
2006-11-24,89.285
2006-11-25,68.951
2006-11-26,44.605
2006-11-27,34.089
2006-11-28,36.119
2006-11-29,28.951
2006-11-30,17.889
2006-12-01,14.052
2006-12-02,13.824
2006-12-03,14.268
2006-12-04,15.048
2006-12-05,14.101
2006-12-06,14.629
2006-12-07,14.95
2006-12-08,12.639
2006-12-09,14.502
2006-12-10,17.82
2006-12-11,15.361
2006-12-12,12.691
2006-12-13,11.319
2006-12-14,10.491
2006-12-15,10.479
2006-12-16,10.676
2006-12-17,10.73
2006-12-18,11.874
2006-12-19,12.413
2006-12-20,10.899
2006-12-21,9.995
2006-12-22,9.985
2006-12-23,10.131
2006-12-24,10.335
2006-12-25,10.598
2006-12-26,10.919
2006-12-27,11.615
2006-12-28,10.004
2006-12-29,10.554
2006-12-30,12.951
2006-12-31,18.586
2007-01-01,29.071
2007-01-02,37.122
2007-01-03,29.952
2007-01-04,17.029
2007-01-05,9.856
2007-01-06,8.113
2007-01-07,7.835
2007-01-08,7.842
2007-01-09,7.79
2007-01-10,7.571
2007-01-11,7.439
2007-01-12,7.33
2007-01-13,7.244
2007-01-14,7.178
2007-01-15,7.137
2007-01-16,7.055
2007-01-17,7.095
2007-01-18,7.489
2007-01-19,8.1
2007-01-20,8.031
2007-01-21,7.872
2007-01-22,7.27
2007-01-23,6.805
2007-01-24,6.64
2007-01-25,6.515
2007-01-26,6.38
2007-01-27,6.309
2007-01-28,6.248
2007-01-29,6.117
2007-01-30,6.103
2007-01-31,6.043
2007-02-01,6.043
2007-02-02,6.275
2007-02-03,7.155
2007-02-04,7.748
2007-02-05,8.958
2007-02-06,9.559
2007-02-07,9.729
2007-02-08,9.557
2007-02-09,8.94
2007-02-10,7.517
2007-02-11,7.028
2007-02-12,6.826
2007-02-13,6.199
2007-02-14,5.429
2007-02-15,5.363
2007-02-16,5.252
2007-02-17,5.445
2007-02-18,5.991
2007-02-19,5.492
2007-02-20,4.904
2007-02-21,4.73
2007-02-22,4.67
2007-02-23,4.618
2007-02-24,4.574
2007-02-25,4.531
2007-02-26,4.581
2007-02-27,5.114
2007-02-28,5.76
2007-03-01,5.435
2007-03-02,5.801
2007-03-03,5.713
2007-03-04,5.015
2007-03-05,4.645
2007-03-06,4.311
2007-03-07,4.071
2007-03-08,3.972
2007-03-09,3.921
2007-03-10,3.927
2007-03-11,4.227
2007-03-12,4.575
2007-03-13,5.13
2007-03-14,6.127
2007-03-15,12.441
2007-03-16,13.616
2007-03-17,8.267
2007-03-18,4.68
2007-03-19,4.078
2007-03-20,4.364
2007-03-21,4.979
2007-03-22,7.963
2007-03-23,11.791
2007-03-24,13.788
2007-03-25,12.035
2007-03-26,6.651
2007-03-27,3.928
2007-03-28,3.36
2007-03-29,3.299
2007-03-30,3.357
2007-03-31,3.344
2007-04-01,3.215
2007-04-02,3.113
2007-04-03,3.117
2007-04-04,3.148
2007-04-05,3.157
2007-04-06,3.115
2007-04-07,2.98
2007-04-08,2.821
2007-04-09,2.771
2007-04-10,2.823
2007-04-11,3.083
2007-04-12,3.625
2007-04-13,4.303
2007-04-14,6.161
2007-04-15,13.792
2007-04-16,25.651
2007-04-17,57.398
2007-04-18,83.55
2007-04-19,57.14
2007-04-20,61.003
2007-04-21,60.63
2007-04-22,65.226
2007-04-23,67.519
2007-04-24,63.806
2007-04-25,41.633
2007-04-26,27.35
2007-04-27,14.955
2007-04-28,7.971
2007-04-29,4.932
2007-04-30,4.755
2007-05-01,4.469
2007-05-02,4.275
2007-05-03,3.732
2007-05-04,3.314
2007-05-05,3.757
2007-05-06,4.841
2007-05-07,4.541
2007-05-08,4.207
2007-05-09,4.47
2007-05-10,4.645
2007-05-11,4.077
2007-05-12,3.271
2007-05-13,2.763
2007-05-14,2.636
2007-05-15,3.461
2007-05-16,7.005
2007-05-17,10.01
2007-05-18,18.738
2007-05-19,75.011
2007-05-20,118.108
2007-05-21,108.604
2007-05-22,82.429
2007-05-23,65.724
2007-05-24,31.477
2007-05-25,8.728
2007-05-26,3.514
2007-05-27,3.884
2007-05-28,10.614
2007-05-29,23.347
2007-05-30,24.1
2007-05-31,38.835
2007-06-01,48.319
2007-06-02,34.138
2007-06-03,40.3
2007-06-04,97.436
2007-06-05,182.553
2007-06-06,154.412
2007-06-07,95.872
2007-06-08,56.657
2007-06-09,26.058
2007-06-10,27.487
2007-06-11,41.899
2007-06-12,44.815
2007-06-13,46.733
2007-06-14,61.089
2007-06-15,73.135
2007-06-16,77.774
2007-06-17,74.943
2007-06-18,80.411
2007-06-19,114.352
2007-06-20,92.908
2007-06-21,65.519
2007-06-22,47.406
2007-06-23,40.108
2007-06-24,34.09
2007-06-25,25.466
2007-06-26,31.222
2007-06-27,49.508
2007-06-28,47.838
2007-06-29,47.41
2007-06-30,61.438
2007-07-01,54.728
2007-07-02,47.055
2007-07-03,36.738
2007-07-04,152.561
2007-07-05,412.599
2007-07-06,488.74
2007-07-07,463.423
2007-07-08,287.032
2007-07-09,211.56
2007-07-10,124.244
2007-07-11,84.742
2007-07-12,73.469
2007-07-13,65.653
2007-07-14,61.507
2007-07-15,50.855
2007-07-16,36.943
2007-07-17,35.646
2007-07-18,39.715
2007-07-19,43.315
2007-07-20,44.208
2007-07-21,38.128
2007-07-22,32.416
2007-07-23,29.349
2007-07-24,28.032
2007-07-25,27.534
2007-07-26,27.87
2007-07-27,29.963
2007-07-28,33.305
2007-07-29,42.066
2007-07-30,69.815
2007-07-31,91.462
2007-08-01,97.649
2007-08-02,109.572
2007-08-03,117.385
2007-08-04,313.031
2007-08-05,563.262
2007-08-06,377.373
2007-08-07,169.968
2007-08-08,91.105
2007-08-09,72.635
2007-08-10,85.763
2007-08-11,90.602
2007-08-12,99.505
2007-08-13,106.412
2007-08-14,92.443
2007-08-15,103.133
2007-08-16,215.504
2007-08-17,337.372
2007-08-18,298.067
2007-08-19,184.927
2007-08-20,122.328
2007-08-21,133.988
2007-08-22,144.527
2007-08-23,130.181
2007-08-24,105.114
2007-08-25,85.545
2007-08-26,79.93
2007-08-27,77.679
2007-08-28,76.74
2007-08-29,81.749
2007-08-30,92.098
2007-08-31,89.853
2007-09-01,88.63
2007-09-02,99.726
2007-09-03,113.181
2007-09-04,138.92
2007-09-05,174.145
2007-09-06,214.339
2007-09-07,239.851
2007-09-08,257.804
2007-09-09,230.34
2007-09-10,186.196
2007-09-11,171.303
2007-09-12,192.436
2007-09-13,211.178
2007-09-14,249.433
2007-09-15,283.796
2007-09-16,273.459
2007-09-17,199.721
2007-09-18,202.812
2007-09-19,197.028
2007-09-20,158.298
2007-09-21,126.471
2007-09-22,103.228
2007-09-23,95.483
2007-09-24,91.738
2007-09-25,89.353
2007-09-26,88.198
2007-09-27,99.699
2007-09-28,121.325
2007-09-29,171.938
2007-09-30,195.685
2007-10-01,122.976
2007-10-02,99.252
2007-10-03,96.051
2007-10-04,86.731
2007-10-05,78.58
2007-10-06,72.134
2007-10-07,68.914
2007-10-08,66.635
2007-10-09,65.028
2007-10-10,63.72
2007-10-11,62.57
2007-10-12,61.144
2007-10-13,59.616
2007-10-14,57.994
2007-10-15,56.573
2007-10-16,55.285
2007-10-17,53.942
2007-10-18,52.628
2007-10-19,51.375
2007-10-20,50.193
2007-10-21,49.205
2007-10-22,48.842
2007-10-23,49.825
2007-10-24,51.224
2007-10-25,49.763
2007-10-26,47.67
2007-10-27,48.152
2007-10-28,44.981
2007-10-29,41.339
2007-10-30,39.579
2007-10-31,38.485
2007-11-01,37.514
2007-11-02,36.611
2007-11-03,35.717
2007-11-04,35.043
2007-11-05,34.483
2007-11-06,34.234
2007-11-07,33.485
2007-11-08,32.905
2007-11-09,32.135
2007-11-10,31.382
2007-11-11,30.656
2007-11-12,29.975
2007-11-13,29.29
2007-11-14,28.827
2007-11-15,28.724
2007-11-16,28.06
2007-11-17,26.91
2007-11-18,26.155
2007-11-19,25.392
2007-11-20,24.692
2007-11-21,24.181
2007-11-22,23.591
2007-11-23,22.922
2007-11-24,22.307
2007-11-25,21.749
2007-11-26,21.283
2007-11-27,20.815
2007-11-28,20.366
2007-11-29,19.959
2007-11-30,19.546
2007-12-01,19.042
2007-12-02,18.582
2007-12-03,18.18
2007-12-04,17.752
2007-12-05,17.356
2007-12-06,16.981
2007-12-07,16.588
2007-12-08,16.245
2007-12-09,16.084
2007-12-10,16.042
2007-12-11,16.265
2007-12-12,15.972
2007-12-13,15.685
2007-12-14,15.0
2007-12-15,14.315
2007-12-16,13.892
2007-12-17,13.621
2007-12-18,13.382
2007-12-19,13.084
2007-12-20,12.744
2007-12-21,12.474
2007-12-22,12.219
2007-12-23,12.007
2007-12-24,11.794
2007-12-25,11.572
2007-12-26,11.396
2007-12-27,11.213
2007-12-28,10.979
2007-12-29,10.778
2007-12-30,10.615
2007-12-31,10.391
2008-01-01,10.157
2008-01-02,9.988
2008-01-03,9.873
2008-01-04,9.76
2008-01-05,9.655
2008-01-06,9.411
2008-01-07,8.967
2008-01-08,8.605
2008-01-09,8.391
2008-01-10,8.204
2008-01-11,8.018
2008-01-12,7.885
2008-01-13,7.807
2008-01-14,7.701
2008-01-15,7.575
2008-01-16,7.587
2008-01-17,7.587
2008-01-18,7.584
2008-01-19,7.688
2008-01-20,8.402
2008-01-21,8.594
2008-01-22,7.891
2008-01-23,7.311
2008-01-24,6.996
2008-01-25,6.787
2008-01-26,6.602
2008-01-27,6.421
2008-01-28,6.352
2008-01-29,6.254
2008-01-30,6.083
2008-01-31,5.904
2008-02-01,5.815
2008-02-02,5.715
2008-02-03,5.611
2008-02-04,5.52
2008-02-05,5.458
2008-02-06,5.306
2008-02-07,5.23
2008-02-08,5.29
2008-02-09,5.37
2008-02-10,5.347
2008-02-11,5.638
2008-02-12,5.587
2008-02-13,5.12
2008-02-14,4.924
2008-02-15,4.742
2008-02-16,4.646
2008-02-17,4.577
2008-02-18,4.547
2008-02-19,4.46
2008-02-20,4.39
2008-02-21,4.368
2008-02-22,4.278
2008-02-23,4.206
2008-02-24,4.167
2008-02-25,4.138
2008-02-26,4.067
2008-02-27,4.005
2008-02-28,3.892
2008-02-29,3.828
2008-03-01,3.809
2008-03-02,3.795
2008-03-03,3.762
2008-03-04,3.684
2008-03-05,3.66
2008-03-06,3.617
2008-03-07,3.525
2008-03-08,3.503
2008-03-09,3.512
2008-03-10,3.541
2008-03-11,3.64
2008-03-12,3.505
2008-03-13,3.445
2008-03-14,3.47
2008-03-15,3.823
2008-03-16,4.329
2008-03-17,4.95
2008-03-18,5.795
2008-03-19,6.81
2008-03-20,6.255
2008-03-21,6.58
2008-03-22,6.965
2008-03-23,9.441
2008-03-24,17.448
2008-03-25,26.435
2008-03-26,37.351
2008-03-27,34.264
2008-03-28,34.078
2008-03-29,39.197
2008-03-30,31.645
2008-03-31,44.914
2008-04-01,54.69
2008-04-02,75.586
2008-04-03,44.303
2008-04-04,23.66
2008-04-05,10.255
2008-04-06,5.92
2008-04-07,4.011
2008-04-08,2.992
2008-04-09,2.618
2008-04-10,2.897
2008-04-11,3.341
2008-04-12,4.682
2008-04-13,6.742
2008-04-14,7.513
2008-04-15,8.965
2008-04-16,12.729
2008-04-17,14.39
2008-04-18,23.012
2008-04-19,39.87
2008-04-20,41.795
2008-04-21,42.352
2008-04-22,49.148
2008-04-23,46.421
2008-04-24,37.657
2008-04-25,33.042
2008-04-26,29.528
2008-04-27,26.34
2008-04-28,10.929
2008-04-29,5.326
2008-04-30,4.278
2008-05-01,3.765
2008-05-02,3.212
2008-05-03,2.643
2008-05-04,2.391
2008-05-05,2.311
2008-05-06,2.384
2008-05-07,2.43
2008-05-08,2.295
2008-05-09,2.226
2008-05-10,2.15
2008-05-11,2.173
2008-05-12,2.258
2008-05-13,2.257
2008-05-14,2.675
2008-05-15,3.357
2008-05-16,3.677
2008-05-17,2.91
2008-05-18,2.325
2008-05-19,2.253
2008-05-20,2.837
2008-05-21,4.911
2008-05-22,6.515
2008-05-23,4.186
2008-05-24,3.184
2008-05-25,5.044
2008-05-26,7.748
2008-05-27,5.101
2008-05-28,4.127
2008-05-29,3.395
2008-05-30,3.105
2008-05-31,3.815
2008-06-01,4.421
2008-06-02,3.412
2008-06-03,4.204
2008-06-04,9.251
2008-06-05,16.067
2008-06-06,13.703
2008-06-07,23.518
2008-06-08,42.252
2008-06-09,47.021
2008-06-10,49.127
2008-06-11,52.045
2008-06-12,67.28
2008-06-13,63.035
2008-06-14,57.805
2008-06-15,30.429
2008-06-16,18.399
2008-06-17,8.111
2008-06-18,3.552
2008-06-19,3.375
2008-06-20,6.885
2008-06-21,9.39
2008-06-22,6.864
2008-06-23,5.57
2008-06-24,4.882
2008-06-25,3.42
2008-06-26,2.411
2008-06-27,2.078
2008-06-28,2.025
2008-06-29,2.061
2008-06-30,2.057
2008-07-01,2.021
2008-07-02,2.227
2008-07-03,2.412
2008-07-04,2.88
2008-07-05,4.111
2008-07-06,7.181
2008-07-07,8.788
2008-07-08,20.278
2008-07-09,43.978
2008-07-10,41.935
2008-07-11,35.152
2008-07-12,27.385
2008-07-13,27.612
2008-07-14,194.375
2008-07-15,271.945
2008-07-16,151.874
2008-07-17,75.34
2008-07-18,44.339
2008-07-19,32.143
2008-07-20,31.23
2008-07-21,82.769
2008-07-22,117.154
2008-07-23,63.688
2008-07-24,49.363
2008-07-25,50.139
2008-07-26,41.753
2008-07-27,33.954
2008-07-28,22.79
2008-07-29,24.565
2008-07-30,36.046
2008-07-31,53.766
2008-08-01,73.726
2008-08-02,90.21
2008-08-03,105.274
2008-08-04,86.574
2008-08-05,70.035
2008-08-06,52.517
2008-08-07,72.985
2008-08-08,55.65
2008-08-09,49.427
2008-08-10,33.809
2008-08-11,41.931
2008-08-12,58.374
2008-08-13,72.89
2008-08-14,82.903
2008-08-15,58.954
2008-08-16,38.244
2008-08-17,33.452
2008-08-18,40.003
2008-08-19,49.045
2008-08-20,57.542
2008-08-21,91.275
2008-08-22,78.641
2008-08-23,47.0
2008-08-24,25.817
2008-08-25,20.606
2008-08-26,19.848
2008-08-27,19.736
2008-08-28,19.502
2008-08-29,19.404
2008-08-30,19.06
2008-08-31,18.223
2008-09-01,17.611
2008-09-02,17.075
2008-09-03,16.652
2008-09-04,16.035
2008-09-05,15.541
2008-09-06,15.367
2008-09-07,15.468
2008-09-08,15.533
2008-09-09,16.035
2008-09-10,17.287
2008-09-11,18.384
2008-09-12,19.13
2008-09-13,27.732
2008-09-14,44.526
2008-09-15,61.183
2008-09-16,87.945
2008-09-17,106.134
2008-09-18,98.885
2008-09-19,70.926
2008-09-20,67.24
2008-09-21,63.635
2008-09-22,45.065
2008-09-23,23.43
2008-09-24,14.854
2008-09-25,13.766
2008-09-26,15.072
2008-09-27,17.346
2008-09-28,15.295
2008-09-29,13.493
2008-09-30,13.05
2008-10-01,12.97
2008-10-02,13.27
2008-10-03,14.054
2008-10-04,16.385
2008-10-05,32.048
2008-10-06,42.535
2008-10-07,50.479
2008-10-08,69.586
2008-10-09,68.484
2008-10-10,62.042
2008-10-11,45.875
2008-10-12,23.527
2008-10-13,16.425
2008-10-14,34.356
2008-10-15,69.952
2008-10-16,52.07
2008-10-17,28.248
2008-10-18,27.377
2008-10-19,28.127
2008-10-20,18.055
2008-10-21,19.85
2008-10-22,30.016
2008-10-23,39.935
2008-10-24,54.991
2008-10-25,88.697
2008-10-26,105.418
2008-10-27,77.476
2008-10-28,61.326
2008-10-29,43.478
2008-10-30,39.155
2008-10-31,28.866
2008-11-01,17.609
2008-11-02,14.935
2008-11-03,17.289
2008-11-04,22.117
2008-11-05,49.594
2008-11-06,95.518
2008-11-07,125.118
2008-11-08,152.28
2008-11-09,171.666
2008-11-10,185.324
2008-11-11,186.328
2008-11-12,184.062
2008-11-13,91.4
2008-11-14,48.171
2008-11-15,27.364
2008-11-16,22.263
2008-11-17,21.274
2008-11-18,20.692
2008-11-19,20.571
2008-11-20,20.362
2008-11-21,19.83
2008-11-22,19.388
2008-11-23,18.935
2008-11-24,18.509
2008-11-25,18.198
2008-11-26,17.896
2008-11-27,17.556
2008-11-28,17.219
2008-11-29,16.887
2008-11-30,16.611
2008-12-01,16.359
2008-12-02,16.094
2008-12-03,15.745
2008-12-04,15.37
2008-12-05,15.06
2008-12-06,14.846
2008-12-07,14.616
2008-12-08,14.329
2008-12-09,14.075
2008-12-10,13.834
2008-12-11,13.599
2008-12-12,13.283
2008-12-13,13.031
2008-12-14,12.804
2008-12-15,12.571
2008-12-16,12.362
2008-12-17,12.132
2008-12-18,11.894
2008-12-19,11.72
2008-12-20,11.514
2008-12-21,11.276
2008-12-22,11.044
2008-12-23,10.872
2008-12-24,10.672
2008-12-25,10.482
2008-12-26,10.278
2008-12-27,10.067
2008-12-28,9.905
2008-12-29,9.76
2008-12-30,9.617
2008-12-31,9.485
2009-01-01,9.301
2009-01-02,9.125
2009-01-03,8.974
2009-01-04,8.798
2009-01-05,8.648
2009-01-06,8.498
2009-01-07,8.365
2009-01-08,8.246
2009-01-09,8.115
2009-01-10,7.965
2009-01-11,7.84
2009-01-12,7.708
2009-01-13,7.561
2009-01-14,7.421
2009-01-15,7.313
2009-01-16,7.216
2009-01-17,7.087
2009-01-18,6.967
2009-01-19,6.893
2009-01-20,6.795
2009-01-21,6.699
2009-01-22,6.596
2009-01-23,6.489
2009-01-24,6.524
2009-01-25,6.817
2009-01-26,7.147
2009-01-27,7.243
2009-01-28,7.003
2009-01-29,7.257
2009-01-30,7.807
2009-01-31,8.346
2009-02-01,8.87
2009-02-02,8.441
2009-02-03,7.447
2009-02-04,6.135
2009-02-05,5.611
2009-02-06,5.536
2009-02-07,5.48
2009-02-08,5.394
2009-02-09,5.31
2009-02-10,5.25
2009-02-11,5.136
2009-02-12,5.035
2009-02-13,4.981
2009-02-14,4.952
2009-02-15,4.885
2009-02-16,4.753
2009-02-17,4.658
2009-02-18,4.633
2009-02-19,4.621
2009-02-20,4.528
2009-02-21,4.434
2009-02-22,4.442
2009-02-23,4.413
2009-02-24,4.262
2009-02-25,4.162
2009-02-26,4.12
2009-02-27,4.052
2009-02-28,3.993
2009-03-01,3.988
2009-03-02,4.025
2009-03-03,4.035
2009-03-04,4.124
2009-03-05,4.498
2009-03-06,5.091
2009-03-07,5.101
2009-03-08,4.228
2009-03-09,3.643
2009-03-10,3.479
2009-03-11,3.446
2009-03-12,3.387
2009-03-13,3.354
2009-03-14,3.307
2009-03-15,3.256
2009-03-16,3.299
2009-03-17,3.339
2009-03-18,3.293
2009-03-19,3.144
2009-03-20,3.025
2009-03-21,2.997
2009-03-22,2.982
2009-03-23,2.944
2009-03-24,2.87
2009-03-25,2.854
2009-03-26,2.856
2009-03-27,2.818
2009-03-28,2.774
2009-03-29,2.72
2009-03-30,2.696
2009-03-31,2.675
2009-04-01,2.779
2009-04-02,3.351
2009-04-03,3.908
2009-04-04,4.403
2009-04-05,4.713
2009-04-06,4.692
2009-04-07,5.474
2009-04-08,7.082
2009-04-09,8.545
2009-04-10,8.858
2009-04-11,9.906
2009-04-12,11.006
2009-04-13,12.631
2009-04-14,17.541
2009-04-15,13.812
2009-04-16,17.706
2009-04-17,29.081
2009-04-18,47.256
2009-04-19,39.96
2009-04-20,31.616
2009-04-21,35.784
2009-04-22,26.845
2009-04-23,11.224
2009-04-24,5.647
2009-04-25,5.608
2009-04-26,3.869
2009-04-27,2.708
2009-04-28,2.389
2009-04-29,2.309
2009-04-30,2.383
2009-05-01,5.032
2009-05-02,4.59
2009-05-03,3.921
2009-05-04,4.54
2009-05-05,3.97
2009-05-06,3.358
2009-05-07,2.477
2009-05-08,2.051
2009-05-09,1.923
2009-05-10,1.926
2009-05-11,2.283
2009-05-12,4.724
2009-05-13,13.326
2009-05-14,50.141
2009-05-15,92.863
2009-05-16,81.272
2009-05-17,92.32
2009-05-18,86.409
2009-05-19,68.17
2009-05-20,54.803
2009-05-21,34.29
2009-05-22,24.082
2009-05-23,20.83
2009-05-24,32.211
2009-05-25,21.39
2009-05-26,7.721
2009-05-27,4.914
2009-05-28,7.7
2009-05-29,11.414
2009-05-30,20.251
2009-05-31,32.719
2009-06-01,66.652
2009-06-02,63.233
2009-06-03,31.055
2009-06-04,11.505
2009-06-05,3.752
2009-06-06,2.093
2009-06-07,2.308
2009-06-08,2.886
2009-06-09,2.446
2009-06-10,2.128
2009-06-11,1.946
2009-06-12,1.79
2009-06-13,1.723
2009-06-14,1.702
2009-06-15,1.7
2009-06-16,1.906
2009-06-17,2.021
2009-06-18,2.284
2009-06-19,2.837
2009-06-20,2.79
2009-06-21,2.78
2009-06-22,2.511
2009-06-23,2.021
2009-06-24,1.688
2009-06-25,1.646
2009-06-26,1.694
2009-06-27,1.787
2009-06-28,1.776
2009-06-29,2.498
2009-06-30,6.236
2009-07-01,11.702
2009-07-02,12.662
2009-07-03,18.924
2009-07-04,29.499
2009-07-05,26.046
2009-07-06,16.94
2009-07-07,7.484
2009-07-08,6.058
2009-07-09,8.34
2009-07-10,4.354
2009-07-11,2.734
2009-07-12,2.109
2009-07-13,2.044
2009-07-14,2.365
2009-07-15,1.977
2009-07-16,1.859
2009-07-17,2.033
2009-07-18,2.533
2009-07-19,3.694
2009-07-20,6.583
2009-07-21,9.655
2009-07-22,12.045
2009-07-23,11.006
2009-07-24,6.718
2009-07-25,6.37
2009-07-26,9.392
2009-07-27,9.731
2009-07-28,8.627
2009-07-29,11.69
2009-07-30,3.844
2009-07-31,2.003
2009-08-01,1.793
2009-08-02,1.59
2009-08-03,1.58
2009-08-04,1.634
2009-08-05,1.657
2009-08-06,1.69
2009-08-07,1.61
2009-08-08,1.73
2009-08-09,1.78
2009-08-10,1.991
2009-08-11,3.288
2009-08-12,3.56
2009-08-13,2.14
2009-08-14,1.46
2009-08-15,1.38
2009-08-16,1.804
2009-08-17,2.259
2009-08-18,2.189
2009-08-19,2.245
2009-08-20,3.224
2009-08-21,3.813
2009-08-22,4.378
2009-08-23,4.38
2009-08-24,4.882
2009-08-25,6.417
2009-08-26,3.495
2009-08-27,2.086
2009-08-28,1.641
2009-08-29,1.709
2009-08-30,1.534
2009-08-31,1.219
2009-09-01,1.002
2009-09-02,0.971
2009-09-03,1.233
2009-09-04,1.56
2009-09-05,1.8
2009-09-06,1.563
2009-09-07,1.175
2009-09-08,1.122
2009-09-09,1.252
2009-09-10,1.29
2009-09-11,1.411
2009-09-12,1.253
2009-09-13,1.113
2009-09-14,1.115
2009-09-15,1.126
2009-09-16,1.108
2009-09-17,1.494
2009-09-18,2.364
2009-09-19,2.099
2009-09-20,1.904
2009-09-21,3.252
2009-09-22,4.646
2009-09-23,2.383
2009-09-24,1.828
2009-09-25,1.737
2009-09-26,1.683
2009-09-27,1.408
2009-09-28,1.235
2009-09-29,0.962
2009-09-30,0.854
2009-10-01,0.956
2009-10-02,1.155
2009-10-03,1.519
2009-10-04,1.567
2009-10-05,1.545
2009-10-06,1.831
2009-10-07,3.079
2009-10-08,7.937
2009-10-09,16.208
2009-10-10,14.598
2009-10-11,10.204
2009-10-12,12.899
2009-10-13,21.147
2009-10-14,33.679
2009-10-15,17.404
2009-10-16,12.714
2009-10-17,9.523
2009-10-18,3.542
2009-10-19,1.793
2009-10-20,1.288
2009-10-21,1.269
2009-10-22,1.044
2009-10-23,0.936
2009-10-24,1.002
2009-10-25,1.047
2009-10-26,1.321
2009-10-27,1.63
2009-10-28,2.383
2009-10-29,3.752
2009-10-30,9.168
2009-10-31,14.207
2009-11-01,8.68
2009-11-02,4.398
2009-11-03,2.698
2009-11-04,1.5
2009-11-05,0.983
2009-11-06,1.028
2009-11-07,1.171
2009-11-08,1.068
2009-11-09,0.842
2009-11-10,0.776
2009-11-11,0.81
2009-11-12,0.791
2009-11-13,0.632
2009-11-14,0.63
2009-11-15,0.592
2009-11-16,0.52
2009-11-17,0.484
2009-11-18,0.55
2009-11-19,0.685
2009-11-20,0.787
2009-11-21,0.771
2009-11-22,0.697
2009-11-23,0.625
2009-11-24,0.518
2009-11-25,0.461
2009-11-26,0.436
2009-11-27,0.454
2009-11-28,0.498
2009-11-29,0.525
2009-11-30,0.596
2009-12-01,0.724
2009-12-02,0.778
2009-12-03,0.689
2009-12-04,0.732
2009-12-05,0.724
2009-12-06,0.763
2009-12-07,0.775
2009-12-08,0.575
2009-12-09,0.542
2009-12-10,0.621
2009-12-11,1.232
2009-12-12,4.24
2009-12-13,11.261
2009-12-14,15.99
2009-12-15,10.388
2009-12-16,6.752
2009-12-17,6.633
2009-12-18,4.684
2009-12-19,2.668
2009-12-20,1.465
2009-12-21,0.979
2009-12-22,0.6
2009-12-23,0.431
2009-12-24,0.381
2009-12-25,0.444
2009-12-26,1.189
2009-12-27,6.223
2009-12-28,11.292
2009-12-29,12.84
2009-12-30,18.391
2009-12-31,22.06
2010-01-01,34.626
2010-01-02,34.874
2010-01-03,25.615
2010-01-04,14.51
2010-01-05,6.428
2010-01-06,8.305
2010-01-07,10.178
2010-01-08,3.303
2010-01-09,0.648
2010-01-10,0.323
2010-01-11,0.354
2010-01-12,0.72
2010-01-13,0.51
2010-01-14,0.381
2010-01-15,0.194
2010-01-16,0.054
2010-01-17,0.03
2010-01-18,0.027
2010-01-19,0.02
2010-01-20,0.025
2010-01-21,0.049
2010-01-22,0.07
2010-01-23,0.135
2010-01-24,0.098
2010-01-25,0.104
2010-01-26,0.125
2010-01-27,0.123
2010-01-28,0.11
2010-01-29,0.09
2010-01-30,0.066
2010-01-31,0.033
2010-02-01,0.03
2010-02-02,0.028
2010-02-03,0.02
2010-02-04,0.022
2010-02-05,0.078
2010-02-06,0.506
2010-02-07,1.41
2010-02-08,2.751
2010-02-09,3.662
2010-02-10,2.906
2010-02-11,1.477
2010-02-12,0.44
2010-02-13,0.112
2010-02-14,0.03
2010-02-15,0.02
2010-02-16,0.066
2010-02-17,0.296
2010-02-18,0.862
2010-02-19,1.249
2010-02-20,0.904
2010-02-21,1.198
2010-02-22,1.53
2010-02-23,1.816
2010-02-24,1.424
2010-02-25,0.894
2010-02-26,1.905
2010-02-27,6.255
2010-02-28,12.763
2010-03-01,19.427
2010-03-02,39.923
2010-03-03,54.656
2010-03-04,55.679
2010-03-05,38.35
2010-03-06,26.83
2010-03-07,11.429
2010-03-08,9.235
2010-03-09,14.832
2010-03-10,16.812
2010-03-11,5.711
2010-03-12,1.388
2010-03-13,0.636
2010-03-14,0.28
2010-03-15,0.084
2010-03-16,0.023
2010-03-17,0.021
2010-03-18,0.03
2010-03-19,0.039
2010-03-20,0.161
2010-03-21,0.617
2010-03-22,1.801
2010-03-23,3.306
2010-03-24,5.034
2010-03-25,13.548
2010-03-26,17.182
2010-03-27,12.417
2010-03-28,11.731
2010-03-29,17.556
2010-03-30,22.077
2010-03-31,32.972
2010-04-01,44.667
2010-04-02,45.479
2010-04-03,30.51
2010-04-04,26.565
2010-04-05,33.292
2010-04-06,21.102
2010-04-07,5.561
2010-04-08,2.42
2010-04-09,1.188
2010-04-10,0.283
2010-04-11,0.123
2010-04-12,0.091
2010-04-13,0.38
2010-04-14,1.332
2010-04-15,1.522
2010-04-16,5.545
2010-04-17,19.798
2010-04-18,43.038
2010-04-19,41.232
2010-04-20,26.119
2010-04-21,14.268
2010-04-22,15.452
2010-04-23,28.415
2010-04-24,54.064
2010-04-25,65.906
2010-04-26,71.649
2010-04-27,59.735
2010-04-28,37.942
2010-04-29,51.11
2010-04-30,64.254
2010-05-01,84.594
2010-05-02,80.313
2010-05-03,75.704
2010-05-04,50.801
2010-05-05,42.734
2010-05-06,33.769
2010-05-07,39.285
2010-05-08,59.723
2010-05-09,105.294
2010-05-10,153.195
2010-05-11,192.455
2010-05-12,240.5
2010-05-13,190.184
2010-05-14,115.214
2010-05-15,77.558
2010-05-16,67.748
2010-05-17,47.926
2010-05-18,59.108
2010-05-19,90.281
2010-05-20,108.879
2010-05-21,82.13
2010-05-22,84.788
2010-05-23,147.286
2010-05-24,163.726
2010-05-25,265.321
2010-05-26,110.281
2010-05-27,66.643
2010-05-28,75.566
2010-05-29,55.05
2010-05-30,27.675
2010-05-31,19.429
2010-06-01,22.165
2010-06-02,22.494
2010-06-03,14.75
2010-06-04,15.466
2010-06-05,21.489
2010-06-06,34.44
2010-06-07,46.052
2010-06-08,47.577
2010-06-09,38.782
2010-06-10,17.188
2010-06-11,6.442
2010-06-12,5.12
2010-06-13,8.629
2010-06-14,22.561
2010-06-15,169.86
2010-06-16,116.365
2010-06-17,34.336
2010-06-18,57.743
2010-06-19,105.763
2010-06-20,112.023
2010-06-21,138.37
2010-06-22,170.399
2010-06-23,135.194
2010-06-24,98.298
2010-06-25,56.087
2010-06-26,31.69
2010-06-27,20.128
2010-06-28,14.949
2010-06-29,13.765
2010-06-30,15.814
2010-07-01,16.32
2010-07-02,13.835
2010-07-03,13.932
2010-07-04,16.336
2010-07-05,22.942
2010-07-06,39.565
2010-07-07,39.899
2010-07-08,36.463
2010-07-09,52.027
2010-07-10,70.314
2010-07-11,46.913
2010-07-12,25.046
2010-07-13,18.67
2010-07-14,21.315
2010-07-15,16.676
2010-07-16,15.799
2010-07-17,17.989
2010-07-18,13.41
2010-07-19,11.128
2010-07-20,11.456
2010-07-21,13.476
2010-07-22,14.662
2010-07-23,14.117
2010-07-24,16.744
2010-07-25,29.362
2010-07-26,35.568
2010-07-27,58.874
2010-07-28,61.684
2010-07-29,62.839
2010-07-30,83.754
2010-07-31,108.057
2010-08-01,92.816
2010-08-02,69.41
2010-08-03,62.188
2010-08-04,77.672
2010-08-05,65.762
2010-08-06,37.595
2010-08-07,19.146
2010-08-08,15.022
2010-08-09,14.83
2010-08-10,15.271
2010-08-11,15.379
2010-08-12,17.797
2010-08-13,21.984
2010-08-14,30.802
2010-08-15,43.662
2010-08-16,44.952
2010-08-17,27.553
2010-08-18,18.618
2010-08-19,19.85
2010-08-20,20.326
2010-08-21,23.387
2010-08-22,24.2
2010-08-23,32.426
2010-08-24,36.7
2010-08-25,29.247
2010-08-26,36.259
2010-08-27,57.656
2010-08-28,88.554
2010-08-29,123.929
2010-08-30,111.975
2010-08-31,107.81
2010-09-01,117.112
2010-09-02,97.115
2010-09-03,89.684
2010-09-04,106.716
2010-09-05,107.302
2010-09-06,81.207
2010-09-07,63.766
2010-09-08,49.825
2010-09-09,34.178
2010-09-10,28.773
2010-09-11,30.358
2010-09-12,46.399
2010-09-13,87.369
2010-09-14,96.614
2010-09-15,91.448
2010-09-16,75.745
2010-09-17,57.741
2010-09-18,42.428
2010-09-19,31.772
2010-09-20,27.715
2010-09-21,38.597
2010-09-22,45.928
2010-09-23,29.164
2010-09-24,25.192
2010-09-25,23.168
2010-09-26,22.725
2010-09-27,22.584
2010-09-28,22.11
2010-09-29,21.002
2010-09-30,20.362
2010-10-01,19.806
2010-10-02,19.378
2010-10-03,18.922
2010-10-04,18.318
2010-10-05,17.978
2010-10-06,17.632
2010-10-07,17.696
2010-10-08,18.31
2010-10-09,24.618
2010-10-10,33.566
2010-10-11,43.12
2010-10-12,39.697
2010-10-13,30.229
2010-10-14,24.368
2010-10-15,28.056
2010-10-16,29.115
2010-10-17,19.39
2010-10-18,16.099
2010-10-19,18.201
2010-10-20,20.983
2010-10-21,21.592
2010-10-22,18.276
2010-10-23,16.355
2010-10-24,14.488
2010-10-25,16.695
2010-10-26,25.87
2010-10-27,27.404
2010-10-28,29.081
2010-10-29,19.272
2010-10-30,17.05
2010-10-31,15.421
2010-11-01,12.795
2010-11-02,11.776
2010-11-03,11.395
2010-11-04,11.153
2010-11-05,10.959
2010-11-06,10.795
2010-11-07,10.688
2010-11-08,10.565
2010-11-09,10.425
2010-11-10,10.359
2010-11-11,10.169
2010-11-12,10.055
2010-11-13,9.914
2010-11-14,9.869
2010-11-15,9.815
2010-11-16,9.668
2010-11-17,9.401
2010-11-18,9.296
2010-11-19,9.173
2010-11-20,9.079
2010-11-21,8.921
2010-11-22,8.697
2010-11-23,8.571
2010-11-24,8.689
2010-11-25,8.71
2010-11-26,8.43
2010-11-27,8.275
2010-11-28,8.12
2010-11-29,7.96
2010-11-30,7.818
2010-12-01,7.662
2010-12-02,7.459
2010-12-03,7.283
2010-12-04,7.127
2010-12-05,6.985
2010-12-06,6.85
2010-12-07,6.75
2010-12-08,6.747
2010-12-09,6.98
2010-12-10,7.331
2010-12-11,7.952
2010-12-12,8.639
2010-12-13,8.029
2010-12-14,9.418
2010-12-15,10.658
2010-12-16,7.268
2010-12-17,5.958
2010-12-18,5.644
2010-12-19,5.51
2010-12-20,5.455
2010-12-21,5.381
2010-12-22,5.282
2010-12-23,5.198
2010-12-24,5.123
2010-12-25,5.065
2010-12-26,5.064
2010-12-27,5.047
2010-12-28,5.088
2010-12-29,5.189
2010-12-30,5.24
2010-12-31,5.255
2011-01-01,4.972
2011-01-02,4.738
2011-01-03,4.595
2011-01-04,4.463
2011-01-05,4.339
2011-01-06,4.264
2011-01-07,4.205
2011-01-08,4.164
2011-01-09,4.13
2011-01-10,4.037
2011-01-11,4.01
2011-01-12,3.952
2011-01-13,3.882
2011-01-14,3.818
2011-01-15,3.765
2011-01-16,3.71
2011-01-17,3.615
2011-01-18,3.565
2011-01-19,3.528
2011-01-20,3.53
2011-01-21,3.484
2011-01-22,3.417
2011-01-23,3.354
2011-01-24,3.301
2011-01-25,3.244
2011-01-26,3.197
2011-01-27,3.15
2011-01-28,3.101
2011-01-29,3.045
2011-01-30,2.981
2011-01-31,2.969
2011-02-01,2.95
2011-02-02,2.936
2011-02-03,2.909
2011-02-04,2.876
2011-02-05,2.832
2011-02-06,2.841
2011-02-07,2.791
2011-02-08,2.702
2011-02-09,2.647
2011-02-10,2.588
2011-02-11,2.518
2011-02-12,2.516
2011-02-13,2.583
2011-02-14,2.972
2011-02-15,3.309
2011-02-16,3.024
2011-02-17,3.141
2011-02-18,4.473
2011-02-19,3.229
2011-02-20,2.415
2011-02-21,2.283
2011-02-22,2.31
2011-02-23,2.378
2011-02-24,2.306
2011-02-25,2.186
2011-02-26,2.075
2011-02-27,2.035
2011-02-28,2.047
2011-03-01,2.032
2011-03-02,1.984
2011-03-03,1.995
2011-03-04,1.964
2011-03-05,1.932
2011-03-06,1.959
2011-03-07,2.08
2011-03-08,2.102
2011-03-09,2.173
2011-03-10,2.082
2011-03-11,2.073
2011-03-12,2.153
2011-03-13,1.96
2011-03-14,1.73
2011-03-15,1.667
2011-03-16,1.8
2011-03-17,2.259
2011-03-18,3.72
2011-03-19,5.202
2011-03-20,5.894
2011-03-21,7.595
2011-03-22,12.025
2011-03-23,13.435
2011-03-24,14.501
2011-03-25,14.191
2011-03-26,6.41
2011-03-27,3.57
2011-03-28,4.508
2011-03-29,4.294
2011-03-30,2.479
2011-03-31,2.019
2011-04-01,1.941
2011-04-02,2.117
2011-04-03,2.532
2011-04-04,2.937
2011-04-05,2.71
2011-04-06,2.214
2011-04-07,1.881
2011-04-08,1.895
2011-04-09,1.847
2011-04-10,1.666
2011-04-11,1.616
2011-04-12,1.442
2011-04-13,1.4
2011-04-14,1.416
2011-04-15,1.372
2011-04-16,1.424
2011-04-17,1.484
2011-04-18,1.595
2011-04-19,1.474
2011-04-20,1.396
2011-04-21,1.379
2011-04-22,1.381
2011-04-23,1.423
2011-04-24,1.478
2011-04-25,1.555
2011-04-26,1.96
2011-04-27,2.438
2011-04-28,3.385
2011-04-29,4.416
2011-04-30,5.642
2011-05-01,11.201
2011-05-02,32.135
2011-05-03,46.304
2011-05-04,41.519
2011-05-05,36.966
2011-05-06,32.87
2011-05-07,53.069
2011-05-08,52.843
2011-05-09,40.327
2011-05-10,20.472
2011-05-11,18.437
2011-05-12,16.247
2011-05-13,6.398
2011-05-14,3.156
2011-05-15,2.337
2011-05-16,1.869
2011-05-17,1.389
2011-05-18,1.145
2011-05-19,1.205
2011-05-20,1.697
2011-05-21,3.348
2011-05-22,8.611
2011-05-23,15.692
2011-05-24,23.231
2011-05-25,36.961
2011-05-26,35.867
2011-05-27,46.942
2011-05-28,54.852
2011-05-29,37.439
2011-05-30,29.935
2011-05-31,31.925
2011-06-01,22.265
2011-06-02,8.396
2011-06-03,3.66
2011-06-04,5.713
2011-06-05,9.433
2011-06-06,5.64
2011-06-07,8.984
2011-06-08,14.344
2011-06-09,14.673
2011-06-10,19.427
2011-06-11,23.138
2011-06-12,35.06
2011-06-13,64.975
2011-06-14,58.945
2011-06-15,41.365
2011-06-16,39.832
2011-06-17,25.138
2011-06-18,17.007
2011-06-19,15.402
2011-06-20,12.885
2011-06-21,8.787
2011-06-22,17.096
2011-06-23,31.164
2011-06-24,35.29
2011-06-25,44.038
2011-06-26,40.76
2011-06-27,21.982
2011-06-28,13.452
2011-06-29,20.791
2011-06-30,39.618
2011-07-01,51.055
2011-07-02,46.152
2011-07-03,38.09
2011-07-04,26.608
2011-07-05,25.414
2011-07-06,21.21
2011-07-07,17.862
2011-07-08,22.342
2011-07-09,52.938
2011-07-10,123.61
2011-07-11,86.062
2011-07-12,37.454
2011-07-13,22.885
2011-07-14,14.733
2011-07-15,15.105
2011-07-16,18.715
2011-07-17,26.983
2011-07-18,37.281
2011-07-19,35.155
2011-07-20,30.145
2011-07-21,33.588
2011-07-22,41.669
2011-07-23,41.78
2011-07-24,58.13
2011-07-25,87.924
2011-07-26,153.39
2011-07-27,150.249
2011-07-28,126.29
2011-07-29,96.838
2011-07-30,99.449
2011-07-31,98.069
2011-08-01,74.361
2011-08-02,68.923
2011-08-03,111.577
2011-08-04,129.282
2011-08-05,88.852
2011-08-06,57.205
2011-08-07,44.452
2011-08-08,34.32
2011-08-09,36.748
2011-08-10,52.562
2011-08-11,67.738
2011-08-12,60.249
2011-08-13,55.802
2011-08-14,73.973
2011-08-15,104.464
2011-08-16,122.228
2011-08-17,140.87
2011-08-18,113.612
2011-08-19,130.272
2011-08-20,109.74
2011-08-21,69.41
2011-08-22,51.097
2011-08-23,37.754
2011-08-24,32.236
2011-08-25,29.902
2011-08-26,29.122
2011-08-27,33.387
2011-08-28,40.74
2011-08-29,57.131
2011-08-30,67.952
2011-08-31,83.956
2011-09-01,87.328
2011-09-02,96.07
2011-09-03,98.372
2011-09-04,78.189
2011-09-05,57.261
2011-09-06,67.357
2011-09-07,108.215
2011-09-08,136.238
2011-09-09,199.56
2011-09-10,251.653
2011-09-11,231.68
2011-09-12,239.722
2011-09-13,152.96
2011-09-14,71.131
2011-09-15,42.62
2011-09-16,36.874
2011-09-17,37.514
2011-09-18,76.639
2011-09-19,282.8
2011-09-20,185.586
2011-09-21,157.055
2011-09-22,164.692
2011-09-23,100.887
2011-09-24,55.97
2011-09-25,37.027
2011-09-26,33.658
2011-09-27,33.458
2011-09-28,32.706
2011-09-29,32.144
2011-09-30,31.053
2011-10-01,29.974
2011-10-02,29.147
2011-10-03,29.481
2011-10-04,28.846
2011-10-05,27.835
2011-10-06,27.102
2011-10-07,27.098
2011-10-08,26.433
2011-10-09,25.241
2011-10-10,24.124
2011-10-11,23.243
2011-10-12,22.683
2011-10-13,22.257
2011-10-14,23.058
2011-10-15,32.305
2011-10-16,40.803
2011-10-17,40.052
2011-10-18,32.638
2011-10-19,32.227
2011-10-20,33.242
2011-10-21,32.847
2011-10-22,30.096
2011-10-23,24.527
2011-10-24,22.296
2011-10-25,21.628
2011-10-26,21.106
2011-10-27,24.388
2011-10-28,26.134
2011-10-29,35.878
2011-10-30,46.563
2011-10-31,43.285
2011-11-01,51.647
2011-11-02,63.751
2011-11-03,59.109
2011-11-04,55.487
2011-11-05,63.084
2011-11-06,73.667
2011-11-07,87.776
2011-11-08,126.596
2011-11-09,141.148
2011-11-10,126.198
2011-11-11,120.101
2011-11-12,106.51
2011-11-13,86.112
2011-11-14,78.235
2011-11-15,67.506
2011-11-16,44.787
2011-11-17,25.645
2011-11-18,19.0
2011-11-19,17.482
2011-11-20,18.102
2011-11-21,20.824
2011-11-22,21.335
2011-11-23,21.971
2011-11-24,24.192
2011-11-25,59.32
2011-11-26,64.459
2011-11-27,53.335
2011-11-28,42.143
2011-11-29,61.079
2011-11-30,72.648
2011-12-01,70.298
2011-12-02,63.121
2011-12-03,61.133
2011-12-04,78.532
2011-12-05,82.561
2011-12-06,62.678
2011-12-07,36.654
2011-12-08,25.118
2011-12-09,22.382
2011-12-10,21.561
2011-12-11,21.225
2011-12-12,21.201
2011-12-13,21.001
2011-12-14,20.647
2011-12-15,20.413
2011-12-16,20.259
2011-12-17,20.178
2011-12-18,20.48
2011-12-19,20.453
2011-12-20,20.341
2011-12-21,20.607
2011-12-22,20.818
2011-12-23,20.38
2011-12-24,19.418
2011-12-25,18.715
2011-12-26,18.363
2011-12-27,18.091
2011-12-28,17.82
2011-12-29,17.56
2011-12-30,17.316
2011-12-31,17.117
2012-01-01,16.898
2012-01-02,16.654
2012-01-03,16.405
2012-01-04,16.153
2012-01-05,15.886
2012-01-06,15.655
2012-01-07,15.438
2012-01-08,15.242
2012-01-09,15.056
2012-01-10,14.825
2012-01-11,14.594
2012-01-12,14.382
2012-01-13,14.168
2012-01-14,13.976
2012-01-15,13.768
2012-01-16,13.552
2012-01-17,13.335
2012-01-18,13.116
2012-01-19,12.903
2012-01-20,12.704
2012-01-21,12.509
2012-01-22,12.322
2012-01-23,12.145
2012-01-24,11.955
2012-01-25,11.765
2012-01-26,11.596
2012-01-27,11.48
2012-01-28,11.326
2012-01-29,11.179
2012-01-30,11.025
2012-01-31,10.856
2012-02-01,10.652
2012-02-02,10.497
2012-02-03,10.359
2012-02-04,10.177
2012-02-05,10.01
2012-02-06,9.885
2012-02-07,9.747
2012-02-08,9.567
2012-02-09,9.402
2012-02-10,9.256
2012-02-11,9.132
2012-02-12,8.976
2012-02-13,8.815
2012-02-14,8.663
2012-02-15,8.569
2012-02-16,8.444
2012-02-17,8.298
2012-02-18,8.174
2012-02-19,8.111
2012-02-20,8.045
2012-02-21,8.035
2012-02-22,7.95
2012-02-23,7.695
2012-02-24,7.46
2012-02-25,7.304
2012-02-26,7.286
2012-02-27,7.534
2012-02-28,8.209
2012-02-29,9.002
2012-03-01,8.41
2012-03-02,7.817
2012-03-03,7.685
2012-03-04,7.667
2012-03-05,7.281
2012-03-06,7.081
2012-03-07,6.899
2012-03-08,6.489
2012-03-09,6.401
2012-03-10,6.215
2012-03-11,6.075
2012-03-12,5.915
2012-03-13,5.739
2012-03-14,5.642
2012-03-15,5.54
2012-03-16,5.415
2012-03-17,5.32
2012-03-18,5.255
2012-03-19,5.158
2012-03-20,5.092
2012-03-21,5.026
2012-03-22,4.895
2012-03-23,4.869
2012-03-24,4.905
2012-03-25,4.814
2012-03-26,4.631
2012-03-27,4.512
2012-03-28,4.445
2012-03-29,4.361
2012-03-30,4.266
2012-03-31,4.178
2012-04-01,4.099
2012-04-02,4.115
2012-04-03,4.193
2012-04-04,4.42
2012-04-05,4.807
2012-04-06,4.521
2012-04-07,4.466
2012-04-08,4.21
2012-04-09,4.063
2012-04-10,3.963
2012-04-11,3.973
2012-04-12,3.998
2012-04-13,4.302
2012-04-14,4.477
2012-04-15,4.869
2012-04-16,6.015
2012-04-17,7.833
2012-04-18,10.346
2012-04-19,13.226
2012-04-20,12.356
2012-04-21,17.927
2012-04-22,22.926
2012-04-23,32.918
2012-04-24,45.255
2012-04-25,72.314
2012-04-26,102.25
2012-04-27,119.386
2012-04-28,174.301
2012-04-29,141.876
2012-04-30,98.501
2012-05-01,86.226
2012-05-02,86.291
2012-05-03,80.17
2012-05-04,63.787
2012-05-05,52.406
2012-05-06,98.169
2012-05-07,105.569
2012-05-08,106.948
2012-05-09,114.977
2012-05-10,100.797
2012-05-11,97.732
2012-05-12,72.183
2012-05-13,59.115
2012-05-14,48.456
2012-05-15,43.242
2012-05-16,43.588
2012-05-17,71.276
2012-05-18,84.502
2012-05-19,86.104
2012-05-20,80.074
2012-05-21,81.212
2012-05-22,99.547
2012-05-23,76.083
2012-05-24,77.858
2012-05-25,67.418
2012-05-26,38.972
2012-05-27,36.966
2012-05-28,25.075
2012-05-29,22.998
2012-05-30,25.166
2012-05-31,23.188
2012-06-01,17.541
2012-06-02,15.572
2012-06-03,15.475
2012-06-04,18.816
2012-06-05,19.656
2012-06-06,28.612
2012-06-07,44.532
2012-06-08,43.324
2012-06-09,32.652
2012-06-10,29.835
2012-06-11,41.616
2012-06-12,48.739
2012-06-13,43.703
2012-06-14,38.916
2012-06-15,37.645
2012-06-16,32.445
2012-06-17,25.117
2012-06-18,38.29
2012-06-19,64.105
2012-06-20,92.829
2012-06-21,81.092
2012-06-22,59.834
2012-06-23,69.131
2012-06-24,84.447
2012-06-25,84.993
2012-06-26,88.286
2012-06-27,87.583
2012-06-28,77.305
2012-06-29,82.475
2012-06-30,88.41
2012-07-01,233.938
2012-07-02,389.804
2012-07-03,216.675
2012-07-04,129.801
2012-07-05,142.106
2012-07-06,176.512
2012-07-07,144.566
2012-07-08,103.114
2012-07-09,86.778
2012-07-10,93.406
2012-07-11,91.937
2012-07-12,87.665
2012-07-13,94.878
2012-07-14,134.702
2012-07-15,170.055
2012-07-16,214.563
2012-07-17,168.076
2012-07-18,96.689
2012-07-19,79.653
2012-07-20,82.066
2012-07-21,177.613
2012-07-22,366.121
2012-07-23,274.095
2012-07-24,145.436
2012-07-25,97.653
2012-07-26,107.21
2012-07-27,122.148
2012-07-28,155.557
2012-07-29,205.102
2012-07-30,183.044
2012-07-31,179.551
2012-08-01,138.66
2012-08-02,147.677
2012-08-03,157.856
2012-08-04,148.635
2012-08-05,136.344
2012-08-06,117.105
2012-08-07,123.822
2012-08-08,145.132
2012-08-09,141.102
2012-08-10,138.346
2012-08-11,193.593
2012-08-12,284.919
2012-08-13,268.766
2012-08-14,209.782
2012-08-15,154.15
2012-08-16,164.97
2012-08-17,208.05
2012-08-18,213.329
2012-08-19,190.5
2012-08-20,191.472
2012-08-21,200.297
2012-08-22,171.855
2012-08-23,137.008
2012-08-24,123.695
2012-08-25,128.437
2012-08-26,147.882
2012-08-27,220.769
2012-08-28,252.142
2012-08-29,268.314
2012-08-30,249.529
2012-08-31,219.68
2012-09-01,207.728
2012-09-02,188.281
2012-09-03,176.27
2012-09-04,173.255
2012-09-05,180.386
2012-09-06,182.955
2012-09-07,197.023
2012-09-08,230.991
2012-09-09,312.52
2012-09-10,342.664
2012-09-11,261.982
2012-09-12,208.963
2012-09-13,196.051
2012-09-14,187.17
2012-09-15,207.646
2012-09-16,205.453
2012-09-17,161.968
2012-09-18,138.272
2012-09-19,125.998
2012-09-20,121.221
2012-09-21,118.02
2012-09-22,114.599
2012-09-23,111.381
2012-09-24,108.161
2012-09-25,104.975
2012-09-26,101.9
2012-09-27,101.001
2012-09-28,98.1
2012-09-29,95.181
2012-09-30,91.935
2012-10-01,88.309
2012-10-02,85.273
2012-10-03,82.248
2012-10-04,79.27
2012-10-05,76.726
2012-10-06,74.34
2012-10-07,71.981
2012-10-08,69.752
2012-10-09,67.654
2012-10-10,65.697
2012-10-11,63.76
2012-10-12,62.108
2012-10-13,65.332
2012-10-14,82.27
2012-10-15,114.83
2012-10-16,101.341
2012-10-17,96.143
2012-10-18,81.415
2012-10-19,67.137
2012-10-20,57.941
2012-10-21,53.277
2012-10-22,49.632
2012-10-23,47.846
2012-10-24,46.423
2012-10-25,45.797
2012-10-26,47.959
2012-10-27,48.855
2012-10-28,50.051
2012-10-29,56.661
2012-10-30,75.79
2012-10-31,89.69
2012-11-01,98.626
2012-11-02,120.253
2012-11-03,181.488
2012-11-04,230.326
2012-11-05,175.339
2012-11-06,108.884
2012-11-07,66.765
2012-11-08,49.357
2012-11-09,56.866
2012-11-10,71.371
2012-11-11,57.985
2012-11-12,52.972
2012-11-13,46.793
2012-11-14,45.562
2012-11-15,42.254
2012-11-16,39.497
2012-11-17,40.476
2012-11-18,38.705
2012-11-19,39.491
2012-11-20,37.11
2012-11-21,33.979
2012-11-22,33.195
2012-11-23,32.2
2012-11-24,31.077
2012-11-25,30.347
2012-11-26,30.025
2012-11-27,29.755
2012-11-28,29.898
2012-11-29,31.108
2012-11-30,30.29
2012-12-01,30.326
2012-12-02,30.041
2012-12-03,30.024
2012-12-04,28.558
2012-12-05,27.36
2012-12-06,26.749
2012-12-07,26.329
2012-12-08,25.971
2012-12-09,25.545
2012-12-10,25.113
2012-12-11,24.832
2012-12-12,24.571
2012-12-13,24.215
2012-12-14,23.668
2012-12-15,23.219
2012-12-16,22.859
2012-12-17,22.581
2012-12-18,22.268
2012-12-19,21.946
2012-12-20,21.686
2012-12-21,21.383
2012-12-22,21.138
2012-12-23,21.019
2012-12-24,21.789
2012-12-25,21.812
2012-12-26,21.434
2012-12-27,21.471
2012-12-28,22.315
2012-12-29,24.066
2012-12-30,24.093
2012-12-31,21.887
2013-01-01,20.06
2013-01-02,20.268
2013-01-03,21.961
2013-01-04,23.43
2013-01-05,18.821
2013-01-06,16.922
2013-01-07,16.475
2013-01-08,16.258
2013-01-09,16.502
2013-01-10,16.871
2013-01-11,17.873
2013-01-12,19.967
2013-01-13,26.732
2013-01-14,32.363
2013-01-15,27.865
2013-01-16,19.261
2013-01-17,15.314
2013-01-18,14.236
2013-01-19,13.805
2013-01-20,13.571
2013-01-21,13.472
2013-01-22,13.313
2013-01-23,13.038
2013-01-24,12.826
2013-01-25,12.637
2013-01-26,12.451
2013-01-27,12.28
2013-01-28,12.128
2013-01-29,11.913
2013-01-30,12.314
2013-01-31,16.643
2013-02-01,17.462
2013-02-02,17.462
2013-02-03,17.54
2013-02-04,19.546
2013-02-05,17.645
2013-02-06,15.641
2013-02-07,11.997
2013-02-08,10.574
2013-02-09,10.316
2013-02-10,10.192
2013-02-11,10.037
2013-02-12,9.916
2013-02-13,9.831
2013-02-14,9.987
2013-02-15,10.451
2013-02-16,11.137
2013-02-17,10.991
2013-02-18,10.608
2013-02-19,10.31
2013-02-20,9.436
2013-02-21,8.968
2013-02-22,8.775
2013-02-23,8.584
2013-02-24,8.494
2013-02-25,8.698
2013-02-26,8.748
2013-02-27,8.277
2013-02-28,8.061
2013-03-01,7.901
2013-03-02,7.78
2013-03-03,7.685
2013-03-04,7.524
2013-03-05,7.408
2013-03-06,7.301
2013-03-07,7.231
2013-03-08,7.23
2013-03-09,7.299
2013-03-10,7.543
2013-03-11,7.453
2013-03-12,7.548
2013-03-13,7.516
2013-03-14,7.155
2013-03-15,7.14
2013-03-16,9.623
2013-03-17,11.712
2013-03-18,8.059
2013-03-19,6.708
2013-03-20,6.683
2013-03-21,7.11
2013-03-22,8.38
2013-03-23,9.722
2013-03-24,10.501
2013-03-25,10.311
2013-03-26,7.982
2013-03-27,7.195
2013-03-28,8.651
2013-03-29,28.108
2013-03-30,51.57
2013-03-31,35.302
2013-04-01,18.287
2013-04-02,16.035
2013-04-03,21.834
2013-04-04,29.778
2013-04-05,41.895
2013-04-06,61.764
2013-04-07,65.773
2013-04-08,94.038
2013-04-09,100.352
2013-04-10,99.899
2013-04-11,133.034
2013-04-12,188.207
2013-04-13,258.035
2013-04-14,269.548
2013-04-15,304.345
2013-04-16,207.047
2013-04-17,114.723
2013-04-18,77.962
2013-04-19,55.648
2013-04-20,38.997
2013-04-21,29.256
2013-04-22,32.86
2013-04-23,39.98
2013-04-24,28.405
2013-04-25,18.389
2013-04-26,20.26
2013-04-27,24.408
2013-04-28,26.763
2013-04-29,40.16
2013-04-30,32.673
2013-05-01,50.811
2013-05-02,51.821
2013-05-03,52.018
2013-05-04,72.538
2013-05-05,89.625
2013-05-06,129.86
2013-05-07,155.192
2013-05-08,139.171
2013-05-09,157.263
2013-05-10,149.668
2013-05-11,202.252
2013-05-12,280.959
2013-05-13,259.906
2013-05-14,172.615
2013-05-15,109.996
2013-05-16,67.158
2013-05-17,47.045
2013-05-18,39.667
2013-05-19,36.389
2013-05-20,33.917
2013-05-21,31.899
2013-05-22,30.301
2013-05-23,28.985
2013-05-24,27.832
2013-05-25,26.688
2013-05-26,25.527
2013-05-27,24.507
2013-05-28,23.632
2013-05-29,22.865
2013-05-30,22.183
2013-05-31,21.55
2013-06-01,21.177
2013-06-02,21.131
2013-06-03,21.125
2013-06-04,20.393
2013-06-05,19.563
2013-06-06,19.43
2013-06-07,20.252
2013-06-08,22.525
2013-06-09,26.382
2013-06-10,31.104
2013-06-11,32.538
2013-06-12,37.823
2013-06-13,42.74
2013-06-14,46.009
2013-06-15,56.756
2013-06-16,56.155
2013-06-17,52.251
2013-06-18,61.54
2013-06-19,64.637
2013-06-20,68.867
2013-06-21,64.216
2013-06-22,62.855
2013-06-23,61.594
2013-06-24,74.581
2013-06-25,63.471
2013-06-26,34.068
2013-06-27,19.681
2013-06-28,17.412
2013-06-29,17.848
2013-06-30,17.84
2013-07-01,17.583
2013-07-02,21.137
2013-07-03,24.08
2013-07-04,25.436
2013-07-05,29.098
2013-07-06,27.94
2013-07-07,20.282
2013-07-08,17.499
2013-07-09,16.698
2013-07-10,18.999
2013-07-11,23.722
2013-07-12,28.777
2013-07-13,31.442
2013-07-14,40.997
2013-07-15,40.387
2013-07-16,39.058
2013-07-17,40.39
2013-07-18,51.668
2013-07-19,58.249
2013-07-20,53.89
2013-07-21,56.83
2013-07-22,70.365
2013-07-23,90.798
2013-07-24,94.795
2013-07-25,87.086
2013-07-26,86.89
2013-07-27,97.723
2013-07-28,113.441
2013-07-29,91.274
2013-07-30,75.106
2013-07-31,86.018
2013-08-01,104.053
2013-08-02,132.06
2013-08-03,142.22
2013-08-04,134.063
2013-08-05,136.815
2013-08-06,143.101
2013-08-07,182.381
2013-08-08,202.318
2013-08-09,164.546
2013-08-10,121.178
2013-08-11,115.673
2013-08-12,107.809
2013-08-13,90.657
2013-08-14,86.535
2013-08-15,87.015
2013-08-16,96.205
2013-08-17,105.669
2013-08-18,121.152
2013-08-19,260.143
2013-08-20,555.193
2013-08-21,358.112
2013-08-22,155.566
2013-08-23,131.868
2013-08-24,168.855
2013-08-25,238.502
2013-08-26,310.35
2013-08-27,258.268
2013-08-28,187.582
2013-08-29,130.759
2013-08-30,111.189
2013-08-31,108.422
2013-09-01,105.455
2013-09-02,102.737
2013-09-03,101.608
2013-09-04,102.905
2013-09-05,114.676
2013-09-06,131.69
2013-09-07,125.918
2013-09-08,117.937
2013-09-09,121.216
2013-09-10,129.322
2013-09-11,118.932
2013-09-12,95.694
2013-09-13,78.062
2013-09-14,71.948
2013-09-15,69.294
2013-09-16,67.287
2013-09-17,65.538
2013-09-18,64.377
2013-09-19,63.932
2013-09-20,64.697
2013-09-21,71.465
2013-09-22,85.51
2013-09-23,92.713
2013-09-24,90.185
2013-09-25,78.406
2013-09-26,66.058
2013-09-27,57.784
2013-09-28,62.548
2013-09-29,65.162
2013-09-30,66.199
2013-10-01,67.238
2013-10-02,71.559
2013-10-03,80.46
2013-10-04,92.225
2013-10-05,102.888
2013-10-06,90.041
2013-10-07,67.13
2013-10-08,61.583
2013-10-09,59.433
2013-10-10,54.818
2013-10-11,72.855
2013-10-12,77.389
2013-10-13,64.388
2013-10-14,52.749
2013-10-15,47.07
2013-10-16,39.41
2013-10-17,36.795
2013-10-18,36.158
2013-10-19,35.456
2013-10-20,34.814
2013-10-21,34.196
2013-10-22,33.56
2013-10-23,33.341
2013-10-24,33.181
2013-10-25,33.546
2013-10-26,37.205
2013-10-27,42.348
2013-10-28,39.417
2013-10-29,38.123
2013-10-30,33.587
2013-10-31,31.498
2013-11-01,30.405
2013-11-02,29.038
2013-11-03,28.128
2013-11-04,27.608
2013-11-05,27.325
2013-11-06,26.673
2013-11-07,26.777
2013-11-08,27.646
2013-11-09,27.736
2013-11-10,31.32
2013-11-11,36.446
2013-11-12,51.548
2013-11-13,48.774
2013-11-14,48.747
2013-11-15,50.532
2013-11-16,48.982
2013-11-17,55.434
2013-11-18,53.249
2013-11-19,43.786
2013-11-20,31.515
2013-11-21,31.698
2013-11-22,26.439
2013-11-23,22.093
2013-11-24,20.683
2013-11-25,20.074
2013-11-26,19.6
2013-11-27,19.197
2013-11-28,18.962
2013-11-29,18.86
2013-11-30,18.675
2013-12-01,18.231
2013-12-02,17.914
2013-12-03,17.664
2013-12-04,17.373
2013-12-05,17.158
2013-12-06,16.972
2013-12-07,16.744
2013-12-08,16.679
2013-12-09,16.466
2013-12-10,16.152
2013-12-11,15.842
2013-12-12,15.59
2013-12-13,15.949
2013-12-14,17.448
2013-12-15,19.636
2013-12-16,22.509
2013-12-17,21.698
2013-12-18,21.478
2013-12-19,19.092
2013-12-20,15.155
2013-12-21,13.879
2013-12-22,13.638
2013-12-23,13.4
2013-12-24,13.21
2013-12-25,13.014
2013-12-26,12.821
2013-12-27,12.568
2013-12-28,12.412
2013-12-29,12.287
2013-12-30,12.108
2013-12-31,11.897
2014-01-01,11.755
2014-01-02,11.623
2014-01-03,11.461
2014-01-04,11.313
2014-01-05,11.141
2014-01-06,10.97
2014-01-07,10.845
2014-01-08,10.715
2014-01-09,10.542
2014-01-10,10.44
2014-01-11,10.322
2014-01-12,10.165
2014-01-13,9.99
2014-01-14,9.885
2014-01-15,9.806
2014-01-16,9.644
2014-01-17,9.432
2014-01-18,9.238
2014-01-19,9.067
2014-01-20,8.923
2014-01-21,8.834
2014-01-22,8.752
2014-01-23,8.635
2014-01-24,8.518
2014-01-25,8.45
2014-01-26,8.328
2014-01-27,8.2
2014-01-28,8.145
2014-01-29,8.037
2014-01-30,7.942
2014-01-31,7.839
2014-02-01,7.675
2014-02-02,7.544
2014-02-03,7.456
2014-02-04,7.357
2014-02-05,7.265
2014-02-06,7.334
2014-02-07,7.427
2014-02-08,7.537
2014-02-09,7.696
2014-02-10,7.668
2014-02-11,7.267
2014-02-12,6.831
2014-02-13,6.542
2014-02-14,6.41
2014-02-15,6.372
2014-02-16,6.314
2014-02-17,6.202
2014-02-18,6.087
2014-02-19,6.086
2014-02-20,6.102
2014-02-21,6.119
2014-02-22,6.208
2014-02-23,6.091
2014-02-24,5.858
2014-02-25,5.665
2014-02-26,5.607
2014-02-27,5.595
2014-02-28,5.454
2014-03-01,5.312
2014-03-02,5.219
2014-03-03,5.138
2014-03-04,5.04
2014-03-05,4.97
2014-03-06,4.918
2014-03-07,4.811
2014-03-08,4.744
2014-03-09,4.716
2014-03-10,4.669
2014-03-11,4.602
2014-03-12,4.555
2014-03-13,4.872
2014-03-14,8.351
2014-03-15,15.341
2014-03-16,32.825
2014-03-17,38.722
2014-03-18,44.985
2014-03-19,36.831
2014-03-20,19.353
2014-03-21,8.042
2014-03-22,5.092
2014-03-23,4.54
2014-03-24,4.235
2014-03-25,9.149
2014-03-26,11.802
2014-03-27,19.898
2014-03-28,23.435
2014-03-29,22.502
2014-03-30,15.032
2014-03-31,8.481
2014-04-01,5.165
2014-04-02,4.561
2014-04-03,4.327
2014-04-04,4.702
2014-04-05,5.148
2014-04-06,5.005
2014-04-07,5.257
2014-04-08,7.262
2014-04-09,7.081
2014-04-10,7.452
2014-04-11,11.194
2014-04-12,14.539
2014-04-13,9.885
2014-04-14,5.064
2014-04-15,3.728
2014-04-16,3.801
2014-04-17,3.941
2014-04-18,4.188
2014-04-19,4.219
2014-04-20,3.965
2014-04-21,3.595
2014-04-22,3.327
2014-04-23,3.289
2014-04-24,3.245
2014-04-25,3.114
2014-04-26,3.022
2014-04-27,2.944
2014-04-28,3.02
2014-04-29,3.025
2014-04-30,2.935
2014-05-01,2.81
2014-05-02,2.875
2014-05-03,3.309
2014-05-04,3.457
2014-05-05,3.503
2014-05-06,3.42
2014-05-07,6.276
2014-05-08,14.384
2014-05-09,33.359
2014-05-10,42.241
2014-05-11,30.379
2014-05-12,29.397
2014-05-13,53.862
2014-05-14,89.38
2014-05-15,77.33
2014-05-16,45.163
2014-05-17,28.762
2014-05-18,26.969
2014-05-19,19.459
2014-05-20,7.248
2014-05-21,3.398
2014-05-22,3.108
2014-05-23,3.993
2014-05-24,5.712
2014-05-25,11.826
2014-05-26,21.478
2014-05-27,52.576
2014-05-28,31.04
2014-05-29,10.45
2014-05-30,8.704
2014-05-31,6.459
2014-06-01,7.855
2014-06-02,10.757
2014-06-03,14.89
2014-06-04,10.415
2014-06-05,5.597
2014-06-06,4.998
2014-06-07,6.24
2014-06-08,9.49
2014-06-09,12.794
2014-06-10,19.025
2014-06-11,29.241
2014-06-12,38.661
2014-06-13,51.542
2014-06-14,73.225
2014-06-15,77.167
2014-06-16,61.756
2014-06-17,35.784
2014-06-18,30.769
2014-06-19,29.754
2014-06-20,36.127
2014-06-21,34.887
2014-06-22,27.165
2014-06-23,27.23
2014-06-24,41.957
2014-06-25,39.307
2014-06-26,29.572
2014-06-27,16.073
2014-06-28,7.358
2014-06-29,5.187
2014-06-30,4.822
2014-07-01,4.63
2014-07-02,4.943
2014-07-03,5.562
2014-07-04,5.74
2014-07-05,4.95
2014-07-06,4.765
2014-07-07,5.345
2014-07-08,7.334
2014-07-09,8.987
2014-07-10,8.448
2014-07-11,7.569
2014-07-12,8.938
2014-07-13,15.606
2014-07-14,22.406
2014-07-15,20.197
2014-07-16,27.682
2014-07-17,27.826
2014-07-18,14.172
2014-07-19,14.798
2014-07-20,22.835
2014-07-21,18.126
2014-07-22,9.977
2014-07-23,7.365
2014-07-24,14.561
2014-07-25,39.118
2014-07-26,78.317
2014-07-27,80.4
2014-07-28,91.852
2014-07-29,83.715
2014-07-30,77.542
2014-07-31,72.413
2014-08-01,55.705
2014-08-02,32.375
2014-08-03,16.662
2014-08-04,15.321
2014-08-05,28.948
2014-08-06,43.399
2014-08-07,42.647
2014-08-08,34.418
2014-08-09,37.56
2014-08-10,29.83
2014-08-11,64.844
2014-08-12,204.352
2014-08-13,191.013
2014-08-14,143.061
2014-08-15,97.302
2014-08-16,91.248
2014-08-17,88.425
2014-08-18,80.763
2014-08-19,56.947
2014-08-20,36.616
2014-08-21,30.651
2014-08-22,29.135
2014-08-23,28.48
2014-08-24,27.599
2014-08-25,28.64
2014-08-26,31.875
2014-08-27,36.049
2014-08-28,41.627
2014-08-29,42.779
2014-08-30,67.19
2014-08-31,100.294
2014-09-01,85.209
2014-09-02,86.699
2014-09-03,89.765
2014-09-04,97.935
2014-09-05,89.61
2014-09-06,101.271
2014-09-07,158.878
2014-09-08,250.726
2014-09-09,295.901
2014-09-10,257.186
2014-09-11,191.249
2014-09-12,108.288
2014-09-13,62.601
2014-09-14,50.044
2014-09-15,43.706
2014-09-16,40.576
2014-09-17,39.305
2014-09-18,38.193
2014-09-19,37.028
2014-09-20,35.889
2014-09-21,35.012
2014-09-22,33.956
2014-09-23,32.936
2014-09-24,32.365
2014-09-25,31.867
2014-09-26,30.379
2014-09-27,29.445
2014-09-28,28.437
2014-09-29,27.474
2014-09-30,26.698
2014-10-01,26.07
2014-10-02,25.59
2014-10-03,25.208
2014-10-04,25.744
2014-10-05,29.482
2014-10-06,34.402
2014-10-07,52.888
2014-10-08,76.74
2014-10-09,76.428
2014-10-10,91.993
2014-10-11,60.774
2014-10-12,32.148
2014-10-13,22.936
2014-10-14,21.179
2014-10-15,20.887
2014-10-16,21.559
2014-10-17,27.476
2014-10-18,36.078
2014-10-19,41.533
2014-10-20,63.191
2014-10-21,86.063
2014-10-22,105.975
2014-10-23,133.472
2014-10-24,150.393
2014-10-25,177.939
2014-10-26,183.885
2014-10-27,128.908
2014-10-28,85.317
2014-10-29,56.515
2014-10-30,37.045
2014-10-31,28.385
2014-11-01,23.398
2014-11-02,21.875
2014-11-03,22.022
2014-11-04,22.963
2014-11-05,24.705
2014-11-06,23.762
2014-11-07,23.184
2014-11-08,22.738
2014-11-09,21.507
2014-11-10,20.842
2014-11-11,20.579
2014-11-12,20.807
2014-11-13,20.815
2014-11-14,20.292
2014-11-15,20.09
2014-11-16,19.499
2014-11-17,19.115
2014-11-18,18.708
2014-11-19,18.513
2014-11-20,18.385
2014-11-21,18.516
2014-11-22,19.972
2014-11-23,20.001
2014-11-24,20.569
2014-11-25,24.164
2014-11-26,31.54
2014-11-27,32.207
2014-11-28,42.023
2014-11-29,43.332
2014-11-30,40.19
2014-12-01,45.338
2014-12-02,48.545
2014-12-03,44.714
2014-12-04,34.06
2014-12-05,31.391
2014-12-06,28.953
2014-12-07,25.411
2014-12-08,19.369
2014-12-09,15.763
2014-12-10,14.5
2014-12-11,14.193
2014-12-12,14.129
2014-12-13,13.996
2014-12-14,13.794
2014-12-15,13.658
2014-12-16,13.649
2014-12-17,13.424
2014-12-18,13.138
2014-12-19,12.935
2014-12-20,12.738
2014-12-21,12.55
2014-12-22,12.406
2014-12-23,12.306
2014-12-24,12.161
2014-12-25,11.94
2014-12-26,11.765
2014-12-27,11.648
2014-12-28,11.502
2014-12-29,11.405
2014-12-30,11.201
2014-12-31,11.033
2015-01-01,10.857
2015-01-02,10.609
2015-01-03,10.261
2015-01-04,9.794
2015-01-05,8.87
2015-01-06,6.915
2015-01-07,5.948
2015-01-08,5.762
2015-01-09,5.698
2015-01-10,5.634
2015-01-11,5.554
2015-01-12,5.463
2015-01-13,5.373
2015-01-14,5.273
2015-01-15,5.159
2015-01-16,5.113
2015-01-17,5.058
2015-01-18,4.967
2015-01-19,4.893
2015-01-20,4.807
2015-01-21,4.75
2015-01-22,4.69
2015-01-23,4.608
2015-01-24,4.502
2015-01-25,4.422
2015-01-26,4.365
2015-01-27,4.338
2015-01-28,4.297
2015-01-29,4.26
2015-01-30,4.196
2015-01-31,4.082
2015-02-01,4.007
2015-02-02,3.957
2015-02-03,3.901
2015-02-04,3.839
2015-02-05,3.765
2015-02-06,3.698
2015-02-07,3.665
2015-02-08,3.626
2015-02-09,3.58
2015-02-10,3.522
2015-02-11,3.49
2015-02-12,3.463
2015-02-13,3.428
2015-02-14,3.402
2015-02-15,3.382
2015-02-16,3.395
2015-02-17,3.852
2015-02-18,4.265
2015-02-19,3.7
2015-02-20,3.479
2015-02-21,3.336
2015-02-22,3.225
2015-02-23,3.131
2015-02-24,3.028
2015-02-25,2.92
2015-02-26,2.858
2015-02-27,2.814
2015-02-28,2.775
2015-03-01,2.748
2015-03-02,2.732
2015-03-03,2.746
2015-03-04,2.698
2015-03-05,2.638
2015-03-06,2.565
2015-03-07,2.508
2015-03-08,2.474
2015-03-09,2.443
2015-03-10,2.398
2015-03-11,2.375
2015-03-12,2.335
2015-03-13,2.299
2015-03-14,2.282
2015-03-15,2.224
2015-03-16,2.189
2015-03-17,2.175
2015-03-18,2.168
2015-03-19,2.128
2015-03-20,2.092
2015-03-21,2.075
2015-03-22,2.061
2015-03-23,2.039
2015-03-24,2.087
2015-03-25,2.224
2015-03-26,2.465
2015-03-27,2.524
2015-03-28,2.52
2015-03-29,2.639
2015-03-30,3.449
2015-03-31,7.005
2015-04-01,10.598
2015-04-02,13.439
2015-04-03,15.989
2015-04-04,49.16
2015-04-05,161.777
2015-04-06,333.978
2015-04-07,292.143
2015-04-08,136.674
2015-04-09,102.392
2015-04-10,60.752
2015-04-11,69.987
2015-04-12,48.927
2015-04-13,27.466
2015-04-14,21.762
2015-04-15,11.565
2015-04-16,6.313
2015-04-17,17.295
2015-04-18,33.746
2015-04-19,47.2
2015-04-20,47.103
2015-04-21,37.972
2015-04-22,54.297
2015-04-23,58.732
2015-04-24,57.364
2015-04-25,53.856
2015-04-26,80.99
2015-04-27,82.48
2015-04-28,67.494
2015-04-29,71.324
2015-04-30,89.717
2015-05-01,86.654
2015-05-02,53.52
2015-05-03,39.742
2015-05-04,54.165
2015-05-05,42.417
2015-05-06,32.374
2015-05-07,43.261
2015-05-08,89.75
2015-05-09,57.188
2015-05-10,48.029
2015-05-11,28.397
2015-05-12,37.602
2015-05-13,41.55
2015-05-14,28.45
2015-05-15,20.394
2015-05-16,23.809
2015-05-17,32.202
2015-05-18,31.124
2015-05-19,19.63
2015-05-20,22.99
2015-05-21,28.534
2015-05-22,54.188
2015-05-23,51.856
2015-05-24,29.628
2015-05-25,15.46
2015-05-26,13.201
2015-05-27,15.812
2015-05-28,17.777
2015-05-29,12.903
2015-05-30,12.535
2015-05-31,12.079
2015-06-01,16.019
2015-06-02,34.332
2015-06-03,128.506
2015-06-04,365.275
2015-06-05,562.084
2015-06-06,291.208
2015-06-07,180.773
2015-06-08,180.297
2015-06-09,129.107
2015-06-10,102.208
2015-06-11,58.988
2015-06-12,47.584
2015-06-13,60.153
2015-06-14,55.912
2015-06-15,38.698
2015-06-16,32.362
2015-06-17,55.922
2015-06-18,85.394
2015-06-19,76.729
2015-06-20,76.477
2015-06-21,85.625
2015-06-22,78.432
2015-06-23,97.959
2015-06-24,140.787
2015-06-25,159.332
2015-06-26,108.021
2015-06-27,73.204
2015-06-28,84.874
2015-06-29,133.587
2015-06-30,119.315
2015-07-01,82.005
2015-07-02,55.8
2015-07-03,38.252
2015-07-04,29.671
2015-07-05,27.273
2015-07-06,26.631
2015-07-07,25.419
2015-07-08,24.057
2015-07-09,22.78
2015-07-10,21.613
2015-07-11,20.57
2015-07-12,19.659
2015-07-13,18.803
2015-07-14,18.462
2015-07-15,18.365
2015-07-16,16.97
2015-07-17,16.037
2015-07-18,15.37
2015-07-19,14.947
2015-07-20,15.465
2015-07-21,18.985
2015-07-22,26.356
2015-07-23,26.071
2015-07-24,39.445
2015-07-25,57.232
2015-07-26,54.494
2015-07-27,57.29
2015-07-28,51.123
2015-07-29,58.849
2015-07-30,78.167
2015-07-31,61.163
2015-08-01,54.299
2015-08-02,92.045
2015-08-03,114.102
2015-08-04,89.475
2015-08-05,80.083
2015-08-06,78.903
2015-08-07,56.651
2015-08-08,28.048
2015-08-09,17.756
2015-08-10,15.595
2015-08-11,15.401
2015-08-12,15.558
2015-08-13,15.456
2015-08-14,15.152
2015-08-15,14.772
2015-08-16,14.475
2015-08-17,14.289
2015-08-18,14.147
2015-08-19,14.41
2015-08-20,15.122
2015-08-21,16.351
2015-08-22,14.995
2015-08-23,14.239
2015-08-24,13.764
2015-08-25,12.931
2015-08-26,12.29
2015-08-27,11.963
2015-08-28,11.741
2015-08-29,11.436
2015-08-30,11.097
2015-08-31,10.857
2015-09-01,10.748
2015-09-02,10.888
2015-09-03,11.214
2015-09-04,11.592
2015-09-05,11.019
2015-09-06,11.251
2015-09-07,12.121
2015-09-08,11.041
2015-09-09,10.179
2015-09-10,9.655
2015-09-11,10.157
2015-09-12,10.06
2015-09-13,8.739
2015-09-14,8.199
2015-09-15,7.945
2015-09-16,7.767
2015-09-17,7.713
2015-09-18,7.676
2015-09-19,7.486
2015-09-20,7.277
2015-09-21,7.069
2015-09-22,6.938
2015-09-23,6.88
2015-09-24,6.868
2015-09-25,6.745
2015-09-26,6.607
2015-09-27,6.552
2015-09-28,6.5
2015-09-29,6.406
2015-09-30,6.097
2015-10-01,5.887
2015-10-02,5.856
2015-10-03,5.801
2015-10-04,5.898
2015-10-05,5.972
2015-10-06,6.319
2015-10-07,6.407
2015-10-08,6.055
2015-10-09,5.805
2015-10-10,5.394
2015-10-11,5.31
2015-10-12,5.47
2015-10-13,5.617
2015-10-14,5.55
2015-10-15,6.674
2015-10-16,7.016
2015-10-17,6.299
2015-10-18,6.218
2015-10-19,5.892
2015-10-20,6.261
2015-10-21,6.163
2015-10-22,6.546
2015-10-23,6.912
2015-10-24,7.857
2015-10-25,7.105
2015-10-26,11.875
2015-10-27,22.125
2015-10-28,35.238
2015-10-29,40.855
2015-10-30,56.574
2015-10-31,77.27
2015-11-01,58.328
2015-11-02,33.134
2015-11-03,34.492
2015-11-04,49.965
2015-11-05,89.163
2015-11-06,94.721
2015-11-07,80.041
2015-11-08,78.759
2015-11-09,82.527
2015-11-10,97.767
2015-11-11,97.659
2015-11-12,80.397
2015-11-13,100.195
2015-11-14,98.779
2015-11-15,77.454
2015-11-16,52.818
2015-11-17,36.488
2015-11-18,24.268
2015-11-19,27.632
2015-11-20,29.084
2015-11-21,28.242
2015-11-22,28.048
2015-11-23,18.223
2015-11-24,10.501
2015-11-25,9.336
2015-11-26,9.684
2015-11-27,7.658
2015-11-28,8.133
2015-11-29,10.198
2015-11-30,11.471
2015-12-01,26.348
2015-12-02,39.292
2015-12-03,36.591
2015-12-04,21.276
2015-12-05,18.291
2015-12-06,17.287
2015-12-07,10.413
2015-12-08,8.406
2015-12-09,9.158
2015-12-10,7.672
2015-12-11,7.855
2015-12-12,9.923
2015-12-13,12.87
2015-12-14,11.471
2015-12-15,6.292
2015-12-16,4.803
2015-12-17,4.801
2015-12-18,5.94
2015-12-19,5.847
2015-12-20,5.507
2015-12-21,5.085
2015-12-22,4.752
2015-12-23,4.61
2015-12-24,4.442
2015-12-25,4.196
2015-12-26,4.074
2015-12-27,3.978
2015-12-28,3.891
2015-12-29,3.879
2015-12-30,3.902
2015-12-31,4.0
2016-01-01,4.008
2016-01-02,3.872
2016-01-03,3.815
2016-01-04,3.77
2016-01-05,3.741
2016-01-06,3.713
2016-01-07,3.69
2016-01-08,3.649
2016-01-09,3.602
2016-01-10,3.561
2016-01-11,3.502
2016-01-12,3.482
2016-01-13,3.421
2016-01-14,3.407
2016-01-15,3.382
2016-01-16,3.367
2016-01-17,3.425
2016-01-18,3.603
2016-01-19,3.832
2016-01-20,3.953
2016-01-21,4.06
2016-01-22,4.157
2016-01-23,3.991
2016-01-24,3.614
2016-01-25,3.228
2016-01-26,3.018
2016-01-27,2.948
2016-01-28,2.901
2016-01-29,2.844
2016-01-30,2.813
2016-01-31,2.778
2016-02-01,2.794
2016-02-02,2.893
2016-02-03,2.938
2016-02-04,2.903
2016-02-05,2.687
2016-02-06,2.595
2016-02-07,2.596
2016-02-08,2.544
2016-02-09,2.487
2016-02-10,2.497
2016-02-11,2.498
2016-02-12,2.458
2016-02-13,2.442
2016-02-14,2.436
2016-02-15,2.433
2016-02-16,2.42
2016-02-17,2.364
2016-02-18,2.34
2016-02-19,2.319
2016-02-20,2.265
2016-02-21,2.223
2016-02-22,2.209
2016-02-23,2.172
2016-02-24,2.099
2016-02-25,2.065
2016-02-26,2.045
2016-02-27,2.037
2016-02-28,2.052
2016-02-29,2.079
2016-03-01,2.22
2016-03-02,2.338
2016-03-03,2.231
2016-03-04,2.011
2016-03-05,1.906
2016-03-06,1.89
2016-03-07,1.835
2016-03-08,1.783
2016-03-09,1.842
2016-03-10,2.031
2016-03-11,2.572
2016-03-12,3.37
2016-03-13,3.566
2016-03-14,3.418
2016-03-15,2.685
2016-03-16,1.869
2016-03-17,1.603
2016-03-18,1.572
2016-03-19,1.689
2016-03-20,1.724
2016-03-21,1.678
2016-03-22,1.648
2016-03-23,1.604
2016-03-24,1.612
2016-03-25,1.633
2016-03-26,1.557
2016-03-27,1.585
2016-03-28,1.502
2016-03-29,1.43
2016-03-30,1.376
2016-03-31,1.396
2016-04-01,1.425
2016-04-02,1.668
2016-04-03,2.011
2016-04-04,2.628
2016-04-05,3.248
2016-04-06,3.133
2016-04-07,3.373
2016-04-08,3.209
2016-04-09,3.829
2016-04-10,2.985
2016-04-11,3.071
2016-04-12,4.141
2016-04-13,5.647
2016-04-14,11.149
2016-04-15,12.757
2016-04-16,12.492
2016-04-17,13.334
2016-04-18,23.595
2016-04-19,46.85
2016-04-20,48.474
2016-04-21,27.901
2016-04-22,13.856
2016-04-23,15.966
2016-04-24,17.308
2016-04-25,22.565
2016-04-26,27.322
2016-04-27,17.961
2016-04-28,21.375
2016-04-29,35.184
2016-04-30,62.461
2016-05-01,98.07
2016-05-02,113.411
2016-05-03,121.57
2016-05-04,103.823
2016-05-05,92.723
2016-05-06,60.996
2016-05-07,43.328
2016-05-08,57.517
2016-05-09,62.535
2016-05-10,75.475
2016-05-11,88.9
2016-05-12,72.45
2016-05-13,53.6
2016-05-14,46.519
2016-05-15,54.698
2016-05-16,87.674
2016-05-17,85.737
2016-05-18,55.23
2016-05-19,26.081
2016-05-20,11.87
2016-05-21,9.73
2016-05-22,28.996
2016-05-23,70.375
2016-05-24,102.169
2016-05-25,122.813
2016-05-26,80.824
2016-05-27,49.79
2016-05-28,17.421
2016-05-29,7.848
2016-05-30,6.451
2016-05-31,6.281
2016-06-01,6.277
2016-06-02,6.234
2016-06-03,6.26
2016-06-04,6.288
2016-06-05,6.285
2016-06-06,6.21
2016-06-07,6.144
2016-06-08,6.102
2016-06-09,6.089
2016-06-10,6.027
2016-06-11,6.117
2016-06-12,6.247
2016-06-13,6.086
2016-06-14,6.09
2016-06-15,6.182
2016-06-16,6.035
2016-06-17,6.288
2016-06-18,7.703
2016-06-19,11.364
2016-06-20,12.555
2016-06-21,15.097
2016-06-22,24.916
2016-06-23,41.827
2016-06-24,57.25
2016-06-25,75.75
2016-06-26,86.498
2016-06-27,87.512
2016-06-28,107.048
2016-06-29,106.045
2016-06-30,72.627
2016-07-01,44.086
2016-07-02,24.0
2016-07-03,22.618
2016-07-04,32.721
2016-07-05,43.38
2016-07-06,41.272
2016-07-07,44.999
2016-07-08,105.237
2016-07-09,186.117
2016-07-10,184.145
2016-07-11,101.437
2016-07-12,102.411
2016-07-13,114.275
2016-07-14,94.679
2016-07-15,80.489
2016-07-16,61.695
2016-07-17,45.763
2016-07-18,38.123
2016-07-19,30.461
2016-07-20,24.249
2016-07-21,22.375
2016-07-22,22.757
2016-07-23,23.685
2016-07-24,26.4
2016-07-25,32.21
2016-07-26,33.005
2016-07-27,31.507
2016-07-28,26.239
2016-07-29,28.924
2016-07-30,25.573
2016-07-31,28.726
2016-08-01,54.202
2016-08-02,74.726
2016-08-03,72.626
2016-08-04,62.021
2016-08-05,77.385
2016-08-06,94.646
2016-08-07,105.838
2016-08-08,109.832
2016-08-09,113.375
2016-08-10,103.818
2016-08-11,79.508
2016-08-12,83.249
2016-08-13,98.062
2016-08-14,92.74
2016-08-15,150.802
2016-08-16,119.887
2016-08-17,68.458
2016-08-18,53.215
2016-08-19,49.959
2016-08-20,49.562
2016-08-21,49.445
2016-08-22,49.306
2016-08-23,49.109
2016-08-24,49.061
2016-08-25,52.136
2016-08-26,57.277
2016-08-27,58.91
2016-08-28,50.819
2016-08-29,45.045
2016-08-30,42.212
2016-08-31,40.628
2016-09-01,39.493
2016-09-02,38.339
2016-09-03,37.22
2016-09-04,36.227
2016-09-05,35.312
2016-09-06,34.244
2016-09-07,33.109
2016-09-08,32.128
2016-09-09,31.175
2016-09-10,30.117
2016-09-11,29.124
2016-09-12,28.182
2016-09-13,27.254
2016-09-14,26.345
2016-09-15,25.495
2016-09-16,24.835
2016-09-17,24.082
2016-09-18,23.198
2016-09-19,22.493
2016-09-20,22.081
2016-09-21,22.97
2016-09-22,26.129
2016-09-23,24.464
2016-09-24,21.069
2016-09-25,19.275
2016-09-26,18.408
2016-09-27,18.41
2016-09-28,22.542
2016-09-29,25.255
2016-09-30,23.204
2016-10-01,22.584
2016-10-02,28.779
2016-10-03,25.263
2016-10-04,18.204
2016-10-05,18.051
2016-10-06,19.07
2016-10-07,25.26
2016-10-08,26.51
2016-10-09,21.321
2016-10-10,16.162
2016-10-11,13.083
2016-10-12,12.036
2016-10-13,11.679
2016-10-14,11.428
2016-10-15,11.236
2016-10-16,10.966
2016-10-17,10.665
2016-10-18,10.399
2016-10-19,10.178
2016-10-20,9.93
2016-10-21,9.656
2016-10-22,9.592
2016-10-23,9.585
2016-10-24,9.487
2016-10-25,9.137
2016-10-26,9.343
2016-10-27,9.73
2016-10-28,9.043
2016-10-29,8.469
2016-10-30,8.219
2016-10-31,7.962
2016-11-01,7.712
2016-11-02,7.565
2016-11-03,7.421
2016-11-04,7.271
2016-11-05,7.115
2016-11-06,6.962
2016-11-07,6.861
2016-11-08,6.737
2016-11-09,6.672
2016-11-10,6.739
2016-11-11,6.852
2016-11-12,6.743
2016-11-13,6.49
2016-11-14,6.343
2016-11-15,6.04
2016-11-16,5.782
2016-11-17,5.64
2016-11-18,5.538
2016-11-19,5.427
2016-11-20,5.383
2016-11-21,5.312
2016-11-22,5.24
2016-11-23,5.325
2016-11-24,5.647
2016-11-25,6.893
2016-11-26,6.527
2016-11-27,6.783
2016-11-28,9.77
2016-11-29,14.762
2016-11-30,17.197
2016-12-01,14.59
2016-12-02,9.248
2016-12-03,5.664
2016-12-04,4.919
2016-12-05,4.559
2016-12-06,4.379
2016-12-07,4.24
2016-12-08,4.137
2016-12-09,3.975
2016-12-10,3.848
2016-12-11,3.756
2016-12-12,3.66
2016-12-13,3.636
2016-12-14,3.575
2016-12-15,3.512
2016-12-16,3.487
2016-12-17,3.383
2016-12-18,3.253
2016-12-19,3.175
2016-12-20,3.121
2016-12-21,3.066
2016-12-22,3.045
2016-12-23,3.004
2016-12-24,2.966
2016-12-25,2.938
2016-12-26,2.905
2016-12-27,2.867
2016-12-28,2.83
2016-12-29,2.773
2016-12-30,2.706
2016-12-31,2.634
2017-01-01,2.551
2017-01-02,2.522
2017-01-03,2.552
2017-01-04,2.566
2017-01-05,2.482
2017-01-06,2.404
2017-01-07,2.385
2017-01-08,2.34
2017-01-09,2.28
2017-01-10,2.251
2017-01-11,2.244
2017-01-12,2.237
2017-01-13,2.208
2017-01-14,2.162
2017-01-15,2.142
2017-01-16,2.1
2017-01-17,2.041
2017-01-18,1.979
2017-01-19,1.952
2017-01-20,1.922
2017-01-21,1.89
2017-01-22,1.85
2017-01-23,1.836
2017-01-24,1.808
2017-01-25,1.773
2017-01-26,1.751
2017-01-27,1.71
2017-01-28,1.651
2017-01-29,1.655
2017-01-30,1.901
2017-01-31,2.059
2017-02-01,2.2
2017-02-02,2.299
2017-02-03,2.664
2017-02-04,2.684
2017-02-05,2.328
2017-02-06,1.87
2017-02-07,1.588
2017-02-08,1.487
2017-02-09,1.422
2017-02-10,1.387
2017-02-11,1.379
2017-02-12,1.358
2017-02-13,1.327
2017-02-14,1.303
2017-02-15,1.257
2017-02-16,1.236
2017-02-17,1.226
2017-02-18,1.248
2017-02-19,1.282
2017-02-20,1.336
2017-02-21,1.43
2017-02-22,1.581
2017-02-23,2.015
2017-02-24,1.913
2017-02-25,1.538
2017-02-26,1.475
2017-02-27,1.52
2017-02-28,1.663
2017-03-01,1.742
2017-03-02,1.573
2017-03-03,1.387
2017-03-04,1.496
2017-03-05,1.34
2017-03-06,1.155
2017-03-07,1.095
2017-03-08,1.114
2017-03-09,1.063
2017-03-10,1.071
2017-03-11,1.034
2017-03-12,0.943
2017-03-13,0.911
2017-03-14,0.91
2017-03-15,0.91
2017-03-16,1.121
2017-03-17,2.298
2017-03-18,2.416
2017-03-19,2.992
2017-03-20,2.21
2017-03-21,1.739
2017-03-22,1.571
2017-03-23,1.067
2017-03-24,0.876
2017-03-25,0.936
2017-03-26,1.656
2017-03-27,2.507
2017-03-28,4.09
2017-03-29,4.405
2017-03-30,4.01
2017-03-31,5.291
2017-04-01,5.637
2017-04-02,2.202
2017-04-03,0.966
2017-04-04,0.735
2017-04-05,0.715
2017-04-06,0.765
2017-04-07,0.818
2017-04-08,0.804
2017-04-09,0.904
2017-04-10,1.005
2017-04-11,0.982
2017-04-12,0.917
2017-04-13,0.798
2017-04-14,0.756
2017-04-15,0.735
2017-04-16,0.672
2017-04-17,0.801
2017-04-18,1.289
2017-04-19,2.41
2017-04-20,5.756
2017-04-21,8.89
2017-04-22,13.286
2017-04-23,8.765
2017-04-24,8.33
2017-04-25,5.349
2017-04-26,2.054
2017-04-27,1.32
2017-04-28,1.351
2017-04-29,1.685
2017-04-30,2.63
2017-05-01,3.21
2017-05-02,4.1
2017-05-03,11.55
2017-05-04,38.18
2017-05-05,41.12
2017-05-06,40.571
2017-05-07,33.204
2017-05-08,25.767
2017-05-09,21.28
2017-05-10,15.138
2017-05-11,7.88
2017-05-12,3.516
2017-05-13,2.232
2017-05-14,2.159
2017-05-15,2.655
2017-05-16,3.398
2017-05-17,8.542
2017-05-18,16.798
2017-05-19,12.13
2017-05-20,14.501
2017-05-21,20.405
2017-05-22,35.72
2017-05-23,65.336
2017-05-24,109.139
2017-05-25,65.183
2017-05-26,14.873
2017-05-27,2.146
2017-05-28,0.907
2017-05-29,2.031
2017-05-30,3.846
2017-05-31,5.397
2017-06-01,7.167
2017-06-02,16.268
2017-06-03,28.926
2017-06-04,30.799
2017-06-05,26.194
2017-06-06,21.391
2017-06-07,12.052
2017-06-08,3.149
2017-06-09,1.073
2017-06-10,0.734
2017-06-11,0.667
2017-06-12,0.619
2017-06-13,0.558
2017-06-14,0.597
2017-06-15,1.78
2017-06-16,5.958
2017-06-17,12.379
2017-06-18,17.321
2017-06-19,9.527
2017-06-20,7.091
2017-06-21,4.749
2017-06-22,1.867
2017-06-23,0.7
2017-06-24,0.511
2017-06-25,0.503
2017-06-26,0.52
2017-06-27,0.519
2017-06-28,0.564
2017-06-29,0.87
2017-06-30,1.787
2017-07-01,4.362
2017-07-02,5.961
2017-07-03,4.833
2017-07-04,6.963
2017-07-05,20.188
2017-07-06,31.853
2017-07-07,27.946
2017-07-08,43.053
2017-07-09,50.979
2017-07-10,45.094
2017-07-11,48.629
2017-07-12,54.935
2017-07-13,47.134
2017-07-14,63.056
2017-07-15,80.511
2017-07-16,75.0
2017-07-17,58.788
2017-07-18,38.532
2017-07-19,28.754
2017-07-20,33.02
2017-07-21,35.065
2017-07-22,34.102
2017-07-23,42.318
2017-07-24,35.435
2017-07-25,47.923
2017-07-26,57.904
2017-07-27,60.899
2017-07-28,68.778
2017-07-29,114.925
2017-07-30,94.398
2017-07-31,79.153
2017-08-01,71.871
2017-08-02,75.242
2017-08-03,117.004
2017-08-04,144.946
2017-08-05,107.96
2017-08-06,58.986
2017-08-07,25.836
2017-08-08,18.952
2017-08-09,26.733
2017-08-10,49.532
2017-08-11,94.368
2017-08-12,94.356
2017-08-13,91.624
2017-08-14,200.144
2017-08-15,446.918
2017-08-16,177.872
2017-08-17,99.695
2017-08-18,73.116
2017-08-19,48.6
2017-08-20,39.775
2017-08-21,30.348
2017-08-22,25.65
2017-08-23,23.679
2017-08-24,22.343
2017-08-25,21.948
2017-08-26,21.508
2017-08-27,22.016
2017-08-28,28.161
2017-08-29,34.299
2017-08-30,38.913
2017-08-31,36.909
2017-09-01,34.847
2017-09-02,57.073
2017-09-03,103.941
2017-09-04,117.106
2017-09-05,106.753
2017-09-06,106.362
2017-09-07,132.06
2017-09-08,182.558
2017-09-09,166.735
2017-09-10,107.418
2017-09-11,55.426
2017-09-12,32.695
2017-09-13,27.75
2017-09-14,22.89
2017-09-15,25.59
2017-09-16,33.995
2017-09-17,42.779
2017-09-18,43.225
2017-09-19,40.484
2017-09-20,63.11
2017-09-21,105.09
2017-09-22,113.96
2017-09-23,88.386
2017-09-24,61.623
2017-09-25,44.24
2017-09-26,32.93
2017-09-27,36.588
2017-09-28,36.153
2017-09-29,27.23
2017-09-30,24.127
2017-10-01,24.308
2017-10-02,25.558
2017-10-03,25.847
2017-10-04,23.649
2017-10-05,22.696
2017-10-06,22.081
2017-10-07,21.446
2017-10-08,20.938
2017-10-09,20.48
2017-10-10,19.991
2017-10-11,19.639
2017-10-12,19.752
2017-10-13,22.299
2017-10-14,26.284
2017-10-15,28.147
2017-10-16,40.326
2017-10-17,63.302
2017-10-18,67.77
2017-10-19,53.61
2017-10-20,82.836
2017-10-21,106.433
2017-10-22,101.054
2017-10-23,135.695
2017-10-24,134.624
2017-10-25,90.083
2017-10-26,66.522
2017-10-27,63.879
2017-10-28,53.444
2017-10-29,47.55
2017-10-30,43.755
2017-10-31,28.824
2017-11-01,19.51
2017-11-02,16.787
2017-11-03,16.526
2017-11-04,17.518
2017-11-05,19.641
2017-11-06,23.956
2017-11-07,33.2
2017-11-08,73.815
2017-11-09,118.312
2017-11-10,97.03
2017-11-11,72.16
2017-11-12,54.708
2017-11-13,34.883
2017-11-14,25.249
2017-11-15,23.603
2017-11-16,23.948
2017-11-17,26.818
2017-11-18,21.222
2017-11-19,16.91
2017-11-20,15.493
2017-11-21,14.881
2017-11-22,14.53
2017-11-23,14.397
2017-11-24,14.254
2017-11-25,14.133
2017-11-26,14.069
2017-11-27,14.144
2017-11-28,14.033
2017-11-29,14.31
2017-11-30,14.369
2017-12-01,14.036
2017-12-02,13.416
2017-12-03,13.092
2017-12-04,12.993
2017-12-05,12.974
2017-12-06,12.747
2017-12-07,12.469
2017-12-08,12.22
2017-12-09,12.054
2017-12-10,11.908
2017-12-11,11.727
2017-12-12,11.59
2017-12-13,11.426
2017-12-14,11.262
2017-12-15,11.085
2017-12-16,10.967
2017-12-17,10.807
2017-12-18,10.68
2017-12-19,10.535
2017-12-20,10.379
2017-12-21,10.244
2017-12-22,10.095
2017-12-23,9.902
2017-12-24,9.68
2017-12-25,9.543
2017-12-26,9.412
2017-12-27,9.276
2017-12-28,9.143
2017-12-29,9.028
2017-12-30,8.881
2017-12-31,8.75
2018-01-01,8.66
2018-01-02,8.542
2018-01-03,8.418
2018-01-04,8.307
2018-01-05,8.177
2018-01-06,8.047
2018-01-07,7.924
2018-01-08,7.845
2018-01-09,7.745
2018-01-10,7.594
2018-01-11,7.5
2018-01-12,7.372
2018-01-13,7.242
2018-01-14,7.122
2018-01-15,7.024
2018-01-16,6.946
2018-01-17,6.879
2018-01-18,6.808
2018-01-19,6.728
2018-01-20,6.599
2018-01-21,6.514
2018-01-22,6.458
2018-01-23,6.39
2018-01-24,6.329
2018-01-25,6.232
2018-01-26,6.122
2018-01-27,5.994
2018-01-28,5.906
2018-01-29,5.839
2018-01-30,5.789
2018-01-31,5.805
2018-02-01,5.725
2018-02-02,5.586
2018-02-03,5.45
2018-02-04,5.353
2018-02-05,5.282
2018-02-06,5.223
2018-02-07,5.16
2018-02-08,5.106
2018-02-09,5.022
2018-02-10,4.913
2018-02-11,4.821
2018-02-12,4.755
2018-02-13,4.694
2018-02-14,4.618
2018-02-15,4.561
2018-02-16,4.529
2018-02-17,4.469
2018-02-18,4.389
2018-02-19,4.342
2018-02-20,4.291
2018-02-21,4.278
2018-02-22,4.427
2018-02-23,4.607
2018-02-24,4.927
2018-02-25,4.415
2018-02-26,4.071
2018-02-27,4.078
2018-02-28,4.47
2018-03-01,5.068
2018-03-02,12.46
2018-03-03,25.38
2018-03-04,25.531
2018-03-05,24.477
2018-03-06,39.538
2018-03-07,53.361
2018-03-08,43.646
2018-03-09,27.679
2018-03-10,16.775
2018-03-11,8.328
2018-03-12,5.22
2018-03-13,5.811
2018-03-14,8.168
2018-03-15,9.689
2018-03-16,28.334
2018-03-17,53.285
2018-03-18,81.416
2018-03-19,110.478
2018-03-20,76.731
2018-03-21,59.148
2018-03-22,85.851
2018-03-23,92.904
2018-03-24,35.735
2018-03-25,15.207
2018-03-26,6.764
2018-03-27,4.966
2018-03-28,5.219
2018-03-29,6.427
2018-03-30,9.052
2018-03-31,6.022
2018-04-01,3.809
2018-04-02,3.332
2018-04-03,3.571
2018-04-04,4.291
2018-04-05,7.698
2018-04-06,14.578
2018-04-07,29.174
2018-04-08,70.158
2018-04-09,107.961
2018-04-10,85.578
2018-04-11,86.688
2018-04-12,108.08
2018-04-13,93.206
2018-04-14,84.927
2018-04-15,101.328
2018-04-16,110.987
2018-04-17,130.418
2018-04-18,94.652
2018-04-19,58.502
2018-04-20,41.226
2018-04-21,43.98
2018-04-22,46.741
2018-04-23,65.92
2018-04-24,110.568
2018-04-25,97.988
2018-04-26,160.193
2018-04-27,213.09
2018-04-28,173.986
2018-04-29,145.563
2018-04-30,163.565
2018-05-01,191.104
2018-05-02,157.888
2018-05-03,108.487
2018-05-04,85.595
2018-05-05,89.15
2018-05-06,89.202
2018-05-07,82.409
2018-05-08,75.785
2018-05-09,95.875
2018-05-10,196.659
2018-05-11,198.406
2018-05-12,89.008
2018-05-13,47.198
2018-05-14,32.539
2018-05-15,24.081
2018-05-16,31.825
2018-05-17,35.5
2018-05-18,45.886
2018-05-19,115.71
2018-05-20,286.338
2018-05-21,257.062
2018-05-22,157.658
2018-05-23,143.026
2018-05-24,186.863
2018-05-25,263.157
2018-05-26,235.01
2018-05-27,180.916
2018-05-28,155.961
2018-05-29,119.23
2018-05-30,130.872
2018-05-31,132.327
2018-06-01,112.382
2018-06-02,80.145
2018-06-03,61.49
2018-06-04,51.988
2018-06-05,61.031
2018-06-06,82.599
2018-06-07,118.72
2018-06-08,185.083
2018-06-09,254.387
2018-06-10,316.797
2018-06-11,195.552
2018-06-12,135.371
2018-06-13,117.799
2018-06-14,107.298
2018-06-15,100.01
2018-06-16,88.987
2018-06-17,77.114
2018-06-18,82.19
2018-06-19,99.109
2018-06-20,122.008
2018-06-21,131.638
2018-06-22,148.719
2018-06-23,206.58
2018-06-24,235.254
2018-06-25,175.206
2018-06-26,135.638
2018-06-27,128.663
2018-06-28,173.853
2018-06-29,202.59
2018-06-30,184.306
2018-07-01,144.676
2018-07-02,125.727
2018-07-03,127.457
2018-07-04,126.593
2018-07-05,121.709
2018-07-06,114.645
2018-07-07,101.021
2018-07-08,96.04
2018-07-09,92.78
2018-07-10,90.141
2018-07-11,91.324
2018-07-12,104.505
2018-07-13,115.951
2018-07-14,125.318
2018-07-15,165.237
2018-07-16,157.213
2018-07-17,117.39
2018-07-18,97.069
2018-07-19,97.1
2018-07-20,94.445
2018-07-21,91.348
2018-07-22,92.697
2018-07-23,88.75
2018-07-24,82.458
2018-07-25,75.894
2018-07-26,73.368
2018-07-27,72.347
2018-07-28,71.779
2018-07-29,72.001
2018-07-30,70.006
2018-07-31,71.078
2018-08-01,74.518
2018-08-02,68.292
2018-08-03,64.618
2018-08-04,62.906
2018-08-05,61.444
2018-08-06,59.931
2018-08-07,58.455
2018-08-08,57.134
2018-08-09,55.955
2018-08-10,54.627
2018-08-11,53.595
2018-08-12,52.496
2018-08-13,51.607
2018-08-14,50.512
2018-08-15,49.18
2018-08-16,47.403
2018-08-17,45.964
2018-08-18,44.817
2018-08-19,44.113
2018-08-20,44.482
2018-08-21,45.806
2018-08-22,51.522
2018-08-23,56.703
2018-08-24,61.458
2018-08-25,53.244
2018-08-26,57.027
2018-08-27,75.835
2018-08-28,94.907
2018-08-29,101.831
2018-08-30,99.848
2018-08-31,94.775
2018-09-01,108.683
2018-09-02,113.283
2018-09-03,106.526
2018-09-04,96.777
2018-09-05,87.969
2018-09-06,74.382
2018-09-07,140.129
2018-09-08,123.76
2018-09-09,72.095
2018-09-10,42.902
2018-09-11,36.161
2018-09-12,35.599
2018-09-13,35.562
2018-09-14,35.109
2018-09-15,34.614
2018-09-16,34.31
2018-09-17,33.997
2018-09-18,33.43
2018-09-19,33.103
2018-09-20,32.7
2018-09-21,32.1
2018-09-22,31.518
2018-09-23,31.088
2018-09-24,30.627
2018-09-25,29.937
2018-09-26,29.478
2018-09-27,29.087
2018-09-28,28.578
2018-09-29,28.029
2018-09-30,27.59
2018-10-01,28.028
2018-10-02,29.086
2018-10-03,27.507
2018-10-04,26.094
2018-10-05,25.287
2018-10-06,24.625
2018-10-07,24.061
2018-10-08,23.62
2018-10-09,23.292
2018-10-10,24.198
2018-10-11,31.444
2018-10-12,25.368
2018-10-13,23.95
2018-10-14,23.352
2018-10-15,22.126
2018-10-16,20.922
2018-10-17,21.526
2018-10-18,22.331
2018-10-19,41.487
2018-10-20,80.67
2018-10-21,105.93
2018-10-22,92.234
2018-10-23,55.626
2018-10-24,37.707
2018-10-25,29.984
2018-10-26,19.717
2018-10-27,17.345
2018-10-28,19.432
2018-10-29,29.45
2018-10-30,33.108
2018-10-31,23.682
2018-11-01,19.651
2018-11-02,18.082
2018-11-03,16.005
2018-11-04,15.055
2018-11-05,14.863
2018-11-06,14.727
2018-11-07,14.626
2018-11-08,14.567
2018-11-09,14.242
2018-11-10,14.121
2018-11-11,14.262
2018-11-12,14.57
2018-11-13,13.949
2018-11-14,13.421
2018-11-15,13.551
2018-11-16,13.065
2018-11-17,12.433
2018-11-18,12.23
2018-11-19,11.855
2018-11-20,11.765
2018-11-21,11.513
2018-11-22,11.386
2018-11-23,11.245
2018-11-24,10.915
2018-11-25,10.606
2018-11-26,10.292
2018-11-27,10.037
2018-11-28,9.88
2018-11-29,9.751
2018-11-30,9.61
2018-12-01,9.47
2018-12-02,9.331
2018-12-03,9.33
2018-12-04,9.574
2018-12-05,9.671
2018-12-06,9.607
2018-12-07,9.746
2018-12-08,9.376
2018-12-09,8.898
2018-12-10,9.191
2018-12-11,9.97
2018-12-12,11.21
2018-12-13,13.079
2018-12-14,14.247
2018-12-15,14.492
2018-12-16,14.292
2018-12-17,11.166
2018-12-18,8.282
2018-12-19,7.482
2018-12-20,7.217
2018-12-21,7.044
2018-12-22,6.937
2018-12-23,6.797
2018-12-24,6.655
2018-12-25,6.517
2018-12-26,6.414
2018-12-27,6.336
2018-12-28,6.289
2018-12-29,6.208
2018-12-30,6.058
2018-12-31,5.931
2019-01-01,5.902
2019-01-02,5.857
2019-01-03,5.876
2019-01-04,5.77
2019-01-05,5.62
2019-01-06,5.525
2019-01-07,5.47
2019-01-08,5.388
2019-01-09,5.333
2019-01-10,5.192
2019-01-11,5.093
2019-01-12,4.971
2019-01-13,4.892
2019-01-14,4.801
2019-01-15,4.702
2019-01-16,4.654
2019-01-17,4.629
2019-01-18,4.625
2019-01-19,4.664
2019-01-20,4.578
2019-01-21,4.515
2019-01-22,4.42
2019-01-23,4.33
2019-01-24,4.268
2019-01-25,4.186
2019-01-26,4.127
2019-01-27,4.056
2019-01-28,3.987
2019-01-29,3.961
2019-01-30,3.96
2019-01-31,3.957
2019-02-01,3.922
2019-02-02,3.837
2019-02-03,3.731
2019-02-04,3.67
2019-02-05,3.642
2019-02-06,3.581
2019-02-07,3.538
2019-02-08,3.499
2019-02-09,3.459
2019-02-10,3.41
2019-02-11,3.352
2019-02-12,3.338
2019-02-13,3.31
2019-02-14,3.274
2019-02-15,3.242
2019-02-16,3.221
2019-02-17,3.133
2019-02-18,3.071
2019-02-19,3.072
2019-02-20,3.032
2019-02-21,2.992
2019-02-22,2.978
2019-02-23,2.956
2019-02-24,3.033
2019-02-25,3.16
2019-02-26,3.262
2019-02-27,3.321
2019-02-28,3.143
2019-03-01,3.075
2019-03-02,2.866
2019-03-03,2.671
2019-03-04,2.574
2019-03-05,2.61
2019-03-06,2.678
2019-03-07,2.785
2019-03-08,3.027
2019-03-09,3.447
2019-03-10,3.863
2019-03-11,3.478
2019-03-12,2.854
2019-03-13,2.438
2019-03-14,2.199
2019-03-15,2.151
2019-03-16,2.109
2019-03-17,2.1
2019-03-18,2.105
2019-03-19,2.122
2019-03-20,2.128
2019-03-21,2.135
2019-03-22,2.098
2019-03-23,2.031
2019-03-24,1.977
2019-03-25,1.989
2019-03-26,1.986
2019-03-27,1.996
2019-03-28,2.28
2019-03-29,3.302
2019-03-30,2.979
2019-03-31,2.905
2019-04-01,3.32
2019-04-02,3.465
2019-04-03,2.844
2019-04-04,2.116
2019-04-05,1.872
2019-04-06,1.807
2019-04-07,1.747
2019-04-08,1.682
2019-04-09,1.722
2019-04-10,1.904
2019-04-11,2.193
2019-04-12,2.483
2019-04-13,2.136
2019-04-14,1.978
2019-04-15,2.026
2019-04-16,1.959
2019-04-17,1.846
2019-04-18,1.685
2019-04-19,1.583
2019-04-20,1.501
2019-04-21,1.505
2019-04-22,1.725
2019-04-23,2.191
2019-04-24,3.2
2019-04-25,4.587
2019-04-26,5.197
2019-04-27,5.788
2019-04-28,8.319
2019-04-29,7.206
2019-04-30,9.055
2019-05-01,12.002
2019-05-02,18.158
2019-05-03,22.776
2019-05-04,7.859
2019-05-05,2.225
2019-05-06,1.496
2019-05-07,1.448
2019-05-08,1.618
2019-05-09,1.953
2019-05-10,2.729
2019-05-11,5.89
2019-05-12,11.536
2019-05-13,19.803
2019-05-14,30.286
2019-05-15,26.388
2019-05-16,15.944
2019-05-17,12.685
2019-05-18,18.382
2019-05-19,14.196
2019-05-20,6.576
2019-05-21,6.001
2019-05-22,9.489
2019-05-23,13.736
2019-05-24,20.407
2019-05-25,21.801
2019-05-26,28.285
2019-05-27,45.955
2019-05-28,58.454
2019-05-29,50.897
2019-05-30,25.193
2019-05-31,6.612
2019-06-01,7.163
2019-06-02,9.705
2019-06-03,32.911
2019-06-04,79.756
2019-06-05,41.712
2019-06-06,40.893
2019-06-07,60.671
2019-06-08,50.462
2019-06-09,36.568
2019-06-10,39.13
2019-06-11,40.0
2019-06-12,49.744
2019-06-13,37.122
2019-06-14,35.763
2019-06-15,34.806
2019-06-16,31.022
2019-06-17,31.123
2019-06-18,28.494
2019-06-19,27.964
2019-06-20,27.173
2019-06-21,24.073
2019-06-22,31.266
2019-06-23,27.833
2019-06-24,18.833
2019-06-25,22.234
2019-06-26,35.813
2019-06-27,57.506
2019-06-28,53.279
2019-06-29,45.539
2019-06-30,60.962
2019-07-01,64.419
2019-07-02,60.394
2019-07-03,65.951
2019-07-04,58.025
2019-07-05,49.571
2019-07-06,48.38
2019-07-07,55.58
2019-07-08,50.158
2019-07-09,24.22
2019-07-10,9.082
2019-07-11,6.108
2019-07-12,6.188
2019-07-13,8.319
2019-07-14,14.259
2019-07-15,32.867
2019-07-16,48.625
2019-07-17,52.278
2019-07-18,33.801
2019-07-19,24.902
2019-07-20,12.905
2019-07-21,8.876
2019-07-22,9.358
2019-07-23,19.424
2019-07-24,33.51
2019-07-25,44.716
2019-07-26,57.081
2019-07-27,48.22
2019-07-28,39.962
2019-07-29,46.301
2019-07-30,52.383
2019-07-31,61.959
2019-08-01,77.32
2019-08-02,135.127
2019-08-03,166.18
2019-08-04,165.408
2019-08-05,127.533
2019-08-06,69.644
2019-08-07,36.16
2019-08-08,28.858
2019-08-09,35.084
2019-08-10,36.339
2019-08-11,34.499
2019-08-12,34.855
2019-08-13,51.096
2019-08-14,72.818
2019-08-15,88.885
2019-08-16,82.376
2019-08-17,95.13
2019-08-18,108.306
2019-08-19,71.411
2019-08-20,49.968
2019-08-21,39.375
2019-08-22,35.513
2019-08-23,41.338
2019-08-24,38.808
2019-08-25,36.646
2019-08-26,31.832
2019-08-27,34.294
2019-08-28,37.328
2019-08-29,35.797
2019-08-30,33.862
2019-08-31,52.151
2019-09-01,95.667
2019-09-02,102.291
2019-09-03,112.913
2019-09-04,101.248
2019-09-05,73.38
2019-09-06,57.611
2019-09-07,50.15
2019-09-08,52.453
2019-09-09,103.488
2019-09-10,105.688
2019-09-11,83.77
2019-09-12,73.267
2019-09-13,56.126
2019-09-14,57.342
2019-09-15,43.509
2019-09-16,37.351
2019-09-17,39.16
2019-09-18,37.938
2019-09-19,31.497
2019-09-20,28.608
2019-09-21,27.689
2019-09-22,26.864
2019-09-23,26.168
2019-09-24,25.422
2019-09-25,24.967
2019-09-26,25.198
2019-09-27,25.818
2019-09-28,32.79
2019-09-29,46.561
2019-09-30,60.179
2019-10-01,97.924
2019-10-02,137.86
2019-10-03,105.203
2019-10-04,48.641
2019-10-05,35.75
2019-10-06,42.626
2019-10-07,59.844
2019-10-08,71.755
2019-10-09,86.299
2019-10-10,85.216
2019-10-11,79.457
2019-10-12,77.937
2019-10-13,70.921
2019-10-14,76.077
2019-10-15,95.118
2019-10-16,105.795
2019-10-17,91.192
2019-10-18,87.67
2019-10-19,83.278
2019-10-20,81.756
2019-10-21,86.597
2019-10-22,79.812
2019-10-23,116.59
2019-10-24,143.831
2019-10-25,134.489
2019-10-26,108.768
2019-10-27,85.029
2019-10-28,69.251
2019-10-29,51.287
2019-10-30,47.853
2019-10-31,48.322
2019-11-01,91.372
2019-11-02,101.775
2019-11-03,72.699
2019-11-04,52.609
2019-11-05,41.086
2019-11-06,38.172
2019-11-07,42.771
2019-11-08,49.025
2019-11-09,63.062
2019-11-10,72.897
2019-11-11,56.951
2019-11-12,53.15
2019-11-13,67.985
2019-11-14,62.185
2019-11-15,43.487
2019-11-16,38.304
2019-11-17,35.714
2019-11-18,32.378
2019-11-19,30.164
2019-11-20,29.105
2019-11-21,28.73
2019-11-22,28.56
2019-11-23,68.287
2019-11-24,290.618
2019-11-25,342.38
2019-11-26,160.427
2019-11-27,107.929
2019-11-28,86.708
2019-11-29,73.202
2019-11-30,55.528
2019-12-01,39.243
2019-12-02,30.388
2019-12-03,27.126
2019-12-04,27.242
2019-12-05,30.057
2019-12-06,34.76
2019-12-07,46.748
2019-12-08,68.89
2019-12-09,65.811
2019-12-10,67.097
2019-12-11,90.398
2019-12-12,95.847
2019-12-13,70.081
2019-12-14,57.054
2019-12-15,59.137
2019-12-16,42.994
2019-12-17,34.277
2019-12-18,28.529
2019-12-19,27.816
2019-12-20,31.002
2019-12-21,29.831
2019-12-22,24.521
2019-12-23,22.268
2019-12-24,21.591
2019-12-25,21.483
2019-12-26,22.402
2019-12-27,25.45
2019-12-28,29.322
2019-12-29,26.307
2019-12-30,22.618
2019-12-31,21.11
2020-01-01,20.669
2020-01-02,20.12
2020-01-03,19.652
2020-01-04,19.407
2020-01-05,19.168
2020-01-06,18.873
2020-01-07,18.656
2020-01-08,18.685
2020-01-09,18.997
2020-01-10,19.025
2020-01-11,18.906
2020-01-12,18.431
2020-01-13,17.872
2020-01-14,17.8
2020-01-15,17.827
2020-01-16,17.2
2020-01-17,16.585
2020-01-18,16.287
2020-01-19,16.104
2020-01-20,15.933
2020-01-21,15.688
2020-01-22,15.409
2020-01-23,15.114
2020-01-24,14.891
2020-01-25,14.66
2020-01-26,14.422
2020-01-27,14.32
2020-01-28,14.278
2020-01-29,16.008
2020-01-30,19.338
2020-01-31,24.987
2020-02-01,30.493
2020-02-02,30.783
2020-02-03,30.855
2020-02-04,40.963
2020-02-05,72.012
2020-02-06,77.634
2020-02-07,61.011
2020-02-08,37.702
2020-02-09,20.412
2020-02-10,14.204
2020-02-11,12.794
2020-02-12,12.255
2020-02-13,11.87
2020-02-14,11.762
2020-02-15,12.245
2020-02-16,13.108
2020-02-17,13.695
2020-02-18,15.372
2020-02-19,12.703
2020-02-20,11.331
2020-02-21,11.051
2020-02-22,10.929
2020-02-23,10.824
2020-02-24,10.653
2020-02-25,10.528
2020-02-26,10.408
2020-02-27,10.277
2020-02-28,10.174
2020-02-29,10.069
2020-03-01,10.023
2020-03-02,10.145
2020-03-03,10.45
2020-03-04,10.612
2020-03-05,10.256
2020-03-06,10.3
2020-03-07,11.334
2020-03-08,11.974
2020-03-09,13.114
2020-03-10,11.452
2020-03-11,11.146
2020-03-12,13.775
2020-03-13,16.857
2020-03-14,14.854
2020-03-15,13.659
2020-03-16,15.308
2020-03-17,13.562
2020-03-18,11.06
2020-03-19,12.236
2020-03-20,11.942
2020-03-21,13.342
2020-03-22,14.667
2020-03-23,15.277
2020-03-24,13.309
2020-03-25,11.045
2020-03-26,19.084
2020-03-27,25.707
2020-03-28,29.554
2020-03-29,45.503
2020-03-30,55.457
2020-03-31,72.419
2020-04-01,78.155
2020-04-02,75.561
2020-04-03,44.627
2020-04-04,15.72
2020-04-05,8.236
2020-04-06,7.244
2020-04-07,7.113
2020-04-08,7.099
2020-04-09,7.072
2020-04-10,7.01
2020-04-11,6.961
2020-04-12,6.963
2020-04-13,7.034
2020-04-14,7.874
2020-04-15,11.578
2020-04-16,19.55
2020-04-17,23.958
2020-04-18,32.223
2020-04-19,45.492
2020-04-20,154.142
2020-04-21,248.702
2020-04-22,204.09
2020-04-23,183.175
2020-04-24,184.71
2020-04-25,163.781
2020-04-26,122.418
2020-04-27,83.012
2020-04-28,63.627
2020-04-29,62.066
2020-04-30,70.45
2020-05-01,83.424
2020-05-02,130.897
2020-05-03,146.009
2020-05-04,120.117
2020-05-05,156.101
2020-05-06,268.285
2020-05-07,308.048
2020-05-08,234.322
2020-05-09,180.718
2020-05-10,201.523
2020-05-11,266.06
2020-05-12,239.683
2020-05-13,157.62
2020-05-14,112.608
2020-05-15,82.734
2020-05-16,62.028
2020-05-17,54.928
2020-05-18,63.235
2020-05-19,72.082
2020-05-20,68.784
2020-05-21,54.614
2020-05-22,49.217
2020-05-23,47.979
2020-05-24,48.172
2020-05-25,48.966
2020-05-26,48.71
2020-05-27,46.067
2020-05-28,42.634
2020-05-29,40.63
2020-05-30,39.688
2020-05-31,40.454
2020-06-01,40.985
2020-06-02,41.256
2020-06-03,39.473
2020-06-04,44.634
2020-06-05,57.192
2020-06-06,53.846
2020-06-07,63.494
2020-06-08,69.768
2020-06-09,72.941
2020-06-10,73.518
2020-06-11,146.541
2020-06-12,385.188
2020-06-13,480.848
2020-06-14,255.709
2020-06-15,111.679
2020-06-16,98.435
2020-06-17,120.327
2020-06-18,132.403
2020-06-19,154.337
2020-06-20,164.077
2020-06-21,126.169
2020-06-22,106.368
2020-06-23,98.279
2020-06-24,100.663
2020-06-25,117.41
2020-06-26,132.147
2020-06-27,143.05
2020-06-28,131.317
2020-06-29,117.467
2020-06-30,123.823
2020-07-01,130.52
2020-07-02,140.648
2020-07-03,145.516
2020-07-04,143.952
2020-07-05,143.601
2020-07-06,164.208
2020-07-07,164.415
2020-07-08,152.609
2020-07-09,135.562
2020-07-10,132.142
2020-07-11,176.057
2020-07-12,205.214
2020-07-13,206.315
2020-07-14,189.961
2020-07-15,202.085
2020-07-16,235.175
2020-07-17,256.405
2020-07-18,293.237
2020-07-19,350.405
2020-07-20,328.368
2020-07-21,235.6
2020-07-22,195.562
2020-07-23,197.329
2020-07-24,195.582
2020-07-25,215.204
2020-07-26,224.962
2020-07-27,211.221
2020-07-28,195.89
2020-07-29,187.039
2020-07-30,193.299
2020-07-31,228.995
2020-08-01,248.253
2020-08-02,249.225
2020-08-03,236.264
2020-08-04,233.422
2020-08-05,250.317
2020-08-06,250.418
2020-08-07,214.688
2020-08-08,206.487
2020-08-09,200.078
2020-08-10,203.171
2020-08-11,209.526
2020-08-12,242.233
2020-08-13,251.178
2020-08-14,210.38
2020-08-15,190.067
2020-08-16,208.12
2020-08-17,221.646
2020-08-18,238.732
2020-08-19,258.989
2020-08-20,247.714
2020-08-21,235.186
2020-08-22,216.119
2020-08-23,192.281
2020-08-24,164.888
2020-08-25,152.66
2020-08-26,156.223
2020-08-27,200.946
2020-08-28,381.156
2020-08-29,318.803
2020-08-30,192.614
2020-08-31,153.881
2020-09-01,147.433
2020-09-02,155.597
2020-09-03,169.94
2020-09-04,180.71
2020-09-05,324.747
2020-09-06,615.824
2020-09-07,314.931
2020-09-08,171.576
2020-09-09,174.517
2020-09-10,253.732
2020-09-11,338.149
2020-09-12,324.543
2020-09-13,280.964
2020-09-14,222.768
2020-09-15,168.511
2020-09-16,147.783
2020-09-17,141.225
2020-09-18,137.056
2020-09-19,131.4
2020-09-20,127.867
2020-09-21,126.401
2020-09-22,133.843
2020-09-23,157.769
2020-09-24,168.561
2020-09-25,136.881
2020-09-26,149.642
2020-09-27,209.199
2020-09-28,258.359
2020-09-29,295.621
2020-09-30,310.888
2020-10-01,261.634
2020-10-02,191.167
2020-10-03,155.614
2020-10-04,149.913
2020-10-05,212.018
2020-10-06,340.972
2020-10-07,213.764
2020-10-08,132.199
2020-10-09,118.958
2020-10-10,108.732
2020-10-11,108.432
2020-10-12,107.195
2020-10-13,107.899
2020-10-14,125.626
2020-10-15,158.865
2020-10-16,198.405
2020-10-17,219.971
2020-10-18,199.737
2020-10-19,163.436
2020-10-20,152.056
2020-10-21,188.103
2020-10-22,192.603
2020-10-23,226.092
2020-10-24,200.452
2020-10-25,155.845
2020-10-26,136.637
2020-10-27,140.344
2020-10-28,142.547
2020-10-29,135.255
2020-10-30,136.918
2020-10-31,141.931
2020-11-01,154.223
2020-11-02,154.285
2020-11-03,147.557
2020-11-04,129.815
2020-11-05,115.087
2020-11-06,106.057
2020-11-07,104.922
2020-11-08,106.942
2020-11-09,126.99
2020-11-10,144.227
2020-11-11,134.782
2020-11-12,116.65
2020-11-13,110.041
2020-11-14,101.868
2020-11-15,93.077
2020-11-16,90.029
2020-11-17,91.724
2020-11-18,88.097
2020-11-19,84.567
2020-11-20,82.3
2020-11-21,80.2
2020-11-22,78.194
2020-11-23,76.388
2020-11-24,74.705
2020-11-25,73.108
2020-11-26,71.64
2020-11-27,71.063
2020-11-28,70.29
2020-11-29,68.566
2020-11-30,66.408
2020-12-01,64.957
2020-12-02,63.556
2020-12-03,62.162
2020-12-04,60.374
2020-12-05,58.754
2020-12-06,57.362
2020-12-07,56.13
2020-12-08,54.777
2020-12-09,53.554
2020-12-10,52.697
2020-12-11,51.949
2020-12-12,50.565
2020-12-13,49.127
2020-12-14,47.847
2020-12-15,46.659
2020-12-16,45.595
2020-12-17,44.565
2020-12-18,43.61
2020-12-19,42.61
2020-12-20,41.64
2020-12-21,40.8
2020-12-22,39.969
2020-12-23,39.187
2020-12-24,38.46
2020-12-25,37.719
2020-12-26,37.011
2020-12-27,36.24
2020-12-28,35.475
2020-12-29,34.745
2020-12-30,34.031
2020-12-31,33.287
2021-01-01,32.71
2021-01-02,32.337
2021-01-03,32.004
2021-01-04,32.107
2021-01-05,32.923
2021-01-06,32.605
2021-01-07,30.501
2021-01-08,29.007
2021-01-09,28.192
2021-01-10,27.664
2021-01-11,27.275
2021-01-12,26.7
2021-01-13,26.141
2021-01-14,25.722
2021-01-15,25.299
2021-01-16,24.862
2021-01-17,24.479
2021-01-18,24.019
2021-01-19,23.539
2021-01-20,23.105
2021-01-21,22.76
2021-01-22,22.416
2021-01-23,22.02
2021-01-24,21.598
2021-01-25,21.147
2021-01-26,20.791
2021-01-27,20.455
2021-01-28,20.123
2021-01-29,19.768
2021-01-30,19.42
2021-01-31,19.1
2021-02-01,18.753
2021-02-02,18.385
2021-02-03,18.048
2021-02-04,17.717
2021-02-05,17.476
2021-02-06,17.27
2021-02-07,16.964
2021-02-08,16.635
2021-02-09,16.271
2021-02-10,15.954
2021-02-11,15.722
2021-02-12,15.572
2021-02-13,15.219
2021-02-14,14.927
2021-02-15,14.796
2021-02-16,14.567
2021-02-17,14.323
2021-02-18,14.113
2021-02-19,13.849
2021-02-20,13.657
2021-02-21,13.505
2021-02-22,13.313
2021-02-23,13.17
2021-02-24,13.001
2021-02-25,12.775
2021-02-26,12.77
2021-02-27,12.889
2021-02-28,12.65
2021-03-01,12.166
2021-03-02,11.876
2021-03-03,11.649
2021-03-04,11.422
2021-03-05,11.264
2021-03-06,11.12
2021-03-07,11.002
2021-03-08,10.866
2021-03-09,10.632
2021-03-10,10.43
2021-03-11,10.265
2021-03-12,10.109
2021-03-13,9.948
2021-03-14,9.782
2021-03-15,9.662
2021-03-16,9.505
2021-03-17,9.405
2021-03-18,9.342
2021-03-19,9.303
2021-03-20,9.14
2021-03-21,8.977
2021-03-22,8.945
2021-03-23,9.19
2021-03-24,9.128
2021-03-25,8.806
2021-03-26,8.459
2021-03-27,8.186
2021-03-28,8.093
2021-03-29,8.062
2021-03-30,8.249
2021-03-31,8.337
2021-04-01,8.481
2021-04-02,8.652
2021-04-03,8.76
2021-04-04,8.57
2021-04-05,9.022
2021-04-06,9.845
2021-04-07,10.009
2021-04-08,9.722
2021-04-09,9.21
2021-04-10,8.587
2021-04-11,8.053
2021-04-12,7.566
2021-04-13,7.385
2021-04-14,7.008
2021-04-15,6.722
2021-04-16,6.735
2021-04-17,6.862
2021-04-18,6.709
2021-04-19,6.462
2021-04-20,6.275
2021-04-21,6.228
2021-04-22,6.293
2021-04-23,6.322
2021-04-24,6.536
2021-04-25,7.66
2021-04-26,23.59
2021-04-27,54.132
2021-04-28,62.387
2021-04-29,34.141
2021-04-30,16.62
2021-05-01,18.976
2021-05-02,23.022
2021-05-03,13.046
2021-05-04,10.623
2021-05-05,13.957
2021-05-06,30.013
2021-05-07,180.157
2021-05-08,390.693
2021-05-09,406.219
2021-05-10,255.231
2021-05-11,171.487
2021-05-12,214.001
2021-05-13,200.03
2021-05-14,101.088
2021-05-15,54.292
2021-05-16,29.15
2021-05-17,19.025
2021-05-18,18.931
2021-05-19,19.177
2021-05-20,10.038
2021-05-21,6.832
2021-05-22,6.93
2021-05-23,6.618
2021-05-24,7.021
2021-05-25,7.992
2021-05-26,10.154
2021-05-27,12.671
2021-05-28,15.065
2021-05-29,23.864
2021-05-30,20.623
2021-05-31,9.881
2021-06-01,5.887
2021-06-02,5.357
2021-06-03,5.473
2021-06-04,5.517
2021-06-05,5.438
2021-06-06,5.562
2021-06-07,5.618
2021-06-08,5.558
2021-06-09,5.462
2021-06-10,5.391
2021-06-11,5.289
2021-06-12,5.145
2021-06-13,5.075
2021-06-14,5.125
2021-06-15,5.143
2021-06-16,5.674
2021-06-17,6.738
2021-06-18,8.177
2021-06-19,10.37
2021-06-20,12.789
2021-06-21,10.988
2021-06-22,7.915
2021-06-23,6.882
2021-06-24,7.311
2021-06-25,6.063
2021-06-26,5.085
2021-06-27,4.777
2021-06-28,4.7
2021-06-29,4.645
2021-06-30,5.06
2021-07-01,5.835
2021-07-02,6.873
2021-07-03,8.142
2021-07-04,7.24
2021-07-05,8.133
2021-07-06,9.426
2021-07-07,8.125
2021-07-08,11.292
2021-07-09,18.47
2021-07-10,18.452
2021-07-11,24.013
2021-07-12,26.62
2021-07-13,20.764
2021-07-14,23.962
2021-07-15,27.193
2021-07-16,55.682
2021-07-17,89.014
2021-07-18,95.283
2021-07-19,101.682
2021-07-20,101.979
2021-07-21,78.325
2021-07-22,53.987
2021-07-23,35.275
2021-07-24,26.943
2021-07-25,37.88
2021-07-26,30.388
2021-07-27,18.64
2021-07-28,17.674
2021-07-29,20.318
2021-07-30,16.941
2021-07-31,13.204
2021-08-01,12.71
2021-08-02,16.162
2021-08-03,16.28
2021-08-04,17.947
2021-08-05,20.248
2021-08-06,16.06
2021-08-07,15.72
2021-08-08,10.673
2021-08-09,8.332
2021-08-10,8.689
2021-08-11,9.837
2021-08-12,14.548
2021-08-13,21.962
2021-08-14,24.512
2021-08-15,48.348
2021-08-16,51.456
2021-08-17,32.477
2021-08-18,30.121
2021-08-19,28.118
2021-08-20,26.445
2021-08-21,19.648
2021-08-22,11.574
2021-08-23,9.812
2021-08-24,9.9
2021-08-25,9.959
2021-08-26,11.162
2021-08-27,9.502
2021-08-28,8.891
2021-08-29,8.659
2021-08-30,8.702
2021-08-31,8.938
2021-09-01,11.044
2021-09-02,14.05
2021-09-03,17.546
2021-09-04,26.692
2021-09-05,65.648
2021-09-06,65.85
2021-09-07,87.205
2021-09-08,38.092
2021-09-09,13.074
2021-09-10,16.231
2021-09-11,25.886
2021-09-12,34.078
2021-09-13,42.162
2021-09-14,40.847
2021-09-15,24.272
2021-09-16,13.928
2021-09-17,12.286
2021-09-18,18.338
2021-09-19,30.866
2021-09-20,53.707
2021-09-21,72.526
2021-09-22,111.565
2021-09-23,153.814
2021-09-24,145.563
2021-09-25,101.322
2021-09-26,81.409
2021-09-27,181.551
2021-09-28,787.577
2021-09-29,486.602
2021-09-30,80.345
2021-10-01,28.857
2021-10-02,20.199
2021-10-03,22.032
2021-10-04,37.767
2021-10-05,60.877
2021-10-06,66.392
2021-10-07,60.008
2021-10-08,38.997
2021-10-09,26.697
2021-10-10,33.359
2021-10-11,45.22
2021-10-12,56.002
2021-10-13,62.777
2021-10-14,47.281
2021-10-15,46.422
2021-10-16,49.186
2021-10-17,36.259
2021-10-18,31.234
2021-10-19,24.04
2021-10-20,20.752
2021-10-21,20.165
2021-10-22,19.969
2021-10-23,19.696
2021-10-24,19.478
2021-10-25,19.152
2021-10-26,18.627
2021-10-27,18.086
2021-10-28,17.589
2021-10-29,17.153
2021-10-30,16.759
2021-10-31,16.257
2021-11-01,15.755
2021-11-02,15.276
2021-11-03,14.82
2021-11-04,14.353
2021-11-05,13.947
2021-11-06,13.549
2021-11-07,13.229
2021-11-08,12.978
2021-11-09,12.63
2021-11-10,12.238
2021-11-11,11.952
2021-11-12,11.732
2021-11-13,11.621
2021-11-14,11.518
2021-11-15,11.3
2021-11-16,10.825
2021-11-17,10.484
2021-11-18,10.226
2021-11-19,9.968
2021-11-20,9.766
2021-11-21,9.628
2021-11-22,9.497
2021-11-23,9.332
2021-11-24,9.165
2021-11-25,8.973
2021-11-26,8.81
2021-11-27,8.665
2021-11-28,8.505
2021-11-29,8.4
2021-11-30,8.313
2021-12-01,8.314
2021-12-02,8.436
2021-12-03,8.515
2021-12-04,8.025
2021-12-05,7.636
2021-12-06,7.452
2021-12-07,7.355
2021-12-08,7.246
2021-12-09,7.16
2021-12-10,7.082
2021-12-11,6.965
2021-12-12,6.826
2021-12-13,6.723
2021-12-14,6.649
2021-12-15,6.562
2021-12-16,6.485
2021-12-17,6.395
2021-12-18,6.317
2021-12-19,6.273
2021-12-20,6.185
2021-12-21,6.006
2021-12-22,5.87
2021-12-23,5.824
2021-12-24,5.798
2021-12-25,5.705
2021-12-26,5.601
2021-12-27,5.479
2021-12-28,5.356
2021-12-29,5.313
2021-12-30,5.221
2021-12-31,5.102
2022-01-01,5.056
2022-01-02,4.938
2022-01-03,4.839
2022-01-04,4.826
2022-01-05,4.748
2022-01-06,4.691
2022-01-07,4.601
2022-01-08,4.557
2022-01-09,4.503
2022-01-10,4.433
2022-01-11,4.358
2022-01-12,4.298
2022-01-13,4.28
2022-01-14,4.252
2022-01-15,4.141
2022-01-16,4.142
2022-01-17,6.884
2022-01-18,15.07
2022-01-19,19.35
2022-01-20,23.043
2022-01-21,28.274
2022-01-22,22.958
2022-01-23,21.528
2022-01-24,14.243
2022-01-25,6.54
2022-01-26,4.071
2022-01-27,3.686
2022-01-28,3.594
2022-01-29,3.512
2022-01-30,3.422
2022-01-31,3.357
2022-02-01,3.308
2022-02-02,3.267
2022-02-03,3.221
2022-02-04,3.2
2022-02-05,3.221
2022-02-06,3.265
2022-02-07,3.416
2022-02-08,3.754
2022-02-09,3.354
2022-02-10,3.137
2022-02-11,3.032
2022-02-12,2.96
2022-02-13,2.945
2022-02-14,2.943
2022-02-15,2.936
2022-02-16,2.897
2022-02-17,2.844
2022-02-18,2.776
2022-02-19,2.693
2022-02-20,2.67
2022-02-21,2.716
2022-02-22,2.848
2022-02-23,2.914
2022-02-24,2.742
2022-02-25,2.704
2022-02-26,2.667
2022-02-27,2.595
2022-02-28,2.609
2022-03-01,2.65
2022-03-02,2.664
2022-03-03,2.621
2022-03-04,2.598
2022-03-05,2.571
2022-03-06,2.489
2022-03-07,2.398
2022-03-08,2.306
2022-03-09,2.267
2022-03-10,2.25
2022-03-11,2.211
2022-03-12,2.222
2022-03-13,2.235
2022-03-14,2.201
2022-03-15,2.202
2022-03-16,2.144
2022-03-17,2.13
2022-03-18,2.13
2022-03-19,2.098
2022-03-20,1.975
2022-03-21,1.939
2022-03-22,1.958
2022-03-23,2.125
2022-03-24,2.104
2022-03-25,2.166
2022-03-26,2.809
2022-03-27,3.028
2022-03-28,3.53
2022-03-29,4.5
2022-03-30,5.395
2022-03-31,4.163
2022-04-01,2.689
2022-04-02,2.06
2022-04-03,1.878
2022-04-04,1.795
2022-04-05,1.765
2022-04-06,1.792
2022-04-07,1.787
2022-04-08,1.701
2022-04-09,1.63
2022-04-10,1.626
2022-04-11,1.677
2022-04-12,1.757
2022-04-13,1.732
2022-04-14,1.675
2022-04-15,1.827
2022-04-16,50.723
2022-04-17,208.031
2022-04-18,264.082
2022-04-19,268.884
2022-04-20,120.082
2022-04-21,64.095
2022-04-22,69.228
2022-04-23,45.318
2022-04-24,40.338
2022-04-25,39.337
2022-04-26,63.885
2022-04-27,88.744
2022-04-28,186.16
2022-04-29,557.962
2022-04-30,459.122
2022-05-01,285.789
2022-05-02,170.115
2022-05-03,155.717
2022-05-04,183.925
2022-05-05,241.12
2022-05-06,237.87
2022-05-07,157.876
2022-05-08,80.737
2022-05-09,37.608
2022-05-10,12.878
2022-05-11,6.735
2022-05-12,5.605
2022-05-13,5.689
2022-05-14,7.898
2022-05-15,11.429
2022-05-16,5.407
2022-05-17,3.104
2022-05-18,2.875
2022-05-19,2.917
2022-05-20,2.996
2022-05-21,3.014
2022-05-22,3.041
2022-05-23,2.975
2022-05-24,3.038
2022-05-25,4.1
2022-05-26,6.543
2022-05-27,12.679
2022-05-28,30.558
2022-05-29,76.525
2022-05-30,92.97
2022-05-31,124.086
2022-06-01,151.34
2022-06-02,123.442
2022-06-03,91.799
2022-06-04,58.365
2022-06-05,27.032
2022-06-06,9.953
2022-06-07,6.219
2022-06-08,7.486
2022-06-09,11.494
2022-06-10,17.455
2022-06-11,21.358
2022-06-12,32.282
2022-06-13,38.515
2022-06-14,23.873
2022-06-15,13.088
2022-06-16,8.083
2022-06-17,6.698
2022-06-18,6.546
2022-06-19,6.978
2022-06-20,9.638
2022-06-21,14.816
2022-06-22,28.188
2022-06-23,33.076
2022-06-24,18.89
2022-06-25,18.075
2022-06-26,23.067
2022-06-27,44.382
2022-06-28,48.407
2022-06-29,37.824
2022-06-30,23.55
2022-07-01,10.868
2022-07-02,8.353
2022-07-03,9.75
2022-07-04,17.403
2022-07-05,21.977
2022-07-06,18.789
2022-07-07,11.651
2022-07-08,11.615
2022-07-09,9.295
2022-07-10,8.085
2022-07-11,11.92
2022-07-12,21.727
2022-07-13,20.52
2022-07-14,12.965
2022-07-15,11.148
2022-07-16,10.585
2022-07-17,11.772
2022-07-18,14.225
2022-07-19,14.455
2022-07-20,16.771
2022-07-21,21.015
2022-07-22,20.188
2022-07-23,17.858
2022-07-24,18.59
2022-07-25,16.689
2022-07-26,11.946
2022-07-27,9.882
2022-07-28,10.256
2022-07-29,11.903
2022-07-30,12.736
2022-07-31,15.139
2022-08-01,17.032
2022-08-02,62.088
2022-08-03,110.283
2022-08-04,95.108
2022-08-05,89.557
2022-08-06,77.886
2022-08-07,47.99
2022-08-08,29.631
2022-08-09,23.419
2022-08-10,21.982
2022-08-11,14.849
2022-08-12,15.405
2022-08-13,18.594
2022-08-14,16.997
2022-08-15,20.661
2022-08-16,26.873
2022-08-17,38.295
2022-08-18,64.593
2022-08-19,92.5
2022-08-20,131.084
2022-08-21,195.119
2022-08-22,204.317
2022-08-23,137.625
2022-08-24,90.857
2022-08-25,70.894
2022-08-26,62.049
2022-08-27,54.91
2022-08-28,54.516
2022-08-29,58.438
2022-08-30,80.198
2022-08-31,70.5
2022-09-01,51.088
2022-09-02,37.136
2022-09-03,30.607
2022-09-04,27.777
2022-09-05,32.222
2022-09-06,52.452
2022-09-07,71.209
2022-09-08,77.367
2022-09-09,102.686
2022-09-10,86.249
2022-09-11,104.318
2022-09-12,74.413
2022-09-13,47.214
2022-09-14,30.863
2022-09-15,28.297
2022-09-16,42.826
2022-09-17,79.697
2022-09-18,78.276
2022-09-19,50.712
2022-09-20,26.807
2022-09-21,20.251
2022-09-22,19.336
2022-09-23,19.061
2022-09-24,18.911
2022-09-25,18.644
2022-09-26,18.335
2022-09-27,18.082
2022-09-28,17.792
2022-09-29,17.458
2022-09-30,17.167
2022-10-01,16.907
2022-10-02,16.558
2022-10-03,16.234
2022-10-04,15.948
2022-10-05,16.341
2022-10-06,17.621
2022-10-07,17.228
2022-10-08,15.725
2022-10-09,15.36
2022-10-10,15.612
2022-10-11,16.036
2022-10-12,15.602
2022-10-13,15.337
2022-10-14,14.531
2022-10-15,13.245
2022-10-16,12.684
2022-10-17,12.416
2022-10-18,12.186
2022-10-19,12.072
2022-10-20,11.885
2022-10-21,11.604
2022-10-22,11.347
2022-10-23,11.163
2022-10-24,10.945
2022-10-25,10.73
2022-10-26,10.542
2022-10-27,10.362
2022-10-28,10.09
2022-10-29,9.917
2022-10-30,9.817
2022-10-31,9.961
2022-11-01,10.105
2022-11-02,9.864
2022-11-03,9.384
2022-11-04,9.172
2022-11-05,8.986
2022-11-06,8.822
2022-11-07,8.672
2022-11-08,8.477
2022-11-09,8.343
2022-11-10,8.178
2022-11-11,8.036
2022-11-12,7.915
2022-11-13,7.82
2022-11-14,7.757
2022-11-15,7.765
2022-11-16,7.722
2022-11-17,7.839
2022-11-18,7.998
2022-11-19,8.455
2022-11-20,7.955
2022-11-21,7.193
2022-11-22,6.921
2022-11-23,6.831
2022-11-24,6.77
2022-11-25,6.648
2022-11-26,6.532
2022-11-27,6.422
2022-11-28,6.155
2022-11-29,6.022
2022-11-30,5.977
2022-12-01,5.902
2022-12-02,5.849
2022-12-03,5.776
2022-12-04,5.618
2022-12-05,5.552
2022-12-06,5.461
2022-12-07,5.351
2022-12-08,5.226
2022-12-09,5.175
2022-12-10,5.232
2022-12-11,5.278
2022-12-12,5.317
2022-12-13,5.477
2022-12-14,5.639
2022-12-15,5.107
2022-12-16,4.888
2022-12-17,4.74
2022-12-18,4.653
2022-12-19,4.548
2022-12-20,4.501
2022-12-21,4.452
2022-12-22,4.324
2022-12-23,4.242
2022-12-24,4.203
2022-12-25,4.17
2022-12-26,4.103
2022-12-27,4.199
2022-12-28,4.26
2022-12-29,4.199
2022-12-30,4.085
2022-12-31,3.906
2023-01-01,3.807
2023-01-02,3.796
2023-01-03,3.728
2023-01-04,3.629
2023-01-05,3.607
2023-01-06,3.595
2023-01-07,3.636
2023-01-08,3.613
2023-01-09,3.509
2023-01-10,3.44
2023-01-11,3.412
2023-01-12,3.346
2023-01-13,3.249
2023-01-14,3.202
2023-01-15,3.145
2023-01-16,3.113
2023-01-17,3.084
2023-01-18,2.985
2023-01-19,2.917
2023-01-20,2.867
2023-01-21,2.806
2023-01-22,2.755
2023-01-23,2.71
2023-01-24,2.67
2023-01-25,2.628
2023-01-26,2.612
2023-01-27,2.592
2023-01-28,2.551
2023-01-29,2.518
2023-01-30,2.473
2023-01-31,2.464
2023-02-01,2.428
2023-02-02,2.378
2023-02-03,2.37
2023-02-04,2.337
2023-02-05,2.324
2023-02-06,2.342
2023-02-07,2.312
2023-02-08,2.251
2023-02-09,2.22
2023-02-10,2.194
2023-02-11,2.122
2023-02-12,2.104
2023-02-13,2.076
2023-02-14,2.051
2023-02-15,2.045
2023-02-16,2.043
2023-02-17,2.045
2023-02-18,2.025
2023-02-19,1.979
2023-02-20,1.922
2023-02-21,1.884
2023-02-22,1.857
2023-02-23,1.864
2023-02-24,1.85
2023-02-25,1.851
2023-02-26,1.869
2023-02-27,1.857
2023-02-28,1.799
2023-03-01,1.76
2023-03-02,1.732
2023-03-03,1.702
2023-03-04,1.747
2023-03-05,1.747
2023-03-06,1.711
2023-03-07,1.672
2023-03-08,1.612
2023-03-09,1.574
2023-03-10,1.571
2023-03-11,1.734
2023-03-12,2.007
2023-03-13,2.398
2023-03-14,2.58
2023-03-15,2.558
2023-03-16,2.899
2023-03-17,3.48
2023-03-18,4.466
2023-03-19,6.989
2023-03-20,7.914
2023-03-21,7.749
2023-03-22,7.505
2023-03-23,9.232
2023-03-24,9.286
2023-03-25,15.105
2023-03-26,33.75
2023-03-27,42.264
2023-03-28,29.844
2023-03-29,20.03
2023-03-30,29.429
2023-03-31,22.873
2023-04-01,19.942
2023-04-02,12.264
2023-04-03,8.037
2023-04-04,5.714
2023-04-05,4.207
2023-04-06,4.612
2023-04-07,6.317
2023-04-08,6.278
2023-04-09,5.418
2023-04-10,2.618
2023-04-11,1.512
2023-04-12,1.27
2023-04-13,1.259
2023-04-14,1.227
2023-04-15,1.284
2023-04-16,1.385
2023-04-17,1.473
2023-04-18,1.785
2023-04-19,2.34
2023-04-20,3.2
2023-04-21,3.122
2023-04-22,3.568
2023-04-23,2.811
2023-04-24,2.482
2023-04-25,7.262
2023-04-26,18.565
2023-04-27,19.395
2023-04-28,33.054
2023-04-29,82.505
2023-04-30,112.536
2023-05-01,137.098
2023-05-02,136.525
2023-05-03,69.277
2023-05-04,63.68
2023-05-05,43.825
2023-05-06,27.39
2023-05-07,15.75
2023-05-08,15.73
2023-05-09,19.565
2023-05-10,18.832
2023-05-11,12.586
2023-05-12,3.902
2023-05-13,1.957
2023-05-14,1.629
2023-05-15,1.34
2023-05-16,1.149
2023-05-17,1.647
2023-05-18,1.571
2023-05-19,1.734
2023-05-20,2.119
2023-05-21,1.677
2023-05-22,1.796
2023-05-23,2.51
2023-05-24,2.239
2023-05-25,2.126
2023-05-26,2.6
2023-05-27,2.471
2023-05-28,4.562
2023-05-29,7.639
2023-05-30,3.209
2023-05-31,1.216
2023-06-01,1.01
2023-06-02,0.988
2023-06-03,0.984
2023-06-04,0.961
2023-06-05,0.97
2023-06-06,0.952
2023-06-07,0.96
2023-06-08,0.911
2023-06-09,0.931
2023-06-10,0.925
2023-06-11,1.061
2023-06-12,1.545
2023-06-13,2.296
2023-06-14,5.418
2023-06-15,11.395
2023-06-16,21.575
2023-06-17,33.558
2023-06-18,33.16
2023-06-19,28.069
2023-06-20,23.14
2023-06-21,15.579
2023-06-22,7.333
2023-06-23,7.585
2023-06-24,8.864
2023-06-25,15.544
2023-06-26,25.232
2023-06-27,47.518
2023-06-28,61.753
2023-06-29,70.956
2023-06-30,50.604
2023-07-01,48.485
2023-07-02,34.04
2023-07-03,19.752
2023-07-04,56.639
2023-07-05,137.531
2023-07-06,88.129
2023-07-07,35.78
2023-07-08,12.158
2023-07-09,25.37
2023-07-10,60.968
2023-07-11,46.925
2023-07-12,16.943
2023-07-13,5.638
2023-07-14,3.268
2023-07-15,3.266
2023-07-16,3.575
2023-07-17,3.508
2023-07-18,2.972
2023-07-19,2.704
2023-07-20,2.611
2023-07-21,2.558
2023-07-22,2.576
2023-07-23,2.655
2023-07-24,3.244
2023-07-25,4.219
2023-07-26,4.565
2023-07-27,4.961
2023-07-28,4.885
2023-07-29,5.521
2023-07-30,11.248
2023-07-31,18.494
2023-08-01,15.756
2023-08-02,16.901
2023-08-03,13.814
2023-08-04,18.77
2023-08-05,17.133
2023-08-06,25.164
2023-08-07,22.106
2023-08-08,9.51
2023-08-09,4.299
2023-08-10,3.459
2023-08-11,4.538
2023-08-12,4.607
2023-08-13,5.118
2023-08-14,6.032
2023-08-15,5.019
2023-08-16,3.715
2023-08-17,3.18
2023-08-18,3.1
2023-08-19,3.168
2023-08-20,3.373
2023-08-21,3.175
2023-08-22,3.019
2023-08-23,3.015
2023-08-24,2.996
2023-08-25,2.989
2023-08-26,2.901
2023-08-27,2.885
2023-08-28,2.912
2023-08-29,2.869
2023-08-30,2.836
2023-08-31,2.98
2023-09-01,3.576
2023-09-02,4.882
2023-09-03,4.527
2023-09-04,3.453
2023-09-05,3.259
2023-09-06,2.947
2023-09-07,3.201
2023-09-08,4.33
2023-09-09,8.386
2023-09-10,10.757
2023-09-11,132.588
2023-09-12,373.119
2023-09-13,298.895
2023-09-14,226.635
2023-09-15,116.277
2023-09-16,41.179
2023-09-17,41.85
2023-09-18,24.924
2023-09-19,8.619
2023-09-20,3.929
2023-09-21,2.977
2023-09-22,2.802
2023-09-23,2.777
2023-09-24,2.838
2023-09-25,4.251
2023-09-26,7.272
2023-09-27,6.75
2023-09-28,6.562
2023-09-29,10.517
2023-09-30,5.168
2023-10-01,3.142
2023-10-02,2.794
2023-10-03,2.705
2023-10-04,2.426
2023-10-05,2.285
2023-10-06,2.22
2023-10-07,2.142
2023-10-08,2.11
2023-10-09,2.066
2023-10-10,2.05
2023-10-11,2.742
2023-10-12,3.983
2023-10-13,2.656
2023-10-14,2.313
2023-10-15,2.221
2023-10-16,2.245
2023-10-17,3.06
2023-10-18,4.004
2023-10-19,7.528
2023-10-20,15.966
2023-10-21,29.098
2023-10-22,37.225
2023-10-23,50.793
2023-10-24,50.524
2023-10-25,32.598
2023-10-26,13.379
2023-10-27,5.35
2023-10-28,3.109
2023-10-29,3.674
2023-10-30,9.376
2023-10-31,19.107
2023-11-01,25.866
2023-11-02,36.728
2023-11-03,26.426
2023-11-04,19.602
2023-11-05,19.601
2023-11-06,22.178
2023-11-07,43.661
2023-11-08,112.274
2023-11-09,150.566
2023-11-10,102.362
2023-11-11,59.398
2023-11-12,24.512
2023-11-13,12.618
2023-11-14,5.944
2023-11-15,2.828
2023-11-16,2.278
2023-11-17,2.764
2023-11-18,3.58
2023-11-19,6.973
2023-11-20,18.226
2023-11-21,28.044
2023-11-22,20.208
2023-11-23,10.64
2023-11-24,9.908
2023-11-25,5.222
2023-11-26,3.167
2023-11-27,3.343
2023-11-28,2.3
2023-11-29,2.12
2023-11-30,3.038
2023-12-01,3.18
2023-12-02,2.048
2023-12-03,1.663
2023-12-04,1.594
2023-12-05,1.592
2023-12-06,1.595
2023-12-07,1.645
2023-12-08,1.71
2023-12-09,1.88
2023-12-10,2.13
2023-12-11,1.816
2023-12-12,1.791
2023-12-13,1.991
2023-12-14,1.696
2023-12-15,1.602
2023-12-16,1.604
2023-12-17,1.551
2023-12-18,1.574
2023-12-19,1.689
2023-12-20,1.658
2023-12-21,1.55
2023-12-22,1.449
2023-12-23,1.41
2023-12-24,1.359
2023-12-25,1.327
2023-12-26,1.248
2023-12-27,1.24
2023-12-28,1.287
2023-12-29,1.287
2023-12-30,1.289
2023-12-31,1.355
2024-01-01,1.642
2024-01-02,1.84
2024-01-03,2.438
2024-01-04,3.075
2024-01-05,3.832
2024-01-06,2.949
2024-01-07,1.74
2024-01-08,1.362
2024-01-09,1.288
2024-01-10,1.248
2024-01-11,1.207
2024-01-12,1.191
2024-01-13,1.262
2024-01-14,1.3
2024-01-15,1.242
2024-01-16,1.189
2024-01-17,1.211
2024-01-18,1.317
2024-01-19,1.379
2024-01-20,1.45
2024-01-21,1.554
2024-01-22,1.658
2024-01-23,1.445
2024-01-24,1.162
2024-01-25,1.182
2024-01-26,1.285
2024-01-27,1.245
2024-01-28,1.041
2024-01-29,0.958
2024-01-30,0.98
2024-01-31,1.07
2024-02-01,1.12
2024-02-02,1.085
2024-02-03,0.993
2024-02-04,0.943
2024-02-05,0.989
2024-02-06,1.007
2024-02-07,0.924
2024-02-08,0.894
2024-02-09,0.92
2024-02-10,0.93
2024-02-11,0.93
2024-02-12,0.9
2024-02-13,0.87
2024-02-14,0.86
2024-02-15,0.82
2024-02-16,0.82
2024-02-17,0.827
2024-02-18,0.792
2024-02-19,0.759
2024-02-20,0.802
2024-02-21,0.797
2024-02-22,0.79
2024-02-23,0.787
2024-02-24,0.792
2024-02-25,0.837
2024-02-26,0.798
2024-02-27,0.788
2024-02-28,0.924
2024-02-29,1.095
2024-03-01,1.562
2024-03-02,2.248
2024-03-03,3.854
2024-03-04,4.685
2024-03-05,3.383
2024-03-06,1.89
2024-03-07,1.233
2024-03-08,1.001
2024-03-09,0.842
2024-03-10,0.839
2024-03-11,0.815
2024-03-12,0.736
2024-03-13,0.739
2024-03-14,0.749
2024-03-15,0.705
2024-03-16,0.644
2024-03-17,0.598
2024-03-18,0.575
2024-03-19,0.572
2024-03-20,0.585
2024-03-21,0.548
2024-03-22,0.543
2024-03-23,0.545
2024-03-24,0.551
2024-03-25,0.688
2024-03-26,1.282
2024-03-27,1.952
2024-03-28,2.015
2024-03-29,2.639
2024-03-30,3.804
2024-03-31,4.4
2024-04-01,2.582
2024-04-02,2.579
2024-04-03,3.014
2024-04-04,8.579
2024-04-05,24.856
2024-04-06,66.718
2024-04-07,134.841
2024-04-08,138.044
2024-04-09,53.55
2024-04-10,17.733
2024-04-11,14.727
2024-04-12,23.908
2024-04-13,21.89
2024-04-14,22.364
2024-04-15,25.737
2024-04-16,22.839
2024-04-17,6.776
2024-04-18,1.879
2024-04-19,1.982
2024-04-20,8.544
2024-04-21,19.591
2024-04-22,21.457
2024-04-23,23.905
2024-04-24,27.669
2024-04-25,43.6
2024-04-26,59.038
2024-04-27,76.989
2024-04-28,95.125
2024-04-29,69.36
2024-04-30,59.17
2024-05-01,50.558
2024-05-02,47.103
2024-05-03,42.902
2024-05-04,54.671
2024-05-05,37.474
2024-05-06,47.617
2024-05-07,85.654
2024-05-08,85.58
2024-05-09,62.45
2024-05-10,37.817
2024-05-11,22.706
2024-05-12,16.895
2024-05-13,11.263
2024-05-14,8.967
2024-05-15,5.036
2024-05-16,3.534
2024-05-17,4.06
2024-05-18,5.112
2024-05-19,5.663
2024-05-20,7.998
2024-05-21,6.847
2024-05-22,6.695
2024-05-23,10.933
2024-05-24,33.933
2024-05-25,74.657
2024-05-26,76.01
2024-05-27,84.445
2024-05-28,118.58
2024-05-29,124.932
2024-05-30,76.347
2024-05-31,33.51
2024-06-01,14.854
2024-06-02,10.272
2024-06-03,11.248
2024-06-04,16.799
2024-06-05,18.486
2024-06-06,12.775
2024-06-07,12.273
2024-06-08,14.172
2024-06-09,16.026
2024-06-10,28.513
2024-06-11,38.689
2024-06-12,42.126
2024-06-13,80.336
2024-06-14,67.345
2024-06-15,33.135
2024-06-16,17.894
2024-06-17,16.809
2024-06-18,18.842
2024-06-19,17.041
2024-06-20,16.965
2024-06-21,14.217
2024-06-22,13.078
2024-06-23,13.558
2024-06-24,14.453
2024-06-25,12.83
2024-06-26,12.402
2024-06-27,11.773
2024-06-28,12.399
2024-06-29,13.752
2024-06-30,11.151
2024-07-01,10.203
2024-07-02,10.428
2024-07-03,9.671
2024-07-04,9.28
2024-07-05,9.351
2024-07-06,8.847
2024-07-07,8.083
2024-07-08,8.052
2024-07-09,8.799
2024-07-10,10.46
2024-07-11,17.21
2024-07-12,24.972
2024-07-13,32.303
2024-07-14,29.828
2024-07-15,20.211
2024-07-16,10.801
2024-07-17,28.708
2024-07-18,66.004
2024-07-19,35.842
2024-07-20,49.148
2024-07-21,54.887
2024-07-22,37.172
2024-07-23,37.555
2024-07-24,60.735
2024-07-25,98.73
2024-07-26,177.3
2024-07-27,199.353
2024-07-28,175.098
2024-07-29,115.893
2024-07-30,116.733
2024-07-31,140.727
2024-08-01,137.182
2024-08-02,99.049
2024-08-03,84.307
2024-08-04,105.605
2024-08-05,83.335
2024-08-06,44.851
2024-08-07,38.274
2024-08-08,47.123
2024-08-09,56.391
2024-08-10,74.738
2024-08-11,92.811
2024-08-12,88.049
2024-08-13,63.626
2024-08-14,39.234
2024-08-15,33.805
2024-08-16,26.712
2024-08-17,29.997
2024-08-18,192.179
2024-08-19,371.92
2024-08-20,357.722
2024-08-21,235.92
2024-08-22,148.925
2024-08-23,117.601
2024-08-24,82.472
2024-08-25,59.343
2024-08-26,55.662
2024-08-27,62.225
2024-08-28,50.355
2024-08-29,49.505
2024-08-30,39.08
2024-08-31,29.141
2024-09-01,28.541
2024-09-02,27.615
2024-09-03,31.059
2024-09-04,43.997
2024-09-05,41.67
2024-09-06,32.979
2024-09-07,27.868
2024-09-08,21.754
2024-09-09,18.816
2024-09-10,17.902
2024-09-11,17.357
2024-09-12,16.831
2024-09-13,16.399
2024-09-14,15.882
2024-09-15,15.44
2024-09-16,15.079
2024-09-17,14.82
2024-09-18,14.267
2024-09-19,13.76
2024-09-20,13.392
2024-09-21,13.073
2024-09-22,12.825
2024-09-23,12.716
2024-09-24,12.469
2024-09-25,12.136
2024-09-26,11.895
2024-09-27,11.525
2024-09-28,11.452
2024-09-29,11.907
2024-09-30,12.748
2024-10-01,13.805
2024-10-02,42.755
2024-10-03,75.94
2024-10-04,65.678
2024-10-05,36.926
2024-10-06,20.353
2024-10-07,12.615
2024-10-08,10.34
2024-10-09,9.568
2024-10-10,9.322
2024-10-11,9.247
2024-10-12,9.412
2024-10-13,9.543
2024-10-14,8.902
2024-10-15,8.914
2024-10-16,9.83
2024-10-17,10.34
2024-10-18,14.54
2024-10-19,31.463
2024-10-20,46.023
2024-10-21,64.801
2024-10-22,109.483
2024-10-23,98.965
2024-10-24,68.825
2024-10-25,35.52
2024-10-26,16.97
2024-10-27,9.757
2024-10-28,7.445
2024-10-29,6.926
2024-10-30,6.84
2024-10-31,6.775
2024-11-01,6.799
2024-11-02,6.968
2024-11-03,6.873
2024-11-04,6.749
2024-11-05,6.52
2024-11-06,6.654
2024-11-07,7.35
2024-11-08,7.806
2024-11-09,8.085
2024-11-10,9.391
2024-11-11,8.858
2024-11-12,6.955
2024-11-13,6.152
2024-11-14,5.89
2024-11-15,5.734
2024-11-16,5.792
2024-11-17,5.79
2024-11-18,5.652
2024-11-19,5.532
2024-11-20,5.494
2024-11-21,5.868
2024-11-22,10.234
2024-11-23,11.747
2024-11-24,11.102
2024-11-25,11.833
2024-11-26,13.5
2024-11-27,13.438
2024-11-28,21.34
2024-11-29,45.379
2024-11-30,64.153
2024-12-01,70.598
2024-12-02,60.108
2024-12-03,47.368
2024-12-04,26.837
2024-12-05,9.998
2024-12-06,5.408
2024-12-07,4.753
2024-12-08,4.552
2024-12-09,4.481
2024-12-10,4.438
2024-12-11,4.416
2024-12-12,4.374
2024-12-13,4.317
2024-12-14,4.291
2024-12-15,4.284
2024-12-16,4.249
2024-12-17,4.182
2024-12-18,4.132
2024-12-19,4.101
2024-12-20,4.102
2024-12-21,4.077
2024-12-22,4.068
2024-12-23,4.105
2024-12-24,4.143
2024-12-25,4.225
2024-12-26,4.105
2024-12-27,4.106
2024-12-28,3.95
2024-12-29,3.824
2024-12-30,3.765
2024-12-31,3.7
2025-01-01,3.6120834
2025-01-02,3.517083
2025-01-03,3.4599998
2025-01-04,3.457083
2025-01-05,3.406666
2025-01-06,3.3799994
2025-01-07,3.355833
2025-01-08,3.3020837
2025-01-09,3.2783337
2025-01-10,3.2487504
2025-01-11,3.2587497
2025-01-12,3.319583
2025-01-13,3.3679163
2025-01-14,3.2533333
2025-01-15,3.2333333
2025-01-16,3.1849997
2025-01-17,3.1312497
2025-01-18,3.0250003
2025-01-19,2.917083
2025-01-20,2.8654165
2025-01-21,2.857083
2025-01-22,2.8341672
2025-01-23,2.8362503
2025-01-24,2.8041668
2025-01-25,2.7758334
2025-01-26,2.7520838
2025-01-27,2.7283335
2025-01-28,2.7012503
2025-01-29,2.6987498
2025-01-30,2.7129164
2025-01-31,2.6837494
2025-02-01,2.6379166
2025-02-02,2.6054163
2025-02-03,2.575833
2025-02-04,2.5804164
2025-02-05,2.5954168
2025-02-06,2.5525
2025-02-07,2.5158331
2025-02-08,2.4825003
2025-02-09,2.4399996
2025-02-10,2.3925002
2025-02-11,2.3770838
2025-02-12,2.3724997
2025-02-13,2.3654168
2025-02-14,2.3254168
2025-02-15,2.284583
2025-02-16,2.2304168
2025-02-17,2.1999996
2025-02-18,2.17
2025-02-19,2.14
2025-02-20,2.0812502
2025-02-21,2.0966663
2025-02-22,2.09125
2025-02-23,2.0870833
2025-02-24,2.0470836
2025-02-25,2.0354164
2025-02-26,1.9883333
2025-02-27,1.8887497
2025-02-28,1.84
2025-03-01,1.8316671
2025-03-02,1.8116666
2025-03-03,1.7833333
2025-03-04,1.7558336
2025-03-05,1.7291669
2025-03-06,1.7095833
2025-03-07,1.7304168
2025-03-08,1.7537498
2025-03-09,1.7841668
2025-03-10,2.0349998
2025-03-11,2.5895832
2025-03-12,4.22125
2025-03-13,6.6512494
2025-03-14,9.102084
2025-03-15,9.212918
2025-03-16,5.4341664
2025-03-17,4.7599998
2025-03-18,5.5458336
2025-03-19,3.102917
2025-03-20,2.1295834
2025-03-21,2.0862498
2025-03-22,2.1670833
2025-03-23,2.3095834
2025-03-24,2.8083336
2025-03-25,2.87
2025-03-26,2.155
2025-03-27,1.8166666
2025-03-28,1.8641667
2025-03-29,4.0716667
2025-03-30,7.9529166
2025-03-31,9.578752
2025-04-01,6.5870833
2025-04-02,7.414166
2025-04-03,6.1545835
2025-04-04,2.6587503
2025-04-05,1.5995833
2025-04-06,1.3708334
2025-04-07,1.49625
2025-04-08,1.6091666
2025-04-09,1.6304165
2025-04-10,1.6999999
2025-04-11,1.7400002
2025-04-12,2.0995836
2025-04-13,11.43375
2025-04-14,68.9525
2025-04-15,144.85916
2025-04-16,555.4133
2025-04-17,388.57413
2025-04-18,174.19586
2025-04-19,82.80625
2025-04-20,70.33624
2025-04-21,38.205833
2025-04-22,61.836254
2025-04-23,82.70124
2025-04-24,73.356255
2025-04-25,48.745007
2025-04-26,17.025
2025-04-27,4.4370837
2025-04-28,1.9733332
2025-04-29,1.5075002
2025-04-30,1.7366666
2025-05-01,3.1312504
2025-05-02,5.7724996
2025-05-03,28.36625
2025-05-04,24.61125
2025-05-05,16.570002
2025-05-06,9.584584
2025-05-07,15.3791685
2025-05-08,33.409164
2025-05-09,44.784992
2025-05-10,56.712494
2025-05-11,74.24292
2025-05-12,77.817505
2025-05-13,52.114162
2025-05-14,23.096666
2025-05-15,9.75125
2025-05-16,5.5937505
2025-05-17,5.6012497
2025-05-18,12.495418
2025-05-19,21.628748
2025-05-20,7.8312497
2025-05-21,50.279583
2025-05-22,165.28749
2025-05-23,216.70378
2025-05-24,110.16834
2025-05-25,54.177494
2025-05-26,94.05375
2025-05-27,145.74998
2025-05-28,104.43002
2025-05-29,70.036674
2025-05-30,35.63375
2025-05-31,11.550835
2025-06-01,5.112917
2025-06-02,4.9245834
2025-06-03,4.8387504
2025-06-04,3.8025
2025-06-05,3.9350002
2025-06-06,4.680416
2025-06-07,5.11875
2025-06-08,7.646668
2025-06-09,7.5591664
2025-06-10,5.3970833
2025-06-11,4.5016665
2025-06-12,3.89125
2025-06-13,3.5420828
2025-06-14,3.4324996
2025-06-15,3.60625
2025-06-16,3.8404167
2025-06-17,4.17625
2025-06-18,4.7549996
2025-06-19,5.578333
2025-06-20,6.705417
2025-06-21,11.323333
2025-06-22,21.288334
2025-06-23,33.406666
2025-06-24,31.167498
2025-06-25,18.490417
2025-06-26,12.82125
2025-06-27,6.1995835
2025-06-28,4.1508336
2025-06-29,4.212917
2025-06-30,4.6491666
2025-07-01,5.4658337
2025-07-02,7.727083
2025-07-03,12.19625
2025-07-04,31.719587
2025-07-05,50.979168
2025-07-06,45.990417
2025-07-07,25.254168
2025-07-08,10.897083
2025-07-09,9.817917
2025-07-10,17.932085
2025-07-11,45.86458
2025-07-12,66.487076
2025-07-13,56.67917
2025-07-14,31.222082
2025-07-15,19.807913
2025-07-16,27.167082
2025-07-17,37.04958
2025-07-18,47.44792
2025-07-19,39.74583
2025-07-20,51.962498
2025-07-21,79.09666
2025-07-22,76.3175
2025-07-23,60.294163
2025-07-24,44.18375
2025-07-25,33.3325
2025-07-26,33.82375
2025-07-27,36.194168
2025-07-28,27.983335
2025-07-29,25.077917
2025-07-30,27.495836
2025-07-31,32.46958
2025-08-01,29.950003
2025-08-02,25.790419
2025-08-03,24.745
2025-08-04,22.980835
2025-08-05,24.924997
2025-08-06,33.807083
2025-08-07,46.37708
2025-08-08,69.394165
2025-08-09,67.13583
2025-08-10,65.89625
2025-08-11,78.9525
2025-08-12,93.110405
2025-08-13,108.75124
2025-08-14,80.569176
2025-08-15,44.108334
2025-08-16,33.85166
2025-08-17,33.4975
2025-08-18,42.51208
2025-08-19,50.71542
2025-08-20,93.31292
2025-08-21,95.658325
2025-08-22,113.99917
2025-08-23,101.32667
2025-08-24,99.994576
2025-08-25,84.78959
2025-08-26,68.31583
2025-08-27,68.53667
2025-08-28,66.785416
2025-08-29,57.95459
2025-08-30,59.122074
2025-08-31,61.2775
2025-09-01,62.37792
2025-09-02,71.02584
2025-09-03,88.12
2025-09-04,68.25083
2025-09-05,46.62833
2025-09-06,46.03417
2025-09-07,45.172913
2025-09-08,47.260418
2025-09-09,38.741253
2025-09-10,35.67208
2025-09-11,38.285004
2025-09-12,42.08875
2025-09-13,42.563335
2025-09-14,49.19667
2025-09-15,50.294582
2025-09-16,79.058754
2025-09-17,95.58584
2025-09-18,91.595406
2025-09-19,71.43958
2025-09-20,48.247913
2025-09-21,35.766666
2025-09-22,33.40958
2025-09-23,29.936255
2025-09-24,28.658333
2025-09-25,28.49208
2025-09-26,28.139582
2025-09-27,28.187914
2025-09-28,31.027504
2025-09-29,29.580835
2025-09-30,30.821249
2025-10-01,47.295834
2025-10-02,42.490414
2025-10-03,41.577087
2025-10-04,36.039165
2025-10-05,53.560837
2025-10-06,75.07875
2025-10-07,127.04001
2025-10-08,154.13542
2025-10-09,129.71623
2025-10-10,81.21875
2025-10-11,62.198322
2025-10-12,37.172085
2025-10-13,26.800413
2025-10-14,24.987917
2025-10-15,24.720835
2025-10-16,24.472502
2025-10-17,24.172081
2025-10-18,24.050415
2025-10-19,24.29917
2025-10-20,24.909164
2025-10-21,28.518333
2025-10-22,36.515835
2025-10-23,35.608753
2025-10-24,41.147495
2025-10-25,54.522503
2025-10-26,58.30542
2025-10-27,50.134995
2025-10-28,37.12791
2025-10-29,30.952919
2025-10-30,33.567085
2025-10-31,45.666668
2025-11-01,50.525417
2025-11-02,56.927082
2025-11-03,50.3925
2025-11-04,32.602917
2025-11-05,24.688332
2025-11-06,21.048332
2025-11-07,19.890833
2025-11-08,19.51042
2025-11-09,19.403748
2025-11-10,19.405
2025-11-11,19.725
2025-11-12,19.256248
2025-11-13,18.786667
2025-11-14,18.401249
2025-11-15,17.911667
2025-11-16,17.517084
2025-11-17,17.282917
2025-11-18,17.1125
2025-11-19,16.904165
2025-11-20,16.646666
2025-11-21,16.3925
2025-11-22,16.172916
2025-11-23,15.940834
2025-11-24,15.6849985
2025-11-25,15.390834
2025-11-26,15.130416
2025-11-27,14.935
2025-11-28,14.715417
2025-11-29,14.4158325
2025-11-30,14.154583
2025-12-01,14.002084
2025-12-02,13.829583
2025-12-03,13.549583
2025-12-04,13.283334
2025-12-05,13.064583
2025-12-06,12.861667
2025-12-07,12.677499
2025-12-08,12.412083
2025-12-09,12.175416
2025-12-10,12.029167
2025-12-11,11.894166
2025-12-12,11.739167
2025-12-13,11.589584
2025-12-14,11.636666
2025-12-15,11.692917
2025-12-16,11.987083
2025-12-17,12.40625
2025-12-18,13.277916
2025-12-19,12.831253
2025-12-20,11.090835
2025-12-21,10.347499
2025-12-22,10.222083
2025-12-23,10.082084
2025-12-24,9.925417
2025-12-25,9.694165
2025-12-26,9.464583
2025-12-27,9.288751
2025-12-28,9.092916
2025-12-29,8.9925
2025-12-30,9.035832
2025-12-31,9.103751
2026-01-01,8.985
2026-01-02,9.096251
2026-01-03,8.988334
2026-01-04,8.427917
2026-01-05,8.089582
2026-01-06,7.9095826
2026-01-07,7.7537503
2026-01-08,7.628334
2026-01-09,7.529583
2026-01-10,7.386251
2026-01-11,7.238333
2026-01-12,7.1358337
2026-01-13,7.032917
2026-01-14,6.9341664
2026-01-15,6.847084
2026-01-16,6.736667
2026-01-17,6.6283336
2026-01-18,6.5279164
2026-01-19,6.4175
2026-01-20,6.320833
2026-01-21,6.2220817
2026-01-22,6.129167
2026-01-23,6.0612493
2026-01-24,6.026665
2026-01-25,5.9687505
2026-01-26,5.8370833
2026-01-27,5.705416
2026-01-28,5.6275
2026-01-29,5.5679164
2026-01-30,5.4308333
2026-01-31,5.3600006
2026-02-01,5.35
2026-02-02,5.390833
2026-02-03,5.412083
2026-02-04,5.369167
2026-02-05,5.244583
2026-02-06,4.9091673
2026-02-07,4.8283334
2026-02-08,4.8229165
2026-02-09,4.911666
2026-02-10,4.97625
2026-02-11,5.2745833
2026-02-12,5.342917
2026-02-13,5.11
2026-02-14,4.6733336
2026-02-15,4.4291663
2026-02-16,4.4262505
2026-02-17,4.5441666
2026-02-18,4.4337497
2026-02-19,4.3370833
2026-02-20,4.3433337
2026-02-21,4.2649994
2026-02-22,4.345
2026-02-23,4.522917
2026-02-24,6.4620833
2026-02-25,8.423749
2026-02-26,6.1887507
2026-02-27,5.452917
2026-02-28,4.853333
2026-03-01,5.78375
2026-03-02,9.363334
2026-03-03,17.969168
2026-03-04,23.441252
2026-03-05,31.823334
2026-03-06,38.35292
2026-03-07,77.24917
2026-03-08,107.9621
2026-03-09,50.039577
2026-03-10,17.91625
2026-03-11,13.423333
2026-03-12,8.854584
2026-03-13,4.7045827
2026-03-14,3.5600002
2026-03-15,3.3216667
2026-03-16,3.2695827
2026-03-17,3.3829167
2026-03-18,3.6358335
2026-03-19,3.995
2026-03-20,4.7933335
2026-03-21,8.332916
2026-03-22,14.651669
2026-03-23,31.814583
2026-03-24,55.69667
2026-03-25,64.995
2026-03-26,53.215824
2026-03-27,29.47458
2026-03-28,18.51
2026-03-29,17.936666
2026-03-30,20.425001
2026-03-31,16.616667
2026-04-01,10.434167
2026-04-02,10.035415
2026-04-03,7.9741673
2026-04-04,5.87125
2026-04-05,6.365
2026-04-06,7.1495833
2026-04-07,5.107083
2026-04-08,6.2550006
2026-04-09,10.907914
2026-04-10,13.020419
2026-04-11,19.585417
2026-04-12,23.284164
2026-04-13,8.825001
2026-04-14,3.7124999
2026-04-15,3.1124995
2026-04-16,3.11125
2026-04-17,3.1916666
2026-04-18,3.5570834
2026-04-19,4.2483335
2026-04-20,4.8141665
2026-04-21,5.4733334
