Datetime,Retrospective Discharge (m3/s)
1940-01-01,829.622
1940-01-02,844.388
1940-01-03,860.52
1940-01-04,879.843
1940-01-05,901.391
1940-01-06,940.311
1940-01-07,995.97
1940-01-08,1047.304
1940-01-09,1080.024
1940-01-10,1104.005
1940-01-11,1137.2
1940-01-12,1181.48
1940-01-13,1213.587
1940-01-14,1216.077
1940-01-15,1136.403
1940-01-16,979.496
1940-01-17,845.25
1940-01-18,774.716
1940-01-19,809.959
1940-01-20,976.278
1940-01-21,1144.896
1940-01-22,1246.894
1940-01-23,1301.232
1940-01-24,1308.17
1940-01-25,1289.361
1940-01-26,1226.651
1940-01-27,1177.625
1940-01-28,1168.086
1940-01-29,1163.388
1940-01-30,1109.469
1940-01-31,1045.689
1940-02-01,967.912
1940-02-02,890.662
1940-02-03,802.446
1940-02-04,745.391
1940-02-05,704.285
1940-02-06,674.907
1940-02-07,657.129
1940-02-08,745.366
1940-02-09,1186.43
1940-02-10,1425.959
1940-02-11,1295.921
1940-02-12,1392.621
1940-02-13,1564.772
1940-02-14,1592.1
1940-02-15,1427.842
1940-02-16,1210.901
1940-02-17,1297.879
1940-02-18,1624.733
1940-02-19,1906.138
1940-02-20,1860.085
1940-02-21,1633.363
1940-02-22,1494.576
1940-02-23,1751.9
1940-02-24,1783.55
1940-02-25,1414.741
1940-02-26,1145.062
1940-02-27,1063.567
1940-02-28,1080.173
1940-02-29,1099.882
1940-03-01,1086.215
1940-03-02,1086.566
1940-03-03,1116.291
1940-03-04,1084.963
1940-03-05,1075.071
1940-03-06,1099.748
1940-03-07,1086.662
1940-03-08,1058.879
1940-03-09,975.095
1940-03-10,897.438
1940-03-11,949.92
1940-03-12,1416.677
1940-03-13,1584.241
1940-03-14,1363.985
1940-03-15,1285.944
1940-03-16,1330.743
1940-03-17,1444.578
1940-03-18,1545.68
1940-03-19,1632.49
1940-03-20,1699.729
1940-03-21,1909.683
1940-03-22,2128.477
1940-03-23,2194.254
1940-03-24,2199.863
1940-03-25,2204.53
1940-03-26,2175.018
1940-03-27,2225.122
1940-03-28,2320.783
1940-03-29,2450.875
1940-03-30,2884.296
1940-03-31,3035.397
1940-04-01,2951.501
1940-04-02,3072.271
1940-04-03,3185.957
1940-04-04,3192.97
1940-04-05,2899.082
1940-04-06,2620.078
1940-04-07,2332.926
1940-04-08,1971.292
1940-04-09,1738.814
1940-04-10,1590.942
1940-04-11,1528.177
1940-04-12,1536.027
1940-04-13,1687.99
1940-04-14,1919.831
1940-04-15,1842.275
1940-04-16,1539.855
1940-04-17,1375.515
1940-04-18,1294.144
1940-04-19,1262.023
1940-04-20,1254.694
1940-04-21,1245.767
1940-04-22,1298.636
1940-04-23,1325.317
1940-04-24,1275.252
1940-04-25,1288.575
1940-04-26,1323.245
1940-04-27,1337.655
1940-04-28,1403.289
1940-04-29,1487.132
1940-04-30,1554.542
1940-05-01,1538.635
1940-05-02,1392.182
1940-05-03,1160.455
1940-05-04,967.921
1940-05-05,891.935
1940-05-06,907.397
1940-05-07,963.858
1940-05-08,1032.878
1940-05-09,1047.122
1940-05-10,940.986
1940-05-11,832.536
1940-05-12,773.73
1940-05-13,783.918
1940-05-14,839.836
1940-05-15,867.315
1940-05-16,838.174
1940-05-17,797.429
1940-05-18,797.079
1940-05-19,837.127
1940-05-20,873.657
1940-05-21,818.533
1940-05-22,705.762
1940-05-23,636.515
1940-05-24,639.969
1940-05-25,677.315
1940-05-26,719.262
1940-05-27,823.929
1940-05-28,1014.993
1940-05-29,1200.782
1940-05-30,1262.968
1940-05-31,1147.492
1940-06-01,1014.138
1940-06-02,1007.767
1940-06-03,996.243
1940-06-04,838.281
1940-06-05,682.79
1940-06-06,609.516
1940-06-07,591.783
1940-06-08,599.66
1940-06-09,580.328
1940-06-10,524.689
1940-06-11,477.946
1940-06-12,460.025
1940-06-13,472.696
1940-06-14,503.457
1940-06-15,514.624
1940-06-16,507.308
1940-06-17,495.896
1940-06-18,465.727
1940-06-19,424.81
1940-06-20,390.146
1940-06-21,368.265
1940-06-22,357.256
1940-06-23,348.11
1940-06-24,339.268
1940-06-25,329.584
1940-06-26,316.348
1940-06-27,306.336
1940-06-28,303.45
1940-06-29,301.845
1940-06-30,305.775
1940-07-01,327.235
1940-07-02,345.288
1940-07-03,345.679
1940-07-04,325.538
1940-07-05,294.308
1940-07-06,265.764
1940-07-07,247.008
1940-07-08,244.79
1940-07-09,264.775
1940-07-10,287.647
1940-07-11,294.322
1940-07-12,271.275
1940-07-13,236.225
1940-07-14,214.75
1940-07-15,204.942
1940-07-16,199.597
1940-07-17,200.778
1940-07-18,223.932
1940-07-19,229.236
1940-07-20,213.965
1940-07-21,205.133
1940-07-22,202.789
1940-07-23,202.396
1940-07-24,201.78
1940-07-25,199.1
1940-07-26,197.847
1940-07-27,206.885
1940-07-28,207.762
1940-07-29,189.857
1940-07-30,168.896
1940-07-31,157.711
1940-08-01,156.992
1940-08-02,162.446
1940-08-03,170.044
1940-08-04,180.41
1940-08-05,183.477
1940-08-06,177.28
1940-08-07,167.343
1940-08-08,155.105
1940-08-09,146.026
1940-08-10,143.522
1940-08-11,139.854
1940-08-12,135.676
1940-08-13,138.219
1940-08-14,149.783
1940-08-15,155.462
1940-08-16,170.039
1940-08-17,188.656
1940-08-18,191.303
1940-08-19,166.572
1940-08-20,140.449
1940-08-21,126.397
1940-08-22,119.195
1940-08-23,118.164
1940-08-24,116.223
1940-08-25,111.251
1940-08-26,106.866
1940-08-27,104.345
1940-08-28,105.344
1940-08-29,122.592
1940-08-30,130.824
1940-08-31,132.738
1940-09-01,135.926
1940-09-02,127.136
1940-09-03,113.503
1940-09-04,106.53
1940-09-05,102.439
1940-09-06,97.941
1940-09-07,105.228
1940-09-08,118.214
1940-09-09,151.815
1940-09-10,194.195
1940-09-11,264.15
1940-09-12,301.695
1940-09-13,267.172
1940-09-14,200.833
1940-09-15,182.098
1940-09-16,231.609
1940-09-17,317.793
1940-09-18,423.111
1940-09-19,507.132
1940-09-20,622.398
1940-09-21,707.789
1940-09-22,720.119
1940-09-23,672.982
1940-09-24,598.426
1940-09-25,601.449
1940-09-26,913.849
1940-09-27,1113.558
1940-09-28,1072.554
1940-09-29,1144.995
1940-09-30,1349.26
1940-10-01,1465.096
1940-10-02,1481.494
1940-10-03,1544.661
1940-10-04,1700.309
1940-10-05,1778.33
1940-10-06,1711.473
1940-10-07,1537.241
1940-10-08,1338.383
1940-10-09,1244.642
1940-10-10,1328.661
1940-10-11,1461.429
1940-10-12,1435.774
1940-10-13,1243.958
1940-10-14,1056.729
1940-10-15,945.993
1940-10-16,844.133
1940-10-17,702.803
1940-10-18,589.333
1940-10-19,507.905
1940-10-20,469.434
1940-10-21,535.893
1940-10-22,723.61
1940-10-23,776.636
1940-10-24,783.003
1940-10-25,750.337
1940-10-26,695.386
1940-10-27,645.081
1940-10-28,671.694
1940-10-29,733.665
1940-10-30,857.299
1940-10-31,1118.085
1940-11-01,1607.748
1940-11-02,1771.965
1940-11-03,1509.83
1940-11-04,1262.462
1940-11-05,1141.57
1940-11-06,1117.485
1940-11-07,1167.444
1940-11-08,1284.808
1940-11-09,1496.348
1940-11-10,1671.379
1940-11-11,1679.352
1940-11-12,1564.699
1940-11-13,1529.365
1940-11-14,1640.462
1940-11-15,1736.545
1940-11-16,1677.179
1940-11-17,1486.386
1940-11-18,1471.083
1940-11-19,1529.119
1940-11-20,1477.324
1940-11-21,1455.395
1940-11-22,1465.679
1940-11-23,1467.365
1940-11-24,1501.555
1940-11-25,1496.896
1940-11-26,1507.394
1940-11-27,1724.579
1940-11-28,2026.667
1940-11-29,2148.345
1940-11-30,2185.914
1940-12-01,2233.89
1940-12-02,2176.414
1940-12-03,2071.555
1940-12-04,1990.261
1940-12-05,1980.583
1940-12-06,2065.437
1940-12-07,2234.801
1940-12-08,2312.502
1940-12-09,2346.34
1940-12-10,2410.55
1940-12-11,2712.205
1940-12-12,2911.213
1940-12-13,2718.727
1940-12-14,2421.233
1940-12-15,2191.875
1940-12-16,1980.645
1940-12-17,1810.47
1940-12-18,1717.199
1940-12-19,1739.578
1940-12-20,1789.354
1940-12-21,1743.787
1940-12-22,1589.885
1940-12-23,1405.323
1940-12-24,1280.134
1940-12-25,1199.578
1940-12-26,1140.264
1940-12-27,1112.508
1940-12-28,1087.084
1940-12-29,1036.873
1940-12-30,980.967
1940-12-31,950.645
1941-01-01,947.18
1941-01-02,956.09
1941-01-03,984.38
1941-01-04,1000.997
1941-01-05,951.935
1941-01-06,880.789
1941-01-07,835.199
1941-01-08,793.263
1941-01-09,737.6
1941-01-10,678.752
1941-01-11,631.415
1941-01-12,610.586
1941-01-13,605.947
1941-01-14,599.51
1941-01-15,565.697
1941-01-16,538.71
1941-01-17,547.779
1941-01-18,566.843
1941-01-19,583.473
1941-01-20,601.032
1941-01-21,604.952
1941-01-22,624.935
1941-01-23,607.518
1941-01-24,576.298
1941-01-25,591.741
1941-01-26,588.934
1941-01-27,567.007
1941-01-28,561.678
1941-01-29,532.285
1941-01-30,499.674
1941-01-31,486.277
1941-02-01,513.344
1941-02-02,609.677
1941-02-03,743.429
1941-02-04,825.014
1941-02-05,826.541
1941-02-06,809.571
1941-02-07,831.458
1941-02-08,864.687
1941-02-09,835.427
1941-02-10,709.26
1941-02-11,606.397
1941-02-12,523.844
1941-02-13,440.762
1941-02-14,395.539
1941-02-15,370.735
1941-02-16,359.382
1941-02-17,365.002
1941-02-18,368.718
1941-02-19,384.089
1941-02-20,452.374
1941-02-21,541.713
1941-02-22,562.972
1941-02-23,583.084
1941-02-24,688.741
1941-02-25,799.812
1941-02-26,910.686
1941-02-27,994.409
1941-02-28,1039.34
1941-03-01,1102.802
1941-03-02,1163.206
1941-03-03,1257.726
1941-03-04,1437.637
1941-03-05,1628.1
1941-03-06,1731.351
1941-03-07,1670.18
1941-03-08,1623.203
1941-03-09,1528.73
1941-03-10,1380.444
1941-03-11,1271.743
1941-03-12,1167.539
1941-03-13,1188.743
1941-03-14,1352.547
1941-03-15,1640.331
1941-03-16,1720.736
1941-03-17,1573.298
1941-03-18,1507.27
1941-03-19,1490.104
1941-03-20,1519.561
1941-03-21,1577.615
1941-03-22,1413.083
1941-03-23,1086.278
1941-03-24,883.955
1941-03-25,853.74
1941-03-26,890.025
1941-03-27,926.648
1941-03-28,971.468
1941-03-29,1017.118
1941-03-30,1038.84
1941-03-31,1084.012
1941-04-01,1099.316
1941-04-02,1004.243
1941-04-03,895.832
1941-04-04,850.472
1941-04-05,842.309
1941-04-06,842.38
1941-04-07,885.158
1941-04-08,992.722
1941-04-09,1097.467
1941-04-10,1078.99
1941-04-11,1028.848
1941-04-12,1058.058
1941-04-13,1109.615
1941-04-14,1234.349
1941-04-15,1366.645
1941-04-16,1494.127
1941-04-17,1595.683
1941-04-18,1772.817
1941-04-19,1862.287
1941-04-20,1766.701
1941-04-21,1657.626
1941-04-22,1627.025
1941-04-23,1638.062
1941-04-24,1620.555
1941-04-25,1618.279
1941-04-26,1656.063
1941-04-27,1723.797
1941-04-28,1763.472
1941-04-29,2076.926
1941-04-30,2231.602
1941-05-01,2091.959
1941-05-02,2347.391
1941-05-03,2539.708
1941-05-04,2182.622
1941-05-05,1834.892
1941-05-06,1955.029
1941-05-07,1904.429
1941-05-08,1565.265
1941-05-09,1331.297
1941-05-10,1187.721
1941-05-11,1059.924
1941-05-12,984.111
1941-05-13,963.563
1941-05-14,966.38
1941-05-15,1003.287
1941-05-16,1072.343
1941-05-17,1129.83
1941-05-18,1129.296
1941-05-19,1107.305
1941-05-20,1117.567
1941-05-21,1131.109
1941-05-22,1172.045
1941-05-23,1293.963
1941-05-24,1477.84
1941-05-25,1437.014
1941-05-26,1205.968
1941-05-27,1043.993
1941-05-28,949.688
1941-05-29,861.38
1941-05-30,811.975
1941-05-31,814.055
1941-06-01,844.345
1941-06-02,878.815
1941-06-03,916.438
1941-06-04,942.808
1941-06-05,927.59
1941-06-06,860.238
1941-06-07,766.573
1941-06-08,678.345
1941-06-09,616.54
1941-06-10,580.214
1941-06-11,556.635
1941-06-12,538.153
1941-06-13,522.877
1941-06-14,510.804
1941-06-15,501.969
1941-06-16,489.064
1941-06-17,469.745
1941-06-18,450.992
1941-06-19,436.227
1941-06-20,424.261
1941-06-21,413.842
1941-06-22,404.335
1941-06-23,394.529
1941-06-24,385.145
1941-06-25,377.728
1941-06-26,369.098
1941-06-27,359.021
1941-06-28,348.595
1941-06-29,337.245
1941-06-30,326.26
1941-07-01,316.775
1941-07-02,310.253
1941-07-03,309.162
1941-07-04,324.791
1941-07-05,363.86
1941-07-06,409.657
1941-07-07,443.853
1941-07-08,433.111
1941-07-09,382.844
1941-07-10,350.278
1941-07-11,328.546
1941-07-12,305.608
1941-07-13,285.441
1941-07-14,267.415
1941-07-15,258.579
1941-07-16,249.268
1941-07-17,233.057
1941-07-18,220.988
1941-07-19,214.49
1941-07-20,210.296
1941-07-21,206.444
1941-07-22,202.719
1941-07-23,199.837
1941-07-24,195.491
1941-07-25,190.575
1941-07-26,186.404
1941-07-27,183.224
1941-07-28,181.012
1941-07-29,185.752
1941-07-30,202.594
1941-07-31,206.39
1941-08-01,201.18
1941-08-02,194.055
1941-08-03,183.446
1941-08-04,176.1
1941-08-05,176.542
1941-08-06,179.245
1941-08-07,173.26
1941-08-08,162.642
1941-08-09,152.796
1941-08-10,146.558
1941-08-11,144.169
1941-08-12,142.43
1941-08-13,144.087
1941-08-14,187.461
1941-08-15,378.878
1941-08-16,412.981
1941-08-17,248.384
1941-08-18,157.494
1941-08-19,152.14
1941-08-20,153.782
1941-08-21,141.02
1941-08-22,132.918
1941-08-23,132.37
1941-08-24,127.585
1941-08-25,121.11
1941-08-26,119.744
1941-08-27,120.534
1941-08-28,124.421
1941-08-29,131.976
1941-08-30,138.466
1941-08-31,140.196
1941-09-01,128.932
1941-09-02,116.538
1941-09-03,112.865
1941-09-04,115.853
1941-09-05,127.672
1941-09-06,148.945
1941-09-07,161.058
1941-09-08,164.754
1941-09-09,152.427
1941-09-10,130.469
1941-09-11,113.03
1941-09-12,104.176
1941-09-13,98.254
1941-09-14,92.589
1941-09-15,90.531
1941-09-16,88.701
1941-09-17,87.545
1941-09-18,91.853
1941-09-19,101.638
1941-09-20,111.005
1941-09-21,107.214
1941-09-22,92.733
1941-09-23,82.383
1941-09-24,79.695
1941-09-25,84.609
1941-09-26,101.991
1941-09-27,128.633
1941-09-28,150.426
1941-09-29,146.81
1941-09-30,123.133
1941-10-01,113.374
1941-10-02,111.25
1941-10-03,107.4
1941-10-04,122.203
1941-10-05,149.322
1941-10-06,187.86
1941-10-07,352.179
1941-10-08,399.676
1941-10-09,257.283
1941-10-10,149.859
1941-10-11,104.018
1941-10-12,86.679
1941-10-13,79.513
1941-10-14,79.703
1941-10-15,97.723
1941-10-16,142.701
1941-10-17,187.877
1941-10-18,183.858
1941-10-19,138.468
1941-10-20,100.059
1941-10-21,85.703
1941-10-22,90.67
1941-10-23,126.422
1941-10-24,172.716
1941-10-25,213.498
1941-10-26,264.21
1941-10-27,478.076
1941-10-28,565.476
1941-10-29,420.882
1941-10-30,300.465
1941-10-31,232.913
1941-11-01,185.871
1941-11-02,159.705
1941-11-03,151.225
1941-11-04,153.201
1941-11-05,187.686
1941-11-06,403.816
1941-11-07,524.572
1941-11-08,500.602
1941-11-09,608.355
1941-11-10,723.178
1941-11-11,824.955
1941-11-12,829.906
1941-11-13,702.905
1941-11-14,637.187
1941-11-15,973.12
1941-11-16,1281.206
1941-11-17,1354.848
1941-11-18,1429.355
1941-11-19,1364.883
1941-11-20,1214.683
1941-11-21,1127.713
1941-11-22,1146.28
1941-11-23,1220.219
1941-11-24,1287.826
1941-11-25,1312.226
1941-11-26,1237.861
1941-11-27,1150.999
1941-11-28,1183.525
1941-11-29,1327.259
1941-11-30,1422.459
1941-12-01,1506.212
1941-12-02,1606.305
1941-12-03,1552.748
1941-12-04,1404.841
1941-12-05,1393.984
1941-12-06,1499.6
1941-12-07,1550.53
1941-12-08,1533.192
1941-12-09,1632.27
1941-12-10,1783.988
1941-12-11,1794.602
1941-12-12,1746.358
1941-12-13,1751.431
1941-12-14,1748.931
1941-12-15,1723.772
1941-12-16,1740.142
1941-12-17,1768.572
1941-12-18,1793.445
1941-12-19,1961.148
1941-12-20,1850.043
1941-12-21,1501.962
1941-12-22,1319.974
1941-12-23,1251.101
1941-12-24,1196.97
1941-12-25,1194.381
1941-12-26,1147.829
1941-12-27,965.003
1941-12-28,809.625
1941-12-29,727.294
1941-12-30,708.05
1941-12-31,746.244
1942-01-01,801.755
1942-01-02,869.406
1942-01-03,941.588
1942-01-04,930.985
1942-01-05,881.265
1942-01-06,825.085
1942-01-07,748.352
1942-01-08,692.615
1942-01-09,643.225
1942-01-10,575.544
1942-01-11,503.431
1942-01-12,451.588
1942-01-13,423.617
1942-01-14,407.679
1942-01-15,403.63
1942-01-16,422.519
1942-01-17,465.29
1942-01-18,667.402
1942-01-19,1036.952
1942-01-20,986.948
1942-01-21,657.483
1942-01-22,476.324
1942-01-23,443.572
1942-01-24,492.008
1942-01-25,547.322
1942-01-26,563.965
1942-01-27,541.15
1942-01-28,476.167
1942-01-29,399.724
1942-01-30,360.881
1942-01-31,385.926
1942-02-01,449.614
1942-02-02,519.298
1942-02-03,547.48
1942-02-04,490.015
1942-02-05,423.312
1942-02-06,418.725
1942-02-07,438.407
1942-02-08,424.829
1942-02-09,394.873
1942-02-10,378.41
1942-02-11,387.478
1942-02-12,400.8
1942-02-13,385.373
1942-02-14,333.69
1942-02-15,282.74
1942-02-16,253.782
1942-02-17,240.309
1942-02-18,234.667
1942-02-19,233.42
1942-02-20,237.981
1942-02-21,241.242
1942-02-22,234.151
1942-02-23,228.19
1942-02-24,236.731
1942-02-25,259.414
1942-02-26,304.113
1942-02-27,384.818
1942-02-28,514.554
1942-03-01,761.621
1942-03-02,949.582
1942-03-03,925.928
1942-03-04,810.799
1942-03-05,670.861
1942-03-06,545.809
1942-03-07,521.049
1942-03-08,491.05
1942-03-09,405.326
1942-03-10,322.016
1942-03-11,282.068
1942-03-12,291.979
1942-03-13,318.405
1942-03-14,346.59
1942-03-15,415.235
1942-03-16,508.669
1942-03-17,617.006
1942-03-18,774.906
1942-03-19,817.945
1942-03-20,830.595
1942-03-21,886.522
1942-03-22,1020.241
1942-03-23,1410.774
1942-03-24,1580.401
1942-03-25,1464.071
1942-03-26,1364.867
1942-03-27,1261.123
1942-03-28,1220.58
1942-03-29,1286.455
1942-03-30,1481.218
1942-03-31,1683.728
1942-04-01,1722.782
1942-04-02,1520.822
1942-04-03,1641.375
1942-04-04,1633.904
1942-04-05,1269.857
1942-04-06,1001.453
1942-04-07,879.422
1942-04-08,836.183
1942-04-09,833.47
1942-04-10,832.152
1942-04-11,818.613
1942-04-12,840.432
1942-04-13,849.321
1942-04-14,847.558
1942-04-15,827.1
1942-04-16,833.978
1942-04-17,869.439
1942-04-18,896.685
1942-04-19,935.885
1942-04-20,1030.308
1942-04-21,1136.838
1942-04-22,1197.382
1942-04-23,1195.558
1942-04-24,1286.947
1942-04-25,1297.235
1942-04-26,1197.485
1942-04-27,1134.116
1942-04-28,1179.895
1942-04-29,1353.758
1942-04-30,1539.141
1942-05-01,1385.484
1942-05-02,1180.403
1942-05-03,1088.093
1942-05-04,1136.971
1942-05-05,1356.648
1942-05-06,1441.695
1942-05-07,1480.572
1942-05-08,1399.443
1942-05-09,1281.943
1942-05-10,1201.53
1942-05-11,1175.282
1942-05-12,1242.229
1942-05-13,1369.434
1942-05-14,1323.344
1942-05-15,1157.215
1942-05-16,1003.145
1942-05-17,890.389
1942-05-18,813.102
1942-05-19,754.303
1942-05-20,746.13
1942-05-21,773.045
1942-05-22,763.845
1942-05-23,714.735
1942-05-24,690.589
1942-05-25,735.849
1942-05-26,786.847
1942-05-27,802.025
1942-05-28,779.389
1942-05-29,778.371
1942-05-30,817.01
1942-05-31,814.949
1942-06-01,749.202
1942-06-02,673.658
1942-06-03,653.172
1942-06-04,656.33
1942-06-05,614.998
1942-06-06,562.654
1942-06-07,533.406
1942-06-08,489.442
1942-06-09,432.844
1942-06-10,401.068
1942-06-11,400.632
1942-06-12,413.213
1942-06-13,406.351
1942-06-14,369.037
1942-06-15,335.107
1942-06-16,322.58
1942-06-17,321.482
1942-06-18,321.936
1942-06-19,319.979
1942-06-20,306.098
1942-06-21,289.451
1942-06-22,278.564
1942-06-23,271.735
1942-06-24,268.902
1942-06-25,276.826
1942-06-26,311.011
1942-06-27,355.156
1942-06-28,368.223
1942-06-29,355.216
1942-06-30,349.958
1942-07-01,342.316
1942-07-02,384.486
1942-07-03,643.667
1942-07-04,710.576
1942-07-05,482.371
1942-07-06,343.922
1942-07-07,342.938
1942-07-08,386.478
1942-07-09,409.099
1942-07-10,409.405
1942-07-11,379.265
1942-07-12,316.598
1942-07-13,257.979
1942-07-14,225.585
1942-07-15,217.237
1942-07-16,230.076
1942-07-17,262.7
1942-07-18,269.481
1942-07-19,246.028
1942-07-20,218.779
1942-07-21,192.45
1942-07-22,174.323
1942-07-23,164.908
1942-07-24,159.471
1942-07-25,155.958
1942-07-26,155.459
1942-07-27,153.927
1942-07-28,151.164
1942-07-29,148.076
1942-07-30,143.304
1942-07-31,138.843
1942-08-01,135.07
1942-08-02,133.183
1942-08-03,136.264
1942-08-04,144.726
1942-08-05,144.056
1942-08-06,132.348
1942-08-07,123.27
1942-08-08,120.0
1942-08-09,116.468
1942-08-10,111.733
1942-08-11,107.958
1942-08-12,105.26
1942-08-13,103.093
1942-08-14,101.095
1942-08-15,99.192
1942-08-16,97.23
1942-08-17,95.508
1942-08-18,93.804
1942-08-19,92.317
1942-08-20,91.373
1942-08-21,90.291
1942-08-22,87.942
1942-08-23,85.884
1942-08-24,84.443
1942-08-25,84.557
1942-08-26,83.581
1942-08-27,81.911
1942-08-28,83.943
1942-08-29,92.247
1942-08-30,98.98
1942-08-31,93.524
1942-09-01,82.298
1942-09-02,76.427
1942-09-03,75.71
1942-09-04,76.079
1942-09-05,75.033
1942-09-06,71.098
1942-09-07,66.739
1942-09-08,64.013
1942-09-09,62.498
1942-09-10,61.432
1942-09-11,60.403
1942-09-12,59.607
1942-09-13,58.861
1942-09-14,58.134
1942-09-15,57.401
1942-09-16,56.488
1942-09-17,55.8
1942-09-18,55.341
1942-09-19,55.334
1942-09-20,55.024
1942-09-21,53.078
1942-09-22,51.252
1942-09-23,50.085
1942-09-24,49.14
1942-09-25,48.943
1942-09-26,50.721
1942-09-27,56.332
1942-09-28,58.584
1942-09-29,55.565
1942-09-30,52.295
1942-10-01,51.457
1942-10-02,48.947
1942-10-03,45.032
1942-10-04,43.498
1942-10-05,44.249
1942-10-06,44.441
1942-10-07,43.043
1942-10-08,41.615
1942-10-09,40.566
1942-10-10,39.597
1942-10-11,38.346
1942-10-12,37.62
1942-10-13,38.095
1942-10-14,38.935
1942-10-15,38.929
1942-10-16,38.514
1942-10-17,37.88
1942-10-18,38.207
1942-10-19,38.368
1942-10-20,39.151
1942-10-21,41.47
1942-10-22,44.053
1942-10-23,45.526
1942-10-24,47.101
1942-10-25,54.237
1942-10-26,83.766
1942-10-27,96.529
1942-10-28,92.409
1942-10-29,89.44
1942-10-30,93.002
1942-10-31,112.274
1942-11-01,136.153
1942-11-02,146.273
1942-11-03,122.597
1942-11-04,108.431
1942-11-05,115.35
1942-11-06,123.303
1942-11-07,133.508
1942-11-08,140.138
1942-11-09,118.266
1942-11-10,114.823
1942-11-11,175.289
1942-11-12,304.182
1942-11-13,439.253
1942-11-14,485.651
1942-11-15,490.56
1942-11-16,478.583
1942-11-17,423.31
1942-11-18,360.907
1942-11-19,297.333
1942-11-20,278.748
1942-11-21,368.812
1942-11-22,454.202
1942-11-23,522.967
1942-11-24,587.175
1942-11-25,958.906
1942-11-26,1082.438
1942-11-27,823.882
1942-11-28,694.541
1942-11-29,603.365
1942-11-30,412.034
1942-12-01,246.247
1942-12-02,156.723
1942-12-03,112.315
1942-12-04,89.169
1942-12-05,77.211
1942-12-06,72.781
1942-12-07,74.482
1942-12-08,79.21
1942-12-09,86.491
1942-12-10,98.765
1942-12-11,117.523
1942-12-12,141.755
1942-12-13,162.566
1942-12-14,207.48
1942-12-15,308.904
1942-12-16,423.452
1942-12-17,498.053
1942-12-18,544.592
1942-12-19,551.539
1942-12-20,504.693
1942-12-21,458.253
1942-12-22,431.77
1942-12-23,422.875
1942-12-24,382.667
1942-12-25,312.846
1942-12-26,264.441
1942-12-27,266.652
1942-12-28,315.927
1942-12-29,347.043
1942-12-30,343.461
1942-12-31,332.495
1943-01-01,338.379
1943-01-02,329.152
1943-01-03,314.77
1943-01-04,295.47
1943-01-05,252.642
1943-01-06,233.28
1943-01-07,259.746
1943-01-08,299.485
1943-01-09,305.059
1943-01-10,291.039
1943-01-11,261.505
1943-01-12,214.395
1943-01-13,184.23
1943-01-14,174.133
1943-01-15,171.222
1943-01-16,177.886
1943-01-17,186.445
1943-01-18,253.056
1943-01-19,585.008
1943-01-20,717.073
1943-01-21,465.176
1943-01-22,241.997
1943-01-23,140.0
1943-01-24,105.172
1943-01-25,103.394
1943-01-26,109.807
1943-01-27,109.772
1943-01-28,99.346
1943-01-29,83.668
1943-01-30,72.509
1943-01-31,71.621
1943-02-01,81.008
1943-02-02,100.545
1943-02-03,123.457
1943-02-04,153.567
1943-02-05,209.82
1943-02-06,299.626
1943-02-07,378.204
1943-02-08,459.057
1943-02-09,517.487
1943-02-10,509.085
1943-02-11,488.638
1943-02-12,556.675
1943-02-13,579.543
1943-02-14,470.355
1943-02-15,380.414
1943-02-16,362.712
1943-02-17,381.742
1943-02-18,393.061
1943-02-19,377.662
1943-02-20,353.288
1943-02-21,336.683
1943-02-22,323.493
1943-02-23,298.884
1943-02-24,296.115
1943-02-25,344.954
1943-02-26,419.148
1943-02-27,474.445
1943-02-28,528.237
1943-03-01,549.778
1943-03-02,469.048
1943-03-03,355.68
1943-03-04,275.42
1943-03-05,243.029
1943-03-06,230.871
1943-03-07,247.156
1943-03-08,322.087
1943-03-09,408.818
1943-03-10,456.253
1943-03-11,451.443
1943-03-12,428.831
1943-03-13,410.504
1943-03-14,407.98
1943-03-15,455.899
1943-03-16,525.676
1943-03-17,603.863
1943-03-18,731.977
1943-03-19,831.39
1943-03-20,863.916
1943-03-21,917.1
1943-03-22,966.458
1943-03-23,935.86
1943-03-24,889.082
1943-03-25,782.311
1943-03-26,641.117
1943-03-27,534.384
1943-03-28,462.213
1943-03-29,391.43
1943-03-30,322.575
1943-03-31,301.063
1943-04-01,299.669
1943-04-02,295.388
1943-04-03,302.019
1943-04-04,331.56
1943-04-05,347.204
1943-04-06,351.748
1943-04-07,378.228
1943-04-08,444.645
1943-04-09,496.835
1943-04-10,483.216
1943-04-11,439.134
1943-04-12,407.525
1943-04-13,407.974
1943-04-14,490.623
1943-04-15,632.116
1943-04-16,754.325
1943-04-17,816.616
1943-04-18,821.835
1943-04-19,723.8
1943-04-20,570.236
1943-04-21,425.39
1943-04-22,330.042
1943-04-23,330.391
1943-04-24,435.28
1943-04-25,529.099
1943-04-26,569.954
1943-04-27,560.39
1943-04-28,508.552
1943-04-29,424.959
1943-04-30,368.106
1943-05-01,368.543
1943-05-02,395.57
1943-05-03,417.119
1943-05-04,448.537
1943-05-05,462.547
1943-05-06,486.395
1943-05-07,560.675
1943-05-08,637.123
1943-05-09,662.174
1943-05-10,617.146
1943-05-11,544.274
1943-05-12,496.168
1943-05-13,460.037
1943-05-14,433.115
1943-05-15,416.359
1943-05-16,391.443
1943-05-17,358.172
1943-05-18,360.193
1943-05-19,437.201
1943-05-20,507.492
1943-05-21,543.066
1943-05-22,540.063
1943-05-23,531.556
1943-05-24,515.17
1943-05-25,503.002
1943-05-26,546.025
1943-05-27,659.469
1943-05-28,765.747
1943-05-29,776.048
1943-05-30,706.364
1943-05-31,671.706
1943-06-01,655.512
1943-06-02,621.877
1943-06-03,581.404
1943-06-04,516.001
1943-06-05,471.695
1943-06-06,499.998
1943-06-07,487.426
1943-06-08,387.38
1943-06-09,278.3
1943-06-10,216.345
1943-06-11,193.066
1943-06-12,182.471
1943-06-13,175.857
1943-06-14,171.503
1943-06-15,168.797
1943-06-16,167.127
1943-06-17,162.429
1943-06-18,159.932
1943-06-19,172.113
1943-06-20,169.155
1943-06-21,150.511
1943-06-22,138.65
1943-06-23,132.494
1943-06-24,128.163
1943-06-25,124.469
1943-06-26,120.719
1943-06-27,117.154
1943-06-28,114.427
1943-06-29,114.559
1943-06-30,114.215
1943-07-01,109.862
1943-07-02,107.762
1943-07-03,109.572
1943-07-04,108.255
1943-07-05,106.28
1943-07-06,110.662
1943-07-07,113.245
1943-07-08,115.819
1943-07-09,118.058
1943-07-10,125.282
1943-07-11,136.429
1943-07-12,144.861
1943-07-13,131.339
1943-07-14,113.5
1943-07-15,114.036
1943-07-16,121.609
1943-07-17,119.177
1943-07-18,105.104
1943-07-19,89.658
1943-07-20,81.72
1943-07-21,78.522
1943-07-22,75.28
1943-07-23,74.813
1943-07-24,75.325
1943-07-25,74.302
1943-07-26,72.075
1943-07-27,73.198
1943-07-28,74.852
1943-07-29,71.05
1943-07-30,64.225
1943-07-31,59.912
1943-08-01,57.452
1943-08-02,56.706
1943-08-03,56.85
1943-08-04,63.862
1943-08-05,93.91
1943-08-06,122.051
1943-08-07,111.458
1943-08-08,92.684
1943-08-09,82.099
1943-08-10,69.585
1943-08-11,62.807
1943-08-12,63.125
1943-08-13,72.839
1943-08-14,74.287
1943-08-15,72.837
1943-08-16,75.43
1943-08-17,78.403
1943-08-18,75.772
1943-08-19,70.657
1943-08-20,77.952
1943-08-21,103.683
1943-08-22,125.829
1943-08-23,126.295
1943-08-24,101.417
1943-08-25,74.0
1943-08-26,67.243
1943-08-27,70.857
1943-08-28,71.55
1943-08-29,64.1
1943-08-30,59.409
1943-08-31,62.491
1943-09-01,67.985
1943-09-02,68.444
1943-09-03,66.695
1943-09-04,75.476
1943-09-05,86.926
1943-09-06,107.848
1943-09-07,139.605
1943-09-08,171.008
1943-09-09,195.399
1943-09-10,209.305
1943-09-11,185.559
1943-09-12,182.942
1943-09-13,256.22
1943-09-14,377.386
1943-09-15,442.304
1943-09-16,402.593
1943-09-17,277.809
1943-09-18,153.368
1943-09-19,98.863
1943-09-20,96.55
1943-09-21,107.227
1943-09-22,143.122
1943-09-23,199.887
1943-09-24,220.247
1943-09-25,194.722
1943-09-26,146.72
1943-09-27,108.742
1943-09-28,102.238
1943-09-29,123.898
1943-09-30,170.317
1943-10-01,192.352
1943-10-02,204.43
1943-10-03,232.136
1943-10-04,213.166
1943-10-05,142.301
1943-10-06,87.307
1943-10-07,67.853
1943-10-08,64.397
1943-10-09,83.602
1943-10-10,152.14
1943-10-11,203.689
1943-10-12,197.478
1943-10-13,175.766
1943-10-14,155.301
1943-10-15,137.907
1943-10-16,121.021
1943-10-17,101.379
1943-10-18,77.813
1943-10-19,59.551
1943-10-20,52.17
1943-10-21,51.231
1943-10-22,54.35
1943-10-23,58.07
1943-10-24,58.513
1943-10-25,55.635
1943-10-26,56.415
1943-10-27,59.19
1943-10-28,60.06
1943-10-29,56.535
1943-10-30,48.79
1943-10-31,45.359
1943-11-01,50.553
1943-11-02,65.813
1943-11-03,94.426
1943-11-04,119.619
1943-11-05,160.921
1943-11-06,180.148
1943-11-07,170.759
1943-11-08,162.447
1943-11-09,151.64
1943-11-10,128.359
1943-11-11,111.586
1943-11-12,93.762
1943-11-13,93.556
1943-11-14,118.292
1943-11-15,179.74
1943-11-16,259.801
1943-11-17,359.789
1943-11-18,473.264
1943-11-19,564.038
1943-11-20,563.596
1943-11-21,572.282
1943-11-22,573.231
1943-11-23,532.544
1943-11-24,594.23
1943-11-25,714.826
1943-11-26,692.559
1943-11-27,592.957
1943-11-28,580.504
1943-11-29,748.953
1943-11-30,1034.288
1943-12-01,1171.529
1943-12-02,1107.09
1943-12-03,1016.082
1943-12-04,1042.151
1943-12-05,1107.708
1943-12-06,1006.368
1943-12-07,817.334
1943-12-08,688.75
1943-12-09,640.92
1943-12-10,585.81
1943-12-11,514.873
1943-12-12,476.212
1943-12-13,457.144
1943-12-14,431.918
1943-12-15,391.12
1943-12-16,338.225
1943-12-17,317.948
1943-12-18,345.323
1943-12-19,369.94
1943-12-20,363.454
1943-12-21,403.81
1943-12-22,503.742
1943-12-23,585.085
1943-12-24,555.195
1943-12-25,444.845
1943-12-26,346.582
1943-12-27,281.72
1943-12-28,252.171
1943-12-29,268.666
1943-12-30,257.032
1943-12-31,230.449
1944-01-01,237.523
1944-01-02,237.737
1944-01-03,255.555
1944-01-04,278.104
1944-01-05,271.964
1944-01-06,247.657
1944-01-07,229.245
1944-01-08,254.97
1944-01-09,370.428
1944-01-10,710.282
1944-01-11,1089.059
1944-01-12,1047.132
1944-01-13,736.118
1944-01-14,589.912
1944-01-15,591.312
1944-01-16,581.718
1944-01-17,547.821
1944-01-18,536.001
1944-01-19,528.777
1944-01-20,512.06
1944-01-21,489.473
1944-01-22,444.545
1944-01-23,366.594
1944-01-24,298.355
1944-01-25,259.015
1944-01-26,240.617
1944-01-27,239.3
1944-01-28,238.203
1944-01-29,266.525
1944-01-30,382.409
1944-01-31,621.175
1944-02-01,721.239
1944-02-02,687.49
1944-02-03,661.523
1944-02-04,689.094
1944-02-05,874.811
1944-02-06,1269.982
1944-02-07,1419.543
1944-02-08,1175.1
1944-02-09,902.44
1944-02-10,776.704
1944-02-11,713.421
1944-02-12,684.348
1944-02-13,737.9
1944-02-14,783.458
1944-02-15,746.171
1944-02-16,614.458
1944-02-17,492.21
1944-02-18,429.512
1944-02-19,443.753
1944-02-20,532.335
1944-02-21,647.811
1944-02-22,664.838
1944-02-23,601.822
1944-02-24,509.18
1944-02-25,394.494
1944-02-26,297.141
1944-02-27,238.76
1944-02-28,210.975
1944-02-29,197.305
1944-03-01,192.498
1944-03-02,198.402
1944-03-03,218.909
1944-03-04,261.403
1944-03-05,319.51
1944-03-06,354.111
1944-03-07,367.53
1944-03-08,356.06
1944-03-09,345.182
1944-03-10,378.649
1944-03-11,369.071
1944-03-12,314.26
1944-03-13,273.158
1944-03-14,239.166
1944-03-15,210.217
1944-03-16,191.048
1944-03-17,182.931
1944-03-18,176.462
1944-03-19,190.355
1944-03-20,245.37
1944-03-21,371.224
1944-03-22,505.279
1944-03-23,582.906
1944-03-24,632.799
1944-03-25,641.706
1944-03-26,597.796
1944-03-27,528.848
1944-03-28,513.815
1944-03-29,543.283
1944-03-30,530.999
1944-03-31,431.356
1944-04-01,324.649
1944-04-02,272.19
1944-04-03,258.068
1944-04-04,253.447
1944-04-05,281.267
1944-04-06,324.836
1944-04-07,356.95
1944-04-08,387.418
1944-04-09,390.24
1944-04-10,377.608
1944-04-11,392.739
1944-04-12,432.352
1944-04-13,492.628
1944-04-14,509.023
1944-04-15,447.643
1944-04-16,384.83
1944-04-17,399.931
1944-04-18,499.664
1944-04-19,697.279
1944-04-20,1158.262
1944-04-21,1241.015
1944-04-22,850.585
1944-04-23,575.427
1944-04-24,482.156
1944-04-25,451.437
1944-04-26,414.419
1944-04-27,369.028
1944-04-28,344.177
1944-04-29,334.241
1944-04-30,313.831
1944-05-01,273.482
1944-05-02,244.869
1944-05-03,258.437
1944-05-04,283.326
1944-05-05,294.245
1944-05-06,297.63
1944-05-07,302.765
1944-05-08,310.126
1944-05-09,374.275
1944-05-10,496.33
1944-05-11,671.986
1944-05-12,899.056
1944-05-13,1180.288
1944-05-14,1315.57
1944-05-15,1234.0
1944-05-16,1120.844
1944-05-17,1044.703
1944-05-18,963.0
1944-05-19,929.161
1944-05-20,980.971
1944-05-21,1171.931
1944-05-22,1335.907
1944-05-23,1349.208
1944-05-24,1261.607
1944-05-25,1110.579
1944-05-26,991.338
1944-05-27,955.056
1944-05-28,961.773
1944-05-29,956.348
1944-05-30,918.783
1944-05-31,775.127
1944-06-01,586.898
1944-06-02,449.468
1944-06-03,375.04
1944-06-04,337.118
1944-06-05,313.109
1944-06-06,293.903
1944-06-07,275.892
1944-06-08,259.833
1944-06-09,243.467
1944-06-10,235.045
1944-06-11,239.542
1944-06-12,228.705
1944-06-13,205.043
1944-06-14,187.975
1944-06-15,182.523
1944-06-16,186.888
1944-06-17,209.222
1944-06-18,255.885
1944-06-19,297.235
1944-06-20,303.159
1944-06-21,290.418
1944-06-22,266.626
1944-06-23,219.036
1944-06-24,168.727
1944-06-25,136.657
1944-06-26,119.716
1944-06-27,109.239
1944-06-28,103.019
1944-06-29,100.464
1944-06-30,101.391
1944-07-01,101.745
1944-07-02,98.884
1944-07-03,94.809
1944-07-04,91.926
1944-07-05,88.884
1944-07-06,86.179
1944-07-07,85.938
1944-07-08,86.513
1944-07-09,82.82
1944-07-10,76.294
1944-07-11,71.589
1944-07-12,70.909
1944-07-13,78.635
1944-07-14,105.969
1944-07-15,157.51
1944-07-16,203.222
1944-07-17,206.292
1944-07-18,174.733
1944-07-19,123.886
1944-07-20,80.904
1944-07-21,62.022
1944-07-22,56.604
1944-07-23,55.015
1944-07-24,53.685
1944-07-25,52.372
1944-07-26,51.3
1944-07-27,50.31
1944-07-28,49.367
1944-07-29,48.561
1944-07-30,48.47
1944-07-31,49.285
1944-08-01,49.244
1944-08-02,47.396
1944-08-03,45.242
1944-08-04,44.045
1944-08-05,43.41
1944-08-06,42.917
1944-08-07,43.001
1944-08-08,42.802
1944-08-09,43.606
1944-08-10,45.189
1944-08-11,44.447
1944-08-12,42.234
1944-08-13,40.697
1944-08-14,42.508
1944-08-15,48.507
1944-08-16,62.87
1944-08-17,82.363
1944-08-18,111.996
1944-08-19,135.259
1944-08-20,136.355
1944-08-21,121.733
1944-08-22,91.944
1944-08-23,59.825
1944-08-24,41.415
1944-08-25,34.174
1944-08-26,31.711
1944-08-27,30.883
1944-08-28,30.098
1944-08-29,30.023
1944-08-30,29.797
1944-08-31,31.093
1944-09-01,36.093
1944-09-02,37.195
1944-09-03,32.172
1944-09-04,28.027
1944-09-05,26.63
1944-09-06,26.355
1944-09-07,25.905
1944-09-08,26.643
1944-09-09,29.454
1944-09-10,30.035
1944-09-11,27.326
1944-09-12,26.737
1944-09-13,30.394
1944-09-14,32.389
1944-09-15,31.682
1944-09-16,30.732
1944-09-17,28.795
1944-09-18,25.82
1944-09-19,23.596
1944-09-20,23.775
1944-09-21,25.24
1944-09-22,25.415
1944-09-23,23.488
1944-09-24,21.669
1944-09-25,21.658
1944-09-26,22.001
1944-09-27,21.639
1944-09-28,21.485
1944-09-29,23.634
1944-09-30,25.918
1944-10-01,25.702
1944-10-02,23.673
1944-10-03,24.444
1944-10-04,29.27
1944-10-05,22.52
1944-10-06,22.233
1944-10-07,31.118
1944-10-08,54.84
1944-10-09,61.49
1944-10-10,53.28
1944-10-11,52.018
1944-10-12,51.915
1944-10-13,47.772
1944-10-14,40.538
1944-10-15,37.168
1944-10-16,30.166
1944-10-17,29.417
1944-10-18,31.402
1944-10-19,41.448
1944-10-20,67.874
1944-10-21,109.057
1944-10-22,145.27
1944-10-23,170.381
1944-10-24,197.871
1944-10-25,246.753
1944-10-26,286.438
1944-10-27,261.758
1944-10-28,174.443
1944-10-29,110.344
1944-10-30,101.315
1944-10-31,129.639
1944-11-01,209.295
1944-11-02,290.009
1944-11-03,344.91
1944-11-04,401.349
1944-11-05,415.578
1944-11-06,358.089
1944-11-07,297.641
1944-11-08,266.434
1944-11-09,254.604
1944-11-10,284.795
1944-11-11,307.662
1944-11-12,307.401
1944-11-13,343.098
1944-11-14,446.621
1944-11-15,608.441
1944-11-16,716.232
1944-11-17,735.275
1944-11-18,767.128
1944-11-19,794.732
1944-11-20,754.288
1944-11-21,673.172
1944-11-22,565.616
1944-11-23,434.101
1944-11-24,375.818
1944-11-25,499.801
1944-11-26,1021.369
1944-11-27,1175.17
1944-11-28,840.423
1944-11-29,628.382
1944-11-30,585.269
1944-12-01,622.013
1944-12-02,684.671
1944-12-03,759.587
1944-12-04,833.753
1944-12-05,838.752
1944-12-06,799.572
1944-12-07,764.474
1944-12-08,808.87
1944-12-09,905.343
1944-12-10,976.003
1944-12-11,993.694
1944-12-12,996.58
1944-12-13,1018.445
1944-12-14,1041.97
1944-12-15,969.302
1944-12-16,887.64
1944-12-17,918.233
1944-12-18,965.292
1944-12-19,961.222
1944-12-20,941.792
1944-12-21,860.627
1944-12-22,741.081
1944-12-23,712.407
1944-12-24,787.677
1944-12-25,837.864
1944-12-26,774.411
1944-12-27,723.897
1944-12-28,811.307
1944-12-29,929.952
1944-12-30,922.669
1944-12-31,900.649
1945-01-01,1062.297
1945-01-02,1587.852
1945-01-03,1680.496
1945-01-04,1318.717
1945-01-05,1127.977
1945-01-06,1013.349
1945-01-07,881.269
1945-01-08,950.15
1945-01-09,1370.026
1945-01-10,1361.316
1945-01-11,893.203
1945-01-12,576.66
1945-01-13,441.627
1945-01-14,375.564
1945-01-15,336.236
1945-01-16,337.281
1945-01-17,368.615
1945-01-18,396.706
1945-01-19,414.013
1945-01-20,406.52
1945-01-21,388.945
1945-01-22,353.333
1945-01-23,304.269
1945-01-24,284.68
1945-01-25,338.671
1945-01-26,420.365
1945-01-27,419.229
1945-01-28,368.358
1945-01-29,391.009
1945-01-30,466.389
1945-01-31,521.726
1945-02-01,608.485
1945-02-02,692.807
1945-02-03,712.978
1945-02-04,660.841
1945-02-05,609.375
1945-02-06,549.99
1945-02-07,494.774
1945-02-08,540.596
1945-02-09,664.718
1945-02-10,706.668
1945-02-11,633.622
1945-02-12,561.41
1945-02-13,585.51
1945-02-14,646.499
1945-02-15,709.581
1945-02-16,713.715
1945-02-17,626.704
1945-02-18,558.972
1945-02-19,604.423
1945-02-20,687.555
1945-02-21,733.521
1945-02-22,715.96
1945-02-23,659.814
1945-02-24,596.241
1945-02-25,546.198
1945-02-26,546.955
1945-02-27,637.043
1945-02-28,764.585
1945-03-01,833.902
1945-03-02,846.04
1945-03-03,861.425
1945-03-04,890.538
1945-03-05,979.768
1945-03-06,949.986
1945-03-07,793.275
1945-03-08,677.698
1945-03-09,649.955
1945-03-10,699.526
1945-03-11,749.187
1945-03-12,871.935
1945-03-13,1016.928
1945-03-14,1100.14
1945-03-15,1128.359
1945-03-16,1076.875
1945-03-17,1032.951
1945-03-18,1001.839
1945-03-19,983.914
1945-03-20,995.218
1945-03-21,1020.541
1945-03-22,998.959
1945-03-23,951.162
1945-03-24,881.378
1945-03-25,823.809
1945-03-26,799.972
1945-03-27,830.522
1945-03-28,912.912
1945-03-29,1003.08
1945-03-30,1062.567
1945-03-31,1165.551
1945-04-01,1298.58
1945-04-02,1325.537
1945-04-03,1149.502
1945-04-04,1011.853
1945-04-05,1013.008
1945-04-06,1078.919
1945-04-07,1221.214
1945-04-08,1332.318
1945-04-09,1417.963
1945-04-10,1536.159
1945-04-11,1627.595
1945-04-12,1638.578
1945-04-13,1547.072
1945-04-14,1475.609
1945-04-15,1448.445
1945-04-16,1358.788
1945-04-17,1232.937
1945-04-18,1119.282
1945-04-19,980.93
1945-04-20,897.902
1945-04-21,876.431
1945-04-22,849.433
1945-04-23,835.11
1945-04-24,855.587
1945-04-25,848.389
1945-04-26,786.531
1945-04-27,705.518
1945-04-28,681.326
1945-04-29,727.687
1945-04-30,785.755
1945-05-01,815.68
1945-05-02,801.021
1945-05-03,729.925
1945-05-04,641.055
1945-05-05,661.356
1945-05-06,885.582
1945-05-07,1431.592
1945-05-08,1519.523
1945-05-09,1098.817
1945-05-10,810.585
1945-05-11,666.346
1945-05-12,592.115
1945-05-13,581.42
1945-05-14,594.12
1945-05-15,601.801
1945-05-16,587.134
1945-05-17,530.452
1945-05-18,471.995
1945-05-19,467.954
1945-05-20,512.516
1945-05-21,565.855
1945-05-22,616.935
1945-05-23,632.6
1945-05-24,587.899
1945-05-25,523.667
1945-05-26,503.38
1945-05-27,519.887
1945-05-28,559.773
1945-05-29,614.256
1945-05-30,647.197
1945-05-31,614.48
1945-06-01,585.94
1945-06-02,615.123
1945-06-03,666.645
1945-06-04,684.95
1945-06-05,610.955
1945-06-06,490.724
1945-06-07,389.888
1945-06-08,330.663
1945-06-09,314.792
1945-06-10,332.403
1945-06-11,357.409
1945-06-12,405.571
1945-06-13,467.614
1945-06-14,494.428
1945-06-15,446.889
1945-06-16,367.642
1945-06-17,298.241
1945-06-18,245.924
1945-06-19,216.27
1945-06-20,203.471
1945-06-21,197.39
1945-06-22,192.926
1945-06-23,189.281
1945-06-24,186.198
1945-06-25,183.423
1945-06-26,181.555
1945-06-27,178.765
1945-06-28,175.506
1945-06-29,168.999
1945-06-30,163.451
1945-07-01,161.488
1945-07-02,162.53
1945-07-03,164.926
1945-07-04,173.67
1945-07-05,188.877
1945-07-06,187.252
1945-07-07,166.257
1945-07-08,149.447
1945-07-09,140.139
1945-07-10,133.678
1945-07-11,128.462
1945-07-12,124.609
1945-07-13,122.125
1945-07-14,121.268
1945-07-15,121.716
1945-07-16,124.668
1945-07-17,130.801
1945-07-18,136.508
1945-07-19,135.49
1945-07-20,126.466
1945-07-21,115.09
1945-07-22,105.696
1945-07-23,99.503
1945-07-24,96.299
1945-07-25,95.512
1945-07-26,97.395
1945-07-27,99.109
1945-07-28,95.163
1945-07-29,89.052
1945-07-30,85.274
1945-07-31,83.156
1945-08-01,81.694
1945-08-02,80.363
1945-08-03,78.64
1945-08-04,77.033
1945-08-05,75.8
1945-08-06,74.543
1945-08-07,73.069
1945-08-08,71.51
1945-08-09,69.965
1945-08-10,68.666
1945-08-11,67.958
1945-08-12,67.835
1945-08-13,66.766
1945-08-14,66.005
1945-08-15,65.736
1945-08-16,64.703
1945-08-17,63.242
1945-08-18,62.276
1945-08-19,62.38
1945-08-20,62.03
1945-08-21,59.932
1945-08-22,60.225
1945-08-23,68.403
1945-08-24,72.34
1945-08-25,64.411
1945-08-26,56.485
1945-08-27,56.991
1945-08-28,66.504
1945-08-29,80.147
1945-08-30,92.517
1945-08-31,90.097
1945-09-01,78.325
1945-09-02,71.232
1945-09-03,64.52
1945-09-04,59.449
1945-09-05,62.456
1945-09-06,65.394
1945-09-07,59.012
1945-09-08,50.124
1945-09-09,45.716
1945-09-10,44.828
1945-09-11,45.721
1945-09-12,48.689
1945-09-13,50.699
1945-09-14,46.658
1945-09-15,41.318
1945-09-16,38.277
1945-09-17,37.109
1945-09-18,36.815
1945-09-19,36.461
1945-09-20,35.962
1945-09-21,36.177
1945-09-22,35.895
1945-09-23,34.277
1945-09-24,32.891
1945-09-25,32.524
1945-09-26,32.398
1945-09-27,32.657
1945-09-28,33.818
1945-09-29,35.698
1945-09-30,41.605
1945-10-01,48.159
1945-10-02,49.355
1945-10-03,52.108
1945-10-04,56.915
1945-10-05,59.29
1945-10-06,60.983
1945-10-07,69.556
1945-10-08,103.746
1945-10-09,133.262
1945-10-10,150.67
1945-10-11,183.937
1945-10-12,208.478
1945-10-13,219.24
1945-10-14,206.316
1945-10-15,169.232
1945-10-16,132.129
1945-10-17,94.73
1945-10-18,62.174
1945-10-19,42.355
1945-10-20,34.542
1945-10-21,33.968
1945-10-22,35.345
1945-10-23,36.81
1945-10-24,41.785
1945-10-25,51.518
1945-10-26,68.242
1945-10-27,109.248
1945-10-28,157.828
1945-10-29,182.558
1945-10-30,234.852
1945-10-31,350.615
1945-11-01,509.608
1945-11-02,874.853
1945-11-03,1035.122
1945-11-04,902.026
1945-11-05,796.861
1945-11-06,697.952
1945-11-07,646.501
1945-11-08,632.918
1945-11-09,641.175
1945-11-10,590.248
1945-11-11,456.481
1945-11-12,379.57
1945-11-13,304.38
1945-11-14,205.032
1945-11-15,159.574
1945-11-16,179.515
1945-11-17,235.719
1945-11-18,315.128
1945-11-19,345.556
1945-11-20,339.058
1945-11-21,367.018
1945-11-22,389.24
1945-11-23,346.998
1945-11-24,339.064
1945-11-25,441.57
1945-11-26,610.278
1945-11-27,678.192
1945-11-28,692.255
1945-11-29,696.975
1945-11-30,630.908
1945-12-01,521.515
1945-12-02,454.586
1945-12-03,438.271
1945-12-04,494.258
1945-12-05,490.699
1945-12-06,447.355
1945-12-07,483.393
1945-12-08,563.255
1945-12-09,624.954
1945-12-10,633.954
1945-12-11,640.92
1945-12-12,619.505
1945-12-13,665.992
1945-12-14,793.334
1945-12-15,940.32
1945-12-16,971.357
1945-12-17,921.272
1945-12-18,907.095
1945-12-19,889.538
1945-12-20,833.657
1945-12-21,748.834
1945-12-22,670.834
1945-12-23,669.445
1945-12-24,636.745
1945-12-25,518.38
1945-12-26,412.365
1945-12-27,355.822
1945-12-28,397.9
1945-12-29,533.729
1945-12-30,574.016
1945-12-31,546.472
1946-01-01,563.075
1946-01-02,656.68
1946-01-03,721.337
1946-01-04,713.812
1946-01-05,717.035
1946-01-06,744.876
1946-01-07,703.353
1946-01-08,563.143
1946-01-09,407.002
1946-01-10,304.218
1946-01-11,262.818
1946-01-12,269.527
1946-01-13,322.299
1946-01-14,385.898
1946-01-15,416.885
1946-01-16,406.106
1946-01-17,383.014
1946-01-18,389.298
1946-01-19,439.343
1946-01-20,531.592
1946-01-21,615.806
1946-01-22,661.108
1946-01-23,681.95
1946-01-24,687.6
1946-01-25,700.082
1946-01-26,734.148
1946-01-27,752.703
1946-01-28,710.609
1946-01-29,599.397
1946-01-30,483.511
1946-01-31,383.019
1946-02-01,309.238
1946-02-02,265.553
1946-02-03,240.704
1946-02-04,227.772
1946-02-05,235.217
1946-02-06,260.038
1946-02-07,291.075
1946-02-08,337.748
1946-02-09,387.898
1946-02-10,424.501
1946-02-11,412.866
1946-02-12,420.887
1946-02-13,458.771
1946-02-14,487.095
1946-02-15,583.196
1946-02-16,923.101
1946-02-17,947.88
1946-02-18,614.12
1946-02-19,390.278
1946-02-20,299.148
1946-02-21,283.988
1946-02-22,323.61
1946-02-23,392.585
1946-02-24,478.284
1946-02-25,558.267
1946-02-26,558.504
1946-02-27,469.832
1946-02-28,356.363
1946-03-01,275.822
1946-03-02,270.979
1946-03-03,303.166
1946-03-04,329.43
1946-03-05,361.321
1946-03-06,423.749
1946-03-07,471.312
1946-03-08,437.283
1946-03-09,346.615
1946-03-10,253.775
1946-03-11,214.226
1946-03-12,281.157
1946-03-13,479.27
1946-03-14,607.828
1946-03-15,736.11
1946-03-16,809.685
1946-03-17,753.834
1946-03-18,716.011
1946-03-19,724.118
1946-03-20,749.137
1946-03-21,896.239
1946-03-22,1145.584
1946-03-23,1321.098
1946-03-24,1200.058
1946-03-25,894.424
1946-03-26,668.685
1946-03-27,554.043
1946-03-28,584.314
1946-03-29,709.965
1946-03-30,771.939
1946-03-31,748.568
1946-04-01,698.345
1946-04-02,630.631
1946-04-03,574.558
1946-04-04,550.141
1946-04-05,572.449
1946-04-06,529.075
1946-04-07,469.12
1946-04-08,481.348
1946-04-09,521.15
1946-04-10,610.515
1946-04-11,784.317
1946-04-12,859.527
1946-04-13,747.648
1946-04-14,596.408
1946-04-15,546.826
1946-04-16,551.427
1946-04-17,559.719
1946-04-18,692.289
1946-04-19,1230.072
1946-04-20,1446.162
1946-04-21,1095.71
1946-04-22,879.474
1946-04-23,907.065
1946-04-24,956.652
1946-04-25,996.089
1946-04-26,1068.513
1946-04-27,1100.124
1946-04-28,1030.39
1946-04-29,968.52
1946-04-30,991.517
1946-05-01,1046.847
1946-05-02,1143.583
1946-05-03,1217.208
1946-05-04,1430.195
1946-05-05,1425.394
1946-05-06,1221.282
1946-05-07,1177.625
1946-05-08,1038.834
1946-05-09,922.957
1946-05-10,896.457
1946-05-11,831.853
1946-05-12,732.08
1946-05-13,658.135
1946-05-14,634.911
1946-05-15,635.159
1946-05-16,595.9
1946-05-17,548.963
1946-05-18,518.441
1946-05-19,498.369
1946-05-20,482.232
1946-05-21,472.269
1946-05-22,491.875
1946-05-23,561.618
1946-05-24,727.591
1946-05-25,875.075
1946-05-26,905.11
1946-05-27,839.81
1946-05-28,753.815
1946-05-29,643.13
1946-05-30,539.007
1946-05-31,497.012
1946-06-01,550.032
1946-06-02,636.128
1946-06-03,664.821
1946-06-04,667.371
1946-06-05,656.533
1946-06-06,635.423
1946-06-07,628.443
1946-06-08,608.793
1946-06-09,571.07
1946-06-10,501.92
1946-06-11,435.138
1946-06-12,419.395
1946-06-13,428.013
1946-06-14,427.572
1946-06-15,412.543
1946-06-16,394.779
1946-06-17,398.89
1946-06-18,428.65
1946-06-19,426.502
1946-06-20,394.195
1946-06-21,378.682
1946-06-22,389.804
1946-06-23,396.85
1946-06-24,357.858
1946-06-25,323.085
1946-06-26,349.788
1946-06-27,392.573
1946-06-28,417.05
1946-06-29,411.106
1946-06-30,393.87
1946-07-01,379.941
1946-07-02,388.658
1946-07-03,405.456
1946-07-04,426.283
1946-07-05,445.489
1946-07-06,432.703
1946-07-07,383.959
1946-07-08,346.194
1946-07-09,308.84
1946-07-10,257.843
1946-07-11,217.86
1946-07-12,198.212
1946-07-13,191.274
1946-07-14,195.103
1946-07-15,194.354
1946-07-16,189.867
1946-07-17,180.047
1946-07-18,174.688
1946-07-19,169.015
1946-07-20,161.06
1946-07-21,154.242
1946-07-22,150.382
1946-07-23,147.418
1946-07-24,145.148
1946-07-25,148.934
1946-07-26,158.975
1946-07-27,167.02
1946-07-28,158.202
1946-07-29,137.984
1946-07-30,123.476
1946-07-31,116.575
1946-08-01,113.379
1946-08-02,111.234
1946-08-03,109.531
1946-08-04,106.523
1946-08-05,104.29
1946-08-06,100.542
1946-08-07,96.772
1946-08-08,94.33
1946-08-09,93.154
1946-08-10,94.408
1946-08-11,102.48
1946-08-12,104.733
1946-08-13,99.846
1946-08-14,96.358
1946-08-15,88.568
1946-08-16,82.943
1946-08-17,79.424
1946-08-18,76.142
1946-08-19,73.261
1946-08-20,71.324
1946-08-21,70.359
1946-08-22,69.028
1946-08-23,66.998
1946-08-24,66.435
1946-08-25,72.257
1946-08-26,75.348
1946-08-27,69.741
1946-08-28,63.575
1946-08-29,61.185
1946-08-30,59.772
1946-08-31,57.559
1946-09-01,55.567
1946-09-02,54.103
1946-09-03,52.85
1946-09-04,51.882
1946-09-05,51.25
1946-09-06,51.24
1946-09-07,51.581
1946-09-08,52.196
1946-09-09,54.963
1946-09-10,57.888
1946-09-11,59.579
1946-09-12,60.121
1946-09-13,61.787
1946-09-14,59.705
1946-09-15,58.126
1946-09-16,64.902
1946-09-17,94.533
1946-09-18,171.803
1946-09-19,484.365
1946-09-20,581.462
1946-09-21,383.488
1946-09-22,279.446
1946-09-23,238.535
1946-09-24,206.022
1946-09-25,270.488
1946-09-26,488.032
1946-09-27,568.229
1946-09-28,498.963
1946-09-29,480.87
1946-09-30,466.232
1946-10-01,387.449
1946-10-02,267.071
1946-10-03,172.241
1946-10-04,133.621
1946-10-05,133.138
1946-10-06,146.256
1946-10-07,165.207
1946-10-08,166.353
1946-10-09,161.394
1946-10-10,170.624
1946-10-11,178.027
1946-10-12,180.937
1946-10-13,192.088
1946-10-14,215.53
1946-10-15,270.041
1946-10-16,367.138
1946-10-17,475.866
1946-10-18,572.298
1946-10-19,646.542
1946-10-20,641.212
1946-10-21,608.894
1946-10-22,635.885
1946-10-23,772.55
1946-10-24,931.465
1946-10-25,1294.591
1946-10-26,1418.558
1946-10-27,1164.218
1946-10-28,999.528
1946-10-29,933.914
1946-10-30,853.927
1946-10-31,810.707
1946-11-01,862.093
1946-11-02,1055.128
1946-11-03,1223.779
1946-11-04,1174.009
1946-11-05,997.195
1946-11-06,1070.311
1946-11-07,1611.117
1946-11-08,1832.337
1946-11-09,1515.684
1946-11-10,1229.145
1946-11-11,1087.204
1946-11-12,1016.735
1946-11-13,996.411
1946-11-14,1010.455
1946-11-15,913.255
1946-11-16,779.006
1946-11-17,796.563
1946-11-18,944.565
1946-11-19,1082.754
1946-11-20,1078.472
1946-11-21,958.858
1946-11-22,898.738
1946-11-23,977.328
1946-11-24,1048.783
1946-11-25,1024.943
1946-11-26,1061.79
1946-11-27,1158.981
1946-11-28,1280.776
1946-11-29,1448.315
1946-11-30,1613.733
1946-12-01,1690.514
1946-12-02,1545.903
1946-12-03,1372.703
1946-12-04,1340.52
1946-12-05,1383.505
1946-12-06,1338.222
1946-12-07,1161.628
1946-12-08,954.95
1946-12-09,809.423
1946-12-10,738.253
1946-12-11,704.853
1946-12-12,689.84
1946-12-13,686.262
1946-12-14,674.151
1946-12-15,686.312
1946-12-16,746.563
1946-12-17,867.512
1946-12-18,972.739
1946-12-19,1000.566
1946-12-20,964.774
1946-12-21,886.265
1946-12-22,751.647
1946-12-23,638.74
1946-12-24,651.828
1946-12-25,791.477
1946-12-26,966.974
1946-12-27,1091.196
1946-12-28,1171.275
1946-12-29,1224.061
1946-12-30,1168.987
1946-12-31,1082.645
1947-01-01,1076.446
1947-01-02,1211.607
1947-01-03,1376.346
1947-01-04,1371.313
1947-01-05,1188.923
1947-01-06,979.369
1947-01-07,836.988
1947-01-08,743.233
1947-01-09,688.905
1947-01-10,679.53
1947-01-11,683.389
1947-01-12,673.799
1947-01-13,653.501
1947-01-14,659.851
1947-01-15,699.135
1947-01-16,691.175
1947-01-17,628.353
1947-01-18,595.175
1947-01-19,638.59
1947-01-20,711.25
1947-01-21,776.554
1947-01-22,903.016
1947-01-23,1002.937
1947-01-24,1098.802
1947-01-25,1217.683
1947-01-26,1157.891
1947-01-27,1034.768
1947-01-28,1063.741
1947-01-29,1207.283
1947-01-30,1301.152
1947-01-31,1349.456
1947-02-01,1357.799
1947-02-02,1501.925
1947-02-03,1837.685
1947-02-04,1900.854
1947-02-05,1711.934
1947-02-06,1607.27
1947-02-07,1561.763
1947-02-08,1471.645
1947-02-09,1343.765
1947-02-10,1217.122
1947-02-11,1121.365
1947-02-12,1039.95
1947-02-13,996.121
1947-02-14,995.275
1947-02-15,999.829
1947-02-16,1040.91
1947-02-17,1111.872
1947-02-18,1192.758
1947-02-19,1253.87
1947-02-20,1257.297
1947-02-21,1225.827
1947-02-22,1216.901
1947-02-23,1628.287
1947-02-24,2208.046
1947-02-25,2115.612
1947-02-26,1676.637
1947-02-27,1425.07
1947-02-28,1388.53
1947-03-01,1711.34
1947-03-02,1831.558
1947-03-03,1520.72
1947-03-04,1336.968
1947-03-05,1549.411
1947-03-06,1533.516
1947-03-07,1226.567
1947-03-08,1047.249
1947-03-09,948.296
1947-03-10,916.032
1947-03-11,933.947
1947-03-12,1046.936
1947-03-13,1196.288
1947-03-14,1318.278
1947-03-15,1404.21
1947-03-16,1560.958
1947-03-17,1852.681
1947-03-18,1864.944
1947-03-19,1642.212
1947-03-20,1525.602
1947-03-21,1434.13
1947-03-22,1381.255
1947-03-23,1347.735
1947-03-24,1354.713
1947-03-25,1461.221
1947-03-26,1545.089
1947-03-27,1639.615
1947-03-28,1744.599
1947-03-29,1909.584
1947-03-30,1884.78
1947-03-31,1779.044
1947-04-01,1958.481
1947-04-02,2417.935
1947-04-03,2917.561
1947-04-04,2906.441
1947-04-05,2939.325
1947-04-06,2992.695
1947-04-07,2703.008
1947-04-08,2501.401
1947-04-09,2483.935
1947-04-10,2420.502
1947-04-11,2245.069
1947-04-12,2113.538
1947-04-13,2077.761
1947-04-14,2083.397
1947-04-15,2120.624
1947-04-16,2173.158
1947-04-17,2167.803
1947-04-18,2081.625
1947-04-19,1988.838
1947-04-20,1904.408
1947-04-21,1831.347
1947-04-22,1672.92
1947-04-23,1432.857
1947-04-24,1270.115
1947-04-25,1262.659
1947-04-26,1349.076
1947-04-27,1416.207
1947-04-28,1470.61
1947-04-29,1531.74
1947-04-30,1510.762
1947-05-01,1479.276
1947-05-02,1764.685
1947-05-03,1868.48
1947-05-04,1670.242
1947-05-05,1618.284
1947-05-06,1742.503
1947-05-07,1990.755
1947-05-08,2085.835
1947-05-09,2098.065
1947-05-10,2019.818
1947-05-11,1776.956
1947-05-12,1554.536
1947-05-13,1493.512
1947-05-14,1649.535
1947-05-15,1880.575
1947-05-16,1935.901
1947-05-17,1782.712
1947-05-18,1685.705
1947-05-19,1710.739
1947-05-20,1749.282
1947-05-21,1711.64
1947-05-22,1788.141
1947-05-23,1914.494
1947-05-24,1913.627
1947-05-25,1803.453
1947-05-26,1685.747
1947-05-27,1589.477
1947-05-28,1490.794
1947-05-29,1382.28
1947-05-30,1305.312
1947-05-31,1212.526
1947-06-01,1064.142
1947-06-02,931.66
1947-06-03,850.135
1947-06-04,797.121
1947-06-05,761.472
1947-06-06,728.062
1947-06-07,693.62
1947-06-08,662.732
1947-06-09,636.201
1947-06-10,605.468
1947-06-11,577.867
1947-06-12,549.956
1947-06-13,521.993
1947-06-14,499.931
1947-06-15,488.824
1947-06-16,495.392
1947-06-17,527.439
1947-06-18,563.246
1947-06-19,524.318
1947-06-20,448.244
1947-06-21,409.232
1947-06-22,403.818
1947-06-23,402.671
1947-06-24,391.875
1947-06-25,378.792
1947-06-26,355.8
1947-06-27,328.881
1947-06-28,310.554
1947-06-29,299.551
1947-06-30,293.108
1947-07-01,290.906
1947-07-02,287.17
1947-07-03,276.006
1947-07-04,262.416
1947-07-05,251.765
1947-07-06,243.575
1947-07-07,236.385
1947-07-08,230.306
1947-07-09,226.009
1947-07-10,223.015
1947-07-11,221.452
1947-07-12,220.87
1947-07-13,214.079
1947-07-14,203.851
1947-07-15,195.145
1947-07-16,189.238
1947-07-17,184.646
1947-07-18,179.813
1947-07-19,175.411
1947-07-20,172.619
1947-07-21,170.192
1947-07-22,168.097
1947-07-23,164.668
1947-07-24,159.254
1947-07-25,154.568
1947-07-26,151.255
1947-07-27,150.854
1947-07-28,157.388
1947-07-29,170.21
1947-07-30,180.519
1947-07-31,177.723
1947-08-01,165.353
1947-08-02,187.588
1947-08-03,192.08
1947-08-04,158.002
1947-08-05,133.995
1947-08-06,128.158
1947-08-07,130.713
1947-08-08,128.295
1947-08-09,121.395
1947-08-10,114.98
1947-08-11,109.875
1947-08-12,106.885
1947-08-13,105.079
1947-08-14,103.83
1947-08-15,103.405
1947-08-16,103.444
1947-08-17,101.438
1947-08-18,98.507
1947-08-19,96.957
1947-08-20,97.162
1947-08-21,101.177
1947-08-22,108.507
1947-08-23,106.207
1947-08-24,95.904
1947-08-25,89.151
1947-08-26,91.994
1947-08-27,101.343
1947-08-28,102.248
1947-08-29,92.581
1947-08-30,84.5
1947-08-31,79.096
1947-09-01,75.518
1947-09-02,73.523
1947-09-03,74.624
1947-09-04,86.026
1947-09-05,103.212
1947-09-06,101.289
1947-09-07,86.443
1947-09-08,76.218
1947-09-09,72.038
1947-09-10,69.514
1947-09-11,67.241
1947-09-12,64.53
1947-09-13,62.626
1947-09-14,62.3
1947-09-15,64.172
1947-09-16,66.257
1947-09-17,70.191
1947-09-18,73.251
1947-09-19,68.469
1947-09-20,60.844
1947-09-21,56.411
1947-09-22,54.37
1947-09-23,53.365
1947-09-24,55.171
1947-09-25,65.496
1947-09-26,86.037
1947-09-27,87.799
1947-09-28,74.74
1947-09-29,65.231
1947-09-30,56.85
1947-10-01,51.368
1947-10-02,48.365
1947-10-03,48.509
1947-10-04,49.015
1947-10-05,47.841
1947-10-06,46.31
1947-10-07,45.53
1947-10-08,47.815
1947-10-09,51.558
1947-10-10,51.897
1947-10-11,53.265
1947-10-12,51.626
1947-10-13,46.892
1947-10-14,43.517
1947-10-15,43.247
1947-10-16,47.956
1947-10-17,64.45
1947-10-18,91.3
1947-10-19,122.319
1947-10-20,151.167
1947-10-21,159.437
1947-10-22,134.565
1947-10-23,95.504
1947-10-24,64.345
1947-10-25,48.539
1947-10-26,47.428
1947-10-27,59.441
1947-10-28,73.959
1947-10-29,82.448
1947-10-30,94.703
1947-10-31,124.959
1947-11-01,157.382
1947-11-02,170.285
1947-11-03,170.199
1947-11-04,183.64
1947-11-05,219.098
1947-11-06,245.167
1947-11-07,251.801
1947-11-08,262.073
1947-11-09,257.273
1947-11-10,236.854
1947-11-11,222.513
1947-11-12,200.892
1947-11-13,209.57
1947-11-14,209.589
1947-11-15,224.3
1947-11-16,234.17
1947-11-17,232.725
1947-11-18,214.052
1947-11-19,205.171
1947-11-20,225.154
1947-11-21,229.949
1947-11-22,269.203
1947-11-23,402.915
1947-11-24,504.079
1947-11-25,567.65
1947-11-26,680.67
1947-11-27,828.612
1947-11-28,874.589
1947-11-29,808.097
1947-11-30,752.708
1947-12-01,775.37
1947-12-02,781.981
1947-12-03,761.749
1947-12-04,766.273
1947-12-05,876.21
1947-12-06,1027.741
1947-12-07,1044.216
1947-12-08,936.371
1947-12-09,767.02
1947-12-10,748.831
1947-12-11,839.488
1947-12-12,947.034
1947-12-13,1012.843
1947-12-14,1174.176
1947-12-15,1307.188
1947-12-16,1273.743
1947-12-17,1179.132
1947-12-18,1111.104
1947-12-19,1137.555
1947-12-20,1250.385
1947-12-21,1431.065
1947-12-22,1455.248
1947-12-23,1384.9
1947-12-24,1471.447
1947-12-25,1447.179
1947-12-26,1280.811
1947-12-27,1117.602
1947-12-28,1030.93
1947-12-29,1040.121
1947-12-30,1099.582
1947-12-31,1200.297
1948-01-01,1270.998
1948-01-02,1339.376
1948-01-03,1313.986
1948-01-04,1148.251
1948-01-05,1023.289
1948-01-06,1017.486
1948-01-07,1092.252
1948-01-08,1280.031
1948-01-09,1463.863
1948-01-10,1444.327
1948-01-11,1267.872
1948-01-12,1086.979
1948-01-13,991.552
1948-01-14,1022.177
1948-01-15,1082.211
1948-01-16,1061.842
1948-01-17,975.964
1948-01-18,873.101
1948-01-19,802.761
1948-01-20,796.95
1948-01-21,854.079
1948-01-22,956.627
1948-01-23,1064.943
1948-01-24,1158.896
1948-01-25,1137.205
1948-01-26,1032.083
1948-01-27,1032.692
1948-01-28,1142.685
1948-01-29,1262.541
1948-01-30,1300.708
1948-01-31,1250.077
1948-02-01,1151.454
1948-02-02,1123.382
1948-02-03,1128.656
1948-02-04,1121.991
1948-02-05,1173.302
1948-02-06,1282.804
1948-02-07,1418.228
1948-02-08,1430.698
1948-02-09,1494.835
1948-02-10,1669.931
1948-02-11,1834.595
1948-02-12,1852.134
1948-02-13,1789.299
1948-02-14,1684.567
1948-02-15,1698.778
1948-02-16,2136.525
1948-02-17,2878.234
1948-02-18,3144.951
1948-02-19,2958.813
1948-02-20,2682.712
1948-02-21,2356.041
1948-02-22,2193.183
1948-02-23,2249.728
1948-02-24,2150.803
1948-02-25,1994.272
1948-02-26,1927.913
1948-02-27,1921.705
1948-02-28,1904.36
1948-02-29,1808.29
1948-03-01,1760.456
1948-03-02,1795.151
1948-03-03,1945.225
1948-03-04,2107.628
1948-03-05,2072.968
1948-03-06,1877.795
1948-03-07,1643.672
1948-03-08,1484.149
1948-03-09,1403.692
1948-03-10,1370.324
1948-03-11,1417.237
1948-03-12,1458.612
1948-03-13,1417.069
1948-03-14,1333.547
1948-03-15,1315.346
1948-03-16,1339.492
1948-03-17,1419.38
1948-03-18,1404.338
1948-03-19,1485.976
1948-03-20,1769.272
1948-03-21,1957.853
1948-03-22,1873.648
1948-03-23,1717.813
1948-03-24,1612.4
1948-03-25,1612.803
1948-03-26,1613.095
1948-03-27,1565.768
1948-03-28,1513.373
1948-03-29,1492.692
1948-03-30,1531.401
1948-03-31,1627.95
1948-04-01,1719.975
1948-04-02,1735.38
1948-04-03,1680.768
1948-04-04,1536.946
1948-04-05,1360.901
1948-04-06,1225.978
1948-04-07,1151.449
1948-04-08,1130.469
1948-04-09,1172.331
1948-04-10,1311.029
1948-04-11,1441.526
1948-04-12,1453.296
1948-04-13,1366.057
1948-04-14,1329.527
1948-04-15,1288.945
1948-04-16,1183.687
1948-04-17,1053.0
1948-04-18,1035.344
1948-04-19,1197.995
1948-04-20,1214.06
1948-04-21,1133.35
1948-04-22,1157.857
1948-04-23,1223.618
1948-04-24,1304.701
1948-04-25,1457.557
1948-04-26,1554.302
1948-04-27,1472.584
1948-04-28,1289.592
1948-04-29,1086.675
1948-04-30,999.687
1948-05-01,985.676
1948-05-02,987.019
1948-05-03,979.079
1948-05-04,965.441
1948-05-05,959.7
1948-05-06,986.559
1948-05-07,1017.573
1948-05-08,1046.403
1948-05-09,1110.223
1948-05-10,1153.066
1948-05-11,1203.14
1948-05-12,1264.037
1948-05-13,1338.172
1948-05-14,1374.585
1948-05-15,1351.112
1948-05-16,1330.189
1948-05-17,1273.26
1948-05-18,1235.34
1948-05-19,1300.184
1948-05-20,1377.605
1948-05-21,1426.737
1948-05-22,1394.785
1948-05-23,1333.303
1948-05-24,1289.246
1948-05-25,1188.618
1948-05-26,1088.464
1948-05-27,1028.813
1948-05-28,984.736
1948-05-29,961.799
1948-05-30,924.057
1948-05-31,829.425
1948-06-01,721.974
1948-06-02,650.75
1948-06-03,612.533
1948-06-04,585.478
1948-06-05,558.935
1948-06-06,532.345
1948-06-07,507.232
1948-06-08,484.836
1948-06-09,466.611
1948-06-10,451.936
1948-06-11,439.882
1948-06-12,430.521
1948-06-13,427.318
1948-06-14,424.1
1948-06-15,402.422
1948-06-16,374.436
1948-06-17,356.366
1948-06-18,345.509
1948-06-19,335.472
1948-06-20,324.771
1948-06-21,316.073
1948-06-22,310.478
1948-06-23,306.943
1948-06-24,302.857
1948-06-25,297.041
1948-06-26,287.035
1948-06-27,274.305
1948-06-28,263.767
1948-06-29,258.711
1948-06-30,253.7
1948-07-01,251.417
1948-07-02,269.54
1948-07-03,299.07
1948-07-04,328.512
1948-07-05,356.594
1948-07-06,348.326
1948-07-07,286.824
1948-07-08,230.736
1948-07-09,210.335
1948-07-10,212.196
1948-07-11,216.515
1948-07-12,211.543
1948-07-13,205.447
1948-07-14,202.784
1948-07-15,194.095
1948-07-16,183.885
1948-07-17,178.112
1948-07-18,172.68
1948-07-19,167.389
1948-07-20,162.451
1948-07-21,157.517
1948-07-22,153.405
1948-07-23,150.068
1948-07-24,147.158
1948-07-25,144.374
1948-07-26,142.27
1948-07-27,139.454
1948-07-28,136.379
1948-07-29,133.988
1948-07-30,131.815
1948-07-31,128.745
1948-08-01,125.75
1948-08-02,123.037
1948-08-03,120.453
1948-08-04,117.902
1948-08-05,115.532
1948-08-06,113.959
1948-08-07,112.828
1948-08-08,111.593
1948-08-09,109.765
1948-08-10,108.299
1948-08-11,108.047
1948-08-12,108.352
1948-08-13,105.888
1948-08-14,101.914
1948-08-15,100.484
1948-08-16,100.917
1948-08-17,103.123
1948-08-18,101.386
1948-08-19,98.652
1948-08-20,99.238
1948-08-21,99.575
1948-08-22,96.885
1948-08-23,93.101
1948-08-24,98.468
1948-08-25,116.267
1948-08-26,121.312
1948-08-27,115.277
1948-08-28,109.045
1948-08-29,105.925
1948-08-30,114.675
1948-08-31,125.812
1948-09-01,118.363
1948-09-02,96.805
1948-09-03,82.646
1948-09-04,84.118
1948-09-05,98.213
1948-09-06,112.373
1948-09-07,120.621
1948-09-08,128.985
1948-09-09,138.414
1948-09-10,135.541
1948-09-11,118.19
1948-09-12,96.496
1948-09-13,89.428
1948-09-14,92.534
1948-09-15,102.155
1948-09-16,123.31
1948-09-17,152.003
1948-09-18,154.718
1948-09-19,137.916
1948-09-20,125.459
1948-09-21,124.222
1948-09-22,128.843
1948-09-23,146.895
1948-09-24,159.305
1948-09-25,179.502
1948-09-26,234.484
1948-09-27,288.638
1948-09-28,315.139
1948-09-29,316.981
1948-09-30,326.597
1948-10-01,351.599
1948-10-02,350.001
1948-10-03,289.507
1948-10-04,215.207
1948-10-05,165.969
1948-10-06,144.625
1948-10-07,184.722
1948-10-08,280.582
1948-10-09,379.152
1948-10-10,414.43
1948-10-11,432.943
1948-10-12,485.151
1948-10-13,495.302
1948-10-14,448.369
1948-10-15,411.06
1948-10-16,395.443
1948-10-17,367.325
1948-10-18,358.084
1948-10-19,371.913
1948-10-20,405.472
1948-10-21,467.405
1948-10-22,567.985
1948-10-23,714.365
1948-10-24,856.586
1948-10-25,859.31
1948-10-26,806.872
1948-10-27,758.86
1948-10-28,748.489
1948-10-29,917.676
1948-10-30,1160.004
1948-10-31,1227.833
1948-11-01,1070.924
1948-11-02,864.952
1948-11-03,778.846
1948-11-04,786.982
1948-11-05,831.374
1948-11-06,881.877
1948-11-07,860.895
1948-11-08,933.092
1948-11-09,1074.377
1948-11-10,1079.983
1948-11-11,1039.13
1948-11-12,1013.541
1948-11-13,927.801
1948-11-14,809.108
1948-11-15,700.725
1948-11-16,652.567
1948-11-17,708.573
1948-11-18,806.224
1948-11-19,875.889
1948-11-20,822.657
1948-11-21,653.268
1948-11-22,515.679
1948-11-23,457.735
1948-11-24,428.342
1948-11-25,450.929
1948-11-26,515.416
1948-11-27,600.208
1948-11-28,695.907
1948-11-29,819.233
1948-11-30,862.398
1948-12-01,786.803
1948-12-02,723.323
1948-12-03,716.499
1948-12-04,823.017
1948-12-05,913.697
1948-12-06,897.444
1948-12-07,874.947
1948-12-08,902.136
1948-12-09,908.509
1948-12-10,864.659
1948-12-11,822.236
1948-12-12,829.106
1948-12-13,857.851
1948-12-14,826.135
1948-12-15,821.372
1948-12-16,866.475
1948-12-17,821.412
1948-12-18,743.578
1948-12-19,689.91
1948-12-20,676.749
1948-12-21,633.178
1948-12-22,575.628
1948-12-23,576.556
1948-12-24,619.395
1948-12-25,650.505
1948-12-26,686.347
1948-12-27,804.458
1948-12-28,990.753
1948-12-29,1148.22
1948-12-30,1240.105
1948-12-31,1167.432
1949-01-01,1004.763
1949-01-02,932.246
1949-01-03,955.541
1949-01-04,1049.12
1949-01-05,1166.64
1949-01-06,1185.767
1949-01-07,1162.655
1949-01-08,1090.881
1949-01-09,1015.163
1949-01-10,1020.942
1949-01-11,1045.482
1949-01-12,1033.593
1949-01-13,1037.989
1949-01-14,1075.537
1949-01-15,1123.907
1949-01-16,1157.979
1949-01-17,1212.475
1949-01-18,1252.381
1949-01-19,1365.092
1949-01-20,1450.557
1949-01-21,1493.335
1949-01-22,1501.523
1949-01-23,1390.008
1949-01-24,1248.426
1949-01-25,1136.63
1949-01-26,1081.018
1949-01-27,1086.756
1949-01-28,1092.022
1949-01-29,1067.057
1949-01-30,1087.193
1949-01-31,1173.526
1949-02-01,1192.837
1949-02-02,1168.362
1949-02-03,1108.494
1949-02-04,983.121
1949-02-05,856.897
1949-02-06,777.762
1949-02-07,752.479
1949-02-08,778.63
1949-02-09,865.287
1949-02-10,967.402
1949-02-11,990.03
1949-02-12,983.15
1949-02-13,1015.937
1949-02-14,1024.788
1949-02-15,1053.913
1949-02-16,1168.377
1949-02-17,1247.858
1949-02-18,1219.798
1949-02-19,1136.648
1949-02-20,1091.623
1949-02-21,1156.662
1949-02-22,1277.98
1949-02-23,1380.119
1949-02-24,1374.022
1949-02-25,1328.665
1949-02-26,1280.072
1949-02-27,1257.847
1949-02-28,1273.619
1949-03-01,1444.661
1949-03-02,1753.129
1949-03-03,1800.496
1949-03-04,1696.652
1949-03-05,1689.219
1949-03-06,1705.292
1949-03-07,1739.359
1949-03-08,1801.313
1949-03-09,1843.755
1949-03-10,2004.509
1949-03-11,2082.518
1949-03-12,1748.062
1949-03-13,1348.774
1949-03-14,1160.383
1949-03-15,1105.902
1949-03-16,1103.108
1949-03-17,1150.308
1949-03-18,1126.342
1949-03-19,979.354
1949-03-20,923.33
1949-03-21,1005.878
1949-03-22,1354.079
1949-03-23,1413.854
1949-03-24,1140.272
1949-03-25,985.827
1949-03-26,966.714
1949-03-27,1009.063
1949-03-28,1088.974
1949-03-29,1103.746
1949-03-30,1006.038
1949-03-31,897.236
1949-04-01,846.384
1949-04-02,869.204
1949-04-03,939.757
1949-04-04,1036.57
1949-04-05,1152.055
1949-04-06,1235.052
1949-04-07,1210.696
1949-04-08,1157.833
1949-04-09,1033.136
1949-04-10,918.86
1949-04-11,876.682
1949-04-12,938.402
1949-04-13,1062.635
1949-04-14,1316.106
1949-04-15,1564.319
1949-04-16,1756.777
1949-04-17,1914.825
1949-04-18,1959.405
1949-04-19,1951.002
1949-04-20,1964.636
1949-04-21,1958.556
1949-04-22,2017.235
1949-04-23,2081.087
1949-04-24,2192.785
1949-04-25,2377.795
1949-04-26,2499.905
1949-04-27,2446.098
1949-04-28,2336.72
1949-04-29,2278.476
1949-04-30,2199.105
1949-05-01,2148.664
1949-05-02,2126.031
1949-05-03,2124.208
1949-05-04,2067.355
1949-05-05,2180.492
1949-05-06,2215.195
1949-05-07,2031.15
1949-05-08,1876.768
1949-05-09,1831.744
1949-05-10,1802.828
1949-05-11,1830.823
1949-05-12,1870.67
1949-05-13,1978.469
1949-05-14,2252.864
1949-05-15,2343.595
1949-05-16,2251.375
1949-05-17,2279.235
1949-05-18,2324.082
1949-05-19,2249.931
1949-05-20,2092.337
1949-05-21,1970.573
1949-05-22,1905.543
1949-05-23,1884.367
1949-05-24,1883.948
1949-05-25,1860.032
1949-05-26,1883.665
1949-05-27,2015.561
1949-05-28,2089.015
1949-05-29,1995.482
1949-05-30,1811.595
1949-05-31,1664.552
1949-06-01,1586.342
1949-06-02,1525.433
1949-06-03,1419.313
1949-06-04,1274.379
1949-06-05,1119.854
1949-06-06,1007.667
1949-06-07,945.691
1949-06-08,903.225
1949-06-09,866.977
1949-06-10,856.995
1949-06-11,863.35
1949-06-12,862.737
1949-06-13,828.748
1949-06-14,772.13
1949-06-15,724.444
1949-06-16,700.375
1949-06-17,682.818
1949-06-18,669.735
1949-06-19,661.662
1949-06-20,651.16
1949-06-21,613.31
1949-06-22,568.867
1949-06-23,550.027
1949-06-24,550.322
1949-06-25,544.672
1949-06-26,532.967
1949-06-27,536.672
1949-06-28,538.862
1949-06-29,510.203
1949-06-30,475.575
1949-07-01,441.822
1949-07-02,417.902
1949-07-03,410.485
1949-07-04,414.901
1949-07-05,447.022
1949-07-06,491.371
1949-07-07,509.365
1949-07-08,489.0
1949-07-09,438.771
1949-07-10,383.164
1949-07-11,344.07
1949-07-12,324.033
1949-07-13,319.705
1949-07-14,339.17
1949-07-15,355.383
1949-07-16,337.25
1949-07-17,308.9
1949-07-18,293.769
1949-07-19,286.762
1949-07-20,275.99
1949-07-21,263.485
1949-07-22,256.797
1949-07-23,256.373
1949-07-24,254.236
1949-07-25,250.013
1949-07-26,243.411
1949-07-27,233.428
1949-07-28,226.685
1949-07-29,223.344
1949-07-30,223.637
1949-07-31,242.389
1949-08-01,273.755
1949-08-02,281.232
1949-08-03,247.233
1949-08-04,208.451
1949-08-05,189.433
1949-08-06,181.731
1949-08-07,177.108
1949-08-08,173.381
1949-08-09,170.22
1949-08-10,167.676
1949-08-11,165.041
1949-08-12,161.685
1949-08-13,159.701
1949-08-14,156.467
1949-08-15,152.341
1949-08-16,148.422
1949-08-17,145.631
1949-08-18,143.767
1949-08-19,141.489
1949-08-20,138.228
1949-08-21,135.234
1949-08-22,132.482
1949-08-23,129.609
1949-08-24,127.646
1949-08-25,125.147
1949-08-26,122.483
1949-08-27,119.953
1949-08-28,117.896
1949-08-29,117.19
1949-08-30,114.97
1949-08-31,112.025
1949-09-01,110.307
1949-09-02,111.432
1949-09-03,110.456
1949-09-04,106.15
1949-09-05,103.831
1949-09-06,101.068
1949-09-07,98.477
1949-09-08,96.688
1949-09-09,98.316
1949-09-10,102.488
1949-09-11,105.045
1949-09-12,103.405
1949-09-13,100.151
1949-09-14,96.115
1949-09-15,90.759
1949-09-16,88.995
1949-09-17,93.131
1949-09-18,96.531
1949-09-19,97.417
1949-09-20,106.386
1949-09-21,115.609
1949-09-22,111.245
1949-09-23,110.3
1949-09-24,122.282
1949-09-25,138.167
1949-09-26,136.361
1949-09-27,118.94
1949-09-28,102.611
1949-09-29,91.141
1949-09-30,90.695
1949-10-01,96.241
1949-10-02,100.545
1949-10-03,100.316
1949-10-04,97.333
1949-10-05,103.731
1949-10-06,126.943
1949-10-07,138.448
1949-10-08,136.582
1949-10-09,159.631
1949-10-10,167.299
1949-10-11,146.443
1949-10-12,111.961
1949-10-13,84.968
1949-10-14,80.702
1949-10-15,81.942
1949-10-16,79.28
1949-10-17,75.778
1949-10-18,75.768
1949-10-19,77.419
1949-10-20,77.248
1949-10-21,83.756
1949-10-22,94.115
1949-10-23,105.627
1949-10-24,116.343
1949-10-25,125.832
1949-10-26,148.882
1949-10-27,175.807
1949-10-28,219.863
1949-10-29,294.6
1949-10-30,379.74
1949-10-31,429.869
1949-11-01,438.66
1949-11-02,463.559
1949-11-03,447.815
1949-11-04,375.583
1949-11-05,302.015
1949-11-06,225.003
1949-11-07,155.093
1949-11-08,122.511
1949-11-09,128.39
1949-11-10,139.105
1949-11-11,134.392
1949-11-12,124.603
1949-11-13,119.506
1949-11-14,116.227
1949-11-15,132.149
1949-11-16,205.04
1949-11-17,242.271
1949-11-18,284.742
1949-11-19,431.655
1949-11-20,614.659
1949-11-21,720.255
1949-11-22,715.318
1949-11-23,695.903
1949-11-24,743.806
1949-11-25,700.807
1949-11-26,552.83
1949-11-27,464.825
1949-11-28,481.653
1949-11-29,516.586
1949-11-30,493.508
1949-12-01,461.652
1949-12-02,496.036
1949-12-03,621.207
1949-12-04,764.804
1949-12-05,833.054
1949-12-06,902.479
1949-12-07,1001.019
1949-12-08,956.729
1949-12-09,848.456
1949-12-10,732.499
1949-12-11,624.7
1949-12-12,525.055
1949-12-13,440.994
1949-12-14,438.406
1949-12-15,554.556
1949-12-16,604.021
1949-12-17,588.78
1949-12-18,619.863
1949-12-19,684.576
1949-12-20,698.802
1949-12-21,625.634
1949-12-22,579.186
1949-12-23,561.415
1949-12-24,606.799
1949-12-25,589.426
1949-12-26,551.139
1949-12-27,509.738
1949-12-28,465.039
1949-12-29,451.955
1949-12-30,510.954
1949-12-31,637.444
1950-01-01,762.675
1950-01-02,894.568
1950-01-03,1000.164
1950-01-04,984.567
1950-01-05,1008.818
1950-01-06,1072.41
1950-01-07,989.534
1950-01-08,932.97
1950-01-09,962.635
1950-01-10,999.588
1950-01-11,908.296
1950-01-12,814.55
1950-01-13,874.235
1950-01-14,975.016
1950-01-15,967.983
1950-01-16,929.666
1950-01-17,955.822
1950-01-18,1086.429
1950-01-19,1335.21
1950-01-20,1410.625
1950-01-21,1163.71
1950-01-22,940.332
1950-01-23,933.579
1950-01-24,1020.722
1950-01-25,1123.731
1950-01-26,1265.243
1950-01-27,1486.303
1950-01-28,1590.748
1950-01-29,1427.413
1950-01-30,1209.102
1950-01-31,1097.944
1950-02-01,1003.91
1950-02-02,906.726
1950-02-03,910.458
1950-02-04,1058.015
1950-02-05,1252.771
1950-02-06,1571.712
1950-02-07,1583.355
1950-02-08,1274.046
1950-02-09,1091.675
1950-02-10,1075.128
1950-02-11,1124.767
1950-02-12,1152.136
1950-02-13,1079.765
1950-02-14,1008.036
1950-02-15,990.936
1950-02-16,973.107
1950-02-17,889.665
1950-02-18,808.948
1950-02-19,784.29
1950-02-20,828.21
1950-02-21,942.826
1950-02-22,1039.227
1950-02-23,1110.847
1950-02-24,1147.602
1950-02-25,1117.635
1950-02-26,1041.194
1950-02-27,991.55
1950-02-28,960.303
1950-03-01,973.098
1950-03-02,972.362
1950-03-03,954.387
1950-03-04,939.232
1950-03-05,910.325
1950-03-06,969.183
1950-03-07,1276.229
1950-03-08,1670.739
1950-03-09,1611.513
1950-03-10,1275.632
1950-03-11,1025.978
1950-03-12,943.879
1950-03-13,994.184
1950-03-14,1031.907
1950-03-15,994.648
1950-03-16,920.777
1950-03-17,803.112
1950-03-18,759.608
1950-03-19,829.035
1950-03-20,913.805
1950-03-21,912.712
1950-03-22,1093.82
1950-03-23,1627.799
1950-03-24,1883.947
1950-03-25,1759.974
1950-03-26,1828.077
1950-03-27,1958.881
1950-03-28,2248.073
1950-03-29,2266.935
1950-03-30,2043.768
1950-03-31,2025.2
1950-04-01,2182.306
1950-04-02,2315.248
1950-04-03,2303.05
1950-04-04,2210.607
1950-04-05,2119.663
1950-04-06,2144.925
1950-04-07,2260.873
1950-04-08,2291.102
1950-04-09,2244.465
1950-04-10,2222.735
1950-04-11,2263.522
1950-04-12,2328.483
1950-04-13,2414.016
1950-04-14,2358.058
1950-04-15,2261.568
1950-04-16,2181.942
1950-04-17,2078.734
1950-04-18,2040.063
1950-04-19,2065.559
1950-04-20,2165.311
1950-04-21,2262.756
1950-04-22,2464.066
1950-04-23,2478.446
1950-04-24,2313.972
1950-04-25,2182.191
1950-04-26,2169.149
1950-04-27,2278.596
1950-04-28,2333.784
1950-04-29,2296.116
1950-04-30,2397.204
1950-05-01,2901.31
1950-05-02,2994.056
1950-05-03,2569.695
1950-05-04,2377.518
1950-05-05,2508.032
1950-05-06,2584.768
1950-05-07,2639.327
1950-05-08,2880.827
1950-05-09,3033.28
1950-05-10,2935.23
1950-05-11,2625.251
1950-05-12,2394.378
1950-05-13,2294.347
1950-05-14,2278.922
1950-05-15,2313.107
1950-05-16,2293.515
1950-05-17,2174.849
1950-05-18,2088.288
1950-05-19,2213.972
1950-05-20,2468.569
1950-05-21,2670.658
1950-05-22,2621.854
1950-05-23,2509.14
1950-05-24,2401.626
1950-05-25,2259.096
1950-05-26,2084.454
1950-05-27,1986.699
1950-05-28,2087.829
1950-05-29,2220.066
1950-05-30,2203.478
1950-05-31,2161.907
1950-06-01,2072.311
1950-06-02,1940.839
1950-06-03,1754.102
1950-06-04,1535.944
1950-06-05,1367.486
1950-06-06,1261.522
1950-06-07,1203.093
1950-06-08,1157.226
1950-06-09,1104.56
1950-06-10,1050.078
1950-06-11,998.801
1950-06-12,952.612
1950-06-13,910.507
1950-06-14,871.91
1950-06-15,835.654
1950-06-16,802.258
1950-06-17,768.999
1950-06-18,736.931
1950-06-19,708.937
1950-06-20,685.161
1950-06-21,660.516
1950-06-22,634.418
1950-06-23,609.253
1950-06-24,587.579
1950-06-25,567.428
1950-06-26,549.218
1950-06-27,540.885
1950-06-28,538.598
1950-06-29,529.739
1950-06-30,510.523
1950-07-01,486.656
1950-07-02,473.27
1950-07-03,464.289
1950-07-04,446.498
1950-07-05,428.002
1950-07-06,428.95
1950-07-07,429.434
1950-07-08,409.207
1950-07-09,381.739
1950-07-10,362.166
1950-07-11,349.808
1950-07-12,340.635
1950-07-13,332.718
1950-07-14,325.308
1950-07-15,317.167
1950-07-16,308.928
1950-07-17,302.657
1950-07-18,297.528
1950-07-19,293.648
1950-07-20,293.795
1950-07-21,289.956
1950-07-22,276.095
1950-07-23,264.175
1950-07-24,258.41
1950-07-25,258.212
1950-07-26,265.006
1950-07-27,271.525
1950-07-28,268.793
1950-07-29,260.647
1950-07-30,247.993
1950-07-31,233.687
1950-08-01,221.864
1950-08-02,210.53
1950-08-03,202.435
1950-08-04,198.027
1950-08-05,195.84
1950-08-06,195.779
1950-08-07,197.843
1950-08-08,198.649
1950-08-09,192.348
1950-08-10,184.013
1950-08-11,178.087
1950-08-12,172.579
1950-08-13,169.515
1950-08-14,171.511
1950-08-15,180.707
1950-08-16,179.052
1950-08-17,170.027
1950-08-18,165.813
1950-08-19,161.871
1950-08-20,156.494
1950-08-21,153.192
1950-08-22,158.214
1950-08-23,162.787
1950-08-24,159.703
1950-08-25,148.844
1950-08-26,138.002
1950-08-27,132.675
1950-08-28,131.006
1950-08-29,129.71
1950-08-30,126.862
1950-08-31,126.323
1950-09-01,125.178
1950-09-02,124.442
1950-09-03,121.644
1950-09-04,117.345
1950-09-05,115.362
1950-09-06,115.574
1950-09-07,120.4
1950-09-08,128.352
1950-09-09,129.244
1950-09-10,119.248
1950-09-11,109.491
1950-09-12,105.165
1950-09-13,102.907
1950-09-14,102.842
1950-09-15,103.168
1950-09-16,105.825
1950-09-17,114.032
1950-09-18,126.401
1950-09-19,123.198
1950-09-20,113.992
1950-09-21,118.412
1950-09-22,135.072
1950-09-23,159.264
1950-09-24,171.518
1950-09-25,159.505
1950-09-26,143.013
1950-09-27,130.956
1950-09-28,137.175
1950-09-29,142.224
1950-09-30,132.242
1950-10-01,135.381
1950-10-02,183.883
1950-10-03,232.312
1950-10-04,244.4
1950-10-05,255.23
1950-10-06,282.452
1950-10-07,263.805
1950-10-08,214.489
1950-10-09,182.599
1950-10-10,207.302
1950-10-11,252.09
1950-10-12,275.36
1950-10-13,346.388
1950-10-14,424.581
1950-10-15,433.992
1950-10-16,414.105
1950-10-17,434.122
1950-10-18,454.74
1950-10-19,466.355
1950-10-20,426.491
1950-10-21,345.623
1950-10-22,271.069
1950-10-23,218.943
1950-10-24,181.42
1950-10-25,159.317
1950-10-26,163.922
1950-10-27,190.763
1950-10-28,258.734
1950-10-29,378.961
1950-10-30,497.935
1950-10-31,534.835
1950-11-01,500.586
1950-11-02,447.741
1950-11-03,486.353
1950-11-04,700.139
1950-11-05,987.678
1950-11-06,1151.623
1950-11-07,1160.595
1950-11-08,1078.278
1950-11-09,992.221
1950-11-10,853.06
1950-11-11,666.614
1950-11-12,577.725
1950-11-13,605.568
1950-11-14,614.302
1950-11-15,592.049
1950-11-16,577.715
1950-11-17,583.832
1950-11-18,640.83
1950-11-19,736.748
1950-11-20,865.256
1950-11-21,1058.946
1950-11-22,1235.882
1950-11-23,1286.398
1950-11-24,1184.93
1950-11-25,1061.079
1950-11-26,1039.631
1950-11-27,1070.761
1950-11-28,1044.313
1950-11-29,1103.607
1950-11-30,1215.763
1950-12-01,1364.084
1950-12-02,1470.498
1950-12-03,1434.998
1950-12-04,1347.421
1950-12-05,1342.428
1950-12-06,1477.758
1950-12-07,1627.995
1950-12-08,1607.703
1950-12-09,1527.261
1950-12-10,1523.63
1950-12-11,1518.285
1950-12-12,1385.646
1950-12-13,1201.325
1950-12-14,1106.692
1950-12-15,1080.528
1950-12-16,1079.091
1950-12-17,1112.032
1950-12-18,1198.997
1950-12-19,1340.865
1950-12-20,1471.8
1950-12-21,1502.262
1950-12-22,1506.852
1950-12-23,1478.725
1950-12-24,1349.492
1950-12-25,1227.103
1950-12-26,1201.34
1950-12-27,1213.165
1950-12-28,1251.995
1950-12-29,1334.943
1950-12-30,1402.655
1950-12-31,1369.397
1951-01-01,1249.502
1951-01-02,1128.562
1951-01-03,1123.643
1951-01-04,1181.653
1951-01-05,1221.55
1951-01-06,1210.675
1951-01-07,1148.296
1951-01-08,1033.531
1951-01-09,933.32
1951-01-10,875.655
1951-01-11,896.519
1951-01-12,1002.81
1951-01-13,1102.583
1951-01-14,1071.603
1951-01-15,973.498
1951-01-16,914.037
1951-01-17,864.835
1951-01-18,820.316
1951-01-19,837.88
1951-01-20,944.398
1951-01-21,1012.827
1951-01-22,914.547
1951-01-23,827.465
1951-01-24,849.459
1951-01-25,911.388
1951-01-26,1040.477
1951-01-27,1181.257
1951-01-28,1262.311
1951-01-29,1341.945
1951-01-30,1407.623
1951-01-31,1431.986
1951-02-01,1586.58
1951-02-02,2063.567
1951-02-03,2484.608
1951-02-04,2237.197
1951-02-05,1777.635
1951-02-06,1525.839
1951-02-07,1393.05
1951-02-08,1320.888
1951-02-09,1254.004
1951-02-10,1185.888
1951-02-11,1158.995
1951-02-12,1199.206
1951-02-13,1281.03
1951-02-14,1360.461
1951-02-15,1394.389
1951-02-16,1427.235
1951-02-17,1424.572
1951-02-18,1415.621
1951-02-19,1534.197
1951-02-20,1778.337
1951-02-21,2008.623
1951-02-22,1970.088
1951-02-23,1828.634
1951-02-24,1819.165
1951-02-25,1899.422
1951-02-26,1892.338
1951-02-27,1877.926
1951-02-28,1755.261
1951-03-01,1637.369
1951-03-02,1569.865
1951-03-03,1514.016
1951-03-04,1494.08
1951-03-05,1574.736
1951-03-06,1732.601
1951-03-07,1822.686
1951-03-08,1819.759
1951-03-09,1720.531
1951-03-10,1524.046
1951-03-11,1349.879
1951-03-12,1248.207
1951-03-13,1265.883
1951-03-14,1335.223
1951-03-15,1322.825
1951-03-16,1250.427
1951-03-17,1153.746
1951-03-18,1153.789
1951-03-19,1208.796
1951-03-20,1217.379
1951-03-21,1221.66
1951-03-22,1339.255
1951-03-23,1577.556
1951-03-24,2123.679
1951-03-25,2364.73
1951-03-26,2155.957
1951-03-27,2055.148
1951-03-28,1988.413
1951-03-29,1842.884
1951-03-30,1732.966
1951-03-31,1749.832
1951-04-01,1930.163
1951-04-02,2157.148
1951-04-03,2212.414
1951-04-04,2115.64
1951-04-05,2061.85
1951-04-06,2140.062
1951-04-07,2265.445
1951-04-08,2333.688
1951-04-09,2395.2
1951-04-10,2478.98
1951-04-11,2496.733
1951-04-12,2571.343
1951-04-13,2644.258
1951-04-14,2670.281
1951-04-15,2689.685
1951-04-16,2860.585
1951-04-17,3091.715
1951-04-18,3169.686
1951-04-19,3280.13
1951-04-20,3623.032
1951-04-21,3807.981
1951-04-22,3623.638
1951-04-23,3596.237
1951-04-24,3652.081
1951-04-25,3797.517
1951-04-26,3816.879
1951-04-27,3716.608
1951-04-28,3674.509
1951-04-29,3896.069
1951-04-30,4171.997
1951-05-01,4249.337
1951-05-02,4384.431
1951-05-03,4575.072
1951-05-04,4430.831
1951-05-05,4219.258
1951-05-06,4011.013
1951-05-07,4303.977
1951-05-08,4426.5
1951-05-09,4283.792
1951-05-10,4127.608
1951-05-11,3860.851
1951-05-12,3621.295
1951-05-13,3451.396
1951-05-14,3290.314
1951-05-15,3260.261
1951-05-16,3492.997
1951-05-17,3521.025
1951-05-18,3213.953
1951-05-19,2936.834
1951-05-20,2749.363
1951-05-21,2630.412
1951-05-22,2407.731
1951-05-23,2114.224
1951-05-24,1933.98
1951-05-25,1880.818
1951-05-26,1885.121
1951-05-27,1854.17
1951-05-28,1760.194
1951-05-29,1643.543
1951-05-30,1535.101
1951-05-31,1440.988
1951-06-01,1392.921
1951-06-02,1328.433
1951-06-03,1225.808
1951-06-04,1143.912
1951-06-05,1096.44
1951-06-06,1051.999
1951-06-07,1009.303
1951-06-08,975.79
1951-06-09,942.63
1951-06-10,928.269
1951-06-11,1019.257
1951-06-12,1112.504
1951-06-13,1141.552
1951-06-14,1129.603
1951-06-15,1047.767
1951-06-16,946.854
1951-06-17,858.538
1951-06-18,757.786
1951-06-19,683.036
1951-06-20,662.828
1951-06-21,717.316
1951-06-22,791.493
1951-06-23,813.56
1951-06-24,789.578
1951-06-25,729.595
1951-06-26,656.52
1951-06-27,589.411
1951-06-28,534.944
1951-06-29,506.004
1951-06-30,491.572
1951-07-01,478.395
1951-07-02,466.19
1951-07-03,455.314
1951-07-04,445.85
1951-07-05,437.923
1951-07-06,430.965
1951-07-07,418.825
1951-07-08,402.504
1951-07-09,388.608
1951-07-10,378.423
1951-07-11,370.902
1951-07-12,363.912
1951-07-13,354.712
1951-07-14,344.133
1951-07-15,334.72
1951-07-16,326.205
1951-07-17,317.771
1951-07-18,309.421
1951-07-19,301.493
1951-07-20,294.028
1951-07-21,287.536
1951-07-22,281.568
1951-07-23,275.495
1951-07-24,268.728
1951-07-25,263.005
1951-07-26,259.695
1951-07-27,258.434
1951-07-28,254.546
1951-07-29,247.869
1951-07-30,243.418
1951-07-31,239.321
1951-08-01,231.998
1951-08-02,224.941
1951-08-03,217.05
1951-08-04,210.501
1951-08-05,206.004
1951-08-06,204.03
1951-08-07,206.374
1951-08-08,210.53
1951-08-09,205.5
1951-08-10,194.464
1951-08-11,185.412
1951-08-12,178.978
1951-08-13,174.415
1951-08-14,170.681
1951-08-15,167.164
1951-08-16,163.767
1951-08-17,160.436
1951-08-18,157.561
1951-08-19,155.692
1951-08-20,152.79
1951-08-21,150.475
1951-08-22,149.109
1951-08-23,148.388
1951-08-24,147.306
1951-08-25,147.253
1951-08-26,146.001
1951-08-27,143.967
1951-08-28,140.905
1951-08-29,139.112
1951-08-30,135.105
1951-08-31,130.808
1951-09-01,129.57
1951-09-02,129.492
1951-09-03,128.106
1951-09-04,126.512
1951-09-05,122.849
1951-09-06,121.243
1951-09-07,121.098
1951-09-08,117.585
1951-09-09,113.315
1951-09-10,111.385
1951-09-11,109.578
1951-09-12,107.657
1951-09-13,107.046
1951-09-14,108.438
1951-09-15,111.355
1951-09-16,112.828
1951-09-17,117.83
1951-09-18,128.778
1951-09-19,135.311
1951-09-20,139.018
1951-09-21,145.636
1951-09-22,157.887
1951-09-23,166.838
1951-09-24,176.644
1951-09-25,188.898
1951-09-26,211.38
1951-09-27,221.091
1951-09-28,240.501
1951-09-29,261.444
1951-09-30,261.729
1951-10-01,234.226
1951-10-02,202.593
1951-10-03,171.387
1951-10-04,149.805
1951-10-05,132.729
1951-10-06,108.337
1951-10-07,91.867
1951-10-08,96.762
1951-10-09,122.612
1951-10-10,170.342
1951-10-11,255.65
1951-10-12,309.025
1951-10-13,263.968
1951-10-14,192.819
1951-10-15,142.642
1951-10-16,119.866
1951-10-17,118.61
1951-10-18,136.336
1951-10-19,211.405
1951-10-20,264.435
1951-10-21,263.81
1951-10-22,275.222
1951-10-23,261.945
1951-10-24,253.784
1951-10-25,272.673
1951-10-26,338.241
1951-10-27,507.568
1951-10-28,754.23
1951-10-29,882.73
1951-10-30,886.091
1951-10-31,885.795
1951-11-01,959.558
1951-11-02,1110.724
1951-11-03,1080.412
1951-11-04,980.51
1951-11-05,911.441
1951-11-06,970.978
1951-11-07,1154.854
1951-11-08,1446.942
1951-11-09,1732.434
1951-11-10,2005.248
1951-11-11,2210.564
1951-11-12,2109.494
1951-11-13,1842.262
1951-11-14,1714.3
1951-11-15,1704.969
1951-11-16,1752.76
1951-11-17,1794.25
1951-11-18,1864.352
1951-11-19,1880.79
1951-11-20,1733.936
1951-11-21,1613.238
1951-11-22,1589.21
1951-11-23,1620.602
1951-11-24,1549.893
1951-11-25,1322.486
1951-11-26,1351.914
1951-11-27,1540.777
1951-11-28,1469.641
1951-11-29,1437.225
1951-11-30,1583.708
1951-12-01,1641.377
1951-12-02,1682.365
1951-12-03,1848.449
1951-12-04,2052.782
1951-12-05,2154.922
1951-12-06,2188.68
1951-12-07,2345.442
1951-12-08,2570.536
1951-12-09,2739.341
1951-12-10,2792.558
1951-12-11,2910.476
1951-12-12,3218.047
1951-12-13,3389.346
1951-12-14,3180.448
1951-12-15,2961.005
1951-12-16,2933.736
1951-12-17,3028.762
1951-12-18,3376.729
1951-12-19,3719.974
1951-12-20,3745.881
1951-12-21,3580.75
1951-12-22,3331.797
1951-12-23,3170.223
1951-12-24,3130.819
1951-12-25,3142.597
1951-12-26,3053.279
1951-12-27,3013.678
1951-12-28,3042.06
1951-12-29,3108.905
1951-12-30,3201.538
1951-12-31,3209.393
1952-01-01,3143.057
1952-01-02,3069.267
1952-01-03,2904.788
1952-01-04,2695.038
1952-01-05,2656.068
1952-01-06,2802.934
1952-01-07,2826.858
1952-01-08,2720.607
1952-01-09,2716.737
1952-01-10,2887.132
1952-01-11,3118.946
1952-01-12,3057.49
1952-01-13,2837.644
1952-01-14,2681.665
1952-01-15,2506.806
1952-01-16,2472.521
1952-01-17,2519.972
1952-01-18,2459.535
1952-01-19,2350.25
1952-01-20,2246.262
1952-01-21,2256.994
1952-01-22,2397.984
1952-01-23,2463.564
1952-01-24,2446.778
1952-01-25,2464.957
1952-01-26,2507.648
1952-01-27,2503.444
1952-01-28,2408.662
1952-01-29,2310.398
1952-01-30,2283.705
1952-01-31,2226.737
1952-02-01,2158.73
1952-02-02,2061.662
1952-02-03,1884.552
1952-02-04,1707.64
1952-02-05,1611.175
1952-02-06,1600.213
1952-02-07,1666.49
1952-02-08,1723.153
1952-02-09,1608.766
1952-02-10,1440.205
1952-02-11,1346.417
1952-02-12,1350.728
1952-02-13,1370.247
1952-02-14,1455.05
1952-02-15,1543.58
1952-02-16,1667.39
1952-02-17,1735.821
1952-02-18,1837.3
1952-02-19,1874.661
1952-02-20,1957.735
1952-02-21,2052.634
1952-02-22,2163.348
1952-02-23,2363.708
1952-02-24,2229.238
1952-02-25,2211.829
1952-02-26,2498.571
1952-02-27,2893.804
1952-02-28,2969.614
1952-02-29,2833.216
1952-03-01,2791.8
1952-03-02,2821.001
1952-03-03,2713.285
1952-03-04,2541.748
1952-03-05,2460.421
1952-03-06,2415.672
1952-03-07,2537.11
1952-03-08,2438.432
1952-03-09,1968.276
1952-03-10,1661.173
1952-03-11,1641.155
1952-03-12,1737.755
1952-03-13,1800.238
1952-03-14,1900.765
1952-03-15,2271.225
1952-03-16,2430.64
1952-03-17,2186.089
1952-03-18,1901.718
1952-03-19,1837.671
1952-03-20,2249.902
1952-03-21,2389.268
1952-03-22,2165.877
1952-03-23,2025.034
1952-03-24,2044.453
1952-03-25,2194.253
1952-03-26,2310.383
1952-03-27,2229.925
1952-03-28,2098.928
1952-03-29,2017.574
1952-03-30,1934.124
1952-03-31,1791.694
1952-04-01,1656.143
1952-04-02,1477.875
1952-04-03,1368.699
1952-04-04,1394.537
1952-04-05,1432.65
1952-04-06,1449.913
1952-04-07,1427.56
1952-04-08,1422.028
1952-04-09,1363.165
1952-04-10,1356.565
1952-04-11,1344.335
1952-04-12,1383.374
1952-04-13,1485.36
1952-04-14,1718.768
1952-04-15,2050.431
1952-04-16,2526.383
1952-04-17,2567.783
1952-04-18,2066.365
1952-04-19,1684.006
1952-04-20,1637.95
1952-04-21,1759.544
1952-04-22,1799.823
1952-04-23,1923.975
1952-04-24,2016.802
1952-04-25,2046.653
1952-04-26,2076.693
1952-04-27,2111.158
1952-04-28,2125.992
1952-04-29,2036.439
1952-04-30,1949.937
1952-05-01,2203.723
1952-05-02,2911.1
1952-05-03,2933.023
1952-05-04,2405.682
1952-05-05,2143.851
1952-05-06,2290.929
1952-05-07,2486.676
1952-05-08,2519.299
1952-05-09,2510.625
1952-05-10,2663.932
1952-05-11,2812.05
1952-05-12,3014.505
1952-05-13,3210.87
1952-05-14,3408.3
1952-05-15,3469.584
1952-05-16,3545.963
1952-05-17,3867.392
1952-05-18,4161.683
1952-05-19,4003.447
1952-05-20,3698.837
1952-05-21,3587.657
1952-05-22,3490.96
1952-05-23,3301.149
1952-05-24,3183.229
1952-05-25,3177.534
1952-05-26,3110.7
1952-05-27,3028.23
1952-05-28,3006.183
1952-05-29,2912.123
1952-05-30,2751.342
1952-05-31,2595.885
1952-06-01,2484.79
1952-06-02,2333.953
1952-06-03,2187.667
1952-06-04,2100.575
1952-06-05,1985.098
1952-06-06,1848.201
1952-06-07,1721.285
1952-06-08,1640.028
1952-06-09,1556.669
1952-06-10,1511.021
1952-06-11,1569.454
1952-06-12,1597.382
1952-06-13,1535.571
1952-06-14,1483.581
1952-06-15,1384.894
1952-06-16,1192.074
1952-06-17,1053.415
1952-06-18,986.647
1952-06-19,944.977
1952-06-20,910.073
1952-06-21,877.745
1952-06-22,847.742
1952-06-23,820.973
1952-06-24,797.51
1952-06-25,775.59
1952-06-26,752.093
1952-06-27,729.118
1952-06-28,703.041
1952-06-29,675.349
1952-06-30,650.661
1952-07-01,628.521
1952-07-02,607.907
1952-07-03,588.692
1952-07-04,570.634
1952-07-05,553.594
1952-07-06,537.26
1952-07-07,521.619
1952-07-08,507.615
1952-07-09,496.318
1952-07-10,486.842
1952-07-11,475.476
1952-07-12,461.162
1952-07-13,445.386
1952-07-14,430.606
1952-07-15,418.794
1952-07-16,408.092
1952-07-17,396.529
1952-07-18,385.238
1952-07-19,375.032
1952-07-20,366.105
1952-07-21,357.31
1952-07-22,351.825
1952-07-23,356.992
1952-07-24,362.697
1952-07-25,349.72
1952-07-26,329.054
1952-07-27,314.385
1952-07-28,305.765
1952-07-29,300.222
1952-07-30,293.02
1952-07-31,284.563
1952-08-01,276.521
1952-08-02,269.378
1952-08-03,262.828
1952-08-04,256.798
1952-08-05,251.333
1952-08-06,245.782
1952-08-07,240.722
1952-08-08,235.949
1952-08-09,231.378
1952-08-10,227.065
1952-08-11,222.724
1952-08-12,218.372
1952-08-13,214.244
1952-08-14,210.253
1952-08-15,206.268
1952-08-16,202.608
1952-08-17,200.0
1952-08-18,200.38
1952-08-19,199.011
1952-08-20,193.356
1952-08-21,187.684
1952-08-22,183.811
1952-08-23,179.894
1952-08-24,176.865
1952-08-25,175.295
1952-08-26,175.957
1952-08-27,180.098
1952-08-28,183.758
1952-08-29,177.533
1952-08-30,168.628
1952-08-31,164.576
1952-09-01,163.858
1952-09-02,167.204
1952-09-03,169.527
1952-09-04,180.625
1952-09-05,186.178
1952-09-06,170.316
1952-09-07,155.02
1952-09-08,151.375
1952-09-09,164.348
1952-09-10,191.818
1952-09-11,221.987
1952-09-12,210.56
1952-09-13,172.75
1952-09-14,148.373
1952-09-15,140.166
1952-09-16,137.535
1952-09-17,133.785
1952-09-18,131.892
1952-09-19,131.759
1952-09-20,135.008
1952-09-21,147.72
1952-09-22,159.885
1952-09-23,161.722
1952-09-24,184.506
1952-09-25,183.282
1952-09-26,166.304
1952-09-27,179.632
1952-09-28,212.69
1952-09-29,302.315
1952-09-30,395.685
1952-10-01,406.092
1952-10-02,357.995
1952-10-03,292.143
1952-10-04,245.515
1952-10-05,231.006
1952-10-06,220.513
1952-10-07,195.432
1952-10-08,158.716
1952-10-09,130.722
1952-10-10,121.687
1952-10-11,132.218
1952-10-12,151.261
1952-10-13,162.726
1952-10-14,164.005
1952-10-15,191.658
1952-10-16,275.434
1952-10-17,387.274
1952-10-18,410.534
1952-10-19,354.536
1952-10-20,283.629
1952-10-21,226.057
1952-10-22,177.77
1952-10-23,156.779
1952-10-24,151.616
1952-10-25,173.933
1952-10-26,220.089
1952-10-27,266.248
1952-10-28,296.673
1952-10-29,306.371
1952-10-30,301.159
1952-10-31,356.4
1952-11-01,466.727
1952-11-02,549.178
1952-11-03,609.763
1952-11-04,619.534
1952-11-05,554.016
1952-11-06,466.291
1952-11-07,382.405
1952-11-08,329.342
1952-11-09,332.868
1952-11-10,425.148
1952-11-11,651.848
1952-11-12,747.675
1952-11-13,681.759
1952-11-14,733.373
1952-11-15,940.08
1952-11-16,1149.655
1952-11-17,1287.992
1952-11-18,1269.941
1952-11-19,1152.612
1952-11-20,1071.388
1952-11-21,958.891
1952-11-22,880.157
1952-11-23,936.313
1952-11-24,1146.051
1952-11-25,1320.539
1952-11-26,1257.684
1952-11-27,1081.406
1952-11-28,1051.974
1952-11-29,1162.527
1952-11-30,1330.097
1952-12-01,1291.024
1952-12-02,1127.54
1952-12-03,1078.971
1952-12-04,1100.485
1952-12-05,1199.591
1952-12-06,1319.162
1952-12-07,1393.32
1952-12-08,1353.088
1952-12-09,1300.628
1952-12-10,1311.314
1952-12-11,1321.17
1952-12-12,1275.572
1952-12-13,1206.608
1952-12-14,1084.549
1952-12-15,984.556
1952-12-16,1023.622
1952-12-17,1253.366
1952-12-18,1424.577
1952-12-19,1348.12
1952-12-20,1131.952
1952-12-21,945.705
1952-12-22,850.918
1952-12-23,807.227
1952-12-24,800.591
1952-12-25,760.18
1952-12-26,727.562
1952-12-27,745.893
1952-12-28,821.369
1952-12-29,941.954
1952-12-30,1040.404
1952-12-31,1111.795
1953-01-01,1161.054
1953-01-02,1237.581
1953-01-03,1300.319
1953-01-04,1348.579
1953-01-05,1355.576
1953-01-06,1389.39
1953-01-07,1487.987
1953-01-08,1528.104
1953-01-09,1647.648
1953-01-10,1725.983
1953-01-11,1690.67
1953-01-12,1688.332
1953-01-13,1676.049
1953-01-14,1548.87
1953-01-15,1622.221
1953-01-16,2145.457
1953-01-17,3033.449
1953-01-18,3433.331
1953-01-19,2858.612
1953-01-20,2396.207
1953-01-21,2464.049
1953-01-22,2439.203
1953-01-23,2218.802
1953-01-24,1988.097
1953-01-25,1837.087
1953-01-26,1764.526
1953-01-27,1758.006
1953-01-28,1838.163
1953-01-29,2113.116
1953-01-30,2263.537
1953-01-31,2077.985
1953-02-01,1883.795
1953-02-02,1946.057
1953-02-03,2089.45
1953-02-04,2113.918
1953-02-05,2151.493
1953-02-06,2396.542
1953-02-07,2696.497
1953-02-08,2774.918
1953-02-09,2817.582
1953-02-10,2826.982
1953-02-11,2918.822
1953-02-12,3140.305
1953-02-13,3340.39
1953-02-14,3574.61
1953-02-15,3615.334
1953-02-16,3473.032
1953-02-17,3322.838
1953-02-18,3312.379
1953-02-19,3297.565
1953-02-20,3453.298
1953-02-21,3229.065
1953-02-22,2869.444
1953-02-23,2799.539
1953-02-24,2922.801
1953-02-25,2947.444
1953-02-26,2866.264
1953-02-27,2709.137
1953-02-28,2627.565
1953-03-01,2568.663
1953-03-02,2673.147
1953-03-03,2942.46
1953-03-04,3126.828
1953-03-05,3141.154
1953-03-06,3332.323
1953-03-07,3548.129
1953-03-08,3612.883
1953-03-09,3473.398
1953-03-10,3381.233
1953-03-11,3487.3
1953-03-12,3837.897
1953-03-13,4087.833
1953-03-14,4385.288
1953-03-15,4382.232
1953-03-16,3989.638
1953-03-17,3557.938
1953-03-18,3270.272
1953-03-19,3183.316
1953-03-20,3221.984
1953-03-21,3378.184
1953-03-22,3850.031
1953-03-23,4049.763
1953-03-24,3774.44
1953-03-25,3525.558
1953-03-26,3444.511
1953-03-27,3495.379
1953-03-28,3605.591
1953-03-29,3648.5
1953-03-30,3556.191
1953-03-31,3387.82
1953-04-01,3310.019
1953-04-02,3544.291
1953-04-03,3696.844
1953-04-04,3540.757
1953-04-05,3513.956
1953-04-06,3756.278
1953-04-07,4009.828
1953-04-08,3990.34
1953-04-09,3840.699
1953-04-10,3639.357
1953-04-11,3580.418
1953-04-12,3730.018
1953-04-13,3758.666
1953-04-14,3888.673
1953-04-15,3958.09
1953-04-16,4090.058
1953-04-17,4336.594
1953-04-18,4538.45
1953-04-19,4888.635
1953-04-20,5242.245
1953-04-21,5349.816
1953-04-22,5420.793
1953-04-23,5535.939
1953-04-24,5378.485
1953-04-25,5266.787
1953-04-26,5181.502
1953-04-27,5005.996
1953-04-28,4686.0
1953-04-29,4313.634
1953-04-30,4071.821
1953-05-01,3965.462
1953-05-02,3977.365
1953-05-03,3971.65
1953-05-04,3818.974
1953-05-05,3796.928
1953-05-06,4278.157
1953-05-07,4349.62
1953-05-08,3942.321
1953-05-09,3714.03
1953-05-10,3696.893
1953-05-11,3730.838
1953-05-12,3826.186
1953-05-13,3852.889
1953-05-14,3791.797
1953-05-15,3818.874
1953-05-16,3810.877
1953-05-17,3666.276
1953-05-18,3543.382
1953-05-19,3511.884
1953-05-20,3476.625
1953-05-21,3502.973
1953-05-22,3649.845
1953-05-23,3898.104
1953-05-24,4044.478
1953-05-25,3823.908
1953-05-26,3540.878
1953-05-27,3268.958
1953-05-28,2990.181
1953-05-29,2764.718
1953-05-30,2607.662
1953-05-31,2538.609
1953-06-01,2483.89
1953-06-02,2447.249
1953-06-03,2470.16
1953-06-04,2515.008
1953-06-05,2556.993
1953-06-06,2630.462
1953-06-07,2676.06
1953-06-08,2542.195
1953-06-09,2320.232
1953-06-10,2198.188
1953-06-11,2154.958
1953-06-12,2104.041
1953-06-13,2003.869
1953-06-14,1850.341
1953-06-15,1723.28
1953-06-16,1643.813
1953-06-17,1560.202
1953-06-18,1477.371
1953-06-19,1411.709
1953-06-20,1359.715
1953-06-21,1316.644
1953-06-22,1283.803
1953-06-23,1258.833
1953-06-24,1228.709
1953-06-25,1175.623
1953-06-26,1114.04
1953-06-27,1069.99
1953-06-28,1048.102
1953-06-29,1063.218
1953-06-30,1073.257
1953-07-01,1022.561
1953-07-02,956.835
1953-07-03,910.553
1953-07-04,894.934
1953-07-05,911.309
1953-07-06,907.733
1953-07-07,886.488
1953-07-08,871.982
1953-07-09,848.098
1953-07-10,802.682
1953-07-11,745.512
1953-07-12,724.874
1953-07-13,752.095
1953-07-14,775.048
1953-07-15,773.158
1953-07-16,732.687
1953-07-17,670.548
1953-07-18,610.436
1953-07-19,565.514
1953-07-20,537.059
1953-07-21,519.028
1953-07-22,505.172
1953-07-23,492.763
1953-07-24,480.753
1953-07-25,469.176
1953-07-26,458.656
1953-07-27,449.51
1953-07-28,441.448
1953-07-29,432.347
1953-07-30,423.819
1953-07-31,416.084
1953-08-01,407.314
1953-08-02,402.113
1953-08-03,402.677
1953-08-04,395.213
1953-08-05,378.719
1953-08-06,363.93
1953-08-07,353.127
1953-08-08,344.216
1953-08-09,336.705
1953-08-10,328.558
1953-08-11,321.818
1953-08-12,318.556
1953-08-13,316.834
1953-08-14,323.241
1953-08-15,320.798
1953-08-16,310.88
1953-08-17,312.618
1953-08-18,305.786
1953-08-19,287.494
1953-08-20,272.207
1953-08-21,262.593
1953-08-22,256.119
1953-08-23,251.759
1953-08-24,248.07
1953-08-25,243.722
1953-08-26,239.37
1953-08-27,233.227
1953-08-28,227.187
1953-08-29,222.338
1953-08-30,218.247
1953-08-31,214.726
1953-09-01,212.45
1953-09-02,210.925
1953-09-03,211.822
1953-09-04,211.982
1953-09-05,210.398
1953-09-06,208.42
1953-09-07,201.31
1953-09-08,192.933
1953-09-09,186.8
1953-09-10,182.821
1953-09-11,180.205
1953-09-12,178.813
1953-09-13,181.987
1953-09-14,196.636
1953-09-15,203.829
1953-09-16,192.639
1953-09-17,186.272
1953-09-18,189.745
1953-09-19,210.522
1953-09-20,225.72
1953-09-21,217.782
1953-09-22,210.79
1953-09-23,204.632
1953-09-24,201.246
1953-09-25,200.464
1953-09-26,216.068
1953-09-27,236.483
1953-09-28,250.627
1953-09-29,324.488
1953-09-30,385.713
1953-10-01,422.47
1953-10-02,443.413
1953-10-03,467.167
1953-10-04,515.624
1953-10-05,543.061
1953-10-06,525.058
1953-10-07,472.143
1953-10-08,392.765
1953-10-09,292.451
1953-10-10,203.729
1953-10-11,154.785
1953-10-12,138.345
1953-10-13,137.183
1953-10-14,133.068
1953-10-15,128.074
1953-10-16,130.586
1953-10-17,136.472
1953-10-18,137.807
1953-10-19,148.008
1953-10-20,174.13
1953-10-21,218.212
1953-10-22,252.477
1953-10-23,255.859
1953-10-24,237.487
1953-10-25,231.54
1953-10-26,233.035
1953-10-27,252.531
1953-10-28,276.016
1953-10-29,331.16
1953-10-30,395.68
1953-10-31,479.407
1953-11-01,608.742
1953-11-02,712.639
1953-11-03,728.789
1953-11-04,858.69
1953-11-05,1059.632
1953-11-06,1094.163
1953-11-07,896.825
1953-11-08,719.917
1953-11-09,700.625
1953-11-10,881.138
1953-11-11,1174.65
1953-11-12,1299.875
1953-11-13,1333.958
1953-11-14,1384.6
1953-11-15,1647.745
1953-11-16,1778.803
1953-11-17,1618.057
1953-11-18,1548.449
1953-11-19,1696.348
1953-11-20,1674.374
1953-11-21,1450.585
1953-11-22,1383.518
1953-11-23,1512.18
1953-11-24,1670.548
1953-11-25,1638.056
1953-11-26,1475.506
1953-11-27,1377.003
1953-11-28,1428.663
1953-11-29,1632.784
1953-11-30,1886.101
1953-12-01,2049.437
1953-12-02,2073.432
1953-12-03,2182.565
1953-12-04,2356.848
1953-12-05,2408.864
1953-12-06,2205.145
1953-12-07,2018.47
1953-12-08,2002.508
1953-12-09,2018.034
1953-12-10,2111.524
1953-12-11,2339.812
1953-12-12,2539.43
1953-12-13,2610.122
1953-12-14,2534.5
1953-12-15,2490.667
1953-12-16,2499.435
1953-12-17,2520.648
1953-12-18,2485.455
1953-12-19,2419.944
1953-12-20,2272.128
1953-12-21,2162.811
1953-12-22,2124.752
1953-12-23,2173.86
1953-12-24,2294.145
1953-12-25,2428.07
1953-12-26,2519.926
1953-12-27,2549.254
1953-12-28,2578.593
1953-12-29,2648.637
1953-12-30,2831.135
1953-12-31,3199.704
1954-01-01,3594.281
1954-01-02,3817.633
1954-01-03,3814.483
1954-01-04,3603.624
1954-01-05,3344.177
1954-01-06,3199.047
1954-01-07,3101.921
1954-01-08,3045.917
1954-01-09,3053.917
1954-01-10,3074.65
1954-01-11,2986.558
1954-01-12,2749.452
1954-01-13,2456.239
1954-01-14,2267.362
1954-01-15,2196.465
1954-01-16,2222.981
1954-01-17,2331.242
1954-01-18,2389.979
1954-01-19,2364.431
1954-01-20,2334.467
1954-01-21,2368.465
1954-01-22,2285.115
1954-01-23,2064.605
1954-01-24,1868.468
1954-01-25,1737.503
1954-01-26,1723.717
1954-01-27,1706.755
1954-01-28,1668.891
1954-01-29,1622.616
1954-01-30,1641.047
1954-01-31,1693.583
1954-02-01,1722.531
1954-02-02,1743.925
1954-02-03,1761.163
1954-02-04,1710.13
1954-02-05,1675.204
1954-02-06,1683.28
1954-02-07,1706.366
1954-02-08,1798.488
1954-02-09,1955.527
1954-02-10,2041.813
1954-02-11,1965.694
1954-02-12,1828.758
1954-02-13,1829.83
1954-02-14,1817.583
1954-02-15,1711.509
1954-02-16,1640.848
1954-02-17,1707.776
1954-02-18,1834.642
1954-02-19,1914.883
1954-02-20,1822.805
1954-02-21,1573.845
1954-02-22,1374.729
1954-02-23,1310.217
1954-02-24,1372.958
1954-02-25,1486.047
1954-02-26,1581.194
1954-02-27,1681.972
1954-02-28,1702.376
1954-03-01,1577.826
1954-03-02,1449.65
1954-03-03,1406.489
1954-03-04,1358.478
1954-03-05,1346.312
1954-03-06,1448.822
1954-03-07,1890.718
1954-03-08,2020.48
1954-03-09,1777.274
1954-03-10,1711.953
1954-03-11,1989.462
1954-03-12,2022.513
1954-03-13,1826.657
1954-03-14,1744.19
1954-03-15,1778.803
1954-03-16,1704.383
1954-03-17,1657.266
1954-03-18,1658.361
1954-03-19,1640.232
1954-03-20,1691.3
1954-03-21,1838.107
1954-03-22,2001.383
1954-03-23,2103.16
1954-03-24,2033.732
1954-03-25,1876.687
1954-03-26,1769.908
1954-03-27,1668.018
1954-03-28,1577.77
1954-03-29,1526.261
1954-03-30,1590.46
1954-03-31,1746.852
1954-04-01,1799.591
1954-04-02,1790.426
1954-04-03,1824.921
1954-04-04,1846.102
1954-04-05,1793.459
1954-04-06,1756.013
1954-04-07,1736.605
1954-04-08,1877.357
1954-04-09,1936.282
1954-04-10,1912.564
1954-04-11,1885.285
1954-04-12,1891.758
1954-04-13,1964.822
1954-04-14,2134.239
1954-04-15,2236.609
1954-04-16,2243.46
1954-04-17,2302.837
1954-04-18,2384.393
1954-04-19,2361.823
1954-04-20,2365.78
1954-04-21,2510.869
1954-04-22,2777.475
1954-04-23,2884.638
1954-04-24,2700.651
1954-04-25,2488.397
1954-04-26,2391.264
1954-04-27,2328.609
1954-04-28,2276.283
1954-04-29,2261.567
1954-04-30,2304.537
1954-05-01,2405.096
1954-05-02,2480.845
1954-05-03,2578.436
1954-05-04,2767.867
1954-05-05,2689.848
1954-05-06,2405.139
1954-05-07,2167.921
1954-05-08,1974.663
1954-05-09,1846.131
1954-05-10,1836.842
1954-05-11,2058.527
1954-05-12,2196.803
1954-05-13,2098.103
1954-05-14,1984.465
1954-05-15,1939.065
1954-05-16,1995.757
1954-05-17,2045.427
1954-05-18,2403.98
1954-05-19,2584.279
1954-05-20,2305.498
1954-05-21,2099.83
1954-05-22,2022.498
1954-05-23,1982.227
1954-05-24,1973.843
1954-05-25,2006.084
1954-05-26,2038.614
1954-05-27,1987.515
1954-05-28,1903.272
1954-05-29,1844.486
1954-05-30,1840.599
1954-05-31,1862.487
1954-06-01,1768.085
1954-06-02,1593.139
1954-06-03,1426.409
1954-06-04,1270.112
1954-06-05,1158.46
1954-06-06,1110.381
1954-06-07,1089.474
1954-06-08,1056.202
1954-06-09,1031.22
1954-06-10,1047.403
1954-06-11,1075.625
1954-06-12,1067.343
1954-06-13,1039.265
1954-06-14,1068.109
1954-06-15,1393.38
1954-06-16,1442.418
1954-06-17,1097.669
1954-06-18,869.613
1954-06-19,781.547
1954-06-20,743.991
1954-06-21,720.929
1954-06-22,706.34
1954-06-23,703.953
1954-06-24,712.202
1954-06-25,720.743
1954-06-26,698.507
1954-06-27,652.266
1954-06-28,608.799
1954-06-29,580.096
1954-06-30,562.14
1954-07-01,547.734
1954-07-02,534.492
1954-07-03,522.501
1954-07-04,510.191
1954-07-05,498.365
1954-07-06,487.725
1954-07-07,475.165
1954-07-08,461.833
1954-07-09,449.523
1954-07-10,438.373
1954-07-11,428.64
1954-07-12,421.833
1954-07-13,416.446
1954-07-14,409.386
1954-07-15,397.21
1954-07-16,384.848
1954-07-17,373.369
1954-07-18,363.39
1954-07-19,354.804
1954-07-20,347.711
1954-07-21,343.744
1954-07-22,344.256
1954-07-23,339.515
1954-07-24,329.383
1954-07-25,318.482
1954-07-26,308.61
1954-07-27,301.698
1954-07-28,296.064
1954-07-29,288.758
1954-07-30,282.997
1954-07-31,281.824
1954-08-01,282.885
1954-08-02,280.014
1954-08-03,271.08
1954-08-04,261.913
1954-08-05,255.161
1954-08-06,249.568
1954-08-07,243.655
1954-08-08,240.568
1954-08-09,239.385
1954-08-10,237.728
1954-08-11,236.027
1954-08-12,229.365
1954-08-13,220.816
1954-08-14,216.269
1954-08-15,212.349
1954-08-16,209.821
1954-08-17,208.69
1954-08-18,206.773
1954-08-19,211.09
1954-08-20,211.716
1954-08-21,202.156
1954-08-22,191.767
1954-08-23,183.025
1954-08-24,177.699
1954-08-25,175.414
1954-08-26,175.74
1954-08-27,185.837
1954-08-28,192.017
1954-08-29,182.962
1954-08-30,178.877
1954-08-31,176.63
1954-09-01,168.074
1954-09-02,160.168
1954-09-03,161.785
1954-09-04,179.178
1954-09-05,211.541
1954-09-06,231.053
1954-09-07,224.148
1954-09-08,208.408
1954-09-09,184.385
1954-09-10,162.652
1954-09-11,157.778
1954-09-12,183.249
1954-09-13,259.533
1954-09-14,605.528
1954-09-15,674.618
1954-09-16,393.486
1954-09-17,236.03
1954-09-18,199.893
1954-09-19,184.776
1954-09-20,161.008
1954-09-21,164.755
1954-09-22,172.008
1954-09-23,181.338
1954-09-24,216.605
1954-09-25,245.159
1954-09-26,269.608
1954-09-27,295.528
1954-09-28,269.855
1954-09-29,213.047
1954-09-30,164.834
1954-10-01,132.077
1954-10-02,119.368
1954-10-03,123.616
1954-10-04,138.517
1954-10-05,150.062
1954-10-06,142.098
1954-10-07,133.367
1954-10-08,141.453
1954-10-09,170.908
1954-10-10,201.128
1954-10-11,210.94
1954-10-12,212.123
1954-10-13,198.291
1954-10-14,180.028
1954-10-15,186.832
1954-10-16,218.978
1954-10-17,281.933
1954-10-18,319.558
1954-10-19,344.011
1954-10-20,394.978
1954-10-21,408.751
1954-10-22,353.162
1954-10-23,262.445
1954-10-24,183.824
1954-10-25,151.534
1954-10-26,154.537
1954-10-27,167.317
1954-10-28,179.892
1954-10-29,181.673
1954-10-30,175.753
1954-10-31,178.141
1954-11-01,224.958
1954-11-02,338.419
1954-11-03,434.211
1954-11-04,484.285
1954-11-05,553.028
1954-11-06,594.915
1954-11-07,521.535
1954-11-08,458.239
1954-11-09,476.37
1954-11-10,552.684
1954-11-11,674.988
1954-11-12,789.195
1954-11-13,891.828
1954-11-14,951.288
1954-11-15,875.5
1954-11-16,727.71
1954-11-17,644.365
1954-11-18,665.058
1954-11-19,748.175
1954-11-20,752.474
1954-11-21,714.36
1954-11-22,743.682
1954-11-23,695.958
1954-11-24,576.09
1954-11-25,545.733
1954-11-26,597.044
1954-11-27,576.191
1954-11-28,485.84
1954-11-29,459.61
1954-11-30,489.463
1954-12-01,484.613
1954-12-02,447.945
1954-12-03,436.098
1954-12-04,435.851
1954-12-05,382.49
1954-12-06,285.831
1954-12-07,233.87
1954-12-08,296.157
1954-12-09,459.635
1954-12-10,452.414
1954-12-11,403.915
1954-12-12,381.668
1954-12-13,421.2
1954-12-14,493.244
1954-12-15,553.095
1954-12-16,656.936
1954-12-17,835.55
1954-12-18,944.587
1954-12-19,1029.029
1954-12-20,1148.306
1954-12-21,1167.921
1954-12-22,1097.004
1954-12-23,1030.417
1954-12-24,930.983
1954-12-25,832.558
1954-12-26,834.85
1954-12-27,981.37
1954-12-28,1088.968
1954-12-29,1113.578
1954-12-30,1084.037
1954-12-31,996.702
1955-01-01,933.439
1955-01-02,836.072
1955-01-03,695.588
1955-01-04,612.71
1955-01-05,587.969
1955-01-06,581.235
1955-01-07,610.738
1955-01-08,651.34
1955-01-09,611.908
1955-01-10,534.685
1955-01-11,504.495
1955-01-12,541.921
1955-01-13,623.105
1955-01-14,707.632
1955-01-15,781.747
1955-01-16,796.277
1955-01-17,754.492
1955-01-18,685.647
1955-01-19,626.877
1955-01-20,681.331
1955-01-21,834.955
1955-01-22,871.546
1955-01-23,769.85
1955-01-24,730.52
1955-01-25,782.338
1955-01-26,859.145
1955-01-27,921.13
1955-01-28,910.788
1955-01-29,877.914
1955-01-30,772.875
1955-01-31,696.912
1955-02-01,747.588
1955-02-02,830.912
1955-02-03,844.771
1955-02-04,855.214
1955-02-05,924.852
1955-02-06,1024.488
1955-02-07,1102.538
1955-02-08,1091.392
1955-02-09,1132.74
1955-02-10,1229.218
1955-02-11,1307.558
1955-02-12,1269.928
1955-02-13,1173.583
1955-02-14,1135.937
1955-02-15,1334.628
1955-02-16,1912.573
1955-02-17,1981.635
1955-02-18,1524.978
1955-02-19,1291.882
1955-02-20,1323.236
1955-02-21,1525.785
1955-02-22,1877.686
1955-02-23,2263.612
1955-02-24,2260.424
1955-02-25,1870.748
1955-02-26,1665.578
1955-02-27,1599.436
1955-02-28,1504.3
1955-03-01,1467.421
1955-03-02,1538.158
1955-03-03,1691.494
1955-03-04,1811.421
1955-03-05,1895.393
1955-03-06,1951.75
1955-03-07,1892.228
1955-03-08,1861.432
1955-03-09,1871.119
1955-03-10,1901.447
1955-03-11,1997.915
1955-03-12,2280.019
1955-03-13,2524.892
1955-03-14,2556.433
1955-03-15,2579.861
1955-03-16,2712.75
1955-03-17,2633.819
1955-03-18,2247.665
1955-03-19,2024.688
1955-03-20,2265.196
1955-03-21,2357.806
1955-03-22,2106.943
1955-03-23,1912.841
1955-03-24,1893.936
1955-03-25,1937.746
1955-03-26,2045.819
1955-03-27,2382.511
1955-03-28,2376.988
1955-03-29,1988.894
1955-03-30,1714.284
1955-03-31,1673.082
1955-04-01,1756.249
1955-04-02,1699.535
1955-04-03,1669.768
1955-04-04,1779.904
1955-04-05,1831.614
1955-04-06,1812.195
1955-04-07,1760.958
1955-04-08,1896.935
1955-04-09,1983.158
1955-04-10,1912.361
1955-04-11,1876.647
1955-04-12,1894.951
1955-04-13,1943.049
1955-04-14,1973.3
1955-04-15,1901.963
1955-04-16,1771.32
1955-04-17,1665.243
1955-04-18,1636.701
1955-04-19,1610.894
1955-04-20,1520.798
1955-04-21,1387.111
1955-04-22,1320.21
1955-04-23,1333.819
1955-04-24,1350.834
1955-04-25,1445.427
1955-04-26,1595.127
1955-04-27,1718.325
1955-04-28,1713.064
1955-04-29,1697.318
1955-04-30,1670.842
1955-05-01,1587.281
1955-05-02,1495.535
1955-05-03,1525.185
1955-05-04,1587.694
1955-05-05,1595.164
1955-05-06,1584.417
1955-05-07,1600.41
1955-05-08,1721.512
1955-05-09,1765.81
1955-05-10,1672.992
1955-05-11,1683.28
1955-05-12,1785.098
1955-05-13,2033.062
1955-05-14,2153.63
1955-05-15,2112.129
1955-05-16,2099.038
1955-05-17,2077.506
1955-05-18,2033.761
1955-05-19,1886.297
1955-05-20,1746.265
1955-05-21,1700.939
1955-05-22,1734.245
1955-05-23,1778.325
1955-05-24,1792.755
1955-05-25,1795.616
1955-05-26,1769.639
1955-05-27,1661.779
1955-05-28,1504.291
1955-05-29,1347.762
1955-05-30,1221.578
1955-05-31,1136.967
1955-06-01,1070.388
1955-06-02,1010.021
1955-06-03,961.983
1955-06-04,922.828
1955-06-05,888.042
1955-06-06,860.561
1955-06-07,845.17
1955-06-08,829.921
1955-06-09,812.548
1955-06-10,786.94
1955-06-11,739.772
1955-06-12,693.792
1955-06-13,663.588
1955-06-14,640.854
1955-06-15,619.615
1955-06-16,602.272
1955-06-17,592.025
1955-06-18,587.136
1955-06-19,581.585
1955-06-20,580.329
1955-06-21,608.262
1955-06-22,654.141
1955-06-23,654.603
1955-06-24,581.365
1955-06-25,504.441
1955-06-26,473.727
1955-06-27,462.597
1955-06-28,444.829
1955-06-29,420.1
1955-06-30,397.122
1955-07-01,381.815
1955-07-02,372.99
1955-07-03,370.363
1955-07-04,371.957
1955-07-05,366.822
1955-07-06,351.841
1955-07-07,336.479
1955-07-08,326.494
1955-07-09,320.578
1955-07-10,322.043
1955-07-11,329.749
1955-07-12,334.25
1955-07-13,332.975
1955-07-14,326.458
1955-07-15,323.964
1955-07-16,321.57
1955-07-17,308.54
1955-07-18,311.57
1955-07-19,340.652
1955-07-20,382.476
1955-07-21,399.353
1955-07-22,378.286
1955-07-23,342.807
1955-07-24,313.185
1955-07-25,309.37
1955-07-26,328.201
1955-07-27,340.43
1955-07-28,311.199
1955-07-29,267.29
1955-07-30,243.681
1955-07-31,240.704
1955-08-01,259.741
1955-08-02,276.98
1955-08-03,277.734
1955-08-04,284.044
1955-08-05,291.196
1955-08-06,293.325
1955-08-07,284.155
1955-08-08,275.343
1955-08-09,261.227
1955-08-10,237.52
1955-08-11,214.53
1955-08-12,197.392
1955-08-13,188.164
1955-08-14,184.986
1955-08-15,179.379
1955-08-16,171.411
1955-08-17,168.39
1955-08-18,166.65
1955-08-19,167.576
1955-08-20,186.338
1955-08-21,206.118
1955-08-22,224.531
1955-08-23,229.987
1955-08-24,202.708
1955-08-25,167.454
1955-08-26,150.164
1955-08-27,154.968
1955-08-28,183.218
1955-08-29,214.905
1955-08-30,208.008
1955-08-31,178.7
1955-09-01,152.774
1955-09-02,136.361
1955-09-03,127.676
1955-09-04,132.248
1955-09-05,135.003
1955-09-06,137.422
1955-09-07,139.631
1955-09-08,141.502
1955-09-09,139.805
1955-09-10,136.512
1955-09-11,134.307
1955-09-12,159.447
1955-09-13,182.522
1955-09-14,191.702
1955-09-15,182.445
1955-09-16,191.372
1955-09-17,208.525
1955-09-18,202.317
1955-09-19,176.015
1955-09-20,165.208
1955-09-21,202.785
1955-09-22,248.69
1955-09-23,331.129
1955-09-24,439.087
1955-09-25,557.378
1955-09-26,621.905
1955-09-27,603.424
1955-09-28,551.018
1955-09-29,548.044
1955-09-30,596.285
1955-10-01,603.884
1955-10-02,596.188
1955-10-03,605.018
1955-10-04,672.954
1955-10-05,775.787
1955-10-06,876.828
1955-10-07,872.495
1955-10-08,879.54
1955-10-09,906.741
1955-10-10,867.235
1955-10-11,808.12
1955-10-12,762.064
1955-10-13,710.129
1955-10-14,668.458
1955-10-15,617.335
1955-10-16,607.987
1955-10-17,621.04
1955-10-18,582.832
1955-10-19,500.53
1955-10-20,431.728
1955-10-21,425.248
1955-10-22,483.702
1955-10-23,539.015
1955-10-24,501.692
1955-10-25,422.512
1955-10-26,351.359
1955-10-27,321.25
1955-10-28,341.521
1955-10-29,446.75
1955-10-30,575.754
1955-10-31,618.247
1955-11-01,629.364
1955-11-02,594.474
1955-11-03,544.823
1955-11-04,565.703
1955-11-05,633.696
1955-11-06,720.106
1955-11-07,853.127
1955-11-08,941.165
1955-11-09,926.483
1955-11-10,868.432
1955-11-11,807.9
1955-11-12,756.592
1955-11-13,773.637
1955-11-14,854.211
1955-11-15,991.511
1955-11-16,1196.525
1955-11-17,1336.882
1955-11-18,1275.312
1955-11-19,1212.929
1955-11-20,1132.843
1955-11-21,1111.379
1955-11-22,1100.873
1955-11-23,1116.772
1955-11-24,1276.965
1955-11-25,1423.925
1955-11-26,1311.021
1955-11-27,1038.155
1955-11-28,805.756
1955-11-29,674.53
1955-11-30,654.714
1955-12-01,661.233
1955-12-02,646.647
1955-12-03,637.72
1955-12-04,585.612
1955-12-05,542.74
1955-12-06,548.02
1955-12-07,604.022
1955-12-08,691.52
1955-12-09,757.776
1955-12-10,711.952
1955-12-11,559.762
1955-12-12,456.523
1955-12-13,464.922
1955-12-14,544.701
1955-12-15,638.201
1955-12-16,724.555
1955-12-17,778.949
1955-12-18,743.707
1955-12-19,647.289
1955-12-20,537.069
1955-12-21,484.675
1955-12-22,495.253
1955-12-23,522.401
1955-12-24,661.706
1955-12-25,844.409
1955-12-26,1041.074
1955-12-27,1128.817
1955-12-28,1171.707
1955-12-29,1190.526
1955-12-30,1180.385
1955-12-31,1228.553
1956-01-01,1307.474
1956-01-02,1322.102
1956-01-03,1325.295
1956-01-04,1440.517
1956-01-05,1498.135
1956-01-06,1394.924
1956-01-07,1301.542
1956-01-08,1275.409
1956-01-09,1302.645
1956-01-10,1321.855
1956-01-11,1340.493
1956-01-12,1391.301
1956-01-13,1449.863
1956-01-14,1466.825
1956-01-15,1482.54
1956-01-16,1573.88
1956-01-17,1671.065
1956-01-18,1776.54
1956-01-19,1814.065
1956-01-20,1795.537
1956-01-21,1723.538
1956-01-22,1541.707
1956-01-23,1389.191
1956-01-24,1241.593
1956-01-25,1113.224
1956-01-26,993.036
1956-01-27,974.475
1956-01-28,1072.015
1956-01-29,1167.674
1956-01-30,1279.871
1956-01-31,1401.999
1956-02-01,1500.341
1956-02-02,1523.453
1956-02-03,1567.369
1956-02-04,1503.173
1956-02-05,1421.828
1956-02-06,1442.933
1956-02-07,1534.668
1956-02-08,1600.235
1956-02-09,1573.203
1956-02-10,1540.146
1956-02-11,1555.89
1956-02-12,1569.346
1956-02-13,1577.243
1956-02-14,1587.322
1956-02-15,1612.199
1956-02-16,1681.556
1956-02-17,1776.926
1956-02-18,1779.825
1956-02-19,1633.195
1956-02-20,1469.458
1956-02-21,1353.854
1956-02-22,1279.442
1956-02-23,1233.843
1956-02-24,1218.594
1956-02-25,1204.97
1956-02-26,1186.398
1956-02-27,1193.637
1956-02-28,1239.445
1956-02-29,1291.718
1956-03-01,1347.434
1956-03-02,1689.675
1956-03-03,1841.666
1956-03-04,1621.89
1956-03-05,1457.811
1956-03-06,1397.491
1956-03-07,1396.783
1956-03-08,1407.673
1956-03-09,1358.53
1956-03-10,1288.994
1956-03-11,1209.975
1956-03-12,1297.021
1956-03-13,1305.775
1956-03-14,1148.163
1956-03-15,1022.743
1956-03-16,896.326
1956-03-17,859.665
1956-03-18,964.994
1956-03-19,1157.567
1956-03-20,1263.812
1956-03-21,1155.718
1956-03-22,958.031
1956-03-23,834.51
1956-03-24,781.069
1956-03-25,781.92
1956-03-26,861.538
1956-03-27,943.541
1956-03-28,918.854
1956-03-29,869.425
1956-03-30,869.763
1956-03-31,873.393
1956-04-01,912.472
1956-04-02,995.12
1956-04-03,1088.857
1956-04-04,1227.182
1956-04-05,1369.476
1956-04-06,1318.02
1956-04-07,1258.897
1956-04-08,1239.828
1956-04-09,1245.504
1956-04-10,1398.042
1956-04-11,1505.113
1956-04-12,1533.175
1956-04-13,1571.485
1956-04-14,1585.906
1956-04-15,1616.69
1956-04-16,1777.578
1956-04-17,1964.453
1956-04-18,2080.196
1956-04-19,2185.86
1956-04-20,2168.985
1956-04-21,2199.466
1956-04-22,2133.497
1956-04-23,2087.5
1956-04-24,2008.453
1956-04-25,1985.555
1956-04-26,2087.558
1956-04-27,2207.258
1956-04-28,2270.534
1956-04-29,2491.734
1956-04-30,2778.712
1956-05-01,2983.058
1956-05-02,2983.446
1956-05-03,2868.357
1956-05-04,2776.473
1956-05-05,2793.733
1956-05-06,2841.216
1956-05-07,2802.933
1956-05-08,2746.58
1956-05-09,2803.687
1956-05-10,2896.352
1956-05-11,2893.695
1956-05-12,2774.362
1956-05-13,2615.178
1956-05-14,2540.462
1956-05-15,2508.078
1956-05-16,2466.504
1956-05-17,2438.414
1956-05-18,2422.172
1956-05-19,2493.618
1956-05-20,2517.097
1956-05-21,2426.257
1956-05-22,2309.943
1956-05-23,2236.335
1956-05-24,2211.914
1956-05-25,2266.428
1956-05-26,2328.76
1956-05-27,2358.931
1956-05-28,2430.321
1956-05-29,2620.194
1956-05-30,2793.931
1956-05-31,2782.116
1956-06-01,2737.052
1956-06-02,2644.696
1956-06-03,2533.854
1956-06-04,2416.801
1956-06-05,2232.57
1956-06-06,2002.449
1956-06-07,1824.776
1956-06-08,1711.996
1956-06-09,1666.093
1956-06-10,1712.725
1956-06-11,1776.016
1956-06-12,1776.969
1956-06-13,1675.063
1956-06-14,1494.695
1956-06-15,1313.565
1956-06-16,1192.62
1956-06-17,1129.61
1956-06-18,1094.358
1956-06-19,1064.682
1956-06-20,1031.378
1956-06-21,991.498
1956-06-22,945.27
1956-06-23,901.657
1956-06-24,866.988
1956-06-25,840.909
1956-06-26,822.602
1956-06-27,816.035
1956-06-28,829.167
1956-06-29,844.468
1956-06-30,849.845
1956-07-01,822.372
1956-07-02,755.848
1956-07-03,686.726
1956-07-04,639.427
1956-07-05,611.265
1956-07-06,590.436
1956-07-07,572.238
1956-07-08,555.403
1956-07-09,540.968
1956-07-10,535.037
1956-07-11,522.049
1956-07-12,500.114
1956-07-13,482.517
1956-07-14,469.48
1956-07-15,455.55
1956-07-16,440.763
1956-07-17,427.214
1956-07-18,415.044
1956-07-19,403.629
1956-07-20,392.989
1956-07-21,382.895
1956-07-22,373.721
1956-07-23,365.701
1956-07-24,358.926
1956-07-25,355.332
1956-07-26,350.334
1956-07-27,339.406
1956-07-28,327.008
1956-07-29,317.915
1956-07-30,308.39
1956-07-31,299.806
1956-08-01,293.307
1956-08-02,289.459
1956-08-03,284.578
1956-08-04,279.596
1956-08-05,273.889
1956-08-06,267.33
1956-08-07,259.066
1956-08-08,250.22
1956-08-09,243.503
1956-08-10,238.356
1956-08-11,234.967
1956-08-12,231.571
1956-08-13,228.02
1956-08-14,224.6
1956-08-15,224.62
1956-08-16,223.345
1956-08-17,220.032
1956-08-18,224.675
1956-08-19,220.841
1956-08-20,217.176
1956-08-21,219.921
1956-08-22,215.866
1956-08-23,204.451
1956-08-24,200.815
1956-08-25,208.038
1956-08-26,227.009
1956-08-27,250.631
1956-08-28,292.933
1956-08-29,332.228
1956-08-30,328.814
1956-08-31,293.14
1956-09-01,253.435
1956-09-02,221.038
1956-09-03,211.884
1956-09-04,227.518
1956-09-05,230.412
1956-09-06,216.252
1956-09-07,221.8
1956-09-08,223.553
1956-09-09,214.525
1956-09-10,231.779
1956-09-11,276.593
1956-09-12,368.169
1956-09-13,487.805
1956-09-14,567.503
1956-09-15,670.818
1956-09-16,697.127
1956-09-17,516.196
1956-09-18,349.505
1956-09-19,287.99
1956-09-20,254.013
1956-09-21,226.133
1956-09-22,261.455
1956-09-23,355.974
1956-09-24,403.984
1956-09-25,400.044
1956-09-26,364.427
1956-09-27,330.355
1956-09-28,287.83
1956-09-29,224.725
1956-09-30,185.478
1956-10-01,172.73
1956-10-02,173.615
1956-10-03,200.91
1956-10-04,220.745
1956-10-05,238.983
1956-10-06,259.499
1956-10-07,291.9
1956-10-08,351.287
1956-10-09,370.729
1956-10-10,331.33
1956-10-11,264.407
1956-10-12,203.315
1956-10-13,186.502
1956-10-14,219.328
1956-10-15,275.059
1956-10-16,301.594
1956-10-17,290.922
1956-10-18,258.96
1956-10-19,239.252
1956-10-20,238.436
1956-10-21,257.453
1956-10-22,284.782
1956-10-23,320.329
1956-10-24,339.268
1956-10-25,335.975
1956-10-26,331.608
1956-10-27,360.098
1956-10-28,396.866
1956-10-29,395.614
1956-10-30,387.677
1956-10-31,360.197
1956-11-01,321.146
1956-11-02,330.34
1956-11-03,358.074
1956-11-04,400.404
1956-11-05,431.249
1956-11-06,459.945
1956-11-07,542.558
1956-11-08,671.852
1956-11-09,814.704
1956-11-10,1080.22
1956-11-11,1282.903
1956-11-12,1238.723
1956-11-13,1051.14
1956-11-14,928.955
1956-11-15,907.446
1956-11-16,857.522
1956-11-17,889.313
1956-11-18,1219.065
1956-11-19,1397.824
1956-11-20,1298.122
1956-11-21,1204.736
1956-11-22,1044.088
1956-11-23,847.645
1956-11-24,737.446
1956-11-25,680.545
1956-11-26,652.322
1956-11-27,660.258
1956-11-28,673.695
1956-11-29,687.793
1956-11-30,639.419
1956-12-01,572.277
1956-12-02,588.903
1956-12-03,628.819
1956-12-04,620.772
1956-12-05,610.573
1956-12-06,562.872
1956-12-07,552.763
1956-12-08,572.685
1956-12-09,660.791
1956-12-10,819.415
1956-12-11,990.066
1956-12-12,1053.098
1956-12-13,1018.927
1956-12-14,951.334
1956-12-15,845.485
1956-12-16,794.702
1956-12-17,835.415
1956-12-18,938.265
1956-12-19,982.773
1956-12-20,940.055
1956-12-21,893.497
1956-12-22,855.761
1956-12-23,884.959
1956-12-24,995.063
1956-12-25,1074.71
1956-12-26,1072.063
1956-12-27,1017.256
1956-12-28,963.289
1956-12-29,941.874
1956-12-30,902.388
1956-12-31,849.428
1957-01-01,804.189
1957-01-02,776.763
1957-01-03,762.622
1957-01-04,790.74
1957-01-05,821.7
1957-01-06,906.485
1957-01-07,988.811
1957-01-08,929.451
1957-01-09,914.44
1957-01-10,945.265
1957-01-11,967.769
1957-01-12,1005.777
1957-01-13,1100.923
1957-01-14,1327.48
1957-01-15,1453.728
1957-01-16,1344.497
1957-01-17,1334.64
1957-01-18,1422.768
1957-01-19,1356.853
1957-01-20,1239.918
1957-01-21,1237.625
1957-01-22,1328.0
1957-01-23,1475.989
1957-01-24,1584.756
1957-01-25,1752.555
1957-01-26,1863.477
1957-01-27,1808.118
1957-01-28,1682.469
1957-01-29,1572.652
1957-01-30,1546.281
1957-01-31,1602.676
1957-02-01,1719.415
1957-02-02,1794.834
1957-02-03,1760.483
1957-02-04,1716.588
1957-02-05,1833.922
1957-02-06,2028.768
1957-02-07,2033.143
1957-02-08,1824.337
1957-02-09,1766.061
1957-02-10,1928.153
1957-02-11,2034.718
1957-02-12,1813.353
1957-02-13,1590.473
1957-02-14,1679.856
1957-02-15,2014.811
1957-02-16,2336.485
1957-02-17,2380.633
1957-02-18,1951.904
1957-02-19,1535.827
1957-02-20,1339.518
1957-02-21,1406.663
1957-02-22,1665.366
1957-02-23,1894.805
1957-02-24,1847.4
1957-02-25,1733.105
1957-02-26,1644.465
1957-02-27,1624.381
1957-02-28,1536.731
1957-03-01,1418.558
1957-03-02,1357.541
1957-03-03,1441.071
1957-03-04,1821.53
1957-03-05,1967.862
1957-03-06,1913.889
1957-03-07,2159.77
1957-03-08,2776.755
1957-03-09,3654.22
1957-03-10,4321.703
1957-03-11,4253.6
1957-03-12,3549.855
1957-03-13,2929.921
1957-03-14,2671.418
1957-03-15,2761.352
1957-03-16,3319.153
1957-03-17,3710.457
1957-03-18,3767.795
1957-03-19,3583.911
1957-03-20,3373.661
1957-03-21,3226.599
1957-03-22,3069.717
1957-03-23,2948.936
1957-03-24,2922.97
1957-03-25,3039.253
1957-03-26,2981.23
1957-03-27,3259.808
1957-03-28,3417.75
1957-03-29,3148.712
1957-03-30,2949.451
1957-03-31,2857.59
1957-04-01,3054.833
1957-04-02,3211.908
1957-04-03,3078.803
1957-04-04,2856.503
1957-04-05,2662.06
1957-04-06,2686.168
1957-04-07,2821.855
1957-04-08,2887.56
1957-04-09,3002.364
1957-04-10,3100.085
1957-04-11,3060.485
1957-04-12,2937.522
1957-04-13,2977.867
1957-04-14,3229.606
1957-04-15,3353.17
1957-04-16,3355.796
1957-04-17,3443.989
1957-04-18,3588.929
1957-04-19,3516.201
1957-04-20,3166.558
1957-04-21,2831.605
1957-04-22,2585.204
1957-04-23,2500.664
1957-04-24,2624.795
1957-04-25,2984.792
1957-04-26,3302.839
1957-04-27,3363.596
1957-04-28,3411.7
1957-04-29,3809.169
1957-04-30,4101.171
1957-05-01,4247.94
1957-05-02,4454.772
1957-05-03,4133.04
1957-05-04,3457.91
1957-05-05,3133.121
1957-05-06,3217.02
1957-05-07,3392.047
1957-05-08,3855.73
1957-05-09,4622.211
1957-05-10,4619.721
1957-05-11,3960.195
1957-05-12,3422.101
1957-05-13,3141.412
1957-05-14,2935.34
1957-05-15,2763.93
1957-05-16,2691.458
1957-05-17,2671.308
1957-05-18,2771.715
1957-05-19,2789.119
1957-05-20,2761.794
1957-05-21,2685.487
1957-05-22,2503.19
1957-05-23,2328.395
1957-05-24,2204.892
1957-05-25,2111.476
1957-05-26,2048.784
1957-05-27,2031.873
1957-05-28,2142.809
1957-05-29,2162.754
1957-05-30,2039.033
1957-05-31,1983.284
1957-06-01,1971.643
1957-06-02,1898.313
1957-06-03,1929.327
1957-06-04,2068.548
1957-06-05,2195.448
1957-06-06,2217.809
1957-06-07,2233.638
1957-06-08,2326.544
1957-06-09,2405.983
1957-06-10,2243.844
1957-06-11,2038.154
1957-06-12,1951.352
1957-06-13,1978.585
1957-06-14,1990.089
1957-06-15,2012.71
1957-06-16,2237.0
1957-06-17,2605.929
1957-06-18,2658.454
1957-06-19,2060.606
1957-06-20,1523.963
1957-06-21,1278.862
1957-06-22,1184.19
1957-06-23,1142.014
1957-06-24,1113.012
1957-06-25,1096.969
1957-06-26,1111.418
1957-06-27,1139.935
1957-06-28,1180.912
1957-06-29,1187.223
1957-06-30,1167.783
1957-07-01,1101.809
1957-07-02,1035.895
1957-07-03,988.035
1957-07-04,1002.434
1957-07-05,1049.159
1957-07-06,1100.58
1957-07-07,1152.772
1957-07-08,1192.439
1957-07-09,1176.999
1957-07-10,1055.425
1957-07-11,869.76
1957-07-12,731.849
1957-07-13,666.117
1957-07-14,637.082
1957-07-15,619.695
1957-07-16,604.77
1957-07-17,590.517
1957-07-18,576.713
1957-07-19,563.362
1957-07-20,549.904
1957-07-21,536.527
1957-07-22,523.971
1957-07-23,512.368
1957-07-24,500.618
1957-07-25,489.1
1957-07-26,477.536
1957-07-27,466.141
1957-07-28,456.522
1957-07-29,450.386
1957-07-30,447.051
1957-07-31,443.244
1957-08-01,431.432
1957-08-02,417.204
1957-08-03,406.641
1957-08-04,400.704
1957-08-05,398.982
1957-08-06,392.842
1957-08-07,374.168
1957-08-08,359.832
1957-08-09,361.912
1957-08-10,384.662
1957-08-11,407.583
1957-08-12,435.844
1957-08-13,464.382
1957-08-14,462.947
1957-08-15,427.888
1957-08-16,382.013
1957-08-17,348.668
1957-08-18,359.352
1957-08-19,387.522
1957-08-20,379.832
1957-08-21,368.366
1957-08-22,355.412
1957-08-23,314.88
1957-08-24,275.021
1957-08-25,256.042
1957-08-26,248.845
1957-08-27,244.244
1957-08-28,243.156
1957-08-29,251.884
1957-08-30,254.633
1957-08-31,248.243
1957-09-01,235.915
1957-09-02,223.136
1957-09-03,216.025
1957-09-04,211.112
1957-09-05,207.231
1957-09-06,206.108
1957-09-07,204.24
1957-09-08,199.609
1957-09-09,193.926
1957-09-10,189.229
1957-09-11,187.97
1957-09-12,188.201
1957-09-13,185.635
1957-09-14,183.597
1957-09-15,184.972
1957-09-16,188.349
1957-09-17,192.256
1957-09-18,190.17
1957-09-19,183.326
1957-09-20,172.711
1957-09-21,162.099
1957-09-22,155.511
1957-09-23,153.095
1957-09-24,151.285
1957-09-25,148.318
1957-09-26,146.649
1957-09-27,148.053
1957-09-28,147.966
1957-09-29,145.026
1957-09-30,142.443
1957-10-01,139.252
1957-10-02,138.765
1957-10-03,138.334
1957-10-04,136.726
1957-10-05,142.46
1957-10-06,149.206
1957-10-07,147.138
1957-10-08,141.269
1957-10-09,142.014
1957-10-10,139.973
1957-10-11,140.976
1957-10-12,163.419
1957-10-13,230.744
1957-10-14,342.223
1957-10-15,471.134
1957-10-16,538.096
1957-10-17,489.723
1957-10-18,372.372
1957-10-19,286.728
1957-10-20,308.348
1957-10-21,442.018
1957-10-22,604.881
1957-10-23,647.438
1957-10-24,526.458
1957-10-25,358.735
1957-10-26,253.039
1957-10-27,206.768
1957-10-28,212.418
1957-10-29,293.514
1957-10-30,409.358
1957-10-31,507.484
1957-11-01,583.556
1957-11-02,600.228
1957-11-03,581.859
1957-11-04,554.585
1957-11-05,568.161
1957-11-06,589.751
1957-11-07,653.496
1957-11-08,735.914
1957-11-09,784.225
1957-11-10,890.03
1957-11-11,1089.832
1957-11-12,1146.119
1957-11-13,1096.56
1957-11-14,1059.79
1957-11-15,1079.012
1957-11-16,1104.754
1957-11-17,1038.968
1957-11-18,904.028
1957-11-19,839.304
1957-11-20,787.375
1957-11-21,703.32
1957-11-22,589.05
1957-11-23,588.767
1957-11-24,715.406
1957-11-25,866.1
1957-11-26,959.352
1957-11-27,998.367
1957-11-28,1026.68
1957-11-29,1116.415
1957-11-30,1032.187
1957-12-01,868.915
1957-12-02,778.722
1957-12-03,670.221
1957-12-04,629.265
1957-12-05,673.904
1957-12-06,733.045
1957-12-07,763.378
1957-12-08,752.863
1957-12-09,842.025
1957-12-10,977.232
1957-12-11,1146.525
1957-12-12,1319.766
1957-12-13,1399.864
1957-12-14,1445.706
1957-12-15,1591.248
1957-12-16,1755.308
1957-12-17,1634.587
1957-12-18,1426.404
1957-12-19,1352.374
1957-12-20,1335.203
1957-12-21,1405.247
1957-12-22,1443.387
1957-12-23,1380.638
1957-12-24,1384.387
1957-12-25,1528.878
1957-12-26,1689.25
1957-12-27,1704.951
1957-12-28,1656.562
1957-12-29,1659.27
1957-12-30,1668.808
1957-12-31,1592.939
1958-01-01,1418.242
1958-01-02,1259.216
1958-01-03,1302.154
1958-01-04,1837.635
1958-01-05,2046.514
1958-01-06,1711.51
1958-01-07,1509.005
1958-01-08,1489.648
1958-01-09,1453.388
1958-01-10,1372.61
1958-01-11,1287.116
1958-01-12,1344.561
1958-01-13,1461.331
1958-01-14,1549.408
1958-01-15,1597.782
1958-01-16,1723.075
1958-01-17,1874.273
1958-01-18,1948.516
1958-01-19,1924.87
1958-01-20,1885.776
1958-01-21,1752.216
1958-01-22,1599.326
1958-01-23,1463.036
1958-01-24,1423.365
1958-01-25,1426.358
1958-01-26,1420.033
1958-01-27,1450.159
1958-01-28,1390.329
1958-01-29,1242.163
1958-01-30,1171.503
1958-01-31,1103.988
1958-02-01,1044.152
1958-02-02,1029.11
1958-02-03,1091.47
1958-02-04,1164.909
1958-02-05,1223.481
1958-02-06,1293.439
1958-02-07,1364.725
1958-02-08,1396.981
1958-02-09,1396.561
1958-02-10,1354.274
1958-02-11,1334.199
1958-02-12,1392.664
1958-02-13,1505.372
1958-02-14,1539.624
1958-02-15,1500.889
1958-02-16,1495.081
1958-02-17,1511.748
1958-02-18,1517.17
1958-02-19,1521.528
1958-02-20,1548.112
1958-02-21,1539.296
1958-02-22,1423.774
1958-02-23,1366.103
1958-02-24,1455.349
1958-02-25,1616.891
1958-02-26,1824.456
1958-02-27,2043.265
1958-02-28,2304.995
1958-03-01,2336.637
1958-03-02,1996.021
1958-03-03,1721.397
1958-03-04,1525.783
1958-03-05,1372.488
1958-03-06,1266.292
1958-03-07,1202.03
1958-03-08,1212.992
1958-03-09,1306.369
1958-03-10,1468.112
1958-03-11,1624.322
1958-03-12,1635.634
1958-03-13,1518.323
1958-03-14,1473.357
1958-03-15,1819.302
1958-03-16,1927.64
1958-03-17,1912.499
1958-03-18,1759.619
1958-03-19,1334.757
1958-03-20,1095.438
1958-03-21,1056.2
1958-03-22,1081.721
1958-03-23,1116.946
1958-03-24,1087.169
1958-03-25,1007.559
1958-03-26,1009.993
1958-03-27,1009.001
1958-03-28,978.634
1958-03-29,948.376
1958-03-30,953.818
1958-03-31,1095.431
1958-04-01,1399.108
1958-04-02,1858.797
1958-04-03,1953.91
1958-04-04,1715.077
1958-04-05,1569.578
1958-04-06,1466.465
1958-04-07,1330.482
1958-04-08,1221.335
1958-04-09,1231.622
1958-04-10,1341.082
1958-04-11,1380.843
1958-04-12,1294.401
1958-04-13,1197.7
1958-04-14,1138.543
1958-04-15,1085.345
1958-04-16,1063.061
1958-04-17,1041.605
1958-04-18,1027.249
1958-04-19,985.192
1958-04-20,941.106
1958-04-21,937.501
1958-04-22,968.308
1958-04-23,1025.02
1958-04-24,1088.163
1958-04-25,1195.704
1958-04-26,1289.188
1958-04-27,1318.53
1958-04-28,1344.885
1958-04-29,1236.074
1958-04-30,1069.05
1958-05-01,1033.017
1958-05-02,1112.434
1958-05-03,1316.026
1958-05-04,1604.925
1958-05-05,1774.203
1958-05-06,1777.823
1958-05-07,1921.988
1958-05-08,2264.833
1958-05-09,2378.144
1958-05-10,2197.433
1958-05-11,2133.487
1958-05-12,2206.701
1958-05-13,2373.526
1958-05-14,2453.792
1958-05-15,2438.159
1958-05-16,2463.575
1958-05-17,2514.025
1958-05-18,2527.425
1958-05-19,2525.045
1958-05-20,2242.246
1958-05-21,1963.3
1958-05-22,1802.293
1958-05-23,1949.741
1958-05-24,2137.79
1958-05-25,2552.538
1958-05-26,2899.16
1958-05-27,2827.911
1958-05-28,2513.861
1958-05-29,2235.814
1958-05-30,2049.347
1958-05-31,1805.852
1958-06-01,1555.225
1958-06-02,1388.981
1958-06-03,1261.957
1958-06-04,1153.027
1958-06-05,1073.047
1958-06-06,1015.088
1958-06-07,966.078
1958-06-08,921.485
1958-06-09,881.6
1958-06-10,844.446
1958-06-11,807.661
1958-06-12,771.233
1958-06-13,735.1
1958-06-14,701.052
1958-06-15,670.255
1958-06-16,643.015
1958-06-17,621.298
1958-06-18,606.831
1958-06-19,591.59
1958-06-20,569.213
1958-06-21,546.011
1958-06-22,523.403
1958-06-23,500.362
1958-06-24,479.661
1958-06-25,465.211
1958-06-26,454.568
1958-06-27,439.302
1958-06-28,421.795
1958-06-29,408.532
1958-06-30,400.029
1958-07-01,397.986
1958-07-02,398.102
1958-07-03,388.232
1958-07-04,370.032
1958-07-05,362.356
1958-07-06,373.618
1958-07-07,374.312
1958-07-08,352.878
1958-07-09,334.737
1958-07-10,338.055
1958-07-11,353.595
1958-07-12,369.427
1958-07-13,368.728
1958-07-14,345.551
1958-07-15,315.342
1958-07-16,296.742
1958-07-17,290.085
1958-07-18,290.598
1958-07-19,280.919
1958-07-20,267.133
1958-07-21,257.538
1958-07-22,262.372
1958-07-23,268.118
1958-07-24,252.459
1958-07-25,235.008
1958-07-26,238.315
1958-07-27,247.534
1958-07-28,267.137
1958-07-29,325.478
1958-07-30,380.84
1958-07-31,391.275
1958-08-01,360.87
1958-08-02,298.83
1958-08-03,237.668
1958-08-04,202.52
1958-08-05,186.994
1958-08-06,181.173
1958-08-07,181.155
1958-08-08,182.376
1958-08-09,180.4
1958-08-10,178.498
1958-08-11,180.918
1958-08-12,187.764
1958-08-13,203.675
1958-08-14,235.818
1958-08-15,249.0
1958-08-16,237.14
1958-08-17,221.231
1958-08-18,239.784
1958-08-19,280.988
1958-08-20,329.477
1958-08-21,369.911
1958-08-22,422.13
1958-08-23,505.997
1958-08-24,539.827
1958-08-25,487.344
1958-08-26,389.326
1958-08-27,292.699
1958-08-28,226.605
1958-08-29,197.539
1958-08-30,183.225
1958-08-31,171.481
1958-09-01,177.927
1958-09-02,197.731
1958-09-03,197.37
1958-09-04,191.37
1958-09-05,195.596
1958-09-06,190.45
1958-09-07,173.348
1958-09-08,168.645
1958-09-09,173.339
1958-09-10,187.998
1958-09-11,227.205
1958-09-12,245.853
1958-09-13,253.442
1958-09-14,248.711
1958-09-15,223.483
1958-09-16,246.333
1958-09-17,298.29
1958-09-18,391.169
1958-09-19,435.327
1958-09-20,388.539
1958-09-21,299.188
1958-09-22,207.063
1958-09-23,153.613
1958-09-24,148.365
1958-09-25,210.123
1958-09-26,267.034
1958-09-27,320.788
1958-09-28,401.714
1958-09-29,475.252
1958-09-30,474.181
1958-10-01,440.127
1958-10-02,372.465
1958-10-03,290.344
1958-10-04,217.07
1958-10-05,182.516
1958-10-06,199.847
1958-10-07,241.287
1958-10-08,294.545
1958-10-09,345.39
1958-10-10,426.609
1958-10-11,391.694
1958-10-12,258.068
1958-10-13,180.952
1958-10-14,160.782
1958-10-15,166.955
1958-10-16,177.509
1958-10-17,203.475
1958-10-18,230.626
1958-10-19,252.524
1958-10-20,316.067
1958-10-21,558.862
1958-10-22,699.359
1958-10-23,619.098
1958-10-24,603.751
1958-10-25,686.86
1958-10-26,768.481
1958-10-27,826.522
1958-10-28,931.312
1958-10-29,954.523
1958-10-30,870.189
1958-10-31,779.298
1958-11-01,623.6
1958-11-02,419.945
1958-11-03,288.296
1958-11-04,234.755
1958-11-05,218.369
1958-11-06,219.554
1958-11-07,238.009
1958-11-08,295.005
1958-11-09,283.665
1958-11-10,216.862
1958-11-11,194.946
1958-11-12,189.112
1958-11-13,186.033
1958-11-14,194.551
1958-11-15,211.75
1958-11-16,214.93
1958-11-17,220.375
1958-11-18,236.998
1958-11-19,256.438
1958-11-20,341.37
1958-11-21,456.268
1958-11-22,482.787
1958-11-23,479.097
1958-11-24,507.078
1958-11-25,558.485
1958-11-26,608.777
1958-11-27,688.778
1958-11-28,839.73
1958-11-29,967.437
1958-11-30,1020.164
1958-12-01,1000.2
1958-12-02,981.194
1958-12-03,1016.809
1958-12-04,1049.028
1958-12-05,984.119
1958-12-06,874.99
1958-12-07,1031.472
1958-12-08,1170.361
1958-12-09,1274.535
1958-12-10,1340.609
1958-12-11,1422.896
1958-12-12,1509.305
1958-12-13,1560.759
1958-12-14,1456.827
1958-12-15,1334.222
1958-12-16,1316.926
1958-12-17,1320.789
1958-12-18,1265.598
1958-12-19,1212.536
1958-12-20,1233.997
1958-12-21,1306.391
1958-12-22,1366.413
1958-12-23,1184.178
1958-12-24,1060.064
1958-12-25,1090.256
1958-12-26,1261.11
1958-12-27,1391.856
1958-12-28,1433.789
1958-12-29,1500.9
1958-12-30,1613.262
1958-12-31,1538.659
1959-01-01,1373.915
1959-01-02,1278.031
1959-01-03,1305.706
1959-01-04,1489.67
1959-01-05,1886.096
1959-01-06,1982.241
1959-01-07,1665.428
1959-01-08,1498.963
1959-01-09,1479.764
1959-01-10,1444.936
1959-01-11,1344.762
1959-01-12,1219.11
1959-01-13,1142.102
1959-01-14,1116.379
1959-01-15,1117.762
1959-01-16,1090.556
1959-01-17,1054.841
1959-01-18,1058.026
1959-01-19,1090.488
1959-01-20,1078.1
1959-01-21,1040.815
1959-01-22,1012.057
1959-01-23,1049.014
1959-01-24,1117.971
1959-01-25,1102.551
1959-01-26,1024.28
1959-01-27,935.917
1959-01-28,916.085
1959-01-29,942.99
1959-01-30,1018.955
1959-01-31,1162.847
1959-02-01,1284.773
1959-02-02,1240.748
1959-02-03,1141.132
1959-02-04,1052.616
1959-02-05,1004.788
1959-02-06,1042.243
1959-02-07,1155.288
1959-02-08,1357.436
1959-02-09,1603.214
1959-02-10,1913.228
1959-02-11,2005.102
1959-02-12,1740.726
1959-02-13,1403.98
1959-02-14,1207.188
1959-02-15,1197.467
1959-02-16,1252.09
1959-02-17,1297.975
1959-02-18,1292.222
1959-02-19,1233.66
1959-02-20,1210.241
1959-02-21,1288.459
1959-02-22,1409.962
1959-02-23,1396.415
1959-02-24,1302.835
1959-02-25,1269.985
1959-02-26,1318.496
1959-02-27,1392.664
1959-02-28,1414.645
1959-03-01,1422.066
1959-03-02,1571.925
1959-03-03,1718.952
1959-03-04,1636.172
1959-03-05,1475.795
1959-03-06,1387.237
1959-03-07,1361.693
1959-03-08,1416.763
1959-03-09,1546.537
1959-03-10,1663.244
1959-03-11,1813.216
1959-03-12,2054.088
1959-03-13,2384.133
1959-03-14,2684.035
1959-03-15,2673.68
1959-03-16,2359.437
1959-03-17,2028.18
1959-03-18,1862.375
1959-03-19,1803.764
1959-03-20,1719.715
1959-03-21,1671.863
1959-03-22,1723.325
1959-03-23,1817.975
1959-03-24,1795.831
1959-03-25,1622.194
1959-03-26,1417.653
1959-03-27,1300.172
1959-03-28,1253.145
1959-03-29,1241.657
1959-03-30,1232.462
1959-03-31,1235.883
1959-04-01,1234.422
1959-04-02,1454.368
1959-04-03,1558.345
1959-04-04,1421.615
1959-04-05,1296.922
1959-04-06,1251.423
1959-04-07,1255.555
1959-04-08,1311.912
1959-04-09,1348.817
1959-04-10,1360.22
1959-04-11,1381.899
1959-04-12,1385.404
1959-04-13,1395.293
1959-04-14,1438.191
1959-04-15,1342.664
1959-04-16,1141.664
1959-04-17,1034.544
1959-04-18,1029.24
1959-04-19,1074.734
1959-04-20,1084.229
1959-04-21,1057.945
1959-04-22,1083.037
1959-04-23,1235.696
1959-04-24,1329.623
1959-04-25,1321.088
1959-04-26,1359.628
1959-04-27,1449.107
1959-04-28,1553.951
1959-04-29,1732.068
1959-04-30,1917.439
1959-05-01,2082.67
1959-05-02,2118.866
1959-05-03,2110.311
1959-05-04,2252.368
1959-05-05,2325.919
1959-05-06,2251.13
1959-05-07,2219.014
1959-05-08,2166.19
1959-05-09,2191.015
1959-05-10,2297.754
1959-05-11,2405.153
1959-05-12,2311.069
1959-05-13,2154.074
1959-05-14,2172.33
1959-05-15,2213.106
1959-05-16,2307.752
1959-05-17,2473.467
1959-05-18,2492.928
1959-05-19,2365.068
1959-05-20,2227.2
1959-05-21,2128.705
1959-05-22,2056.643
1959-05-23,2130.3
1959-05-24,2163.121
1959-05-25,1987.486
1959-05-26,1878.787
1959-05-27,1872.247
1959-05-28,1994.127
1959-05-29,2358.307
1959-05-30,2520.358
1959-05-31,2443.727
1959-06-01,2596.844
1959-06-02,2542.559
1959-06-03,2296.946
1959-06-04,2211.8
1959-06-05,2380.216
1959-06-06,2372.0
1959-06-07,2098.565
1959-06-08,1815.131
1959-06-09,1644.354
1959-06-10,1985.119
1959-06-11,2526.388
1959-06-12,2340.225
1959-06-13,1760.638
1959-06-14,1437.304
1959-06-15,1366.114
1959-06-16,1293.507
1959-06-17,1166.272
1959-06-18,1043.436
1959-06-19,961.371
1959-06-20,916.826
1959-06-21,889.455
1959-06-22,857.672
1959-06-23,822.468
1959-06-24,793.3
1959-06-25,770.673
1959-06-26,755.735
1959-06-27,738.762
1959-06-28,707.908
1959-06-29,673.531
1959-06-30,646.428
1959-07-01,625.511
1959-07-02,606.302
1959-07-03,588.29
1959-07-04,574.35
1959-07-05,567.645
1959-07-06,562.087
1959-07-07,549.473
1959-07-08,527.746
1959-07-09,512.038
1959-07-10,505.395
1959-07-11,497.841
1959-07-12,496.394
1959-07-13,502.273
1959-07-14,488.914
1959-07-15,461.444
1959-07-16,443.833
1959-07-17,430.162
1959-07-18,411.022
1959-07-19,395.469
1959-07-20,382.588
1959-07-21,369.375
1959-07-22,357.113
1959-07-23,347.371
1959-07-24,339.12
1959-07-25,332.458
1959-07-26,325.558
1959-07-27,316.778
1959-07-28,309.107
1959-07-29,304.069
1959-07-30,300.761
1959-07-31,303.423
1959-08-01,311.602
1959-08-02,328.938
1959-08-03,341.947
1959-08-04,330.73
1959-08-05,311.623
1959-08-06,308.731
1959-08-07,309.237
1959-08-08,310.501
1959-08-09,333.797
1959-08-10,371.325
1959-08-11,387.901
1959-08-12,359.412
1959-08-13,301.898
1959-08-14,263.671
1959-08-15,250.839
1959-08-16,237.065
1959-08-17,222.444
1959-08-18,231.05
1959-08-19,296.462
1959-08-20,360.516
1959-08-21,379.008
1959-08-22,399.998
1959-08-23,361.853
1959-08-24,296.662
1959-08-25,270.938
1959-08-26,260.765
1959-08-27,227.099
1959-08-28,202.33
1959-08-29,205.433
1959-08-30,237.182
1959-08-31,272.048
1959-09-01,327.88
1959-09-02,381.545
1959-09-03,404.804
1959-09-04,395.476
1959-09-05,364.251
1959-09-06,310.858
1959-09-07,277.395
1959-09-08,287.005
1959-09-09,283.416
1959-09-10,245.791
1959-09-11,231.892
1959-09-12,275.01
1959-09-13,384.375
1959-09-14,464.947
1959-09-15,507.789
1959-09-16,565.173
1959-09-17,627.368
1959-09-18,628.084
1959-09-19,595.208
1959-09-20,527.162
1959-09-21,462.092
1959-09-22,464.902
1959-09-23,470.273
1959-09-24,455.705
1959-09-25,485.972
1959-09-26,556.383
1959-09-27,593.308
1959-09-28,592.946
1959-09-29,665.628
1959-09-30,766.748
1959-10-01,831.159
1959-10-02,858.077
1959-10-03,757.602
1959-10-04,577.763
1959-10-05,467.065
1959-10-06,481.583
1959-10-07,585.713
1959-10-08,734.934
1959-10-09,791.782
1959-10-10,773.316
1959-10-11,838.439
1959-10-12,830.158
1959-10-13,902.862
1959-10-14,849.877
1959-10-15,708.35
1959-10-16,619.086
1959-10-17,667.435
1959-10-18,795.324
1959-10-19,874.331
1959-10-20,987.532
1959-10-21,1037.667
1959-10-22,1008.139
1959-10-23,1006.07
1959-10-24,987.864
1959-10-25,936.238
1959-10-26,838.427
1959-10-27,796.856
1959-10-28,817.3
1959-10-29,788.369
1959-10-30,737.589
1959-10-31,680.073
1959-11-01,661.765
1959-11-02,788.977
1959-11-03,1010.275
1959-11-04,1267.925
1959-11-05,1437.12
1959-11-06,1628.219
1959-11-07,1845.514
1959-11-08,2027.382
1959-11-09,2096.195
1959-11-10,1934.238
1959-11-11,1857.418
1959-11-12,1933.95
1959-11-13,2073.801
1959-11-14,2177.465
1959-11-15,2246.867
1959-11-16,2227.637
1959-11-17,2113.425
1959-11-18,1970.907
1959-11-19,1994.098
1959-11-20,2205.587
1959-11-21,2242.733
1959-11-22,2059.051
1959-11-23,1854.419
1959-11-24,1704.415
1959-11-25,1561.945
1959-11-26,1412.142
1959-11-27,1279.55
1959-11-28,1178.642
1959-11-29,1128.544
1959-11-30,1127.418
1959-12-01,1217.488
1959-12-02,1308.848
1959-12-03,1358.637
1959-12-04,1364.93
1959-12-05,1367.763
1959-12-06,1536.78
1959-12-07,1749.895
1959-12-08,1732.477
1959-12-09,1609.939
1959-12-10,1641.143
1959-12-11,1715.561
1959-12-12,1801.113
1959-12-13,1898.587
1959-12-14,1953.47
1959-12-15,1925.697
1959-12-16,1875.479
1959-12-17,1860.023
1959-12-18,2042.827
1959-12-19,2329.003
1959-12-20,2399.589
1959-12-21,2195.553
1959-12-22,2069.844
1959-12-23,2009.015
1959-12-24,2021.627
1959-12-25,2095.727
1959-12-26,2127.37
1959-12-27,2090.181
1959-12-28,2044.203
1959-12-29,2017.427
1959-12-30,1909.991
1959-12-31,1722.423
1960-01-01,1601.303
1960-01-02,1545.842
1960-01-03,1508.938
1960-01-04,1521.326
1960-01-05,1533.805
1960-01-06,1441.995
1960-01-07,1386.77
1960-01-08,1409.655
1960-01-09,1431.432
1960-01-10,1445.2
1960-01-11,1521.417
1960-01-12,1762.453
1960-01-13,1818.431
1960-01-14,1647.34
1960-01-15,1592.191
1960-01-16,1552.158
1960-01-17,1452.91
1960-01-18,1368.113
1960-01-19,1361.085
1960-01-20,1361.785
1960-01-21,1336.871
1960-01-22,1326.582
1960-01-23,1396.51
1960-01-24,1538.993
1960-01-25,1649.841
1960-01-26,1764.253
1960-01-27,1889.822
1960-01-28,1945.651
1960-01-29,1945.658
1960-01-30,2193.491
1960-01-31,2319.121
1960-02-01,2121.779
1960-02-02,2012.443
1960-02-03,1886.72
1960-02-04,1820.28
1960-02-05,1872.586
1960-02-06,1958.222
1960-02-07,2076.089
1960-02-08,2154.228
1960-02-09,2121.292
1960-02-10,2025.395
1960-02-11,1889.568
1960-02-12,1736.959
1960-02-13,1737.087
1960-02-14,1720.473
1960-02-15,1688.772
1960-02-16,1744.689
1960-02-17,2049.137
1960-02-18,2362.641
1960-02-19,2235.192
1960-02-20,1963.756
1960-02-21,1869.099
1960-02-22,1874.46
1960-02-23,1986.012
1960-02-24,1983.169
1960-02-25,1774.808
1960-02-26,1634.146
1960-02-27,1592.164
1960-02-28,1579.884
1960-02-29,1614.807
1960-03-01,1724.483
1960-03-02,1843.933
1960-03-03,1979.755
1960-03-04,2016.21
1960-03-05,1915.498
1960-03-06,1810.114
1960-03-07,1812.249
1960-03-08,1853.197
1960-03-09,1897.688
1960-03-10,2209.645
1960-03-11,2277.645
1960-03-12,2153.455
1960-03-13,2178.987
1960-03-14,2289.303
1960-03-15,2539.138
1960-03-16,2752.203
1960-03-17,2772.869
1960-03-18,2548.453
1960-03-19,2296.221
1960-03-20,2204.845
1960-03-21,2275.673
1960-03-22,2302.934
1960-03-23,2359.902
1960-03-24,2300.099
1960-03-25,2113.286
1960-03-26,2077.125
1960-03-27,2141.549
1960-03-28,2295.348
1960-03-29,2497.16
1960-03-30,2694.238
1960-03-31,2811.856
1960-04-01,2786.522
1960-04-02,2667.014
1960-04-03,2624.036
1960-04-04,2527.283
1960-04-05,2342.947
1960-04-06,2316.245
1960-04-07,2491.967
1960-04-08,2641.887
1960-04-09,2796.887
1960-04-10,2951.602
1960-04-11,3144.306
1960-04-12,3165.217
1960-04-13,3053.965
1960-04-14,2966.521
1960-04-15,3068.858
1960-04-16,3406.839
1960-04-17,3753.237
1960-04-18,4104.647
1960-04-19,4414.764
1960-04-20,4801.178
1960-04-21,4882.392
1960-04-22,4424.835
1960-04-23,3791.657
1960-04-24,3389.385
1960-04-25,3268.49
1960-04-26,3101.218
1960-04-27,2894.98
1960-04-28,2801.099
1960-04-29,2820.634
1960-04-30,2826.894
1960-05-01,2808.17
1960-05-02,2812.966
1960-05-03,2807.899
1960-05-04,2792.315
1960-05-05,2750.358
1960-05-06,2603.555
1960-05-07,2406.2
1960-05-08,2208.935
1960-05-09,2054.624
1960-05-10,1975.777
1960-05-11,1944.385
1960-05-12,1948.312
1960-05-13,1982.862
1960-05-14,1967.407
1960-05-15,1877.408
1960-05-16,1753.297
1960-05-17,1697.252
1960-05-18,1697.459
1960-05-19,1689.443
1960-05-20,1662.844
1960-05-21,1597.685
1960-05-22,1518.634
1960-05-23,1463.415
1960-05-24,1396.419
1960-05-25,1333.288
1960-05-26,1302.472
1960-05-27,1349.84
1960-05-28,1367.132
1960-05-29,1304.374
1960-05-30,1235.163
1960-05-31,1178.317
1960-06-01,1133.136
1960-06-02,1095.373
1960-06-03,1053.375
1960-06-04,992.838
1960-06-05,938.419
1960-06-06,884.803
1960-06-07,835.019
1960-06-08,801.822
1960-06-09,781.126
1960-06-10,761.754
1960-06-11,749.09
1960-06-12,756.157
1960-06-13,788.188
1960-06-14,809.03
1960-06-15,770.743
1960-06-16,697.668
1960-06-17,639.747
1960-06-18,605.42
1960-06-19,582.505
1960-06-20,564.503
1960-06-21,551.861
1960-06-22,542.835
1960-06-23,535.322
1960-06-24,521.286
1960-06-25,501.102
1960-06-26,483.079
1960-06-27,469.108
1960-06-28,457.587
1960-06-29,446.783
1960-06-30,435.608
1960-07-01,424.74
1960-07-02,415.017
1960-07-03,407.177
1960-07-04,399.671
1960-07-05,391.394
1960-07-06,384.982
1960-07-07,388.542
1960-07-08,409.55
1960-07-09,445.45
1960-07-10,474.838
1960-07-11,485.194
1960-07-12,487.292
1960-07-13,490.055
1960-07-14,474.051
1960-07-15,433.884
1960-07-16,393.03
1960-07-17,364.159
1960-07-18,340.798
1960-07-19,324.084
1960-07-20,320.064
1960-07-21,321.588
1960-07-22,318.695
1960-07-23,317.999
1960-07-24,329.047
1960-07-25,335.829
1960-07-26,322.4
1960-07-27,303.508
1960-07-28,291.067
1960-07-29,282.939
1960-07-30,273.316
1960-07-31,260.94
1960-08-01,253.759
1960-08-02,251.182
1960-08-03,247.954
1960-08-04,242.607
1960-08-05,236.59
1960-08-06,229.897
1960-08-07,223.332
1960-08-08,217.755
1960-08-09,212.402
1960-08-10,207.525
1960-08-11,203.348
1960-08-12,199.484
1960-08-13,196.187
1960-08-14,193.596
1960-08-15,189.464
1960-08-16,185.444
1960-08-17,182.225
1960-08-18,179.759
1960-08-19,178.662
1960-08-20,178.594
1960-08-21,177.2
1960-08-22,173.33
1960-08-23,170.705
1960-08-24,168.337
1960-08-25,164.899
1960-08-26,163.335
1960-08-27,162.967
1960-08-28,162.719
1960-08-29,163.244
1960-08-30,161.786
1960-08-31,163.482
1960-09-01,178.071
1960-09-02,202.01
1960-09-03,209.151
1960-09-04,198.116
1960-09-05,211.908
1960-09-06,206.138
1960-09-07,186.663
1960-09-08,177.394
1960-09-09,189.367
1960-09-10,239.627
1960-09-11,294.752
1960-09-12,332.879
1960-09-13,368.511
1960-09-14,359.085
1960-09-15,357.864
1960-09-16,354.516
1960-09-17,381.305
1960-09-18,413.745
1960-09-19,441.149
1960-09-20,457.122
1960-09-21,428.498
1960-09-22,370.66
1960-09-23,308.992
1960-09-24,300.185
1960-09-25,365.687
1960-09-26,419.885
1960-09-27,476.263
1960-09-28,506.412
1960-09-29,483.975
1960-09-30,456.33
1960-10-01,428.565
1960-10-02,409.628
1960-10-03,344.5
1960-10-04,275.406
1960-10-05,272.94
1960-10-06,336.57
1960-10-07,456.835
1960-10-08,610.978
1960-10-09,712.618
1960-10-10,753.415
1960-10-11,652.621
1960-10-12,504.373
1960-10-13,464.183
1960-10-14,536.026
1960-10-15,661.96
1960-10-16,818.688
1960-10-17,951.791
1960-10-18,1070.122
1960-10-19,1155.34
1960-10-20,1143.91
1960-10-21,1052.452
1960-10-22,856.948
1960-10-23,625.447
1960-10-24,484.497
1960-10-25,411.336
1960-10-26,372.823
1960-10-27,346.888
1960-10-28,316.179
1960-10-29,298.467
1960-10-30,341.122
1960-10-31,426.368
1960-11-01,520.27
1960-11-02,608.98
1960-11-03,651.825
1960-11-04,571.872
1960-11-05,467.256
1960-11-06,410.047
1960-11-07,454.057
1960-11-08,539.816
1960-11-09,620.71
1960-11-10,707.85
1960-11-11,817.364
1960-11-12,848.975
1960-11-13,834.935
1960-11-14,847.657
1960-11-15,903.918
1960-11-16,964.458
1960-11-17,989.713
1960-11-18,1094.03
1960-11-19,1248.776
1960-11-20,1328.454
1960-11-21,1430.142
1960-11-22,1631.223
1960-11-23,1748.498
1960-11-24,1652.748
1960-11-25,1501.106
1960-11-26,1382.373
1960-11-27,1329.087
1960-11-28,1455.247
1960-11-29,1940.49
1960-11-30,2030.892
1960-12-01,1646.51
1960-12-02,1361.615
1960-12-03,1188.754
1960-12-04,1108.55
1960-12-05,1120.258
1960-12-06,1215.181
1960-12-07,1278.158
1960-12-08,1204.16
1960-12-09,1098.942
1960-12-10,1102.461
1960-12-11,1149.038
1960-12-12,1086.992
1960-12-13,940.382
1960-12-14,791.648
1960-12-15,691.041
1960-12-16,662.199
1960-12-17,715.406
1960-12-18,754.952
1960-12-19,724.207
1960-12-20,685.103
1960-12-21,666.905
1960-12-22,667.314
1960-12-23,674.969
1960-12-24,669.974
1960-12-25,635.532
1960-12-26,643.22
1960-12-27,669.092
1960-12-28,729.992
1960-12-29,749.275
1960-12-30,720.594
1960-12-31,718.818
1961-01-01,773.788
1961-01-02,881.312
1961-01-03,982.877
1961-01-04,1024.295
1961-01-05,970.474
1961-01-06,878.947
1961-01-07,810.026
1961-01-08,806.273
1961-01-09,831.59
1961-01-10,813.054
1961-01-11,739.225
1961-01-12,653.847
1961-01-13,562.934
1961-01-14,499.949
1961-01-15,495.585
1961-01-16,535.908
1961-01-17,577.658
1961-01-18,576.095
1961-01-19,580.323
1961-01-20,674.553
1961-01-21,795.843
1961-01-22,882.624
1961-01-23,922.8
1961-01-24,956.803
1961-01-25,929.408
1961-01-26,913.207
1961-01-27,976.1
1961-01-28,1040.687
1961-01-29,1087.598
1961-01-30,1116.748
1961-01-31,1043.063
1961-02-01,960.997
1961-02-02,940.338
1961-02-03,906.711
1961-02-04,881.557
1961-02-05,952.792
1961-02-06,1086.177
1961-02-07,1283.99
1961-02-08,1303.789
1961-02-09,1223.504
1961-02-10,1212.72
1961-02-11,1234.071
1961-02-12,1296.474
1961-02-13,1396.586
1961-02-14,1374.269
1961-02-15,1448.31
1961-02-16,1536.465
1961-02-17,1456.638
1961-02-18,1444.936
1961-02-19,1577.63
1961-02-20,1770.441
1961-02-21,1807.236
1961-02-22,1715.355
1961-02-23,1660.063
1961-02-24,1649.818
1961-02-25,1703.796
1961-02-26,1711.16
1961-02-27,1663.413
1961-02-28,1604.997
1961-03-01,1553.556
1961-03-02,1538.12
1961-03-03,1627.51
1961-03-04,1768.941
1961-03-05,1832.328
1961-03-06,1848.112
1961-03-07,1867.2
1961-03-08,1847.565
1961-03-09,1814.062
1961-03-10,1814.282
1961-03-11,1886.103
1961-03-12,1950.228
1961-03-13,1967.251
1961-03-14,1947.682
1961-03-15,1933.16
1961-03-16,1920.099
1961-03-17,1904.946
1961-03-18,1810.736
1961-03-19,1698.876
1961-03-20,1656.438
1961-03-21,1651.083
1961-03-22,1490.795
1961-03-23,1262.5
1961-03-24,1152.172
1961-03-25,1135.595
1961-03-26,1213.305
1961-03-27,1302.058
1961-03-28,1416.706
1961-03-29,1581.6
1961-03-30,1630.354
1961-03-31,1588.731
1961-04-01,1579.098
1961-04-02,1484.752
1961-04-03,1458.903
1961-04-04,1561.295
1961-04-05,1715.48
1961-04-06,1764.587
1961-04-07,1687.167
1961-04-08,1667.92
1961-04-09,1797.728
1961-04-10,2005.487
1961-04-11,2089.311
1961-04-12,2012.665
1961-04-13,1924.86
1961-04-14,1795.038
1961-04-15,1683.362
1961-04-16,1658.054
1961-04-17,1631.068
1961-04-18,1577.138
1961-04-19,1539.105
1961-04-20,1533.718
1961-04-21,1622.478
1961-04-22,1677.778
1961-04-23,1720.177
1961-04-24,1733.41
1961-04-25,1753.936
1961-04-26,1773.838
1961-04-27,1662.448
1961-04-28,1549.818
1961-04-29,1507.865
1961-04-30,1506.827
1961-05-01,1876.3
1961-05-02,1933.318
1961-05-03,1527.888
1961-05-04,1299.536
1961-05-05,1344.433
1961-05-06,1407.403
1961-05-07,1373.128
1961-05-08,1360.742
1961-05-09,1371.685
1961-05-10,1320.666
1961-05-11,1278.206
1961-05-12,1337.857
1961-05-13,1488.385
1961-05-14,1427.864
1961-05-15,1248.085
1961-05-16,1255.717
1961-05-17,1359.983
1961-05-18,1368.208
1961-05-19,1369.958
1961-05-20,1371.949
1961-05-21,1350.779
1961-05-22,1278.511
1961-05-23,1174.294
1961-05-24,1088.122
1961-05-25,1052.858
1961-05-26,1060.033
1961-05-27,1091.98
1961-05-28,1110.332
1961-05-29,1084.009
1961-05-30,998.963
1961-05-31,908.618
1961-06-01,824.806
1961-06-02,753.319
1961-06-03,699.724
1961-06-04,660.77
1961-06-05,639.438
1961-06-06,633.195
1961-06-07,631.521
1961-06-08,613.987
1961-06-09,584.928
1961-06-10,564.485
1961-06-11,547.966
1961-06-12,525.735
1961-06-13,501.554
1961-06-14,483.247
1961-06-15,472.605
1961-06-16,468.253
1961-06-17,457.481
1961-06-18,440.774
1961-06-19,425.805
1961-06-20,415.986
1961-06-21,410.706
1961-06-22,400.346
1961-06-23,384.678
1961-06-24,372.608
1961-06-25,368.026
1961-06-26,362.02
1961-06-27,350.535
1961-06-28,339.643
1961-06-29,329.602
1961-06-30,321.615
1961-07-01,314.729
1961-07-02,313.832
1961-07-03,311.949
1961-07-04,310.72
1961-07-05,320.815
1961-07-06,329.38
1961-07-07,339.212
1961-07-08,356.973
1961-07-09,353.945
1961-07-10,339.732
1961-07-11,330.667
1961-07-12,321.985
1961-07-13,315.297
1961-07-14,311.338
1961-07-15,327.608
1961-07-16,357.65
1961-07-17,369.418
1961-07-18,344.015
1961-07-19,300.401
1961-07-20,273.38
1961-07-21,277.421
1961-07-22,294.131
1961-07-23,303.384
1961-07-24,292.482
1961-07-25,265.24
1961-07-26,244.882
1961-07-27,238.79
1961-07-28,236.05
1961-07-29,234.238
1961-07-30,246.936
1961-07-31,252.108
1961-08-01,264.635
1961-08-02,283.084
1961-08-03,283.595
1961-08-04,279.167
1961-08-05,271.713
1961-08-06,240.516
1961-08-07,215.404
1961-08-08,245.528
1961-08-09,349.882
1961-08-10,468.737
1961-08-11,505.975
1961-08-12,482.806
1961-08-13,491.579
1961-08-14,482.713
1961-08-15,481.705
1961-08-16,477.579
1961-08-17,440.966
1961-08-18,350.481
1961-08-19,275.332
1961-08-20,295.919
1961-08-21,378.657
1961-08-22,356.297
1961-08-23,291.671
1961-08-24,246.016
1961-08-25,272.664
1961-08-26,258.144
1961-08-27,232.272
1961-08-28,250.662
1961-08-29,286.648
1961-08-30,297.704
1961-08-31,359.568
1961-09-01,455.361
1961-09-02,512.219
1961-09-03,526.603
1961-09-04,518.163
1961-09-05,511.625
1961-09-06,439.937
1961-09-07,357.821
1961-09-08,365.101
1961-09-09,383.666
1961-09-10,349.572
1961-09-11,329.257
1961-09-12,296.342
1961-09-13,250.39
1961-09-14,240.932
1961-09-15,272.405
1961-09-16,319.602
1961-09-17,451.241
1961-09-18,616.433
1961-09-19,683.35
1961-09-20,628.967
1961-09-21,504.33
1961-09-22,416.375
1961-09-23,401.617
1961-09-24,435.333
1961-09-25,467.45
1961-09-26,490.893
1961-09-27,479.818
1961-09-28,457.597
1961-09-29,436.329
1961-09-30,474.053
1961-10-01,537.373
1961-10-02,586.86
1961-10-03,617.99
1961-10-04,607.562
1961-10-05,583.562
1961-10-06,592.077
1961-10-07,684.108
1961-10-08,828.503
1961-10-09,950.418
1961-10-10,892.585
1961-10-11,730.057
1961-10-12,647.759
1961-10-13,607.722
1961-10-14,541.604
1961-10-15,506.375
1961-10-16,526.02
1961-10-17,588.479
1961-10-18,744.424
1961-10-19,943.351
1961-10-20,1149.649
1961-10-21,1299.552
1961-10-22,1309.933
1961-10-23,1254.589
1961-10-24,1036.192
1961-10-25,742.646
1961-10-26,586.266
1961-10-27,564.747
1961-10-28,602.342
1961-10-29,706.919
1961-10-30,827.073
1961-10-31,1013.417
1961-11-01,1245.827
1961-11-02,1415.57
1961-11-03,1452.277
1961-11-04,1464.476
1961-11-05,1452.337
1961-11-06,1587.309
1961-11-07,1793.974
1961-11-08,1790.803
1961-11-09,1599.775
1961-11-10,1562.795
1961-11-11,1773.617
1961-11-12,2038.722
1961-11-13,2170.368
1961-11-14,1989.001
1961-11-15,1750.201
1961-11-16,1747.286
1961-11-17,1780.578
1961-11-18,1778.665
1961-11-19,1777.172
1961-11-20,1816.07
1961-11-21,1863.462
1961-11-22,1898.547
1961-11-23,1943.548
1961-11-24,1909.311
1961-11-25,1790.125
1961-11-26,1757.051
1961-11-27,1901.544
1961-11-28,2270.881
1961-11-29,2633.119
1961-11-30,2854.828
1961-12-01,2955.391
1961-12-02,2960.654
1961-12-03,2832.774
1961-12-04,2667.378
1961-12-05,2586.535
1961-12-06,2609.172
1961-12-07,2746.496
1961-12-08,2927.684
1961-12-09,3036.149
1961-12-10,3119.936
1961-12-11,3113.51
1961-12-12,3024.322
1961-12-13,3054.612
1961-12-14,3188.866
1961-12-15,3208.994
1961-12-16,3204.797
1961-12-17,3403.387
1961-12-18,3354.35
1961-12-19,3001.638
1961-12-20,2854.685
1961-12-21,2940.935
1961-12-22,3103.731
1961-12-23,3210.023
1961-12-24,3269.785
1961-12-25,3229.022
1961-12-26,3349.71
1961-12-27,3652.301
1961-12-28,3972.166
1961-12-29,4191.161
1961-12-30,4211.479
1961-12-31,4142.514
1962-01-01,3911.4
1962-01-02,3434.302
1962-01-03,3114.817
1962-01-04,3170.168
1962-01-05,3345.918
1962-01-06,3300.88
1962-01-07,3169.735
1962-01-08,3170.225
1962-01-09,3236.695
1962-01-10,3322.613
1962-01-11,3254.605
1962-01-12,3264.511
1962-01-13,3395.539
1962-01-14,3561.122
1962-01-15,3750.08
1962-01-16,4003.112
1962-01-17,4226.748
1962-01-18,4204.601
1962-01-19,4060.497
1962-01-20,3913.715
1962-01-21,3788.549
1962-01-22,3720.46
1962-01-23,3583.695
1962-01-24,3375.363
1962-01-25,3245.805
1962-01-26,3144.975
1962-01-27,3003.608
1962-01-28,2814.36
1962-01-29,2619.112
1962-01-30,2547.218
1962-01-31,2555.25
1962-02-01,2650.216
1962-02-02,2899.651
1962-02-03,2998.423
1962-02-04,2770.243
1962-02-05,2509.343
1962-02-06,2438.044
1962-02-07,2468.674
1962-02-08,2455.699
1962-02-09,2371.922
1962-02-10,2271.028
1962-02-11,2133.397
1962-02-12,2007.658
1962-02-13,2014.955
1962-02-14,1873.866
1962-02-15,1744.365
1962-02-16,1602.759
1962-02-17,1492.194
1962-02-18,1421.65
1962-02-19,1404.887
1962-02-20,1432.76
1962-02-21,1476.575
1962-02-22,1445.124
1962-02-23,1416.248
1962-02-24,1509.434
1962-02-25,1624.654
1962-02-26,1726.864
1962-02-27,1724.269
1962-02-28,1656.222
1962-03-01,1635.538
1962-03-02,1601.544
1962-03-03,1515.87
1962-03-04,1451.474
1962-03-05,1572.22
1962-03-06,1798.376
1962-03-07,1942.715
1962-03-08,2093.524
1962-03-09,2349.938
1962-03-10,2660.008
1962-03-11,2523.332
1962-03-12,2127.453
1962-03-13,1975.88
1962-03-14,2107.851
1962-03-15,2321.231
1962-03-16,2410.434
1962-03-17,2269.573
1962-03-18,2146.748
1962-03-19,2189.966
1962-03-20,2233.929
1962-03-21,2114.734
1962-03-22,2016.124
1962-03-23,2396.001
1962-03-24,2692.046
1962-03-25,2669.827
1962-03-26,2883.25
1962-03-27,2852.803
1962-03-28,2559.385
1962-03-29,2474.619
1962-03-30,2216.751
1962-03-31,2002.058
1962-04-01,2065.448
1962-04-02,2605.988
1962-04-03,3008.883
1962-04-04,3194.617
1962-04-05,3219.809
1962-04-06,3181.631
1962-04-07,3357.418
1962-04-08,3259.628
1962-04-09,2887.055
1962-04-10,2663.975
1962-04-11,2845.285
1962-04-12,2982.405
1962-04-13,2707.613
1962-04-14,2434.678
1962-04-15,2345.154
1962-04-16,2433.49
1962-04-17,2474.315
1962-04-18,2309.465
1962-04-19,2176.551
1962-04-20,2558.878
1962-04-21,2979.06
1962-04-22,3027.664
1962-04-23,2667.578
1962-04-24,2413.062
1962-04-25,2293.95
1962-04-26,2258.898
1962-04-27,2320.66
1962-04-28,2269.431
1962-04-29,2297.933
1962-04-30,2419.38
1962-05-01,2407.91
1962-05-02,2311.526
1962-05-03,2263.053
1962-05-04,2235.18
1962-05-05,2245.9
1962-05-06,2305.234
1962-05-07,2486.91
1962-05-08,2645.817
1962-05-09,2570.338
1962-05-10,2427.031
1962-05-11,2425.721
1962-05-12,2645.034
1962-05-13,3043.385
1962-05-14,3242.313
1962-05-15,3176.144
1962-05-16,3020.642
1962-05-17,2974.311
1962-05-18,3141.303
1962-05-19,3365.144
1962-05-20,3360.51
1962-05-21,3393.671
1962-05-22,3328.917
1962-05-23,3087.356
1962-05-24,2935.225
1962-05-25,2910.585
1962-05-26,2936.422
1962-05-27,2953.474
1962-05-28,2962.075
1962-05-29,2824.373
1962-05-30,2582.831
1962-05-31,2378.364
1962-06-01,2235.913
1962-06-02,2141.629
1962-06-03,2059.608
1962-06-04,1966.009
1962-06-05,1886.83
1962-06-06,1805.821
1962-06-07,1695.615
1962-06-08,1577.007
1962-06-09,1501.837
1962-06-10,1462.485
1962-06-11,1408.655
1962-06-12,1342.723
1962-06-13,1271.737
1962-06-14,1201.595
1962-06-15,1142.859
1962-06-16,1096.552
1962-06-17,1064.301
1962-06-18,1034.471
1962-06-19,1009.794
1962-06-20,1003.954
1962-06-21,1026.876
1962-06-22,1042.093
1962-06-23,992.188
1962-06-24,907.443
1962-06-25,858.381
1962-06-26,857.992
1962-06-27,913.188
1962-06-28,1005.887
1962-06-29,1121.822
1962-06-30,1252.241
1962-07-01,1363.728
1962-07-02,1283.848
1962-07-03,1076.155
1962-07-04,907.472
1962-07-05,794.109
1962-07-06,753.598
1962-07-07,786.857
1962-07-08,866.65
1962-07-09,912.448
1962-07-10,874.775
1962-07-11,784.116
1962-07-12,674.929
1962-07-13,598.519
1962-07-14,564.908
1962-07-15,551.188
1962-07-16,543.735
1962-07-17,549.195
1962-07-18,560.408
1962-07-19,567.412
1962-07-20,560.265
1962-07-21,539.957
1962-07-22,507.709
1962-07-23,477.092
1962-07-24,457.987
1962-07-25,444.908
1962-07-26,434.224
1962-07-27,425.541
1962-07-28,417.287
1962-07-29,409.324
1962-07-30,401.17
1962-07-31,395.468
1962-08-01,391.602
1962-08-02,383.065
1962-08-03,372.24
1962-08-04,364.754
1962-08-05,358.746
1962-08-06,351.362
1962-08-07,344.476
1962-08-08,343.649
1962-08-09,340.524
1962-08-10,334.526
1962-08-11,328.153
1962-08-12,317.077
1962-08-13,307.622
1962-08-14,301.978
1962-08-15,299.078
1962-08-16,307.985
1962-08-17,337.569
1962-08-18,372.341
1962-08-19,393.185
1962-08-20,379.805
1962-08-21,357.508
1962-08-22,346.018
1962-08-23,340.654
1962-08-24,332.826
1962-08-25,330.535
1962-08-26,351.266
1962-08-27,381.948
1962-08-28,401.925
1962-08-29,408.427
1962-08-30,397.974
1962-08-31,383.049
1962-09-01,388.096
1962-09-02,430.607
1962-09-03,501.752
1962-09-04,578.205
1962-09-05,640.396
1962-09-06,664.261
1962-09-07,604.347
1962-09-08,515.636
1962-09-09,448.901
1962-09-10,394.943
1962-09-11,395.2
1962-09-12,429.841
1962-09-13,495.214
1962-09-14,589.491
1962-09-15,704.695
1962-09-16,772.705
1962-09-17,671.581
1962-09-18,495.611
1962-09-19,408.411
1962-09-20,413.756
1962-09-21,504.009
1962-09-22,598.77
1962-09-23,651.54
1962-09-24,626.573
1962-09-25,566.2
1962-09-26,519.27
1962-09-27,469.748
1962-09-28,464.113
1962-09-29,551.608
1962-09-30,670.009
1962-10-01,784.872
1962-10-02,852.667
1962-10-03,844.052
1962-10-04,747.4
1962-10-05,640.932
1962-10-06,567.619
1962-10-07,548.127
1962-10-08,538.078
1962-10-09,512.709
1962-10-10,508.266
1962-10-11,497.917
1962-10-12,491.933
1962-10-13,529.483
1962-10-14,589.18
1962-10-15,620.499
1962-10-16,588.146
1962-10-17,546.69
1962-10-18,530.936
1962-10-19,526.982
1962-10-20,516.967
1962-10-21,567.419
1962-10-22,684.677
1962-10-23,755.936
1962-10-24,835.637
1962-10-25,1037.834
1962-10-26,1668.814
1962-10-27,1972.245
1962-10-28,1786.43
1962-10-29,1609.244
1962-10-30,1552.925
1962-10-31,1640.198
1962-11-01,1859.094
1962-11-02,2038.089
1962-11-03,2003.15
1962-11-04,2016.451
1962-11-05,1967.542
1962-11-06,1775.457
1962-11-07,1526.675
1962-11-08,1369.3
1962-11-09,1465.236
1962-11-10,1755.225
1962-11-11,1933.231
1962-11-12,1829.897
1962-11-13,1636.695
1962-11-14,1520.353
1962-11-15,1476.426
1962-11-16,1506.573
1962-11-17,1465.73
1962-11-18,1243.211
1962-11-19,1089.685
1962-11-20,1145.503
1962-11-21,1236.994
1962-11-22,1222.527
1962-11-23,1136.413
1962-11-24,1087.155
1962-11-25,1105.174
1962-11-26,1083.332
1962-11-27,1049.244
1962-11-28,996.445
1962-11-29,980.278
1962-11-30,1029.01
1962-12-01,1185.939
1962-12-02,1365.311
1962-12-03,1410.682
1962-12-04,1435.377
1962-12-05,1511.495
1962-12-06,1626.212
1962-12-07,1661.493
1962-12-08,1599.944
1962-12-09,1636.942
1962-12-10,1775.524
1962-12-11,1836.509
1962-12-12,1795.438
1962-12-13,1775.817
1962-12-14,1878.558
1962-12-15,1904.315
1962-12-16,2000.702
1962-12-17,2173.851
1962-12-18,2235.788
1962-12-19,2214.544
1962-12-20,2189.277
1962-12-21,2109.688
1962-12-22,1996.602
1962-12-23,1914.242
1962-12-24,1745.251
1962-12-25,1558.644
1962-12-26,1443.822
1962-12-27,1407.352
1962-12-28,1415.177
1962-12-29,1526.32
1962-12-30,1571.382
1962-12-31,1580.401
1963-01-01,1734.738
1963-01-02,1965.11
1963-01-03,2101.64
1963-01-04,2020.62
1963-01-05,1959.894
1963-01-06,2074.112
1963-01-07,2126.696
1963-01-08,2105.322
1963-01-09,2239.96
1963-01-10,2337.128
1963-01-11,2400.274
1963-01-12,2551.555
1963-01-13,2579.886
1963-01-14,2596.962
1963-01-15,2774.961
1963-01-16,3238.542
1963-01-17,3458.6
1963-01-18,3212.84
1963-01-19,2978.855
1963-01-20,2773.08
1963-01-21,2704.312
1963-01-22,2745.886
1963-01-23,2835.057
1963-01-24,2960.911
1963-01-25,3013.076
1963-01-26,3028.006
1963-01-27,3052.127
1963-01-28,3139.712
1963-01-29,3287.357
1963-01-30,3256.956
1963-01-31,3003.129
1963-02-01,2747.541
1963-02-02,2616.491
1963-02-03,2496.733
1963-02-04,2418.138
1963-02-05,2394.483
1963-02-06,2362.69
1963-02-07,2292.101
1963-02-08,2192.304
1963-02-09,2128.906
1963-02-10,2051.213
1963-02-11,2033.922
1963-02-12,2048.028
1963-02-13,2004.257
1963-02-14,1929.626
1963-02-15,1795.546
1963-02-16,1650.935
1963-02-17,1538.411
1963-02-18,1499.481
1963-02-19,1491.642
1963-02-20,1487.658
1963-02-21,1525.89
1963-02-22,1561.452
1963-02-23,1597.845
1963-02-24,1676.751
1963-02-25,1746.988
1963-02-26,1717.444
1963-02-27,1733.096
1963-02-28,2108.939
1963-03-01,2211.306
1963-03-02,2044.298
1963-03-03,2292.452
1963-03-04,2256.889
1963-03-05,1786.475
1963-03-06,1484.817
1963-03-07,1486.412
1963-03-08,1669.968
1963-03-09,1813.928
1963-03-10,1807.004
1963-03-11,1703.739
1963-03-12,1666.142
1963-03-13,1723.958
1963-03-14,1854.355
1963-03-15,1837.234
1963-03-16,1802.419
1963-03-17,1856.475
1963-03-18,1963.35
1963-03-19,2355.895
1963-03-20,2674.955
1963-03-21,2676.509
1963-03-22,2487.512
1963-03-23,2304.98
1963-03-24,2220.335
1963-03-25,2128.94
1963-03-26,2039.812
1963-03-27,1987.727
1963-03-28,1901.314
1963-03-29,1875.326
1963-03-30,1913.728
1963-03-31,2028.83
1963-04-01,2306.497
1963-04-02,2919.353
1963-04-03,3041.867
1963-04-04,2660.33
1963-04-05,2343.339
1963-04-06,2134.393
1963-04-07,2072.377
1963-04-08,2123.525
1963-04-09,2026.561
1963-04-10,1945.508
1963-04-11,1972.648
1963-04-12,2078.959
1963-04-13,2436.135
1963-04-14,2646.111
1963-04-15,2560.353
1963-04-16,2457.419
1963-04-17,2336.748
1963-04-18,2347.3
1963-04-19,2428.006
1963-04-20,2276.313
1963-04-21,1993.277
1963-04-22,1958.417
1963-04-23,2213.882
1963-04-24,2544.995
1963-04-25,2621.567
1963-04-26,2563.374
1963-04-27,2971.041
1963-04-28,3290.797
1963-04-29,3249.147
1963-04-30,3138.085
1963-05-01,3174.852
1963-05-02,3409.595
1963-05-03,3475.226
1963-05-04,3429.134
1963-05-05,3623.532
1963-05-06,3909.505
1963-05-07,3899.631
1963-05-08,3711.194
1963-05-09,3609.183
1963-05-10,3719.01
1963-05-11,3933.728
1963-05-12,4068.387
1963-05-13,4005.851
1963-05-14,3761.888
1963-05-15,3493.058
1963-05-16,3276.195
1963-05-17,3154.737
1963-05-18,3038.918
1963-05-19,2953.914
1963-05-20,2945.809
1963-05-21,3018.782
1963-05-22,2956.757
1963-05-23,2821.993
1963-05-24,2684.226
1963-05-25,2616.794
1963-05-26,2666.141
1963-05-27,2690.982
1963-05-28,2659.822
1963-05-29,2703.679
1963-05-30,2732.344
1963-05-31,2710.622
1963-06-01,2677.694
1963-06-02,2651.28
1963-06-03,2603.915
1963-06-04,2486.466
1963-06-05,2328.014
1963-06-06,2210.424
1963-06-07,2159.872
1963-06-08,2083.303
1963-06-09,2036.929
1963-06-10,2022.563
1963-06-11,1882.955
1963-06-12,1703.383
1963-06-13,1593.845
1963-06-14,1545.081
1963-06-15,1531.838
1963-06-16,1534.167
1963-06-17,1528.625
1963-06-18,1507.54
1963-06-19,1704.565
1963-06-20,1694.397
1963-06-21,1356.775
1963-06-22,1146.715
1963-06-23,1070.595
1963-06-24,1034.994
1963-06-25,1010.247
1963-06-26,979.211
1963-06-27,942.82
1963-06-28,910.003
1963-06-29,877.49
1963-06-30,845.28
1963-07-01,816.116
1963-07-02,790.225
1963-07-03,766.817
1963-07-04,744.148
1963-07-05,723.292
1963-07-06,704.551
1963-07-07,685.1
1963-07-08,664.212
1963-07-09,642.935
1963-07-10,623.958
1963-07-11,606.528
1963-07-12,590.056
1963-07-13,574.538
1963-07-14,561.808
1963-07-15,551.016
1963-07-16,539.496
1963-07-17,531.952
1963-07-18,532.408
1963-07-19,540.764
1963-07-20,548.965
1963-07-21,538.885
1963-07-22,509.611
1963-07-23,471.918
1963-07-24,442.66
1963-07-25,426.114
1963-07-26,415.481
1963-07-27,406.209
1963-07-28,400.451
1963-07-29,401.837
1963-07-30,399.595
1963-07-31,394.781
1963-08-01,389.123
1963-08-02,375.882
1963-08-03,356.838
1963-08-04,342.662
1963-08-05,334.664
1963-08-06,328.378
1963-08-07,322.29
1963-08-08,319.375
1963-08-09,323.293
1963-08-10,326.435
1963-08-11,320.383
1963-08-12,311.01
1963-08-13,297.793
1963-08-14,283.75
1963-08-15,275.788
1963-08-16,272.082
1963-08-17,271.755
1963-08-18,269.927
1963-08-19,262.848
1963-08-20,255.906
1963-08-21,252.621
1963-08-22,260.952
1963-08-23,272.173
1963-08-24,271.555
1963-08-25,263.385
1963-08-26,273.005
1963-08-27,289.271
1963-08-28,283.269
1963-08-29,260.442
1963-08-30,266.204
1963-08-31,319.41
1963-09-01,352.791
1963-09-02,343.38
1963-09-03,320.901
1963-09-04,279.768
1963-09-05,231.628
1963-09-06,204.043
1963-09-07,195.352
1963-09-08,191.671
1963-09-09,187.612
1963-09-10,191.077
1963-09-11,205.958
1963-09-12,211.806
1963-09-13,204.124
1963-09-14,197.495
1963-09-15,209.566
1963-09-16,232.351
1963-09-17,255.152
1963-09-18,248.422
1963-09-19,218.878
1963-09-20,196.359
1963-09-21,194.612
1963-09-22,201.452
1963-09-23,202.924
1963-09-24,192.943
1963-09-25,175.723
1963-09-26,161.829
1963-09-27,157.272
1963-09-28,159.179
1963-09-29,179.858
1963-09-30,211.381
1963-10-01,230.377
1963-10-02,215.642
1963-10-03,207.603
1963-10-04,226.456
1963-10-05,263.51
1963-10-06,309.709
1963-10-07,409.537
1963-10-08,506.89
1963-10-09,544.081
1963-10-10,579.709
1963-10-11,560.67
1963-10-12,449.022
1963-10-13,332.02
1963-10-14,255.725
1963-10-15,231.821
1963-10-16,238.916
1963-10-17,264.965
1963-10-18,301.575
1963-10-19,357.791
1963-10-20,413.191
1963-10-21,436.076
1963-10-22,437.006
1963-10-23,457.522
1963-10-24,466.465
1963-10-25,463.899
1963-10-26,463.48
1963-10-27,444.488
1963-10-28,394.278
1963-10-29,379.066
1963-10-30,372.324
1963-10-31,363.462
1963-11-01,356.988
1963-11-02,338.442
1963-11-03,336.291
1963-11-04,350.019
1963-11-05,327.278
1963-11-06,325.744
1963-11-07,389.424
1963-11-08,519.393
1963-11-09,678.949
1963-11-10,738.669
1963-11-11,645.574
1963-11-12,475.84
1963-11-13,382.172
1963-11-14,417.531
1963-11-15,502.723
1963-11-16,577.074
1963-11-17,693.44
1963-11-18,866.96
1963-11-19,946.416
1963-11-20,877.24
1963-11-21,716.617
1963-11-22,689.318
1963-11-23,905.912
1963-11-24,1133.161
1963-11-25,1037.207
1963-11-26,990.471
1963-11-27,1164.759
1963-11-28,1442.862
1963-11-29,1583.172
1963-11-30,1572.619
1963-12-01,1489.121
1963-12-02,1425.886
1963-12-03,1376.907
1963-12-04,1458.224
1963-12-05,1552.94
1963-12-06,1615.76
1963-12-07,1648.203
1963-12-08,1632.55
1963-12-09,1714.58
1963-12-10,1678.951
1963-12-11,1639.238
1963-12-12,1791.904
1963-12-13,1985.576
1963-12-14,1958.864
1963-12-15,1805.424
1963-12-16,1915.333
1963-12-17,2166.168
1963-12-18,2312.415
1963-12-19,2373.434
1963-12-20,2388.752
1963-12-21,2396.745
1963-12-22,2301.473
1963-12-23,2088.756
1963-12-24,1874.528
1963-12-25,1846.955
1963-12-26,1862.451
1963-12-27,1790.95
1963-12-28,1685.948
1963-12-29,1596.049
1963-12-30,1519.03
1963-12-31,1466.808
1964-01-01,1448.92
1964-01-02,1430.361
1964-01-03,1361.108
1964-01-04,1265.098
1964-01-05,1220.844
1964-01-06,1294.852
1964-01-07,1448.309
1964-01-08,1531.564
1964-01-09,1664.572
1964-01-10,1906.06
1964-01-11,2130.469
1964-01-12,2293.75
1964-01-13,2294.11
1964-01-14,2027.913
1964-01-15,1742.162
1964-01-16,1593.99
1964-01-17,1552.732
1964-01-18,1558.7
1964-01-19,1638.411
1964-01-20,1751.938
1964-01-21,1799.903
1964-01-22,1809.775
1964-01-23,1772.057
1964-01-24,1674.562
1964-01-25,1588.927
1964-01-26,1556.845
1964-01-27,1544.43
1964-01-28,1500.013
1964-01-29,1428.555
1964-01-30,1294.623
1964-01-31,1196.18
1964-02-01,1175.145
1964-02-02,1241.594
1964-02-03,1411.698
1964-02-04,1529.254
1964-02-05,1502.789
1964-02-06,1415.213
1964-02-07,1326.485
1964-02-08,1275.195
1964-02-09,1240.065
1964-02-10,1268.713
1964-02-11,1250.367
1964-02-12,1248.711
1964-02-13,1272.435
1964-02-14,1291.569
1964-02-15,1319.125
1964-02-16,1400.757
1964-02-17,1586.447
1964-02-18,1721.58
1964-02-19,1790.086
1964-02-20,2029.872
1964-02-21,2350.771
1964-02-22,2667.213
1964-02-23,3266.238
1964-02-24,3202.961
1964-02-25,2564.655
1964-02-26,2113.316
1964-02-27,1907.432
1964-02-28,1877.537
1964-02-29,1984.702
1964-03-01,2071.556
1964-03-02,2056.203
1964-03-03,2052.582
1964-03-04,2160.754
1964-03-05,2185.166
1964-03-06,2137.228
1964-03-07,2373.236
1964-03-08,2801.971
1964-03-09,3157.353
1964-03-10,3223.793
1964-03-11,2833.415
1964-03-12,2544.586
1964-03-13,2561.062
1964-03-14,2703.725
1964-03-15,2758.27
1964-03-16,2787.67
1964-03-17,2793.55
1964-03-18,2666.541
1964-03-19,2444.173
1964-03-20,2203.955
1964-03-21,2047.34
1964-03-22,2007.488
1964-03-23,1997.252
1964-03-24,1989.536
1964-03-25,2289.921
1964-03-26,2377.952
1964-03-27,2072.942
1964-03-28,1912.936
1964-03-29,1890.511
1964-03-30,1853.889
1964-03-31,1888.041
1964-04-01,1919.676
1964-04-02,1822.176
1964-04-03,1717.672
1964-04-04,1693.293
1964-04-05,1963.002
1964-04-06,2108.004
1964-04-07,1995.909
1964-04-08,2001.511
1964-04-09,2027.858
1964-04-10,1934.753
1964-04-11,1807.686
1964-04-12,1736.63
1964-04-13,1758.91
1964-04-14,1766.624
1964-04-15,1711.778
1964-04-16,1663.58
1964-04-17,1696.795
1964-04-18,1684.114
1964-04-19,1593.518
1964-04-20,1624.188
1964-04-21,1703.02
1964-04-22,1737.866
1964-04-23,1687.729
1964-04-24,1687.327
1964-04-25,1712.568
1964-04-26,1771.769
1964-04-27,1846.85
1964-04-28,1852.593
1964-04-29,1840.026
1964-04-30,1801.864
1964-05-01,1890.426
1964-05-02,2025.047
1964-05-03,2150.302
1964-05-04,2268.042
1964-05-05,2375.943
1964-05-06,2803.572
1964-05-07,2979.386
1964-05-08,2769.028
1964-05-09,2636.345
1964-05-10,2519.717
1964-05-11,2341.995
1964-05-12,2174.783
1964-05-13,2023.567
1964-05-14,1916.525
1964-05-15,1836.203
1964-05-16,1782.445
1964-05-17,1726.062
1964-05-18,1665.037
1964-05-19,1606.328
1964-05-20,1566.71
1964-05-21,1576.528
1964-05-22,1579.968
1964-05-23,1610.093
1964-05-24,1668.431
1964-05-25,1697.475
1964-05-26,1691.861
1964-05-27,1648.411
1964-05-28,1530.292
1964-05-29,1359.74
1964-05-30,1240.358
1964-05-31,1217.998
1964-06-01,1209.231
1964-06-02,1169.559
1964-06-03,1107.017
1964-06-04,1025.624
1964-06-05,941.771
1964-06-06,884.27
1964-06-07,853.498
1964-06-08,822.888
1964-06-09,792.624
1964-06-10,769.361
1964-06-11,750.113
1964-06-12,725.967
1964-06-13,698.775
1964-06-14,677.462
1964-06-15,664.226
1964-06-16,658.17
1964-06-17,642.849
1964-06-18,623.238
1964-06-19,606.875
1964-06-20,601.777
1964-06-21,607.472
1964-06-22,628.16
1964-06-23,671.934
1964-06-24,703.605
1964-06-25,697.51
1964-06-26,682.027
1964-06-27,659.22
1964-06-28,631.587
1964-06-29,619.264
1964-06-30,600.181
1964-07-01,552.907
1964-07-02,508.383
1964-07-03,504.592
1964-07-04,543.443
1964-07-05,591.637
1964-07-06,611.947
1964-07-07,600.244
1964-07-08,563.562
1964-07-09,535.298
1964-07-10,530.09
1964-07-11,517.213
1964-07-12,478.559
1964-07-13,426.736
1964-07-14,390.452
1964-07-15,372.535
1964-07-16,361.246
1964-07-17,350.339
1964-07-18,340.719
1964-07-19,336.623
1964-07-20,339.97
1964-07-21,337.771
1964-07-22,322.932
1964-07-23,306.832
1964-07-24,295.992
1964-07-25,288.789
1964-07-26,283.052
1964-07-27,276.763
1964-07-28,270.405
1964-07-29,263.88
1964-07-30,259.082
1964-07-31,256.783
1964-08-01,258.845
1964-08-02,264.143
1964-08-03,270.395
1964-08-04,288.786
1964-08-05,310.28
1964-08-06,330.301
1964-08-07,361.737
1964-08-08,372.129
1964-08-09,381.04
1964-08-10,354.186
1964-08-11,320.228
1964-08-12,321.619
1964-08-13,362.138
1964-08-14,458.139
1964-08-15,570.543
1964-08-16,639.335
1964-08-17,601.674
1964-08-18,486.042
1964-08-19,341.759
1964-08-20,239.625
1964-08-21,205.464
1964-08-22,199.672
1964-08-23,193.04
1964-08-24,190.444
1964-08-25,194.122
1964-08-26,195.82
1964-08-27,193.998
1964-08-28,195.764
1964-08-29,224.612
1964-08-30,241.189
1964-08-31,242.448
1964-09-01,236.095
1964-09-02,213.24
1964-09-03,190.253
1964-09-04,187.081
1964-09-05,201.832
1964-09-06,210.562
1964-09-07,222.289
1964-09-08,211.93
1964-09-09,207.46
1964-09-10,241.168
1964-09-11,272.102
1964-09-12,294.405
1964-09-13,276.907
1964-09-14,246.128
1964-09-15,281.158
1964-09-16,323.205
1964-09-17,382.608
1964-09-18,461.892
1964-09-19,521.842
1964-09-20,569.52
1964-09-21,569.623
1964-09-22,554.206
1964-09-23,518.413
1964-09-24,478.148
1964-09-25,495.16
1964-09-26,507.042
1964-09-27,478.245
1964-09-28,521.232
1964-09-29,637.873
1964-09-30,763.615
1964-10-01,844.461
1964-10-02,902.664
1964-10-03,947.983
1964-10-04,904.551
1964-10-05,789.482
1964-10-06,638.627
1964-10-07,523.596
1964-10-08,454.428
1964-10-09,393.385
1964-10-10,360.647
1964-10-11,378.768
1964-10-12,391.862
1964-10-13,436.43
1964-10-14,456.562
1964-10-15,483.359
1964-10-16,503.347
1964-10-17,509.045
1964-10-18,575.308
1964-10-19,609.869
1964-10-20,639.76
1964-10-21,664.528
1964-10-22,662.5
1964-10-23,658.93
1964-10-24,695.49
1964-10-25,732.394
1964-10-26,828.208
1964-10-27,965.713
1964-10-28,1208.019
1964-10-29,1356.962
1964-10-30,1198.158
1964-10-31,1035.68
1964-11-01,1025.817
1964-11-02,1095.775
1964-11-03,1177.62
1964-11-04,1287.98
1964-11-05,1273.52
1964-11-06,1117.703
1964-11-07,905.512
1964-11-08,746.175
1964-11-09,716.888
1964-11-10,783.851
1964-11-11,841.798
1964-11-12,936.69
1964-11-13,1007.662
1964-11-14,1021.679
1964-11-15,953.094
1964-11-16,854.963
1964-11-17,840.003
1964-11-18,843.73
1964-11-19,881.338
1964-11-20,916.162
1964-11-21,914.931
1964-11-22,818.808
1964-11-23,682.362
1964-11-24,574.598
1964-11-25,553.977
1964-11-26,616.145
1964-11-27,784.534
1964-11-28,1045.778
1964-11-29,1234.81
1964-11-30,1440.917
1964-12-01,1544.825
1964-12-02,1327.067
1964-12-03,1068.724
1964-12-04,913.049
1964-12-05,905.984
1964-12-06,971.512
1964-12-07,1068.443
1964-12-08,1293.191
1964-12-09,1564.448
1964-12-10,1576.798
1964-12-11,1469.857
1964-12-12,1384.41
1964-12-13,1272.61
1964-12-14,1185.172
1964-12-15,1228.09
1964-12-16,1352.992
1964-12-17,1422.097
1964-12-18,1440.665
1964-12-19,1471.301
1964-12-20,1531.455
1964-12-21,1463.822
1964-12-22,1216.475
1964-12-23,966.622
1964-12-24,804.912
1964-12-25,754.216
1964-12-26,741.051
1964-12-27,712.416
1964-12-28,676.456
1964-12-29,670.356
1964-12-30,726.344
1964-12-31,870.838
1965-01-01,1036.055
1965-01-02,1170.012
1965-01-03,1225.85
1965-01-04,1211.47
1965-01-05,1141.71
1965-01-06,1096.788
1965-01-07,1112.753
1965-01-08,1153.285
1965-01-09,1269.413
1965-01-10,1396.466
1965-01-11,1410.506
1965-01-12,1388.033
1965-01-13,1420.341
1965-01-14,1589.948
1965-01-15,1699.342
1965-01-16,1759.495
1965-01-17,1755.602
1965-01-18,1728.724
1965-01-19,1669.106
1965-01-20,1664.01
1965-01-21,1706.074
1965-01-22,1776.161
1965-01-23,1859.128
1965-01-24,2082.347
1965-01-25,2164.642
1965-01-26,1944.61
1965-01-27,1783.472
1965-01-28,1643.43
1965-01-29,1449.785
1965-01-30,1283.843
1965-01-31,1208.072
1965-02-01,1140.367
1965-02-02,1056.313
1965-02-03,955.803
1965-02-04,881.765
1965-02-05,857.656
1965-02-06,891.554
1965-02-07,937.714
1965-02-08,997.973
1965-02-09,1054.157
1965-02-10,1107.46
1965-02-11,1128.296
1965-02-12,1058.607
1965-02-13,995.791
1965-02-14,1062.817
1965-02-15,1121.024
1965-02-16,1161.096
1965-02-17,1237.421
1965-02-18,1241.145
1965-02-19,1156.336
1965-02-20,1142.242
1965-02-21,1175.913
1965-02-22,1155.245
1965-02-23,1068.493
1965-02-24,1041.402
1965-02-25,1070.849
1965-02-26,1076.238
1965-02-27,1109.65
1965-02-28,1065.731
1965-03-01,973.385
1965-03-02,917.801
1965-03-03,903.377
1965-03-04,955.395
1965-03-05,1082.404
1965-03-06,1098.52
1965-03-07,1062.919
1965-03-08,1060.947
1965-03-09,1092.778
1965-03-10,1120.768
1965-03-11,1060.253
1965-03-12,939.36
1965-03-13,817.702
1965-03-14,750.073
1965-03-15,746.305
1965-03-16,822.813
1965-03-17,918.908
1965-03-18,997.224
1965-03-19,1089.332
1965-03-20,1162.07
1965-03-21,1264.08
1965-03-22,1354.27
1965-03-23,1566.756
1965-03-24,1638.095
1965-03-25,1481.876
1965-03-26,1368.779
1965-03-27,1333.618
1965-03-28,1465.413
1965-03-29,1733.483
1965-03-30,1936.86
1965-03-31,2109.142
1965-04-01,2216.947
1965-04-02,2247.902
1965-04-03,2143.339
1965-04-04,1955.819
1965-04-05,1903.296
1965-04-06,2321.835
1965-04-07,2468.846
1965-04-08,2270.463
1965-04-09,2202.639
1965-04-10,2221.506
1965-04-11,2260.503
1965-04-12,2263.658
1965-04-13,2216.537
1965-04-14,2064.073
1965-04-15,1861.234
1965-04-16,1874.647
1965-04-17,2330.19
1965-04-18,2432.888
1965-04-19,2111.625
1965-04-20,1903.478
1965-04-21,1829.42
1965-04-22,1944.05
1965-04-23,2195.364
1965-04-24,2163.151
1965-04-25,2167.044
1965-04-26,2186.685
1965-04-27,2101.172
1965-04-28,2145.534
1965-04-29,2269.754
1965-04-30,2300.798
1965-05-01,2235.584
1965-05-02,2046.177
1965-05-03,1958.45
1965-05-04,2021.473
1965-05-05,2098.93
1965-05-06,2178.423
1965-05-07,2287.804
1965-05-08,2359.721
1965-05-09,2381.899
1965-05-10,2300.945
1965-05-11,2173.857
1965-05-12,2118.075
1965-05-13,2129.468
1965-05-14,2095.7
1965-05-15,2069.862
1965-05-16,2065.62
1965-05-17,2068.007
1965-05-18,2091.06
1965-05-19,2038.665
1965-05-20,1893.281
1965-05-21,1735.121
1965-05-22,1616.432
1965-05-23,1545.934
1965-05-24,1494.668
1965-05-25,1440.001
1965-05-26,1380.094
1965-05-27,1310.958
1965-05-28,1272.484
1965-05-29,1310.432
1965-05-30,1390.978
1965-05-31,1434.319
1965-06-01,1401.929
1965-06-02,1347.92
1965-06-03,1295.939
1965-06-04,1249.442
1965-06-05,1236.581
1965-06-06,1216.851
1965-06-07,1210.422
1965-06-08,1224.467
1965-06-09,1195.644
1965-06-10,1112.349
1965-06-11,1051.953
1965-06-12,1047.695
1965-06-13,1032.695
1965-06-14,958.341
1965-06-15,866.851
1965-06-16,798.551
1965-06-17,752.396
1965-06-18,719.361
1965-06-19,699.199
1965-06-20,693.687
1965-06-21,699.047
1965-06-22,701.929
1965-06-23,662.894
1965-06-24,600.395
1965-06-25,556.699
1965-06-26,532.709
1965-06-27,516.613
1965-06-28,502.009
1965-06-29,488.941
1965-06-30,478.23
1965-07-01,467.277
1965-07-02,453.811
1965-07-03,440.084
1965-07-04,427.275
1965-07-05,415.74
1965-07-06,403.643
1965-07-07,390.713
1965-07-08,379.543
1965-07-09,370.355
1965-07-10,361.314
1965-07-11,351.568
1965-07-12,342.511
1965-07-13,334.836
1965-07-14,327.733
1965-07-15,321.055
1965-07-16,313.889
1965-07-17,306.372
1965-07-18,300.224
1965-07-19,295.643
1965-07-20,293.538
1965-07-21,292.902
1965-07-22,297.664
1965-07-23,301.812
1965-07-24,292.359
1965-07-25,278.804
1965-07-26,264.623
1965-07-27,252.266
1965-07-28,244.152
1965-07-29,239.121
1965-07-30,236.965
1965-07-31,234.611
1965-08-01,237.083
1965-08-02,232.832
1965-08-03,223.317
1965-08-04,219.984
1965-08-05,219.314
1965-08-06,218.395
1965-08-07,216.054
1965-08-08,216.635
1965-08-09,218.595
1965-08-10,211.332
1965-08-11,198.787
1965-08-12,191.085
1965-08-13,187.432
1965-08-14,185.747
1965-08-15,182.667
1965-08-16,178.039
1965-08-17,173.387
1965-08-18,168.517
1965-08-19,168.331
1965-08-20,173.414
1965-08-21,175.38
1965-08-22,174.155
1965-08-23,173.427
1965-08-24,178.525
1965-08-25,182.488
1965-08-26,171.136
1965-08-27,157.631
1965-08-28,158.59
1965-08-29,169.567
1965-08-30,172.235
1965-08-31,164.6
1965-09-01,159.538
1965-09-02,151.702
1965-09-03,140.288
1965-09-04,140.235
1965-09-05,161.002
1965-09-06,185.427
1965-09-07,185.427
1965-09-08,162.742
1965-09-09,140.236
1965-09-10,136.085
1965-09-11,150.822
1965-09-12,173.633
1965-09-13,198.122
1965-09-14,209.218
1965-09-15,191.342
1965-09-16,181.87
1965-09-17,198.017
1965-09-18,223.138
1965-09-19,280.108
1965-09-20,378.09
1965-09-21,478.79
1965-09-22,557.385
1965-09-23,518.71
1965-09-24,388.372
1965-09-25,298.662
1965-09-26,274.468
1965-09-27,288.069
1965-09-28,332.288
1965-09-29,361.185
1965-09-30,344.659
1965-10-01,293.121
1965-10-02,245.457
1965-10-03,214.478
1965-10-04,215.862
1965-10-05,196.642
1965-10-06,187.042
1965-10-07,193.665
1965-10-08,211.797
1965-10-09,232.759
1965-10-10,336.841
1965-10-11,369.085
1965-10-12,329.162
1965-10-13,352.012
1965-10-14,379.008
1965-10-15,323.371
1965-10-16,220.001
1965-10-17,159.749
1965-10-18,142.37
1965-10-19,155.044
1965-10-20,190.094
1965-10-21,201.667
1965-10-22,193.59
1965-10-23,213.87
1965-10-24,268.141
1965-10-25,305.192
1965-10-26,283.845
1965-10-27,272.02
1965-10-28,285.59
1965-10-29,329.917
1965-10-30,357.554
1965-10-31,392.076
1965-11-01,504.414
1965-11-02,701.315
1965-11-03,959.174
1965-11-04,1192.475
1965-11-05,1244.805
1965-11-06,1182.151
1965-11-07,1115.212
1965-11-08,1096.045
1965-11-09,1149.728
1965-11-10,1193.383
1965-11-11,1179.448
1965-11-12,1159.121
1965-11-13,1148.152
1965-11-14,1305.426
1965-11-15,1530.901
1965-11-16,1554.061
1965-11-17,1459.17
1965-11-18,1297.469
1965-11-19,1136.619
1965-11-20,1105.692
1965-11-21,1200.306
1965-11-22,1373.282
1965-11-23,1445.635
1965-11-24,1304.455
1965-11-25,1119.058
1965-11-26,1096.128
1965-11-27,1219.923
1965-11-28,1327.719
1965-11-29,1327.169
1965-11-30,1311.328
1965-12-01,1346.028
1965-12-02,1424.175
1965-12-03,1424.42
1965-12-04,1332.053
1965-12-05,1213.283
1965-12-06,1156.237
1965-12-07,1182.223
1965-12-08,1298.111
1965-12-09,1392.696
1965-12-10,1389.286
1965-12-11,1334.065
1965-12-12,1320.772
1965-12-13,1341.256
1965-12-14,1343.341
1965-12-15,1403.82
1965-12-16,1523.38
1965-12-17,1608.863
1965-12-18,1902.142
1965-12-19,2158.58
1965-12-20,2110.836
1965-12-21,1967.383
1965-12-22,1862.956
1965-12-23,1859.534
1965-12-24,1736.468
1965-12-25,1503.29
1965-12-26,1316.609
1965-12-27,1260.949
1965-12-28,1338.471
1965-12-29,1439.644
1965-12-30,1608.184
1965-12-31,1757.232
1966-01-01,1854.765
1966-01-02,1871.15
1966-01-03,1821.724
1966-01-04,1744.646
1966-01-05,1682.888
1966-01-06,1621.048
1966-01-07,1544.256
1966-01-08,1439.414
1966-01-09,1375.386
1966-01-10,1436.359
1966-01-11,1554.145
1966-01-12,1628.516
1966-01-13,1626.758
1966-01-14,1614.318
1966-01-15,1528.175
1966-01-16,1388.15
1966-01-17,1305.013
1966-01-18,1326.293
1966-01-19,1346.456
1966-01-20,1274.886
1966-01-21,1176.55
1966-01-22,1109.076
1966-01-23,1129.532
1966-01-24,1109.453
1966-01-25,1065.785
1966-01-26,1096.497
1966-01-27,1184.64
1966-01-28,1286.21
1966-01-29,1323.239
1966-01-30,1271.389
1966-01-31,1171.933
1966-02-01,1130.185
1966-02-02,1102.111
1966-02-03,1076.753
1966-02-04,1119.558
1966-02-05,1185.444
1966-02-06,1300.793
1966-02-07,1372.668
1966-02-08,1279.94
1966-02-09,1150.541
1966-02-10,1074.356
1966-02-11,1061.72
1966-02-12,1089.376
1966-02-13,1171.018
1966-02-14,1263.293
1966-02-15,1321.863
1966-02-16,1441.06
1966-02-17,1537.384
1966-02-18,1413.509
1966-02-19,1231.88
1966-02-20,1173.64
1966-02-21,1255.325
1966-02-22,1363.231
1966-02-23,1570.361
1966-02-24,1763.141
1966-02-25,1894.742
1966-02-26,1851.463
1966-02-27,1763.728
1966-02-28,1732.061
1966-03-01,1669.909
1966-03-02,1671.954
1966-03-03,1784.07
1966-03-04,2116.031
1966-03-05,2837.098
1966-03-06,3333.959
1966-03-07,3179.023
1966-03-08,2803.627
1966-03-09,2640.617
1966-03-10,2555.197
1966-03-11,2382.174
1966-03-12,2121.937
1966-03-13,1979.418
1966-03-14,2109.722
1966-03-15,2404.335
1966-03-16,2673.342
1966-03-17,3131.045
1966-03-18,3138.348
1966-03-19,2608.51
1966-03-20,2190.275
1966-03-21,2065.424
1966-03-22,2222.892
1966-03-23,2411.323
1966-03-24,2544.362
1966-03-25,2444.835
1966-03-26,2223.358
1966-03-27,2207.699
1966-03-28,2297.757
1966-03-29,2443.407
1966-03-30,2668.66
1966-03-31,2599.043
1966-04-01,2362.676
1966-04-02,2251.754
1966-04-03,2169.859
1966-04-04,2242.173
1966-04-05,2365.54
1966-04-06,2384.555
1966-04-07,2297.041
1966-04-08,2186.438
1966-04-09,2177.142
1966-04-10,2226.201
1966-04-11,2154.924
1966-04-12,2050.24
1966-04-13,2057.206
1966-04-14,2026.078
1966-04-15,1878.282
1966-04-16,1791.765
1966-04-17,1746.838
1966-04-18,1718.892
1966-04-19,1663.524
1966-04-20,1557.601
1966-04-21,1530.328
1966-04-22,1693.702
1966-04-23,1702.542
1966-04-24,1569.81
1966-04-25,1637.366
1966-04-26,2033.962
1966-04-27,2205.856
1966-04-28,2004.677
1966-04-29,1882.123
1966-04-30,1899.899
1966-05-01,1900.541
1966-05-02,1796.184
1966-05-03,1738.376
1966-05-04,2055.624
1966-05-05,2125.523
1966-05-06,1829.604
1966-05-07,1688.17
1966-05-08,1798.14
1966-05-09,2037.94
1966-05-10,2119.684
1966-05-11,2062.974
1966-05-12,2004.025
1966-05-13,1941.085
1966-05-14,1827.81
1966-05-15,1677.108
1966-05-16,1582.348
1966-05-17,1569.952
1966-05-18,1542.51
1966-05-19,1516.031
1966-05-20,1560.3
1966-05-21,1610.616
1966-05-22,1635.941
1966-05-23,1580.708
1966-05-24,1521.892
1966-05-25,1483.778
1966-05-26,1398.275
1966-05-27,1301.599
1966-05-28,1192.066
1966-05-29,1083.349
1966-05-30,1012.267
1966-05-31,953.671
1966-06-01,897.817
1966-06-02,846.622
1966-06-03,799.195
1966-06-04,761.738
1966-06-05,734.377
1966-06-06,718.1
1966-06-07,715.298
1966-06-08,725.89
1966-06-09,753.787
1966-06-10,813.606
1966-06-11,875.392
1966-06-12,864.531
1966-06-13,782.038
1966-06-14,704.009
1966-06-15,681.074
1966-06-16,692.47
1966-06-17,689.209
1966-06-18,655.068
1966-06-19,608.985
1966-06-20,570.358
1966-06-21,541.422
1966-06-22,515.302
1966-06-23,500.607
1966-06-24,489.701
1966-06-25,481.209
1966-06-26,478.286
1966-06-27,489.509
1966-06-28,512.007
1966-06-29,546.875
1966-06-30,598.049
1966-07-01,622.377
1966-07-02,578.462
1966-07-03,502.099
1966-07-04,435.709
1966-07-05,391.877
1966-07-06,368.715
1966-07-07,357.637
1966-07-08,352.763
1966-07-09,352.559
1966-07-10,353.465
1966-07-11,349.185
1966-07-12,334.44
1966-07-13,315.612
1966-07-14,303.302
1966-07-15,296.803
1966-07-16,289.226
1966-07-17,281.53
1966-07-18,276.357
1966-07-19,270.21
1966-07-20,262.71
1966-07-21,257.022
1966-07-22,256.997
1966-07-23,260.988
1966-07-24,269.134
1966-07-25,293.774
1966-07-26,330.259
1966-07-27,352.916
1966-07-28,344.299
1966-07-29,298.844
1966-07-30,248.642
1966-07-31,223.543
1966-08-01,216.29
1966-08-02,214.675
1966-08-03,208.861
1966-08-04,201.531
1966-08-05,200.634
1966-08-06,203.932
1966-08-07,199.258
1966-08-08,190.073
1966-08-09,183.945
1966-08-10,179.428
1966-08-11,174.865
1966-08-12,171.1
1966-08-13,168.363
1966-08-14,166.772
1966-08-15,164.453
1966-08-16,161.06
1966-08-17,157.464
1966-08-18,154.947
1966-08-19,154.48
1966-08-20,153.096
1966-08-21,153.264
1966-08-22,153.33
1966-08-23,158.754
1966-08-24,168.588
1966-08-25,176.89
1966-08-26,168.153
1966-08-27,148.259
1966-08-28,146.217
1966-08-29,179.006
1966-08-30,216.17
1966-08-31,263.316
1966-09-01,336.963
1966-09-02,422.706
1966-09-03,461.71
1966-09-04,451.464
1966-09-05,424.3
1966-09-06,414.655
1966-09-07,390.97
1966-09-08,397.834
1966-09-09,525.756
1966-09-10,641.398
1966-09-11,768.986
1966-09-12,889.187
1966-09-13,905.504
1966-09-14,888.524
1966-09-15,908.961
1966-09-16,967.538
1966-09-17,967.843
1966-09-18,925.556
1966-09-19,838.11
1966-09-20,683.297
1966-09-21,528.496
1966-09-22,489.81
1966-09-23,596.817
1966-09-24,743.788
1966-09-25,756.795
1966-09-26,757.364
1966-09-27,876.488
1966-09-28,994.315
1966-09-29,939.024
1966-09-30,726.62
1966-10-01,572.631
1966-10-02,523.855
1966-10-03,479.542
1966-10-04,393.765
1966-10-05,328.189
1966-10-06,290.47
1966-10-07,264.027
1966-10-08,262.542
1966-10-09,284.668
1966-10-10,337.508
1966-10-11,389.432
1966-10-12,473.218
1966-10-13,557.58
1966-10-14,608.392
1966-10-15,608.41
1966-10-16,595.211
1966-10-17,531.977
1966-10-18,407.107
1966-10-19,309.687
1966-10-20,258.335
1966-10-21,238.332
1966-10-22,257.084
1966-10-23,310.355
1966-10-24,428.727
1966-10-25,607.821
1966-10-26,711.148
1966-10-27,731.061
1966-10-28,694.359
1966-10-29,616.121
1966-10-30,548.6
1966-10-31,616.52
1966-11-01,666.144
1966-11-02,579.902
1966-11-03,521.679
1966-11-04,506.701
1966-11-05,591.899
1966-11-06,756.76
1966-11-07,938.399
1966-11-08,1065.089
1966-11-09,1105.727
1966-11-10,1073.919
1966-11-11,1071.109
1966-11-12,1108.316
1966-11-13,1125.304
1966-11-14,1025.898
1966-11-15,1071.285
1966-11-16,1206.941
1966-11-17,1359.408
1966-11-18,1451.685
1966-11-19,1590.076
1966-11-20,1716.539
1966-11-21,1860.125
1966-11-22,1770.629
1966-11-23,1468.985
1966-11-24,1284.235
1966-11-25,1194.979
1966-11-26,1159.85
1966-11-27,1258.81
1966-11-28,1440.494
1966-11-29,1599.968
1966-11-30,1516.522
1966-12-01,1202.637
1966-12-02,959.71
1966-12-03,913.985
1966-12-04,914.538
1966-12-05,924.434
1966-12-06,1041.848
1966-12-07,1289.66
1966-12-08,1488.354
1966-12-09,1444.71
1966-12-10,1289.004
1966-12-11,1104.43
1966-12-12,969.589
1966-12-13,870.855
1966-12-14,755.693
1966-12-15,696.155
1966-12-16,708.838
1966-12-17,734.638
1966-12-18,759.435
1966-12-19,839.352
1966-12-20,983.305
1966-12-21,1091.157
1966-12-22,1067.649
1966-12-23,966.066
1966-12-24,863.364
1966-12-25,781.375
1966-12-26,743.471
1966-12-27,752.644
1966-12-28,753.733
1966-12-29,727.97
1966-12-30,684.745
1966-12-31,662.892
1967-01-01,647.99
1967-01-02,635.154
1967-01-03,612.007
1967-01-04,602.945
1967-01-05,590.631
1967-01-06,559.144
1967-01-07,542.328
1967-01-08,551.07
1967-01-09,567.352
1967-01-10,559.696
1967-01-11,587.213
1967-01-12,671.015
1967-01-13,777.146
1967-01-14,813.472
1967-01-15,758.785
1967-01-16,664.412
1967-01-17,570.72
1967-01-18,498.807
1967-01-19,467.64
1967-01-20,474.799
1967-01-21,532.214
1967-01-22,550.063
1967-01-23,530.574
1967-01-24,510.984
1967-01-25,533.497
1967-01-26,620.051
1967-01-27,662.803
1967-01-28,667.031
1967-01-29,654.397
1967-01-30,662.47
1967-01-31,697.338
1967-02-01,698.432
1967-02-02,621.305
1967-02-03,531.627
1967-02-04,503.389
1967-02-05,585.427
1967-02-06,657.053
1967-02-07,679.34
1967-02-08,736.022
1967-02-09,779.626
1967-02-10,762.186
1967-02-11,802.528
1967-02-12,842.093
1967-02-13,796.92
1967-02-14,704.394
1967-02-15,615.934
1967-02-16,573.66
1967-02-17,549.976
1967-02-18,526.167
1967-02-19,520.559
1967-02-20,561.364
1967-02-21,651.459
1967-02-22,780.802
1967-02-23,922.462
1967-02-24,990.182
1967-02-25,961.96
1967-02-26,863.884
1967-02-27,799.341
1967-02-28,745.496
1967-03-01,608.159
1967-03-02,560.564
1967-03-03,595.674
1967-03-04,622.492
1967-03-05,584.136
1967-03-06,535.89
1967-03-07,545.804
1967-03-08,630.028
1967-03-09,731.958
1967-03-10,758.185
1967-03-11,703.449
1967-03-12,625.472
1967-03-13,619.271
1967-03-14,709.945
1967-03-15,794.06
1967-03-16,871.807
1967-03-17,932.678
1967-03-18,989.487
1967-03-19,1110.828
1967-03-20,1270.469
1967-03-21,1456.365
1967-03-22,1594.701
1967-03-23,1555.193
1967-03-24,1429.17
1967-03-25,1331.248
1967-03-26,1396.181
1967-03-27,1497.968
1967-03-28,1472.437
1967-03-29,1605.59
1967-03-30,1993.336
1967-03-31,2580.855
1967-04-01,2462.82
1967-04-02,1801.137
1967-04-03,1379.901
1967-04-04,1194.511
1967-04-05,1144.307
1967-04-06,1104.82
1967-04-07,1033.332
1967-04-08,1014.976
1967-04-09,1240.558
1967-04-10,1375.6
1967-04-11,1348.591
1967-04-12,1512.75
1967-04-13,1775.516
1967-04-14,2106.078
1967-04-15,1955.548
1967-04-16,1595.681
1967-04-17,1441.82
1967-04-18,1431.91
1967-04-19,1445.358
1967-04-20,1506.711
1967-04-21,1625.084
1967-04-22,1728.843
1967-04-23,1986.775
1967-04-24,2193.045
1967-04-25,2239.906
1967-04-26,2112.414
1967-04-27,1997.381
1967-04-28,2009.48
1967-04-29,2220.325
1967-04-30,2811.237
1967-05-01,3588.407
1967-05-02,3832.735
1967-05-03,3258.174
1967-05-04,2730.838
1967-05-05,2419.735
1967-05-06,2256.911
1967-05-07,2147.384
1967-05-08,2069.678
1967-05-09,2054.055
1967-05-10,2137.618
1967-05-11,2342.434
1967-05-12,2565.242
1967-05-13,2576.914
1967-05-14,2483.334
1967-05-15,2443.14
1967-05-16,2340.599
1967-05-17,2158.711
1967-05-18,2071.971
1967-05-19,2021.982
1967-05-20,2084.355
1967-05-21,2154.951
1967-05-22,2198.128
1967-05-23,2291.616
1967-05-24,2405.631
1967-05-25,2459.737
1967-05-26,2382.947
1967-05-27,2219.375
1967-05-28,2073.746
1967-05-29,1988.928
1967-05-30,1919.616
1967-05-31,1877.62
1967-06-01,1830.823
1967-06-02,1783.292
1967-06-03,1802.394
1967-06-04,1825.517
1967-06-05,1853.747
1967-06-06,1785.528
1967-06-07,1620.538
1967-06-08,1500.245
1967-06-09,1440.185
1967-06-10,1319.592
1967-06-11,1171.711
1967-06-12,1099.743
1967-06-13,1093.499
1967-06-14,1116.572
1967-06-15,1154.632
1967-06-16,1187.394
1967-06-17,1207.26
1967-06-18,1163.583
1967-06-19,1066.032
1967-06-20,981.568
1967-06-21,896.842
1967-06-22,809.494
1967-06-23,746.623
1967-06-24,720.595
1967-06-25,708.31
1967-06-26,700.47
1967-06-27,701.582
1967-06-28,719.614
1967-06-29,720.446
1967-06-30,706.983
1967-07-01,698.324
1967-07-02,676.241
1967-07-03,641.964
1967-07-04,612.89
1967-07-05,614.329
1967-07-06,643.573
1967-07-07,672.532
1967-07-08,697.183
1967-07-09,710.24
1967-07-10,682.169
1967-07-11,630.928
1967-07-12,612.568
1967-07-13,615.186
1967-07-14,588.04
1967-07-15,571.138
1967-07-16,578.911
1967-07-17,617.173
1967-07-18,653.718
1967-07-19,678.323
1967-07-20,668.862
1967-07-21,629.168
1967-07-22,571.051
1967-07-23,522.442
1967-07-24,501.356
1967-07-25,473.403
1967-07-26,433.18
1967-07-27,401.095
1967-07-28,381.823
1967-07-29,369.75
1967-07-30,359.87
1967-07-31,358.888
1967-08-01,374.56
1967-08-02,435.269
1967-08-03,468.132
1967-08-04,441.077
1967-08-05,401.898
1967-08-06,383.816
1967-08-07,395.475
1967-08-08,365.371
1967-08-09,306.108
1967-08-10,281.892
1967-08-11,286.916
1967-08-12,302.83
1967-08-13,311.097
1967-08-14,287.939
1967-08-15,256.114
1967-08-16,239.488
1967-08-17,231.816
1967-08-18,226.695
1967-08-19,222.102
1967-08-20,217.69
1967-08-21,215.174
1967-08-22,211.951
1967-08-23,209.408
1967-08-24,208.013
1967-08-25,215.545
1967-08-26,220.005
1967-08-27,214.532
1967-08-28,206.029
1967-08-29,199.636
1967-08-30,193.531
1967-08-31,187.94
1967-09-01,185.573
1967-09-02,191.463
1967-09-03,202.083
1967-09-04,199.378
1967-09-05,185.968
1967-09-06,171.712
1967-09-07,162.28
1967-09-08,163.24
1967-09-09,173.815
1967-09-10,184.759
1967-09-11,178.574
1967-09-12,167.024
1967-09-13,164.467
1967-09-14,162.0
1967-09-15,160.591
1967-09-16,154.52
1967-09-17,149.184
1967-09-18,143.745
1967-09-19,139.511
1967-09-20,139.149
1967-09-21,141.826
1967-09-22,158.835
1967-09-23,201.354
1967-09-24,263.821
1967-09-25,300.56
1967-09-26,266.718
1967-09-27,200.508
1967-09-28,168.285
1967-09-29,187.189
1967-09-30,234.96
1967-10-01,323.765
1967-10-02,400.182
1967-10-03,528.591
1967-10-04,764.959
1967-10-05,918.038
1967-10-06,855.997
1967-10-07,822.23
1967-10-08,930.558
1967-10-09,970.875
1967-10-10,886.83
1967-10-11,844.675
1967-10-12,852.796
1967-10-13,898.536
1967-10-14,956.142
1967-10-15,1036.196
1967-10-16,1104.127
1967-10-17,1098.465
1967-10-18,962.12
1967-10-19,707.986
1967-10-20,475.005
1967-10-21,382.301
1967-10-22,385.729
1967-10-23,387.802
1967-10-24,431.384
1967-10-25,531.136
1967-10-26,612.532
1967-10-27,609.684
1967-10-28,576.012
1967-10-29,530.32
1967-10-30,507.533
1967-10-31,565.187
1967-11-01,709.359
1967-11-02,843.153
1967-11-03,960.759
1967-11-04,1083.43
1967-11-05,1259.996
1967-11-06,1393.325
1967-11-07,1403.844
1967-11-08,1369.98
1967-11-09,1310.887
1967-11-10,1237.199
1967-11-11,1177.35
1967-11-12,1208.101
1967-11-13,1289.889
1967-11-14,1397.003
1967-11-15,1399.531
1967-11-16,1337.731
1967-11-17,1338.728
1967-11-18,1300.488
1967-11-19,1217.838
1967-11-20,1188.509
1967-11-21,1187.371
1967-11-22,1177.121
1967-11-23,1146.455
1967-11-24,1049.695
1967-11-25,1150.324
1967-11-26,1213.831
1967-11-27,1249.551
1967-11-28,1259.394
1967-11-29,1261.522
1967-11-30,1327.828
1967-12-01,1525.972
1967-12-02,1812.292
1967-12-03,2272.458
1967-12-04,2337.113
1967-12-05,2078.925
1967-12-06,1991.95
1967-12-07,1993.58
1967-12-08,1900.528
1967-12-09,1875.627
1967-12-10,1910.625
1967-12-11,1968.372
1967-12-12,1948.097
1967-12-13,1856.106
1967-12-14,1772.116
1967-12-15,1776.948
1967-12-16,1782.864
1967-12-17,1762.192
1967-12-18,1741.693
1967-12-19,1781.542
1967-12-20,1800.002
1967-12-21,1680.178
1967-12-22,1545.932
1967-12-23,1477.468
1967-12-24,1330.957
1967-12-25,1198.832
1967-12-26,1103.357
1967-12-27,1060.2
1967-12-28,1032.156
1967-12-29,1042.002
1967-12-30,1189.7
1967-12-31,1397.562
1968-01-01,1529.339
1968-01-02,1632.033
1968-01-03,1673.455
1968-01-04,1617.31
1968-01-05,1626.74
1968-01-06,1590.96
1968-01-07,1554.826
1968-01-08,1605.953
1968-01-09,1609.645
1968-01-10,1505.853
1968-01-11,1378.438
1968-01-12,1355.035
1968-01-13,1690.105
1968-01-14,1758.294
1968-01-15,1424.564
1968-01-16,1175.008
1968-01-17,1059.596
1968-01-18,1068.599
1968-01-19,1149.11
1968-01-20,1252.16
1968-01-21,1332.46
1968-01-22,1319.142
1968-01-23,1350.674
1968-01-24,1529.26
1968-01-25,1864.602
1968-01-26,1836.063
1968-01-27,1466.118
1968-01-28,1207.61
1968-01-29,1089.509
1968-01-30,1078.787
1968-01-31,1164.618
1968-02-01,1303.351
1968-02-02,1421.418
1968-02-03,1474.64
1968-02-04,1479.687
1968-02-05,1551.641
1968-02-06,1673.585
1968-02-07,1720.382
1968-02-08,2005.3
1968-02-09,2145.27
1968-02-10,1794.01
1968-02-11,1460.771
1968-02-12,1320.192
1968-02-13,1239.7
1968-02-14,1173.056
1968-02-15,1187.776
1968-02-16,1265.03
1968-02-17,1331.119
1968-02-18,1381.84
1968-02-19,1495.997
1968-02-20,1529.946
1968-02-21,1507.75
1968-02-22,1527.656
1968-02-23,1526.932
1968-02-24,1598.673
1968-02-25,1584.77
1968-02-26,1629.834
1968-02-27,1769.634
1968-02-28,1945.005
1968-02-29,2010.138
1968-03-01,1936.871
1968-03-02,2041.479
1968-03-03,2211.155
1968-03-04,2345.943
1968-03-05,2512.026
1968-03-06,2703.423
1968-03-07,2851.395
1968-03-08,2949.268
1968-03-09,3128.104
1968-03-10,3278.62
1968-03-11,3496.616
1968-03-12,4103.598
1968-03-13,4421.77
1968-03-14,4442.845
1968-03-15,4446.806
1968-03-16,4243.34
1968-03-17,3912.114
1968-03-18,3676.738
1968-03-19,3656.977
1968-03-20,3709.869
1968-03-21,3667.855
1968-03-22,3692.985
1968-03-23,4198.202
1968-03-24,5105.688
1968-03-25,5261.354
1968-03-26,4651.718
1968-03-27,4113.232
1968-03-28,3881.152
1968-03-29,3963.296
1968-03-30,3857.944
1968-03-31,3668.937
1968-04-01,3669.433
1968-04-02,3664.363
1968-04-03,3566.183
1968-04-04,3507.691
1968-04-05,3480.145
1968-04-06,3569.203
1968-04-07,3754.435
1968-04-08,3905.008
1968-04-09,3880.613
1968-04-10,3835.858
1968-04-11,3712.255
1968-04-12,3527.38
1968-04-13,3702.09
1968-04-14,4025.075
1968-04-15,4407.23
1968-04-16,4301.536
1968-04-17,3848.939
1968-04-18,3630.367
1968-04-19,3479.111
1968-04-20,3335.814
1968-04-21,3179.459
1968-04-22,3084.665
1968-04-23,3159.8
1968-04-24,3283.559
1968-04-25,3408.831
1968-04-26,3468.88
1968-04-27,3422.49
1968-04-28,3306.672
1968-04-29,3461.417
1968-04-30,3647.642
1968-05-01,3930.408
1968-05-02,4322.945
1968-05-03,4245.935
1968-05-04,3832.083
1968-05-05,3925.768
1968-05-06,4270.76
1968-05-07,4515.905
1968-05-08,4892.663
1968-05-09,5186.435
1968-05-10,5338.591
1968-05-11,5338.663
1968-05-12,4930.835
1968-05-13,4576.282
1968-05-14,4483.832
1968-05-15,4576.597
1968-05-16,4875.192
1968-05-17,4989.982
1968-05-18,4778.59
1968-05-19,4505.575
1968-05-20,4192.065
1968-05-21,3879.414
1968-05-22,3673.238
1968-05-23,3489.969
1968-05-24,3329.631
1968-05-25,3211.52
1968-05-26,3110.509
1968-05-27,2969.441
1968-05-28,2764.374
1968-05-29,2566.79
1968-05-30,2387.688
1968-05-31,2196.615
1968-06-01,2048.901
1968-06-02,1941.619
1968-06-03,1871.406
1968-06-04,1840.965
1968-06-05,1848.015
1968-06-06,1864.39
1968-06-07,1879.946
1968-06-08,1844.734
1968-06-09,1758.567
1968-06-10,1635.941
1968-06-11,1554.715
1968-06-12,1529.212
1968-06-13,1528.1
1968-06-14,1536.631
1968-06-15,1568.294
1968-06-16,1593.716
1968-06-17,1600.485
1968-06-18,1628.383
1968-06-19,1699.702
1968-06-20,1635.472
1968-06-21,1474.155
1968-06-22,1363.371
1968-06-23,1268.787
1968-06-24,1149.904
1968-06-25,1053.817
1968-06-26,1041.609
1968-06-27,1063.506
1968-06-28,1020.89
1968-06-29,968.522
1968-06-30,926.539
1968-07-01,887.273
1968-07-02,884.105
1968-07-03,917.512
1968-07-04,998.854
1968-07-05,1073.355
1968-07-06,1077.927
1968-07-07,1026.231
1968-07-08,918.623
1968-07-09,791.772
1968-07-10,704.799
1968-07-11,662.647
1968-07-12,642.517
1968-07-13,628.995
1968-07-14,614.589
1968-07-15,599.685
1968-07-16,586.033
1968-07-17,573.745
1968-07-18,564.242
1968-07-19,554.848
1968-07-20,547.645
1968-07-21,553.436
1968-07-22,551.702
1968-07-23,536.398
1968-07-24,519.244
1968-07-25,497.536
1968-07-26,476.372
1968-07-27,461.248
1968-07-28,449.963
1968-07-29,440.17
1968-07-30,431.013
1968-07-31,422.304
1968-08-01,415.376
1968-08-02,408.957
1968-08-03,398.597
1968-08-04,388.601
1968-08-05,382.763
1968-08-06,377.865
1968-08-07,372.252
1968-08-08,362.953
1968-08-09,356.978
1968-08-10,365.158
1968-08-11,369.342
1968-08-12,359.146
1968-08-13,339.628
1968-08-14,321.187
1968-08-15,310.144
1968-08-16,303.16
1968-08-17,296.609
1968-08-18,290.266
1968-08-19,284.345
1968-08-20,278.569
1968-08-21,272.783
1968-08-22,267.522
1968-08-23,263.148
1968-08-24,259.45
1968-08-25,253.671
1968-08-26,247.752
1968-08-27,242.888
1968-08-28,238.468
1968-08-29,234.394
1968-08-30,231.04
1968-08-31,229.728
1968-09-01,231.302
1968-09-02,228.287
1968-09-03,220.983
1968-09-04,214.566
1968-09-05,209.987
1968-09-06,207.608
1968-09-07,205.597
1968-09-08,203.522
1968-09-09,202.528
1968-09-10,202.236
1968-09-11,199.568
1968-09-12,191.885
1968-09-13,185.87
1968-09-14,184.227
1968-09-15,184.935
1968-09-16,193.429
1968-09-17,225.139
1968-09-18,280.495
1968-09-19,352.566
1968-09-20,398.352
1968-09-21,390.806
1968-09-22,326.38
1968-09-23,238.248
1968-09-24,184.259
1968-09-25,167.979
1968-09-26,164.922
1968-09-27,161.63
1968-09-28,161.93
1968-09-29,167.428
1968-09-30,180.783
1968-10-01,203.712
1968-10-02,239.116
1968-10-03,281.924
1968-10-04,311.589
1968-10-05,269.359
1968-10-06,210.86
1968-10-07,182.104
1968-10-08,167.16
1968-10-09,159.638
1968-10-10,159.495
1968-10-11,177.945
1968-10-12,209.622
1968-10-13,219.226
1968-10-14,200.282
1968-10-15,192.053
1968-10-16,223.323
1968-10-17,245.76
1968-10-18,232.217
1968-10-19,210.027
1968-10-20,222.55
1968-10-21,236.138
1968-10-22,237.421
1968-10-23,220.008
1968-10-24,198.087
1968-10-25,221.02
1968-10-26,299.742
1968-10-27,341.08
1968-10-28,425.648
1968-10-29,508.371
1968-10-30,550.984
1968-10-31,549.522
1968-11-01,505.78
1968-11-02,492.475
1968-11-03,536.637
1968-11-04,595.028
1968-11-05,641.103
1968-11-06,690.218
1968-11-07,743.874
1968-11-08,788.74
1968-11-09,820.812
1968-11-10,910.488
1968-11-11,1102.243
1968-11-12,1570.67
1968-11-13,2034.93
1968-11-14,1782.377
1968-11-15,1330.119
1968-11-16,1224.399
1968-11-17,1222.382
1968-11-18,1214.303
1968-11-19,1223.961
1968-11-20,1211.345
1968-11-21,1237.614
1968-11-22,1225.57
1968-11-23,1172.713
1968-11-24,1207.042
1968-11-25,1280.393
1968-11-26,1318.43
1968-11-27,1406.833
1968-11-28,1408.813
1968-11-29,1275.194
1968-11-30,1324.327
1968-12-01,1378.988
1968-12-02,1186.09
1968-12-03,1002.472
1968-12-04,922.892
1968-12-05,918.776
1968-12-06,1010.26
1968-12-07,1244.867
1968-12-08,1502.414
1968-12-09,1704.521
1968-12-10,1774.595
1968-12-11,1641.204
1968-12-12,1450.477
1968-12-13,1398.25
1968-12-14,1395.602
1968-12-15,1508.869
1968-12-16,1589.311
1968-12-17,1566.497
1968-12-18,1513.016
1968-12-19,1590.161
1968-12-20,1732.598
1968-12-21,1878.36
1968-12-22,1994.493
1968-12-23,1922.882
1968-12-24,1827.696
1968-12-25,1826.333
1968-12-26,1796.26
1968-12-27,1695.849
1968-12-28,1578.372
1968-12-29,1497.593
1968-12-30,1500.56
1968-12-31,1487.798
1969-01-01,1382.068
1969-01-02,1207.63
1969-01-03,1067.223
1969-01-04,994.56
1969-01-05,965.37
1969-01-06,952.573
1969-01-07,924.436
1969-01-08,887.01
1969-01-09,887.686
1969-01-10,912.222
1969-01-11,910.379
1969-01-12,920.579
1969-01-13,902.878
1969-01-14,860.717
1969-01-15,850.038
1969-01-16,838.664
1969-01-17,839.612
1969-01-18,858.624
1969-01-19,939.354
1969-01-20,1087.072
1969-01-21,1310.269
1969-01-22,1255.899
1969-01-23,963.112
1969-01-24,815.012
1969-01-25,824.32
1969-01-26,872.93
1969-01-27,883.426
1969-01-28,840.275
1969-01-29,788.643
1969-01-30,755.402
1969-01-31,743.826
1969-02-01,764.499
1969-02-02,822.53
1969-02-03,862.072
1969-02-04,884.371
1969-02-05,984.767
1969-02-06,1132.988
1969-02-07,1317.585
1969-02-08,1685.936
1969-02-09,1783.804
1969-02-10,1528.232
1969-02-11,1389.386
1969-02-12,1343.711
1969-02-13,1376.894
1969-02-14,1469.896
1969-02-15,1664.277
1969-02-16,1574.255
1969-02-17,1354.463
1969-02-18,1344.016
1969-02-19,1391.27
1969-02-20,1459.906
1969-02-21,1563.314
1969-02-22,1691.02
1969-02-23,1698.915
1969-02-24,1649.924
1969-02-25,1633.322
1969-02-26,1747.981
1969-02-27,2009.371
1969-02-28,2012.962
1969-03-01,1820.798
1969-03-02,1660.108
1969-03-03,1541.969
1969-03-04,1519.681
1969-03-05,1617.725
1969-03-06,1680.99
1969-03-07,1597.233
1969-03-08,1539.508
1969-03-09,1602.104
1969-03-10,1761.822
1969-03-11,1964.635
1969-03-12,2103.63
1969-03-13,2203.68
1969-03-14,2178.143
1969-03-15,1943.276
1969-03-16,1765.895
1969-03-17,1711.671
1969-03-18,1646.918
1969-03-19,1664.623
1969-03-20,1793.525
1969-03-21,1970.539
1969-03-22,2116.092
1969-03-23,2331.17
1969-03-24,2593.74
1969-03-25,2956.85
1969-03-26,3023.798
1969-03-27,2744.802
1969-03-28,2511.061
1969-03-29,2505.164
1969-03-30,2581.36
1969-03-31,2596.73
1969-04-01,2523.942
1969-04-02,2576.709
1969-04-03,2744.737
1969-04-04,2867.801
1969-04-05,2774.461
1969-04-06,2932.09
1969-04-07,3006.964
1969-04-08,2721.417
1969-04-09,2498.583
1969-04-10,2303.639
1969-04-11,2078.336
1969-04-12,1930.965
1969-04-13,1905.085
1969-04-14,1870.831
1969-04-15,1777.768
1969-04-16,1604.73
1969-04-17,1507.137
1969-04-18,1522.322
1969-04-19,1583.291
1969-04-20,1585.895
1969-04-21,1594.735
1969-04-22,1672.2
1969-04-23,1789.488
1969-04-24,1824.728
1969-04-25,1723.093
1969-04-26,1531.605
1969-04-27,1397.763
1969-04-28,1391.94
1969-04-29,1447.78
1969-04-30,1494.842
1969-05-01,1495.066
1969-05-02,1496.93
1969-05-03,1496.881
1969-05-04,1445.109
1969-05-05,1320.976
1969-05-06,1260.503
1969-05-07,1408.219
1969-05-08,1923.568
1969-05-09,1998.708
1969-05-10,1554.56
1969-05-11,1265.381
1969-05-12,1195.492
1969-05-13,1205.177
1969-05-14,1217.595
1969-05-15,1240.587
1969-05-16,1244.92
1969-05-17,1285.599
1969-05-18,1359.77
1969-05-19,1425.417
1969-05-20,1463.711
1969-05-21,1546.857
1969-05-22,1754.328
1969-05-23,2000.717
1969-05-24,2026.36
1969-05-25,1903.232
1969-05-26,1833.39
1969-05-27,1797.66
1969-05-28,1689.387
1969-05-29,1587.31
1969-05-30,1513.867
1969-05-31,1488.15
1969-06-01,1555.892
1969-06-02,1649.864
1969-06-03,1675.251
1969-06-04,1632.764
1969-06-05,1464.421
1969-06-06,1255.415
1969-06-07,1118.072
1969-06-08,1056.627
1969-06-09,1062.125
1969-06-10,1063.725
1969-06-11,1008.548
1969-06-12,918.935
1969-06-13,834.455
1969-06-14,776.525
1969-06-15,741.832
1969-06-16,719.409
1969-06-17,696.657
1969-06-18,676.552
1969-06-19,659.858
1969-06-20,641.144
1969-06-21,624.083
1969-06-22,605.899
1969-06-23,587.29
1969-06-24,570.992
1969-06-25,554.245
1969-06-26,547.384
1969-06-27,565.768
1969-06-28,606.373
1969-06-29,668.478
1969-06-30,665.825
1969-07-01,614.673
1969-07-02,550.647
1969-07-03,484.476
1969-07-04,448.352
1969-07-05,427.556
1969-07-06,409.876
1969-07-07,396.297
1969-07-08,385.195
1969-07-09,375.43
1969-07-10,366.579
1969-07-11,358.811
1969-07-12,353.048
1969-07-13,349.834
1969-07-14,344.732
1969-07-15,337.32
1969-07-16,327.018
1969-07-17,316.013
1969-07-18,307.712
1969-07-19,301.128
1969-07-20,295.398
1969-07-21,290.395
1969-07-22,283.18
1969-07-23,275.284
1969-07-24,270.132
1969-07-25,268.378
1969-07-26,267.609
1969-07-27,260.078
1969-07-28,249.583
1969-07-29,242.068
1969-07-30,236.963
1969-07-31,233.191
1969-08-01,229.308
1969-08-02,224.342
1969-08-03,219.174
1969-08-04,214.704
1969-08-05,210.822
1969-08-06,207.105
1969-08-07,202.891
1969-08-08,199.753
1969-08-09,197.001
1969-08-10,193.402
1969-08-11,189.318
1969-08-12,185.355
1969-08-13,181.704
1969-08-14,180.567
1969-08-15,182.666
1969-08-16,185.525
1969-08-17,182.248
1969-08-18,175.741
1969-08-19,171.23
1969-08-20,170.235
1969-08-21,169.96
1969-08-22,164.548
1969-08-23,156.98
1969-08-24,151.833
1969-08-25,148.184
1969-08-26,147.054
1969-08-27,145.166
1969-08-28,141.945
1969-08-29,138.537
1969-08-30,135.839
1969-08-31,133.359
1969-09-01,132.228
1969-09-02,131.432
1969-09-03,130.39
1969-09-04,129.287
1969-09-05,129.713
1969-09-06,136.882
1969-09-07,151.764
1969-09-08,161.856
1969-09-09,154.792
1969-09-10,147.21
1969-09-11,148.039
1969-09-12,202.322
1969-09-13,302.988
1969-09-14,226.693
1969-09-15,173.375
1969-09-16,201.05
1969-09-17,272.054
1969-09-18,342.243
1969-09-19,433.516
1969-09-20,604.063
1969-09-21,742.695
1969-09-22,628.637
1969-09-23,423.94
1969-09-24,276.915
1969-09-25,191.934
1969-09-26,159.672
1969-09-27,155.28
1969-09-28,187.364
1969-09-29,248.049
1969-09-30,282.284
1969-10-01,296.232
1969-10-02,297.495
1969-10-03,279.992
1969-10-04,280.213
1969-10-05,292.088
1969-10-06,291.078
1969-10-07,263.657
1969-10-08,216.959
1969-10-09,196.231
1969-10-10,177.895
1969-10-11,169.994
1969-10-12,184.845
1969-10-13,228.013
1969-10-14,300.651
1969-10-15,335.011
1969-10-16,296.372
1969-10-17,249.384
1969-10-18,218.028
1969-10-19,188.28
1969-10-20,186.583
1969-10-21,185.341
1969-10-22,176.86
1969-10-23,175.278
1969-10-24,199.474
1969-10-25,248.709
1969-10-26,288.972
1969-10-27,358.302
1969-10-28,448.897
1969-10-29,549.644
1969-10-30,592.858
1969-10-31,581.018
1969-11-01,556.908
1969-11-02,553.903
1969-11-03,676.236
1969-11-04,840.036
1969-11-05,953.019
1969-11-06,917.962
1969-11-07,822.943
1969-11-08,750.412
1969-11-09,678.217
1969-11-10,659.776
1969-11-11,677.28
1969-11-12,702.424
1969-11-13,768.125
1969-11-14,895.584
1969-11-15,970.426
1969-11-16,948.215
1969-11-17,844.2
1969-11-18,719.827
1969-11-19,564.48
1969-11-20,510.441
1969-11-21,510.347
1969-11-22,579.091
1969-11-23,674.83
1969-11-24,707.249
1969-11-25,833.105
1969-11-26,1035.293
1969-11-27,1185.694
1969-11-28,1187.313
1969-11-29,1121.695
1969-11-30,1055.093
1969-12-01,1048.541
1969-12-02,1096.92
1969-12-03,1178.566
1969-12-04,1267.543
1969-12-05,1213.159
1969-12-06,1060.54
1969-12-07,1002.938
1969-12-08,1035.646
1969-12-09,1170.047
1969-12-10,1293.375
1969-12-11,1346.965
1969-12-12,1351.691
1969-12-13,1337.869
1969-12-14,1382.557
1969-12-15,1399.384
1969-12-16,1345.717
1969-12-17,1289.496
1969-12-18,1247.422
1969-12-19,1225.248
1969-12-20,1172.449
1969-12-21,1080.684
1969-12-22,1061.095
1969-12-23,1106.151
1969-12-24,1151.774
1969-12-25,1150.217
1969-12-26,1049.592
1969-12-27,904.876
1969-12-28,771.85
1969-12-29,690.588
1969-12-30,663.279
1969-12-31,651.102
1970-01-01,651.681
1970-01-02,671.765
1970-01-03,692.466
1970-01-04,749.721
1970-01-05,813.534
1970-01-06,833.384
1970-01-07,784.355
1970-01-08,716.926
1970-01-09,745.701
1970-01-10,791.918
1970-01-11,808.959
1970-01-12,798.954
1970-01-13,730.492
1970-01-14,672.038
1970-01-15,654.605
1970-01-16,694.738
1970-01-17,759.75
1970-01-18,855.705
1970-01-19,985.314
1970-01-20,1143.078
1970-01-21,1189.061
1970-01-22,1107.375
1970-01-23,1108.479
1970-01-24,1252.289
1970-01-25,1400.112
1970-01-26,1407.87
1970-01-27,1508.542
1970-01-28,1662.49
1970-01-29,1676.324
1970-01-30,1587.162
1970-01-31,1528.618
1970-02-01,1494.965
1970-02-02,1491.6
1970-02-03,1484.138
1970-02-04,1503.762
1970-02-05,1566.065
1970-02-06,1657.639
1970-02-07,1679.094
1970-02-08,1666.54
1970-02-09,1721.16
1970-02-10,1791.048
1970-02-11,1809.852
1970-02-12,1778.37
1970-02-13,1749.025
1970-02-14,1774.839
1970-02-15,1777.562
1970-02-16,1801.83
1970-02-17,1904.371
1970-02-18,1872.208
1970-02-19,1705.712
1970-02-20,1559.182
1970-02-21,1436.773
1970-02-22,1271.174
1970-02-23,1159.428
1970-02-24,1256.998
1970-02-25,1460.725
1970-02-26,1628.471
1970-02-27,1711.842
1970-02-28,1706.204
1970-03-01,1687.922
1970-03-02,1607.378
1970-03-03,1653.11
1970-03-04,1646.24
1970-03-05,1508.567
1970-03-06,1478.742
1970-03-07,1491.107
1970-03-08,1510.701
1970-03-09,1611.773
1970-03-10,1713.153
1970-03-11,1839.678
1970-03-12,1792.436
1970-03-13,1549.104
1970-03-14,1376.38
1970-03-15,1393.328
1970-03-16,1540.406
1970-03-17,1910.079
1970-03-18,2283.964
1970-03-19,2258.253
1970-03-20,1991.76
1970-03-21,1850.056
1970-03-22,1802.676
1970-03-23,2070.24
1970-03-24,2303.928
1970-03-25,2209.577
1970-03-26,2146.073
1970-03-27,2207.156
1970-03-28,2408.18
1970-03-29,2609.671
1970-03-30,2817.265
1970-03-31,3272.297
1970-04-01,3453.805
1970-04-02,3050.892
1970-04-03,3105.413
1970-04-04,3240.183
1970-04-05,3114.418
1970-04-06,3131.992
1970-04-07,3772.726
1970-04-08,4221.573
1970-04-09,4099.026
1970-04-10,4238.645
1970-04-11,4673.857
1970-04-12,4654.748
1970-04-13,4483.63
1970-04-14,4725.11
1970-04-15,4996.555
1970-04-16,4841.515
1970-04-17,4507.693
1970-04-18,3977.664
1970-04-19,3594.759
1970-04-20,3292.022
1970-04-21,3163.903
1970-04-22,3219.936
1970-04-23,3211.355
1970-04-24,3141.085
1970-04-25,3157.485
1970-04-26,3189.658
1970-04-27,3194.799
1970-04-28,3180.987
1970-04-29,3045.514
1970-04-30,3080.176
1970-05-01,2999.748
1970-05-02,2974.402
1970-05-03,2957.036
1970-05-04,2808.787
1970-05-05,2585.485
1970-05-06,2496.998
1970-05-07,2647.408
1970-05-08,2799.031
1970-05-09,2608.599
1970-05-10,2403.355
1970-05-11,2362.148
1970-05-12,2402.942
1970-05-13,2324.847
1970-05-14,2265.528
1970-05-15,2281.339
1970-05-16,2403.122
1970-05-17,2583.068
1970-05-18,2662.551
1970-05-19,2625.126
1970-05-20,2495.503
1970-05-21,2430.739
1970-05-22,2449.138
1970-05-23,2558.93
1970-05-24,2661.075
1970-05-25,2680.056
1970-05-26,2605.465
1970-05-27,2429.299
1970-05-28,2237.145
1970-05-29,2046.192
1970-05-30,1882.656
1970-05-31,1779.568
1970-06-01,1744.933
1970-06-02,1741.982
1970-06-03,1671.14
1970-06-04,1580.007
1970-06-05,1538.27
1970-06-06,1520.851
1970-06-07,1532.169
1970-06-08,1576.824
1970-06-09,1601.693
1970-06-10,1567.811
1970-06-11,1550.09
1970-06-12,1496.644
1970-06-13,1381.822
1970-06-14,1267.131
1970-06-15,1183.538
1970-06-16,1141.041
1970-06-17,1117.315
1970-06-18,1080.627
1970-06-19,1018.371
1970-06-20,941.018
1970-06-21,877.865
1970-06-22,838.885
1970-06-23,811.848
1970-06-24,788.098
1970-06-25,765.498
1970-06-26,743.03
1970-06-27,720.46
1970-06-28,699.15
1970-06-29,679.416
1970-06-30,661.559
1970-07-01,645.519
1970-07-02,628.168
1970-07-03,610.483
1970-07-04,593.355
1970-07-05,576.275
1970-07-06,559.632
1970-07-07,545.094
1970-07-08,531.236
1970-07-09,516.481
1970-07-10,502.565
1970-07-11,489.242
1970-07-12,475.468
1970-07-13,464.678
1970-07-14,460.489
1970-07-15,467.047
1970-07-16,485.94
1970-07-17,491.805
1970-07-18,465.303
1970-07-19,445.737
1970-07-20,432.849
1970-07-21,416.146
1970-07-22,406.468
1970-07-23,391.16
1970-07-24,370.317
1970-07-25,354.655
1970-07-26,344.414
1970-07-27,336.204
1970-07-28,328.821
1970-07-29,322.055
1970-07-30,315.518
1970-07-31,308.885
1970-08-01,301.992
1970-08-02,295.239
1970-08-03,289.51
1970-08-04,284.739
1970-08-05,281.223
1970-08-06,280.775
1970-08-07,286.493
1970-08-08,296.885
1970-08-09,304.251
1970-08-10,291.172
1970-08-11,266.626
1970-08-12,252.011
1970-08-13,246.709
1970-08-14,243.398
1970-08-15,241.594
1970-08-16,243.85
1970-08-17,244.225
1970-08-18,240.407
1970-08-19,235.88
1970-08-20,230.932
1970-08-21,226.91
1970-08-22,226.23
1970-08-23,233.129
1970-08-24,260.798
1970-08-25,316.368
1970-08-26,359.843
1970-08-27,364.842
1970-08-28,333.928
1970-08-29,286.835
1970-08-30,238.856
1970-08-31,214.551
1970-09-01,212.166
1970-09-02,210.588
1970-09-03,203.947
1970-09-04,209.795
1970-09-05,214.306
1970-09-06,204.585
1970-09-07,191.247
1970-09-08,190.743
1970-09-09,207.483
1970-09-10,241.394
1970-09-11,262.379
1970-09-12,276.457
1970-09-13,272.084
1970-09-14,245.795
1970-09-15,210.189
1970-09-16,181.765
1970-09-17,174.795
1970-09-18,190.017
1970-09-19,210.114
1970-09-20,218.31
1970-09-21,235.7
1970-09-22,250.023
1970-09-23,247.592
1970-09-24,232.136
1970-09-25,219.158
1970-09-26,264.23
1970-09-27,324.675
1970-09-28,372.615
1970-09-29,431.932
1970-09-30,446.512
1970-10-01,381.526
1970-10-02,291.771
1970-10-03,232.105
1970-10-04,208.158
1970-10-05,193.12
1970-10-06,185.233
1970-10-07,180.07
1970-10-08,169.638
1970-10-09,162.719
1970-10-10,163.673
1970-10-11,175.676
1970-10-12,201.888
1970-10-13,215.217
1970-10-14,209.561
1970-10-15,222.515
1970-10-16,235.87
1970-10-17,255.106
1970-10-18,322.051
1970-10-19,349.23
1970-10-20,334.947
1970-10-21,289.477
1970-10-22,252.942
1970-10-23,262.05
1970-10-24,284.233
1970-10-25,340.408
1970-10-26,482.69
1970-10-27,740.622
1970-10-28,1023.219
1970-10-29,1132.808
1970-10-30,1213.893
1970-10-31,1182.962
1970-11-01,949.254
1970-11-02,778.423
1970-11-03,749.078
1970-11-04,752.854
1970-11-05,655.602
1970-11-06,465.432
1970-11-07,367.353
1970-11-08,332.998
1970-11-09,361.046
1970-11-10,452.423
1970-11-11,565.863
1970-11-12,612.155
1970-11-13,586.998
1970-11-14,556.282
1970-11-15,515.719
1970-11-16,572.028
1970-11-17,628.53
1970-11-18,830.5
1970-11-19,1101.892
1970-11-20,1281.298
1970-11-21,1306.392
1970-11-22,1202.663
1970-11-23,1171.487
1970-11-24,1150.834
1970-11-25,1077.538
1970-11-26,1053.778
1970-11-27,1029.386
1970-11-28,925.255
1970-11-29,798.474
1970-11-30,719.17
1970-12-01,668.114
1970-12-02,605.589
1970-12-03,583.384
1970-12-04,585.798
1970-12-05,624.376
1970-12-06,677.756
1970-12-07,658.522
1970-12-08,611.026
1970-12-09,636.347
1970-12-10,655.251
1970-12-11,637.729
1970-12-12,594.86
1970-12-13,546.345
1970-12-14,513.275
1970-12-15,575.496
1970-12-16,663.449
1970-12-17,675.244
1970-12-18,693.889
1970-12-19,765.26
1970-12-20,823.688
1970-12-21,831.757
1970-12-22,750.882
1970-12-23,664.941
1970-12-24,662.813
1970-12-25,713.395
1970-12-26,750.5
1970-12-27,805.069
1970-12-28,867.948
1970-12-29,905.97
1970-12-30,855.337
1970-12-31,770.011
1971-01-01,755.637
1971-01-02,781.339
1971-01-03,824.069
1971-01-04,910.693
1971-01-05,1061.277
1971-01-06,1153.536
1971-01-07,1103.303
1971-01-08,978.62
1971-01-09,908.468
1971-01-10,983.524
1971-01-11,1085.946
1971-01-12,1142.437
1971-01-13,1109.13
1971-01-14,1024.263
1971-01-15,956.498
1971-01-16,913.151
1971-01-17,884.228
1971-01-18,892.067
1971-01-19,937.329
1971-01-20,960.008
1971-01-21,917.03
1971-01-22,903.673
1971-01-23,911.71
1971-01-24,911.403
1971-01-25,942.779
1971-01-26,981.459
1971-01-27,1003.377
1971-01-28,1040.33
1971-01-29,1143.802
1971-01-30,1232.013
1971-01-31,1316.951
1971-02-01,1347.193
1971-02-02,1297.155
1971-02-03,1262.81
1971-02-04,1319.528
1971-02-05,1316.399
1971-02-06,1223.292
1971-02-07,1177.052
1971-02-08,1198.76
1971-02-09,1218.191
1971-02-10,1190.01
1971-02-11,1102.138
1971-02-12,998.575
1971-02-13,931.407
1971-02-14,904.496
1971-02-15,888.763
1971-02-16,901.707
1971-02-17,950.207
1971-02-18,1025.013
1971-02-19,1119.959
1971-02-20,1180.982
1971-02-21,1207.363
1971-02-22,1185.295
1971-02-23,1096.53
1971-02-24,1005.781
1971-02-25,923.642
1971-02-26,871.793
1971-02-27,898.319
1971-02-28,945.349
1971-03-01,936.576
1971-03-02,904.332
1971-03-03,929.454
1971-03-04,992.342
1971-03-05,1048.438
1971-03-06,1057.408
1971-03-07,1124.902
1971-03-08,1510.051
1971-03-09,1569.73
1971-03-10,1229.527
1971-03-11,994.892
1971-03-12,870.434
1971-03-13,830.582
1971-03-14,859.112
1971-03-15,900.286
1971-03-16,888.949
1971-03-17,861.551
1971-03-18,828.758
1971-03-19,761.267
1971-03-20,680.053
1971-03-21,637.911
1971-03-22,710.201
1971-03-23,849.11
1971-03-24,955.63
1971-03-25,977.631
1971-03-26,973.593
1971-03-27,956.777
1971-03-28,923.144
1971-03-29,870.664
1971-03-30,866.642
1971-03-31,986.075
1971-04-01,1167.289
1971-04-02,1234.964
1971-04-03,1225.559
1971-04-04,1162.252
1971-04-05,1048.897
1971-04-06,992.314
1971-04-07,1063.187
1971-04-08,1224.351
1971-04-09,1376.637
1971-04-10,1445.726
1971-04-11,1497.973
1971-04-12,1504.015
1971-04-13,1463.672
1971-04-14,1427.225
1971-04-15,1401.087
1971-04-16,1397.597
1971-04-17,1391.77
1971-04-18,1403.71
1971-04-19,1499.552
1971-04-20,1567.948
1971-04-21,1667.287
1971-04-22,1747.385
1971-04-23,1760.165
1971-04-24,1751.632
1971-04-25,1703.133
1971-04-26,1678.238
1971-04-27,1805.375
1971-04-28,1994.252
1971-04-29,2066.647
1971-04-30,2124.088
1971-05-01,2276.33
1971-05-02,2389.066
1971-05-03,2440.705
1971-05-04,2475.321
1971-05-05,2618.368
1971-05-06,2750.939
1971-05-07,2829.702
1971-05-08,2818.431
1971-05-09,2706.997
1971-05-10,2571.826
1971-05-11,2466.808
1971-05-12,2411.518
1971-05-13,2394.914
1971-05-14,2331.9
1971-05-15,2317.67
1971-05-16,2277.522
1971-05-17,2127.196
1971-05-18,1996.1
1971-05-19,1993.892
1971-05-20,2124.86
1971-05-21,2072.572
1971-05-22,2022.272
1971-05-23,2031.983
1971-05-24,2051.656
1971-05-25,2171.977
1971-05-26,2232.135
1971-05-27,2349.121
1971-05-28,2486.429
1971-05-29,2483.69
1971-05-30,2319.151
1971-05-31,2451.694
1971-06-01,2510.626
1971-06-02,2324.944
1971-06-03,2173.098
1971-06-04,2128.546
1971-06-05,2232.359
1971-06-06,2332.527
1971-06-07,2289.098
1971-06-08,2131.486
1971-06-09,1904.538
1971-06-10,1675.427
1971-06-11,1494.512
1971-06-12,1364.903
1971-06-13,1303.557
1971-06-14,1304.168
1971-06-15,1328.848
1971-06-16,1325.692
1971-06-17,1228.447
1971-06-18,1097.106
1971-06-19,1002.782
1971-06-20,942.246
1971-06-21,886.481
1971-06-22,833.71
1971-06-23,791.986
1971-06-24,757.944
1971-06-25,727.85
1971-06-26,700.132
1971-06-27,674.333
1971-06-28,650.645
1971-06-29,628.215
1971-06-30,606.91
1971-07-01,587.915
1971-07-02,571.622
1971-07-03,558.987
1971-07-04,545.338
1971-07-05,523.333
1971-07-06,499.605
1971-07-07,480.677
1971-07-08,465.651
1971-07-09,452.473
1971-07-10,442.948
1971-07-11,442.81
1971-07-12,447.811
1971-07-13,445.495
1971-07-14,427.434
1971-07-15,400.057
1971-07-16,377.568
1971-07-17,363.892
1971-07-18,354.748
1971-07-19,352.713
1971-07-20,370.252
1971-07-21,389.93
1971-07-22,398.22
1971-07-23,368.76
1971-07-24,331.433
1971-07-25,309.282
1971-07-26,297.226
1971-07-27,290.063
1971-07-28,297.672
1971-07-29,312.708
1971-07-30,326.72
1971-07-31,349.313
1971-08-01,358.643
1971-08-02,333.522
1971-08-03,297.265
1971-08-04,271.254
1971-08-05,262.241
1971-08-06,260.173
1971-08-07,258.366
1971-08-08,259.295
1971-08-09,266.034
1971-08-10,267.216
1971-08-11,265.555
1971-08-12,273.936
1971-08-13,269.897
1971-08-14,243.905
1971-08-15,221.642
1971-08-16,210.628
1971-08-17,205.466
1971-08-18,201.638
1971-08-19,196.651
1971-08-20,191.384
1971-08-21,187.555
1971-08-22,184.105
1971-08-23,182.8
1971-08-24,181.929
1971-08-25,185.109
1971-08-26,199.175
1971-08-27,211.78
1971-08-28,231.003
1971-08-29,244.618
1971-08-30,269.848
1971-08-31,303.216
1971-09-01,316.221
1971-09-02,303.446
1971-09-03,300.232
1971-09-04,294.426
1971-09-05,297.459
1971-09-06,328.698
1971-09-07,388.524
1971-09-08,463.43
1971-09-09,563.422
1971-09-10,647.826
1971-09-11,690.621
1971-09-12,662.069
1971-09-13,569.565
1971-09-14,456.83
1971-09-15,341.596
1971-09-16,280.579
1971-09-17,326.92
1971-09-18,417.864
1971-09-19,466.2
1971-09-20,426.569
1971-09-21,396.77
1971-09-22,441.072
1971-09-23,526.987
1971-09-24,547.585
1971-09-25,517.187
1971-09-26,542.345
1971-09-27,578.497
1971-09-28,577.397
1971-09-29,613.78
1971-09-30,664.025
1971-10-01,580.632
1971-10-02,447.595
1971-10-03,389.763
1971-10-04,351.263
1971-10-05,357.925
1971-10-06,394.22
1971-10-07,417.827
1971-10-08,443.848
1971-10-09,477.035
1971-10-10,555.159
1971-10-11,661.555
1971-10-12,775.671
1971-10-13,912.43
1971-10-14,973.47
1971-10-15,937.38
1971-10-16,949.158
1971-10-17,1065.467
1971-10-18,1157.805
1971-10-19,1133.701
1971-10-20,953.404
1971-10-21,677.201
1971-10-22,487.994
1971-10-23,430.83
1971-10-24,423.09
1971-10-25,441.305
1971-10-26,446.17
1971-10-27,504.5
1971-10-28,594.449
1971-10-29,619.856
1971-10-30,648.233
1971-10-31,718.468
1971-11-01,799.574
1971-11-02,1016.702
1971-11-03,1240.445
1971-11-04,1396.107
1971-11-05,1533.6
1971-11-06,1508.295
1971-11-07,1359.177
1971-11-08,1257.642
1971-11-09,1159.112
1971-11-10,1141.735
1971-11-11,1192.501
1971-11-12,1199.053
1971-11-13,1100.622
1971-11-14,1054.052
1971-11-15,1084.144
1971-11-16,1162.192
1971-11-17,1287.152
1971-11-18,1453.859
1971-11-19,1575.868
1971-11-20,1688.61
1971-11-21,1785.649
1971-11-22,1744.148
1971-11-23,1591.127
1971-11-24,1453.923
1971-11-25,1351.814
1971-11-26,1357.851
1971-11-27,1718.234
1971-11-28,1883.713
1971-11-29,1758.589
1971-11-30,1617.0
1971-12-01,1449.038
1971-12-02,1385.182
1971-12-03,1428.175
1971-12-04,1466.124
1971-12-05,1470.611
1971-12-06,1435.632
1971-12-07,1375.268
1971-12-08,1311.171
1971-12-09,1323.099
1971-12-10,1368.862
1971-12-11,1469.364
1971-12-12,1581.427
1971-12-13,1695.145
1971-12-14,1696.06
1971-12-15,1539.145
1971-12-16,1372.737
1971-12-17,1239.053
1971-12-18,1178.459
1971-12-19,1126.768
1971-12-20,1055.448
1971-12-21,1018.23
1971-12-22,1032.963
1971-12-23,1072.854
1971-12-24,1107.132
1971-12-25,1110.925
1971-12-26,1143.831
1971-12-27,1264.244
1971-12-28,1342.051
1971-12-29,1281.737
1971-12-30,1363.954
1971-12-31,1550.616
1972-01-01,1537.104
1972-01-02,1528.073
1972-01-03,1658.342
1972-01-04,1951.647
1972-01-05,2113.927
1972-01-06,2012.861
1972-01-07,1894.248
1972-01-08,1919.692
1972-01-09,1992.947
1972-01-10,2035.449
1972-01-11,2143.376
1972-01-12,2205.163
1972-01-13,2149.265
1972-01-14,2085.95
1972-01-15,2152.748
1972-01-16,2224.345
1972-01-17,2220.692
1972-01-18,2175.31
1972-01-19,2033.037
1972-01-20,1894.744
1972-01-21,1881.823
1972-01-22,1928.268
1972-01-23,1879.469
1972-01-24,1742.76
1972-01-25,1704.659
1972-01-26,1751.755
1972-01-27,1816.374
1972-01-28,1771.117
1972-01-29,1637.245
1972-01-30,1528.568
1972-01-31,1456.753
1972-02-01,1408.461
1972-02-02,1381.05
1972-02-03,1423.494
1972-02-04,1507.123
1972-02-05,1566.612
1972-02-06,1551.337
1972-02-07,1496.559
1972-02-08,1456.064
1972-02-09,1440.464
1972-02-10,1480.548
1972-02-11,1510.862
1972-02-12,1526.19
1972-02-13,1577.109
1972-02-14,1572.142
1972-02-15,1503.165
1972-02-16,1490.185
1972-02-17,1575.476
1972-02-18,1614.48
1972-02-19,1544.229
1972-02-20,1507.403
1972-02-21,1505.463
1972-02-22,1591.051
1972-02-23,1741.069
1972-02-24,1863.738
1972-02-25,1875.882
1972-02-26,1791.769
1972-02-27,1638.659
1972-02-28,1534.269
1972-02-29,1455.235
1972-03-01,1463.876
1972-03-02,1576.404
1972-03-03,1665.441
1972-03-04,1783.226
1972-03-05,1825.656
1972-03-06,1835.578
1972-03-07,1953.702
1972-03-08,1978.94
1972-03-09,2056.777
1972-03-10,2169.48
1972-03-11,2185.727
1972-03-12,2171.297
1972-03-13,2223.094
1972-03-14,2312.07
1972-03-15,2347.696
1972-03-16,2395.097
1972-03-17,2574.847
1972-03-18,2737.41
1972-03-19,2742.583
1972-03-20,2720.373
1972-03-21,2775.837
1972-03-22,2799.295
1972-03-23,2734.472
1972-03-24,2711.706
1972-03-25,2831.936
1972-03-26,2965.09
1972-03-27,2881.755
1972-03-28,3066.382
1972-03-29,3208.915
1972-03-30,2963.535
1972-03-31,2637.041
1972-04-01,2365.62
1972-04-02,2209.492
1972-04-03,2109.786
1972-04-04,2008.15
1972-04-05,1918.145
1972-04-06,1921.736
1972-04-07,2036.48
1972-04-08,2126.387
1972-04-09,2081.619
1972-04-10,2015.602
1972-04-11,1997.559
1972-04-12,1967.638
1972-04-13,1999.418
1972-04-14,2105.746
1972-04-15,2104.142
1972-04-16,2028.825
1972-04-17,1906.528
1972-04-18,1797.126
1972-04-19,1795.871
1972-04-20,1794.314
1972-04-21,1760.609
1972-04-22,1767.036
1972-04-23,1890.07
1972-04-24,2054.013
1972-04-25,2141.715
1972-04-26,2093.954
1972-04-27,2077.324
1972-04-28,2092.845
1972-04-29,2098.264
1972-04-30,2112.405
1972-05-01,2153.315
1972-05-02,2251.95
1972-05-03,2343.05
1972-05-04,2453.04
1972-05-05,2503.848
1972-05-06,2344.253
1972-05-07,2126.05
1972-05-08,1984.426
1972-05-09,1884.057
1972-05-10,1794.615
1972-05-11,1684.141
1972-05-12,1591.468
1972-05-13,1611.814
1972-05-14,1698.061
1972-05-15,1802.199
1972-05-16,1802.368
1972-05-17,1674.155
1972-05-18,1521.621
1972-05-19,1433.04
1972-05-20,1337.778
1972-05-21,1275.53
1972-05-22,1310.466
1972-05-23,1421.125
1972-05-24,1523.993
1972-05-25,1595.373
1972-05-26,1706.692
1972-05-27,1735.951
1972-05-28,1677.885
1972-05-29,1555.828
1972-05-30,1482.608
1972-05-31,1622.996
1972-06-01,1912.317
1972-06-02,2087.682
1972-06-03,1966.932
1972-06-04,1740.724
1972-06-05,1612.792
1972-06-06,1582.447
1972-06-07,1590.129
1972-06-08,1581.188
1972-06-09,1593.981
1972-06-10,1664.26
1972-06-11,1660.873
1972-06-12,1559.797
1972-06-13,1476.149
1972-06-14,1422.331
1972-06-15,1346.558
1972-06-16,1269.92
1972-06-17,1293.422
1972-06-18,1431.048
1972-06-19,1573.023
1972-06-20,1606.594
1972-06-21,1560.022
1972-06-22,1515.821
1972-06-23,1473.917
1972-06-24,1432.705
1972-06-25,1360.775
1972-06-26,1230.505
1972-06-27,1142.503
1972-06-28,1147.393
1972-06-29,1197.836
1972-06-30,1239.847
1972-07-01,1224.393
1972-07-02,1196.829
1972-07-03,1263.828
1972-07-04,1412.205
1972-07-05,1520.758
1972-07-06,1496.31
1972-07-07,1431.857
1972-07-08,1433.673
1972-07-09,1509.02
1972-07-10,1607.892
1972-07-11,1568.569
1972-07-12,1383.835
1972-07-13,1194.234
1972-07-14,1060.28
1972-07-15,985.314
1972-07-16,943.261
1972-07-17,911.934
1972-07-18,882.997
1972-07-19,855.242
1972-07-20,828.48
1972-07-21,803.025
1972-07-22,779.357
1972-07-23,756.26
1972-07-24,733.332
1972-07-25,711.436
1972-07-26,691.95
1972-07-27,674.382
1972-07-28,656.646
1972-07-29,639.292
1972-07-30,623.868
1972-07-31,604.661
1972-08-01,591.808
1972-08-02,585.294
1972-08-03,625.796
1972-08-04,600.694
1972-08-05,546.232
1972-08-06,514.855
1972-08-07,502.158
1972-08-08,502.023
1972-08-09,510.86
1972-08-10,510.306
1972-08-11,486.528
1972-08-12,464.013
1972-08-13,455.683
1972-08-14,436.371
1972-08-15,411.894
1972-08-16,397.489
1972-08-17,386.598
1972-08-18,376.381
1972-08-19,367.78
1972-08-20,358.108
1972-08-21,349.418
1972-08-22,342.324
1972-08-23,336.167
1972-08-24,329.415
1972-08-25,327.744
1972-08-26,331.258
1972-08-27,333.201
1972-08-28,335.609
1972-08-29,341.335
1972-08-30,357.878
1972-08-31,386.461
1972-09-01,398.981
1972-09-02,358.491
1972-09-03,322.575
1972-09-04,314.244
1972-09-05,341.612
1972-09-06,399.67
1972-09-07,450.758
1972-09-08,503.068
1972-09-09,566.676
1972-09-10,643.182
1972-09-11,711.108
1972-09-12,714.917
1972-09-13,685.803
1972-09-14,659.272
1972-09-15,564.332
1972-09-16,437.861
1972-09-17,394.419
1972-09-18,387.331
1972-09-19,424.959
1972-09-20,508.605
1972-09-21,606.538
1972-09-22,682.178
1972-09-23,735.862
1972-09-24,773.648
1972-09-25,796.348
1972-09-26,779.13
1972-09-27,700.501
1972-09-28,568.735
1972-09-29,448.192
1972-09-30,407.407
1972-10-01,441.091
1972-10-02,457.901
1972-10-03,461.982
1972-10-04,448.226
1972-10-05,485.025
1972-10-06,576.524
1972-10-07,653.401
1972-10-08,725.987
1972-10-09,779.504
1972-10-10,874.182
1972-10-11,1058.122
1972-10-12,1126.911
1972-10-13,1084.698
1972-10-14,1076.96
1972-10-15,1049.933
1972-10-16,970.563
1972-10-17,905.627
1972-10-18,916.548
1972-10-19,961.585
1972-10-20,922.08
1972-10-21,912.822
1972-10-22,1004.808
1972-10-23,1034.87
1972-10-24,982.477
1972-10-25,1036.036
1972-10-26,1174.83
1972-10-27,1290.177
1972-10-28,1342.838
1972-10-29,1434.059
1972-10-30,1616.306
1972-10-31,1821.337
1972-11-01,2135.177
1972-11-02,2458.755
1972-11-03,2502.823
1972-11-04,2511.374
1972-11-05,2542.392
1972-11-06,2593.965
1972-11-07,2511.698
1972-11-08,2425.201
1972-11-09,2556.096
1972-11-10,3022.486
1972-11-11,3156.151
1972-11-12,3040.302
1972-11-13,2872.712
1972-11-14,2541.132
1972-11-15,2415.625
1972-11-16,2527.451
1972-11-17,2657.9
1972-11-18,2707.098
1972-11-19,2668.798
1972-11-20,2738.148
1972-11-21,2961.439
1972-11-22,3034.578
1972-11-23,2875.67
1972-11-24,2910.034
1972-11-25,3015.355
1972-11-26,3153.588
1972-11-27,3274.129
1972-11-28,3277.246
1972-11-29,3261.251
1972-11-30,3376.356
1972-12-01,3460.614
1972-12-02,3253.088
1972-12-03,3085.705
1972-12-04,3011.248
1972-12-05,2915.041
1972-12-06,2748.213
1972-12-07,2617.211
1972-12-08,2636.695
1972-12-09,2659.496
1972-12-10,2618.03
1972-12-11,2503.525
1972-12-12,2472.821
1972-12-13,2557.395
1972-12-14,2643.96
1972-12-15,2649.842
1972-12-16,2543.377
1972-12-17,2445.557
1972-12-18,2550.388
1972-12-19,2759.441
1972-12-20,2816.157
1972-12-21,2605.909
1972-12-22,2304.41
1972-12-23,2119.309
1972-12-24,2026.909
1972-12-25,1974.715
1972-12-26,1917.295
1972-12-27,1940.514
1972-12-28,1973.38
1972-12-29,1887.938
1972-12-30,1787.242
1972-12-31,1689.346
1973-01-01,1702.85
1973-01-02,2093.546
1973-01-03,2362.689
1973-01-04,2191.395
1973-01-05,1935.494
1973-01-06,1871.303
1973-01-07,1934.475
1973-01-08,1961.176
1973-01-09,2028.183
1973-01-10,2077.335
1973-01-11,1942.978
1973-01-12,1847.475
1973-01-13,1866.014
1973-01-14,1878.357
1973-01-15,1815.881
1973-01-16,1791.916
1973-01-17,2150.007
1973-01-18,2272.679
1973-01-19,2056.017
1973-01-20,1993.175
1973-01-21,2048.875
1973-01-22,2118.873
1973-01-23,2130.955
1973-01-24,1966.015
1973-01-25,1834.304
1973-01-26,1876.824
1973-01-27,1986.733
1973-01-28,1995.762
1973-01-29,2070.765
1973-01-30,2583.682
1973-01-31,2864.118
1973-02-01,2680.834
1973-02-02,2507.671
1973-02-03,2303.371
1973-02-04,2063.279
1973-02-05,1899.921
1973-02-06,1802.848
1973-02-07,1742.669
1973-02-08,1723.643
1973-02-09,1662.147
1973-02-10,1558.523
1973-02-11,1439.548
1973-02-12,1314.878
1973-02-13,1287.874
1973-02-14,1664.197
1973-02-15,1783.574
1973-02-16,1409.124
1973-02-17,1129.648
1973-02-18,1004.845
1973-02-19,976.906
1973-02-20,1000.126
1973-02-21,1031.734
1973-02-22,1107.913
1973-02-23,1266.191
1973-02-24,1641.421
1973-02-25,1943.407
1973-02-26,1984.83
1973-02-27,1851.122
1973-02-28,1765.186
1973-03-01,1797.508
1973-03-02,1750.67
1973-03-03,1586.775
1973-03-04,1468.98
1973-03-05,1342.418
1973-03-06,1222.703
1973-03-07,1180.474
1973-03-08,1135.052
1973-03-09,1081.912
1973-03-10,1026.305
1973-03-11,1026.152
1973-03-12,1091.32
1973-03-13,1174.096
1973-03-14,1301.816
1973-03-15,1347.449
1973-03-16,1277.088
1973-03-17,1162.297
1973-03-18,1074.527
1973-03-19,1066.987
1973-03-20,1181.561
1973-03-21,1224.098
1973-03-22,1140.913
1973-03-23,1044.926
1973-03-24,1041.801
1973-03-25,1148.406
1973-03-26,1272.802
1973-03-27,1308.057
1973-03-28,1225.949
1973-03-29,1152.332
1973-03-30,1147.105
1973-03-31,1192.889
1973-04-01,1202.848
1973-04-02,1224.891
1973-04-03,1351.555
1973-04-04,1390.725
1973-04-05,1280.838
1973-04-06,1174.427
1973-04-07,1152.108
1973-04-08,1182.004
1973-04-09,1259.285
1973-04-10,1325.684
1973-04-11,1391.185
1973-04-12,1497.202
1973-04-13,1611.469
1973-04-14,1772.775
1973-04-15,1786.993
1973-04-16,1636.848
1973-04-17,1546.594
1973-04-18,1567.518
1973-04-19,1571.71
1973-04-20,1568.293
1973-04-21,1561.417
1973-04-22,1660.963
1973-04-23,1769.246
1973-04-24,1978.124
1973-04-25,2395.864
1973-04-26,2447.905
1973-04-27,2234.215
1973-04-28,2281.111
1973-04-29,2228.286
1973-04-30,2119.59
1973-05-01,2171.484
1973-05-02,2213.747
1973-05-03,2127.57
1973-05-04,1990.731
1973-05-05,1895.503
1973-05-06,1834.056
1973-05-07,1920.795
1973-05-08,2031.115
1973-05-09,2089.744
1973-05-10,2128.374
1973-05-11,2141.848
1973-05-12,2152.807
1973-05-13,2095.7
1973-05-14,2006.133
1973-05-15,2005.686
1973-05-16,2046.687
1973-05-17,2120.658
1973-05-18,2250.334
1973-05-19,2231.559
1973-05-20,2095.951
1973-05-21,1922.746
1973-05-22,1800.305
1973-05-23,1790.764
1973-05-24,1789.768
1973-05-25,1791.82
1973-05-26,1761.214
1973-05-27,1727.487
1973-05-28,1657.518
1973-05-29,1601.375
1973-05-30,1621.125
1973-05-31,1681.888
1973-06-01,1680.2
1973-06-02,1595.638
1973-06-03,1504.935
1973-06-04,1425.028
1973-06-05,1392.632
1973-06-06,1416.779
1973-06-07,1441.122
1973-06-08,1365.02
1973-06-09,1236.61
1973-06-10,1133.208
1973-06-11,1076.656
1973-06-12,1063.247
1973-06-13,1066.582
1973-06-14,1070.468
1973-06-15,1053.444
1973-06-16,985.363
1973-06-17,906.515
1973-06-18,852.994
1973-06-19,826.338
1973-06-20,808.393
1973-06-21,786.827
1973-06-22,768.175
1973-06-23,753.926
1973-06-24,717.85
1973-06-25,671.723
1973-06-26,640.3
1973-06-27,619.41
1973-06-28,601.49
1973-06-29,585.451
1973-06-30,571.379
1973-07-01,558.846
1973-07-02,546.365
1973-07-03,534.084
1973-07-04,518.92
1973-07-05,502.899
1973-07-06,488.106
1973-07-07,473.99
1973-07-08,461.037
1973-07-09,449.259
1973-07-10,438.45
1973-07-11,428.518
1973-07-12,419.055
1973-07-13,409.61
1973-07-14,401.409
1973-07-15,394.509
1973-07-16,387.966
1973-07-17,381.591
1973-07-18,372.197
1973-07-19,362.082
1973-07-20,352.598
1973-07-21,344.772
1973-07-22,341.477
1973-07-23,336.005
1973-07-24,332.002
1973-07-25,335.029
1973-07-26,337.062
1973-07-27,323.481
1973-07-28,309.512
1973-07-29,301.563
1973-07-30,295.85
1973-07-31,288.905
1973-08-01,282.117
1973-08-02,276.986
1973-08-03,273.156
1973-08-04,266.444
1973-08-05,259.291
1973-08-06,254.572
1973-08-07,250.029
1973-08-08,245.916
1973-08-09,242.485
1973-08-10,241.29
1973-08-11,244.734
1973-08-12,246.519
1973-08-13,244.156
1973-08-14,240.911
1973-08-15,234.06
1973-08-16,228.71
1973-08-17,222.085
1973-08-18,218.645
1973-08-19,223.09
1973-08-20,232.14
1973-08-21,230.388
1973-08-22,272.294
1973-08-23,564.645
1973-08-24,628.005
1973-08-25,386.833
1973-08-26,253.746
1973-08-27,218.941
1973-08-28,207.735
1973-08-29,202.723
1973-08-30,191.514
1973-08-31,178.253
1973-09-01,171.621
1973-09-02,168.495
1973-09-03,166.085
1973-09-04,165.63
1973-09-05,164.843
1973-09-06,171.892
1973-09-07,180.87
1973-09-08,185.829
1973-09-09,182.375
1973-09-10,192.606
1973-09-11,189.623
1973-09-12,233.696
1973-09-13,235.715
1973-09-14,202.891
1973-09-15,185.851
1973-09-16,186.639
1973-09-17,195.745
1973-09-18,228.395
1973-09-19,281.118
1973-09-20,318.066
1973-09-21,318.239
1973-09-22,317.219
1973-09-23,320.305
1973-09-24,310.718
1973-09-25,283.947
1973-09-26,253.671
1973-09-27,240.585
1973-09-28,303.907
1973-09-29,348.402
1973-09-30,360.588
1973-10-01,474.577
1973-10-02,610.734
1973-10-03,650.385
1973-10-04,625.023
1973-10-05,562.403
1973-10-06,449.792
1973-10-07,387.44
1973-10-08,396.048
1973-10-09,507.213
1973-10-10,611.373
1973-10-11,721.407
1973-10-12,690.166
1973-10-13,594.681
1973-10-14,566.722
1973-10-15,630.377
1973-10-16,734.249
1973-10-17,791.664
1973-10-18,782.27
1973-10-19,741.596
1973-10-20,748.085
1973-10-21,776.468
1973-10-22,868.957
1973-10-23,916.231
1973-10-24,970.392
1973-10-25,958.752
1973-10-26,865.064
1973-10-27,716.094
1973-10-28,562.331
1973-10-29,498.171
1973-10-30,485.694
1973-10-31,550.625
1973-11-01,739.77
1973-11-02,933.604
1973-11-03,961.573
1973-11-04,893.323
1973-11-05,831.492
1973-11-06,807.217
1973-11-07,695.412
1973-11-08,499.554
1973-11-09,389.438
1973-11-10,451.727
1973-11-11,514.932
1973-11-12,580.492
1973-11-13,720.874
1973-11-14,872.825
1973-11-15,937.62
1973-11-16,929.608
1973-11-17,935.883
1973-11-18,1038.68
1973-11-19,1247.848
1973-11-20,1766.472
1973-11-21,1812.434
1973-11-22,1498.132
1973-11-23,1426.582
1973-11-24,1463.681
1973-11-25,1475.119
1973-11-26,1442.397
1973-11-27,1300.653
1973-11-28,1269.046
1973-11-29,1335.003
1973-11-30,1454.728
1973-12-01,1526.784
1973-12-02,1595.968
1973-12-03,1720.302
1973-12-04,1793.362
1973-12-05,1801.272
1973-12-06,1829.07
1973-12-07,1846.824
1973-12-08,1868.271
1973-12-09,1898.233
1973-12-10,1864.712
1973-12-11,1767.979
1973-12-12,1651.062
1973-12-13,1587.584
1973-12-14,1549.207
1973-12-15,1532.015
1973-12-16,1512.836
1973-12-17,1446.938
1973-12-18,1360.325
1973-12-19,1365.62
1973-12-20,1355.079
1973-12-21,1274.627
1973-12-22,1159.43
1973-12-23,1052.575
1973-12-24,1063.877
1973-12-25,1137.352
1973-12-26,1163.929
1973-12-27,1158.346
1973-12-28,1070.147
1973-12-29,956.497
1973-12-30,888.386
1973-12-31,873.245
1974-01-01,906.787
1974-01-02,952.182
1974-01-03,1003.095
1974-01-04,1032.033
1974-01-05,1029.731
1974-01-06,1105.967
1974-01-07,1346.319
1974-01-08,1410.503
1974-01-09,1238.683
1974-01-10,1092.143
1974-01-11,1055.601
1974-01-12,1094.57
1974-01-13,1129.303
1974-01-14,1166.617
1974-01-15,1292.16
1974-01-16,1473.163
1974-01-17,1539.5
1974-01-18,1455.238
1974-01-19,1348.872
1974-01-20,1252.806
1974-01-21,1173.009
1974-01-22,1114.946
1974-01-23,1090.823
1974-01-24,1072.366
1974-01-25,1025.916
1974-01-26,1024.118
1974-01-27,1069.528
1974-01-28,1125.899
1974-01-29,1214.44
1974-01-30,1227.978
1974-01-31,1213.405
1974-02-01,1205.481
1974-02-02,1175.145
1974-02-03,1117.482
1974-02-04,1073.263
1974-02-05,1107.737
1974-02-06,1193.756
1974-02-07,1204.328
1974-02-08,1135.854
1974-02-09,1103.072
1974-02-10,1089.461
1974-02-11,1064.839
1974-02-12,1110.18
1974-02-13,1187.801
1974-02-14,1204.819
1974-02-15,1179.45
1974-02-16,1122.335
1974-02-17,1100.811
1974-02-18,1062.668
1974-02-19,983.385
1974-02-20,948.255
1974-02-21,1002.845
1974-02-22,1101.28
1974-02-23,1161.951
1974-02-24,1143.426
1974-02-25,1063.002
1974-02-26,978.222
1974-02-27,910.354
1974-02-28,954.661
1974-03-01,1053.112
1974-03-02,1095.327
1974-03-03,1131.268
1974-03-04,1380.778
1974-03-05,1436.319
1974-03-06,1239.069
1974-03-07,1075.399
1974-03-08,997.74
1974-03-09,979.382
1974-03-10,943.949
1974-03-11,917.363
1974-03-12,947.297
1974-03-13,1005.298
1974-03-14,1050.385
1974-03-15,1066.353
1974-03-16,1135.21
1974-03-17,1343.628
1974-03-18,1718.265
1974-03-19,1745.165
1974-03-20,1414.742
1974-03-21,1155.428
1974-03-22,1017.426
1974-03-23,969.836
1974-03-24,993.796
1974-03-25,985.86
1974-03-26,934.175
1974-03-27,910.6
1974-03-28,828.014
1974-03-29,829.862
1974-03-30,899.684
1974-03-31,1012.56
1974-04-01,1131.863
1974-04-02,1250.048
1974-04-03,1329.601
1974-04-04,1339.654
1974-04-05,1228.677
1974-04-06,1228.885
1974-04-07,1681.501
1974-04-08,1984.665
1974-04-09,1960.269
1974-04-10,1920.911
1974-04-11,1998.6
1974-04-12,2046.351
1974-04-13,2207.148
1974-04-14,2389.33
1974-04-15,2213.917
1974-04-16,1959.985
1974-04-17,1912.38
1974-04-18,1933.913
1974-04-19,1882.1
1974-04-20,1839.693
1974-04-21,1914.861
1974-04-22,2068.114
1974-04-23,2439.82
1974-04-24,2639.375
1974-04-25,2561.183
1974-04-26,2454.36
1974-04-27,2287.989
1974-04-28,2210.776
1974-04-29,2533.502
1974-04-30,2614.237
1974-05-01,2226.218
1974-05-02,1880.595
1974-05-03,1709.648
1974-05-04,1747.855
1974-05-05,1861.531
1974-05-06,1795.385
1974-05-07,1689.016
1974-05-08,1647.068
1974-05-09,1621.612
1974-05-10,1635.928
1974-05-11,1722.807
1974-05-12,1721.43
1974-05-13,1665.489
1974-05-14,1564.458
1974-05-15,1524.699
1974-05-16,1617.131
1974-05-17,1759.009
1974-05-18,1800.749
1974-05-19,1699.635
1974-05-20,1695.712
1974-05-21,2107.898
1974-05-22,2264.893
1974-05-23,1997.849
1974-05-24,1793.965
1974-05-25,1703.405
1974-05-26,1703.994
1974-05-27,1725.98
1974-05-28,1675.833
1974-05-29,1620.415
1974-05-30,1667.43
1974-05-31,1780.601
1974-06-01,1816.13
1974-06-02,1673.163
1974-06-03,1474.205
1974-06-04,1401.901
1974-06-05,1425.835
1974-06-06,1444.572
1974-06-07,1413.858
1974-06-08,1377.582
1974-06-09,1341.238
1974-06-10,1337.997
1974-06-11,1333.892
1974-06-12,1219.334
1974-06-13,1057.166
1974-06-14,950.93
1974-06-15,899.547
1974-06-16,868.89
1974-06-17,853.962
1974-06-18,868.473
1974-06-19,910.032
1974-06-20,931.587
1974-06-21,911.118
1974-06-22,885.48
1974-06-23,842.082
1974-06-24,756.826
1974-06-25,699.955
1974-06-26,662.506
1974-06-27,639.419
1974-06-28,644.29
1974-06-29,642.873
1974-06-30,623.47
1974-07-01,611.503
1974-07-02,583.979
1974-07-03,541.2
1974-07-04,522.904
1974-07-05,535.668
1974-07-06,530.758
1974-07-07,513.602
1974-07-08,502.578
1974-07-09,499.348
1974-07-10,499.165
1974-07-11,483.849
1974-07-12,472.138
1974-07-13,476.283
1974-07-14,531.131
1974-07-15,592.042
1974-07-16,595.579
1974-07-17,585.377
1974-07-18,587.69
1974-07-19,588.711
1974-07-20,554.82
1974-07-21,498.582
1974-07-22,502.297
1974-07-23,582.919
1974-07-24,620.95
1974-07-25,562.778
1974-07-26,488.563
1974-07-27,436.894
1974-07-28,397.521
1974-07-29,373.119
1974-07-30,367.623
1974-07-31,357.721
1974-08-01,340.312
1974-08-02,332.028
1974-08-03,330.024
1974-08-04,320.259
1974-08-05,304.46
1974-08-06,292.976
1974-08-07,285.996
1974-08-08,279.948
1974-08-09,272.355
1974-08-10,264.86
1974-08-11,258.094
1974-08-12,252.174
1974-08-13,247.494
1974-08-14,244.669
1974-08-15,244.083
1974-08-16,241.442
1974-08-17,234.175
1974-08-18,226.829
1974-08-19,221.233
1974-08-20,216.864
1974-08-21,213.068
1974-08-22,209.322
1974-08-23,205.73
1974-08-24,202.838
1974-08-25,200.61
1974-08-26,198.312
1974-08-27,199.05
1974-08-28,208.707
1974-08-29,223.722
1974-08-30,234.038
1974-08-31,224.688
1974-09-01,209.648
1974-09-02,269.188
1974-09-03,259.033
1974-09-04,223.744
1974-09-05,235.689
1974-09-06,240.822
1974-09-07,247.879
1974-09-08,259.863
1974-09-09,240.475
1974-09-10,237.773
1974-09-11,239.612
1974-09-12,240.109
1974-09-13,259.23
1974-09-14,279.295
1974-09-15,341.209
1974-09-16,349.06
1974-09-17,348.101
1974-09-18,394.292
1974-09-19,442.082
1974-09-20,400.971
1974-09-21,373.736
1974-09-22,355.672
1974-09-23,322.372
1974-09-24,338.455
1974-09-25,393.846
1974-09-26,426.129
1974-09-27,420.4
1974-09-28,400.691
1974-09-29,428.518
1974-09-30,487.979
1974-10-01,531.396
1974-10-02,534.822
1974-10-03,492.06
1974-10-04,436.895
1974-10-05,341.52
1974-10-06,265.552
1974-10-07,253.851
1974-10-08,256.79
1974-10-09,283.628
1974-10-10,285.702
1974-10-11,265.438
1974-10-12,250.066
1974-10-13,252.679
1974-10-14,260.108
1974-10-15,284.961
1974-10-16,326.095
1974-10-17,384.753
1974-10-18,460.498
1974-10-19,543.752
1974-10-20,627.441
1974-10-21,675.375
1974-10-22,555.202
1974-10-23,400.072
1974-10-24,308.591
1974-10-25,285.201
1974-10-26,313.262
1974-10-27,362.84
1974-10-28,459.402
1974-10-29,658.345
1974-10-30,791.278
1974-10-31,832.968
1974-11-01,881.951
1974-11-02,806.375
1974-11-03,657.222
1974-11-04,579.885
1974-11-05,570.877
1974-11-06,526.35
1974-11-07,463.685
1974-11-08,440.106
1974-11-09,455.37
1974-11-10,526.341
1974-11-11,660.152
1974-11-12,767.557
1974-11-13,899.348
1974-11-14,975.423
1974-11-15,870.893
1974-11-16,1013.348
1974-11-17,1057.929
1974-11-18,1002.115
1974-11-19,1019.468
1974-11-20,940.403
1974-11-21,889.022
1974-11-22,1020.03
1974-11-23,1266.838
1974-11-24,1490.846
1974-11-25,1481.36
1974-11-26,1357.231
1974-11-27,1256.572
1974-11-28,1223.164
1974-11-29,1182.556
1974-11-30,1108.86
1974-12-01,1119.391
1974-12-02,1174.065
1974-12-03,1266.942
1974-12-04,1399.927
1974-12-05,1549.941
1974-12-06,1639.066
1974-12-07,1670.623
1974-12-08,1693.245
1974-12-09,1656.918
1974-12-10,1574.728
1974-12-11,1543.188
1974-12-12,1534.189
1974-12-13,1447.263
1974-12-14,1325.721
1974-12-15,1241.258
1974-12-16,1103.804
1974-12-17,1004.372
1974-12-18,990.738
1974-12-19,1059.77
1974-12-20,1223.901
1974-12-21,1365.365
1974-12-22,1403.5
1974-12-23,1345.643
1974-12-24,1245.865
1974-12-25,1206.893
1974-12-26,1177.263
1974-12-27,1152.177
1974-12-28,1127.933
1974-12-29,1111.736
1974-12-30,1145.566
1974-12-31,1181.373
1975-01-01,1150.296
1975-01-02,1108.025
1975-01-03,1100.106
1975-01-04,1132.717
1975-01-05,1060.865
1975-01-06,978.337
1975-01-07,1008.055
1975-01-08,1033.982
1975-01-09,1013.096
1975-01-10,1021.442
1975-01-11,1099.294
1975-01-12,1200.631
1975-01-13,1256.21
1975-01-14,1230.921
1975-01-15,1228.532
1975-01-16,1276.316
1975-01-17,1322.417
1975-01-18,1262.539
1975-01-19,1133.494
1975-01-20,1040.836
1975-01-21,1033.378
1975-01-22,1075.253
1975-01-23,1170.779
1975-01-24,1242.782
1975-01-25,1240.269
1975-01-26,1232.82
1975-01-27,1235.976
1975-01-28,1412.97
1975-01-29,1852.964
1975-01-30,1885.806
1975-01-31,1476.446
1975-02-01,1200.102
1975-02-02,1145.209
1975-02-03,1178.742
1975-02-04,1195.143
1975-02-05,1153.834
1975-02-06,1067.478
1975-02-07,967.198
1975-02-08,905.143
1975-02-09,902.452
1975-02-10,932.218
1975-02-11,971.245
1975-02-12,1008.365
1975-02-13,1042.83
1975-02-14,1025.458
1975-02-15,1004.09
1975-02-16,1052.382
1975-02-17,1105.756
1975-02-18,1053.676
1975-02-19,944.964
1975-02-20,976.583
1975-02-21,1093.049
1975-02-22,1153.153
1975-02-23,1150.106
1975-02-24,1114.866
1975-02-25,1063.261
1975-02-26,1048.627
1975-02-27,1054.488
1975-02-28,1066.219
1975-03-01,1050.33
1975-03-02,937.778
1975-03-03,803.371
1975-03-04,715.193
1975-03-05,642.466
1975-03-06,592.433
1975-03-07,583.787
1975-03-08,586.256
1975-03-09,619.212
1975-03-10,723.719
1975-03-11,898.071
1975-03-12,1057.251
1975-03-13,1257.937
1975-03-14,1326.323
1975-03-15,1193.575
1975-03-16,1069.878
1975-03-17,1069.582
1975-03-18,1204.491
1975-03-19,1314.754
1975-03-20,1347.124
1975-03-21,1444.988
1975-03-22,1670.118
1975-03-23,2098.37
1975-03-24,2350.892
1975-03-25,2251.765
1975-03-26,2014.681
1975-03-27,1793.683
1975-03-28,1655.887
1975-03-29,1672.244
1975-03-30,1932.399
1975-03-31,2037.978
1975-04-01,2120.455
1975-04-02,2139.531
1975-04-03,1991.537
1975-04-04,1896.487
1975-04-05,1853.11
1975-04-06,1858.133
1975-04-07,1770.761
1975-04-08,1676.798
1975-04-09,1680.298
1975-04-10,1647.674
1975-04-11,1479.95
1975-04-12,1333.791
1975-04-13,1213.227
1975-04-14,1226.831
1975-04-15,1319.508
1975-04-16,1440.924
1975-04-17,1525.64
1975-04-18,1598.163
1975-04-19,1749.051
1975-04-20,1804.155
1975-04-21,1742.522
1975-04-22,1762.407
1975-04-23,1875.19
1975-04-24,1999.499
1975-04-25,1982.461
1975-04-26,2004.103
1975-04-27,2222.055
1975-04-28,2498.583
1975-04-29,2738.878
1975-04-30,3021.062
1975-05-01,3208.832
1975-05-02,3354.451
1975-05-03,3035.191
1975-05-04,2464.261
1975-05-05,2168.495
1975-05-06,2036.984
1975-05-07,2050.752
1975-05-08,2096.35
1975-05-09,2076.111
1975-05-10,2023.436
1975-05-11,1821.006
1975-05-12,1619.733
1975-05-13,1510.206
1975-05-14,1443.88
1975-05-15,1359.037
1975-05-16,1275.679
1975-05-17,1288.101
1975-05-18,1366.671
1975-05-19,1573.081
1975-05-20,1626.011
1975-05-21,1439.846
1975-05-22,1350.577
1975-05-23,1238.335
1975-05-24,1117.182
1975-05-25,1006.498
1975-05-26,946.837
1975-05-27,966.472
1975-05-28,963.868
1975-05-29,974.204
1975-05-30,1028.637
1975-05-31,1117.777
1975-06-01,1205.679
1975-06-02,1267.972
1975-06-03,1236.091
1975-06-04,1108.183
1975-06-05,964.528
1975-06-06,872.492
1975-06-07,870.955
1975-06-08,927.114
1975-06-09,985.48
1975-06-10,1049.51
1975-06-11,1082.279
1975-06-12,1082.537
1975-06-13,1042.086
1975-06-14,959.235
1975-06-15,864.16
1975-06-16,759.422
1975-06-17,689.299
1975-06-18,664.214
1975-06-19,656.497
1975-06-20,637.408
1975-06-21,599.469
1975-06-22,567.58
1975-06-23,541.366
1975-06-24,523.48
1975-06-25,534.9
1975-06-26,575.895
1975-06-27,648.44
1975-06-28,735.112
1975-06-29,768.36
1975-06-30,718.864
1975-07-01,631.493
1975-07-02,535.681
1975-07-03,469.331
1975-07-04,444.221
1975-07-05,428.217
1975-07-06,409.892
1975-07-07,395.565
1975-07-08,386.207
1975-07-09,377.445
1975-07-10,368.173
1975-07-11,359.928
1975-07-12,352.883
1975-07-13,347.536
1975-07-14,345.061
1975-07-15,343.606
1975-07-16,335.446
1975-07-17,323.266
1975-07-18,313.516
1975-07-19,305.824
1975-07-20,297.905
1975-07-21,290.393
1975-07-22,284.704
1975-07-23,282.655
1975-07-24,291.524
1975-07-25,317.333
1975-07-26,338.23
1975-07-27,341.529
1975-07-28,337.923
1975-07-29,345.295
1975-07-30,374.372
1975-07-31,384.91
1975-08-01,356.987
1975-08-02,335.033
1975-08-03,313.714
1975-08-04,296.303
1975-08-05,310.061
1975-08-06,379.766
1975-08-07,482.442
1975-08-08,601.37
1975-08-09,678.63
1975-08-10,671.712
1975-08-11,555.69
1975-08-12,406.944
1975-08-13,292.192
1975-08-14,234.205
1975-08-15,217.592
1975-08-16,215.543
1975-08-17,219.556
1975-08-18,232.925
1975-08-19,255.074
1975-08-20,257.939
1975-08-21,231.227
1975-08-22,208.775
1975-08-23,198.61
1975-08-24,191.409
1975-08-25,187.838
1975-08-26,185.231
1975-08-27,185.267
1975-08-28,186.041
1975-08-29,184.441
1975-08-30,187.711
1975-08-31,193.917
1975-09-01,188.685
1975-09-02,177.669
1975-09-03,170.228
1975-09-04,172.438
1975-09-05,183.62
1975-09-06,190.534
1975-09-07,191.625
1975-09-08,213.516
1975-09-09,271.541
1975-09-10,330.69
1975-09-11,340.148
1975-09-12,343.74
1975-09-13,366.687
1975-09-14,429.227
1975-09-15,460.34
1975-09-16,458.413
1975-09-17,485.778
1975-09-18,541.518
1975-09-19,649.912
1975-09-20,764.105
1975-09-21,824.877
1975-09-22,894.962
1975-09-23,1003.335
1975-09-24,998.987
1975-09-25,829.746
1975-09-26,631.841
1975-09-27,463.742
1975-09-28,425.218
1975-09-29,513.383
1975-09-30,621.818
1975-10-01,701.385
1975-10-02,735.889
1975-10-03,713.864
1975-10-04,628.947
1975-10-05,575.28
1975-10-06,615.629
1975-10-07,750.27
1975-10-08,889.596
1975-10-09,964.953
1975-10-10,1067.967
1975-10-11,1283.365
1975-10-12,1495.571
1975-10-13,1633.961
1975-10-14,1847.132
1975-10-15,2079.318
1975-10-16,2062.103
1975-10-17,1949.017
1975-10-18,1832.341
1975-10-19,1655.056
1975-10-20,1440.637
1975-10-21,1310.917
1975-10-22,1186.149
1975-10-23,1103.833
1975-10-24,1149.45
1975-10-25,1346.86
1975-10-26,1707.115
1975-10-27,1897.92
1975-10-28,1864.686
1975-10-29,1755.102
1975-10-30,1714.742
1975-10-31,1796.646
1975-11-01,1923.473
1975-11-02,1980.405
1975-11-03,2137.132
1975-11-04,2315.738
1975-11-05,2340.962
1975-11-06,2293.153
1975-11-07,2280.751
1975-11-08,2255.365
1975-11-09,2206.222
1975-11-10,2248.395
1975-11-11,2044.608
1975-11-12,1767.361
1975-11-13,1648.091
1975-11-14,1648.352
1975-11-15,1650.589
1975-11-16,1590.979
1975-11-17,1536.195
1975-11-18,1518.4
1975-11-19,1462.075
1975-11-20,1433.147
1975-11-21,1404.78
1975-11-22,1328.758
1975-11-23,1257.938
1975-11-24,1276.68
1975-11-25,1292.98
1975-11-26,1363.155
1975-11-27,1526.785
1975-11-28,1743.575
1975-11-29,1903.332
1975-11-30,1963.704
1975-12-01,1912.305
1975-12-02,1734.625
1975-12-03,1606.96
1975-12-04,1509.372
1975-12-05,1457.742
1975-12-06,1481.322
1975-12-07,1570.031
1975-12-08,1657.44
1975-12-09,1784.94
1975-12-10,1900.5
1975-12-11,1914.323
1975-12-12,1827.482
1975-12-13,1669.212
1975-12-14,1555.31
1975-12-15,1482.275
1975-12-16,1390.218
1975-12-17,1374.615
1975-12-18,1460.197
1975-12-19,1568.993
1975-12-20,1714.33
1975-12-21,1820.609
1975-12-22,1925.05
1975-12-23,1966.769
1975-12-24,1860.359
1975-12-25,1716.426
1975-12-26,1592.396
1975-12-27,1572.266
1975-12-28,1650.772
1975-12-29,1975.351
1975-12-30,2576.749
1975-12-31,2623.13
1976-01-01,2257.444
1976-01-02,2018.328
1976-01-03,1830.195
1976-01-04,1714.484
1976-01-05,1664.301
1976-01-06,1674.683
1976-01-07,1745.3
1976-01-08,1802.555
1976-01-09,1808.44
1976-01-10,1738.844
1976-01-11,1658.053
1976-01-12,1636.319
1976-01-13,1644.543
1976-01-14,1666.24
1976-01-15,1673.561
1976-01-16,1687.699
1976-01-17,1711.694
1976-01-18,1700.784
1976-01-19,1694.526
1976-01-20,1702.597
1976-01-21,1724.327
1976-01-22,1752.338
1976-01-23,1775.445
1976-01-24,1739.995
1976-01-25,1711.558
1976-01-26,1772.543
1976-01-27,1771.17
1976-01-28,1604.741
1976-01-29,1385.162
1976-01-30,1221.17
1976-01-31,1107.124
1976-02-01,1039.444
1976-02-02,1010.136
1976-02-03,1012.551
1976-02-04,1037.178
1976-02-05,1036.002
1976-02-06,1028.825
1976-02-07,1083.685
1976-02-08,1216.302
1976-02-09,1355.872
1976-02-10,1419.113
1976-02-11,1404.611
1976-02-12,1413.679
1976-02-13,1490.629
1976-02-14,1517.952
1976-02-15,1405.292
1976-02-16,1485.596
1976-02-17,1605.127
1976-02-18,1686.95
1976-02-19,1746.192
1976-02-20,1669.825
1976-02-21,1675.292
1976-02-22,1736.668
1976-02-23,1717.998
1976-02-24,1742.592
1976-02-25,1703.879
1976-02-26,1688.848
1976-02-27,1782.537
1976-02-28,1936.84
1976-02-29,2082.049
1976-03-01,2158.367
1976-03-02,2207.405
1976-03-03,2172.239
1976-03-04,2174.04
1976-03-05,2278.106
1976-03-06,2358.098
1976-03-07,2324.018
1976-03-08,2277.069
1976-03-09,2257.685
1976-03-10,2359.794
1976-03-11,2468.041
1976-03-12,2411.804
1976-03-13,2194.452
1976-03-14,1999.326
1976-03-15,2055.883
1976-03-16,2208.861
1976-03-17,2256.197
1976-03-18,2163.083
1976-03-19,2042.381
1976-03-20,2054.043
1976-03-21,2131.444
1976-03-22,2102.65
1976-03-23,2107.042
1976-03-24,2088.233
1976-03-25,2007.282
1976-03-26,1814.14
1976-03-27,1660.097
1976-03-28,1650.843
1976-03-29,1667.807
1976-03-30,1619.67
1976-03-31,1587.018
1976-04-01,1643.628
1976-04-02,1811.013
1976-04-03,2001.127
1976-04-04,2006.947
1976-04-05,1866.842
1976-04-06,1843.095
1976-04-07,1917.885
1976-04-08,2140.427
1976-04-09,2246.039
1976-04-10,2172.937
1976-04-11,2188.67
1976-04-12,2051.573
1976-04-13,1958.28
1976-04-14,2009.181
1976-04-15,2128.332
1976-04-16,2119.814
1976-04-17,2142.824
1976-04-18,2353.297
1976-04-19,2661.035
1976-04-20,2699.315
1976-04-21,2612.267
1976-04-22,2550.328
1976-04-23,2389.136
1976-04-24,2295.318
1976-04-25,2341.224
1976-04-26,2397.985
1976-04-27,2654.695
1976-04-28,2667.598
1976-04-29,2423.467
1976-04-30,2280.844
1976-05-01,2268.018
1976-05-02,2228.114
1976-05-03,2202.231
1976-05-04,2204.68
1976-05-05,2210.897
1976-05-06,2147.392
1976-05-07,2100.127
1976-05-08,2089.597
1976-05-09,1974.23
1976-05-10,1861.849
1976-05-11,1819.035
1976-05-12,1865.781
1976-05-13,1929.01
1976-05-14,1967.055
1976-05-15,2002.244
1976-05-16,1970.186
1976-05-17,1989.155
1976-05-18,1986.243
1976-05-19,1926.42
1976-05-20,1841.006
1976-05-21,1724.199
1976-05-22,1623.274
1976-05-23,1562.834
1976-05-24,1530.057
1976-05-25,1488.065
1976-05-26,1439.613
1976-05-27,1403.757
1976-05-28,1350.963
1976-05-29,1329.057
1976-05-30,1382.939
1976-05-31,1515.512
1976-06-01,1637.752
1976-06-02,1684.257
1976-06-03,1679.261
1976-06-04,1741.988
1976-06-05,1807.283
1976-06-06,1904.232
1976-06-07,2005.606
1976-06-08,2041.937
1976-06-09,2033.797
1976-06-10,2039.703
1976-06-11,2127.745
1976-06-12,2124.41
1976-06-13,1985.482
1976-06-14,1828.63
1976-06-15,1694.648
1976-06-16,1591.774
1976-06-17,1506.248
1976-06-18,1419.318
1976-06-19,1309.775
1976-06-20,1246.452
1976-06-21,1233.838
1976-06-22,1232.577
1976-06-23,1212.145
1976-06-24,1174.325
1976-06-25,1159.941
1976-06-26,1152.245
1976-06-27,1122.062
1976-06-28,1064.166
1976-06-29,967.222
1976-06-30,878.94
1976-07-01,833.948
1976-07-02,812.557
1976-07-03,785.638
1976-07-04,757.215
1976-07-05,751.112
1976-07-06,745.761
1976-07-07,728.24
1976-07-08,698.477
1976-07-09,666.754
1976-07-10,644.994
1976-07-11,616.78
1976-07-12,584.75
1976-07-13,561.271
1976-07-14,546.336
1976-07-15,532.72
1976-07-16,521.695
1976-07-17,516.234
1976-07-18,513.227
1976-07-19,502.9
1976-07-20,508.688
1976-07-21,515.095
1976-07-22,504.718
1976-07-23,477.714
1976-07-24,459.642
1976-07-25,466.62
1976-07-26,475.536
1976-07-27,473.641
1976-07-28,464.284
1976-07-29,446.984
1976-07-30,439.442
1976-07-31,443.236
1976-08-01,451.039
1976-08-02,432.852
1976-08-03,386.218
1976-08-04,348.559
1976-08-05,331.238
1976-08-06,324.081
1976-08-07,317.035
1976-08-08,310.043
1976-08-09,305.354
1976-08-10,303.218
1976-08-11,299.787
1976-08-12,292.283
1976-08-13,284.473
1976-08-14,280.45
1976-08-15,278.051
1976-08-16,278.103
1976-08-17,283.269
1976-08-18,282.702
1976-08-19,282.338
1976-08-20,276.776
1976-08-21,269.37
1976-08-22,263.161
1976-08-23,265.506
1976-08-24,294.35
1976-08-25,339.443
1976-08-26,356.888
1976-08-27,350.315
1976-08-28,349.045
1976-08-29,351.132
1976-08-30,332.164
1976-08-31,305.217
1976-09-01,311.738
1976-09-02,348.124
1976-09-03,373.78
1976-09-04,369.822
1976-09-05,343.02
1976-09-06,305.173
1976-09-07,282.746
1976-09-08,283.107
1976-09-09,290.361
1976-09-10,292.83
1976-09-11,280.774
1976-09-12,266.786
1976-09-13,243.503
1976-09-14,249.412
1976-09-15,291.166
1976-09-16,338.48
1976-09-17,346.118
1976-09-18,370.348
1976-09-19,427.569
1976-09-20,456.652
1976-09-21,401.294
1976-09-22,314.328
1976-09-23,248.945
1976-09-24,209.81
1976-09-25,193.429
1976-09-26,187.41
1976-09-27,187.793
1976-09-28,197.602
1976-09-29,211.912
1976-09-30,253.04
1976-10-01,336.827
1976-10-02,429.861
1976-10-03,480.551
1976-10-04,497.038
1976-10-05,490.551
1976-10-06,430.718
1976-10-07,369.654
1976-10-08,367.859
1976-10-09,425.766
1976-10-10,543.117
1976-10-11,608.753
1976-10-12,557.756
1976-10-13,578.421
1976-10-14,780.315
1976-10-15,800.674
1976-10-16,692.376
1976-10-17,740.96
1976-10-18,960.632
1976-10-19,1199.538
1976-10-20,1183.318
1976-10-21,1025.872
1976-10-22,898.732
1976-10-23,770.696
1976-10-24,694.906
1976-10-25,672.596
1976-10-26,611.812
1976-10-27,528.928
1976-10-28,412.84
1976-10-29,359.02
1976-10-30,364.803
1976-10-31,374.266
1976-11-01,477.874
1976-11-02,669.763
1976-11-03,858.884
1976-11-04,897.391
1976-11-05,752.661
1976-11-06,603.168
1976-11-07,582.225
1976-11-08,575.779
1976-11-09,595.179
1976-11-10,712.811
1976-11-11,764.501
1976-11-12,730.223
1976-11-13,741.441
1976-11-14,764.71
1976-11-15,720.697
1976-11-16,683.904
1976-11-17,769.743
1976-11-18,908.181
1976-11-19,941.674
1976-11-20,915.98
1976-11-21,922.002
1976-11-22,889.179
1976-11-23,849.836
1976-11-24,888.282
1976-11-25,972.139
1976-11-26,1037.869
1976-11-27,1049.058
1976-11-28,1038.087
1976-11-29,1028.765
1976-11-30,1045.976
1976-12-01,1149.75
1976-12-02,1208.42
1976-12-03,1137.378
1976-12-04,1054.131
1976-12-05,1118.925
1976-12-06,1156.345
1976-12-07,1385.451
1976-12-08,1911.49
1976-12-09,1917.738
1976-12-10,1576.487
1976-12-11,1346.848
1976-12-12,1273.104
1976-12-13,1376.736
1976-12-14,1415.901
1976-12-15,1506.69
1976-12-16,2031.785
1976-12-17,2474.181
1976-12-18,2132.926
1976-12-19,1510.069
1976-12-20,1199.294
1976-12-21,1043.698
1976-12-22,946.183
1976-12-23,889.784
1976-12-24,853.225
1976-12-25,855.062
1976-12-26,885.897
1976-12-27,946.158
1976-12-28,988.448
1976-12-29,969.371
1976-12-30,932.99
1976-12-31,942.24
1977-01-01,1018.238
1977-01-02,992.959
1977-01-03,951.664
1977-01-04,1008.157
1977-01-05,1046.749
1977-01-06,1120.87
1977-01-07,1257.888
1977-01-08,1321.572
1977-01-09,1209.4
1977-01-10,1064.835
1977-01-11,978.59
1977-01-12,983.06
1977-01-13,1111.503
1977-01-14,1271.984
1977-01-15,1418.026
1977-01-16,1529.71
1977-01-17,1529.597
1977-01-18,1635.762
1977-01-19,1884.951
1977-01-20,1834.735
1977-01-21,1635.421
1977-01-22,1521.079
1977-01-23,1416.458
1977-01-24,1358.855
1977-01-25,1339.49
1977-01-26,1309.267
1977-01-27,1203.926
1977-01-28,1053.485
1977-01-29,991.523
1977-01-30,1046.858
1977-01-31,1528.763
1977-02-01,1842.385
1977-02-02,1695.562
1977-02-03,1498.395
1977-02-04,1330.199
1977-02-05,1268.178
1977-02-06,1396.88
1977-02-07,1625.682
1977-02-08,1781.48
1977-02-09,1814.436
1977-02-10,1691.247
1977-02-11,1522.288
1977-02-12,1364.812
1977-02-13,1272.079
1977-02-14,1241.624
1977-02-15,1332.184
1977-02-16,1424.173
1977-02-17,1446.469
1977-02-18,1455.809
1977-02-19,1398.645
1977-02-20,1314.013
1977-02-21,1247.429
1977-02-22,1178.157
1977-02-23,1165.021
1977-02-24,1188.958
1977-02-25,1171.6
1977-02-26,1109.266
1977-02-27,1042.462
1977-02-28,1002.945
1977-03-01,999.413
1977-03-02,987.915
1977-03-03,991.559
1977-03-04,974.07
1977-03-05,1015.618
1977-03-06,1075.223
1977-03-07,1132.594
1977-03-08,1217.559
1977-03-09,1312.093
1977-03-10,1405.753
1977-03-11,1506.702
1977-03-12,1615.87
1977-03-13,1696.474
1977-03-14,1706.17
1977-03-15,1632.562
1977-03-16,1666.278
1977-03-17,1807.942
1977-03-18,1881.85
1977-03-19,1906.525
1977-03-20,1911.755
1977-03-21,1886.625
1977-03-22,1922.35
1977-03-23,1905.165
1977-03-24,1907.794
1977-03-25,2081.551
1977-03-26,2189.068
1977-03-27,2102.968
1977-03-28,1999.575
1977-03-29,1839.91
1977-03-30,1691.181
1977-03-31,1673.516
1977-04-01,1883.714
1977-04-02,2333.274
1977-04-03,2388.139
1977-04-04,2023.324
1977-04-05,1836.974
1977-04-06,1930.227
1977-04-07,2008.992
1977-04-08,2043.466
1977-04-09,2231.111
1977-04-10,2508.609
1977-04-11,2727.366
1977-04-12,2840.748
1977-04-13,2989.06
1977-04-14,3335.399
1977-04-15,3387.224
1977-04-16,3231.418
1977-04-17,3274.029
1977-04-18,3248.79
1977-04-19,3364.295
1977-04-20,3733.573
1977-04-21,3848.361
1977-04-22,3825.562
1977-04-23,4111.864
1977-04-24,4400.422
1977-04-25,4552.771
1977-04-26,4625.978
1977-04-27,4413.217
1977-04-28,3961.551
1977-04-29,3613.446
1977-04-30,3298.012
1977-05-01,3002.053
1977-05-02,2817.195
1977-05-03,2764.234
1977-05-04,2749.12
1977-05-05,2699.877
1977-05-06,2584.414
1977-05-07,2552.056
1977-05-08,2517.55
1977-05-09,2466.092
1977-05-10,2520.726
1977-05-11,2647.929
1977-05-12,2743.833
1977-05-13,2797.133
1977-05-14,2857.496
1977-05-15,2956.955
1977-05-16,2964.673
1977-05-17,2836.487
1977-05-18,2745.373
1977-05-19,3043.207
1977-05-20,3173.194
1977-05-21,2848.61
1977-05-22,2598.928
1977-05-23,2483.859
1977-05-24,2360.955
1977-05-25,2246.749
1977-05-26,2194.812
1977-05-27,2137.037
1977-05-28,2059.719
1977-05-29,1928.742
1977-05-30,1785.444
1977-05-31,1698.93
1977-06-01,1630.861
1977-06-02,1534.029
1977-06-03,1415.27
1977-06-04,1317.828
1977-06-05,1258.441
1977-06-06,1219.773
1977-06-07,1194.519
1977-06-08,1187.261
1977-06-09,1207.0
1977-06-10,1241.93
1977-06-11,1233.836
1977-06-12,1143.163
1977-06-13,1016.532
1977-06-14,917.665
1977-06-15,862.279
1977-06-16,831.983
1977-06-17,805.114
1977-06-18,776.998
1977-06-19,749.309
1977-06-20,721.282
1977-06-21,701.189
1977-06-22,694.888
1977-06-23,693.439
1977-06-24,683.482
1977-06-25,650.536
1977-06-26,614.773
1977-06-27,593.355
1977-06-28,593.144
1977-06-29,612.882
1977-06-30,632.674
1977-07-01,643.187
1977-07-02,634.728
1977-07-03,595.772
1977-07-04,540.206
1977-07-05,496.83
1977-07-06,471.844
1977-07-07,455.756
1977-07-08,443.35
1977-07-09,433.537
1977-07-10,424.246
1977-07-11,421.709
1977-07-12,440.379
1977-07-13,476.886
1977-07-14,480.668
1977-07-15,442.954
1977-07-16,399.852
1977-07-17,373.366
1977-07-18,364.784
1977-07-19,368.048
1977-07-20,389.758
1977-07-21,428.273
1977-07-22,441.32
1977-07-23,398.237
1977-07-24,346.465
1977-07-25,325.133
1977-07-26,314.137
1977-07-27,301.192
1977-07-28,295.123
1977-07-29,296.226
1977-07-30,296.862
1977-07-31,286.622
1977-08-01,271.863
1977-08-02,261.942
1977-08-03,255.977
1977-08-04,251.407
1977-08-05,247.828
1977-08-06,244.7
1977-08-07,240.7
1977-08-08,237.601
1977-08-09,233.718
1977-08-10,231.076
1977-08-11,230.304
1977-08-12,231.544
1977-08-13,231.79
1977-08-14,227.109
1977-08-15,220.963
1977-08-16,217.89
1977-08-17,217.832
1977-08-18,213.968
1977-08-19,222.228
1977-08-20,241.31
1977-08-21,254.003
1977-08-22,252.805
1977-08-23,244.516
1977-08-24,232.113
1977-08-25,208.05
1977-08-26,185.965
1977-08-27,175.24
1977-08-28,171.468
1977-08-29,171.745
1977-08-30,173.602
1977-08-31,175.792
1977-09-01,181.133
1977-09-02,180.845
1977-09-03,174.715
1977-09-04,172.976
1977-09-05,179.997
1977-09-06,218.172
1977-09-07,283.641
1977-09-08,321.262
1977-09-09,338.043
1977-09-10,360.673
1977-09-11,368.205
1977-09-12,391.48
1977-09-13,410.901
1977-09-14,439.006
1977-09-15,447.221
1977-09-16,417.368
1977-09-17,367.608
1977-09-18,294.417
1977-09-19,228.678
1977-09-20,195.77
1977-09-21,188.963
1977-09-22,212.973
1977-09-23,227.246
1977-09-24,239.885
1977-09-25,240.042
1977-09-26,240.126
1977-09-27,222.758
1977-09-28,194.307
1977-09-29,197.805
1977-09-30,300.319
1977-10-01,375.059
1977-10-02,415.236
1977-10-03,439.828
1977-10-04,431.169
1977-10-05,460.124
1977-10-06,527.325
1977-10-07,503.374
1977-10-08,349.776
1977-10-09,224.563
1977-10-10,177.479
1977-10-11,175.083
1977-10-12,184.968
1977-10-13,231.963
1977-10-14,319.168
1977-10-15,405.998
1977-10-16,449.035
1977-10-17,446.858
1977-10-18,389.644
1977-10-19,320.865
1977-10-20,280.16
1977-10-21,243.882
1977-10-22,214.772
1977-10-23,215.239
1977-10-24,217.428
1977-10-25,241.63
1977-10-26,262.323
1977-10-27,301.078
1977-10-28,397.505
1977-10-29,486.35
1977-10-30,556.091
1977-10-31,527.696
1977-11-01,418.975
1977-11-02,351.789
1977-11-03,397.863
1977-11-04,557.098
1977-11-05,940.624
1977-11-06,1153.209
1977-11-07,1126.15
1977-11-08,1166.254
1977-11-09,1190.174
1977-11-10,1072.915
1977-11-11,926.239
1977-11-12,834.111
1977-11-13,746.462
1977-11-14,715.106
1977-11-15,860.326
1977-11-16,1081.714
1977-11-17,1352.542
1977-11-18,1581.672
1977-11-19,1622.653
1977-11-20,1624.922
1977-11-21,1563.922
1977-11-22,1490.593
1977-11-23,1394.586
1977-11-24,1422.663
1977-11-25,1618.099
1977-11-26,1965.28
1977-11-27,2172.932
1977-11-28,2088.033
1977-11-29,2019.062
1977-11-30,1896.675
1977-12-01,1558.438
1977-12-02,1360.796
1977-12-03,1401.821
1977-12-04,1523.439
1977-12-05,1600.815
1977-12-06,2036.845
1977-12-07,2175.382
1977-12-08,1822.21
1977-12-09,1544.283
1977-12-10,1449.125
1977-12-11,1436.316
1977-12-12,1456.495
1977-12-13,1435.53
1977-12-14,1375.359
1977-12-15,1298.608
1977-12-16,1287.619
1977-12-17,1370.434
1977-12-18,1535.055
1977-12-19,1698.429
1977-12-20,1648.339
1977-12-21,1527.419
1977-12-22,1576.366
1977-12-23,1718.433
1977-12-24,1636.846
1977-12-25,1421.468
1977-12-26,1374.985
1977-12-27,1342.394
1977-12-28,1274.512
1977-12-29,1262.373
1977-12-30,1350.829
1977-12-31,1591.327
1978-01-01,1693.792
1978-01-02,1558.538
1978-01-03,1464.906
1978-01-04,1471.229
1978-01-05,1547.328
1978-01-06,1639.922
1978-01-07,1766.134
1978-01-08,1844.068
1978-01-09,1868.95
1978-01-10,2066.763
1978-01-11,2597.981
1978-01-12,2739.161
1978-01-13,2340.199
1978-01-14,2015.236
1978-01-15,2081.761
1978-01-16,2015.935
1978-01-17,1792.09
1978-01-18,1639.098
1978-01-19,1502.296
1978-01-20,1348.198
1978-01-21,1263.577
1978-01-22,1321.276
1978-01-23,1382.038
1978-01-24,1376.027
1978-01-25,1467.54
1978-01-26,1917.69
1978-01-27,2041.046
1978-01-28,1757.276
1978-01-29,1654.454
1978-01-30,1719.388
1978-01-31,1820.111
1978-02-01,1809.689
1978-02-02,1760.685
1978-02-03,1750.172
1978-02-04,1729.961
1978-02-05,1725.901
1978-02-06,1767.067
1978-02-07,1809.046
1978-02-08,1772.954
1978-02-09,1596.939
1978-02-10,1368.765
1978-02-11,1162.979
1978-02-12,1021.249
1978-02-13,938.67
1978-02-14,881.63
1978-02-15,846.648
1978-02-16,863.919
1978-02-17,944.163
1978-02-18,973.447
1978-02-19,935.663
1978-02-20,904.933
1978-02-21,906.739
1978-02-22,952.772
1978-02-23,1046.08
1978-02-24,1203.978
1978-02-25,1511.625
1978-02-26,1779.546
1978-02-27,1887.284
1978-02-28,1804.522
1978-03-01,1703.158
1978-03-02,1660.438
1978-03-03,1664.055
1978-03-04,1739.058
1978-03-05,1998.504
1978-03-06,2434.968
1978-03-07,2577.079
1978-03-08,2433.093
1978-03-09,2311.415
1978-03-10,2332.57
1978-03-11,2420.94
1978-03-12,2573.519
1978-03-13,2769.402
1978-03-14,3147.731
1978-03-15,3525.321
1978-03-16,3326.894
1978-03-17,2901.317
1978-03-18,2908.952
1978-03-19,2871.679
1978-03-20,2605.327
1978-03-21,2497.464
1978-03-22,2608.752
1978-03-23,2956.392
1978-03-24,3294.76
1978-03-25,3359.097
1978-03-26,3289.864
1978-03-27,3270.316
1978-03-28,3609.922
1978-03-29,3718.312
1978-03-30,3279.629
1978-03-31,3009.227
1978-04-01,2876.685
1978-04-02,2851.84
1978-04-03,2982.795
1978-04-04,3110.513
1978-04-05,3147.076
1978-04-06,3167.557
1978-04-07,3413.055
1978-04-08,3597.575
1978-04-09,3449.38
1978-04-10,3630.991
1978-04-11,3669.623
1978-04-12,3397.553
1978-04-13,3290.186
1978-04-14,3063.65
1978-04-15,2773.422
1978-04-16,2545.223
1978-04-17,2508.784
1978-04-18,2658.057
1978-04-19,2884.43
1978-04-20,2901.693
1978-04-21,2681.25
1978-04-22,2483.214
1978-04-23,2453.169
1978-04-24,2482.421
1978-04-25,2429.398
1978-04-26,2317.699
1978-04-27,2227.46
1978-04-28,2277.72
1978-04-29,2466.999
1978-04-30,2924.745
1978-05-01,3191.845
1978-05-02,3077.305
1978-05-03,2776.853
1978-05-04,2676.008
1978-05-05,2716.665
1978-05-06,2686.917
1978-05-07,2563.697
1978-05-08,2427.176
1978-05-09,2487.442
1978-05-10,2659.04
1978-05-11,2631.283
1978-05-12,2487.708
1978-05-13,2469.383
1978-05-14,2534.664
1978-05-15,2568.158
1978-05-16,2750.411
1978-05-17,2771.199
1978-05-18,2514.597
1978-05-19,2343.262
1978-05-20,2228.012
1978-05-21,2078.246
1978-05-22,1949.07
1978-05-23,1924.27
1978-05-24,1943.897
1978-05-25,2001.891
1978-05-26,2115.801
1978-05-27,2169.644
1978-05-28,2066.535
1978-05-29,1799.108
1978-05-30,1537.007
1978-05-31,1387.189
1978-06-01,1305.797
1978-06-02,1243.796
1978-06-03,1179.95
1978-06-04,1114.861
1978-06-05,1059.997
1978-06-06,1017.418
1978-06-07,986.147
1978-06-08,958.962
1978-06-09,924.247
1978-06-10,888.86
1978-06-11,867.572
1978-06-12,857.844
1978-06-13,838.44
1978-06-14,791.295
1978-06-15,739.792
1978-06-16,703.585
1978-06-17,677.648
1978-06-18,656.223
1978-06-19,637.721
1978-06-20,622.352
1978-06-21,611.716
1978-06-22,612.058
1978-06-23,624.416
1978-06-24,634.159
1978-06-25,624.791
1978-06-26,584.523
1978-06-27,539.259
1978-06-28,510.055
1978-06-29,489.948
1978-06-30,477.61
1978-07-01,477.13
1978-07-02,489.061
1978-07-03,491.925
1978-07-04,500.977
1978-07-05,534.196
1978-07-06,565.083
1978-07-07,557.918
1978-07-08,516.725
1978-07-09,464.71
1978-07-10,419.015
1978-07-11,389.376
1978-07-12,374.08
1978-07-13,366.8
1978-07-14,365.165
1978-07-15,367.978
1978-07-16,371.318
1978-07-17,373.672
1978-07-18,371.736
1978-07-19,358.773
1978-07-20,343.451
1978-07-21,336.4
1978-07-22,329.688
1978-07-23,320.421
1978-07-24,306.737
1978-07-25,292.54
1978-07-26,283.162
1978-07-27,279.929
1978-07-28,280.557
1978-07-29,277.951
1978-07-30,273.107
1978-07-31,271.111
1978-08-01,265.938
1978-08-02,253.5
1978-08-03,241.538
1978-08-04,234.744
1978-08-05,231.891
1978-08-06,227.592
1978-08-07,223.02
1978-08-08,221.339
1978-08-09,226.405
1978-08-10,230.598
1978-08-11,237.293
1978-08-12,248.758
1978-08-13,249.33
1978-08-14,233.63
1978-08-15,218.892
1978-08-16,205.383
1978-08-17,200.94
1978-08-18,226.21
1978-08-19,253.28
1978-08-20,280.488
1978-08-21,331.805
1978-08-22,335.608
1978-08-23,284.2
1978-08-24,229.5
1978-08-25,189.027
1978-08-26,171.078
1978-08-27,164.93
1978-08-28,162.134
1978-08-29,160.835
1978-08-30,158.418
1978-08-31,153.278
1978-09-01,148.785
1978-09-02,146.282
1978-09-03,145.408
1978-09-04,147.92
1978-09-05,164.425
1978-09-06,207.226
1978-09-07,247.014
1978-09-08,265.679
1978-09-09,263.698
1978-09-10,222.258
1978-09-11,172.502
1978-09-12,147.769
1978-09-13,141.868
1978-09-14,149.969
1978-09-15,168.318
1978-09-16,209.736
1978-09-17,208.68
1978-09-18,168.357
1978-09-19,143.247
1978-09-20,138.34
1978-09-21,143.772
1978-09-22,180.608
1978-09-23,272.575
1978-09-24,339.378
1978-09-25,359.932
1978-09-26,358.785
1978-09-27,299.135
1978-09-28,229.332
1978-09-29,181.422
1978-09-30,164.414
1978-10-01,167.54
1978-10-02,174.374
1978-10-03,188.611
1978-10-04,194.532
1978-10-05,209.192
1978-10-06,228.585
1978-10-07,237.772
1978-10-08,269.299
1978-10-09,360.324
1978-10-10,462.202
1978-10-11,530.122
1978-10-12,564.058
1978-10-13,519.504
1978-10-14,408.947
1978-10-15,416.461
1978-10-16,444.191
1978-10-17,380.802
1978-10-18,357.405
1978-10-19,437.816
1978-10-20,568.588
1978-10-21,722.777
1978-10-22,865.57
1978-10-23,914.682
1978-10-24,892.26
1978-10-25,843.962
1978-10-26,742.334
1978-10-27,555.516
1978-10-28,366.151
1978-10-29,281.682
1978-10-30,249.669
1978-10-31,235.48
1978-11-01,242.389
1978-11-02,285.454
1978-11-03,290.555
1978-11-04,252.928
1978-11-05,230.793
1978-11-06,259.638
1978-11-07,317.669
1978-11-08,394.335
1978-11-09,492.125
1978-11-10,627.623
1978-11-11,759.135
1978-11-12,791.301
1978-11-13,670.749
1978-11-14,584.021
1978-11-15,601.282
1978-11-16,652.182
1978-11-17,680.274
1978-11-18,657.467
1978-11-19,690.946
1978-11-20,873.832
1978-11-21,960.358
1978-11-22,916.857
1978-11-23,847.708
1978-11-24,911.104
1978-11-25,974.01
1978-11-26,983.804
1978-11-27,933.898
1978-11-28,917.811
1978-11-29,914.0
1978-11-30,821.744
1978-12-01,812.85
1978-12-02,992.837
1978-12-03,1156.191
1978-12-04,1172.335
1978-12-05,1150.381
1978-12-06,1158.815
1978-12-07,1173.761
1978-12-08,1102.145
1978-12-09,1065.071
1978-12-10,1093.679
1978-12-11,1250.647
1978-12-12,1380.45
1978-12-13,1420.048
1978-12-14,1400.791
1978-12-15,1169.389
1978-12-16,972.573
1978-12-17,962.135
1978-12-18,1071.173
1978-12-19,1210.283
1978-12-20,1394.956
1978-12-21,1628.185
1978-12-22,1795.392
1978-12-23,1613.215
1978-12-24,1343.91
1978-12-25,1265.306
1978-12-26,1374.252
1978-12-27,1598.512
1978-12-28,1832.491
1978-12-29,1867.892
1978-12-30,1847.142
1978-12-31,1844.903
1979-01-01,1905.72
1979-01-02,2012.122
1979-01-03,2020.213
1979-01-04,1978.014
1979-01-05,1879.946
1979-01-06,1747.253
1979-01-07,1693.734
1979-01-08,1706.892
1979-01-09,1738.461
1979-01-10,1712.989
1979-01-11,1641.988
1979-01-12,1580.483
1979-01-13,1462.357
1979-01-14,1289.59
1979-01-15,1151.175
1979-01-16,1073.118
1979-01-17,1039.504
1979-01-18,1063.438
1979-01-19,1103.914
1979-01-20,1085.7
1979-01-21,1036.27
1979-01-22,999.864
1979-01-23,970.026
1979-01-24,966.53
1979-01-25,1042.239
1979-01-26,1129.622
1979-01-27,1172.193
1979-01-28,1159.234
1979-01-29,1091.082
1979-01-30,1007.526
1979-01-31,978.442
1979-02-01,950.213
1979-02-02,977.123
1979-02-03,1037.961
1979-02-04,1129.825
1979-02-05,1201.695
1979-02-06,1294.504
1979-02-07,1412.367
1979-02-08,1551.728
1979-02-09,1690.166
1979-02-10,1751.422
1979-02-11,1726.682
1979-02-12,1690.89
1979-02-13,1689.759
1979-02-14,1797.002
1979-02-15,2134.172
1979-02-16,2542.179
1979-02-17,2557.792
1979-02-18,2593.67
1979-02-19,2516.895
1979-02-20,2284.281
1979-02-21,2229.125
1979-02-22,2493.696
1979-02-23,2628.155
1979-02-24,2784.973
1979-02-25,2846.087
1979-02-26,2971.965
1979-02-27,2883.842
1979-02-28,2579.832
1979-03-01,2456.852
1979-03-02,2455.475
1979-03-03,2596.754
1979-03-04,2546.468
1979-03-05,2315.075
1979-03-06,2235.276
1979-03-07,2502.405
1979-03-08,2659.292
1979-03-09,2741.573
1979-03-10,2666.527
1979-03-11,2296.195
1979-03-12,2016.036
1979-03-13,1810.419
1979-03-14,1643.17
1979-03-15,1532.908
1979-03-16,1500.978
1979-03-17,1487.07
1979-03-18,1462.653
1979-03-19,1426.608
1979-03-20,1308.006
1979-03-21,1215.507
1979-03-22,1183.436
1979-03-23,1187.086
1979-03-24,1256.839
1979-03-25,1371.94
1979-03-26,1549.976
1979-03-27,1647.169
1979-03-28,1558.147
1979-03-29,1459.004
1979-03-30,1405.097
1979-03-31,1395.742
1979-04-01,1430.761
1979-04-02,1508.78
1979-04-03,1600.643
1979-04-04,1650.151
1979-04-05,1633.475
1979-04-06,1491.735
1979-04-07,1377.551
1979-04-08,1417.22
1979-04-09,1546.201
1979-04-10,1727.68
1979-04-11,1889.004
1979-04-12,2105.118
1979-04-13,2746.928
1979-04-14,2963.133
1979-04-15,2429.385
1979-04-16,2084.129
1979-04-17,1906.925
1979-04-18,1954.083
1979-04-19,2165.85
1979-04-20,2438.251
1979-04-21,2618.186
1979-04-22,2655.564
1979-04-23,2668.062
1979-04-24,2601.633
1979-04-25,2499.327
1979-04-26,2491.685
1979-04-27,2548.958
1979-04-28,2571.992
1979-04-29,2566.168
1979-04-30,2512.525
1979-05-01,2511.212
1979-05-02,2393.23
1979-05-03,2301.777
1979-05-04,2362.544
1979-05-05,2491.677
1979-05-06,2642.253
1979-05-07,3060.225
1979-05-08,3067.044
1979-05-09,2549.787
1979-05-10,2203.354
1979-05-11,2192.356
1979-05-12,2180.895
1979-05-13,2406.848
1979-05-14,2713.611
1979-05-15,2682.05
1979-05-16,2539.044
1979-05-17,2422.948
1979-05-18,2359.319
1979-05-19,2387.216
1979-05-20,2498.528
1979-05-21,2659.34
1979-05-22,2713.962
1979-05-23,2724.776
1979-05-24,2759.946
1979-05-25,2838.924
1979-05-26,2949.59
1979-05-27,2922.446
1979-05-28,2717.51
1979-05-29,2414.85
1979-05-30,2161.965
1979-05-31,1970.634
1979-06-01,1811.018
1979-06-02,1685.866
1979-06-03,1603.02
1979-06-04,1544.702
1979-06-05,1455.037
1979-06-06,1378.048
1979-06-07,1340.002
1979-06-08,1328.046
1979-06-09,1309.005
1979-06-10,1271.621
1979-06-11,1231.209
1979-06-12,1223.135
1979-06-13,1254.058
1979-06-14,1310.598
1979-06-15,1330.315
1979-06-16,1231.964
1979-06-17,1082.54
1979-06-18,999.732
1979-06-19,964.813
1979-06-20,903.795
1979-06-21,840.677
1979-06-22,826.182
1979-06-23,798.985
1979-06-24,756.085
1979-06-25,734.022
1979-06-26,732.898
1979-06-27,752.078
1979-06-28,791.93
1979-06-29,826.115
1979-06-30,834.65
1979-07-01,802.92
1979-07-02,713.146
1979-07-03,620.733
1979-07-04,570.68
1979-07-05,548.057
1979-07-06,533.704
1979-07-07,521.613
1979-07-08,509.824
1979-07-09,498.227
1979-07-10,488.01
1979-07-11,478.159
1979-07-12,469.172
1979-07-13,458.713
1979-07-14,446.037
1979-07-15,432.682
1979-07-16,420.394
1979-07-17,409.213
1979-07-18,398.898
1979-07-19,389.458
1979-07-20,380.774
1979-07-21,374.102
1979-07-22,371.755
1979-07-23,372.138
1979-07-24,366.717
1979-07-25,353.61
1979-07-26,338.759
1979-07-27,327.335
1979-07-28,318.542
1979-07-29,311.213
1979-07-30,304.663
1979-07-31,298.874
1979-08-01,292.373
1979-08-02,285.535
1979-08-03,279.341
1979-08-04,273.93
1979-08-05,268.651
1979-08-06,263.267
1979-08-07,257.99
1979-08-08,253.568
1979-08-09,250.42
1979-08-10,246.912
1979-08-11,241.413
1979-08-12,235.58
1979-08-13,230.148
1979-08-14,226.469
1979-08-15,222.857
1979-08-16,217.679
1979-08-17,213.45
1979-08-18,209.852
1979-08-19,207.139
1979-08-20,204.607
1979-08-21,204.332
1979-08-22,206.944
1979-08-23,205.572
1979-08-24,199.207
1979-08-25,194.804
1979-08-26,192.892
1979-08-27,192.536
1979-08-28,191.807
1979-08-29,185.954
1979-08-30,182.026
1979-08-31,189.202
1979-09-01,195.85
1979-09-02,197.785
1979-09-03,209.238
1979-09-04,228.008
1979-09-05,235.933
1979-09-06,223.989
1979-09-07,197.935
1979-09-08,172.255
1979-09-09,157.206
1979-09-10,151.439
1979-09-11,148.286
1979-09-12,144.746
1979-09-13,141.496
1979-09-14,139.435
1979-09-15,137.675
1979-09-16,137.089
1979-09-17,142.446
1979-09-18,158.625
1979-09-19,162.275
1979-09-20,148.699
1979-09-21,136.015
1979-09-22,129.38
1979-09-23,127.98
1979-09-24,132.229
1979-09-25,141.601
1979-09-26,145.978
1979-09-27,139.624
1979-09-28,134.035
1979-09-29,134.729
1979-09-30,136.39
1979-10-01,133.627
1979-10-02,128.198
1979-10-03,125.618
1979-10-04,123.675
1979-10-05,117.48
1979-10-06,111.944
1979-10-07,106.632
1979-10-08,107.258
1979-10-09,106.19
1979-10-10,107.68
1979-10-11,116.339
1979-10-12,119.874
1979-10-13,119.522
1979-10-14,120.701
1979-10-15,129.132
1979-10-16,130.889
1979-10-17,126.221
1979-10-18,118.549
1979-10-19,123.307
1979-10-20,140.568
1979-10-21,158.98
1979-10-22,189.073
1979-10-23,241.982
1979-10-24,273.846
1979-10-25,257.015
1979-10-26,228.795
1979-10-27,236.893
1979-10-28,348.539
1979-10-29,415.685
1979-10-30,440.975
1979-10-31,547.527
1979-11-01,657.461
1979-11-02,693.057
1979-11-03,645.392
1979-11-04,564.95
1979-11-05,533.9
1979-11-06,543.182
1979-11-07,643.812
1979-11-08,836.624
1979-11-09,1024.641
1979-11-10,1092.286
1979-11-11,1025.042
1979-11-12,1032.455
1979-11-13,1147.28
1979-11-14,1214.882
1979-11-15,1100.333
1979-11-16,871.858
1979-11-17,776.6
1979-11-18,842.562
1979-11-19,975.571
1979-11-20,990.523
1979-11-21,916.478
1979-11-22,913.082
1979-11-23,999.914
1979-11-24,1027.043
1979-11-25,958.415
1979-11-26,890.812
1979-11-27,867.113
1979-11-28,835.259
1979-11-29,803.851
1979-11-30,762.469
1979-12-01,652.112
1979-12-02,644.547
1979-12-03,646.958
1979-12-04,609.041
1979-12-05,627.959
1979-12-06,740.93
1979-12-07,929.107
1979-12-08,1153.755
1979-12-09,1231.545
1979-12-10,1027.245
1979-12-11,758.722
1979-12-12,594.872
1979-12-13,527.798
1979-12-14,518.202
1979-12-15,628.053
1979-12-16,810.882
1979-12-17,1062.356
1979-12-18,1073.371
1979-12-19,878.131
1979-12-20,743.16
1979-12-21,705.834
1979-12-22,717.421
1979-12-23,810.947
1979-12-24,855.543
1979-12-25,858.251
1979-12-26,817.732
1979-12-27,752.159
1979-12-28,728.967
1979-12-29,836.72
1979-12-30,1170.551
1979-12-31,1346.498
1980-01-01,1143.445
1980-01-02,1022.814
1980-01-03,1053.432
1980-01-04,1085.669
1980-01-05,1044.768
1980-01-06,964.157
1980-01-07,985.517
1980-01-08,1145.253
1980-01-09,1162.555
1980-01-10,1029.214
1980-01-11,1001.531
1980-01-12,1169.427
1980-01-13,1320.865
1980-01-14,1276.201
1980-01-15,1123.52
1980-01-16,974.848
1980-01-17,854.336
1980-01-18,797.246
1980-01-19,765.998
1980-01-20,787.862
1980-01-21,804.916
1980-01-22,772.843
1980-01-23,763.374
1980-01-24,788.857
1980-01-25,870.879
1980-01-26,881.333
1980-01-27,852.295
1980-01-28,894.456
1980-01-29,921.124
1980-01-30,910.261
1980-01-31,858.244
1980-02-01,841.77
1980-02-02,876.274
1980-02-03,926.35
1980-02-04,923.174
1980-02-05,861.629
1980-02-06,883.89
1980-02-07,965.771
1980-02-08,1024.811
1980-02-09,1042.652
1980-02-10,1121.048
1980-02-11,1124.499
1980-02-12,1016.08
1980-02-13,999.478
1980-02-14,1118.173
1980-02-15,1218.063
1980-02-16,1167.106
1980-02-17,1069.865
1980-02-18,967.577
1980-02-19,862.685
1980-02-20,780.562
1980-02-21,746.599
1980-02-22,764.479
1980-02-23,810.635
1980-02-24,813.398
1980-02-25,768.136
1980-02-26,748.519
1980-02-27,805.088
1980-02-28,888.127
1980-02-29,890.098
1980-03-01,827.845
1980-03-02,764.817
1980-03-03,789.247
1980-03-04,911.462
1980-03-05,1049.145
1980-03-06,1073.742
1980-03-07,927.923
1980-03-08,775.339
1980-03-09,718.307
1980-03-10,727.092
1980-03-11,773.905
1980-03-12,857.403
1980-03-13,959.386
1980-03-14,1037.524
1980-03-15,1105.96
1980-03-16,1343.124
1980-03-17,1474.11
1980-03-18,1447.963
1980-03-19,1536.204
1980-03-20,1917.352
1980-03-21,1968.224
1980-03-22,1494.02
1980-03-23,1202.95
1980-03-24,1161.182
1980-03-25,1068.98
1980-03-26,901.642
1980-03-27,891.882
1980-03-28,1019.821
1980-03-29,1458.113
1980-03-30,1519.212
1980-03-31,1192.168
1980-04-01,1073.787
1980-04-02,897.703
1980-04-03,663.803
1980-04-04,581.559
1980-04-05,544.091
1980-04-06,568.822
1980-04-07,565.982
1980-04-08,587.034
1980-04-09,697.994
1980-04-10,846.718
1980-04-11,954.129
1980-04-12,1005.474
1980-04-13,999.943
1980-04-14,924.164
1980-04-15,908.039
1980-04-16,956.762
1980-04-17,1002.01
1980-04-18,1029.276
1980-04-19,1067.251
1980-04-20,1099.645
1980-04-21,1154.575
1980-04-22,1273.178
1980-04-23,1394.634
1980-04-24,1420.691
1980-04-25,1427.449
1980-04-26,1493.801
1980-04-27,1521.95
1980-04-28,1479.662
1980-04-29,1398.72
1980-04-30,1338.89
1980-05-01,1320.508
1980-05-02,1349.66
1980-05-03,1361.248
1980-05-04,1352.584
1980-05-05,1403.118
1980-05-06,1531.957
1980-05-07,1605.275
1980-05-08,1519.095
1980-05-09,1420.365
1980-05-10,1363.408
1980-05-11,1337.205
1980-05-12,1272.022
1980-05-13,1192.665
1980-05-14,1130.437
1980-05-15,1142.952
1980-05-16,1159.052
1980-05-17,1166.659
1980-05-18,1207.6
1980-05-19,1281.752
1980-05-20,1409.019
1980-05-21,1430.278
1980-05-22,1368.254
1980-05-23,1332.628
1980-05-24,1276.06
1980-05-25,1272.691
1980-05-26,1384.03
1980-05-27,1561.483
1980-05-28,1722.075
1980-05-29,1745.27
1980-05-30,1565.075
1980-05-31,1385.834
1980-06-01,1282.87
1980-06-02,1196.787
1980-06-03,1152.405
1980-06-04,1144.874
1980-06-05,1147.195
1980-06-06,1186.798
1980-06-07,1197.219
1980-06-08,1138.322
1980-06-09,1057.379
1980-06-10,1016.045
1980-06-11,1054.065
1980-06-12,1163.329
1980-06-13,1311.981
1980-06-14,1402.569
1980-06-15,1330.353
1980-06-16,1170.989
1980-06-17,1012.983
1980-06-18,876.535
1980-06-19,771.462
1980-06-20,690.171
1980-06-21,634.198
1980-06-22,602.344
1980-06-23,580.35
1980-06-24,561.302
1980-06-25,544.012
1980-06-26,528.85
1980-06-27,513.842
1980-06-28,502.278
1980-06-29,493.517
1980-06-30,479.496
1980-07-01,461.112
1980-07-02,443.887
1980-07-03,429.622
1980-07-04,417.373
1980-07-05,416.339
1980-07-06,430.294
1980-07-07,444.638
1980-07-08,427.964
1980-07-09,390.752
1980-07-10,357.445
1980-07-11,338.74
1980-07-12,329.54
1980-07-13,328.261
1980-07-14,342.515
1980-07-15,357.941
1980-07-16,355.747
1980-07-17,334.155
1980-07-18,308.83
1980-07-19,289.715
1980-07-20,278.331
1980-07-21,272.288
1980-07-22,264.647
1980-07-23,255.529
1980-07-24,247.549
1980-07-25,241.513
1980-07-26,237.237
1980-07-27,233.985
1980-07-28,230.081
1980-07-29,227.485
1980-07-30,225.032
1980-07-31,218.182
1980-08-01,209.604
1980-08-02,203.28
1980-08-03,198.588
1980-08-04,194.423
1980-08-05,190.651
1980-08-06,187.232
1980-08-07,183.723
1980-08-08,179.941
1980-08-09,176.151
1980-08-10,173.172
1980-08-11,169.895
1980-08-12,166.104
1980-08-13,162.851
1980-08-14,160.222
1980-08-15,158.283
1980-08-16,157.053
1980-08-17,155.115
1980-08-18,151.602
1980-08-19,147.732
1980-08-20,145.2
1980-08-21,143.837
1980-08-22,141.707
1980-08-23,138.753
1980-08-24,135.775
1980-08-25,133.172
1980-08-26,130.997
1980-08-27,129.08
1980-08-28,129.103
1980-08-29,134.535
1980-08-30,144.685
1980-08-31,154.761
1980-09-01,154.038
1980-09-02,140.198
1980-09-03,125.619
1980-09-04,120.327
1980-09-05,121.821
1980-09-06,118.205
1980-09-07,110.534
1980-09-08,107.35
1980-09-09,111.133
1980-09-10,121.22
1980-09-11,131.553
1980-09-12,148.332
1980-09-13,163.49
1980-09-14,160.27
1980-09-15,145.158
1980-09-16,135.872
1980-09-17,138.873
1980-09-18,143.56
1980-09-19,139.699
1980-09-20,147.109
1980-09-21,177.993
1980-09-22,208.515
1980-09-23,239.394
1980-09-24,310.366
1980-09-25,414.809
1980-09-26,462.019
1980-09-27,452.593
1980-09-28,449.485
1980-09-29,482.216
1980-09-30,479.921
1980-10-01,414.767
1980-10-02,323.511
1980-10-03,232.441
1980-10-04,215.025
1980-10-05,296.152
1980-10-06,351.096
1980-10-07,349.68
1980-10-08,383.498
1980-10-09,464.35
1980-10-10,528.683
1980-10-11,556.016
1980-10-12,597.46
1980-10-13,672.971
1980-10-14,767.506
1980-10-15,720.137
1980-10-16,553.151
1980-10-17,423.34
1980-10-18,329.651
1980-10-19,260.546
1980-10-20,228.784
1980-10-21,219.844
1980-10-22,218.556
1980-10-23,259.87
1980-10-24,348.916
1980-10-25,388.073
1980-10-26,376.147
1980-10-27,372.012
1980-10-28,472.894
1980-10-29,681.764
1980-10-30,795.516
1980-10-31,810.876
1980-11-01,930.036
1980-11-02,1471.615
1980-11-03,1895.313
1980-11-04,1596.72
1980-11-05,1096.442
1980-11-06,801.166
1980-11-07,621.928
1980-11-08,565.521
1980-11-09,525.171
1980-11-10,539.322
1980-11-11,632.528
1980-11-12,683.299
1980-11-13,708.235
1980-11-14,743.22
1980-11-15,846.83
1980-11-16,956.625
1980-11-17,928.49
1980-11-18,832.91
1980-11-19,850.912
1980-11-20,987.98
1980-11-21,1120.708
1980-11-22,1278.468
1980-11-23,1423.861
1980-11-24,1522.604
1980-11-25,1744.854
1980-11-26,2059.44
1980-11-27,2073.024
1980-11-28,1895.96
1980-11-29,1895.17
1980-11-30,2168.495
1980-12-01,2328.121
1980-12-02,2166.976
1980-12-03,2097.977
1980-12-04,2200.439
1980-12-05,2149.468
1980-12-06,2124.297
1980-12-07,1894.153
1980-12-08,1467.785
1980-12-09,1244.146
1980-12-10,1169.225
1980-12-11,1173.893
1980-12-12,1257.806
1980-12-13,1347.628
1980-12-14,1358.752
1980-12-15,1227.951
1980-12-16,1125.618
1980-12-17,1111.065
1980-12-18,1073.437
1980-12-19,1061.318
1980-12-20,1175.907
1980-12-21,1296.627
1980-12-22,1331.918
1980-12-23,1266.239
1980-12-24,1235.77
1980-12-25,1349.78
1980-12-26,1454.896
1980-12-27,1477.965
1980-12-28,1453.843
1980-12-29,1366.21
1980-12-30,1229.808
1980-12-31,1147.255
1981-01-01,1052.534
1981-01-02,1002.044
1981-01-03,1091.59
1981-01-04,1219.272
1981-01-05,1248.088
1981-01-06,1153.649
1981-01-07,1030.274
1981-01-08,954.073
1981-01-09,938.494
1981-01-10,970.262
1981-01-11,1010.388
1981-01-12,980.318
1981-01-13,881.449
1981-01-14,781.478
1981-01-15,746.904
1981-01-16,851.382
1981-01-17,1014.702
1981-01-18,1057.452
1981-01-19,973.976
1981-01-20,932.071
1981-01-21,985.935
1981-01-22,1005.675
1981-01-23,951.43
1981-01-24,851.135
1981-01-25,789.12
1981-01-26,753.899
1981-01-27,703.433
1981-01-28,638.311
1981-01-29,578.105
1981-01-30,564.117
1981-01-31,612.966
1981-02-01,666.323
1981-02-02,683.545
1981-02-03,639.407
1981-02-04,556.108
1981-02-05,527.702
1981-02-06,581.572
1981-02-07,669.62
1981-02-08,810.833
1981-02-09,764.68
1981-02-10,612.97
1981-02-11,575.515
1981-02-12,626.168
1981-02-13,688.334
1981-02-14,717.999
1981-02-15,722.662
1981-02-16,709.935
1981-02-17,671.167
1981-02-18,605.849
1981-02-19,556.812
1981-02-20,536.668
1981-02-21,534.928
1981-02-22,537.695
1981-02-23,563.636
1981-02-24,614.825
1981-02-25,699.739
1981-02-26,762.857
1981-02-27,738.955
1981-02-28,662.891
1981-03-01,620.172
1981-03-02,664.115
1981-03-03,700.521
1981-03-04,744.382
1981-03-05,811.746
1981-03-06,830.556
1981-03-07,756.81
1981-03-08,647.866
1981-03-09,536.972
1981-03-10,468.332
1981-03-11,497.427
1981-03-12,543.1
1981-03-13,560.135
1981-03-14,568.885
1981-03-15,552.027
1981-03-16,521.483
1981-03-17,535.456
1981-03-18,633.809
1981-03-19,734.001
1981-03-20,763.558
1981-03-21,820.474
1981-03-22,1000.961
1981-03-23,1446.489
1981-03-24,1624.353
1981-03-25,1313.15
1981-03-26,1023.935
1981-03-27,910.742
1981-03-28,999.164
1981-03-29,1215.701
1981-03-30,1445.491
1981-03-31,1604.748
1981-04-01,1600.631
1981-04-02,1568.605
1981-04-03,1632.707
1981-04-04,1731.168
1981-04-05,1696.736
1981-04-06,1695.847
1981-04-07,1942.96
1981-04-08,2029.172
1981-04-09,1794.618
1981-04-10,1731.185
1981-04-11,1968.061
1981-04-12,2388.936
1981-04-13,2796.877
1981-04-14,3404.089
1981-04-15,3843.538
1981-04-16,4114.933
1981-04-17,4193.882
1981-04-18,4100.533
1981-04-19,3994.052
1981-04-20,3480.355
1981-04-21,3103.438
1981-04-22,3019.922
1981-04-23,3358.137
1981-04-24,3435.652
1981-04-25,3260.687
1981-04-26,3756.066
1981-04-27,4493.55
1981-04-28,4257.902
1981-04-29,3506.639
1981-04-30,3075.905
1981-05-01,2848.598
1981-05-02,2588.496
1981-05-03,2319.263
1981-05-04,2077.767
1981-05-05,1964.076
1981-05-06,2038.86
1981-05-07,2184.58
1981-05-08,2241.832
1981-05-09,2220.684
1981-05-10,2142.547
1981-05-11,2103.597
1981-05-12,2016.785
1981-05-13,1890.896
1981-05-14,1814.796
1981-05-15,1832.052
1981-05-16,1941.61
1981-05-17,1933.552
1981-05-18,1916.971
1981-05-19,1894.4
1981-05-20,1951.204
1981-05-21,2260.744
1981-05-22,2342.902
1981-05-23,2120.098
1981-05-24,2007.595
1981-05-25,2271.001
1981-05-26,2509.795
1981-05-27,2423.489
1981-05-28,2225.102
1981-05-29,2030.435
1981-05-30,1892.082
1981-05-31,1795.452
1981-06-01,1719.72
1981-06-02,1619.513
1981-06-03,1466.885
1981-06-04,1311.254
1981-06-05,1215.405
1981-06-06,1161.092
1981-06-07,1093.167
1981-06-08,1038.593
1981-06-09,990.588
1981-06-10,953.067
1981-06-11,987.951
1981-06-12,989.782
1981-06-13,966.18
1981-06-14,969.203
1981-06-15,1008.673
1981-06-16,1035.738
1981-06-17,1019.805
1981-06-18,980.67
1981-06-19,940.296
1981-06-20,943.09
1981-06-21,902.606
1981-06-22,762.405
1981-06-23,651.235
1981-06-24,603.043
1981-06-25,580.14
1981-06-26,562.805
1981-06-27,547.233
1981-06-28,532.359
1981-06-29,518.026
1981-06-30,503.895
1981-07-01,489.83
1981-07-02,476.64
1981-07-03,465.077
1981-07-04,454.182
1981-07-05,441.97
1981-07-06,428.983
1981-07-07,414.94
1981-07-08,404.654
1981-07-09,395.984
1981-07-10,387.383
1981-07-11,376.137
1981-07-12,364.432
1981-07-13,355.749
1981-07-14,349.834
1981-07-15,343.208
1981-07-16,336.706
1981-07-17,330.48
1981-07-18,323.75
1981-07-19,315.542
1981-07-20,306.84
1981-07-21,297.838
1981-07-22,291.057
1981-07-23,284.561
1981-07-24,283.219
1981-07-25,289.965
1981-07-26,307.124
1981-07-27,316.383
1981-07-28,306.339
1981-07-29,285.61
1981-07-30,266.413
1981-07-31,252.798
1981-08-01,243.902
1981-08-02,239.564
1981-08-03,234.153
1981-08-04,231.128
1981-08-05,226.695
1981-08-06,221.034
1981-08-07,215.54
1981-08-08,210.177
1981-08-09,204.647
1981-08-10,206.143
1981-08-11,213.26
1981-08-12,225.383
1981-08-13,233.739
1981-08-14,233.087
1981-08-15,228.533
1981-08-16,218.206
1981-08-17,202.867
1981-08-18,191.861
1981-08-19,191.107
1981-08-20,190.942
1981-08-21,192.366
1981-08-22,196.348
1981-08-23,194.103
1981-08-24,191.399
1981-08-25,202.776
1981-08-26,227.492
1981-08-27,243.661
1981-08-28,276.361
1981-08-29,321.357
1981-08-30,370.553
1981-08-31,424.861
1981-09-01,483.82
1981-09-02,540.535
1981-09-03,590.91
1981-09-04,619.179
1981-09-05,593.73
1981-09-06,531.727
1981-09-07,531.078
1981-09-08,372.681
1981-09-09,268.993
1981-09-10,266.52
1981-09-11,302.563
1981-09-12,336.566
1981-09-13,383.945
1981-09-14,478.425
1981-09-15,644.013
1981-09-16,710.649
1981-09-17,702.978
1981-09-18,685.84
1981-09-19,622.187
1981-09-20,488.527
1981-09-21,360.137
1981-09-22,334.406
1981-09-23,387.26
1981-09-24,454.994
1981-09-25,560.737
1981-09-26,746.85
1981-09-27,974.798
1981-09-28,1079.792
1981-09-29,943.605
1981-09-30,710.003
1981-10-01,517.882
1981-10-02,477.351
1981-10-03,412.832
1981-10-04,372.535
1981-10-05,390.128
1981-10-06,525.716
1981-10-07,593.232
1981-10-08,670.217
1981-10-09,640.529
1981-10-10,721.206
1981-10-11,1119.165
1981-10-12,1507.787
1981-10-13,1485.911
1981-10-14,1412.445
1981-10-15,1452.169
1981-10-16,1463.069
1981-10-17,1501.276
1981-10-18,1564.77
1981-10-19,1442.404
1981-10-20,1178.282
1981-10-21,997.026
1981-10-22,883.44
1981-10-23,792.933
1981-10-24,787.235
1981-10-25,897.306
1981-10-26,1059.352
1981-10-27,1117.371
1981-10-28,1042.889
1981-10-29,961.092
1981-10-30,921.32
1981-10-31,949.066
1981-11-01,1050.275
1981-11-02,1170.891
1981-11-03,1350.645
1981-11-04,1533.751
1981-11-05,1494.112
1981-11-06,1251.313
1981-11-07,1141.411
1981-11-08,1321.458
1981-11-09,1901.756
1981-11-10,2112.785
1981-11-11,1785.842
1981-11-12,1542.539
1981-11-13,1527.642
1981-11-14,1501.51
1981-11-15,1421.776
1981-11-16,1306.351
1981-11-17,1131.595
1981-11-18,951.249
1981-11-19,852.241
1981-11-20,821.773
1981-11-21,801.301
1981-11-22,822.391
1981-11-23,1001.848
1981-11-24,1265.924
1981-11-25,1374.283
1981-11-26,1257.939
1981-11-27,1045.711
1981-11-28,888.388
1981-11-29,851.582
1981-11-30,832.558
1981-12-01,777.895
1981-12-02,719.813
1981-12-03,726.985
1981-12-04,771.857
1981-12-05,804.374
1981-12-06,852.035
1981-12-07,941.903
1981-12-08,1046.968
1981-12-09,1018.57
1981-12-10,881.714
1981-12-11,790.342
1981-12-12,876.314
1981-12-13,988.793
1981-12-14,1069.64
1981-12-15,1134.69
1981-12-16,1197.968
1981-12-17,1109.195
1981-12-18,880.944
1981-12-19,782.335
1981-12-20,922.109
1981-12-21,1032.965
1981-12-22,994.78
1981-12-23,949.755
1981-12-24,994.917
1981-12-25,1207.602
1981-12-26,1221.62
1981-12-27,1047.573
1981-12-28,957.168
1981-12-29,1062.492
1981-12-30,1180.6
1981-12-31,1210.269
1982-01-01,1198.287
1982-01-02,1184.856
1982-01-03,1196.686
1982-01-04,1213.769
1982-01-05,1182.29
1982-01-06,1039.364
1982-01-07,880.917
1982-01-08,785.769
1982-01-09,748.639
1982-01-10,777.345
1982-01-11,791.696
1982-01-12,759.075
1982-01-13,746.57
1982-01-14,767.373
1982-01-15,774.912
1982-01-16,791.262
1982-01-17,859.064
1982-01-18,916.961
1982-01-19,911.788
1982-01-20,962.72
1982-01-21,1053.8
1982-01-22,1105.888
1982-01-23,987.943
1982-01-24,821.095
1982-01-25,701.228
1982-01-26,679.37
1982-01-27,731.973
1982-01-28,731.05
1982-01-29,747.566
1982-01-30,842.022
1982-01-31,1031.304
1982-02-01,1414.833
1982-02-02,1414.675
1982-02-03,1137.164
1982-02-04,1032.409
1982-02-05,1016.608
1982-02-06,965.742
1982-02-07,844.503
1982-02-08,815.19
1982-02-09,951.398
1982-02-10,862.152
1982-02-11,735.516
1982-02-12,752.902
1982-02-13,852.309
1982-02-14,883.708
1982-02-15,839.563
1982-02-16,873.058
1982-02-17,1007.52
1982-02-18,998.995
1982-02-19,918.173
1982-02-20,1024.94
1982-02-21,1054.163
1982-02-22,941.64
1982-02-23,921.481
1982-02-24,954.495
1982-02-25,1073.568
1982-02-26,1407.947
1982-02-27,1666.241
1982-02-28,1633.641
1982-03-01,1413.246
1982-03-02,1192.298
1982-03-03,1048.036
1982-03-04,946.833
1982-03-05,924.784
1982-03-06,1010.363
1982-03-07,1049.444
1982-03-08,854.502
1982-03-09,719.51
1982-03-10,729.676
1982-03-11,882.529
1982-03-12,905.002
1982-03-13,787.029
1982-03-14,741.937
1982-03-15,775.912
1982-03-16,806.832
1982-03-17,884.366
1982-03-18,1280.782
1982-03-19,1415.76
1982-03-20,1122.888
1982-03-21,939.217
1982-03-22,963.179
1982-03-23,1046.002
1982-03-24,1064.069
1982-03-25,1031.864
1982-03-26,962.062
1982-03-27,875.891
1982-03-28,732.625
1982-03-29,637.813
1982-03-30,673.88
1982-03-31,767.323
1982-04-01,874.012
1982-04-02,914.403
1982-04-03,893.214
1982-04-04,916.077
1982-04-05,933.677
1982-04-06,865.596
1982-04-07,776.394
1982-04-08,676.947
1982-04-09,642.607
1982-04-10,649.534
1982-04-11,808.985
1982-04-12,870.4
1982-04-13,800.719
1982-04-14,859.955
1982-04-15,1275.704
1982-04-16,1515.695
1982-04-17,1351.211
1982-04-18,1237.751
1982-04-19,1205.165
1982-04-20,1149.712
1982-04-21,1073.871
1982-04-22,1033.152
1982-04-23,1038.733
1982-04-24,1054.495
1982-04-25,1073.587
1982-04-26,1055.409
1982-04-27,1031.041
1982-04-28,1073.78
1982-04-29,1147.161
1982-04-30,1222.668
1982-05-01,1530.432
1982-05-02,1751.989
1982-05-03,1895.363
1982-05-04,1831.355
1982-05-05,1708.565
1982-05-06,1765.807
1982-05-07,1762.448
1982-05-08,1973.028
1982-05-09,2242.479
1982-05-10,2158.445
1982-05-11,2484.588
1982-05-12,2531.025
1982-05-13,2052.197
1982-05-14,1647.522
1982-05-15,1504.118
1982-05-16,1478.549
1982-05-17,1477.66
1982-05-18,1564.769
1982-05-19,1981.778
1982-05-20,2142.895
1982-05-21,2018.252
1982-05-22,1967.565
1982-05-23,1960.976
1982-05-24,2009.596
1982-05-25,2222.825
1982-05-26,2479.873
1982-05-27,2521.745
1982-05-28,2343.266
1982-05-29,2091.306
1982-05-30,1902.903
1982-05-31,1780.188
1982-06-01,1690.838
1982-06-02,1672.9
1982-06-03,1696.944
1982-06-04,1695.121
1982-06-05,1595.575
1982-06-06,1437.782
1982-06-07,1330.646
1982-06-08,1204.223
1982-06-09,1050.006
1982-06-10,949.555
1982-06-11,901.538
1982-06-12,885.94
1982-06-13,876.772
1982-06-14,855.731
1982-06-15,822.615
1982-06-16,789.997
1982-06-17,767.705
1982-06-18,745.055
1982-06-19,706.275
1982-06-20,656.567
1982-06-21,615.114
1982-06-22,595.1
1982-06-23,608.427
1982-06-24,604.429
1982-06-25,568.26
1982-06-26,524.218
1982-06-27,490.668
1982-06-28,473.752
1982-06-29,454.961
1982-06-30,433.005
1982-07-01,418.242
1982-07-02,408.53
1982-07-03,397.067
1982-07-04,392.516
1982-07-05,399.475
1982-07-06,389.667
1982-07-07,361.008
1982-07-08,339.76
1982-07-09,335.1
1982-07-10,335.987
1982-07-11,333.819
1982-07-12,319.295
1982-07-13,298.652
1982-07-14,284.145
1982-07-15,274.691
1982-07-16,266.84
1982-07-17,259.703
1982-07-18,253.319
1982-07-19,248.103
1982-07-20,243.904
1982-07-21,238.587
1982-07-22,232.23
1982-07-23,226.507
1982-07-24,221.51
1982-07-25,218.339
1982-07-26,214.612
1982-07-27,209.835
1982-07-28,205.945
1982-07-29,208.227
1982-07-30,217.369
1982-07-31,218.722
1982-08-01,204.323
1982-08-02,188.402
1982-08-03,179.889
1982-08-04,174.805
1982-08-05,171.247
1982-08-06,168.973
1982-08-07,169.373
1982-08-08,174.87
1982-08-09,183.771
1982-08-10,188.913
1982-08-11,181.798
1982-08-12,174.687
1982-08-13,177.588
1982-08-14,180.489
1982-08-15,185.578
1982-08-16,194.072
1982-08-17,209.67
1982-08-18,204.68
1982-08-19,189.058
1982-08-20,177.332
1982-08-21,162.309
1982-08-22,146.528
1982-08-23,134.791
1982-08-24,129.202
1982-08-25,125.326
1982-08-26,122.044
1982-08-27,121.51
1982-08-28,126.829
1982-08-29,134.876
1982-08-30,138.665
1982-08-31,138.682
1982-09-01,136.646
1982-09-02,125.802
1982-09-03,114.37
1982-09-04,108.322
1982-09-05,106.12
1982-09-06,105.756
1982-09-07,104.613
1982-09-08,101.665
1982-09-09,98.71
1982-09-10,99.104
1982-09-11,104.517
1982-09-12,111.283
1982-09-13,120.313
1982-09-14,125.368
1982-09-15,115.035
1982-09-16,103.506
1982-09-17,102.047
1982-09-18,129.497
1982-09-19,192.392
1982-09-20,220.852
1982-09-21,198.515
1982-09-22,167.826
1982-09-23,143.939
1982-09-24,128.559
1982-09-25,114.762
1982-09-26,116.677
1982-09-27,126.632
1982-09-28,140.982
1982-09-29,167.882
1982-09-30,198.348
1982-10-01,244.23
1982-10-02,279.464
1982-10-03,295.624
1982-10-04,311.314
1982-10-05,300.797
1982-10-06,317.706
1982-10-07,363.78
1982-10-08,425.851
1982-10-09,468.922
1982-10-10,487.664
1982-10-11,484.555
1982-10-12,517.597
1982-10-13,587.509
1982-10-14,545.978
1982-10-15,436.922
1982-10-16,373.195
1982-10-17,358.243
1982-10-18,321.085
1982-10-19,299.195
1982-10-20,295.749
1982-10-21,260.922
1982-10-22,270.719
1982-10-23,358.364
1982-10-24,515.947
1982-10-25,684.582
1982-10-26,820.284
1982-10-27,916.367
1982-10-28,1023.6
1982-10-29,1047.194
1982-10-30,976.256
1982-10-31,919.417
1982-11-01,973.828
1982-11-02,1133.707
1982-11-03,1252.124
1982-11-04,1148.821
1982-11-05,942.573
1982-11-06,877.448
1982-11-07,986.882
1982-11-08,1076.23
1982-11-09,1082.501
1982-11-10,1007.193
1982-11-11,1026.728
1982-11-12,1181.326
1982-11-13,1506.485
1982-11-14,1470.223
1982-11-15,1171.281
1982-11-16,1085.087
1982-11-17,1092.1
1982-11-18,1040.708
1982-11-19,962.949
1982-11-20,1003.598
1982-11-21,1067.074
1982-11-22,1078.145
1982-11-23,1110.661
1982-11-24,1189.541
1982-11-25,1268.668
1982-11-26,1393.612
1982-11-27,1472.343
1982-11-28,1508.377
1982-11-29,1619.623
1982-11-30,1670.041
1982-12-01,1818.944
1982-12-02,1909.928
1982-12-03,1810.94
1982-12-04,1708.957
1982-12-05,1721.128
1982-12-06,1788.877
1982-12-07,1916.18
1982-12-08,2433.0
1982-12-09,2611.19
1982-12-10,2428.941
1982-12-11,2299.73
1982-12-12,2128.695
1982-12-13,2056.669
1982-12-14,2104.341
1982-12-15,2227.527
1982-12-16,2301.137
1982-12-17,2257.918
1982-12-18,2135.847
1982-12-19,2071.837
1982-12-20,1984.441
1982-12-21,1824.895
1982-12-22,1643.233
1982-12-23,1540.24
1982-12-24,1473.608
1982-12-25,1442.857
1982-12-26,1711.775
1982-12-27,1857.202
1982-12-28,1710.611
1982-12-29,1595.833
1982-12-30,1445.793
1982-12-31,1221.565
1983-01-01,1062.568
1983-01-02,1005.78
1983-01-03,1016.994
1983-01-04,1067.518
1983-01-05,1097.74
1983-01-06,1118.792
1983-01-07,1104.524
1983-01-08,1109.8
1983-01-09,1364.212
1983-01-10,1369.083
1983-01-11,1066.296
1983-01-12,883.72
1983-01-13,813.218
1983-01-14,769.215
1983-01-15,719.737
1983-01-16,691.245
1983-01-17,765.966
1983-01-18,893.871
1983-01-19,949.916
1983-01-20,930.422
1983-01-21,909.766
1983-01-22,891.414
1983-01-23,874.139
1983-01-24,852.623
1983-01-25,818.246
1983-01-26,770.595
1983-01-27,715.974
1983-01-28,656.09
1983-01-29,630.183
1983-01-30,664.396
1983-01-31,714.266
1983-02-01,738.98
1983-02-02,691.387
1983-02-03,671.835
1983-02-04,780.702
1983-02-05,893.297
1983-02-06,986.257
1983-02-07,1061.896
1983-02-08,1104.418
1983-02-09,1203.816
1983-02-10,1145.316
1983-02-11,959.84
1983-02-12,853.615
1983-02-13,792.985
1983-02-14,731.975
1983-02-15,666.771
1983-02-16,612.852
1983-02-17,586.849
1983-02-18,607.608
1983-02-19,704.032
1983-02-20,1086.465
1983-02-21,1250.849
1983-02-22,1025.86
1983-02-23,792.027
1983-02-24,626.717
1983-02-25,562.082
1983-02-26,609.789
1983-02-27,670.617
1983-02-28,678.624
1983-03-01,632.498
1983-03-02,596.563
1983-03-03,686.823
1983-03-04,912.148
1983-03-05,1256.316
1983-03-06,1801.395
1983-03-07,1809.37
1983-03-08,1331.24
1983-03-09,992.977
1983-03-10,856.043
1983-03-11,803.902
1983-03-12,731.039
1983-03-13,670.942
1983-03-14,624.572
1983-03-15,581.172
1983-03-16,602.64
1983-03-17,751.332
1983-03-18,1128.044
1983-03-19,1183.248
1983-03-20,959.736
1983-03-21,851.782
1983-03-22,859.019
1983-03-23,885.933
1983-03-24,855.378
1983-03-25,787.461
1983-03-26,756.505
1983-03-27,747.976
1983-03-28,756.357
1983-03-29,965.588
1983-03-30,1278.234
1983-03-31,1357.268
1983-04-01,1275.091
1983-04-02,1136.408
1983-04-03,988.286
1983-04-04,928.648
1983-04-05,948.844
1983-04-06,996.191
1983-04-07,945.614
1983-04-08,830.55
1983-04-09,777.2
1983-04-10,777.949
1983-04-11,732.208
1983-04-12,741.909
1983-04-13,850.416
1983-04-14,934.656
1983-04-15,1033.801
1983-04-16,1116.468
1983-04-17,1112.26
1983-04-18,1099.617
1983-04-19,1130.757
1983-04-20,1134.45
1983-04-21,1051.406
1983-04-22,972.596
1983-04-23,878.356
1983-04-24,786.649
1983-04-25,765.281
1983-04-26,823.496
1983-04-27,896.046
1983-04-28,957.809
1983-04-29,1070.174
1983-04-30,1284.829
1983-05-01,1392.937
1983-05-02,1333.722
1983-05-03,1205.714
1983-05-04,1059.755
1983-05-05,981.868
1983-05-06,1031.594
1983-05-07,1175.764
1983-05-08,1365.6
1983-05-09,1421.283
1983-05-10,1376.624
1983-05-11,1331.744
1983-05-12,1493.18
1983-05-13,1521.206
1983-05-14,1368.562
1983-05-15,1303.468
1983-05-16,1358.845
1983-05-17,1406.976
1983-05-18,1347.386
1983-05-19,1281.432
1983-05-20,1279.249
1983-05-21,1330.27
1983-05-22,1358.798
1983-05-23,1309.088
1983-05-24,1210.1
1983-05-25,1113.985
1983-05-26,1036.651
1983-05-27,987.008
1983-05-28,971.401
1983-05-29,934.903
1983-05-30,836.352
1983-05-31,738.203
1983-06-01,683.701
1983-06-02,659.035
1983-06-03,637.502
1983-06-04,621.132
1983-06-05,635.859
1983-06-06,689.234
1983-06-07,730.946
1983-06-08,735.786
1983-06-09,717.253
1983-06-10,670.805
1983-06-11,604.722
1983-06-12,526.375
1983-06-13,461.799
1983-06-14,430.372
1983-06-15,429.061
1983-06-16,441.965
1983-06-17,451.204
1983-06-18,433.45
1983-06-19,393.347
1983-06-20,366.465
1983-06-21,356.992
1983-06-22,351.107
1983-06-23,339.7
1983-06-24,326.762
1983-06-25,318.856
1983-06-26,313.205
1983-06-27,307.004
1983-06-28,299.682
1983-06-29,293.835
1983-06-30,288.455
1983-07-01,281.294
1983-07-02,274.224
1983-07-03,271.123
1983-07-04,269.416
1983-07-05,280.381
1983-07-06,318.416
1983-07-07,351.32
1983-07-08,354.805
1983-07-09,348.18
1983-07-10,351.27
1983-07-11,369.811
1983-07-12,350.29
1983-07-13,290.131
1983-07-14,238.824
1983-07-15,212.492
1983-07-16,202.428
1983-07-17,198.258
1983-07-18,194.841
1983-07-19,191.974
1983-07-20,189.166
1983-07-21,185.901
1983-07-22,183.23
1983-07-23,182.728
1983-07-24,182.372
1983-07-25,178.392
1983-07-26,174.114
1983-07-27,171.028
1983-07-28,170.864
1983-07-29,175.04
1983-07-30,185.321
1983-07-31,215.675
1983-08-01,258.508
1983-08-02,280.518
1983-08-03,262.391
1983-08-04,221.593
1983-08-05,182.428
1983-08-06,156.373
1983-08-07,145.058
1983-08-08,140.08
1983-08-09,136.871
1983-08-10,137.0
1983-08-11,142.278
1983-08-12,162.625
1983-08-13,214.177
1983-08-14,294.965
1983-08-15,363.777
1983-08-16,347.331
1983-08-17,275.555
1983-08-18,227.247
1983-08-19,208.599
1983-08-20,197.13
1983-08-21,187.338
1983-08-22,180.878
1983-08-23,189.604
1983-08-24,238.195
1983-08-25,333.772
1983-08-26,447.192
1983-08-27,551.7
1983-08-28,627.302
1983-08-29,605.428
1983-08-30,488.68
1983-08-31,397.574
1983-09-01,341.06
1983-09-02,300.358
1983-09-03,265.461
1983-09-04,271.962
1983-09-05,318.782
1983-09-06,389.699
1983-09-07,438.552
1983-09-08,399.07
1983-09-09,313.468
1983-09-10,231.801
1983-09-11,188.2
1983-09-12,194.544
1983-09-13,215.274
1983-09-14,223.94
1983-09-15,191.077
1983-09-16,174.887
1983-09-17,155.94
1983-09-18,140.562
1983-09-19,152.936
1983-09-20,173.595
1983-09-21,188.901
1983-09-22,190.667
1983-09-23,178.579
1983-09-24,167.645
1983-09-25,156.941
1983-09-26,145.518
1983-09-27,152.627
1983-09-28,196.64
1983-09-29,256.367
1983-09-30,330.892
1983-10-01,349.602
1983-10-02,381.5
1983-10-03,413.931
1983-10-04,378.378
1983-10-05,291.579
1983-10-06,223.683
1983-10-07,191.642
1983-10-08,223.25
1983-10-09,276.87
1983-10-10,380.158
1983-10-11,555.339
1983-10-12,699.451
1983-10-13,660.159
1983-10-14,493.265
1983-10-15,428.68
1983-10-16,524.518
1983-10-17,733.551
1983-10-18,948.55
1983-10-19,1413.124
1983-10-20,1529.612
1983-10-21,1300.099
1983-10-22,1214.576
1983-10-23,1203.331
1983-10-24,1127.768
1983-10-25,1028.207
1983-10-26,1031.963
1983-10-27,1160.255
1983-10-28,1395.953
1983-10-29,1585.884
1983-10-30,1658.592
1983-10-31,1533.574
1983-11-01,1327.548
1983-11-02,1151.395
1983-11-03,1003.918
1983-11-04,947.605
1983-11-05,962.73
1983-11-06,965.869
1983-11-07,964.388
1983-11-08,941.993
1983-11-09,950.598
1983-11-10,970.984
1983-11-11,973.349
1983-11-12,1001.388
1983-11-13,1034.565
1983-11-14,1004.531
1983-11-15,915.871
1983-11-16,863.352
1983-11-17,840.056
1983-11-18,876.013
1983-11-19,912.642
1983-11-20,885.548
1983-11-21,945.479
1983-11-22,1213.065
1983-11-23,1337.538
1983-11-24,1355.699
1983-11-25,1131.563
1983-11-26,940.206
1983-11-27,982.472
1983-11-28,1056.838
1983-11-29,1125.821
1983-11-30,1244.592
1983-12-01,1261.944
1983-12-02,1318.88
1983-12-03,1809.413
1983-12-04,2103.444
1983-12-05,1875.167
1983-12-06,1621.612
1983-12-07,1460.797
1983-12-08,1336.209
1983-12-09,1276.586
1983-12-10,1281.807
1983-12-11,1329.58
1983-12-12,1432.769
1983-12-13,1535.275
1983-12-14,1522.77
1983-12-15,1365.427
1983-12-16,1244.916
1983-12-17,1190.688
1983-12-18,1177.459
1983-12-19,1133.268
1983-12-20,1078.093
1983-12-21,1106.235
1983-12-22,1197.444
1983-12-23,1290.645
1983-12-24,1294.504
1983-12-25,1226.913
1983-12-26,1197.392
1983-12-27,1218.002
1983-12-28,1218.236
1983-12-29,1234.405
1983-12-30,1248.672
1983-12-31,1223.745
1984-01-01,1191.206
1984-01-02,1355.664
1984-01-03,1466.075
1984-01-04,1443.158
1984-01-05,1499.413
1984-01-06,1570.631
1984-01-07,1655.159
1984-01-08,1797.417
1984-01-09,1806.908
1984-01-10,1712.039
1984-01-11,1723.121
1984-01-12,1762.258
1984-01-13,1690.899
1984-01-14,1628.39
1984-01-15,1548.447
1984-01-16,1401.354
1984-01-17,1326.05
1984-01-18,1372.212
1984-01-19,1406.548
1984-01-20,1412.067
1984-01-21,1514.35
1984-01-22,1633.98
1984-01-23,1643.271
1984-01-24,1504.439
1984-01-25,1315.829
1984-01-26,1171.298
1984-01-27,1176.405
1984-01-28,1314.592
1984-01-29,1451.149
1984-01-30,1502.728
1984-01-31,1498.819
1984-02-01,1505.328
1984-02-02,1515.382
1984-02-03,1430.232
1984-02-04,1366.61
1984-02-05,1506.764
1984-02-06,1614.13
1984-02-07,1479.79
1984-02-08,1281.35
1984-02-09,1145.952
1984-02-10,1055.184
1984-02-11,1015.942
1984-02-12,1029.449
1984-02-13,1083.675
1984-02-14,1131.675
1984-02-15,1166.793
1984-02-16,1206.94
1984-02-17,1250.184
1984-02-18,1280.981
1984-02-19,1267.125
1984-02-20,1232.111
1984-02-21,1168.758
1984-02-22,1098.791
1984-02-23,1010.527
1984-02-24,936.045
1984-02-25,921.212
1984-02-26,989.547
1984-02-27,1313.325
1984-02-28,1903.3
1984-02-29,1865.302
1984-03-01,1458.617
1984-03-02,1293.296
1984-03-03,1232.33
1984-03-04,1176.607
1984-03-05,1172.669
1984-03-06,1073.951
1984-03-07,947.935
1984-03-08,884.436
1984-03-09,915.15
1984-03-10,1043.857
1984-03-11,1240.148
1984-03-12,1248.458
1984-03-13,1107.433
1984-03-14,1156.571
1984-03-15,1702.92
1984-03-16,2025.77
1984-03-17,1678.262
1984-03-18,1246.073
1984-03-19,1035.978
1984-03-20,955.945
1984-03-21,933.616
1984-03-22,949.932
1984-03-23,934.131
1984-03-24,875.529
1984-03-25,812.507
1984-03-26,783.645
1984-03-27,810.593
1984-03-28,892.332
1984-03-29,971.693
1984-03-30,1013.905
1984-03-31,1008.962
1984-04-01,943.215
1984-04-02,876.86
1984-04-03,835.799
1984-04-04,795.318
1984-04-05,694.341
1984-04-06,621.392
1984-04-07,608.15
1984-04-08,624.464
1984-04-09,678.008
1984-04-10,815.212
1984-04-11,959.81
1984-04-12,1039.531
1984-04-13,1155.228
1984-04-14,1337.735
1984-04-15,1452.51
1984-04-16,1364.566
1984-04-17,1241.773
1984-04-18,1171.577
1984-04-19,1207.952
1984-04-20,1313.571
1984-04-21,1388.428
1984-04-22,1364.906
1984-04-23,1316.105
1984-04-24,1297.225
1984-04-25,1451.828
1984-04-26,1728.99
1984-04-27,1805.472
1984-04-28,1773.482
1984-04-29,1926.683
1984-04-30,1929.13
1984-05-01,1690.88
1984-05-02,1551.311
1984-05-03,1471.605
1984-05-04,1332.47
1984-05-05,1288.243
1984-05-06,1272.62
1984-05-07,1184.272
1984-05-08,1091.452
1984-05-09,1084.213
1984-05-10,1155.048
1984-05-11,1253.945
1984-05-12,1304.889
1984-05-13,1214.803
1984-05-14,1077.968
1984-05-15,1016.786
1984-05-16,986.306
1984-05-17,921.162
1984-05-18,839.841
1984-05-19,767.143
1984-05-20,730.846
1984-05-21,720.595
1984-05-22,688.73
1984-05-23,640.606
1984-05-24,598.814
1984-05-25,590.68
1984-05-26,611.631
1984-05-27,644.968
1984-05-28,693.74
1984-05-29,728.752
1984-05-30,712.246
1984-05-31,658.216
1984-06-01,574.349
1984-06-02,487.742
1984-06-03,436.685
1984-06-04,417.765
1984-06-05,410.815
1984-06-06,404.015
1984-06-07,388.255
1984-06-08,369.2
1984-06-09,355.05
1984-06-10,344.583
1984-06-11,335.428
1984-06-12,327.406
1984-06-13,321.255
1984-06-14,318.65
1984-06-15,318.251
1984-06-16,310.074
1984-06-17,296.228
1984-06-18,283.887
1984-06-19,275.101
1984-06-20,268.905
1984-06-21,263.088
1984-06-22,256.406
1984-06-23,249.278
1984-06-24,242.709
1984-06-25,236.62
1984-06-26,231.028
1984-06-27,226.411
1984-06-28,223.168
1984-06-29,221.097
1984-06-30,217.71
1984-07-01,215.768
1984-07-02,217.715
1984-07-03,219.058
1984-07-04,210.043
1984-07-05,196.582
1984-07-06,188.725
1984-07-07,185.523
1984-07-08,182.495
1984-07-09,179.594
1984-07-10,177.39
1984-07-11,172.87
1984-07-12,166.929
1984-07-13,162.26
1984-07-14,160.338
1984-07-15,162.484
1984-07-16,166.859
1984-07-17,166.906
1984-07-18,163.673
1984-07-19,173.33
1984-07-20,197.298
1984-07-21,205.974
1984-07-22,187.136
1984-07-23,161.098
1984-07-24,145.833
1984-07-25,140.12
1984-07-26,138.539
1984-07-27,138.533
1984-07-28,141.27
1984-07-29,153.15
1984-07-30,176.27
1984-07-31,195.465
1984-08-01,208.104
1984-08-02,209.253
1984-08-03,202.08
1984-08-04,198.475
1984-08-05,219.616
1984-08-06,292.745
1984-08-07,385.962
1984-08-08,401.975
1984-08-09,342.783
1984-08-10,266.885
1984-08-11,195.565
1984-08-12,151.49
1984-08-13,137.531
1984-08-14,144.313
1984-08-15,155.309
1984-08-16,147.475
1984-08-17,130.112
1984-08-18,119.301
1984-08-19,114.146
1984-08-20,111.176
1984-08-21,110.003
1984-08-22,115.722
1984-08-23,122.638
1984-08-24,121.848
1984-08-25,116.131
1984-08-26,113.831
1984-08-27,116.066
1984-08-28,117.566
1984-08-29,115.422
1984-08-30,126.494
1984-08-31,149.275
1984-09-01,170.034
1984-09-02,180.37
1984-09-03,219.281
1984-09-04,246.234
1984-09-05,241.947
1984-09-06,226.913
1984-09-07,207.438
1984-09-08,198.89
1984-09-09,227.342
1984-09-10,372.189
1984-09-11,511.682
1984-09-12,676.815
1984-09-13,802.081
1984-09-14,844.318
1984-09-15,786.12
1984-09-16,600.42
1984-09-17,458.014
1984-09-18,661.681
1984-09-19,751.988
1984-09-20,560.216
1984-09-21,471.926
1984-09-22,444.302
1984-09-23,370.747
1984-09-24,289.385
1984-09-25,226.381
1984-09-26,208.17
1984-09-27,259.302
1984-09-28,321.982
1984-09-29,349.021
1984-09-30,282.119
1984-10-01,207.782
1984-10-02,186.385
1984-10-03,178.994
1984-10-04,153.465
1984-10-05,137.145
1984-10-06,157.065
1984-10-07,194.345
1984-10-08,232.86
1984-10-09,280.914
1984-10-10,368.633
1984-10-11,453.338
1984-10-12,521.28
1984-10-13,556.872
1984-10-14,658.154
1984-10-15,842.919
1984-10-16,1094.86
1984-10-17,1576.242
1984-10-18,1718.694
1984-10-19,1518.366
1984-10-20,1407.558
1984-10-21,1343.255
1984-10-22,1333.347
1984-10-23,1394.306
1984-10-24,1487.718
1984-10-25,1506.641
1984-10-26,1327.84
1984-10-27,1115.362
1984-10-28,1014.716
1984-10-29,960.797
1984-10-30,949.945
1984-10-31,960.714
1984-11-01,818.782
1984-11-02,608.989
1984-11-03,516.561
1984-11-04,559.336
1984-11-05,669.832
1984-11-06,781.731
1984-11-07,898.908
1984-11-08,1002.433
1984-11-09,1106.167
1984-11-10,1159.434
1984-11-11,1087.82
1984-11-12,945.657
1984-11-13,845.266
1984-11-14,844.416
1984-11-15,874.662
1984-11-16,906.349
1984-11-17,977.689
1984-11-18,1183.307
1984-11-19,1373.425
1984-11-20,1395.007
1984-11-21,1464.468
1984-11-22,1623.382
1984-11-23,1736.0
1984-11-24,1721.895
1984-11-25,1545.881
1984-11-26,1429.002
1984-11-27,1497.098
1984-11-28,1660.485
1984-11-29,1701.832
1984-11-30,1700.601
1984-12-01,1860.326
1984-12-02,2124.06
1984-12-03,2257.102
1984-12-04,2214.757
1984-12-05,2122.288
1984-12-06,2069.047
1984-12-07,1966.458
1984-12-08,1956.879
1984-12-09,1985.211
1984-12-10,2130.811
1984-12-11,2404.39
1984-12-12,2308.523
1984-12-13,2115.915
1984-12-14,2041.728
1984-12-15,1997.827
1984-12-16,1937.922
1984-12-17,1901.515
1984-12-18,1900.607
1984-12-19,1983.868
1984-12-20,1795.845
1984-12-21,1549.343
1984-12-22,1501.684
1984-12-23,1633.493
1984-12-24,1976.686
1984-12-25,2062.751
1984-12-26,1823.558
1984-12-27,1693.689
1984-12-28,1691.413
1984-12-29,1707.606
1984-12-30,1793.22
1984-12-31,1889.749
1985-01-01,1785.559
1985-01-02,1478.42
1985-01-03,1269.841
1985-01-04,1166.448
1985-01-05,1083.744
1985-01-06,1047.082
1985-01-07,1032.76
1985-01-08,1055.809
1985-01-09,1116.234
1985-01-10,1158.454
1985-01-11,1161.436
1985-01-12,1137.175
1985-01-13,1072.968
1985-01-14,982.763
1985-01-15,893.539
1985-01-16,864.069
1985-01-17,850.164
1985-01-18,816.618
1985-01-19,754.77
1985-01-20,732.782
1985-01-21,841.218
1985-01-22,1240.937
1985-01-23,1288.775
1985-01-24,949.61
1985-01-25,796.807
1985-01-26,747.207
1985-01-27,735.243
1985-01-28,666.871
1985-01-29,610.325
1985-01-30,586.362
1985-01-31,607.079
1985-02-01,675.046
1985-02-02,816.058
1985-02-03,955.274
1985-02-04,1061.202
1985-02-05,1017.013
1985-02-06,977.768
1985-02-07,1056.26
1985-02-08,1189.648
1985-02-09,1382.503
1985-02-10,1678.127
1985-02-11,1831.254
1985-02-12,1904.921
1985-02-13,1809.698
1985-02-14,1737.165
1985-02-15,1801.787
1985-02-16,1775.698
1985-02-17,1711.591
1985-02-18,1639.619
1985-02-19,1593.822
1985-02-20,1507.272
1985-02-21,1488.462
1985-02-22,1478.824
1985-02-23,1436.639
1985-02-24,1435.387
1985-02-25,1497.129
1985-02-26,1618.081
1985-02-27,1670.063
1985-02-28,1647.679
1985-03-01,1549.906
1985-03-02,1525.175
1985-03-03,1633.305
1985-03-04,1879.85
1985-03-05,2244.541
1985-03-06,2383.539
1985-03-07,2101.425
1985-03-08,1849.884
1985-03-09,1874.06
1985-03-10,2129.028
1985-03-11,2347.052
1985-03-12,2333.489
1985-03-13,2266.793
1985-03-14,2382.785
1985-03-15,2389.115
1985-03-16,2235.648
1985-03-17,2059.672
1985-03-18,1916.202
1985-03-19,1819.524
1985-03-20,1709.16
1985-03-21,1576.257
1985-03-22,1462.501
1985-03-23,1349.037
1985-03-24,1217.028
1985-03-25,1123.385
1985-03-26,1081.678
1985-03-27,1061.774
1985-03-28,1046.723
1985-03-29,1045.513
1985-03-30,1059.689
1985-03-31,1111.583
1985-04-01,1191.378
1985-04-02,1344.608
1985-04-03,1496.188
1985-04-04,1666.86
1985-04-05,1909.731
1985-04-06,2015.045
1985-04-07,2024.996
1985-04-08,1977.705
1985-04-09,2122.121
1985-04-10,2614.781
1985-04-11,3002.916
1985-04-12,2956.16
1985-04-13,2697.897
1985-04-14,2416.084
1985-04-15,2352.06
1985-04-16,2464.634
1985-04-17,2703.221
1985-04-18,2936.738
1985-04-19,3318.328
1985-04-20,4120.431
1985-04-21,4666.844
1985-04-22,4771.037
1985-04-23,4526.813
1985-04-24,3955.595
1985-04-25,3548.302
1985-04-26,3480.945
1985-04-27,3653.076
1985-04-28,3917.34
1985-04-29,4052.091
1985-04-30,3990.007
1985-05-01,3918.487
1985-05-02,3843.479
1985-05-03,3774.926
1985-05-04,3674.134
1985-05-05,3535.972
1985-05-06,3732.388
1985-05-07,3968.647
1985-05-08,3879.574
1985-05-09,3756.937
1985-05-10,3748.369
1985-05-11,3644.983
1985-05-12,3331.476
1985-05-13,3021.358
1985-05-14,2775.028
1985-05-15,2583.633
1985-05-16,2493.351
1985-05-17,2488.775
1985-05-18,2635.465
1985-05-19,2836.035
1985-05-20,2716.69
1985-05-21,2401.851
1985-05-22,2228.024
1985-05-23,2151.262
1985-05-24,2102.787
1985-05-25,2040.148
1985-05-26,2048.285
1985-05-27,2040.079
1985-05-28,1929.279
1985-05-29,1798.478
1985-05-30,1714.722
1985-05-31,1712.453
1985-06-01,1735.405
1985-06-02,1794.363
1985-06-03,1840.113
1985-06-04,1858.83
1985-06-05,1774.341
1985-06-06,1509.907
1985-06-07,1269.56
1985-06-08,1140.572
1985-06-09,1075.693
1985-06-10,1031.293
1985-06-11,990.317
1985-06-12,950.566
1985-06-13,923.157
1985-06-14,911.347
1985-06-15,892.139
1985-06-16,869.282
1985-06-17,841.379
1985-06-18,794.003
1985-06-19,753.637
1985-06-20,743.972
1985-06-21,748.996
1985-06-22,745.052
1985-06-23,714.078
1985-06-24,655.331
1985-06-25,601.971
1985-06-26,574.251
1985-06-27,567.658
1985-06-28,566.342
1985-06-29,577.007
1985-06-30,590.181
1985-07-01,602.972
1985-07-02,630.43
1985-07-03,594.752
1985-07-04,523.784
1985-07-05,484.76
1985-07-06,468.786
1985-07-07,456.313
1985-07-08,443.048
1985-07-09,425.225
1985-07-10,403.974
1985-07-11,383.698
1985-07-12,369.492
1985-07-13,359.934
1985-07-14,352.656
1985-07-15,345.215
1985-07-16,337.902
1985-07-17,330.859
1985-07-18,323.692
1985-07-19,318.601
1985-07-20,313.861
1985-07-21,306.525
1985-07-22,298.333
1985-07-23,290.553
1985-07-24,284.185
1985-07-25,280.386
1985-07-26,279.479
1985-07-27,290.909
1985-07-28,319.855
1985-07-29,334.362
1985-07-30,318.601
1985-07-31,290.545
1985-08-01,263.331
1985-08-02,244.078
1985-08-03,235.436
1985-08-04,233.69
1985-08-05,242.162
1985-08-06,255.858
1985-08-07,285.583
1985-08-08,292.244
1985-08-09,260.032
1985-08-10,225.752
1985-08-11,206.393
1985-08-12,197.146
1985-08-13,191.825
1985-08-14,187.875
1985-08-15,184.658
1985-08-16,181.896
1985-08-17,179.325
1985-08-18,177.363
1985-08-19,176.84
1985-08-20,177.931
1985-08-21,179.947
1985-08-22,179.603
1985-08-23,172.526
1985-08-24,163.183
1985-08-25,157.571
1985-08-26,154.973
1985-08-27,153.108
1985-08-28,151.991
1985-08-29,154.942
1985-08-30,165.348
1985-08-31,176.215
1985-09-01,173.804
1985-09-02,162.218
1985-09-03,149.814
1985-09-04,145.077
1985-09-05,143.767
1985-09-06,145.135
1985-09-07,147.242
1985-09-08,151.712
1985-09-09,164.707
1985-09-10,190.37
1985-09-11,230.656
1985-09-12,250.944
1985-09-13,248.272
1985-09-14,245.775
1985-09-15,236.225
1985-09-16,247.551
1985-09-17,301.482
1985-09-18,367.812
1985-09-19,431.706
1985-09-20,473.059
1985-09-21,503.253
1985-09-22,531.547
1985-09-23,496.418
1985-09-24,406.853
1985-09-25,374.313
1985-09-26,423.035
1985-09-27,538.449
1985-09-28,685.336
1985-09-29,741.733
1985-09-30,681.47
1985-10-01,589.831
1985-10-02,507.067
1985-10-03,443.562
1985-10-04,383.412
1985-10-05,347.557
1985-10-06,371.894
1985-10-07,403.644
1985-10-08,347.11
1985-10-09,281.06
1985-10-10,309.71
1985-10-11,402.878
1985-10-12,534.734
1985-10-13,617.313
1985-10-14,670.834
1985-10-15,718.326
1985-10-16,728.897
1985-10-17,771.042
1985-10-18,721.509
1985-10-19,504.349
1985-10-20,367.643
1985-10-21,352.14
1985-10-22,398.722
1985-10-23,418.043
1985-10-24,433.417
1985-10-25,512.465
1985-10-26,561.466
1985-10-27,557.293
1985-10-28,581.195
1985-10-29,634.14
1985-10-30,701.97
1985-10-31,807.674
1985-11-01,906.565
1985-11-02,1031.557
1985-11-03,1121.1
1985-11-04,1209.715
1985-11-05,1234.998
1985-11-06,1234.753
1985-11-07,1228.471
1985-11-08,1181.707
1985-11-09,1071.747
1985-11-10,1001.586
1985-11-11,986.575
1985-11-12,978.671
1985-11-13,979.602
1985-11-14,1011.65
1985-11-15,1068.45
1985-11-16,1044.58
1985-11-17,964.258
1985-11-18,1005.681
1985-11-19,1173.82
1985-11-20,1357.674
1985-11-21,1400.9
1985-11-22,1454.816
1985-11-23,1522.785
1985-11-24,1583.167
1985-11-25,1550.386
1985-11-26,1536.546
1985-11-27,1589.302
1985-11-28,1576.24
1985-11-29,1570.138
1985-11-30,1450.105
1985-12-01,1229.035
1985-12-02,1059.413
1985-12-03,1010.324
1985-12-04,1220.317
1985-12-05,1807.77
1985-12-06,1986.426
1985-12-07,1697.202
1985-12-08,1505.616
1985-12-09,1449.511
1985-12-10,1368.88
1985-12-11,1353.404
1985-12-12,1410.982
1985-12-13,1464.688
1985-12-14,1470.274
1985-12-15,1436.738
1985-12-16,1452.9
1985-12-17,1545.198
1985-12-18,1619.923
1985-12-19,1537.613
1985-12-20,1330.261
1985-12-21,1222.28
1985-12-22,1215.772
1985-12-23,1218.799
1985-12-24,1234.319
1985-12-25,1300.079
1985-12-26,1397.663
1985-12-27,1494.274
1985-12-28,1447.9
1985-12-29,1336.625
1985-12-30,1272.953
1985-12-31,1208.064
1986-01-01,1173.716
1986-01-02,1180.496
1986-01-03,1219.155
1986-01-04,1330.0
1986-01-05,1409.843
1986-01-06,1373.589
1986-01-07,1288.562
1986-01-08,1240.275
1986-01-09,1205.088
1986-01-10,1168.993
1986-01-11,1159.223
1986-01-12,1161.75
1986-01-13,1203.606
1986-01-14,1233.658
1986-01-15,1304.91
1986-01-16,1370.562
1986-01-17,1415.471
1986-01-18,1456.19
1986-01-19,1444.751
1986-01-20,1442.748
1986-01-21,1443.275
1986-01-22,1391.974
1986-01-23,1288.326
1986-01-24,1239.793
1986-01-25,1281.689
1986-01-26,1339.999
1986-01-27,1425.988
1986-01-28,1626.715
1986-01-29,1823.153
1986-01-30,2179.21
1986-01-31,2286.082
1986-02-01,1951.38
1986-02-02,1710.202
1986-02-03,1618.31
1986-02-04,1587.287
1986-02-05,1547.802
1986-02-06,1519.307
1986-02-07,1588.983
1986-02-08,1642.268
1986-02-09,1516.154
1986-02-10,1409.45
1986-02-11,1341.692
1986-02-12,1304.243
1986-02-13,1286.399
1986-02-14,1163.84
1986-02-15,1057.634
1986-02-16,1086.214
1986-02-17,1150.177
1986-02-18,1153.631
1986-02-19,1214.223
1986-02-20,1297.248
1986-02-21,1374.767
1986-02-22,1633.683
1986-02-23,1612.611
1986-02-24,1322.899
1986-02-25,1233.293
1986-02-26,1578.524
1986-02-27,1754.638
1986-02-28,1744.869
1986-03-01,1532.985
1986-03-02,1181.608
1986-03-03,1100.803
1986-03-04,1175.256
1986-03-05,1182.333
1986-03-06,1089.595
1986-03-07,1064.404
1986-03-08,1049.81
1986-03-09,923.053
1986-03-10,828.722
1986-03-11,809.277
1986-03-12,845.221
1986-03-13,919.782
1986-03-14,1058.604
1986-03-15,1143.152
1986-03-16,1117.525
1986-03-17,1033.002
1986-03-18,992.499
1986-03-19,1033.731
1986-03-20,1161.175
1986-03-21,1296.118
1986-03-22,1438.737
1986-03-23,1820.834
1986-03-24,1858.616
1986-03-25,1522.215
1986-03-26,1332.049
1986-03-27,1249.634
1986-03-28,1185.812
1986-03-29,1210.038
1986-03-30,1283.075
1986-03-31,1303.584
1986-04-01,1329.73
1986-04-02,1352.685
1986-04-03,1402.191
1986-04-04,1545.282
1986-04-05,1647.438
1986-04-06,1634.61
1986-04-07,1589.157
1986-04-08,1533.292
1986-04-09,1510.195
1986-04-10,1513.388
1986-04-11,1522.609
1986-04-12,1746.211
1986-04-13,2346.94
1986-04-14,2481.3
1986-04-15,2137.246
1986-04-16,1939.112
1986-04-17,1855.925
1986-04-18,1832.87
1986-04-19,1852.703
1986-04-20,1972.547
1986-04-21,2241.095
1986-04-22,2493.606
1986-04-23,2665.403
1986-04-24,2580.17
1986-04-25,2425.142
1986-04-26,2337.76
1986-04-27,2229.239
1986-04-28,2202.751
1986-04-29,2316.504
1986-04-30,2474.461
1986-05-01,2644.779
1986-05-02,2836.95
1986-05-03,2972.319
1986-05-04,3043.643
1986-05-05,3244.022
1986-05-06,3624.513
1986-05-07,3642.832
1986-05-08,3355.074
1986-05-09,3134.141
1986-05-10,3069.234
1986-05-11,3118.783
1986-05-12,3160.807
1986-05-13,3141.0
1986-05-14,3178.866
1986-05-15,3369.686
1986-05-16,3219.021
1986-05-17,2818.851
1986-05-18,2554.219
1986-05-19,2420.283
1986-05-20,2412.153
1986-05-21,2433.605
1986-05-22,2430.548
1986-05-23,2380.522
1986-05-24,2246.144
1986-05-25,2080.889
1986-05-26,1941.502
1986-05-27,1856.89
1986-05-28,1783.349
1986-05-29,1664.111
1986-05-30,1586.181
1986-05-31,1668.919
1986-06-01,1779.424
1986-06-02,1777.921
1986-06-03,1718.262
1986-06-04,1653.075
1986-06-05,1557.829
1986-06-06,1459.036
1986-06-07,1444.952
1986-06-08,1491.768
1986-06-09,1529.404
1986-06-10,1555.161
1986-06-11,1482.947
1986-06-12,1288.015
1986-06-13,1131.974
1986-06-14,1047.256
1986-06-15,994.399
1986-06-16,962.601
1986-06-17,932.107
1986-06-18,896.098
1986-06-19,864.47
1986-06-20,869.977
1986-06-21,896.2
1986-06-22,910.411
1986-06-23,900.69
1986-06-24,858.527
1986-06-25,784.988
1986-06-26,710.6
1986-06-27,662.085
1986-06-28,638.651
1986-06-29,629.534
1986-06-30,622.186
1986-07-01,611.264
1986-07-02,613.777
1986-07-03,617.855
1986-07-04,588.79
1986-07-05,548.516
1986-07-06,525.792
1986-07-07,525.855
1986-07-08,519.109
1986-07-09,500.489
1986-07-10,487.332
1986-07-11,469.75
1986-07-12,451.557
1986-07-13,441.911
1986-07-14,438.486
1986-07-15,426.365
1986-07-16,408.122
1986-07-17,396.762
1986-07-18,391.827
1986-07-19,388.938
1986-07-20,380.3
1986-07-21,369.128
1986-07-22,359.18
1986-07-23,351.902
1986-07-24,342.787
1986-07-25,331.096
1986-07-26,322.84
1986-07-27,327.764
1986-07-28,331.919
1986-07-29,333.528
1986-07-30,323.892
1986-07-31,305.409
1986-08-01,298.118
1986-08-02,291.343
1986-08-03,280.876
1986-08-04,273.185
1986-08-05,271.585
1986-08-06,262.784
1986-08-07,255.759
1986-08-08,248.422
1986-08-09,243.178
1986-08-10,239.503
1986-08-11,237.392
1986-08-12,235.02
1986-08-13,233.247
1986-08-14,239.51
1986-08-15,255.627
1986-08-16,269.759
1986-08-17,267.788
1986-08-18,271.938
1986-08-19,292.07
1986-08-20,288.813
1986-08-21,253.155
1986-08-22,222.194
1986-08-23,216.702
1986-08-24,228.715
1986-08-25,235.784
1986-08-26,219.936
1986-08-27,196.705
1986-08-28,180.992
1986-08-29,172.005
1986-08-30,167.038
1986-08-31,163.684
1986-09-01,161.282
1986-09-02,160.549
1986-09-03,160.568
1986-09-04,158.559
1986-09-05,156.349
1986-09-06,154.492
1986-09-07,151.972
1986-09-08,150.984
1986-09-09,153.489
1986-09-10,158.907
1986-09-11,156.048
1986-09-12,146.317
1986-09-13,139.92
1986-09-14,140.007
1986-09-15,143.498
1986-09-16,154.309
1986-09-17,186.236
1986-09-18,225.209
1986-09-19,228.068
1986-09-20,214.155
1986-09-21,226.616
1986-09-22,280.17
1986-09-23,347.868
1986-09-24,395.789
1986-09-25,446.32
1986-09-26,477.72
1986-09-27,501.375
1986-09-28,458.074
1986-09-29,344.159
1986-09-30,283.079
1986-10-01,312.961
1986-10-02,318.084
1986-10-03,308.081
1986-10-04,293.463
1986-10-05,250.237
1986-10-06,204.621
1986-10-07,180.317
1986-10-08,199.534
1986-10-09,264.94
1986-10-10,331.728
1986-10-11,405.516
1986-10-12,536.171
1986-10-13,725.17
1986-10-14,843.451
1986-10-15,712.235
1986-10-16,482.804
1986-10-17,388.594
1986-10-18,377.398
1986-10-19,406.262
1986-10-20,512.967
1986-10-21,914.54
1986-10-22,1231.332
1986-10-23,1423.224
1986-10-24,1360.399
1986-10-25,1102.685
1986-10-26,1186.308
1986-10-27,1892.152
1986-10-28,2065.719
1986-10-29,1588.267
1986-10-30,1164.653
1986-10-31,840.5
1986-11-01,668.065
1986-11-02,596.52
1986-11-03,730.553
1986-11-04,1070.309
1986-11-05,1308.47
1986-11-06,1344.045
1986-11-07,1205.216
1986-11-08,1095.406
1986-11-09,1154.732
1986-11-10,1272.989
1986-11-11,1291.547
1986-11-12,1240.976
1986-11-13,1304.853
1986-11-14,1470.173
1986-11-15,1704.567
1986-11-16,1679.246
1986-11-17,1516.045
1986-11-18,1533.292
1986-11-19,2096.239
1986-11-20,2295.88
1986-11-21,1855.281
1986-11-22,1553.726
1986-11-23,1506.957
1986-11-24,1506.784
1986-11-25,1480.554
1986-11-26,1482.885
1986-11-27,1462.572
1986-11-28,1548.511
1986-11-29,1718.679
1986-11-30,1771.273
1986-12-01,1559.189
1986-12-02,1355.444
1986-12-03,1435.892
1986-12-04,1692.989
1986-12-05,1819.703
1986-12-06,1647.741
1986-12-07,1437.61
1986-12-08,1317.522
1986-12-09,1339.968
1986-12-10,1403.059
1986-12-11,1396.427
1986-12-12,1456.729
1986-12-13,1587.451
1986-12-14,1685.403
1986-12-15,1621.175
1986-12-16,1454.2
1986-12-17,1347.221
1986-12-18,1424.129
1986-12-19,1606.003
1986-12-20,1770.084
1986-12-21,1991.326
1986-12-22,2236.332
1986-12-23,2742.601
1986-12-24,3021.67
1986-12-25,2838.836
1986-12-26,2638.74
1986-12-27,2447.016
1986-12-28,2208.455
1986-12-29,2071.801
1986-12-30,2112.331
1986-12-31,2115.133
1987-01-01,2076.673
1987-01-02,2066.395
1987-01-03,2050.002
1987-01-04,2012.775
1987-01-05,2002.56
1987-01-06,2032.388
1987-01-07,2076.6
1987-01-08,2071.625
1987-01-09,2044.668
1987-01-10,2050.112
1987-01-11,2033.79
1987-01-12,1932.216
1987-01-13,1746.578
1987-01-14,1616.345
1987-01-15,1844.833
1987-01-16,2465.216
1987-01-17,2526.848
1987-01-18,2064.406
1987-01-19,1713.681
1987-01-20,1600.52
1987-01-21,1646.605
1987-01-22,1764.21
1987-01-23,1857.521
1987-01-24,1887.92
1987-01-25,1962.968
1987-01-26,2029.932
1987-01-27,1917.785
1987-01-28,1840.592
1987-01-29,2196.4
1987-01-30,2307.145
1987-01-31,2015.358
1987-02-01,1807.665
1987-02-02,1797.066
1987-02-03,1835.454
1987-02-04,1868.182
1987-02-05,1849.191
1987-02-06,1822.965
1987-02-07,1839.675
1987-02-08,1838.859
1987-02-09,1750.927
1987-02-10,1603.09
1987-02-11,1475.202
1987-02-12,1423.705
1987-02-13,1501.828
1987-02-14,1695.004
1987-02-15,1861.19
1987-02-16,1939.056
1987-02-17,1792.594
1987-02-18,1582.154
1987-02-19,1363.106
1987-02-20,1275.397
1987-02-21,1326.034
1987-02-22,1452.758
1987-02-23,1664.208
1987-02-24,1946.456
1987-02-25,2413.85
1987-02-26,2612.382
1987-02-27,2248.78
1987-02-28,1867.089
1987-03-01,1703.25
1987-03-02,1631.908
1987-03-03,1635.413
1987-03-04,1752.059
1987-03-05,2033.972
1987-03-06,2095.495
1987-03-07,2019.822
1987-03-08,2214.862
1987-03-09,2434.943
1987-03-10,2752.25
1987-03-11,2698.974
1987-03-12,2191.0
1987-03-13,1824.459
1987-03-14,1678.408
1987-03-15,1664.38
1987-03-16,1665.082
1987-03-17,1621.303
1987-03-18,1618.179
1987-03-19,1645.973
1987-03-20,1620.09
1987-03-21,1577.57
1987-03-22,1844.037
1987-03-23,2129.752
1987-03-24,2159.825
1987-03-25,2177.652
1987-03-26,2121.161
1987-03-27,2150.104
1987-03-28,2237.284
1987-03-29,2287.371
1987-03-30,2629.747
1987-03-31,2860.743
1987-04-01,2901.27
1987-04-02,2833.067
1987-04-03,2828.927
1987-04-04,2833.137
1987-04-05,2529.06
1987-04-06,2127.924
1987-04-07,1929.848
1987-04-08,2220.477
1987-04-09,2344.371
1987-04-10,2123.84
1987-04-11,2238.12
1987-04-12,2059.474
1987-04-13,2142.645
1987-04-14,2354.657
1987-04-15,2210.441
1987-04-16,1897.887
1987-04-17,1729.871
1987-04-18,1638.035
1987-04-19,1629.238
1987-04-20,1783.128
1987-04-21,2540.241
1987-04-22,2988.125
1987-04-23,2810.953
1987-04-24,2573.903
1987-04-25,2376.13
1987-04-26,2190.072
1987-04-27,2026.748
1987-04-28,1942.76
1987-04-29,1911.84
1987-04-30,1954.336
1987-05-01,2056.298
1987-05-02,1886.745
1987-05-03,1810.357
1987-05-04,2018.712
1987-05-05,2704.758
1987-05-06,3362.032
1987-05-07,3246.94
1987-05-08,2772.049
1987-05-09,2609.342
1987-05-10,2480.12
1987-05-11,2377.568
1987-05-12,2244.222
1987-05-13,2194.692
1987-05-14,2253.082
1987-05-15,2717.297
1987-05-16,3125.175
1987-05-17,2891.145
1987-05-18,2528.402
1987-05-19,2357.987
1987-05-20,2353.53
1987-05-21,2468.682
1987-05-22,2539.02
1987-05-23,2486.351
1987-05-24,2441.219
1987-05-25,2496.936
1987-05-26,2553.93
1987-05-27,2474.019
1987-05-28,2198.781
1987-05-29,1953.823
1987-05-30,1841.719
1987-05-31,1761.038
1987-06-01,1695.967
1987-06-02,1633.597
1987-06-03,1617.258
1987-06-04,1670.992
1987-06-05,1680.183
1987-06-06,1731.247
1987-06-07,1808.048
1987-06-08,1759.082
1987-06-09,1629.829
1987-06-10,1480.227
1987-06-11,1434.247
1987-06-12,1412.113
1987-06-13,1414.933
1987-06-14,1364.432
1987-06-15,1298.37
1987-06-16,1270.003
1987-06-17,1300.758
1987-06-18,1382.367
1987-06-19,1690.74
1987-06-20,2019.008
1987-06-21,1821.915
1987-06-22,1391.698
1987-06-23,1119.632
1987-06-24,964.877
1987-06-25,873.444
1987-06-26,874.767
1987-06-27,842.626
1987-06-28,785.631
1987-06-29,748.181
1987-06-30,723.684
1987-07-01,703.075
1987-07-02,684.727
1987-07-03,672.985
1987-07-04,688.865
1987-07-05,707.905
1987-07-06,707.201
1987-07-07,686.228
1987-07-08,634.91
1987-07-09,590.985
1987-07-10,564.773
1987-07-11,550.347
1987-07-12,547.17
1987-07-13,563.051
1987-07-14,590.25
1987-07-15,608.725
1987-07-16,622.735
1987-07-17,627.593
1987-07-18,584.262
1987-07-19,508.029
1987-07-20,451.052
1987-07-21,424.07
1987-07-22,409.91
1987-07-23,399.239
1987-07-24,389.847
1987-07-25,380.987
1987-07-26,372.386
1987-07-27,364.365
1987-07-28,357.51
1987-07-29,350.361
1987-07-30,341.188
1987-07-31,331.6
1987-08-01,323.057
1987-08-02,315.384
1987-08-03,308.44
1987-08-04,302.14
1987-08-05,296.443
1987-08-06,290.4
1987-08-07,283.625
1987-08-08,276.844
1987-08-09,270.758
1987-08-10,266.509
1987-08-11,266.022
1987-08-12,270.94
1987-08-13,274.952
1987-08-14,265.572
1987-08-15,251.02
1987-08-16,241.211
1987-08-17,235.951
1987-08-18,231.033
1987-08-19,227.865
1987-08-20,226.183
1987-08-21,221.692
1987-08-22,215.317
1987-08-23,209.224
1987-08-24,203.902
1987-08-25,202.349
1987-08-26,203.339
1987-08-27,209.493
1987-08-28,241.607
1987-08-29,286.859
1987-08-30,323.499
1987-08-31,326.093
1987-09-01,310.667
1987-09-02,314.814
1987-09-03,331.119
1987-09-04,321.583
1987-09-05,278.112
1987-09-06,223.191
1987-09-07,192.202
1987-09-08,216.905
1987-09-09,294.265
1987-09-10,385.284
1987-09-11,444.544
1987-09-12,432.617
1987-09-13,377.84
1987-09-14,321.537
1987-09-15,262.912
1987-09-16,220.424
1987-09-17,198.241
1987-09-18,187.527
1987-09-19,182.605
1987-09-20,190.425
1987-09-21,216.885
1987-09-22,242.672
1987-09-23,290.348
1987-09-24,342.9
1987-09-25,338.145
1987-09-26,280.435
1987-09-27,261.611
1987-09-28,308.015
1987-09-29,500.288
1987-09-30,617.216
1987-10-01,591.353
1987-10-02,682.158
1987-10-03,888.208
1987-10-04,1109.18
1987-10-05,1143.95
1987-10-06,928.395
1987-10-07,716.539
1987-10-08,642.421
1987-10-09,703.339
1987-10-10,830.31
1987-10-11,1003.244
1987-10-12,1348.241
1987-10-13,1567.168
1987-10-14,1405.914
1987-10-15,1145.25
1987-10-16,1003.609
1987-10-17,925.05
1987-10-18,927.647
1987-10-19,974.114
1987-10-20,912.05
1987-10-21,709.8
1987-10-22,499.484
1987-10-23,381.125
1987-10-24,364.968
1987-10-25,405.865
1987-10-26,476.475
1987-10-27,532.632
1987-10-28,489.003
1987-10-29,471.165
1987-10-30,495.408
1987-10-31,510.601
1987-11-01,618.04
1987-11-02,879.04
1987-11-03,1136.436
1987-11-04,1535.017
1987-11-05,1619.6
1987-11-06,1373.107
1987-11-07,1541.575
1987-11-08,1804.973
1987-11-09,1523.688
1987-11-10,1073.155
1987-11-11,806.105
1987-11-12,740.843
1987-11-13,734.556
1987-11-14,713.229
1987-11-15,788.881
1987-11-16,933.271
1987-11-17,1008.988
1987-11-18,1023.806
1987-11-19,1052.002
1987-11-20,1048.648
1987-11-21,1167.402
1987-11-22,1425.74
1987-11-23,1635.355
1987-11-24,1676.515
1987-11-25,1734.506
1987-11-26,1778.127
1987-11-27,1732.28
1987-11-28,1647.743
1987-11-29,1541.688
1987-11-30,1436.894
1987-12-01,1395.073
1987-12-02,1417.548
1987-12-03,1413.596
1987-12-04,1306.379
1987-12-05,1171.312
1987-12-06,1109.2
1987-12-07,992.515
1987-12-08,835.438
1987-12-09,773.294
1987-12-10,873.407
1987-12-11,1034.973
1987-12-12,1142.628
1987-12-13,1130.055
1987-12-14,1059.46
1987-12-15,1013.019
1987-12-16,1027.417
1987-12-17,1026.817
1987-12-18,846.572
1987-12-19,815.783
1987-12-20,874.545
1987-12-21,861.761
1987-12-22,900.23
1987-12-23,1334.35
1987-12-24,1471.177
1987-12-25,1159.509
1987-12-26,934.691
1987-12-27,843.732
1987-12-28,775.825
1987-12-29,712.579
1987-12-30,678.122
1987-12-31,678.177
1988-01-01,706.362
1988-01-02,753.899
1988-01-03,826.355
1988-01-04,855.721
1988-01-05,798.475
1988-01-06,703.93
1988-01-07,651.765
1988-01-08,642.634
1988-01-09,672.245
1988-01-10,771.988
1988-01-11,734.533
1988-01-12,583.512
1988-01-13,502.862
1988-01-14,523.863
1988-01-15,660.864
1988-01-16,768.918
1988-01-17,876.487
1988-01-18,997.668
1988-01-19,1072.344
1988-01-20,1040.582
1988-01-21,1266.611
1988-01-22,1344.677
1988-01-23,1057.645
1988-01-24,912.397
1988-01-25,922.154
1988-01-26,975.663
1988-01-27,937.407
1988-01-28,873.889
1988-01-29,938.979
1988-01-30,1045.42
1988-01-31,1104.222
1988-02-01,1123.39
1988-02-02,1121.578
1988-02-03,1166.898
1988-02-04,1295.278
1988-02-05,1516.611
1988-02-06,1696.596
1988-02-07,1603.932
1988-02-08,1411.85
1988-02-09,1321.706
1988-02-10,1230.633
1988-02-11,1099.834
1988-02-12,969.349
1988-02-13,882.95
1988-02-14,894.129
1988-02-15,979.538
1988-02-16,1064.981
1988-02-17,1098.103
1988-02-18,1048.976
1988-02-19,910.658
1988-02-20,786.641
1988-02-21,778.511
1988-02-22,856.331
1988-02-23,938.572
1988-02-24,963.755
1988-02-25,950.635
1988-02-26,898.27
1988-02-27,797.692
1988-02-28,740.275
1988-02-29,770.192
1988-03-01,809.725
1988-03-02,762.721
1988-03-03,715.032
1988-03-04,802.335
1988-03-05,770.862
1988-03-06,636.825
1988-03-07,571.295
1988-03-08,558.692
1988-03-09,560.259
1988-03-10,561.89
1988-03-11,593.875
1988-03-12,647.635
1988-03-13,648.864
1988-03-14,622.97
1988-03-15,590.072
1988-03-16,590.319
1988-03-17,658.564
1988-03-18,740.221
1988-03-19,877.805
1988-03-20,1113.62
1988-03-21,1757.597
1988-03-22,2323.169
1988-03-23,2050.076
1988-03-24,1542.662
1988-03-25,1364.37
1988-03-26,1373.668
1988-03-27,1349.731
1988-03-28,1142.218
1988-03-29,987.603
1988-03-30,1055.401
1988-03-31,1228.744
1988-04-01,1517.85
1988-04-02,2069.486
1988-04-03,2126.034
1988-04-04,1646.317
1988-04-05,1286.621
1988-04-06,1126.797
1988-04-07,1138.965
1988-04-08,1344.108
1988-04-09,1630.582
1988-04-10,1665.991
1988-04-11,1488.827
1988-04-12,1495.058
1988-04-13,1486.625
1988-04-14,1371.662
1988-04-15,1308.285
1988-04-16,1282.801
1988-04-17,1217.617
1988-04-18,1100.174
1988-04-19,1097.106
1988-04-20,1201.437
1988-04-21,1390.139
1988-04-22,1413.797
1988-04-23,1377.301
1988-04-24,1423.658
1988-04-25,1491.598
1988-04-26,1534.401
1988-04-27,1483.014
1988-04-28,1474.023
1988-04-29,1546.693
1988-04-30,1609.825
1988-05-01,1740.612
1988-05-02,1877.867
1988-05-03,1974.378
1988-05-04,2272.411
1988-05-05,2566.788
1988-05-06,2429.847
1988-05-07,2189.886
1988-05-08,2080.769
1988-05-09,2080.969
1988-05-10,2126.965
1988-05-11,2276.725
1988-05-12,2373.574
1988-05-13,2532.862
1988-05-14,2497.341
1988-05-15,2137.06
1988-05-16,1945.528
1988-05-17,1903.836
1988-05-18,1803.77
1988-05-19,1586.84
1988-05-20,1389.794
1988-05-21,1307.752
1988-05-22,1329.495
1988-05-23,1394.801
1988-05-24,1414.853
1988-05-25,1362.89
1988-05-26,1288.468
1988-05-27,1310.252
1988-05-28,1240.646
1988-05-29,1071.846
1988-05-30,917.469
1988-05-31,819.835
1988-06-01,772.308
1988-06-02,762.236
1988-06-03,773.159
1988-06-04,776.368
1988-06-05,756.062
1988-06-06,733.506
1988-06-07,716.431
1988-06-08,692.74
1988-06-09,667.325
1988-06-10,625.818
1988-06-11,572.73
1988-06-12,528.005
1988-06-13,498.658
1988-06-14,478.767
1988-06-15,462.647
1988-06-16,450.95
1988-06-17,439.142
1988-06-18,432.435
1988-06-19,436.46
1988-06-20,440.503
1988-06-21,430.49
1988-06-22,403.77
1988-06-23,375.105
1988-06-24,360.075
1988-06-25,359.259
1988-06-26,365.521
1988-06-27,368.853
1988-06-28,366.41
1988-06-29,356.805
1988-06-30,340.245
1988-07-01,316.844
1988-07-02,295.851
1988-07-03,283.795
1988-07-04,276.521
1988-07-05,269.693
1988-07-06,263.283
1988-07-07,257.305
1988-07-08,251.147
1988-07-09,245.341
1988-07-10,239.994
1988-07-11,235.258
1988-07-12,230.675
1988-07-13,226.307
1988-07-14,223.912
1988-07-15,224.8
1988-07-16,228.637
1988-07-17,227.493
1988-07-18,222.441
1988-07-19,215.471
1988-07-20,206.294
1988-07-21,198.163
1988-07-22,192.725
1988-07-23,186.942
1988-07-24,182.486
1988-07-25,180.942
1988-07-26,183.495
1988-07-27,200.024
1988-07-28,243.93
1988-07-29,270.162
1988-07-30,264.016
1988-07-31,246.154
1988-08-01,216.826
1988-08-02,195.518
1988-08-03,198.484
1988-08-04,209.876
1988-08-05,215.845
1988-08-06,208.017
1988-08-07,203.605
1988-08-08,214.288
1988-08-09,208.282
1988-08-10,193.213
1988-08-11,181.397
1988-08-12,165.945
1988-08-13,158.228
1988-08-14,161.995
1988-08-15,171.08
1988-08-16,187.742
1988-08-17,193.386
1988-08-18,176.302
1988-08-19,157.87
1988-08-20,154.689
1988-08-21,163.952
1988-08-22,181.16
1988-08-23,202.93
1988-08-24,236.801
1988-08-25,277.623
1988-08-26,279.04
1988-08-27,245.386
1988-08-28,197.25
1988-08-29,170.103
1988-08-30,162.636
1988-08-31,162.111
1988-09-01,161.377
1988-09-02,168.412
1988-09-03,205.574
1988-09-04,253.544
1988-09-05,258.815
1988-09-06,260.088
1988-09-07,290.492
1988-09-08,303.975
1988-09-09,284.542
1988-09-10,260.65
1988-09-11,282.795
1988-09-12,353.784
1988-09-13,426.3
1988-09-14,463.536
1988-09-15,420.645
1988-09-16,333.139
1988-09-17,291.037
1988-09-18,312.264
1988-09-19,353.65
1988-09-20,354.722
1988-09-21,284.39
1988-09-22,206.387
1988-09-23,177.15
1988-09-24,188.002
1988-09-25,252.495
1988-09-26,391.337
1988-09-27,516.539
1988-09-28,597.322
1988-09-29,610.978
1988-09-30,605.947
1988-10-01,611.53
1988-10-02,564.75
1988-10-03,517.66
1988-10-04,548.185
1988-10-05,643.542
1988-10-06,705.179
1988-10-07,838.881
1988-10-08,1331.78
1988-10-09,1570.592
1988-10-10,1339.655
1988-10-11,1109.314
1988-10-12,1020.073
1988-10-13,1025.56
1988-10-14,1025.968
1988-10-15,1069.495
1988-10-16,1215.622
1988-10-17,1758.373
1988-10-18,2014.246
1988-10-19,1745.945
1988-10-20,1571.505
1988-10-21,1647.248
1988-10-22,1564.763
1988-10-23,1451.702
1988-10-24,1218.604
1988-10-25,957.141
1988-10-26,849.343
1988-10-27,940.701
1988-10-28,1193.998
1988-10-29,1441.29
1988-10-30,1383.8
1988-10-31,1195.671
1988-11-01,1080.489
1988-11-02,992.359
1988-11-03,880.81
1988-11-04,809.643
1988-11-05,822.782
1988-11-06,982.067
1988-11-07,1114.919
1988-11-08,1021.788
1988-11-09,939.319
1988-11-10,994.883
1988-11-11,1115.81
1988-11-12,1249.336
1988-11-13,1432.369
1988-11-14,1418.252
1988-11-15,1267.933
1988-11-16,1248.09
1988-11-17,1258.809
1988-11-18,1263.81
1988-11-19,1353.833
1988-11-20,1526.396
1988-11-21,1615.054
1988-11-22,1569.659
1988-11-23,1509.7
1988-11-24,1586.998
1988-11-25,1672.917
1988-11-26,1686.097
1988-11-27,1678.069
1988-11-28,1807.515
1988-11-29,1969.514
1988-11-30,1730.102
1988-12-01,1325.952
1988-12-02,1174.801
1988-12-03,1255.402
1988-12-04,1528.448
1988-12-05,1895.468
1988-12-06,2304.814
1988-12-07,2363.991
1988-12-08,2430.995
1988-12-09,2276.151
1988-12-10,1825.728
1988-12-11,1600.066
1988-12-12,1477.296
1988-12-13,1350.868
1988-12-14,1182.871
1988-12-15,1030.37
1988-12-16,990.522
1988-12-17,1034.248
1988-12-18,1076.028
1988-12-19,1077.548
1988-12-20,1027.982
1988-12-21,964.749
1988-12-22,911.398
1988-12-23,905.085
1988-12-24,948.753
1988-12-25,1053.797
1988-12-26,1245.806
1988-12-27,1397.056
1988-12-28,1365.136
1988-12-29,1166.642
1988-12-30,970.4
1988-12-31,923.868
1989-01-01,922.326
1989-01-02,948.575
1989-01-03,1003.692
1989-01-04,1086.323
1989-01-05,1144.483
1989-01-06,1118.637
1989-01-07,1133.732
1989-01-08,1203.164
1989-01-09,1318.15
1989-01-10,1293.471
1989-01-11,1193.874
1989-01-12,1208.686
1989-01-13,1377.045
1989-01-14,1606.809
1989-01-15,1715.67
1989-01-16,1631.678
1989-01-17,1585.102
1989-01-18,1635.023
1989-01-19,1740.453
1989-01-20,1867.715
1989-01-21,1900.143
1989-01-22,1832.822
1989-01-23,1713.361
1989-01-24,1535.371
1989-01-25,1394.901
1989-01-26,1338.343
1989-01-27,1333.172
1989-01-28,1315.514
1989-01-29,1265.272
1989-01-30,1196.18
1989-01-31,1154.774
1989-02-01,1113.566
1989-02-02,1051.274
1989-02-03,990.156
1989-02-04,951.155
1989-02-05,917.173
1989-02-06,888.52
1989-02-07,947.719
1989-02-08,1190.652
1989-02-09,1699.387
1989-02-10,1836.836
1989-02-11,1418.645
1989-02-12,1191.455
1989-02-13,1221.522
1989-02-14,1336.445
1989-02-15,1328.858
1989-02-16,1277.683
1989-02-17,1258.566
1989-02-18,1298.866
1989-02-19,1433.276
1989-02-20,1457.415
1989-02-21,1327.103
1989-02-22,1237.6
1989-02-23,1244.328
1989-02-24,1276.287
1989-02-25,1288.542
1989-02-26,1288.035
1989-02-27,1381.298
1989-02-28,1417.822
1989-03-01,1281.359
1989-03-02,1114.773
1989-03-03,999.435
1989-03-04,962.207
1989-03-05,925.343
1989-03-06,868.883
1989-03-07,815.361
1989-03-08,802.495
1989-03-09,905.238
1989-03-10,1030.645
1989-03-11,1069.578
1989-03-12,1007.422
1989-03-13,866.13
1989-03-14,719.775
1989-03-15,647.615
1989-03-16,636.954
1989-03-17,663.527
1989-03-18,741.695
1989-03-19,857.231
1989-03-20,962.26
1989-03-21,1019.546
1989-03-22,1041.12
1989-03-23,1064.3
1989-03-24,1295.153
1989-03-25,1654.582
1989-03-26,1568.562
1989-03-27,1298.776
1989-03-28,1237.755
1989-03-29,1238.907
1989-03-30,1233.463
1989-03-31,1474.525
1989-04-01,1577.098
1989-04-02,1623.405
1989-04-03,1996.47
1989-04-04,2043.742
1989-04-05,1721.89
1989-04-06,1806.471
1989-04-07,2408.522
1989-04-08,2810.14
1989-04-09,2441.2
1989-04-10,1806.863
1989-04-11,1631.59
1989-04-12,1743.399
1989-04-13,1786.09
1989-04-14,2009.56
1989-04-15,2084.944
1989-04-16,1945.03
1989-04-17,1902.36
1989-04-18,2303.059
1989-04-19,2607.651
1989-04-20,2504.059
1989-04-21,2335.651
1989-04-22,2240.552
1989-04-23,2249.914
1989-04-24,2277.055
1989-04-25,2225.39
1989-04-26,2259.221
1989-04-27,2196.951
1989-04-28,1960.149
1989-04-29,1724.908
1989-04-30,1542.678
1989-05-01,1408.265
1989-05-02,1324.129
1989-05-03,1300.021
1989-05-04,1335.264
1989-05-05,1333.117
1989-05-06,1246.611
1989-05-07,1135.171
1989-05-08,1156.597
1989-05-09,1355.137
1989-05-10,1393.444
1989-05-11,1231.34
1989-05-12,1127.539
1989-05-13,1093.486
1989-05-14,1125.315
1989-05-15,1244.062
1989-05-16,1317.784
1989-05-17,1324.957
1989-05-18,1276.128
1989-05-19,1277.079
1989-05-20,1239.398
1989-05-21,1187.72
1989-05-22,1186.25
1989-05-23,1243.795
1989-05-24,1315.393
1989-05-25,1393.606
1989-05-26,1460.68
1989-05-27,1489.809
1989-05-28,1516.476
1989-05-29,1531.144
1989-05-30,1465.18
1989-05-31,1365.02
1989-06-01,1362.583
1989-06-02,1447.039
1989-06-03,1413.737
1989-06-04,1257.629
1989-06-05,1122.347
1989-06-06,1007.913
1989-06-07,907.782
1989-06-08,843.092
1989-06-09,808.767
1989-06-10,788.03
1989-06-11,780.08
1989-06-12,772.649
1989-06-13,755.758
1989-06-14,722.203
1989-06-15,697.388
1989-06-16,697.014
1989-06-17,697.433
1989-06-18,708.84
1989-06-19,766.41
1989-06-20,992.865
1989-06-21,1025.874
1989-06-22,794.455
1989-06-23,643.056
1989-06-24,566.958
1989-06-25,514.585
1989-06-26,481.598
1989-06-27,461.349
1989-06-28,447.318
1989-06-29,435.394
1989-06-30,424.041
1989-07-01,412.911
1989-07-02,402.588
1989-07-03,393.203
1989-07-04,384.282
1989-07-05,376.824
1989-07-06,369.342
1989-07-07,359.913
1989-07-08,349.32
1989-07-09,339.254
1989-07-10,330.275
1989-07-11,322.198
1989-07-12,315.227
1989-07-13,308.937
1989-07-14,302.05
1989-07-15,295.333
1989-07-16,288.642
1989-07-17,281.982
1989-07-18,276.701
1989-07-19,274.937
1989-07-20,282.68
1989-07-21,298.986
1989-07-22,299.859
1989-07-23,289.457
1989-07-24,277.765
1989-07-25,262.27
1989-07-26,250.726
1989-07-27,256.922
1989-07-28,276.182
1989-07-29,274.774
1989-07-30,254.64
1989-07-31,244.906
1989-08-01,258.059
1989-08-02,278.231
1989-08-03,290.545
1989-08-04,300.445
1989-08-05,313.512
1989-08-06,302.235
1989-08-07,254.454
1989-08-08,211.797
1989-08-09,193.582
1989-08-10,187.852
1989-08-11,184.843
1989-08-12,182.065
1989-08-13,179.471
1989-08-14,177.753
1989-08-15,175.279
1989-08-16,173.235
1989-08-17,170.595
1989-08-18,167.803
1989-08-19,164.34
1989-08-20,162.21
1989-08-21,160.125
1989-08-22,159.878
1989-08-23,164.802
1989-08-24,173.809
1989-08-25,175.39
1989-08-26,175.083
1989-08-27,186.088
1989-08-28,200.148
1989-08-29,206.271
1989-08-30,218.171
1989-08-31,236.693
1989-09-01,249.233
1989-09-02,232.377
1989-09-03,197.055
1989-09-04,174.281
1989-09-05,169.712
1989-09-06,173.506
1989-09-07,195.827
1989-09-08,216.015
1989-09-09,207.705
1989-09-10,196.075
1989-09-11,199.494
1989-09-12,239.776
1989-09-13,312.104
1989-09-14,453.99
1989-09-15,520.886
1989-09-16,525.122
1989-09-17,562.51
1989-09-18,622.914
1989-09-19,628.316
1989-09-20,665.053
1989-09-21,751.746
1989-09-22,829.107
1989-09-23,894.842
1989-09-24,892.765
1989-09-25,751.73
1989-09-26,505.329
1989-09-27,319.311
1989-09-28,250.802
1989-09-29,224.122
1989-09-30,199.277
1989-10-01,207.441
1989-10-02,290.673
1989-10-03,371.9
1989-10-04,415.829
1989-10-05,533.75
1989-10-06,687.017
1989-10-07,781.886
1989-10-08,1093.654
1989-10-09,1065.871
1989-10-10,720.01
1989-10-11,601.292
1989-10-12,606.488
1989-10-13,634.075
1989-10-14,575.198
1989-10-15,465.06
1989-10-16,459.101
1989-10-17,494.56
1989-10-18,536.97
1989-10-19,658.009
1989-10-20,775.61
1989-10-21,828.657
1989-10-22,872.858
1989-10-23,867.836
1989-10-24,810.458
1989-10-25,745.978
1989-10-26,815.151
1989-10-27,918.02
1989-10-28,961.008
1989-10-29,988.137
1989-10-30,888.257
1989-10-31,808.244
1989-11-01,876.962
1989-11-02,1013.097
1989-11-03,1150.93
1989-11-04,1282.77
1989-11-05,1299.694
1989-11-06,1319.518
1989-11-07,1191.932
1989-11-08,860.22
1989-11-09,721.149
1989-11-10,747.532
1989-11-11,804.027
1989-11-12,865.479
1989-11-13,1074.725
1989-11-14,1458.12
1989-11-15,1736.044
1989-11-16,1807.718
1989-11-17,1660.856
1989-11-18,1319.956
1989-11-19,994.603
1989-11-20,751.365
1989-11-21,629.01
1989-11-22,639.01
1989-11-23,619.575
1989-11-24,645.349
1989-11-25,685.883
1989-11-26,762.562
1989-11-27,814.807
1989-11-28,839.184
1989-11-29,866.495
1989-11-30,917.884
1989-12-01,958.085
1989-12-02,1030.044
1989-12-03,1083.976
1989-12-04,1141.811
1989-12-05,1230.131
1989-12-06,1135.763
1989-12-07,1163.418
1989-12-08,1142.184
1989-12-09,1003.391
1989-12-10,981.002
1989-12-11,1118.32
1989-12-12,1376.168
1989-12-13,1555.906
1989-12-14,1596.177
1989-12-15,1617.425
1989-12-16,1586.314
1989-12-17,1507.109
1989-12-18,1485.05
1989-12-19,1471.182
1989-12-20,1433.92
1989-12-21,1358.494
1989-12-22,1276.035
1989-12-23,1283.291
1989-12-24,1420.665
1989-12-25,1609.064
1989-12-26,1651.678
1989-12-27,1597.84
1989-12-28,1522.761
1989-12-29,1497.136
1989-12-30,1517.948
1989-12-31,1474.562
1990-01-01,1518.773
1990-01-02,1760.367
1990-01-03,1693.814
1990-01-04,1442.059
1990-01-05,1479.732
1990-01-06,1629.855
1990-01-07,1745.214
1990-01-08,1807.306
1990-01-09,1824.561
1990-01-10,1817.832
1990-01-11,1744.695
1990-01-12,1636.01
1990-01-13,1488.339
1990-01-14,1514.736
1990-01-15,1716.593
1990-01-16,1955.585
1990-01-17,2205.595
1990-01-18,2224.286
1990-01-19,1981.241
1990-01-20,1724.166
1990-01-21,1581.119
1990-01-22,1449.027
1990-01-23,1291.242
1990-01-24,1167.086
1990-01-25,1087.807
1990-01-26,1053.094
1990-01-27,1067.647
1990-01-28,1063.814
1990-01-29,1021.635
1990-01-30,976.665
1990-01-31,936.706
1990-02-01,965.677
1990-02-02,1107.342
1990-02-03,1145.448
1990-02-04,1033.36
1990-02-05,935.185
1990-02-06,907.008
1990-02-07,916.252
1990-02-08,920.288
1990-02-09,900.282
1990-02-10,904.251
1990-02-11,857.008
1990-02-12,811.835
1990-02-13,815.624
1990-02-14,864.99
1990-02-15,944.725
1990-02-16,1111.935
1990-02-17,1169.562
1990-02-18,1141.222
1990-02-19,1105.541
1990-02-20,1204.11
1990-02-21,1292.883
1990-02-22,1530.63
1990-02-23,1680.37
1990-02-24,1595.959
1990-02-25,1437.726
1990-02-26,1293.635
1990-02-27,1252.405
1990-02-28,1321.601
1990-03-01,1393.174
1990-03-02,1538.385
1990-03-03,1776.798
1990-03-04,1862.818
1990-03-05,1803.307
1990-03-06,2179.96
1990-03-07,2405.137
1990-03-08,2287.165
1990-03-09,2189.477
1990-03-10,2157.405
1990-03-11,2130.69
1990-03-12,2050.86
1990-03-13,2075.87
1990-03-14,2153.395
1990-03-15,2709.415
1990-03-16,3082.015
1990-03-17,2909.047
1990-03-18,2792.628
1990-03-19,2750.383
1990-03-20,2697.002
1990-03-21,2689.848
1990-03-22,2756.741
1990-03-23,2761.045
1990-03-24,2753.636
1990-03-25,2846.653
1990-03-26,2996.399
1990-03-27,3139.94
1990-03-28,3423.519
1990-03-29,3434.238
1990-03-30,3082.703
1990-03-31,2725.071
1990-04-01,2418.438
1990-04-02,2357.113
1990-04-03,2360.036
1990-04-04,2275.69
1990-04-05,2201.759
1990-04-06,2173.107
1990-04-07,2231.632
1990-04-08,2262.631
1990-04-09,2216.38
1990-04-10,2206.135
1990-04-11,2225.423
1990-04-12,2257.125
1990-04-13,2261.293
1990-04-14,2227.375
1990-04-15,2274.458
1990-04-16,2418.951
1990-04-17,2719.232
1990-04-18,2947.407
1990-04-19,2954.914
1990-04-20,2749.642
1990-04-21,2459.59
1990-04-22,2265.492
1990-04-23,2290.706
1990-04-24,2438.19
1990-04-25,2578.798
1990-04-26,2577.863
1990-04-27,2506.584
1990-04-28,2433.159
1990-04-29,2365.787
1990-04-30,2298.925
1990-05-01,2232.608
1990-05-02,2208.489
1990-05-03,2491.989
1990-05-04,2540.612
1990-05-05,2177.283
1990-05-06,1895.825
1990-05-07,1759.942
1990-05-08,1716.843
1990-05-09,1664.648
1990-05-10,1582.471
1990-05-11,1560.253
1990-05-12,1582.2
1990-05-13,1562.11
1990-05-14,1570.467
1990-05-15,1547.88
1990-05-16,1506.873
1990-05-17,1557.789
1990-05-18,1658.205
1990-05-19,1584.828
1990-05-20,1462.823
1990-05-21,1441.123
1990-05-22,1515.322
1990-05-23,1485.879
1990-05-24,1461.056
1990-05-25,1710.775
1990-05-26,1848.29
1990-05-27,1847.944
1990-05-28,1750.01
1990-05-29,1520.263
1990-05-30,1382.99
1990-05-31,1349.947
1990-06-01,1317.78
1990-06-02,1259.955
1990-06-03,1156.582
1990-06-04,1025.09
1990-06-05,931.302
1990-06-06,886.772
1990-06-07,860.947
1990-06-08,834.715
1990-06-09,810.456
1990-06-10,782.07
1990-06-11,753.672
1990-06-12,732.596
1990-06-13,715.49
1990-06-14,702.657
1990-06-15,696.254
1990-06-16,683.74
1990-06-17,656.991
1990-06-18,627.674
1990-06-19,597.817
1990-06-20,570.268
1990-06-21,549.393
1990-06-22,533.157
1990-06-23,518.893
1990-06-24,505.151
1990-06-25,491.686
1990-06-26,479.352
1990-06-27,468.36
1990-06-28,457.186
1990-06-29,444.361
1990-06-30,431.523
1990-07-01,419.585
1990-07-02,407.106
1990-07-03,396.194
1990-07-04,386.255
1990-07-05,377.368
1990-07-06,368.589
1990-07-07,365.717
1990-07-08,376.157
1990-07-09,369.529
1990-07-10,348.895
1990-07-11,334.66
1990-07-12,323.8
1990-07-13,315.093
1990-07-14,309.919
1990-07-15,305.952
1990-07-16,298.124
1990-07-17,288.32
1990-07-18,279.965
1990-07-19,273.275
1990-07-20,267.508
1990-07-21,262.376
1990-07-22,257.195
1990-07-23,251.686
1990-07-24,246.587
1990-07-25,241.889
1990-07-26,237.615
1990-07-27,233.744
1990-07-28,229.775
1990-07-29,228.561
1990-07-30,226.66
1990-07-31,221.905
1990-08-01,217.569
1990-08-02,212.837
1990-08-03,207.7
1990-08-04,203.545
1990-08-05,200.365
1990-08-06,197.175
1990-08-07,194.382
1990-08-08,190.792
1990-08-09,185.736
1990-08-10,181.579
1990-08-11,179.079
1990-08-12,175.744
1990-08-13,172.403
1990-08-14,169.357
1990-08-15,166.332
1990-08-16,163.313
1990-08-17,160.764
1990-08-18,159.526
1990-08-19,160.286
1990-08-20,163.968
1990-08-21,170.27
1990-08-22,178.043
1990-08-23,195.081
1990-08-24,207.787
1990-08-25,195.005
1990-08-26,188.866
1990-08-27,206.87
1990-08-28,219.485
1990-08-29,199.801
1990-08-30,166.405
1990-08-31,144.787
1990-09-01,149.116
1990-09-02,187.292
1990-09-03,241.337
1990-09-04,280.772
1990-09-05,277.215
1990-09-06,238.3
1990-09-07,204.885
1990-09-08,183.356
1990-09-09,167.68
1990-09-10,149.856
1990-09-11,134.966
1990-09-12,133.799
1990-09-13,155.256
1990-09-14,208.625
1990-09-15,281.245
1990-09-16,356.796
1990-09-17,398.061
1990-09-18,379.138
1990-09-19,307.117
1990-09-20,216.019
1990-09-21,161.559
1990-09-22,144.181
1990-09-23,156.527
1990-09-24,211.924
1990-09-25,281.181
1990-09-26,327.388
1990-09-27,328.034
1990-09-28,278.8
1990-09-29,225.965
1990-09-30,204.701
1990-10-01,248.076
1990-10-02,366.334
1990-10-03,537.754
1990-10-04,742.851
1990-10-05,851.866
1990-10-06,766.715
1990-10-07,620.752
1990-10-08,517.672
1990-10-09,448.932
1990-10-10,441.673
1990-10-11,530.757
1990-10-12,706.655
1990-10-13,890.228
1990-10-14,953.395
1990-10-15,867.18
1990-10-16,757.217
1990-10-17,673.271
1990-10-18,536.0
1990-10-19,403.94
1990-10-20,341.935
1990-10-21,320.205
1990-10-22,309.47
1990-10-23,291.891
1990-10-24,294.354
1990-10-25,316.67
1990-10-26,342.505
1990-10-27,359.822
1990-10-28,394.796
1990-10-29,463.188
1990-10-30,558.53
1990-10-31,669.477
1990-11-01,832.005
1990-11-02,1008.041
1990-11-03,1203.03
1990-11-04,1344.222
1990-11-05,1290.564
1990-11-06,1083.991
1990-11-07,940.937
1990-11-08,887.387
1990-11-09,814.666
1990-11-10,835.677
1990-11-11,1001.189
1990-11-12,1223.451
1990-11-13,1346.814
1990-11-14,1335.763
1990-11-15,1257.328
1990-11-16,1304.118
1990-11-17,1358.569
1990-11-18,1410.492
1990-11-19,1564.291
1990-11-20,1648.598
1990-11-21,1553.078
1990-11-22,1438.222
1990-11-23,1412.62
1990-11-24,1432.419
1990-11-25,1382.324
1990-11-26,1227.948
1990-11-27,1054.548
1990-11-28,968.544
1990-11-29,981.373
1990-11-30,1063.087
1990-12-01,1112.22
1990-12-02,1145.4
1990-12-03,1248.98
1990-12-04,1366.685
1990-12-05,1371.562
1990-12-06,1278.115
1990-12-07,1205.438
1990-12-08,1154.749
1990-12-09,1027.821
1990-12-10,960.454
1990-12-11,1022.43
1990-12-12,1047.225
1990-12-13,1029.413
1990-12-14,1076.952
1990-12-15,1252.246
1990-12-16,1342.108
1990-12-17,1349.318
1990-12-18,1395.05
1990-12-19,1435.182
1990-12-20,1462.667
1990-12-21,1638.965
1990-12-22,1629.985
1990-12-23,1405.323
1990-12-24,1368.78
1990-12-25,1891.91
1990-12-26,2198.845
1990-12-27,2013.73
1990-12-28,1817.365
1990-12-29,1587.664
1990-12-30,1345.018
1990-12-31,1181.23
1991-01-01,1141.565
1991-01-02,1226.74
1991-01-03,1354.75
1991-01-04,1416.366
1991-01-05,1348.102
1991-01-06,1191.735
1991-01-07,1024.05
1991-01-08,946.193
1991-01-09,953.136
1991-01-10,947.174
1991-01-11,941.954
1991-01-12,959.645
1991-01-13,1044.193
1991-01-14,1274.972
1991-01-15,1311.322
1991-01-16,1103.305
1991-01-17,1005.292
1991-01-18,953.207
1991-01-19,892.209
1991-01-20,930.723
1991-01-21,991.341
1991-01-22,1053.718
1991-01-23,1097.956
1991-01-24,1074.228
1991-01-25,993.287
1991-01-26,1028.828
1991-01-27,1540.878
1991-01-28,1769.563
1991-01-29,1410.367
1991-01-30,1070.905
1991-01-31,865.164
1991-02-01,783.492
1991-02-02,780.126
1991-02-03,794.758
1991-02-04,787.977
1991-02-05,762.17
1991-02-06,721.6
1991-02-07,721.319
1991-02-08,818.397
1991-02-09,964.069
1991-02-10,1034.354
1991-02-11,1117.697
1991-02-12,1247.317
1991-02-13,1370.732
1991-02-14,1435.309
1991-02-15,1431.186
1991-02-16,1412.109
1991-02-17,1359.498
1991-02-18,1289.963
1991-02-19,1221.688
1991-02-20,1108.346
1991-02-21,1056.938
1991-02-22,1085.901
1991-02-23,1138.647
1991-02-24,1558.618
1991-02-25,1959.545
1991-02-26,1662.13
1991-02-27,1144.162
1991-02-28,914.888
1991-03-01,878.391
1991-03-02,887.896
1991-03-03,892.441
1991-03-04,853.392
1991-03-05,818.437
1991-03-06,773.889
1991-03-07,755.077
1991-03-08,808.348
1991-03-09,884.574
1991-03-10,928.629
1991-03-11,1005.954
1991-03-12,1069.999
1991-03-13,1019.549
1991-03-14,1045.21
1991-03-15,1133.842
1991-03-16,1201.947
1991-03-17,1105.74
1991-03-18,983.009
1991-03-19,1032.76
1991-03-20,1188.611
1991-03-21,1239.215
1991-03-22,1488.728
1991-03-23,1546.944
1991-03-24,1213.466
1991-03-25,936.389
1991-03-26,808.082
1991-03-27,837.79
1991-03-28,939.291
1991-03-29,1018.422
1991-03-30,1006.312
1991-03-31,929.504
1991-04-01,870.236
1991-04-02,830.095
1991-04-03,814.765
1991-04-04,833.508
1991-04-05,786.438
1991-04-06,766.362
1991-04-07,781.538
1991-04-08,878.075
1991-04-09,1023.225
1991-04-10,1150.115
1991-04-11,1305.463
1991-04-12,1402.885
1991-04-13,1414.082
1991-04-14,1470.554
1991-04-15,1556.908
1991-04-16,1553.387
1991-04-17,1489.825
1991-04-18,1477.174
1991-04-19,1384.392
1991-04-20,1333.46
1991-04-21,1387.984
1991-04-22,1503.535
1991-04-23,1573.326
1991-04-24,1852.076
1991-04-25,1953.811
1991-04-26,1688.012
1991-04-27,1517.548
1991-04-28,1483.983
1991-04-29,1517.842
1991-04-30,1531.405
1991-05-01,1498.942
1991-05-02,1508.619
1991-05-03,1622.42
1991-05-04,1761.899
1991-05-05,1818.139
1991-05-06,1868.801
1991-05-07,1971.736
1991-05-08,2127.671
1991-05-09,2205.963
1991-05-10,2098.534
1991-05-11,1867.391
1991-05-12,1775.301
1991-05-13,1795.027
1991-05-14,1780.618
1991-05-15,1748.433
1991-05-16,1771.812
1991-05-17,1826.035
1991-05-18,1819.462
1991-05-19,1838.062
1991-05-20,1790.279
1991-05-21,1607.751
1991-05-22,1473.996
1991-05-23,1401.824
1991-05-24,1389.908
1991-05-25,1367.723
1991-05-26,1368.694
1991-05-27,1419.73
1991-05-28,1500.867
1991-05-29,1593.098
1991-05-30,1708.856
1991-05-31,1722.753
1991-06-01,1652.505
1991-06-02,1586.016
1991-06-03,1631.086
1991-06-04,1671.155
1991-06-05,1672.915
1991-06-06,1706.778
1991-06-07,1775.104
1991-06-08,1801.221
1991-06-09,1867.107
1991-06-10,2046.238
1991-06-11,2151.878
1991-06-12,2319.389
1991-06-13,2377.862
1991-06-14,2260.341
1991-06-15,2134.931
1991-06-16,1951.887
1991-06-17,1733.408
1991-06-18,1562.02
1991-06-19,1453.169
1991-06-20,1363.673
1991-06-21,1357.33
1991-06-22,1440.847
1991-06-23,1524.688
1991-06-24,1560.216
1991-06-25,1405.725
1991-06-26,1147.964
1991-06-27,980.519
1991-06-28,936.125
1991-06-29,952.152
1991-06-30,1032.68
1991-07-01,1181.062
1991-07-02,1240.933
1991-07-03,1183.918
1991-07-04,1093.683
1991-07-05,975.48
1991-07-06,849.102
1991-07-07,736.112
1991-07-08,665.945
1991-07-09,635.207
1991-07-10,618.044
1991-07-11,603.336
1991-07-12,588.592
1991-07-13,576.123
1991-07-14,564.584
1991-07-15,555.414
1991-07-16,553.283
1991-07-17,553.922
1991-07-18,554.916
1991-07-19,546.71
1991-07-20,530.151
1991-07-21,556.187
1991-07-22,591.18
1991-07-23,622.398
1991-07-24,656.808
1991-07-25,631.132
1991-07-26,543.567
1991-07-27,471.642
1991-07-28,439.76
1991-07-29,426.753
1991-07-30,415.232
1991-07-31,403.414
1991-08-01,402.458
1991-08-02,410.258
1991-08-03,408.428
1991-08-04,388.57
1991-08-05,364.368
1991-08-06,347.472
1991-08-07,338.607
1991-08-08,334.09
1991-08-09,337.953
1991-08-10,352.993
1991-08-11,390.139
1991-08-12,464.893
1991-08-13,505.213
1991-08-14,490.878
1991-08-15,436.74
1991-08-16,367.448
1991-08-17,339.841
1991-08-18,386.346
1991-08-19,450.572
1991-08-20,497.289
1991-08-21,508.988
1991-08-22,501.735
1991-08-23,461.554
1991-08-24,404.6
1991-08-25,366.779
1991-08-26,334.579
1991-08-27,320.68
1991-08-28,318.924
1991-08-29,314.596
1991-08-30,297.896
1991-08-31,270.255
1991-09-01,252.742
1991-09-02,261.494
1991-09-03,290.842
1991-09-04,305.582
1991-09-05,316.773
1991-09-06,336.913
1991-09-07,347.385
1991-09-08,314.205
1991-09-09,270.2
1991-09-10,243.993
1991-09-11,227.982
1991-09-12,222.763
1991-09-13,226.802
1991-09-14,242.41
1991-09-15,266.92
1991-09-16,274.09
1991-09-17,261.152
1991-09-18,232.262
1991-09-19,208.774
1991-09-20,219.853
1991-09-21,293.766
1991-09-22,407.146
1991-09-23,530.268
1991-09-24,599.954
1991-09-25,529.811
1991-09-26,412.889
1991-09-27,345.785
1991-09-28,281.833
1991-09-29,217.438
1991-09-30,184.465
1991-10-01,176.287
1991-10-02,184.94
1991-10-03,216.352
1991-10-04,257.91
1991-10-05,281.058
1991-10-06,267.062
1991-10-07,216.932
1991-10-08,179.558
1991-10-09,168.137
1991-10-10,163.941
1991-10-11,176.975
1991-10-12,197.652
1991-10-13,204.02
1991-10-14,228.276
1991-10-15,265.013
1991-10-16,357.458
1991-10-17,542.971
1991-10-18,739.852
1991-10-19,805.857
1991-10-20,853.451
1991-10-21,889.337
1991-10-22,795.184
1991-10-23,739.819
1991-10-24,822.95
1991-10-25,1295.65
1991-10-26,1544.407
1991-10-27,1375.414
1991-10-28,1289.359
1991-10-29,1260.639
1991-10-30,1176.372
1991-10-31,1108.953
1991-11-01,1122.901
1991-11-02,1270.343
1991-11-03,1427.294
1991-11-04,1483.527
1991-11-05,1395.601
1991-11-06,1253.021
1991-11-07,1210.46
1991-11-08,1254.86
1991-11-09,1243.1
1991-11-10,1142.958
1991-11-11,1058.427
1991-11-12,1012.871
1991-11-13,948.342
1991-11-14,853.077
1991-11-15,832.507
1991-11-16,868.529
1991-11-17,872.108
1991-11-18,799.183
1991-11-19,729.008
1991-11-20,658.88
1991-11-21,610.342
1991-11-22,628.874
1991-11-23,705.162
1991-11-24,826.767
1991-11-25,938.98
1991-11-26,1021.617
1991-11-27,1034.459
1991-11-28,1027.673
1991-11-29,994.394
1991-11-30,973.923
1991-12-01,943.197
1991-12-02,856.735
1991-12-03,827.47
1991-12-04,892.365
1991-12-05,1009.747
1991-12-06,1098.947
1991-12-07,1149.872
1991-12-08,1129.253
1991-12-09,1030.641
1991-12-10,962.942
1991-12-11,905.715
1991-12-12,886.862
1991-12-13,922.495
1991-12-14,934.444
1991-12-15,899.233
1991-12-16,892.821
1991-12-17,944.775
1991-12-18,983.673
1991-12-19,920.537
1991-12-20,827.339
1991-12-21,771.656
1991-12-22,748.863
1991-12-23,790.234
1991-12-24,815.68
1991-12-25,768.747
1991-12-26,746.424
1991-12-27,829.077
1991-12-28,964.905
1991-12-29,1054.897
1991-12-30,1087.873
1991-12-31,1074.398
1992-01-01,1097.958
1992-01-02,1124.991
1992-01-03,1120.574
1992-01-04,1155.917
1992-01-05,1240.089
1992-01-06,1300.2
1992-01-07,1298.319
1992-01-08,1374.439
1992-01-09,1462.405
1992-01-10,1477.36
1992-01-11,1437.042
1992-01-12,1298.352
1992-01-13,1132.031
1992-01-14,1017.722
1992-01-15,943.427
1992-01-16,968.127
1992-01-17,1072.998
1992-01-18,1149.096
1992-01-19,1119.785
1992-01-20,1090.789
1992-01-21,1173.836
1992-01-22,1249.516
1992-01-23,1205.152
1992-01-24,1208.848
1992-01-25,1261.601
1992-01-26,1134.406
1992-01-27,950.508
1992-01-28,826.03
1992-01-29,752.153
1992-01-30,711.278
1992-01-31,696.152
1992-02-01,704.16
1992-02-02,735.313
1992-02-03,757.796
1992-02-04,709.791
1992-02-05,641.047
1992-02-06,612.858
1992-02-07,635.535
1992-02-08,675.121
1992-02-09,695.362
1992-02-10,767.875
1992-02-11,914.727
1992-02-12,955.74
1992-02-13,821.818
1992-02-14,666.89
1992-02-15,626.919
1992-02-16,628.74
1992-02-17,639.099
1992-02-18,756.346
1992-02-19,1022.569
1992-02-20,1089.07
1992-02-21,907.818
1992-02-22,763.606
1992-02-23,735.443
1992-02-24,775.297
1992-02-25,838.271
1992-02-26,1029.054
1992-02-27,1401.608
1992-02-28,1469.003
1992-02-29,1217.597
1992-03-01,1088.871
1992-03-02,1129.626
1992-03-03,1449.109
1992-03-04,2021.753
1992-03-05,1914.897
1992-03-06,1453.352
1992-03-07,1269.062
1992-03-08,1182.983
1992-03-09,1141.895
1992-03-10,1141.21
1992-03-11,1164.03
1992-03-12,1226.732
1992-03-13,1229.276
1992-03-14,1160.238
1992-03-15,1084.323
1992-03-16,1092.219
1992-03-17,1187.512
1992-03-18,1276.629
1992-03-19,1314.24
1992-03-20,1273.022
1992-03-21,1213.575
1992-03-22,1181.255
1992-03-23,1085.113
1992-03-24,934.482
1992-03-25,801.93
1992-03-26,686.634
1992-03-27,608.43
1992-03-28,570.555
1992-03-29,552.775
1992-03-30,537.591
1992-03-31,569.244
1992-04-01,693.591
1992-04-02,1062.069
1992-04-03,1144.612
1992-04-04,864.793
1992-04-05,703.935
1992-04-06,674.504
1992-04-07,680.662
1992-04-08,750.017
1992-04-09,847.831
1992-04-10,844.129
1992-04-11,755.323
1992-04-12,727.084
1992-04-13,778.381
1992-04-14,966.162
1992-04-15,1168.408
1992-04-16,1183.052
1992-04-17,1082.733
1992-04-18,1062.531
1992-04-19,1078.76
1992-04-20,1140.695
1992-04-21,1296.688
1992-04-22,1844.65
1992-04-23,2040.079
1992-04-24,1595.461
1992-04-25,1295.788
1992-04-26,1342.362
1992-04-27,1351.946
1992-04-28,1184.228
1992-04-29,1024.814
1992-04-30,935.233
1992-05-01,846.353
1992-05-02,779.765
1992-05-03,799.576
1992-05-04,966.811
1992-05-05,1223.902
1992-05-06,1395.823
1992-05-07,1635.324
1992-05-08,1824.059
1992-05-09,1905.41
1992-05-10,1906.136
1992-05-11,1776.835
1992-05-12,1648.958
1992-05-13,1721.742
1992-05-14,1966.566
1992-05-15,2092.449
1992-05-16,2054.603
1992-05-17,2024.402
1992-05-18,2009.27
1992-05-19,1936.118
1992-05-20,1766.355
1992-05-21,1547.536
1992-05-22,1359.712
1992-05-23,1249.833
1992-05-24,1173.81
1992-05-25,1114.013
1992-05-26,1108.663
1992-05-27,1145.432
1992-05-28,1183.659
1992-05-29,1192.918
1992-05-30,1131.432
1992-05-31,1054.746
1992-06-01,1008.881
1992-06-02,932.38
1992-06-03,818.695
1992-06-04,717.525
1992-06-05,662.377
1992-06-06,639.055
1992-06-07,642.127
1992-06-08,686.97
1992-06-09,757.229
1992-06-10,790.119
1992-06-11,745.085
1992-06-12,633.639
1992-06-13,536.229
1992-06-14,498.598
1992-06-15,501.472
1992-06-16,523.082
1992-06-17,517.996
1992-06-18,471.378
1992-06-19,431.012
1992-06-20,414.067
1992-06-21,415.008
1992-06-22,425.495
1992-06-23,444.071
1992-06-24,439.751
1992-06-25,417.923
1992-06-26,400.22
1992-06-27,401.77
1992-06-28,440.198
1992-06-29,510.05
1992-06-30,553.285
1992-07-01,586.463
1992-07-02,623.466
1992-07-03,650.683
1992-07-04,626.905
1992-07-05,531.448
1992-07-06,505.518
1992-07-07,534.811
1992-07-08,582.58
1992-07-09,635.487
1992-07-10,650.94
1992-07-11,678.204
1992-07-12,757.164
1992-07-13,855.05
1992-07-14,888.703
1992-07-15,729.321
1992-07-16,526.615
1992-07-17,446.73
1992-07-18,440.721
1992-07-19,434.325
1992-07-20,407.176
1992-07-21,351.133
1992-07-22,301.821
1992-07-23,278.96
1992-07-24,270.338
1992-07-25,265.174
1992-07-26,257.985
1992-07-27,250.362
1992-07-28,246.11
1992-07-29,242.549
1992-07-30,236.694
1992-07-31,229.768
1992-08-01,222.553
1992-08-02,215.61
1992-08-03,209.655
1992-08-04,205.219
1992-08-05,201.972
1992-08-06,198.845
1992-08-07,194.547
1992-08-08,193.76
1992-08-09,199.133
1992-08-10,204.566
1992-08-11,197.822
1992-08-12,184.077
1992-08-13,176.06
1992-08-14,173.757
1992-08-15,170.947
1992-08-16,166.8
1992-08-17,164.025
1992-08-18,158.241
1992-08-19,152.4
1992-08-20,151.453
1992-08-21,162.745
1992-08-22,165.721
1992-08-23,164.332
1992-08-24,181.33
1992-08-25,195.838
1992-08-26,180.76
1992-08-27,151.882
1992-08-28,134.544
1992-08-29,128.076
1992-08-30,125.498
1992-08-31,123.744
1992-09-01,122.233
1992-09-02,120.74
1992-09-03,119.496
1992-09-04,118.345
1992-09-05,116.125
1992-09-06,114.718
1992-09-07,114.79
1992-09-08,113.768
1992-09-09,113.202
1992-09-10,115.234
1992-09-11,122.359
1992-09-12,124.495
1992-09-13,117.096
1992-09-14,117.93
1992-09-15,138.028
1992-09-16,142.67
1992-09-17,141.49
1992-09-18,158.297
1992-09-19,176.203
1992-09-20,187.125
1992-09-21,165.379
1992-09-22,133.942
1992-09-23,138.914
1992-09-24,183.504
1992-09-25,265.968
1992-09-26,361.329
1992-09-27,424.748
1992-09-28,410.026
1992-09-29,318.838
1992-09-30,219.311
1992-10-01,152.092
1992-10-02,115.554
1992-10-03,100.695
1992-10-04,97.135
1992-10-05,100.409
1992-10-06,106.058
1992-10-07,126.224
1992-10-08,163.67
1992-10-09,187.013
1992-10-10,184.588
1992-10-11,200.325
1992-10-12,247.104
1992-10-13,264.152
1992-10-14,226.627
1992-10-15,186.608
1992-10-16,196.478
1992-10-17,268.775
1992-10-18,340.317
1992-10-19,410.442
1992-10-20,488.005
1992-10-21,525.456
1992-10-22,514.13
1992-10-23,487.931
1992-10-24,439.065
1992-10-25,429.771
1992-10-26,507.232
1992-10-27,698.555
1992-10-28,1204.384
1992-10-29,1396.575
1992-10-30,1240.979
1992-10-31,1287.711
1992-11-01,1462.616
1992-11-02,1497.923
1992-11-03,1853.18
1992-11-04,2369.003
1992-11-05,2212.662
1992-11-06,1747.745
1992-11-07,1841.533
1992-11-08,1905.508
1992-11-09,1682.513
1992-11-10,1415.042
1992-11-11,1075.555
1992-11-12,797.705
1992-11-13,704.775
1992-11-14,727.617
1992-11-15,738.049
1992-11-16,725.29
1992-11-17,773.438
1992-11-18,950.282
1992-11-19,1186.36
1992-11-20,1373.691
1992-11-21,1452.365
1992-11-22,1250.84
1992-11-23,891.865
1992-11-24,719.437
1992-11-25,652.088
1992-11-26,664.931
1992-11-27,781.346
1992-11-28,954.073
1992-11-29,1076.569
1992-11-30,1075.526
1992-12-01,992.707
1992-12-02,1012.741
1992-12-03,1183.528
1992-12-04,1739.88
1992-12-05,1876.638
1992-12-06,1530.911
1992-12-07,1326.922
1992-12-08,1167.341
1992-12-09,1010.511
1992-12-10,936.725
1992-12-11,871.98
1992-12-12,784.412
1992-12-13,736.1
1992-12-14,743.203
1992-12-15,830.884
1992-12-16,991.222
1992-12-17,1086.482
1992-12-18,1075.428
1992-12-19,1132.156
1992-12-20,1181.689
1992-12-21,1171.194
1992-12-22,1125.219
1992-12-23,1032.315
1992-12-24,943.364
1992-12-25,945.775
1992-12-26,973.325
1992-12-27,978.149
1992-12-28,995.03
1992-12-29,1081.013
1992-12-30,1189.645
1992-12-31,1238.556
1993-01-01,1198.215
1993-01-02,1207.232
1993-01-03,1455.049
1993-01-04,1621.235
1993-01-05,1433.987
1993-01-06,1120.502
1993-01-07,1002.607
1993-01-08,929.1
1993-01-09,819.888
1993-01-10,758.917
1993-01-11,755.529
1993-01-12,787.443
1993-01-13,916.115
1993-01-14,1146.719
1993-01-15,1152.733
1993-01-16,931.786
1993-01-17,784.72
1993-01-18,751.84
1993-01-19,768.455
1993-01-20,730.332
1993-01-21,706.359
1993-01-22,809.903
1993-01-23,989.867
1993-01-24,1162.709
1993-01-25,1229.093
1993-01-26,1201.8
1993-01-27,1164.046
1993-01-28,1148.563
1993-01-29,1114.887
1993-01-30,1178.158
1993-01-31,1262.18
1993-02-01,1574.77
1993-02-02,1801.988
1993-02-03,1691.481
1993-02-04,1437.928
1993-02-05,1305.315
1993-02-06,1206.112
1993-02-07,1089.567
1993-02-08,968.943
1993-02-09,911.854
1993-02-10,923.628
1993-02-11,1012.849
1993-02-12,1079.674
1993-02-13,991.082
1993-02-14,841.86
1993-02-15,784.074
1993-02-16,942.912
1993-02-17,1024.705
1993-02-18,961.965
1993-02-19,1012.775
1993-02-20,1049.163
1993-02-21,1000.97
1993-02-22,920.678
1993-02-23,858.948
1993-02-24,823.839
1993-02-25,775.712
1993-02-26,705.841
1993-02-27,641.658
1993-02-28,638.633
1993-03-01,706.536
1993-03-02,825.188
1993-03-03,871.646
1993-03-04,794.358
1993-03-05,656.127
1993-03-06,577.246
1993-03-07,657.626
1993-03-08,829.781
1993-03-09,1241.655
1993-03-10,1388.279
1993-03-11,1127.701
1993-03-12,961.628
1993-03-13,853.805
1993-03-14,829.39
1993-03-15,1158.616
1993-03-16,1295.465
1993-03-17,1079.425
1993-03-18,876.18
1993-03-19,735.462
1993-03-20,673.919
1993-03-21,769.473
1993-03-22,869.213
1993-03-23,878.189
1993-03-24,946.273
1993-03-25,1106.56
1993-03-26,1206.672
1993-03-27,1123.437
1993-03-28,910.938
1993-03-29,732.231
1993-03-30,670.504
1993-03-31,661.714
1993-04-01,671.859
1993-04-02,727.83
1993-04-03,840.324
1993-04-04,992.538
1993-04-05,1480.28
1993-04-06,1604.33
1993-04-07,1255.315
1993-04-08,1025.663
1993-04-09,907.69
1993-04-10,813.794
1993-04-11,724.575
1993-04-12,683.066
1993-04-13,705.417
1993-04-14,756.299
1993-04-15,771.169
1993-04-16,732.279
1993-04-17,707.965
1993-04-18,716.967
1993-04-19,754.934
1993-04-20,758.495
1993-04-21,723.234
1993-04-22,742.095
1993-04-23,789.889
1993-04-24,825.332
1993-04-25,865.954
1993-04-26,883.792
1993-04-27,840.452
1993-04-28,789.803
1993-04-29,800.728
1993-04-30,898.755
1993-05-01,1015.74
1993-05-02,1073.629
1993-05-03,1232.819
1993-05-04,1427.757
1993-05-05,1360.82
1993-05-06,1230.709
1993-05-07,1142.883
1993-05-08,1127.86
1993-05-09,1124.955
1993-05-10,1261.465
1993-05-11,1531.127
1993-05-12,1757.968
1993-05-13,1695.526
1993-05-14,1565.403
1993-05-15,1604.682
1993-05-16,1762.339
1993-05-17,1804.924
1993-05-18,1698.521
1993-05-19,1595.779
1993-05-20,1614.778
1993-05-21,1575.9
1993-05-22,1586.494
1993-05-23,1628.413
1993-05-24,1601.302
1993-05-25,1570.829
1993-05-26,1586.758
1993-05-27,1703.999
1993-05-28,1773.668
1993-05-29,1665.83
1993-05-30,1508.455
1993-05-31,1417.435
1993-06-01,1419.148
1993-06-02,1516.799
1993-06-03,1537.786
1993-06-04,1365.201
1993-06-05,1150.995
1993-06-06,1008.672
1993-06-07,974.439
1993-06-08,972.364
1993-06-09,931.631
1993-06-10,856.074
1993-06-11,796.184
1993-06-12,742.558
1993-06-13,700.211
1993-06-14,663.984
1993-06-15,635.892
1993-06-16,621.499
1993-06-17,620.622
1993-06-18,659.564
1993-06-19,733.175
1993-06-20,764.672
1993-06-21,721.159
1993-06-22,651.738
1993-06-23,575.153
1993-06-24,560.882
1993-06-25,604.704
1993-06-26,632.576
1993-06-27,717.68
1993-06-28,804.365
1993-06-29,746.591
1993-06-30,612.73
1993-07-01,501.067
1993-07-02,426.945
1993-07-03,385.197
1993-07-04,368.653
1993-07-05,363.25
1993-07-06,356.046
1993-07-07,342.32
1993-07-08,327.598
1993-07-09,322.593
1993-07-10,337.831
1993-07-11,346.577
1993-07-12,332.564
1993-07-13,306.512
1993-07-14,284.829
1993-07-15,272.4
1993-07-16,264.863
1993-07-17,258.598
1993-07-18,252.535
1993-07-19,246.592
1993-07-20,240.838
1993-07-21,235.271
1993-07-22,230.61
1993-07-23,228.289
1993-07-24,227.312
1993-07-25,221.916
1993-07-26,215.957
1993-07-27,215.522
1993-07-28,216.425
1993-07-29,208.883
1993-07-30,197.201
1993-07-31,189.09
1993-08-01,184.154
1993-08-02,180.835
1993-08-03,177.775
1993-08-04,174.102
1993-08-05,169.711
1993-08-06,166.252
1993-08-07,163.4
1993-08-08,160.199
1993-08-09,157.215
1993-08-10,154.795
1993-08-11,153.704
1993-08-12,155.747
1993-08-13,157.472
1993-08-14,156.343
1993-08-15,153.683
1993-08-16,156.092
1993-08-17,154.162
1993-08-18,147.752
1993-08-19,146.241
1993-08-20,172.928
1993-08-21,233.071
1993-08-22,292.505
1993-08-23,305.595
1993-08-24,294.162
1993-08-25,283.266
1993-08-26,273.925
1993-08-27,253.038
1993-08-28,223.812
1993-08-29,189.282
1993-08-30,161.057
1993-08-31,141.702
1993-09-01,126.906
1993-09-02,118.583
1993-09-03,116.161
1993-09-04,125.897
1993-09-05,159.864
1993-09-06,195.783
1993-09-07,213.474
1993-09-08,222.091
1993-09-09,210.545
1993-09-10,183.733
1993-09-11,181.51
1993-09-12,185.427
1993-09-13,172.237
1993-09-14,157.797
1993-09-15,151.682
1993-09-16,141.97
1993-09-17,141.192
1993-09-18,163.288
1993-09-19,191.772
1993-09-20,224.236
1993-09-21,239.462
1993-09-22,260.192
1993-09-23,319.977
1993-09-24,337.117
1993-09-25,276.399
1993-09-26,223.945
1993-09-27,196.527
1993-09-28,162.083
1993-09-29,130.823
1993-09-30,118.14
1993-10-01,114.975
1993-10-02,110.976
1993-10-03,105.39
1993-10-04,101.353
1993-10-05,99.541
1993-10-06,99.155
1993-10-07,101.96
1993-10-08,114.276
1993-10-09,123.553
1993-10-10,135.928
1993-10-11,134.194
1993-10-12,123.661
1993-10-13,108.993
1993-10-14,146.211
1993-10-15,448.372
1993-10-16,575.805
1993-10-17,395.715
1993-10-18,273.144
1993-10-19,234.301
1993-10-20,222.228
1993-10-21,186.692
1993-10-22,169.92
1993-10-23,160.316
1993-10-24,171.872
1993-10-25,188.96
1993-10-26,156.579
1993-10-27,127.809
1993-10-28,132.833
1993-10-29,156.355
1993-10-30,177.604
1993-10-31,220.308
1993-11-01,270.058
1993-11-02,322.316
1993-11-03,311.695
1993-11-04,245.547
1993-11-05,224.422
1993-11-06,249.588
1993-11-07,266.365
1993-11-08,272.444
1993-11-09,302.979
1993-11-10,358.922
1993-11-11,413.523
1993-11-12,461.785
1993-11-13,504.429
1993-11-14,531.004
1993-11-15,626.452
1993-11-16,841.854
1993-11-17,963.771
1993-11-18,952.532
1993-11-19,919.709
1993-11-20,961.295
1993-11-21,1033.867
1993-11-22,1086.655
1993-11-23,1125.441
1993-11-24,1184.976
1993-11-25,1441.497
1993-11-26,1476.828
1993-11-27,1117.495
1993-11-28,780.382
1993-11-29,654.262
1993-11-30,653.031
1993-12-01,658.998
1993-12-02,641.134
1993-12-03,670.738
1993-12-04,655.629
1993-12-05,620.616
1993-12-06,618.886
1993-12-07,575.11
1993-12-08,546.201
1993-12-09,554.384
1993-12-10,604.415
1993-12-11,675.993
1993-12-12,737.369
1993-12-13,751.704
1993-12-14,822.749
1993-12-15,888.658
1993-12-16,1003.986
1993-12-17,1104.106
1993-12-18,1089.013
1993-12-19,1037.563
1993-12-20,1104.355
1993-12-21,1127.82
1993-12-22,1044.816
1993-12-23,897.277
1993-12-24,813.52
1993-12-25,772.702
1993-12-26,706.534
1993-12-27,668.856
1993-12-28,704.825
1993-12-29,779.668
1993-12-30,821.166
1993-12-31,864.051
1994-01-01,899.234
1994-01-02,894.33
1994-01-03,811.908
1994-01-04,670.241
1994-01-05,551.387
1994-01-06,485.384
1994-01-07,461.411
1994-01-08,474.183
1994-01-09,519.803
1994-01-10,559.398
1994-01-11,576.898
1994-01-12,577.281
1994-01-13,528.875
1994-01-14,459.487
1994-01-15,442.566
1994-01-16,460.052
1994-01-17,518.786
1994-01-18,561.985
1994-01-19,610.65
1994-01-20,686.886
1994-01-21,776.763
1994-01-22,897.581
1994-01-23,1037.029
1994-01-24,1230.189
1994-01-25,1258.274
1994-01-26,1031.199
1994-01-27,783.506
1994-01-28,606.385
1994-01-29,504.619
1994-01-30,519.602
1994-01-31,600.204
1994-02-01,672.758
1994-02-02,655.515
1994-02-03,569.203
1994-02-04,499.725
1994-02-05,485.505
1994-02-06,520.138
1994-02-07,598.642
1994-02-08,697.097
1994-02-09,780.534
1994-02-10,829.293
1994-02-11,843.502
1994-02-12,839.142
1994-02-13,786.407
1994-02-14,677.107
1994-02-15,600.298
1994-02-16,613.669
1994-02-17,648.487
1994-02-18,677.137
1994-02-19,717.644
1994-02-20,804.068
1994-02-21,973.518
1994-02-22,1047.841
1994-02-23,1007.391
1994-02-24,877.781
1994-02-25,788.147
1994-02-26,835.106
1994-02-27,967.183
1994-02-28,1078.834
1994-03-01,1006.678
1994-03-02,885.918
1994-03-03,798.267
1994-03-04,777.377
1994-03-05,817.999
1994-03-06,934.786
1994-03-07,1038.791
1994-03-08,1215.849
1994-03-09,1387.021
1994-03-10,1359.832
1994-03-11,1314.571
1994-03-12,1305.979
1994-03-13,1256.091
1994-03-14,1199.03
1994-03-15,1177.907
1994-03-16,1201.628
1994-03-17,1283.222
1994-03-18,1371.299
1994-03-19,1521.947
1994-03-20,1789.3
1994-03-21,2019.251
1994-03-22,1966.62
1994-03-23,1667.794
1994-03-24,1465.861
1994-03-25,1433.697
1994-03-26,1524.182
1994-03-27,1647.514
1994-03-28,1588.455
1994-03-29,1377.411
1994-03-30,1282.649
1994-03-31,1651.203
1994-04-01,1816.359
1994-04-02,1645.085
1994-04-03,1674.085
1994-04-04,1559.927
1994-04-05,1352.966
1994-04-06,1373.208
1994-04-07,1352.93
1994-04-08,1343.596
1994-04-09,1575.032
1994-04-10,1657.5
1994-04-11,1499.725
1994-04-12,1366.96
1994-04-13,1237.963
1994-04-14,1098.307
1994-04-15,994.222
1994-04-16,929.75
1994-04-17,898.667
1994-04-18,889.346
1994-04-19,899.466
1994-04-20,927.796
1994-04-21,954.769
1994-04-22,996.898
1994-04-23,1076.851
1994-04-24,1190.285
1994-04-25,1301.34
1994-04-26,1380.153
1994-04-27,1353.385
1994-04-28,1351.524
1994-04-29,1442.881
1994-04-30,1535.415
1994-05-01,1547.245
1994-05-02,1444.663
1994-05-03,1283.778
1994-05-04,1224.008
1994-05-05,1295.931
1994-05-06,1390.757
1994-05-07,1403.822
1994-05-08,1400.262
1994-05-09,1385.539
1994-05-10,1387.073
1994-05-11,1388.046
1994-05-12,1349.899
1994-05-13,1287.463
1994-05-14,1197.381
1994-05-15,1132.825
1994-05-16,1137.053
1994-05-17,1247.986
1994-05-18,1436.692
1994-05-19,1579.011
1994-05-20,1782.009
1994-05-21,2090.965
1994-05-22,2051.7
1994-05-23,1724.324
1994-05-24,1403.974
1994-05-25,1166.882
1994-05-26,1023.355
1994-05-27,963.406
1994-05-28,959.552
1994-05-29,984.092
1994-05-30,1009.302
1994-05-31,992.427
1994-06-01,963.047
1994-06-02,956.406
1994-06-03,920.008
1994-06-04,847.528
1994-06-05,764.358
1994-06-06,683.094
1994-06-07,634.266
1994-06-08,599.071
1994-06-09,576.986
1994-06-10,580.955
1994-06-11,616.801
1994-06-12,691.659
1994-06-13,821.192
1994-06-14,890.149
1994-06-15,844.326
1994-06-16,748.514
1994-06-17,648.49
1994-06-18,550.577
1994-06-19,469.917
1994-06-20,422.108
1994-06-21,401.76
1994-06-22,402.365
1994-06-23,416.587
1994-06-24,441.102
1994-06-25,481.055
1994-06-26,513.378
1994-06-27,507.715
1994-06-28,474.719
1994-06-29,411.017
1994-06-30,358.438
1994-07-01,334.976
1994-07-02,327.704
1994-07-03,332.48
1994-07-04,396.434
1994-07-05,682.028
1994-07-06,754.985
1994-07-07,527.555
1994-07-08,387.255
1994-07-09,341.021
1994-07-10,306.456
1994-07-11,277.329
1994-07-12,261.587
1994-07-13,254.746
1994-07-14,259.712
1994-07-15,288.368
1994-07-16,317.787
1994-07-17,317.619
1994-07-18,301.096
1994-07-19,281.7
1994-07-20,276.974
1994-07-21,281.86
1994-07-22,275.995
1994-07-23,263.211
1994-07-24,241.988
1994-07-25,219.625
1994-07-26,214.388
1994-07-27,221.954
1994-07-28,223.573
1994-07-29,215.447
1994-07-30,216.351
1994-07-31,231.823
1994-08-01,223.689
1994-08-02,195.977
1994-08-03,179.494
1994-08-04,173.416
1994-08-05,170.633
1994-08-06,167.734
1994-08-07,164.328
1994-08-08,160.965
1994-08-09,158.236
1994-08-10,155.812
1994-08-11,153.414
1994-08-12,151.059
1994-08-13,149.031
1994-08-14,146.082
1994-08-15,143.449
1994-08-16,141.303
1994-08-17,140.759
1994-08-18,140.292
1994-08-19,138.735
1994-08-20,138.061
1994-08-21,137.823
1994-08-22,137.845
1994-08-23,144.04
1994-08-24,146.983
1994-08-25,140.644
1994-08-26,155.469
1994-08-27,185.148
1994-08-28,192.466
1994-08-29,199.293
1994-08-30,188.559
1994-08-31,184.46
1994-09-01,188.87
1994-09-02,201.927
1994-09-03,241.135
1994-09-04,304.943
1994-09-05,319.695
1994-09-06,280.892
1994-09-07,229.79
1994-09-08,197.137
1994-09-09,172.418
1994-09-10,146.263
1994-09-11,131.038
1994-09-12,125.744
1994-09-13,119.832
1994-09-14,118.287
1994-09-15,124.07
1994-09-16,128.944
1994-09-17,127.075
1994-09-18,131.562
1994-09-19,130.883
1994-09-20,126.822
1994-09-21,129.66
1994-09-22,205.824
1994-09-23,237.021
1994-09-24,239.779
1994-09-25,229.357
1994-09-26,182.049
1994-09-27,135.546
1994-09-28,124.882
1994-09-29,161.963
1994-09-30,233.726
1994-10-01,329.663
1994-10-02,378.63
1994-10-03,342.984
1994-10-04,284.444
1994-10-05,234.522
1994-10-06,209.8
1994-10-07,207.459
1994-10-08,198.537
1994-10-09,185.644
1994-10-10,184.852
1994-10-11,188.659
1994-10-12,195.937
1994-10-13,232.833
1994-10-14,313.245
1994-10-15,397.439
1994-10-16,469.463
1994-10-17,517.838
1994-10-18,550.452
1994-10-19,582.605
1994-10-20,665.829
1994-10-21,775.62
1994-10-22,818.534
1994-10-23,689.332
1994-10-24,560.518
1994-10-25,565.719
1994-10-26,708.792
1994-10-27,873.405
1994-10-28,998.931
1994-10-29,1084.668
1994-10-30,1088.187
1994-10-31,956.773
1994-11-01,804.561
1994-11-02,692.107
1994-11-03,624.048
1994-11-04,675.923
1994-11-05,1019.335
1994-11-06,1236.044
1994-11-07,1174.796
1994-11-08,1108.575
1994-11-09,998.907
1994-11-10,910.515
1994-11-11,926.572
1994-11-12,1051.705
1994-11-13,1253.731
1994-11-14,1383.172
1994-11-15,1434.359
1994-11-16,1466.779
1994-11-17,1469.245
1994-11-18,1572.348
1994-11-19,1773.197
1994-11-20,1737.842
1994-11-21,1659.988
1994-11-22,1729.597
1994-11-23,1861.913
1994-11-24,1983.645
1994-11-25,1925.569
1994-11-26,1762.244
1994-11-27,1678.759
1994-11-28,1718.595
1994-11-29,1806.593
1994-11-30,1731.51
1994-12-01,1449.345
1994-12-02,1349.685
1994-12-03,1471.402
1994-12-04,1541.045
1994-12-05,1384.274
1994-12-06,1216.878
1994-12-07,1193.017
1994-12-08,1140.079
1994-12-09,1164.166
1994-12-10,1220.565
1994-12-11,1218.956
1994-12-12,1303.696
1994-12-13,1535.628
1994-12-14,1734.94
1994-12-15,1890.846
1994-12-16,1990.385
1994-12-17,2062.413
1994-12-18,2031.067
1994-12-19,1914.482
1994-12-20,1712.076
1994-12-21,1596.383
1994-12-22,1699.895
1994-12-23,1840.254
1994-12-24,1739.669
1994-12-25,1525.82
1994-12-26,1427.955
1994-12-27,1406.134
1994-12-28,1455.432
1994-12-29,1587.867
1994-12-30,1724.279
1994-12-31,1815.061
1995-01-01,1711.856
1995-01-02,1475.241
1995-01-03,1328.877
1995-01-04,1242.195
1995-01-05,1206.552
1995-01-06,1175.417
1995-01-07,1123.958
1995-01-08,1098.199
1995-01-09,1143.892
1995-01-10,1187.556
1995-01-11,1224.644
1995-01-12,1215.724
1995-01-13,1223.167
1995-01-14,1336.46
1995-01-15,1743.667
1995-01-16,1888.806
1995-01-17,1562.282
1995-01-18,1304.899
1995-01-19,1399.42
1995-01-20,1903.58
1995-01-21,2215.304
1995-01-22,2072.333
1995-01-23,1736.73
1995-01-24,1465.253
1995-01-25,1286.438
1995-01-26,1203.7
1995-01-27,1165.63
1995-01-28,1105.786
1995-01-29,1047.021
1995-01-30,1006.269
1995-01-31,961.062
1995-02-01,886.848
1995-02-02,809.403
1995-02-03,767.419
1995-02-04,788.19
1995-02-05,824.323
1995-02-06,833.624
1995-02-07,977.708
1995-02-08,1404.581
1995-02-09,1707.96
1995-02-10,1631.114
1995-02-11,1442.918
1995-02-12,1369.793
1995-02-13,1328.492
1995-02-14,1269.464
1995-02-15,1259.449
1995-02-16,1188.423
1995-02-17,1021.067
1995-02-18,857.625
1995-02-19,811.801
1995-02-20,855.402
1995-02-21,931.625
1995-02-22,1108.147
1995-02-23,1218.139
1995-02-24,1230.729
1995-02-25,1196.158
1995-02-26,1241.608
1995-02-27,1638.381
1995-02-28,1830.029
1995-03-01,1583.394
1995-03-02,1349.792
1995-03-03,1213.858
1995-03-04,1169.696
1995-03-05,1196.624
1995-03-06,1198.101
1995-03-07,1077.153
1995-03-08,943.995
1995-03-09,906.382
1995-03-10,1052.097
1995-03-11,1223.386
1995-03-12,1273.282
1995-03-13,1299.212
1995-03-14,1286.768
1995-03-15,1208.032
1995-03-16,1202.601
1995-03-17,1271.829
1995-03-18,1382.627
1995-03-19,1425.773
1995-03-20,1353.968
1995-03-21,1293.628
1995-03-22,1313.07
1995-03-23,1339.182
1995-03-24,1261.621
1995-03-25,1186.88
1995-03-26,1299.66
1995-03-27,1469.397
1995-03-28,1881.493
1995-03-29,2119.662
1995-03-30,1790.883
1995-03-31,1393.503
1995-04-01,1158.027
1995-04-02,1042.062
1995-04-03,937.056
1995-04-04,852.517
1995-04-05,817.257
1995-04-06,831.992
1995-04-07,875.569
1995-04-08,984.32
1995-04-09,1097.211
1995-04-10,1223.066
1995-04-11,1324.674
1995-04-12,1548.279
1995-04-13,1628.308
1995-04-14,1401.644
1995-04-15,1209.354
1995-04-16,1167.322
1995-04-17,1187.395
1995-04-18,1131.317
1995-04-19,1055.413
1995-04-20,1087.772
1995-04-21,1235.438
1995-04-22,1392.464
1995-04-23,1612.005
1995-04-24,1572.877
1995-04-25,1351.986
1995-04-26,1302.834
1995-04-27,1334.143
1995-04-28,1364.983
1995-04-29,1385.97
1995-04-30,1376.499
1995-05-01,1406.83
1995-05-02,1492.572
1995-05-03,1462.56
1995-05-04,1321.272
1995-05-05,1225.73
1995-05-06,1263.639
1995-05-07,1362.854
1995-05-08,1450.093
1995-05-09,1514.83
1995-05-10,1555.665
1995-05-11,1695.179
1995-05-12,1992.494
1995-05-13,2228.16
1995-05-14,2236.335
1995-05-15,2166.254
1995-05-16,2152.239
1995-05-17,2110.418
1995-05-18,2039.042
1995-05-19,1965.058
1995-05-20,1942.849
1995-05-21,1963.322
1995-05-22,1933.707
1995-05-23,1802.085
1995-05-24,1685.861
1995-05-25,1761.744
1995-05-26,2097.085
1995-05-27,2072.867
1995-05-28,1607.788
1995-05-29,1274.8
1995-05-30,1148.43
1995-05-31,1120.384
1995-06-01,1076.133
1995-06-02,994.442
1995-06-03,917.782
1995-06-04,869.951
1995-06-05,840.582
1995-06-06,798.003
1995-06-07,752.781
1995-06-08,721.301
1995-06-09,696.504
1995-06-10,677.912
1995-06-11,678.802
1995-06-12,704.733
1995-06-13,709.012
1995-06-14,700.922
1995-06-15,695.164
1995-06-16,677.572
1995-06-17,665.732
1995-06-18,664.361
1995-06-19,663.73
1995-06-20,653.196
1995-06-21,645.935
1995-06-22,669.987
1995-06-23,696.475
1995-06-24,673.83
1995-06-25,592.302
1995-06-26,519.592
1995-06-27,486.636
1995-06-28,466.258
1995-06-29,447.425
1995-06-30,444.4
1995-07-01,436.802
1995-07-02,429.805
1995-07-03,443.815
1995-07-04,475.857
1995-07-05,506.693
1995-07-06,527.1
1995-07-07,532.293
1995-07-08,507.524
1995-07-09,456.24
1995-07-10,398.609
1995-07-11,349.053
1995-07-12,317.444
1995-07-13,306.432
1995-07-14,309.907
1995-07-15,323.155
1995-07-16,325.387
1995-07-17,310.061
1995-07-18,288.633
1995-07-19,271.739
1995-07-20,267.838
1995-07-21,280.732
1995-07-22,276.105
1995-07-23,258.239
1995-07-24,250.651
1995-07-25,249.303
1995-07-26,247.775
1995-07-27,238.878
1995-07-28,227.51
1995-07-29,219.884
1995-07-30,215.404
1995-07-31,210.632
1995-08-01,205.647
1995-08-02,201.854
1995-08-03,199.251
1995-08-04,195.456
1995-08-05,191.349
1995-08-06,187.148
1995-08-07,183.988
1995-08-08,181.466
1995-08-09,179.048
1995-08-10,175.707
1995-08-11,173.236
1995-08-12,173.342
1995-08-13,173.831
1995-08-14,172.53
1995-08-15,175.169
1995-08-16,180.04
1995-08-17,173.547
1995-08-18,161.034
1995-08-19,153.488
1995-08-20,148.754
1995-08-21,145.335
1995-08-22,142.869
1995-08-23,140.401
1995-08-24,138.015
1995-08-25,135.584
1995-08-26,134.773
1995-08-27,138.474
1995-08-28,141.702
1995-08-29,136.831
1995-08-30,129.202
1995-08-31,124.633
1995-09-01,121.962
1995-09-02,119.61
1995-09-03,117.693
1995-09-04,116.305
1995-09-05,115.199
1995-09-06,114.557
1995-09-07,112.892
1995-09-08,110.833
1995-09-09,107.95
1995-09-10,107.635
1995-09-11,108.816
1995-09-12,114.866
1995-09-13,123.908
1995-09-14,116.301
1995-09-15,108.57
1995-09-16,106.495
1995-09-17,113.258
1995-09-18,132.346
1995-09-19,147.58
1995-09-20,179.958
1995-09-21,185.003
1995-09-22,148.208
1995-09-23,115.443
1995-09-24,106.885
1995-09-25,136.249
1995-09-26,198.886
1995-09-27,257.824
1995-09-28,283.94
1995-09-29,304.832
1995-09-30,282.765
1995-10-01,213.983
1995-10-02,161.058
1995-10-03,153.431
1995-10-04,169.25
1995-10-05,188.338
1995-10-06,193.758
1995-10-07,192.092
1995-10-08,188.038
1995-10-09,167.42
1995-10-10,173.05
1995-10-11,198.905
1995-10-12,239.902
1995-10-13,300.338
1995-10-14,342.367
1995-10-15,381.596
1995-10-16,430.875
1995-10-17,476.892
1995-10-18,487.411
1995-10-19,471.18
1995-10-20,479.344
1995-10-21,489.842
1995-10-22,509.258
1995-10-23,574.1
1995-10-24,645.638
1995-10-25,594.227
1995-10-26,481.353
1995-10-27,491.222
1995-10-28,502.64
1995-10-29,473.413
1995-10-30,506.49
1995-10-31,567.997
1995-11-01,592.485
1995-11-02,641.0
1995-11-03,694.511
1995-11-04,767.279
1995-11-05,869.257
1995-11-06,936.123
1995-11-07,909.37
1995-11-08,940.95
1995-11-09,1072.625
1995-11-10,1059.158
1995-11-11,868.99
1995-11-12,740.891
1995-11-13,836.846
1995-11-14,1011.841
1995-11-15,970.684
1995-11-16,780.913
1995-11-17,666.811
1995-11-18,628.744
1995-11-19,668.987
1995-11-20,782.47
1995-11-21,841.514
1995-11-22,865.421
1995-11-23,905.886
1995-11-24,934.003
1995-11-25,918.408
1995-11-26,840.863
1995-11-27,990.922
1995-11-28,1572.052
1995-11-29,2079.695
1995-11-30,1800.72
1995-12-01,1222.257
1995-12-02,956.529
1995-12-03,930.557
1995-12-04,1034.19
1995-12-05,1441.88
1995-12-06,1630.624
1995-12-07,1410.445
1995-12-08,1191.737
1995-12-09,1056.99
1995-12-10,992.248
1995-12-11,980.13
1995-12-12,955.197
1995-12-13,878.85
1995-12-14,830.248
1995-12-15,847.052
1995-12-16,842.532
1995-12-17,779.723
1995-12-18,697.777
1995-12-19,625.708
1995-12-20,598.204
1995-12-21,538.779
1995-12-22,469.28
1995-12-23,445.57
1995-12-24,431.807
1995-12-25,407.422
1995-12-26,401.484
1995-12-27,403.502
1995-12-28,383.977
1995-12-29,380.703
1995-12-30,377.958
1995-12-31,383.81
1996-01-01,395.127
1996-01-02,448.332
1996-01-03,540.718
1996-01-04,638.841
1996-01-05,607.444
1996-01-06,522.387
1996-01-07,512.969
1996-01-08,604.348
1996-01-09,723.757
1996-01-10,778.802
1996-01-11,772.525
1996-01-12,733.059
1996-01-13,691.268
1996-01-14,652.588
1996-01-15,624.449
1996-01-16,617.343
1996-01-17,624.747
1996-01-18,594.675
1996-01-19,590.376
1996-01-20,663.748
1996-01-21,768.649
1996-01-22,830.019
1996-01-23,824.977
1996-01-24,953.228
1996-01-25,963.418
1996-01-26,834.302
1996-01-27,823.485
1996-01-28,859.439
1996-01-29,869.305
1996-01-30,833.246
1996-01-31,769.335
1996-02-01,690.026
1996-02-02,629.607
1996-02-03,618.291
1996-02-04,630.843
1996-02-05,666.167
1996-02-06,684.36
1996-02-07,671.761
1996-02-08,645.186
1996-02-09,632.022
1996-02-10,631.737
1996-02-11,661.375
1996-02-12,744.619
1996-02-13,804.168
1996-02-14,803.534
1996-02-15,832.212
1996-02-16,875.337
1996-02-17,923.335
1996-02-18,952.528
1996-02-19,920.611
1996-02-20,898.91
1996-02-21,1001.2
1996-02-22,1151.213
1996-02-23,1182.648
1996-02-24,1102.805
1996-02-25,1015.575
1996-02-26,974.53
1996-02-27,1025.037
1996-02-28,1298.878
1996-02-29,1385.678
1996-03-01,1221.905
1996-03-02,1127.505
1996-03-03,1108.883
1996-03-04,1089.076
1996-03-05,1147.644
1996-03-06,1273.777
1996-03-07,1229.099
1996-03-08,1068.702
1996-03-09,975.11
1996-03-10,915.498
1996-03-11,861.618
1996-03-12,876.736
1996-03-13,1001.29
1996-03-14,1033.63
1996-03-15,1041.352
1996-03-16,997.128
1996-03-17,886.885
1996-03-18,802.864
1996-03-19,721.843
1996-03-20,666.925
1996-03-21,665.998
1996-03-22,665.52
1996-03-23,693.19
1996-03-24,725.501
1996-03-25,733.541
1996-03-26,748.473
1996-03-27,810.888
1996-03-28,939.256
1996-03-29,1047.808
1996-03-30,1119.236
1996-03-31,1181.849
1996-04-01,1315.695
1996-04-02,1423.778
1996-04-03,1551.407
1996-04-04,1937.609
1996-04-05,2072.952
1996-04-06,1815.526
1996-04-07,1653.207
1996-04-08,2024.836
1996-04-09,2257.016
1996-04-10,2273.619
1996-04-11,2492.821
1996-04-12,2605.258
1996-04-13,2312.818
1996-04-14,1906.046
1996-04-15,1757.548
1996-04-16,1824.212
1996-04-17,2021.616
1996-04-18,2299.41
1996-04-19,2142.843
1996-04-20,1761.18
1996-04-21,1635.733
1996-04-22,1656.364
1996-04-23,1605.382
1996-04-24,1477.601
1996-04-25,1370.603
1996-04-26,1273.4
1996-04-27,1202.238
1996-04-28,1133.272
1996-04-29,1036.829
1996-04-30,966.652
1996-05-01,939.874
1996-05-02,958.044
1996-05-03,1050.942
1996-05-04,1030.37
1996-05-05,883.599
1996-05-06,789.663
1996-05-07,742.496
1996-05-08,708.207
1996-05-09,662.776
1996-05-10,619.509
1996-05-11,618.341
1996-05-12,662.58
1996-05-13,704.968
1996-05-14,699.36
1996-05-15,648.457
1996-05-16,580.613
1996-05-17,520.418
1996-05-18,494.91
1996-05-19,484.938
1996-05-20,485.069
1996-05-21,507.071
1996-05-22,532.483
1996-05-23,493.876
1996-05-24,421.542
1996-05-25,387.97
1996-05-26,382.244
1996-05-27,379.21
1996-05-28,390.808
1996-05-29,437.747
1996-05-30,487.023
1996-05-31,506.256
1996-06-01,498.788
1996-06-02,484.006
1996-06-03,471.619
1996-06-04,471.797
1996-06-05,465.481
1996-06-06,442.001
1996-06-07,423.298
1996-06-08,439.575
1996-06-09,486.803
1996-06-10,496.08
1996-06-11,450.253
1996-06-12,400.595
1996-06-13,359.37
1996-06-14,318.148
1996-06-15,293.128
1996-06-16,281.277
1996-06-17,311.485
1996-06-18,342.518
1996-06-19,348.012
1996-06-20,340.657
1996-06-21,316.229
1996-06-22,281.321
1996-06-23,265.506
1996-06-24,304.893
1996-06-25,306.527
1996-06-26,265.858
1996-06-27,265.155
1996-06-28,412.456
1996-06-29,543.282
1996-06-30,749.113
1996-07-01,710.537
1996-07-02,393.187
1996-07-03,228.822
1996-07-04,189.588
1996-07-05,180.832
1996-07-06,176.31
1996-07-07,172.609
1996-07-08,169.901
1996-07-09,166.769
1996-07-10,163.868
1996-07-11,164.083
1996-07-12,168.075
1996-07-13,173.27
1996-07-14,176.423
1996-07-15,172.348
1996-07-16,162.069
1996-07-17,152.54
1996-07-18,147.584
1996-07-19,146.332
1996-07-20,151.378
1996-07-21,170.835
1996-07-22,201.366
1996-07-23,215.332
1996-07-24,204.104
1996-07-25,186.304
1996-07-26,167.315
1996-07-27,159.838
1996-07-28,171.64
1996-07-29,181.04
1996-07-30,187.624
1996-07-31,178.653
1996-08-01,153.276
1996-08-02,130.992
1996-08-03,118.632
1996-08-04,113.93
1996-08-05,112.785
1996-08-06,112.365
1996-08-07,111.822
1996-08-08,111.179
1996-08-09,109.297
1996-08-10,106.042
1996-08-11,103.341
1996-08-12,101.595
1996-08-13,100.178
1996-08-14,98.832
1996-08-15,97.38
1996-08-16,95.76
1996-08-17,94.34
1996-08-18,93.086
1996-08-19,92.889
1996-08-20,93.315
1996-08-21,93.102
1996-08-22,93.712
1996-08-23,95.624
1996-08-24,97.196
1996-08-25,99.991
1996-08-26,116.355
1996-08-27,137.454
1996-08-28,154.807
1996-08-29,169.145
1996-08-30,172.73
1996-08-31,169.237
1996-09-01,180.125
1996-09-02,258.172
1996-09-03,395.593
1996-09-04,497.098
1996-09-05,589.505
1996-09-06,637.308
1996-09-07,582.652
1996-09-08,482.769
1996-09-09,383.281
1996-09-10,380.973
1996-09-11,480.749
1996-09-12,863.924
1996-09-13,1215.825
1996-09-14,952.359
1996-09-15,494.561
1996-09-16,389.748
1996-09-17,617.118
1996-09-18,807.912
1996-09-19,840.271
1996-09-20,771.175
1996-09-21,674.856
1996-09-22,599.174
1996-09-23,532.429
1996-09-24,451.264
1996-09-25,397.177
1996-09-26,398.656
1996-09-27,704.873
1996-09-28,803.04
1996-09-29,537.116
1996-09-30,409.01
1996-10-01,505.235
1996-10-02,800.88
1996-10-03,861.819
1996-10-04,684.445
1996-10-05,500.307
1996-10-06,379.344
1996-10-07,347.235
1996-10-08,315.036
1996-10-09,277.222
1996-10-10,263.862
1996-10-11,279.045
1996-10-12,314.569
1996-10-13,340.66
1996-10-14,329.081
1996-10-15,324.782
1996-10-16,450.408
1996-10-17,964.108
1996-10-18,1184.329
1996-10-19,1065.393
1996-10-20,1048.878
1996-10-21,996.865
1996-10-22,910.556
1996-10-23,845.172
1996-10-24,759.817
1996-10-25,657.149
1996-10-26,592.0
1996-10-27,571.363
1996-10-28,540.949
1996-10-29,467.375
1996-10-30,418.789
1996-10-31,464.446
1996-11-01,531.025
1996-11-02,549.405
1996-11-03,491.998
1996-11-04,529.25
1996-11-05,858.105
1996-11-06,1027.25
1996-11-07,925.889
1996-11-08,823.04
1996-11-09,694.575
1996-11-10,545.914
1996-11-11,495.766
1996-11-12,594.951
1996-11-13,766.627
1996-11-14,836.155
1996-11-15,826.098
1996-11-16,824.618
1996-11-17,870.135
1996-11-18,891.829
1996-11-19,889.926
1996-11-20,892.432
1996-11-21,865.548
1996-11-22,795.122
1996-11-23,761.594
1996-11-24,798.802
1996-11-25,829.17
1996-11-26,831.624
1996-11-27,808.057
1996-11-28,783.533
1996-11-29,766.791
1996-11-30,813.472
1996-12-01,916.678
1996-12-02,962.815
1996-12-03,951.652
1996-12-04,865.189
1996-12-05,766.26
1996-12-06,744.578
1996-12-07,845.45
1996-12-08,978.729
1996-12-09,1112.542
1996-12-10,1124.27
1996-12-11,1064.312
1996-12-12,1066.275
1996-12-13,1211.085
1996-12-14,1304.293
1996-12-15,1257.017
1996-12-16,1121.541
1996-12-17,929.461
1996-12-18,814.556
1996-12-19,800.928
1996-12-20,796.635
1996-12-21,756.093
1996-12-22,740.828
1996-12-23,810.368
1996-12-24,941.888
1996-12-25,993.965
1996-12-26,894.169
1996-12-27,754.963
1996-12-28,667.554
1996-12-29,650.298
1996-12-30,697.343
1996-12-31,786.931
1997-01-01,935.041
1997-01-02,1032.539
1997-01-03,1023.096
1997-01-04,984.16
1997-01-05,954.977
1997-01-06,957.29
1997-01-07,922.202
1997-01-08,839.078
1997-01-09,738.809
1997-01-10,668.875
1997-01-11,633.456
1997-01-12,591.3
1997-01-13,521.592
1997-01-14,450.606
1997-01-15,426.359
1997-01-16,485.378
1997-01-17,543.92
1997-01-18,534.64
1997-01-19,513.186
1997-01-20,516.612
1997-01-21,515.616
1997-01-22,520.179
1997-01-23,573.355
1997-01-24,728.225
1997-01-25,835.705
1997-01-26,807.486
1997-01-27,694.668
1997-01-28,622.353
1997-01-29,678.092
1997-01-30,716.995
1997-01-31,723.373
1997-02-01,722.163
1997-02-02,952.365
1997-02-03,1045.087
1997-02-04,787.564
1997-02-05,580.17
1997-02-06,502.646
1997-02-07,528.478
1997-02-08,605.103
1997-02-09,679.035
1997-02-10,751.212
1997-02-11,806.08
1997-02-12,754.212
1997-02-13,701.461
1997-02-14,690.726
1997-02-15,600.752
1997-02-16,518.442
1997-02-17,508.058
1997-02-18,490.645
1997-02-19,468.72
1997-02-20,455.755
1997-02-21,409.56
1997-02-22,382.942
1997-02-23,433.697
1997-02-24,520.989
1997-02-25,596.028
1997-02-26,633.074
1997-02-27,629.297
1997-02-28,608.996
1997-03-01,629.525
1997-03-02,641.011
1997-03-03,616.099
1997-03-04,635.459
1997-03-05,667.78
1997-03-06,637.954
1997-03-07,617.992
1997-03-08,685.21
1997-03-09,773.365
1997-03-10,801.968
1997-03-11,774.432
1997-03-12,762.94
1997-03-13,781.975
1997-03-14,773.147
1997-03-15,732.517
1997-03-16,674.732
1997-03-17,626.011
1997-03-18,605.26
1997-03-19,586.833
1997-03-20,589.802
1997-03-21,591.285
1997-03-22,540.618
1997-03-23,501.035
1997-03-24,511.232
1997-03-25,528.228
1997-03-26,509.264
1997-03-27,483.326
1997-03-28,479.873
1997-03-29,506.522
1997-03-30,596.294
1997-03-31,692.496
1997-04-01,742.68
1997-04-02,713.19
1997-04-03,676.342
1997-04-04,715.689
1997-04-05,783.336
1997-04-06,686.823
1997-04-07,588.569
1997-04-08,638.908
1997-04-09,851.308
1997-04-10,1059.269
1997-04-11,1222.991
1997-04-12,1496.735
1997-04-13,2022.825
1997-04-14,2160.228
1997-04-15,1799.61
1997-04-16,1609.538
1997-04-17,1674.745
1997-04-18,2125.942
1997-04-19,2265.053
1997-04-20,2315.386
1997-04-21,2294.717
1997-04-22,2065.222
1997-04-23,1949.283
1997-04-24,1750.981
1997-04-25,1487.655
1997-04-26,1313.428
1997-04-27,1287.782
1997-04-28,1293.213
1997-04-29,1310.552
1997-04-30,1435.227
1997-05-01,1622.937
1997-05-02,1635.619
1997-05-03,1517.508
1997-05-04,1510.127
1997-05-05,1730.932
1997-05-06,1872.192
1997-05-07,1836.321
1997-05-08,1860.746
1997-05-09,2263.542
1997-05-10,2415.946
1997-05-11,2052.086
1997-05-12,1749.424
1997-05-13,1637.96
1997-05-14,1701.089
1997-05-15,1756.631
1997-05-16,1848.251
1997-05-17,1997.835
1997-05-18,2278.951
1997-05-19,2593.11
1997-05-20,2718.978
1997-05-21,2478.748
1997-05-22,2147.308
1997-05-23,2030.147
1997-05-24,2092.11
1997-05-25,2018.711
1997-05-26,1834.673
1997-05-27,2048.669
1997-05-28,2517.886
1997-05-29,2511.322
1997-05-30,2142.501
1997-05-31,1914.545
1997-06-01,1818.6
1997-06-02,1685.301
1997-06-03,1478.968
1997-06-04,1287.588
1997-06-05,1136.841
1997-06-06,1036.35
1997-06-07,981.874
1997-06-08,955.454
1997-06-09,939.811
1997-06-10,906.285
1997-06-11,842.592
1997-06-12,778.242
1997-06-13,731.655
1997-06-14,696.011
1997-06-15,664.525
1997-06-16,635.986
1997-06-17,609.786
1997-06-18,585.418
1997-06-19,561.564
1997-06-20,539.382
1997-06-21,522.409
1997-06-22,506.428
1997-06-23,492.893
1997-06-24,481.752
1997-06-25,463.811
1997-06-26,443.261
1997-06-27,424.002
1997-06-28,406.684
1997-06-29,393.292
1997-06-30,392.514
1997-07-01,420.832
1997-07-02,458.206
1997-07-03,482.617
1997-07-04,498.163
1997-07-05,475.086
1997-07-06,428.272
1997-07-07,387.223
1997-07-08,353.792
1997-07-09,325.594
1997-07-10,306.105
1997-07-11,291.836
1997-07-12,284.182
1997-07-13,280.554
1997-07-14,279.125
1997-07-15,285.535
1997-07-16,289.61
1997-07-17,309.201
1997-07-18,342.653
1997-07-19,354.94
1997-07-20,345.06
1997-07-21,313.751
1997-07-22,292.912
1997-07-23,285.635
1997-07-24,260.552
1997-07-25,232.285
1997-07-26,217.103
1997-07-27,209.689
1997-07-28,204.688
1997-07-29,201.086
1997-07-30,197.52
1997-07-31,194.214
1997-08-01,192.377
1997-08-02,189.622
1997-08-03,185.032
1997-08-04,181.129
1997-08-05,180.321
1997-08-06,182.873
1997-08-07,186.75
1997-08-08,184.334
1997-08-09,177.852
1997-08-10,172.36
1997-08-11,167.006
1997-08-12,161.114
1997-08-13,156.528
1997-08-14,153.236
1997-08-15,150.789
1997-08-16,148.425
1997-08-17,146.565
1997-08-18,148.014
1997-08-19,156.718
1997-08-20,155.145
1997-08-21,144.923
1997-08-22,139.908
1997-08-23,137.394
1997-08-24,133.952
1997-08-25,130.432
1997-08-26,127.825
1997-08-27,125.783
1997-08-28,123.728
1997-08-29,121.54
1997-08-30,119.353
1997-08-31,118.14
1997-09-01,118.163
1997-09-02,118.268
1997-09-03,121.455
1997-09-04,127.033
1997-09-05,132.343
1997-09-06,132.267
1997-09-07,127.712
1997-09-08,121.737
1997-09-09,113.96
1997-09-10,106.623
1997-09-11,102.602
1997-09-12,101.973
1997-09-13,103.59
1997-09-14,110.135
1997-09-15,121.863
1997-09-16,131.752
1997-09-17,127.235
1997-09-18,113.806
1997-09-19,104.32
1997-09-20,99.655
1997-09-21,96.387
1997-09-22,95.266
1997-09-23,93.467
1997-09-24,93.897
1997-09-25,95.302
1997-09-26,93.15
1997-09-27,90.056
1997-09-28,87.386
1997-09-29,86.177
1997-09-30,87.202
1997-10-01,88.89
1997-10-02,95.357
1997-10-03,117.01
1997-10-04,135.848
1997-10-05,143.206
1997-10-06,135.951
1997-10-07,119.804
1997-10-08,101.817
1997-10-09,87.083
1997-10-10,78.3
1997-10-11,77.625
1997-10-12,74.895
1997-10-13,71.338
1997-10-14,71.379
1997-10-15,78.272
1997-10-16,82.344
1997-10-17,86.277
1997-10-18,116.132
1997-10-19,142.169
1997-10-20,154.771
1997-10-21,156.752
1997-10-22,170.921
1997-10-23,243.371
1997-10-24,351.159
1997-10-25,455.478
1997-10-26,504.556
1997-10-27,564.987
1997-10-28,608.845
1997-10-29,574.213
1997-10-30,476.635
1997-10-31,435.334
1997-11-01,492.112
1997-11-02,640.283
1997-11-03,863.704
1997-11-04,1095.358
1997-11-05,1284.183
1997-11-06,1328.785
1997-11-07,1230.611
1997-11-08,1122.877
1997-11-09,1099.003
1997-11-10,1078.441
1997-11-11,975.177
1997-11-12,812.476
1997-11-13,801.148
1997-11-14,820.893
1997-11-15,852.161
1997-11-16,875.495
1997-11-17,994.386
1997-11-18,1200.945
1997-11-19,1325.073
1997-11-20,1413.269
1997-11-21,1539.961
1997-11-22,1710.145
1997-11-23,2201.952
1997-11-24,2280.431
1997-11-25,1977.402
1997-11-26,1844.265
1997-11-27,1677.94
1997-11-28,1598.313
1997-11-29,1647.645
1997-11-30,1748.42
1997-12-01,2048.393
1997-12-02,2316.567
1997-12-03,2097.86
1997-12-04,1788.992
1997-12-05,1821.953
1997-12-06,2038.289
1997-12-07,2097.79
1997-12-08,1939.892
1997-12-09,1836.498
1997-12-10,1896.32
1997-12-11,1849.848
1997-12-12,1872.942
1997-12-13,2094.303
1997-12-14,2421.204
1997-12-15,2570.75
1997-12-16,2511.211
1997-12-17,2419.145
1997-12-18,2359.283
1997-12-19,2362.905
1997-12-20,2255.077
1997-12-21,2138.612
1997-12-22,2258.684
1997-12-23,2594.147
1997-12-24,3326.302
1997-12-25,3650.019
1997-12-26,3768.355
1997-12-27,3595.645
1997-12-28,3002.07
1997-12-29,2634.972
1997-12-30,2604.791
1997-12-31,2686.958
1998-01-01,2866.411
1998-01-02,2972.015
1998-01-03,2824.13
1998-01-04,2619.65
1998-01-05,2557.071
1998-01-06,2556.375
1998-01-07,2519.963
1998-01-08,2497.183
1998-01-09,2728.166
1998-01-10,2823.157
1998-01-11,2604.972
1998-01-12,2437.45
1998-01-13,2298.37
1998-01-14,2188.995
1998-01-15,2085.552
1998-01-16,2147.849
1998-01-17,2424.695
1998-01-18,2636.188
1998-01-19,2642.458
1998-01-20,2539.582
1998-01-21,2268.416
1998-01-22,2038.414
1998-01-23,2070.091
1998-01-24,2388.108
1998-01-25,2767.907
1998-01-26,3028.325
1998-01-27,3056.332
1998-01-28,2884.0
1998-01-29,2807.911
1998-01-30,2803.942
1998-01-31,2832.53
1998-02-01,2975.298
1998-02-02,3336.193
1998-02-03,3469.356
1998-02-04,3291.285
1998-02-05,2976.451
1998-02-06,2586.435
1998-02-07,2248.267
1998-02-08,2045.59
1998-02-09,1942.547
1998-02-10,1862.742
1998-02-11,1830.361
1998-02-12,1922.376
1998-02-13,2160.819
1998-02-14,2456.258
1998-02-15,2650.9
1998-02-16,2529.438
1998-02-17,2272.335
1998-02-18,2190.715
1998-02-19,2190.25
1998-02-20,2270.985
1998-02-21,2472.896
1998-02-22,2670.985
1998-02-23,2773.181
1998-02-24,3275.015
1998-02-25,3623.109
1998-02-26,3297.035
1998-02-27,2877.805
1998-02-28,2805.719
1998-03-01,2775.012
1998-03-02,2582.341
1998-03-03,2363.981
1998-03-04,2208.281
1998-03-05,2156.362
1998-03-06,2216.664
1998-03-07,2295.81
1998-03-08,2371.067
1998-03-09,2380.7
1998-03-10,2333.179
1998-03-11,2176.38
1998-03-12,1980.997
1998-03-13,1933.886
1998-03-14,1970.092
1998-03-15,1971.43
1998-03-16,1848.688
1998-03-17,1719.046
1998-03-18,1678.78
1998-03-19,1730.445
1998-03-20,1667.669
1998-03-21,1601.14
1998-03-22,1653.61
1998-03-23,1807.48
1998-03-24,2117.748
1998-03-25,2126.157
1998-03-26,1837.644
1998-03-27,1554.209
1998-03-28,1390.204
1998-03-29,1285.827
1998-03-30,1171.036
1998-03-31,1128.232
1998-04-01,1125.023
1998-04-02,1104.248
1998-04-03,1089.606
1998-04-04,1098.26
1998-04-05,1204.541
1998-04-06,1275.612
1998-04-07,1333.148
1998-04-08,1401.833
1998-04-09,1465.456
1998-04-10,1551.116
1998-04-11,1606.515
1998-04-12,1507.589
1998-04-13,1400.707
1998-04-14,1418.465
1998-04-15,1501.887
1998-04-16,1579.59
1998-04-17,1496.818
1998-04-18,1440.0
1998-04-19,1475.279
1998-04-20,1761.778
1998-04-21,1815.698
1998-04-22,1555.894
1998-04-23,1446.614
1998-04-24,1561.026
1998-04-25,1645.02
1998-04-26,1619.285
1998-04-27,1716.662
1998-04-28,1969.533
1998-04-29,2085.653
1998-04-30,2041.05
1998-05-01,1928.022
1998-05-02,1740.244
1998-05-03,1565.92
1998-05-04,1459.842
1998-05-05,1409.279
1998-05-06,1403.392
1998-05-07,1347.571
1998-05-08,1252.49
1998-05-09,1226.428
1998-05-10,1277.219
1998-05-11,1375.21
1998-05-12,1459.948
1998-05-13,1448.522
1998-05-14,1461.76
1998-05-15,1556.283
1998-05-16,1638.164
1998-05-17,1615.414
1998-05-18,1608.495
1998-05-19,1642.901
1998-05-20,1640.92
1998-05-21,1849.899
1998-05-22,1973.509
1998-05-23,2361.347
1998-05-24,2520.126
1998-05-25,2153.619
1998-05-26,1946.424
1998-05-27,1937.423
1998-05-28,1955.712
1998-05-29,1881.504
1998-05-30,1705.212
1998-05-31,1528.725
1998-06-01,1342.403
1998-06-02,1179.428
1998-06-03,1079.202
1998-06-04,1010.508
1998-06-05,955.339
1998-06-06,913.511
1998-06-07,876.965
1998-06-08,859.311
1998-06-09,980.89
1998-06-10,1422.526
1998-06-11,1485.623
1998-06-12,1102.813
1998-06-13,849.409
1998-06-14,756.636
1998-06-15,732.268
1998-06-16,720.232
1998-06-17,694.809
1998-06-18,651.686
1998-06-19,628.125
1998-06-20,636.158
1998-06-21,667.44
1998-06-22,692.128
1998-06-23,722.275
1998-06-24,748.721
1998-06-25,735.139
1998-06-26,667.56
1998-06-27,575.746
1998-06-28,504.439
1998-06-29,463.955
1998-06-30,443.153
1998-07-01,431.953
1998-07-02,423.066
1998-07-03,412.237
1998-07-04,401.946
1998-07-05,394.059
1998-07-06,388.718
1998-07-07,380.382
1998-07-08,368.89
1998-07-09,358.413
1998-07-10,349.426
1998-07-11,341.976
1998-07-12,333.803
1998-07-13,325.46
1998-07-14,317.972
1998-07-15,311.146
1998-07-16,304.87
1998-07-17,299.52
1998-07-18,295.763
1998-07-19,290.775
1998-07-20,283.387
1998-07-21,276.18
1998-07-22,270.28
1998-07-23,264.918
1998-07-24,259.783
1998-07-25,254.885
1998-07-26,250.145
1998-07-27,245.707
1998-07-28,241.88
1998-07-29,238.436
1998-07-30,237.171
1998-07-31,232.414
1998-08-01,226.794
1998-08-02,221.387
1998-08-03,216.686
1998-08-04,222.53
1998-08-05,256.5
1998-08-06,268.604
1998-08-07,244.497
1998-08-08,223.082
1998-08-09,211.575
1998-08-10,200.373
1998-08-11,190.945
1998-08-12,186.203
1998-08-13,183.12
1998-08-14,180.158
1998-08-15,178.43
1998-08-16,179.332
1998-08-17,185.349
1998-08-18,195.141
1998-08-19,193.962
1998-08-20,184.915
1998-08-21,182.822
1998-08-22,178.536
1998-08-23,183.201
1998-08-24,186.36
1998-08-25,175.702
1998-08-26,159.522
1998-08-27,151.72
1998-08-28,150.697
1998-08-29,159.304
1998-08-30,187.723
1998-08-31,232.165
1998-09-01,281.69
1998-09-02,299.468
1998-09-03,271.001
1998-09-04,216.757
1998-09-05,168.808
1998-09-06,144.879
1998-09-07,193.609
1998-09-08,551.518
1998-09-09,680.81
1998-09-10,463.823
1998-09-11,308.989
1998-09-12,229.675
1998-09-13,175.56
1998-09-14,137.972
1998-09-15,124.364
1998-09-16,131.591
1998-09-17,159.328
1998-09-18,208.838
1998-09-19,256.515
1998-09-20,256.805
1998-09-21,210.953
1998-09-22,158.766
1998-09-23,131.578
1998-09-24,124.222
1998-09-25,136.981
1998-09-26,156.492
1998-09-27,162.923
1998-09-28,154.717
1998-09-29,136.797
1998-09-30,122.162
1998-10-01,115.228
1998-10-02,120.072
1998-10-03,151.384
1998-10-04,192.471
1998-10-05,211.537
1998-10-06,248.331
1998-10-07,269.654
1998-10-08,277.891
1998-10-09,263.991
1998-10-10,251.678
1998-10-11,274.049
1998-10-12,282.399
1998-10-13,279.631
1998-10-14,311.975
1998-10-15,335.304
1998-10-16,399.394
1998-10-17,749.258
1998-10-18,784.737
1998-10-19,508.288
1998-10-20,442.526
1998-10-21,426.02
1998-10-22,344.003
1998-10-23,270.332
1998-10-24,228.457
1998-10-25,195.336
1998-10-26,173.128
1998-10-27,227.12
1998-10-28,337.869
1998-10-29,509.049
1998-10-30,633.568
1998-10-31,666.637
1998-11-01,609.569
1998-11-02,543.94
1998-11-03,474.187
1998-11-04,351.821
1998-11-05,266.258
1998-11-06,222.385
1998-11-07,230.772
1998-11-08,300.888
1998-11-09,425.633
1998-11-10,565.698
1998-11-11,685.318
1998-11-12,729.566
1998-11-13,621.402
1998-11-14,507.928
1998-11-15,529.633
1998-11-16,676.799
1998-11-17,789.52
1998-11-18,690.791
1998-11-19,471.0
1998-11-20,331.799
1998-11-21,335.868
1998-11-22,468.436
1998-11-23,590.783
1998-11-24,584.208
1998-11-25,499.148
1998-11-26,402.308
1998-11-27,282.498
1998-11-28,206.52
1998-11-29,192.828
1998-11-30,208.018
1998-12-01,218.374
1998-12-02,218.895
1998-12-03,223.392
1998-12-04,242.926
1998-12-05,263.793
1998-12-06,278.993
1998-12-07,295.404
1998-12-08,327.759
1998-12-09,359.852
1998-12-10,354.39
1998-12-11,345.625
1998-12-12,385.088
1998-12-13,436.88
1998-12-14,425.625
1998-12-15,409.7
1998-12-16,370.335
1998-12-17,292.29
1998-12-18,260.538
1998-12-19,276.668
1998-12-20,299.91
1998-12-21,287.827
1998-12-22,312.883
1998-12-23,393.855
1998-12-24,417.736
1998-12-25,378.65
1998-12-26,326.076
1998-12-27,299.578
1998-12-28,307.362
1998-12-29,339.308
1998-12-30,419.328
1998-12-31,533.794
1999-01-01,623.249
1999-01-02,634.382
1999-01-03,557.293
1999-01-04,517.01
1999-01-05,524.584
1999-01-06,511.112
1999-01-07,411.715
1999-01-08,301.325
1999-01-09,262.988
1999-01-10,256.002
1999-01-11,246.862
1999-01-12,263.755
1999-01-13,324.992
1999-01-14,375.674
1999-01-15,415.989
1999-01-16,435.89
1999-01-17,440.69
1999-01-18,469.613
1999-01-19,524.139
1999-01-20,532.785
1999-01-21,567.058
1999-01-22,609.662
1999-01-23,674.591
1999-01-24,812.898
1999-01-25,969.102
1999-01-26,996.158
1999-01-27,1078.518
1999-01-28,1465.253
1999-01-29,1522.783
1999-01-30,1256.215
1999-01-31,1079.35
1999-02-01,960.262
1999-02-02,859.42
1999-02-03,815.207
1999-02-04,763.465
1999-02-05,713.403
1999-02-06,789.801
1999-02-07,870.198
1999-02-08,760.201
1999-02-09,573.908
1999-02-10,467.132
1999-02-11,415.137
1999-02-12,357.414
1999-02-13,319.955
1999-02-14,328.89
1999-02-15,353.993
1999-02-16,363.304
1999-02-17,339.103
1999-02-18,292.805
1999-02-19,254.087
1999-02-20,234.094
1999-02-21,211.802
1999-02-22,197.882
1999-02-23,193.806
1999-02-24,204.317
1999-02-25,229.296
1999-02-26,268.082
1999-02-27,329.24
1999-02-28,359.582
1999-03-01,334.944
1999-03-02,297.688
1999-03-03,258.667
1999-03-04,221.92
1999-03-05,188.769
1999-03-06,165.644
1999-03-07,161.144
1999-03-08,173.884
1999-03-09,199.728
1999-03-10,259.814
1999-03-11,318.261
1999-03-12,353.294
1999-03-13,424.606
1999-03-14,512.532
1999-03-15,622.657
1999-03-16,728.69
1999-03-17,1043.74
1999-03-18,1151.216
1999-03-19,938.418
1999-03-20,715.287
1999-03-21,618.921
1999-03-22,673.67
1999-03-23,761.425
1999-03-24,819.541
1999-03-25,899.681
1999-03-26,1059.42
1999-03-27,998.57
1999-03-28,765.037
1999-03-29,678.398
1999-03-30,717.643
1999-03-31,815.993
1999-04-01,872.917
1999-04-02,830.078
1999-04-03,818.739
1999-04-04,877.702
1999-04-05,929.451
1999-04-06,872.721
1999-04-07,696.682
1999-04-08,569.545
1999-04-09,561.703
1999-04-10,742.948
1999-04-11,1046.877
1999-04-12,1439.079
1999-04-13,1507.375
1999-04-14,1331.194
1999-04-15,1515.68
1999-04-16,1593.426
1999-04-17,1313.303
1999-04-18,1004.062
1999-04-19,834.729
1999-04-20,823.82
1999-04-21,833.401
1999-04-22,825.35
1999-04-23,818.537
1999-04-24,866.832
1999-04-25,1024.04
1999-04-26,1144.835
1999-04-27,1151.43
1999-04-28,1119.023
1999-04-29,932.871
1999-04-30,713.043
1999-05-01,603.532
1999-05-02,587.365
1999-05-03,603.379
1999-05-04,639.128
1999-05-05,754.098
1999-05-06,885.387
1999-05-07,857.677
1999-05-08,725.86
1999-05-09,620.305
1999-05-10,559.932
1999-05-11,520.369
1999-05-12,477.632
1999-05-13,482.414
1999-05-14,515.117
1999-05-15,552.267
1999-05-16,581.521
1999-05-17,654.765
1999-05-18,803.559
1999-05-19,890.236
1999-05-20,893.735
1999-05-21,840.509
1999-05-22,689.321
1999-05-23,516.722
1999-05-24,419.481
1999-05-25,368.945
1999-05-26,337.328
1999-05-27,329.302
1999-05-28,338.935
1999-05-29,356.613
1999-05-30,376.14
1999-05-31,395.753
1999-06-01,422.408
1999-06-02,422.356
1999-06-03,382.642
1999-06-04,330.347
1999-06-05,282.404
1999-06-06,246.493
1999-06-07,224.775
1999-06-08,213.255
1999-06-09,206.378
1999-06-10,201.437
1999-06-11,198.011
1999-06-12,195.607
1999-06-13,193.266
1999-06-14,188.877
1999-06-15,183.207
1999-06-16,177.857
1999-06-17,173.226
1999-06-18,169.625
1999-06-19,166.691
1999-06-20,163.867
1999-06-21,161.458
1999-06-22,158.541
1999-06-23,154.578
1999-06-24,150.462
1999-06-25,146.462
1999-06-26,142.8
1999-06-27,139.949
1999-06-28,137.771
1999-06-29,136.024
1999-06-30,134.472
1999-07-01,132.55
1999-07-02,129.949
1999-07-03,129.221
1999-07-04,132.489
1999-07-05,136.176
1999-07-06,140.902
1999-07-07,141.645
1999-07-08,131.308
1999-07-09,118.265
1999-07-10,110.546
1999-07-11,107.061
1999-07-12,104.874
1999-07-13,102.787
1999-07-14,100.764
1999-07-15,99.158
1999-07-16,97.928
1999-07-17,97.013
1999-07-18,96.233
1999-07-19,94.677
1999-07-20,92.545
1999-07-21,90.565
1999-07-22,88.831
1999-07-23,87.395
1999-07-24,86.028
1999-07-25,84.83
1999-07-26,84.625
1999-07-27,87.9
1999-07-28,95.14
1999-07-29,97.598
1999-07-30,90.093
1999-07-31,82.3
1999-08-01,81.529
1999-08-02,87.459
1999-08-03,92.39
1999-08-04,87.498
1999-08-05,78.482
1999-08-06,73.871
1999-08-07,75.169
1999-08-08,75.817
1999-08-09,75.069
1999-08-10,76.228
1999-08-11,78.378
1999-08-12,76.933
1999-08-13,73.627
1999-08-14,72.152
1999-08-15,72.273
1999-08-16,75.122
1999-08-17,83.29
1999-08-18,107.734
1999-08-19,149.462
1999-08-20,173.159
1999-08-21,179.778
1999-08-22,160.126
1999-08-23,128.654
1999-08-24,101.623
1999-08-25,83.091
1999-08-26,89.142
1999-08-27,120.525
1999-08-28,148.609
1999-08-29,152.357
1999-08-30,142.725
1999-08-31,149.87
1999-09-01,146.042
1999-09-02,122.759
1999-09-03,120.382
1999-09-04,118.821
1999-09-05,126.632
1999-09-06,154.948
1999-09-07,190.391
1999-09-08,220.005
1999-09-09,272.054
1999-09-10,327.103
1999-09-11,380.966
1999-09-12,410.085
1999-09-13,458.594
1999-09-14,582.294
1999-09-15,626.828
1999-09-16,622.919
1999-09-17,623.872
1999-09-18,525.896
1999-09-19,372.741
1999-09-20,235.94
1999-09-21,147.299
1999-09-22,108.294
1999-09-23,100.945
1999-09-24,112.746
1999-09-25,118.929
1999-09-26,109.769
1999-09-27,104.178
1999-09-28,115.105
1999-09-29,132.969
1999-09-30,144.91
1999-10-01,123.533
1999-10-02,88.438
1999-10-03,82.447
1999-10-04,109.424
1999-10-05,130.087
1999-10-06,140.955
1999-10-07,155.187
1999-10-08,160.356
1999-10-09,188.725
1999-10-10,202.46
1999-10-11,179.289
1999-10-12,187.57
1999-10-13,230.12
1999-10-14,273.474
1999-10-15,377.967
1999-10-16,521.639
1999-10-17,587.62
1999-10-18,551.678
1999-10-19,443.155
1999-10-20,337.464
1999-10-21,306.579
1999-10-22,346.382
1999-10-23,386.894
1999-10-24,424.809
1999-10-25,543.887
1999-10-26,717.627
1999-10-27,889.917
1999-10-28,943.308
1999-10-29,794.616
1999-10-30,618.979
1999-10-31,455.088
1999-11-01,300.026
1999-11-02,208.566
1999-11-03,172.382
1999-11-04,155.19
1999-11-05,139.737
1999-11-06,131.108
1999-11-07,129.28
1999-11-08,130.367
1999-11-09,193.794
1999-11-10,551.432
1999-11-11,683.64
1999-11-12,469.492
1999-11-13,332.762
1999-11-14,302.062
1999-11-15,288.692
1999-11-16,222.535
1999-11-17,184.168
1999-11-18,191.152
1999-11-19,206.891
1999-11-20,231.021
1999-11-21,291.212
1999-11-22,389.424
1999-11-23,510.847
1999-11-24,560.35
1999-11-25,507.214
1999-11-26,478.892
1999-11-27,578.818
1999-11-28,775.744
1999-11-29,937.575
1999-11-30,985.872
1999-12-01,957.223
1999-12-02,907.013
1999-12-03,886.235
1999-12-04,842.594
1999-12-05,855.276
1999-12-06,857.697
1999-12-07,816.533
1999-12-08,826.059
1999-12-09,829.455
1999-12-10,765.305
1999-12-11,666.537
1999-12-12,649.795
1999-12-13,753.28
1999-12-14,939.637
1999-12-15,1144.322
1999-12-16,1161.245
1999-12-17,1006.867
1999-12-18,853.175
1999-12-19,695.9
1999-12-20,580.407
1999-12-21,506.501
1999-12-22,450.89
1999-12-23,454.411
1999-12-24,486.106
1999-12-25,499.463
1999-12-26,501.46
1999-12-27,570.59
1999-12-28,660.985
1999-12-29,720.023
1999-12-30,910.729
1999-12-31,1427.542
2000-01-01,1414.881
2000-01-02,976.65
2000-01-03,807.642
2000-01-04,837.039
2000-01-05,896.104
2000-01-06,973.216
2000-01-07,1049.865
2000-01-08,1054.926
2000-01-09,995.434
2000-01-10,938.881
2000-01-11,957.699
2000-01-12,1045.341
2000-01-13,1085.245
2000-01-14,985.458
2000-01-15,764.573
2000-01-16,576.23
2000-01-17,491.443
2000-01-18,449.418
2000-01-19,444.841
2000-01-20,496.938
2000-01-21,510.882
2000-01-22,459.654
2000-01-23,446.082
2000-01-24,512.831
2000-01-25,582.6
2000-01-26,602.049
2000-01-27,564.084
2000-01-28,503.615
2000-01-29,478.01
2000-01-30,507.754
2000-01-31,538.469
2000-02-01,498.628
2000-02-02,456.021
2000-02-03,498.962
2000-02-04,618.245
2000-02-05,674.442
2000-02-06,599.605
2000-02-07,523.847
2000-02-08,520.303
2000-02-09,597.349
2000-02-10,701.276
2000-02-11,685.129
2000-02-12,523.814
2000-02-13,374.593
2000-02-14,307.033
2000-02-15,284.07
2000-02-16,288.48
2000-02-17,325.349
2000-02-18,383.753
2000-02-19,449.887
2000-02-20,507.812
2000-02-21,535.183
2000-02-22,547.349
2000-02-23,608.516
2000-02-24,646.045
2000-02-25,631.33
2000-02-26,594.692
2000-02-27,561.005
2000-02-28,482.016
2000-02-29,376.146
2000-03-01,329.277
2000-03-02,347.363
2000-03-03,417.926
2000-03-04,486.852
2000-03-05,483.617
2000-03-06,420.311
2000-03-07,359.115
2000-03-08,308.762
2000-03-09,286.032
2000-03-10,307.468
2000-03-11,372.821
2000-03-12,461.022
2000-03-13,537.771
2000-03-14,617.832
2000-03-15,679.18
2000-03-16,727.748
2000-03-17,749.256
2000-03-18,736.035
2000-03-19,731.105
2000-03-20,718.433
2000-03-21,686.568
2000-03-22,731.503
2000-03-23,867.396
2000-03-24,1161.229
2000-03-25,1537.603
2000-03-26,1442.399
2000-03-27,1004.555
2000-03-28,737.015
2000-03-29,655.879
2000-03-30,685.318
2000-03-31,739.217
2000-04-01,751.593
2000-04-02,749.29
2000-04-03,713.638
2000-04-04,638.341
2000-04-05,609.363
2000-04-06,584.945
2000-04-07,583.077
2000-04-08,716.21
2000-04-09,862.401
2000-04-10,992.109
2000-04-11,1052.784
2000-04-12,943.068
2000-04-13,826.374
2000-04-14,832.979
2000-04-15,860.345
2000-04-16,846.33
2000-04-17,911.146
2000-04-18,1114.701
2000-04-19,1478.468
2000-04-20,1785.022
2000-04-21,1898.104
2000-04-22,1699.942
2000-04-23,1344.39
2000-04-24,1072.331
2000-04-25,896.05
2000-04-26,770.801
2000-04-27,684.86
2000-04-28,648.763
2000-04-29,734.537
2000-04-30,753.105
2000-05-01,742.952
2000-05-02,831.898
2000-05-03,840.251
2000-05-04,660.787
2000-05-05,485.62
2000-05-06,412.104
2000-05-07,427.49
2000-05-08,448.796
2000-05-09,452.658
2000-05-10,481.909
2000-05-11,518.308
2000-05-12,540.509
2000-05-13,516.63
2000-05-14,473.945
2000-05-15,438.689
2000-05-16,421.911
2000-05-17,407.527
2000-05-18,382.874
2000-05-19,355.021
2000-05-20,336.882
2000-05-21,321.97
2000-05-22,292.439
2000-05-23,262.258
2000-05-24,240.63
2000-05-25,225.697
2000-05-26,216.596
2000-05-27,215.674
2000-05-28,222.909
2000-05-29,232.524
2000-05-30,240.588
2000-05-31,241.657
2000-06-01,245.723
2000-06-02,241.967
2000-06-03,220.0
2000-06-04,193.454
2000-06-05,174.044
2000-06-06,163.292
2000-06-07,158.346
2000-06-08,157.997
2000-06-09,163.897
2000-06-10,176.016
2000-06-11,190.489
2000-06-12,197.008
2000-06-13,198.745
2000-06-14,193.322
2000-06-15,181.061
2000-06-16,166.395
2000-06-17,147.147
2000-06-18,130.544
2000-06-19,122.504
2000-06-20,119.915
2000-06-21,119.826
2000-06-22,120.436
2000-06-23,120.652
2000-06-24,117.1
2000-06-25,112.562
2000-06-26,110.729
2000-06-27,109.688
2000-06-28,108.948
2000-06-29,106.452
2000-06-30,103.209
2000-07-01,99.83
2000-07-02,96.668
2000-07-03,94.239
2000-07-04,92.13
2000-07-05,90.479
2000-07-06,89.124
2000-07-07,88.825
2000-07-08,96.704
2000-07-09,123.188
2000-07-10,161.388
2000-07-11,180.617
2000-07-12,168.74
2000-07-13,141.426
2000-07-14,116.126
2000-07-15,101.842
2000-07-16,90.024
2000-07-17,79.312
2000-07-18,73.745
2000-07-19,71.66
2000-07-20,71.079
2000-07-21,72.36
2000-07-22,75.86
2000-07-23,77.385
2000-07-24,73.239
2000-07-25,68.125
2000-07-26,65.765
2000-07-27,65.183
2000-07-28,64.895
2000-07-29,64.299
2000-07-30,62.331
2000-07-31,60.25
2000-08-01,58.906
2000-08-02,58.143
2000-08-03,57.611
2000-08-04,57.038
2000-08-05,55.981
2000-08-06,54.783
2000-08-07,53.781
2000-08-08,52.96
2000-08-09,52.09
2000-08-10,51.241
2000-08-11,50.47
2000-08-12,49.692
2000-08-13,49.102
2000-08-14,48.697
2000-08-15,48.45
2000-08-16,48.471
2000-08-17,49.228
2000-08-18,51.229
2000-08-19,53.712
2000-08-20,54.867
2000-08-21,53.13
2000-08-22,51.709
2000-08-23,53.008
2000-08-24,55.258
2000-08-25,58.804
2000-08-26,57.585
2000-08-27,51.349
2000-08-28,48.584
2000-08-29,52.664
2000-08-30,65.122
2000-08-31,82.647
2000-09-01,98.64
2000-09-02,96.705
2000-09-03,85.832
2000-09-04,77.928
2000-09-05,70.465
2000-09-06,58.724
2000-09-07,45.537
2000-09-08,38.032
2000-09-09,35.795
2000-09-10,36.11
2000-09-11,37.208
2000-09-12,37.577
2000-09-13,38.111
2000-09-14,37.863
2000-09-15,36.395
2000-09-16,35.235
2000-09-17,34.45
2000-09-18,33.016
2000-09-19,32.102
2000-09-20,32.156
2000-09-21,32.235
2000-09-22,32.5
2000-09-23,34.302
2000-09-24,38.77
2000-09-25,41.936
2000-09-26,40.571
2000-09-27,40.875
2000-09-28,38.304
2000-09-29,35.868
2000-09-30,38.08
2000-10-01,39.161
2000-10-02,43.648
2000-10-03,54.0
2000-10-04,71.774
2000-10-05,73.923
2000-10-06,70.053
2000-10-07,64.929
2000-10-08,65.691
2000-10-09,69.442
2000-10-10,73.245
2000-10-11,88.206
2000-10-12,114.873
2000-10-13,124.701
2000-10-14,135.512
2000-10-15,154.753
2000-10-16,176.833
2000-10-17,187.053
2000-10-18,195.684
2000-10-19,213.024
2000-10-20,241.846
2000-10-21,291.691
2000-10-22,336.462
2000-10-23,361.119
2000-10-24,385.049
2000-10-25,407.011
2000-10-26,411.21
2000-10-27,475.52
2000-10-28,520.241
2000-10-29,402.076
2000-10-30,241.748
2000-10-31,186.825
2000-11-01,202.961
2000-11-02,300.435
2000-11-03,579.78
2000-11-04,805.462
2000-11-05,891.937
2000-11-06,922.469
2000-11-07,870.728
2000-11-08,683.366
2000-11-09,473.349
2000-11-10,371.03
2000-11-11,355.787
2000-11-12,320.3
2000-11-13,315.725
2000-11-14,705.731
2000-11-15,1204.14
2000-11-16,1152.58
2000-11-17,828.488
2000-11-18,676.697
2000-11-19,586.076
2000-11-20,585.75
2000-11-21,652.158
2000-11-22,689.04
2000-11-23,622.108
2000-11-24,523.292
2000-11-25,500.081
2000-11-26,463.518
2000-11-27,384.274
2000-11-28,370.811
2000-11-29,423.808
2000-11-30,484.208
2000-12-01,524.764
2000-12-02,611.494
2000-12-03,703.769
2000-12-04,761.715
2000-12-05,825.262
2000-12-06,831.122
2000-12-07,787.096
2000-12-08,676.714
2000-12-09,528.88
2000-12-10,492.657
2000-12-11,572.582
2000-12-12,670.26
2000-12-13,687.641
2000-12-14,550.188
2000-12-15,510.417
2000-12-16,610.068
2000-12-17,801.48
2000-12-18,1183.765
2000-12-19,1324.644
2000-12-20,1005.102
2000-12-21,736.575
2000-12-22,617.713
2000-12-23,705.495
2000-12-24,1164.419
2000-12-25,1301.55
2000-12-26,1149.627
2000-12-27,1478.044
2000-12-28,1574.399
2000-12-29,1262.04
2000-12-30,1035.78
2000-12-31,864.574
2001-01-01,766.468
2001-01-02,737.154
2001-01-03,737.822
2001-01-04,782.952
2001-01-05,831.782
2001-01-06,887.455
2001-01-07,946.811
2001-01-08,942.634
2001-01-09,937.638
2001-01-10,892.383
2001-01-11,948.92
2001-01-12,1013.635
2001-01-13,1128.672
2001-01-14,1389.656
2001-01-15,1602.58
2001-01-16,1589.125
2001-01-17,1458.76
2001-01-18,1428.383
2001-01-19,1681.54
2001-01-20,1802.772
2001-01-21,1769.549
2001-01-22,1662.21
2001-01-23,1460.244
2001-01-24,1336.236
2001-01-25,1317.633
2001-01-26,1332.958
2001-01-27,1441.296
2001-01-28,1804.344
2001-01-29,2000.122
2001-01-30,1730.528
2001-01-31,1314.937
2001-02-01,1082.113
2001-02-02,1093.034
2001-02-03,1223.323
2001-02-04,1295.31
2001-02-05,1257.373
2001-02-06,1266.376
2001-02-07,1295.267
2001-02-08,1259.765
2001-02-09,1264.2
2001-02-10,1351.763
2001-02-11,1417.278
2001-02-12,1423.587
2001-02-13,1358.981
2001-02-14,1252.052
2001-02-15,1158.558
2001-02-16,1023.764
2001-02-17,918.337
2001-02-18,870.995
2001-02-19,835.275
2001-02-20,865.505
2001-02-21,1046.009
2001-02-22,1525.662
2001-02-23,2181.623
2001-02-24,2616.275
2001-02-25,2244.072
2001-02-26,1567.877
2001-02-27,1253.518
2001-02-28,1084.611
2001-03-01,958.135
2001-03-02,869.189
2001-03-03,770.936
2001-03-04,699.041
2001-03-05,731.316
2001-03-06,740.196
2001-03-07,714.485
2001-03-08,788.016
2001-03-09,980.265
2001-03-10,1156.22
2001-03-11,1024.358
2001-03-12,762.93
2001-03-13,653.253
2001-03-14,630.562
2001-03-15,651.225
2001-03-16,676.995
2001-03-17,643.848
2001-03-18,573.706
2001-03-19,567.779
2001-03-20,820.634
2001-03-21,984.863
2001-03-22,931.121
2001-03-23,881.222
2001-03-24,828.239
2001-03-25,791.956
2001-03-26,823.555
2001-03-27,777.542
2001-03-28,695.747
2001-03-29,627.545
2001-03-30,566.269
2001-03-31,524.32
2001-04-01,538.901
2001-04-02,654.525
2001-04-03,737.393
2001-04-04,769.16
2001-04-05,782.385
2001-04-06,849.279
2001-04-07,983.043
2001-04-08,1151.788
2001-04-09,1583.8
2001-04-10,2015.963
2001-04-11,1894.568
2001-04-12,1502.725
2001-04-13,1316.51
2001-04-14,1279.262
2001-04-15,1403.675
2001-04-16,1505.578
2001-04-17,1406.254
2001-04-18,1212.375
2001-04-19,1001.592
2001-04-20,920.438
2001-04-21,1133.234
2001-04-22,1753.131
2001-04-23,1940.094
2001-04-24,1576.78
2001-04-25,1477.512
2001-04-26,1483.673
2001-04-27,1292.023
2001-04-28,1061.795
2001-04-29,941.348
2001-04-30,889.308
2001-05-01,824.882
2001-05-02,768.251
2001-05-03,742.73
2001-05-04,684.082
2001-05-05,663.906
2001-05-06,706.375
2001-05-07,746.682
2001-05-08,794.141
2001-05-09,879.599
2001-05-10,945.74
2001-05-11,1008.525
2001-05-12,1057.932
2001-05-13,966.269
2001-05-14,745.239
2001-05-15,579.601
2001-05-16,526.348
2001-05-17,560.874
2001-05-18,641.725
2001-05-19,695.441
2001-05-20,680.616
2001-05-21,655.224
2001-05-22,691.585
2001-05-23,803.914
2001-05-24,856.566
2001-05-25,737.722
2001-05-26,555.436
2001-05-27,440.27
2001-05-28,389.518
2001-05-29,370.799
2001-05-30,367.318
2001-05-31,378.772
2001-06-01,395.345
2001-06-02,411.645
2001-06-03,425.45
2001-06-04,432.889
2001-06-05,415.24
2001-06-06,378.525
2001-06-07,369.739
2001-06-08,405.251
2001-06-09,441.317
2001-06-10,433.328
2001-06-11,388.463
2001-06-12,348.556
2001-06-13,319.704
2001-06-14,297.647
2001-06-15,273.551
2001-06-16,251.503
2001-06-17,240.549
2001-06-18,241.758
2001-06-19,244.203
2001-06-20,241.61
2001-06-21,245.843
2001-06-22,257.218
2001-06-23,261.112
2001-06-24,251.166
2001-06-25,238.319
2001-06-26,238.726
2001-06-27,251.528
2001-06-28,248.66
2001-06-29,226.15
2001-06-30,203.654
2001-07-01,188.108
2001-07-02,179.025
2001-07-03,176.333
2001-07-04,180.769
2001-07-05,193.304
2001-07-06,206.385
2001-07-07,214.613
2001-07-08,209.84
2001-07-09,188.978
2001-07-10,167.852
2001-07-11,157.445
2001-07-12,155.936
2001-07-13,158.841
2001-07-14,155.614
2001-07-15,147.594
2001-07-16,143.017
2001-07-17,141.421
2001-07-18,138.51
2001-07-19,134.231
2001-07-20,130.62
2001-07-21,127.743
2001-07-22,125.983
2001-07-23,125.377
2001-07-24,125.697
2001-07-25,128.696
2001-07-26,132.632
2001-07-27,138.025
2001-07-28,142.442
2001-07-29,145.201
2001-07-30,146.199
2001-07-31,141.365
2001-08-01,137.752
2001-08-02,152.587
2001-08-03,175.509
2001-08-04,207.968
2001-08-05,249.306
2001-08-06,314.087
2001-08-07,381.106
2001-08-08,407.072
2001-08-09,354.89
2001-08-10,241.492
2001-08-11,152.916
2001-08-12,114.475
2001-08-13,106.468
2001-08-14,114.357
2001-08-15,121.834
2001-08-16,116.243
2001-08-17,108.869
2001-08-18,110.462
2001-08-19,133.188
2001-08-20,163.015
2001-08-21,148.543
2001-08-22,123.08
2001-08-23,118.938
2001-08-24,128.863
2001-08-25,149.893
2001-08-26,195.962
2001-08-27,276.162
2001-08-28,344.91
2001-08-29,384.178
2001-08-30,381.972
2001-08-31,355.388
2001-09-01,325.705
2001-09-02,259.174
2001-09-03,188.702
2001-09-04,149.083
2001-09-05,124.567
2001-09-06,108.061
2001-09-07,100.205
2001-09-08,96.823
2001-09-09,94.622
2001-09-10,94.089
2001-09-11,94.308
2001-09-12,93.389
2001-09-13,90.828
2001-09-14,86.888
2001-09-15,83.836
2001-09-16,82.815
2001-09-17,81.442
2001-09-18,117.137
2001-09-19,334.069
2001-09-20,392.677
2001-09-21,231.108
2001-09-22,139.933
2001-09-23,113.559
2001-09-24,104.744
2001-09-25,101.79
2001-09-26,107.363
2001-09-27,129.343
2001-09-28,174.178
2001-09-29,215.332
2001-09-30,253.961
2001-10-01,331.02
2001-10-02,424.088
2001-10-03,451.685
2001-10-04,440.912
2001-10-05,540.34
2001-10-06,716.339
2001-10-07,863.81
2001-10-08,921.019
2001-10-09,888.09
2001-10-10,856.515
2001-10-11,839.74
2001-10-12,770.515
2001-10-13,720.082
2001-10-14,757.723
2001-10-15,820.488
2001-10-16,865.405
2001-10-17,1211.591
2001-10-18,1208.189
2001-10-19,791.065
2001-10-20,571.816
2001-10-21,544.741
2001-10-22,648.952
2001-10-23,837.325
2001-10-24,1025.524
2001-10-25,1089.814
2001-10-26,939.31
2001-10-27,707.77
2001-10-28,572.188
2001-10-29,570.176
2001-10-30,662.693
2001-10-31,727.135
2001-11-01,616.526
2001-11-02,468.853
2001-11-03,434.033
2001-11-04,451.932
2001-11-05,468.931
2001-11-06,515.68
2001-11-07,627.984
2001-11-08,636.96
2001-11-09,703.63
2001-11-10,993.272
2001-11-11,1330.066
2001-11-12,1676.248
2001-11-13,1843.35
2001-11-14,1759.672
2001-11-15,1738.471
2001-11-16,1704.396
2001-11-17,2044.781
2001-11-18,2053.893
2001-11-19,1666.022
2001-11-20,1502.699
2001-11-21,1562.311
2001-11-22,1579.898
2001-11-23,1388.877
2001-11-24,1236.676
2001-11-25,1313.267
2001-11-26,1389.251
2001-11-27,1344.206
2001-11-28,1587.125
2001-11-29,1957.406
2001-11-30,2169.462
2001-12-01,2345.986
2001-12-02,2141.831
2001-12-03,1751.829
2001-12-04,1571.936
2001-12-05,1524.872
2001-12-06,1399.135
2001-12-07,1193.261
2001-12-08,1002.437
2001-12-09,880.112
2001-12-10,856.188
2001-12-11,897.652
2001-12-12,937.879
2001-12-13,940.538
2001-12-14,936.023
2001-12-15,925.637
2001-12-16,898.176
2001-12-17,875.562
2001-12-18,929.817
2001-12-19,1069.326
2001-12-20,1419.014
2001-12-21,1397.463
2001-12-22,1098.266
2001-12-23,921.793
2001-12-24,789.789
2001-12-25,676.71
2001-12-26,598.715
2001-12-27,551.865
2001-12-28,528.06
2001-12-29,532.452
2001-12-30,553.17
2001-12-31,555.442
2002-01-01,514.945
2002-01-02,493.379
2002-01-03,532.562
2002-01-04,601.635
2002-01-05,620.303
2002-01-06,566.678
2002-01-07,546.243
2002-01-08,558.964
2002-01-09,562.518
2002-01-10,618.462
2002-01-11,735.233
2002-01-12,818.192
2002-01-13,855.168
2002-01-14,788.622
2002-01-15,751.082
2002-01-16,791.996
2002-01-17,823.526
2002-01-18,892.888
2002-01-19,1061.056
2002-01-20,1221.71
2002-01-21,1193.648
2002-01-22,1074.896
2002-01-23,946.285
2002-01-24,840.199
2002-01-25,795.554
2002-01-26,962.118
2002-01-27,1146.065
2002-01-28,1224.61
2002-01-29,1250.25
2002-01-30,1212.498
2002-01-31,1114.481
2002-02-01,1061.608
2002-02-02,1182.251
2002-02-03,1558.194
2002-02-04,1583.584
2002-02-05,1363.967
2002-02-06,1265.782
2002-02-07,1295.589
2002-02-08,1416.203
2002-02-09,1486.997
2002-02-10,1435.956
2002-02-11,1330.192
2002-02-12,1203.96
2002-02-13,1080.588
2002-02-14,991.907
2002-02-15,1028.415
2002-02-16,1321.558
2002-02-17,1336.236
2002-02-18,988.054
2002-02-19,748.872
2002-02-20,661.486
2002-02-21,661.867
2002-02-22,710.285
2002-02-23,766.194
2002-02-24,792.705
2002-02-25,776.047
2002-02-26,857.065
2002-02-27,1406.988
2002-02-28,1630.24
2002-03-01,1365.637
2002-03-02,1179.808
2002-03-03,1006.99
2002-03-04,830.742
2002-03-05,761.725
2002-03-06,812.755
2002-03-07,864.788
2002-03-08,861.662
2002-03-09,822.084
2002-03-10,750.825
2002-03-11,706.117
2002-03-12,687.695
2002-03-13,674.522
2002-03-14,723.2
2002-03-15,809.53
2002-03-16,849.025
2002-03-17,962.42
2002-03-18,1523.627
2002-03-19,2159.233
2002-03-20,2224.095
2002-03-21,1794.387
2002-03-22,1352.214
2002-03-23,1112.973
2002-03-24,1009.162
2002-03-25,1051.695
2002-03-26,1143.495
2002-03-27,1264.723
2002-03-28,1269.962
2002-03-29,1159.792
2002-03-30,1137.599
2002-03-31,1151.196
2002-04-01,1166.006
2002-04-02,1162.912
2002-04-03,1200.367
2002-04-04,1286.607
2002-04-05,1325.395
2002-04-06,1246.815
2002-04-07,1102.48
2002-04-08,1003.838
2002-04-09,1082.096
2002-04-10,1161.612
2002-04-11,1286.15
2002-04-12,1718.012
2002-04-13,1730.035
2002-04-14,1393.989
2002-04-15,1185.737
2002-04-16,1047.186
2002-04-17,932.999
2002-04-18,924.353
2002-04-19,1011.401
2002-04-20,1084.711
2002-04-21,1147.516
2002-04-22,1174.57
2002-04-23,1097.134
2002-04-24,972.333
2002-04-25,892.758
2002-04-26,935.264
2002-04-27,1126.47
2002-04-28,1213.238
2002-04-29,1187.785
2002-04-30,1148.719
2002-05-01,1180.979
2002-05-02,1363.225
2002-05-03,1534.371
2002-05-04,1834.518
2002-05-05,1918.992
2002-05-06,1765.949
2002-05-07,1624.501
2002-05-08,1544.383
2002-05-09,1566.065
2002-05-10,1627.593
2002-05-11,1605.332
2002-05-12,1658.251
2002-05-13,1880.017
2002-05-14,2110.747
2002-05-15,2278.325
2002-05-16,2334.587
2002-05-17,2370.573
2002-05-18,2262.726
2002-05-19,2193.19
2002-05-20,2257.642
2002-05-21,2201.901
2002-05-22,1967.486
2002-05-23,1780.412
2002-05-24,1721.835
2002-05-25,1840.466
2002-05-26,2117.894
2002-05-27,1894.235
2002-05-28,1319.805
2002-05-29,1007.812
2002-05-30,917.273
2002-05-31,890.679
2002-06-01,859.04
2002-06-02,803.743
2002-06-03,739.7
2002-06-04,688.198
2002-06-05,654.244
2002-06-06,627.949
2002-06-07,601.321
2002-06-08,572.552
2002-06-09,544.89
2002-06-10,521.049
2002-06-11,500.535
2002-06-12,481.358
2002-06-13,462.485
2002-06-14,443.867
2002-06-15,426.114
2002-06-16,409.868
2002-06-17,394.69
2002-06-18,380.595
2002-06-19,368.088
2002-06-20,355.847
2002-06-21,343.109
2002-06-22,331.035
2002-06-23,320.205
2002-06-24,310.041
2002-06-25,300.318
2002-06-26,291.131
2002-06-27,282.677
2002-06-28,275.679
2002-06-29,270.14
2002-06-30,264.569
2002-07-01,256.52
2002-07-02,247.172
2002-07-03,239.031
2002-07-04,232.685
2002-07-05,227.521
2002-07-06,224.588
2002-07-07,223.565
2002-07-08,217.655
2002-07-09,207.875
2002-07-10,200.165
2002-07-11,195.062
2002-07-12,191.934
2002-07-13,191.298
2002-07-14,192.082
2002-07-15,192.92
2002-07-16,186.35
2002-07-17,175.368
2002-07-18,167.734
2002-07-19,162.759
2002-07-20,158.557
2002-07-21,154.801
2002-07-22,151.295
2002-07-23,147.907
2002-07-24,144.701
2002-07-25,141.588
2002-07-26,138.705
2002-07-27,135.957
2002-07-28,133.493
2002-07-29,131.199
2002-07-30,128.638
2002-07-31,126.261
2002-08-01,124.988
2002-08-02,125.132
2002-08-03,126.511
2002-08-04,125.665
2002-08-05,122.03
2002-08-06,118.187
2002-08-07,115.825
2002-08-08,112.819
2002-08-09,108.975
2002-08-10,105.786
2002-08-11,103.723
2002-08-12,102.189
2002-08-13,100.698
2002-08-14,99.872
2002-08-15,102.902
2002-08-16,110.787
2002-08-17,113.785
2002-08-18,106.402
2002-08-19,100.097
2002-08-20,105.695
2002-08-21,116.672
2002-08-22,114.566
2002-08-23,108.092
2002-08-24,113.487
2002-08-25,120.339
2002-08-26,108.584
2002-08-27,91.47
2002-08-28,83.096
2002-08-29,80.891
2002-08-30,81.592
2002-08-31,85.308
2002-09-01,89.54
2002-09-02,86.627
2002-09-03,79.683
2002-09-04,75.2
2002-09-05,73.057
2002-09-06,71.704
2002-09-07,70.698
2002-09-08,70.29
2002-09-09,70.447
2002-09-10,71.802
2002-09-11,72.964
2002-09-12,72.914
2002-09-13,73.176
2002-09-14,73.646
2002-09-15,73.413
2002-09-16,73.391
2002-09-17,75.895
2002-09-18,79.331
2002-09-19,75.305
2002-09-20,68.215
2002-09-21,65.14
2002-09-22,65.272
2002-09-23,71.032
2002-09-24,88.865
2002-09-25,102.359
2002-09-26,105.756
2002-09-27,104.681
2002-09-28,107.586
2002-09-29,110.736
2002-09-30,94.491
2002-10-01,70.899
2002-10-02,59.4
2002-10-03,56.71
2002-10-04,55.355
2002-10-05,54.368
2002-10-06,53.455
2002-10-07,53.714
2002-10-08,55.769
2002-10-09,57.801
2002-10-10,58.854
2002-10-11,62.111
2002-10-12,61.505
2002-10-13,57.936
2002-10-14,56.042
2002-10-15,66.35
2002-10-16,102.943
2002-10-17,148.985
2002-10-18,156.124
2002-10-19,142.031
2002-10-20,130.995
2002-10-21,119.227
2002-10-22,113.683
2002-10-23,130.314
2002-10-24,159.562
2002-10-25,184.649
2002-10-26,194.115
2002-10-27,180.581
2002-10-28,139.598
2002-10-29,106.769
2002-10-30,125.106
2002-10-31,169.866
2002-11-01,174.21
2002-11-02,207.342
2002-11-03,290.734
2002-11-04,356.273
2002-11-05,386.744
2002-11-06,395.161
2002-11-07,345.48
2002-11-08,307.43
2002-11-09,347.035
2002-11-10,464.671
2002-11-11,538.721
2002-11-12,471.452
2002-11-13,464.788
2002-11-14,563.696
2002-11-15,752.157
2002-11-16,923.808
2002-11-17,1047.799
2002-11-18,1017.555
2002-11-19,807.808
2002-11-20,645.945
2002-11-21,640.471
2002-11-22,700.918
2002-11-23,682.3
2002-11-24,668.778
2002-11-25,738.679
2002-11-26,760.305
2002-11-27,760.574
2002-11-28,813.81
2002-11-29,939.351
2002-11-30,1049.349
2002-12-01,1110.45
2002-12-02,1194.981
2002-12-03,1202.159
2002-12-04,1132.386
2002-12-05,1078.248
2002-12-06,959.416
2002-12-07,793.338
2002-12-08,798.132
2002-12-09,1231.652
2002-12-10,1303.142
2002-12-11,946.957
2002-12-12,690.041
2002-12-13,624.106
2002-12-14,609.794
2002-12-15,607.42
2002-12-16,539.73
2002-12-17,483.13
2002-12-18,522.403
2002-12-19,666.821
2002-12-20,785.811
2002-12-21,880.492
2002-12-22,1001.608
2002-12-23,1058.473
2002-12-24,1006.032
2002-12-25,893.309
2002-12-26,777.652
2002-12-27,740.32
2002-12-28,777.041
2002-12-29,826.017
2002-12-30,877.38
2002-12-31,912.013
2003-01-01,955.665
2003-01-02,1225.562
2003-01-03,1288.329
2003-01-04,1116.715
2003-01-05,1072.985
2003-01-06,1195.885
2003-01-07,1451.716
2003-01-08,1540.055
2003-01-09,1374.854
2003-01-10,1172.038
2003-01-11,1076.496
2003-01-12,1038.043
2003-01-13,935.815
2003-01-14,843.642
2003-01-15,836.817
2003-01-16,888.064
2003-01-17,1013.153
2003-01-18,1126.15
2003-01-19,1196.019
2003-01-20,1227.15
2003-01-21,1160.072
2003-01-22,1092.013
2003-01-23,1089.464
2003-01-24,1038.793
2003-01-25,924.981
2003-01-26,840.77
2003-01-27,747.648
2003-01-28,670.503
2003-01-29,609.692
2003-01-30,546.736
2003-01-31,504.63
2003-02-01,508.759
2003-02-02,571.935
2003-02-03,776.895
2003-02-04,1225.732
2003-02-05,1552.663
2003-02-06,1279.656
2003-02-07,795.428
2003-02-08,577.161
2003-02-09,570.083
2003-02-10,588.46
2003-02-11,588.229
2003-02-12,566.775
2003-02-13,533.588
2003-02-14,482.295
2003-02-15,415.02
2003-02-16,360.655
2003-02-17,324.877
2003-02-18,300.894
2003-02-19,289.539
2003-02-20,292.61
2003-02-21,305.187
2003-02-22,332.034
2003-02-23,370.138
2003-02-24,407.503
2003-02-25,490.473
2003-02-26,605.175
2003-02-27,660.127
2003-02-28,636.6
2003-03-01,590.821
2003-03-02,593.387
2003-03-03,647.275
2003-03-04,722.462
2003-03-05,794.669
2003-03-06,761.325
2003-03-07,609.751
2003-03-08,456.09
2003-03-09,356.392
2003-03-10,306.786
2003-03-11,287.217
2003-03-12,290.048
2003-03-13,350.098
2003-03-14,471.417
2003-03-15,584.53
2003-03-16,662.668
2003-03-17,632.818
2003-03-18,494.286
2003-03-19,386.59
2003-03-20,361.035
2003-03-21,331.076
2003-03-22,305.008
2003-03-23,388.834
2003-03-24,733.217
2003-03-25,839.82
2003-03-26,676.149
2003-03-27,637.967
2003-03-28,651.021
2003-03-29,606.442
2003-03-30,524.141
2003-03-31,474.031
2003-04-01,434.242
2003-04-02,397.855
2003-04-03,383.009
2003-04-04,412.203
2003-04-05,528.537
2003-04-06,656.304
2003-04-07,794.195
2003-04-08,1101.87
2003-04-09,1216.309
2003-04-10,953.338
2003-04-11,703.7
2003-04-12,649.512
2003-04-13,701.317
2003-04-14,725.498
2003-04-15,675.958
2003-04-16,643.104
2003-04-17,651.733
2003-04-18,601.295
2003-04-19,515.842
2003-04-20,485.189
2003-04-21,530.66
2003-04-22,551.872
2003-04-23,494.688
2003-04-24,430.52
2003-04-25,399.655
2003-04-26,427.631
2003-04-27,527.671
2003-04-28,639.274
2003-04-29,707.507
2003-04-30,678.8
2003-05-01,710.04
2003-05-02,866.377
2003-05-03,1006.146
2003-05-04,1038.655
2003-05-05,1087.318
2003-05-06,1199.865
2003-05-07,1244.041
2003-05-08,1230.772
2003-05-09,1127.767
2003-05-10,899.028
2003-05-11,780.682
2003-05-12,813.296
2003-05-13,1218.776
2003-05-14,1441.96
2003-05-15,1330.5
2003-05-16,1575.476
2003-05-17,1561.488
2003-05-18,1192.078
2003-05-19,1076.187
2003-05-20,1069.436
2003-05-21,1040.573
2003-05-22,1068.867
2003-05-23,1419.576
2003-05-24,1569.525
2003-05-25,1458.887
2003-05-26,1214.397
2003-05-27,879.83
2003-05-28,754.121
2003-05-29,772.32
2003-05-30,835.398
2003-05-31,811.068
2003-06-01,674.718
2003-06-02,548.008
2003-06-03,474.189
2003-06-04,429.396
2003-06-05,402.948
2003-06-06,390.762
2003-06-07,383.4
2003-06-08,376.22
2003-06-09,375.974
2003-06-10,395.098
2003-06-11,416.554
2003-06-12,420.07
2003-06-13,410.955
2003-06-14,382.756
2003-06-15,336.436
2003-06-16,303.295
2003-06-17,294.828
2003-06-18,291.284
2003-06-19,285.211
2003-06-20,279.635
2003-06-21,283.931
2003-06-22,290.155
2003-06-23,272.381
2003-06-24,244.866
2003-06-25,229.533
2003-06-26,221.285
2003-06-27,213.872
2003-06-28,207.138
2003-06-29,201.644
2003-06-30,198.741
2003-07-01,201.644
2003-07-02,211.573
2003-07-03,216.314
2003-07-04,208.924
2003-07-05,202.689
2003-07-06,200.328
2003-07-07,200.512
2003-07-08,190.346
2003-07-09,175.569
2003-07-10,171.995
2003-07-11,179.981
2003-07-12,198.562
2003-07-13,215.548
2003-07-14,224.147
2003-07-15,217.319
2003-07-16,196.097
2003-07-17,172.74
2003-07-18,162.078
2003-07-19,173.87
2003-07-20,200.633
2003-07-21,228.226
2003-07-22,231.561
2003-07-23,203.032
2003-07-24,169.935
2003-07-25,153.104
2003-07-26,146.987
2003-07-27,143.874
2003-07-28,142.027
2003-07-29,140.031
2003-07-30,135.967
2003-07-31,130.896
2003-08-01,126.784
2003-08-02,123.503
2003-08-03,122.171
2003-08-04,127.979
2003-08-05,136.011
2003-08-06,141.222
2003-08-07,140.871
2003-08-08,136.982
2003-08-09,133.618
2003-08-10,122.869
2003-08-11,109.151
2003-08-12,101.466
2003-08-13,98.105
2003-08-14,96.001
2003-08-15,94.26
2003-08-16,92.698
2003-08-17,91.332
2003-08-18,89.969
2003-08-19,88.708
2003-08-20,87.837
2003-08-21,88.148
2003-08-22,87.563
2003-08-23,85.068
2003-08-24,82.878
2003-08-25,84.71
2003-08-26,93.648
2003-08-27,100.584
2003-08-28,96.175
2003-08-29,88.452
2003-08-30,83.612
2003-08-31,80.02
2003-09-01,77.306
2003-09-02,81.206
2003-09-03,93.325
2003-09-04,110.096
2003-09-05,107.255
2003-09-06,95.325
2003-09-07,89.995
2003-09-08,86.88
2003-09-09,83.777
2003-09-10,89.12
2003-09-11,108.48
2003-09-12,116.956
2003-09-13,103.766
2003-09-14,87.624
2003-09-15,81.857
2003-09-16,97.376
2003-09-17,93.484
2003-09-18,90.845
2003-09-19,105.136
2003-09-20,144.388
2003-09-21,176.534
2003-09-22,211.874
2003-09-23,261.981
2003-09-24,281.675
2003-09-25,234.135
2003-09-26,191.562
2003-09-27,187.94
2003-09-28,187.775
2003-09-29,195.485
2003-09-30,173.349
2003-10-01,133.955
2003-10-02,119.849
2003-10-03,122.93
2003-10-04,128.461
2003-10-05,145.107
2003-10-06,174.176
2003-10-07,186.997
2003-10-08,168.445
2003-10-09,151.854
2003-10-10,139.83
2003-10-11,126.6
2003-10-12,113.909
2003-10-13,114.155
2003-10-14,152.279
2003-10-15,155.701
2003-10-16,135.28
2003-10-17,134.132
2003-10-18,147.116
2003-10-19,200.476
2003-10-20,272.359
2003-10-21,384.843
2003-10-22,519.066
2003-10-23,653.359
2003-10-24,729.652
2003-10-25,633.65
2003-10-26,418.458
2003-10-27,238.371
2003-10-28,153.281
2003-10-29,129.452
2003-10-30,154.175
2003-10-31,211.031
2003-11-01,313.308
2003-11-02,390.451
2003-11-03,433.428
2003-11-04,504.515
2003-11-05,550.119
2003-11-06,476.649
2003-11-07,358.923
2003-11-08,301.972
2003-11-09,298.723
2003-11-10,327.05
2003-11-11,387.022
2003-11-12,527.619
2003-11-13,720.279
2003-11-14,805.669
2003-11-15,686.264
2003-11-16,584.149
2003-11-17,632.155
2003-11-18,741.768
2003-11-19,831.937
2003-11-20,895.49
2003-11-21,880.732
2003-11-22,865.215
2003-11-23,875.181
2003-11-24,782.595
2003-11-25,609.555
2003-11-26,482.79
2003-11-27,446.901
2003-11-28,460.275
2003-11-29,537.602
2003-11-30,703.04
2003-12-01,832.031
2003-12-02,708.428
2003-12-03,479.328
2003-12-04,350.77
2003-12-05,326.605
2003-12-06,335.672
2003-12-07,365.706
2003-12-08,420.779
2003-12-09,521.017
2003-12-10,636.272
2003-12-11,700.93
2003-12-12,728.724
2003-12-13,738.138
2003-12-14,762.255
2003-12-15,794.056
2003-12-16,884.411
2003-12-17,906.934
2003-12-18,811.096
2003-12-19,789.49
2003-12-20,934.572
2003-12-21,989.909
2003-12-22,818.62
2003-12-23,689.646
2003-12-24,646.818
2003-12-25,605.389
2003-12-26,634.773
2003-12-27,738.023
2003-12-28,766.237
2003-12-29,719.248
2003-12-30,640.864
2003-12-31,538.689
2004-01-01,484.755
2004-01-02,477.746
2004-01-03,482.643
2004-01-04,506.043
2004-01-05,567.062
2004-01-06,661.926
2004-01-07,698.917
2004-01-08,593.946
2004-01-09,487.267
2004-01-10,423.723
2004-01-11,375.463
2004-01-12,335.491
2004-01-13,304.458
2004-01-14,303.631
2004-01-15,364.017
2004-01-16,464.173
2004-01-17,513.7
2004-01-18,502.541
2004-01-19,475.596
2004-01-20,428.024
2004-01-21,372.805
2004-01-22,326.175
2004-01-23,284.343
2004-01-24,269.185
2004-01-25,309.348
2004-01-26,359.155
2004-01-27,409.5
2004-01-28,497.191
2004-01-29,595.6
2004-01-30,697.39
2004-01-31,716.816
2004-02-01,664.489
2004-02-02,749.929
2004-02-03,1259.658
2004-02-04,1387.492
2004-02-05,1037.22
2004-02-06,880.62
2004-02-07,886.549
2004-02-08,871.678
2004-02-09,744.362
2004-02-10,554.012
2004-02-11,423.769
2004-02-12,379.412
2004-02-13,361.809
2004-02-14,361.836
2004-02-15,400.651
2004-02-16,471.751
2004-02-17,549.835
2004-02-18,647.28
2004-02-19,707.505
2004-02-20,653.51
2004-02-21,561.591
2004-02-22,517.626
2004-02-23,436.765
2004-02-24,367.43
2004-02-25,357.734
2004-02-26,367.68
2004-02-27,360.238
2004-02-28,321.849
2004-02-29,322.706
2004-03-01,386.666
2004-03-02,490.241
2004-03-03,686.879
2004-03-04,1027.169
2004-03-05,1081.5
2004-03-06,915.012
2004-03-07,1018.139
2004-03-08,1120.527
2004-03-09,1013.607
2004-03-10,926.744
2004-03-11,882.783
2004-03-12,889.42
2004-03-13,1148.039
2004-03-14,1283.851
2004-03-15,1132.467
2004-03-16,939.804
2004-03-17,876.212
2004-03-18,929.297
2004-03-19,964.74
2004-03-20,939.884
2004-03-21,878.879
2004-03-22,873.895
2004-03-23,886.746
2004-03-24,939.509
2004-03-25,1072.937
2004-03-26,1228.418
2004-03-27,1301.561
2004-03-28,1220.482
2004-03-29,1082.46
2004-03-30,937.471
2004-03-31,792.078
2004-04-01,679.984
2004-04-02,618.027
2004-04-03,646.728
2004-04-04,746.806
2004-04-05,847.285
2004-04-06,903.989
2004-04-07,875.252
2004-04-08,717.182
2004-04-09,586.95
2004-04-10,603.204
2004-04-11,729.294
2004-04-12,810.986
2004-04-13,817.681
2004-04-14,883.761
2004-04-15,1130.448
2004-04-16,1237.601
2004-04-17,1104.063
2004-04-18,1018.465
2004-04-19,1121.009
2004-04-20,1566.371
2004-04-21,1776.772
2004-04-22,1523.695
2004-04-23,1257.056
2004-04-24,1259.092
2004-04-25,1296.375
2004-04-26,1252.159
2004-04-27,1268.14
2004-04-28,1375.22
2004-04-29,1467.877
2004-04-30,1460.888
2004-05-01,1312.258
2004-05-02,1092.319
2004-05-03,929.812
2004-05-04,854.863
2004-05-05,856.325
2004-05-06,848.052
2004-05-07,815.51
2004-05-08,806.356
2004-05-09,826.358
2004-05-10,847.993
2004-05-11,891.962
2004-05-12,889.935
2004-05-13,821.581
2004-05-14,758.087
2004-05-15,710.288
2004-05-16,703.919
2004-05-17,763.956
2004-05-18,781.191
2004-05-19,719.905
2004-05-20,642.32
2004-05-21,548.252
2004-05-22,490.685
2004-05-23,671.291
2004-05-24,1028.951
2004-05-25,1016.558
2004-05-26,736.825
2004-05-27,548.099
2004-05-28,463.297
2004-05-29,431.782
2004-05-30,412.459
2004-05-31,386.787
2004-06-01,357.964
2004-06-02,335.442
2004-06-03,323.343
2004-06-04,310.919
2004-06-05,298.32
2004-06-06,291.054
2004-06-07,280.677
2004-06-08,266.848
2004-06-09,256.265
2004-06-10,248.229
2004-06-11,241.747
2004-06-12,238.234
2004-06-13,238.605
2004-06-14,249.049
2004-06-15,266.848
2004-06-16,278.681
2004-06-17,271.68
2004-06-18,245.793
2004-06-19,224.06
2004-06-20,208.627
2004-06-21,195.623
2004-06-22,187.767
2004-06-23,182.864
2004-06-24,179.335
2004-06-25,175.14
2004-06-26,170.559
2004-06-27,166.067
2004-06-28,162.152
2004-06-29,162.142
2004-06-30,172.012
2004-07-01,176.635
2004-07-02,176.817
2004-07-03,181.665
2004-07-04,177.671
2004-07-05,160.072
2004-07-06,143.454
2004-07-07,135.207
2004-07-08,132.741
2004-07-09,134.607
2004-07-10,141.661
2004-07-11,149.325
2004-07-12,142.577
2004-07-13,128.265
2004-07-14,119.592
2004-07-15,115.473
2004-07-16,112.547
2004-07-17,109.993
2004-07-18,107.66
2004-07-19,105.386
2004-07-20,103.152
2004-07-21,101.012
2004-07-22,98.864
2004-07-23,96.836
2004-07-24,95.015
2004-07-25,93.542
2004-07-26,92.12
2004-07-27,90.65
2004-07-28,89.025
2004-07-29,87.538
2004-07-30,85.982
2004-07-31,85.102
2004-08-01,84.674
2004-08-02,82.95
2004-08-03,81.058
2004-08-04,79.367
2004-08-05,79.666
2004-08-06,80.756
2004-08-07,82.701
2004-08-08,91.505
2004-08-09,106.553
2004-08-10,130.281
2004-08-11,149.331
2004-08-12,145.467
2004-08-13,117.548
2004-08-14,91.557
2004-08-15,85.079
2004-08-16,97.103
2004-08-17,106.723
2004-08-18,108.2
2004-08-19,97.986
2004-08-20,84.897
2004-08-21,74.102
2004-08-22,71.72
2004-08-23,84.817
2004-08-24,124.946
2004-08-25,172.821
2004-08-26,214.87
2004-08-27,247.955
2004-08-28,251.478
2004-08-29,247.457
2004-08-30,228.387
2004-08-31,183.251
2004-09-01,149.459
2004-09-02,120.925
2004-09-03,94.823
2004-09-04,74.33
2004-09-05,61.829
2004-09-06,56.825
2004-09-07,56.244
2004-09-08,58.404
2004-09-09,64.544
2004-09-10,84.791
2004-09-11,100.335
2004-09-12,96.179
2004-09-13,83.015
2004-09-14,88.42
2004-09-15,92.41
2004-09-16,95.634
2004-09-17,136.746
2004-09-18,223.962
2004-09-19,325.004
2004-09-20,530.804
2004-09-21,613.835
2004-09-22,515.986
2004-09-23,476.029
2004-09-24,416.091
2004-09-25,316.839
2004-09-26,220.052
2004-09-27,142.688
2004-09-28,105.5
2004-09-29,91.416
2004-09-30,83.704
2004-10-01,85.621
2004-10-02,97.545
2004-10-03,126.858
2004-10-04,192.98
2004-10-05,260.88
2004-10-06,309.502
2004-10-07,329.246
2004-10-08,316.785
2004-10-09,288.858
2004-10-10,297.479
2004-10-11,359.376
2004-10-12,487.574
2004-10-13,642.672
2004-10-14,664.313
2004-10-15,529.416
2004-10-16,394.074
2004-10-17,348.543
2004-10-18,344.551
2004-10-19,329.907
2004-10-20,289.133
2004-10-21,225.403
2004-10-22,167.515
2004-10-23,158.913
2004-10-24,167.196
2004-10-25,162.422
2004-10-26,167.0
2004-10-27,160.373
2004-10-28,160.333
2004-10-29,195.708
2004-10-30,223.942
2004-10-31,276.373
2004-11-01,337.262
2004-11-02,319.759
2004-11-03,265.634
2004-11-04,238.652
2004-11-05,223.483
2004-11-06,259.627
2004-11-07,308.099
2004-11-08,401.868
2004-11-09,520.007
2004-11-10,622.002
2004-11-11,751.062
2004-11-12,858.617
2004-11-13,847.183
2004-11-14,774.164
2004-11-15,721.798
2004-11-16,768.545
2004-11-17,888.092
2004-11-18,919.894
2004-11-19,866.116
2004-11-20,773.608
2004-11-21,706.391
2004-11-22,735.59
2004-11-23,809.123
2004-11-24,870.794
2004-11-25,912.675
2004-11-26,942.773
2004-11-27,981.396
2004-11-28,982.367
2004-11-29,906.039
2004-11-30,804.245
2004-12-01,718.122
2004-12-02,691.558
2004-12-03,718.668
2004-12-04,731.872
2004-12-05,688.268
2004-12-06,717.417
2004-12-07,919.605
2004-12-08,1078.921
2004-12-09,1050.211
2004-12-10,1002.56
2004-12-11,969.137
2004-12-12,840.721
2004-12-13,675.082
2004-12-14,585.036
2004-12-15,531.929
2004-12-16,547.513
2004-12-17,634.382
2004-12-18,688.211
2004-12-19,685.353
2004-12-20,665.99
2004-12-21,699.804
2004-12-22,757.978
2004-12-23,828.317
2004-12-24,864.898
2004-12-25,806.373
2004-12-26,739.446
2004-12-27,765.549
2004-12-28,772.412
2004-12-29,747.983
2004-12-30,800.232
2004-12-31,905.51
2005-01-01,978.849
2005-01-02,964.932
2005-01-03,972.279
2005-01-04,964.706
2005-01-05,901.918
2005-01-06,920.999
2005-01-07,977.982
2005-01-08,993.95
2005-01-09,909.304
2005-01-10,737.861
2005-01-11,603.419
2005-01-12,577.283
2005-01-13,681.774
2005-01-14,840.864
2005-01-15,933.747
2005-01-16,909.249
2005-01-17,809.43
2005-01-18,783.1
2005-01-19,860.308
2005-01-20,865.56
2005-01-21,794.127
2005-01-22,804.485
2005-01-23,797.7
2005-01-24,745.385
2005-01-25,724.966
2005-01-26,729.992
2005-01-27,776.94
2005-01-28,904.945
2005-01-29,1037.887
2005-01-30,1085.15
2005-01-31,985.264
2005-02-01,781.9
2005-02-02,595.406
2005-02-03,503.704
2005-02-04,466.581
2005-02-05,440.053
2005-02-06,405.755
2005-02-07,386.474
2005-02-08,405.739
2005-02-09,441.542
2005-02-10,477.561
2005-02-11,526.336
2005-02-12,584.928
2005-02-13,646.249
2005-02-14,663.282
2005-02-15,687.217
2005-02-16,781.535
2005-02-17,974.656
2005-02-18,1013.147
2005-02-19,812.513
2005-02-20,587.807
2005-02-21,443.95
2005-02-22,447.152
2005-02-23,539.949
2005-02-24,615.614
2005-02-25,606.964
2005-02-26,535.452
2005-02-27,438.747
2005-02-28,337.504
2005-03-01,282.235
2005-03-02,265.21
2005-03-03,260.672
2005-03-04,257.478
2005-03-05,256.59
2005-03-06,273.679
2005-03-07,285.163
2005-03-08,276.685
2005-03-09,273.436
2005-03-10,283.452
2005-03-11,282.651
2005-03-12,293.233
2005-03-13,352.359
2005-03-14,447.069
2005-03-15,513.027
2005-03-16,508.562
2005-03-17,495.264
2005-03-18,476.85
2005-03-19,472.009
2005-03-20,481.299
2005-03-21,519.065
2005-03-22,571.169
2005-03-23,638.301
2005-03-24,637.023
2005-03-25,559.311
2005-03-26,460.405
2005-03-27,413.378
2005-03-28,448.942
2005-03-29,607.09
2005-03-30,816.423
2005-03-31,997.301
2005-04-01,1397.73
2005-04-02,1574.356
2005-04-03,1414.636
2005-04-04,1224.684
2005-04-05,1145.196
2005-04-06,1163.08
2005-04-07,1148.086
2005-04-08,1095.522
2005-04-09,1064.94
2005-04-10,962.404
2005-04-11,798.363
2005-04-12,693.724
2005-04-13,649.383
2005-04-14,653.857
2005-04-15,675.65
2005-04-16,667.843
2005-04-17,623.856
2005-04-18,601.612
2005-04-19,614.351
2005-04-20,771.352
2005-04-21,1297.401
2005-04-22,1594.86
2005-04-23,1630.27
2005-04-24,1487.692
2005-04-25,1183.429
2005-04-26,1026.811
2005-04-27,990.152
2005-04-28,964.453
2005-04-29,885.168
2005-04-30,809.637
2005-05-01,759.052
2005-05-02,719.988
2005-05-03,688.867
2005-05-04,704.542
2005-05-05,765.642
2005-05-06,751.981
2005-05-07,659.996
2005-05-08,581.688
2005-05-09,544.623
2005-05-10,547.18
2005-05-11,542.692
2005-05-12,641.521
2005-05-13,818.377
2005-05-14,894.242
2005-05-15,909.042
2005-05-16,943.141
2005-05-17,969.307
2005-05-18,1172.541
2005-05-19,1531.998
2005-05-20,1534.771
2005-05-21,1332.75
2005-05-22,1330.608
2005-05-23,1335.593
2005-05-24,1236.06
2005-05-25,1087.746
2005-05-26,991.088
2005-05-27,907.344
2005-05-28,822.834
2005-05-29,766.228
2005-05-30,709.471
2005-05-31,650.333
2005-06-01,631.506
2005-06-02,643.024
2005-06-03,664.834
2005-06-04,665.162
2005-06-05,653.997
2005-06-06,658.37
2005-06-07,654.798
2005-06-08,634.735
2005-06-09,616.546
2005-06-10,654.027
2005-06-11,725.181
2005-06-12,776.628
2005-06-13,822.166
2005-06-14,878.944
2005-06-15,876.142
2005-06-16,777.651
2005-06-17,675.227
2005-06-18,601.662
2005-06-19,535.194
2005-06-20,474.399
2005-06-21,420.256
2005-06-22,394.759
2005-06-23,405.438
2005-06-24,447.145
2005-06-25,477.097
2005-06-26,471.436
2005-06-27,442.259
2005-06-28,404.453
2005-06-29,362.024
2005-06-30,329.451
2005-07-01,316.548
2005-07-02,302.335
2005-07-03,288.947
2005-07-04,301.84
2005-07-05,348.459
2005-07-06,361.768
2005-07-07,326.795
2005-07-08,287.435
2005-07-09,264.068
2005-07-10,249.29
2005-07-11,234.882
2005-07-12,225.352
2005-07-13,225.251
2005-07-14,232.706
2005-07-15,237.062
2005-07-16,235.606
2005-07-17,230.264
2005-07-18,220.358
2005-07-19,206.097
2005-07-20,192.295
2005-07-21,182.445
2005-07-22,175.898
2005-07-23,171.203
2005-07-24,167.817
2005-07-25,165.048
2005-07-26,162.28
2005-07-27,158.525
2005-07-28,153.83
2005-07-29,149.464
2005-07-30,145.962
2005-07-31,142.651
2005-08-01,140.178
2005-08-02,139.634
2005-08-03,139.386
2005-08-04,137.335
2005-08-05,133.836
2005-08-06,129.746
2005-08-07,126.591
2005-08-08,123.157
2005-08-09,120.182
2005-08-10,118.186
2005-08-11,118.017
2005-08-12,125.075
2005-08-13,125.558
2005-08-14,117.954
2005-08-15,113.047
2005-08-16,112.4
2005-08-17,115.28
2005-08-18,115.627
2005-08-19,115.63
2005-08-20,116.566
2005-08-21,120.59
2005-08-22,130.724
2005-08-23,145.173
2005-08-24,160.903
2005-08-25,182.114
2005-08-26,201.454
2005-08-27,200.224
2005-08-28,189.516
2005-08-29,206.908
2005-08-30,259.793
2005-08-31,395.121
2005-09-01,842.493
2005-09-02,1013.77
2005-09-03,780.058
2005-09-04,619.092
2005-09-05,530.038
2005-09-06,441.512
2005-09-07,320.447
2005-09-08,198.74
2005-09-09,140.604
2005-09-10,173.345
2005-09-11,180.84
2005-09-12,146.598
2005-09-13,134.886
2005-09-14,131.538
2005-09-15,147.359
2005-09-16,140.478
2005-09-17,118.089
2005-09-18,114.884
2005-09-19,172.895
2005-09-20,263.961
2005-09-21,323.311
2005-09-22,398.216
2005-09-23,518.923
2005-09-24,554.248
2005-09-25,440.718
2005-09-26,292.816
2005-09-27,217.183
2005-09-28,223.89
2005-09-29,249.099
2005-09-30,322.62
2005-10-01,361.915
2005-10-02,314.734
2005-10-03,278.07
2005-10-04,317.246
2005-10-05,411.738
2005-10-06,496.349
2005-10-07,491.94
2005-10-08,416.48
2005-10-09,303.751
2005-10-10,207.392
2005-10-11,164.798
2005-10-12,170.275
2005-10-13,188.753
2005-10-14,224.577
2005-10-15,284.595
2005-10-16,313.534
2005-10-17,316.924
2005-10-18,310.128
2005-10-19,287.263
2005-10-20,281.5
2005-10-21,319.651
2005-10-22,398.932
2005-10-23,467.407
2005-10-24,441.484
2005-10-25,360.873
2005-10-26,344.301
2005-10-27,429.941
2005-10-28,613.247
2005-10-29,776.429
2005-10-30,870.137
2005-10-31,890.887
2005-11-01,966.97
2005-11-02,881.475
2005-11-03,714.37
2005-11-04,755.992
2005-11-05,1166.663
2005-11-06,1323.765
2005-11-07,1186.532
2005-11-08,1091.746
2005-11-09,1010.058
2005-11-10,977.761
2005-11-11,1033.293
2005-11-12,1125.88
2005-11-13,1130.899
2005-11-14,941.738
2005-11-15,682.117
2005-11-16,487.14
2005-11-17,417.677
2005-11-18,502.953
2005-11-19,715.896
2005-11-20,878.5
2005-11-21,954.403
2005-11-22,924.552
2005-11-23,827.838
2005-11-24,753.82
2005-11-25,705.071
2005-11-26,646.259
2005-11-27,581.401
2005-11-28,535.893
2005-11-29,486.357
2005-11-30,490.248
2005-12-01,604.554
2005-12-02,653.545
2005-12-03,595.393
2005-12-04,529.285
2005-12-05,471.932
2005-12-06,441.989
2005-12-07,462.924
2005-12-08,519.166
2005-12-09,618.1
2005-12-10,746.52
2005-12-11,883.505
2005-12-12,961.333
2005-12-13,881.325
2005-12-14,789.245
2005-12-15,786.984
2005-12-16,798.149
2005-12-17,782.046
2005-12-18,789.43
2005-12-19,770.399
2005-12-20,660.106
2005-12-21,548.559
2005-12-22,502.475
2005-12-23,486.822
2005-12-24,444.785
2005-12-25,373.039
2005-12-26,337.765
2005-12-27,367.522
2005-12-28,418.213
2005-12-29,443.612
2005-12-30,415.972
2005-12-31,358.191
2006-01-01,305.532
2006-01-02,268.254
2006-01-03,257.715
2006-01-04,252.932
2006-01-05,243.325
2006-01-06,243.363
2006-01-07,261.187
2006-01-08,338.587
2006-01-09,657.12
2006-01-10,824.63
2006-01-11,704.113
2006-01-12,568.731
2006-01-13,439.899
2006-01-14,338.293
2006-01-15,342.932
2006-01-16,487.447
2006-01-17,708.28
2006-01-18,769.307
2006-01-19,653.643
2006-01-20,560.618
2006-01-21,526.216
2006-01-22,510.795
2006-01-23,499.153
2006-01-24,527.862
2006-01-25,610.829
2006-01-26,670.667
2006-01-27,676.192
2006-01-28,669.351
2006-01-29,638.3
2006-01-30,656.104
2006-01-31,784.017
2006-02-01,915.129
2006-02-02,901.604
2006-02-03,756.119
2006-02-04,619.522
2006-02-05,522.145
2006-02-06,444.248
2006-02-07,379.984
2006-02-08,331.793
2006-02-09,283.085
2006-02-10,237.701
2006-02-11,220.805
2006-02-12,253.182
2006-02-13,394.826
2006-02-14,526.763
2006-02-15,573.262
2006-02-16,599.805
2006-02-17,604.682
2006-02-18,540.592
2006-02-19,438.316
2006-02-20,388.639
2006-02-21,402.081
2006-02-22,384.678
2006-02-23,315.8
2006-02-24,258.78
2006-02-25,230.978
2006-02-26,234.345
2006-02-27,285.442
2006-02-28,382.534
2006-03-01,521.861
2006-03-02,621.874
2006-03-03,599.305
2006-03-04,562.237
2006-03-05,679.904
2006-03-06,815.153
2006-03-07,867.203
2006-03-08,834.777
2006-03-09,780.302
2006-03-10,866.846
2006-03-11,1258.628
2006-03-12,1385.53
2006-03-13,1073.565
2006-03-14,825.265
2006-03-15,750.374
2006-03-16,723.305
2006-03-17,603.187
2006-03-18,464.234
2006-03-19,427.29
2006-03-20,472.283
2006-03-21,635.323
2006-03-22,1189.71
2006-03-23,1411.666
2006-03-24,1053.125
2006-03-25,729.139
2006-03-26,544.619
2006-03-27,441.464
2006-03-28,455.416
2006-03-29,545.666
2006-03-30,612.696
2006-03-31,658.464
2006-04-01,776.305
2006-04-02,923.335
2006-04-03,956.008
2006-04-04,859.522
2006-04-05,808.152
2006-04-06,888.87
2006-04-07,1340.99
2006-04-08,1424.254
2006-04-09,1257.064
2006-04-10,1365.969
2006-04-11,1500.93
2006-04-12,1484.406
2006-04-13,1293.386
2006-04-14,1084.753
2006-04-15,1022.46
2006-04-16,1072.748
2006-04-17,1165.118
2006-04-18,1243.521
2006-04-19,1309.425
2006-04-20,1479.376
2006-04-21,1866.542
2006-04-22,1909.028
2006-04-23,1671.732
2006-04-24,1728.102
2006-04-25,1677.428
2006-04-26,1401.448
2006-04-27,1240.094
2006-04-28,1370.002
2006-04-29,1434.499
2006-04-30,1317.142
2006-05-01,1195.828
2006-05-02,1230.763
2006-05-03,1455.774
2006-05-04,1498.348
2006-05-05,1332.748
2006-05-06,1241.54
2006-05-07,1282.856
2006-05-08,1341.328
2006-05-09,1370.116
2006-05-10,1439.51
2006-05-11,1411.26
2006-05-12,1243.054
2006-05-13,1107.321
2006-05-14,1024.761
2006-05-15,1027.9
2006-05-16,1006.238
2006-05-17,1071.002
2006-05-18,1259.558
2006-05-19,1392.324
2006-05-20,1607.466
2006-05-21,1651.718
2006-05-22,1591.205
2006-05-23,1647.032
2006-05-24,1606.297
2006-05-25,1466.339
2006-05-26,1492.003
2006-05-27,1674.761
2006-05-28,2142.065
2006-05-29,2317.229
2006-05-30,2071.758
2006-05-31,1938.931
2006-06-01,2174.972
2006-06-02,2149.824
2006-06-03,1797.287
2006-06-04,1572.17
2006-06-05,1433.379
2006-06-06,1284.852
2006-06-07,1148.751
2006-06-08,1049.743
2006-06-09,957.871
2006-06-10,872.557
2006-06-11,826.706
2006-06-12,802.455
2006-06-13,770.965
2006-06-14,733.913
2006-06-15,701.58
2006-06-16,661.405
2006-06-17,605.314
2006-06-18,555.182
2006-06-19,522.571
2006-06-20,499.658
2006-06-21,480.345
2006-06-22,461.484
2006-06-23,442.741
2006-06-24,425.513
2006-06-25,409.305
2006-06-26,395.527
2006-06-27,388.37
2006-06-28,386.792
2006-06-29,383.737
2006-06-30,363.361
2006-07-01,335.173
2006-07-02,315.944
2006-07-03,306.601
2006-07-04,308.522
2006-07-05,319.355
2006-07-06,334.155
2006-07-07,329.005
2006-07-08,297.021
2006-07-09,267.005
2006-07-10,254.735
2006-07-11,253.981
2006-07-12,255.336
2006-07-13,254.901
2006-07-14,244.602
2006-07-15,226.338
2006-07-16,212.048
2006-07-17,203.616
2006-07-18,197.656
2006-07-19,192.541
2006-07-20,188.001
2006-07-21,184.87
2006-07-22,186.872
2006-07-23,186.541
2006-07-24,178.226
2006-07-25,170.228
2006-07-26,165.695
2006-07-27,163.163
2006-07-28,161.248
2006-07-29,160.24
2006-07-30,161.901
2006-07-31,163.64
2006-08-01,157.646
2006-08-02,149.639
2006-08-03,153.97
2006-08-04,185.549
2006-08-05,233.255
2006-08-06,276.655
2006-08-07,323.524
2006-08-08,367.843
2006-08-09,391.455
2006-08-10,392.715
2006-08-11,359.571
2006-08-12,327.115
2006-08-13,273.54
2006-08-14,214.115
2006-08-15,188.801
2006-08-16,194.436
2006-08-17,234.527
2006-08-18,306.767
2006-08-19,400.941
2006-08-20,504.122
2006-08-21,549.347
2006-08-22,517.216
2006-08-23,471.723
2006-08-24,416.076
2006-08-25,336.554
2006-08-26,265.47
2006-08-27,219.825
2006-08-28,183.192
2006-08-29,154.256
2006-08-30,138.506
2006-08-31,129.999
2006-09-01,125.915
2006-09-02,123.982
2006-09-03,120.858
2006-09-04,116.418
2006-09-05,109.742
2006-09-06,103.663
2006-09-07,99.651
2006-09-08,141.332
2006-09-09,518.596
2006-09-10,977.137
2006-09-11,827.221
2006-09-12,406.836
2006-09-13,211.022
2006-09-14,148.719
2006-09-15,124.117
2006-09-16,114.791
2006-09-17,106.08
2006-09-18,95.625
2006-09-19,88.768
2006-09-20,83.904
2006-09-21,81.467
2006-09-22,80.826
2006-09-23,83.0
2006-09-24,88.193
2006-09-25,98.419
2006-09-26,108.114
2006-09-27,111.078
2006-09-28,110.582
2006-09-29,113.529
2006-09-30,169.49
2006-10-01,507.955
2006-10-02,655.636
2006-10-03,512.135
2006-10-04,475.915
2006-10-05,485.172
2006-10-06,475.642
2006-10-07,435.372
2006-10-08,355.545
2006-10-09,273.224
2006-10-10,244.518
2006-10-11,240.745
2006-10-12,246.397
2006-10-13,276.473
2006-10-14,315.193
2006-10-15,378.465
2006-10-16,448.384
2006-10-17,534.711
2006-10-18,553.803
2006-10-19,464.145
2006-10-20,331.901
2006-10-21,237.356
2006-10-22,180.239
2006-10-23,143.39
2006-10-24,129.348
2006-10-25,122.556
2006-10-26,111.625
2006-10-27,105.785
2006-10-28,105.699
2006-10-29,111.819
2006-10-30,113.447
2006-10-31,114.959
2006-11-01,130.143
2006-11-02,155.39
2006-11-03,162.845
2006-11-04,145.904
2006-11-05,134.885
2006-11-06,183.339
2006-11-07,299.97
2006-11-08,482.822
2006-11-09,629.257
2006-11-10,671.891
2006-11-11,677.506
2006-11-12,738.846
2006-11-13,747.835
2006-11-14,690.178
2006-11-15,641.584
2006-11-16,630.451
2006-11-17,726.571
2006-11-18,994.457
2006-11-19,1495.452
2006-11-20,1570.356
2006-11-21,1244.479
2006-11-22,1062.257
2006-11-23,1059.638
2006-11-24,1112.985
2006-11-25,1153.065
2006-11-26,1107.67
2006-11-27,1048.685
2006-11-28,1077.108
2006-11-29,1131.597
2006-11-30,1176.494
2006-12-01,1100.535
2006-12-02,1005.868
2006-12-03,1049.084
2006-12-04,1173.642
2006-12-05,1192.347
2006-12-06,1172.748
2006-12-07,1172.213
2006-12-08,1199.702
2006-12-09,1249.448
2006-12-10,1287.826
2006-12-11,1309.483
2006-12-12,1379.766
2006-12-13,1379.558
2006-12-14,1374.736
2006-12-15,1450.562
2006-12-16,1516.982
2006-12-17,1539.239
2006-12-18,1508.712
2006-12-19,1357.999
2006-12-20,1198.94
2006-12-21,1169.471
2006-12-22,1238.828
2006-12-23,1289.053
2006-12-24,1224.94
2006-12-25,1072.22
2006-12-26,999.841
2006-12-27,1148.689
2006-12-28,1619.311
2006-12-29,1800.84
2006-12-30,1672.098
2006-12-31,1557.121
2007-01-01,1514.205
2007-01-02,1510.115
2007-01-03,1539.696
2007-01-04,1641.955
2007-01-05,1811.575
2007-01-06,2018.586
2007-01-07,2066.503
2007-01-08,1933.672
2007-01-09,1765.51
2007-01-10,1749.145
2007-01-11,1762.252
2007-01-12,1825.986
2007-01-13,2349.718
2007-01-14,2759.762
2007-01-15,2489.508
2007-01-16,2052.428
2007-01-17,1916.932
2007-01-18,1905.271
2007-01-19,1767.706
2007-01-20,1657.459
2007-01-21,1694.595
2007-01-22,1744.035
2007-01-23,1682.158
2007-01-24,1593.337
2007-01-25,1491.036
2007-01-26,1408.099
2007-01-27,1426.218
2007-01-28,1448.837
2007-01-29,1460.94
2007-01-30,1512.493
2007-01-31,1486.058
2007-02-01,1364.175
2007-02-02,1308.805
2007-02-03,1354.725
2007-02-04,1471.706
2007-02-05,1539.913
2007-02-06,1553.86
2007-02-07,1539.34
2007-02-08,1487.518
2007-02-09,1398.135
2007-02-10,1345.207
2007-02-11,1510.721
2007-02-12,2055.112
2007-02-13,2171.97
2007-02-14,1796.542
2007-02-15,1550.883
2007-02-16,1411.902
2007-02-17,1388.703
2007-02-18,1571.306
2007-02-19,1635.746
2007-02-20,1636.422
2007-02-21,1838.563
2007-02-22,1949.35
2007-02-23,1960.727
2007-02-24,1885.307
2007-02-25,1754.857
2007-02-26,1685.158
2007-02-27,1656.47
2007-02-28,1624.568
2007-03-01,1545.967
2007-03-02,1452.85
2007-03-03,1335.53
2007-03-04,1235.485
2007-03-05,1149.508
2007-03-06,1073.033
2007-03-07,988.416
2007-03-08,892.971
2007-03-09,827.526
2007-03-10,824.384
2007-03-11,843.716
2007-03-12,847.865
2007-03-13,845.72
2007-03-14,880.551
2007-03-15,1044.648
2007-03-16,1075.44
2007-03-17,900.188
2007-03-18,794.312
2007-03-19,789.446
2007-03-20,752.085
2007-03-21,669.595
2007-03-22,617.075
2007-03-23,630.683
2007-03-24,670.941
2007-03-25,708.918
2007-03-26,768.522
2007-03-27,817.872
2007-03-28,804.808
2007-03-29,736.044
2007-03-30,794.961
2007-03-31,1334.149
2007-04-01,1584.715
2007-04-02,1422.818
2007-04-03,1248.317
2007-04-04,1021.697
2007-04-05,860.558
2007-04-06,798.761
2007-04-07,743.568
2007-04-08,632.88
2007-04-09,524.578
2007-04-10,483.97
2007-04-11,532.207
2007-04-12,647.15
2007-04-13,772.472
2007-04-14,804.936
2007-04-15,699.282
2007-04-16,569.472
2007-04-17,492.846
2007-04-18,473.762
2007-04-19,488.092
2007-04-20,499.816
2007-04-21,498.34
2007-04-22,469.441
2007-04-23,481.673
2007-04-24,542.05
2007-04-25,615.161
2007-04-26,699.519
2007-04-27,782.22
2007-04-28,850.635
2007-04-29,822.37
2007-04-30,819.331
2007-05-01,951.009
2007-05-02,1025.723
2007-05-03,1057.671
2007-05-04,1267.839
2007-05-05,1294.565
2007-05-06,1124.455
2007-05-07,1049.274
2007-05-08,997.434
2007-05-09,950.48
2007-05-10,988.278
2007-05-11,1136.963
2007-05-12,1269.648
2007-05-13,1222.706
2007-05-14,1079.033
2007-05-15,901.382
2007-05-16,705.515
2007-05-17,578.482
2007-05-18,521.055
2007-05-19,503.267
2007-05-20,505.34
2007-05-21,512.624
2007-05-22,505.532
2007-05-23,475.27
2007-05-24,445.542
2007-05-25,410.728
2007-05-26,378.928
2007-05-27,360.335
2007-05-28,351.204
2007-05-29,364.523
2007-05-30,427.986
2007-05-31,505.65
2007-06-01,554.972
2007-06-02,595.084
2007-06-03,591.291
2007-06-04,547.449
2007-06-05,469.955
2007-06-06,422.062
2007-06-07,450.777
2007-06-08,507.801
2007-06-09,538.182
2007-06-10,496.233
2007-06-11,445.856
2007-06-12,416.907
2007-06-13,393.158
2007-06-14,369.262
2007-06-15,369.346
2007-06-16,394.946
2007-06-17,446.117
2007-06-18,478.24
2007-06-19,470.106
2007-06-20,460.28
2007-06-21,485.896
2007-06-22,529.834
2007-06-23,577.548
2007-06-24,625.663
2007-06-25,690.564
2007-06-26,746.85
2007-06-27,728.945
2007-06-28,591.131
2007-06-29,429.004
2007-06-30,351.191
2007-07-01,336.48
2007-07-02,331.548
2007-07-03,308.654
2007-07-04,274.067
2007-07-05,245.312
2007-07-06,233.992
2007-07-07,229.179
2007-07-08,224.278
2007-07-09,218.294
2007-07-10,211.088
2007-07-11,205.092
2007-07-12,197.325
2007-07-13,191.362
2007-07-14,189.191
2007-07-15,194.295
2007-07-16,217.455
2007-07-17,256.332
2007-07-18,279.07
2007-07-19,268.155
2007-07-20,234.161
2007-07-21,196.092
2007-07-22,169.521
2007-07-23,157.23
2007-07-24,153.185
2007-07-25,152.084
2007-07-26,150.2
2007-07-27,145.96
2007-07-28,141.497
2007-07-29,139.253
2007-07-30,138.752
2007-07-31,136.92
2007-08-01,142.03
2007-08-02,144.579
2007-08-03,154.878
2007-08-04,170.305
2007-08-05,175.822
2007-08-06,163.544
2007-08-07,142.379
2007-08-08,131.827
2007-08-09,134.967
2007-08-10,161.096
2007-08-11,224.154
2007-08-12,288.242
2007-08-13,319.668
2007-08-14,334.724
2007-08-15,310.32
2007-08-16,259.301
2007-08-17,193.589
2007-08-18,151.084
2007-08-19,170.972
2007-08-20,225.072
2007-08-21,251.996
2007-08-22,257.156
2007-08-23,225.605
2007-08-24,178.773
2007-08-25,152.831
2007-08-26,147.796
2007-08-27,153.703
2007-08-28,174.395
2007-08-29,205.655
2007-08-30,230.152
2007-08-31,281.807
2007-09-01,380.148
2007-09-02,474.341
2007-09-03,509.721
2007-09-04,470.811
2007-09-05,372.854
2007-09-06,284.436
2007-09-07,220.636
2007-09-08,174.92
2007-09-09,157.41
2007-09-10,157.112
2007-09-11,158.406
2007-09-12,151.022
2007-09-13,146.382
2007-09-14,153.085
2007-09-15,161.142
2007-09-16,180.939
2007-09-17,226.509
2007-09-18,329.382
2007-09-19,425.488
2007-09-20,479.725
2007-09-21,467.185
2007-09-22,456.928
2007-09-23,459.005
2007-09-24,494.043
2007-09-25,781.785
2007-09-26,869.462
2007-09-27,616.078
2007-09-28,497.985
2007-09-29,526.757
2007-09-30,585.787
2007-10-01,581.503
2007-10-02,498.61
2007-10-03,370.492
2007-10-04,259.515
2007-10-05,201.225
2007-10-06,177.287
2007-10-07,174.482
2007-10-08,184.302
2007-10-09,186.897
2007-10-10,195.772
2007-10-11,181.8
2007-10-12,170.902
2007-10-13,207.715
2007-10-14,287.459
2007-10-15,321.28
2007-10-16,363.886
2007-10-17,422.58
2007-10-18,422.361
2007-10-19,383.72
2007-10-20,380.442
2007-10-21,393.102
2007-10-22,482.478
2007-10-23,609.923
2007-10-24,669.138
2007-10-25,736.024
2007-10-26,754.071
2007-10-27,660.489
2007-10-28,554.566
2007-10-29,475.496
2007-10-30,428.485
2007-10-31,385.479
2007-11-01,348.025
2007-11-02,321.888
2007-11-03,302.416
2007-11-04,305.314
2007-11-05,372.711
2007-11-06,488.63
2007-11-07,572.109
2007-11-08,559.953
2007-11-09,528.485
2007-11-10,575.885
2007-11-11,615.27
2007-11-12,532.5
2007-11-13,426.964
2007-11-14,343.607
2007-11-15,271.694
2007-11-16,239.756
2007-11-17,304.299
2007-11-18,484.128
2007-11-19,656.643
2007-11-20,680.81
2007-11-21,613.503
2007-11-22,611.679
2007-11-23,744.784
2007-11-24,860.45
2007-11-25,850.246
2007-11-26,739.165
2007-11-27,635.782
2007-11-28,667.64
2007-11-29,814.115
2007-11-30,958.814
2007-12-01,1132.888
2007-12-02,1256.023
2007-12-03,1271.39
2007-12-04,1206.027
2007-12-05,1027.262
2007-12-06,821.98
2007-12-07,786.492
2007-12-08,938.165
2007-12-09,1115.969
2007-12-10,1112.383
2007-12-11,1012.169
2007-12-12,914.12
2007-12-13,809.382
2007-12-14,771.05
2007-12-15,725.621
2007-12-16,665.185
2007-12-17,685.609
2007-12-18,747.429
2007-12-19,765.948
2007-12-20,736.237
2007-12-21,720.447
2007-12-22,751.06
2007-12-23,747.427
2007-12-24,692.073
2007-12-25,645.25
2007-12-26,607.54
2007-12-27,584.41
2007-12-28,599.085
2007-12-29,602.428
2007-12-30,534.344
2007-12-31,471.232
2008-01-01,445.029
2008-01-02,400.694
2008-01-03,374.726
2008-01-04,410.267
2008-01-05,479.391
2008-01-06,500.93
2008-01-07,505.971
2008-01-08,661.917
2008-01-09,1013.304
2008-01-10,1088.625
2008-01-11,895.637
2008-01-12,762.716
2008-01-13,680.66
2008-01-14,573.135
2008-01-15,449.137
2008-01-16,348.842
2008-01-17,312.061
2008-01-18,330.994
2008-01-19,351.552
2008-01-20,408.424
2008-01-21,554.537
2008-01-22,633.273
2008-01-23,599.241
2008-01-24,533.143
2008-01-25,445.965
2008-01-26,397.625
2008-01-27,427.011
2008-01-28,574.019
2008-01-29,857.918
2008-01-30,980.885
2008-01-31,926.061
2008-02-01,853.809
2008-02-02,805.047
2008-02-03,737.743
2008-02-04,696.035
2008-02-05,810.508
2008-02-06,995.974
2008-02-07,1142.696
2008-02-08,1148.94
2008-02-09,1097.535
2008-02-10,1073.181
2008-02-11,987.086
2008-02-12,814.165
2008-02-13,651.239
2008-02-14,601.14
2008-02-15,598.819
2008-02-16,572.848
2008-02-17,567.018
2008-02-18,597.33
2008-02-19,620.112
2008-02-20,684.603
2008-02-21,767.582
2008-02-22,847.372
2008-02-23,893.581
2008-02-24,926.567
2008-02-25,1011.415
2008-02-26,1077.116
2008-02-27,997.769
2008-02-28,872.322
2008-02-29,821.678
2008-03-01,853.958
2008-03-02,955.864
2008-03-03,1161.693
2008-03-04,1321.851
2008-03-05,1319.107
2008-03-06,1194.337
2008-03-07,1057.656
2008-03-08,972.415
2008-03-09,889.783
2008-03-10,829.669
2008-03-11,832.033
2008-03-12,905.269
2008-03-13,964.882
2008-03-14,983.848
2008-03-15,990.044
2008-03-16,1011.094
2008-03-17,1026.028
2008-03-18,1020.125
2008-03-19,1079.824
2008-03-20,1173.293
2008-03-21,1163.121
2008-03-22,1079.462
2008-03-23,1046.415
2008-03-24,1106.065
2008-03-25,1135.334
2008-03-26,1115.897
2008-03-27,1222.758
2008-03-28,1352.379
2008-03-29,1319.372
2008-03-30,1158.518
2008-03-31,1119.107
2008-04-01,1398.615
2008-04-02,1521.73
2008-04-03,1651.652
2008-04-04,1831.347
2008-04-05,2079.088
2008-04-06,2037.03
2008-04-07,1625.184
2008-04-08,1280.13
2008-04-09,1179.436
2008-04-10,1411.704
2008-04-11,1554.198
2008-04-12,1506.138
2008-04-13,1504.746
2008-04-14,1458.53
2008-04-15,1341.087
2008-04-16,1204.119
2008-04-17,1099.231
2008-04-18,1043.303
2008-04-19,1067.976
2008-04-20,1170.345
2008-04-21,1200.841
2008-04-22,1125.376
2008-04-23,1065.477
2008-04-24,1052.818
2008-04-25,1100.609
2008-04-26,1161.92
2008-04-27,1147.07
2008-04-28,1181.804
2008-04-29,1593.053
2008-04-30,1714.788
2008-05-01,1375.982
2008-05-02,1132.125
2008-05-03,1049.867
2008-05-04,1102.868
2008-05-05,1242.44
2008-05-06,1372.679
2008-05-07,1451.485
2008-05-08,1376.706
2008-05-09,1168.152
2008-05-10,1014.435
2008-05-11,924.542
2008-05-12,834.774
2008-05-13,761.234
2008-05-14,707.203
2008-05-15,683.463
2008-05-16,694.611
2008-05-17,701.415
2008-05-18,665.327
2008-05-19,594.646
2008-05-20,532.982
2008-05-21,497.057
2008-05-22,475.099
2008-05-23,457.287
2008-05-24,442.032
2008-05-25,431.198
2008-05-26,426.035
2008-05-27,428.924
2008-05-28,435.313
2008-05-29,429.65
2008-05-30,411.198
2008-05-31,396.93
2008-06-01,381.502
2008-06-02,355.43
2008-06-03,330.508
2008-06-04,315.819
2008-06-05,318.65
2008-06-06,338.347
2008-06-07,383.926
2008-06-08,439.962
2008-06-09,481.6
2008-06-10,480.31
2008-06-11,446.108
2008-06-12,426.063
2008-06-13,405.256
2008-06-14,375.66
2008-06-15,352.633
2008-06-16,336.104
2008-06-17,314.029
2008-06-18,295.552
2008-06-19,307.838
2008-06-20,353.736
2008-06-21,459.805
2008-06-22,629.861
2008-06-23,761.747
2008-06-24,721.522
2008-06-25,561.169
2008-06-26,406.99
2008-06-27,303.821
2008-06-28,250.89
2008-06-29,228.605
2008-06-30,217.721
2008-07-01,209.589
2008-07-02,202.318
2008-07-03,195.604
2008-07-04,189.503
2008-07-05,184.101
2008-07-06,179.066
2008-07-07,174.443
2008-07-08,170.341
2008-07-09,166.578
2008-07-10,163.629
2008-07-11,161.517
2008-07-12,158.852
2008-07-13,158.207
2008-07-14,153.819
2008-07-15,147.424
2008-07-16,142.898
2008-07-17,142.067
2008-07-18,144.814
2008-07-19,153.975
2008-07-20,169.295
2008-07-21,198.895
2008-07-22,227.069
2008-07-23,237.557
2008-07-24,204.348
2008-07-25,152.999
2008-07-26,126.367
2008-07-27,118.84
2008-07-28,114.41
2008-07-29,110.809
2008-07-30,109.167
2008-07-31,108.834
2008-08-01,109.033
2008-08-02,113.883
2008-08-03,126.863
2008-08-04,136.399
2008-08-05,133.04
2008-08-06,128.901
2008-08-07,129.344
2008-08-08,135.209
2008-08-09,147.262
2008-08-10,157.051
2008-08-11,150.652
2008-08-12,131.74
2008-08-13,114.105
2008-08-14,102.093
2008-08-15,94.365
2008-08-16,90.952
2008-08-17,95.16
2008-08-18,121.037
2008-08-19,160.004
2008-08-20,154.769
2008-08-21,122.597
2008-08-22,114.828
2008-08-23,129.437
2008-08-24,150.39
2008-08-25,143.544
2008-08-26,115.668
2008-08-27,92.082
2008-08-28,82.143
2008-08-29,80.223
2008-08-30,82.411
2008-08-31,86.977
2008-09-01,91.16
2008-09-02,95.467
2008-09-03,99.51
2008-09-04,106.137
2008-09-05,125.671
2008-09-06,147.039
2008-09-07,152.133
2008-09-08,138.465
2008-09-09,111.358
2008-09-10,90.548
2008-09-11,90.503
2008-09-12,101.944
2008-09-13,122.011
2008-09-14,124.258
2008-09-15,117.573
2008-09-16,133.72
2008-09-17,152.658
2008-09-18,144.825
2008-09-19,127.647
2008-09-20,109.451
2008-09-21,87.956
2008-09-22,80.438
2008-09-23,85.294
2008-09-24,102.883
2008-09-25,109.279
2008-09-26,133.781
2008-09-27,196.511
2008-09-28,203.026
2008-09-29,164.78
2008-09-30,142.489
2008-10-01,126.274
2008-10-02,108.801
2008-10-03,104.524
2008-10-04,132.086
2008-10-05,201.205
2008-10-06,245.078
2008-10-07,250.464
2008-10-08,237.931
2008-10-09,243.618
2008-10-10,250.95
2008-10-11,260.887
2008-10-12,238.39
2008-10-13,173.07
2008-10-14,154.847
2008-10-15,177.404
2008-10-16,191.858
2008-10-17,226.427
2008-10-18,330.884
2008-10-19,514.92
2008-10-20,670.131
2008-10-21,634.537
2008-10-22,471.9
2008-10-23,345.52
2008-10-24,340.118
2008-10-25,373.716
2008-10-26,367.938
2008-10-27,356.075
2008-10-28,448.556
2008-10-29,579.448
2008-10-30,730.859
2008-10-31,662.164
2008-11-01,528.967
2008-11-02,494.693
2008-11-03,569.923
2008-11-04,779.625
2008-11-05,942.949
2008-11-06,884.602
2008-11-07,869.634
2008-11-08,1344.902
2008-11-09,1500.952
2008-11-10,1091.063
2008-11-11,858.739
2008-11-12,728.807
2008-11-13,629.269
2008-11-14,607.668
2008-11-15,615.322
2008-11-16,609.129
2008-11-17,655.0
2008-11-18,733.593
2008-11-19,854.875
2008-11-20,971.337
2008-11-21,1019.988
2008-11-22,985.43
2008-11-23,980.059
2008-11-24,1025.44
2008-11-25,1074.035
2008-11-26,1136.001
2008-11-27,1119.252
2008-11-28,1019.549
2008-11-29,888.175
2008-11-30,735.071
2008-12-01,592.215
2008-12-02,524.193
2008-12-03,589.43
2008-12-04,934.502
2008-12-05,1108.005
2008-12-06,960.027
2008-12-07,782.965
2008-12-08,628.842
2008-12-09,532.22
2008-12-10,519.625
2008-12-11,518.473
2008-12-12,507.218
2008-12-13,578.625
2008-12-14,684.285
2008-12-15,727.312
2008-12-16,682.208
2008-12-17,595.922
2008-12-18,542.167
2008-12-19,544.221
2008-12-20,559.141
2008-12-21,555.186
2008-12-22,517.025
2008-12-23,534.057
2008-12-24,716.216
2008-12-25,779.721
2008-12-26,648.819
2008-12-27,536.89
2008-12-28,437.868
2008-12-29,352.793
2008-12-30,318.711
2008-12-31,329.289
2009-01-01,374.97
2009-01-02,449.418
2009-01-03,486.602
2009-01-04,531.14
2009-01-05,536.499
2009-01-06,477.064
2009-01-07,405.895
2009-01-08,372.15
2009-01-09,378.842
2009-01-10,412.557
2009-01-11,458.873
2009-01-12,486.658
2009-01-13,467.309
2009-01-14,450.089
2009-01-15,442.288
2009-01-16,453.23
2009-01-17,516.867
2009-01-18,688.045
2009-01-19,738.806
2009-01-20,708.969
2009-01-21,776.327
2009-01-22,865.372
2009-01-23,887.644
2009-01-24,768.61
2009-01-25,582.534
2009-01-26,443.096
2009-01-27,366.723
2009-01-28,338.076
2009-01-29,322.705
2009-01-30,328.474
2009-01-31,347.987
2009-02-01,395.889
2009-02-02,448.904
2009-02-03,540.279
2009-02-04,671.313
2009-02-05,757.769
2009-02-06,839.982
2009-02-07,1082.941
2009-02-08,1146.656
2009-02-09,986.019
2009-02-10,881.75
2009-02-11,838.373
2009-02-12,890.044
2009-02-13,1287.13
2009-02-14,1865.262
2009-02-15,1994.611
2009-02-16,1738.89
2009-02-17,1461.313
2009-02-18,1246.683
2009-02-19,1173.048
2009-02-20,1190.237
2009-02-21,1230.141
2009-02-22,1190.501
2009-02-23,1140.856
2009-02-24,1178.49
2009-02-25,1215.381
2009-02-26,1086.294
2009-02-27,903.051
2009-02-28,773.876
2009-03-01,703.181
2009-03-02,653.228
2009-03-03,594.321
2009-03-04,578.178
2009-03-05,655.339
2009-03-06,780.541
2009-03-07,867.024
2009-03-08,844.624
2009-03-09,812.898
2009-03-10,811.642
2009-03-11,783.805
2009-03-12,702.835
2009-03-13,605.451
2009-03-14,575.667
2009-03-15,714.465
2009-03-16,878.011
2009-03-17,837.753
2009-03-18,715.303
2009-03-19,691.224
2009-03-20,685.098
2009-03-21,665.062
2009-03-22,669.829
2009-03-23,695.883
2009-03-24,726.432
2009-03-25,677.889
2009-03-26,597.624
2009-03-27,613.393
2009-03-28,708.867
2009-03-29,770.698
2009-03-30,729.385
2009-03-31,710.375
2009-04-01,781.197
2009-04-02,907.465
2009-04-03,883.095
2009-04-04,721.906
2009-04-05,643.793
2009-04-06,696.191
2009-04-07,755.308
2009-04-08,738.744
2009-04-09,724.422
2009-04-10,741.745
2009-04-11,722.712
2009-04-12,650.142
2009-04-13,733.985
2009-04-14,1028.488
2009-04-15,1346.055
2009-04-16,1518.826
2009-04-17,1607.636
2009-04-18,1530.86
2009-04-19,1312.002
2009-04-20,1177.523
2009-04-21,1106.553
2009-04-22,1094.418
2009-04-23,1082.08
2009-04-24,1088.629
2009-04-25,1354.212
2009-04-26,1610.586
2009-04-27,1684.781
2009-04-28,1562.025
2009-04-29,1292.62
2009-04-30,1093.01
2009-05-01,987.668
2009-05-02,925.515
2009-05-03,904.445
2009-05-04,939.125
2009-05-05,1055.832
2009-05-06,1185.142
2009-05-07,1182.544
2009-05-08,1034.788
2009-05-09,900.238
2009-05-10,815.088
2009-05-11,760.644
2009-05-12,761.123
2009-05-13,812.289
2009-05-14,911.626
2009-05-15,1035.181
2009-05-16,1058.13
2009-05-17,1029.091
2009-05-18,978.408
2009-05-19,962.859
2009-05-20,780.189
2009-05-21,638.334
2009-05-22,584.76
2009-05-23,590.637
2009-05-24,647.287
2009-05-25,768.399
2009-05-26,929.735
2009-05-27,1058.963
2009-05-28,1017.709
2009-05-29,893.02
2009-05-30,784.33
2009-05-31,713.506
2009-06-01,639.437
2009-06-02,558.263
2009-06-03,518.705
2009-06-04,506.934
2009-06-05,494.303
2009-06-06,475.538
2009-06-07,450.446
2009-06-08,420.963
2009-06-09,400.344
2009-06-10,394.552
2009-06-11,420.831
2009-06-12,478.869
2009-06-13,550.566
2009-06-14,589.792
2009-06-15,653.929
2009-06-16,809.762
2009-06-17,805.546
2009-06-18,649.328
2009-06-19,536.936
2009-06-20,478.974
2009-06-21,440.678
2009-06-22,379.946
2009-06-23,325.893
2009-06-24,299.608
2009-06-25,286.725
2009-06-26,276.525
2009-06-27,267.076
2009-06-28,258.62
2009-06-29,251.234
2009-06-30,245.109
2009-07-01,240.332
2009-07-02,234.979
2009-07-03,228.916
2009-07-04,222.612
2009-07-05,217.376
2009-07-06,211.506
2009-07-07,204.85
2009-07-08,200.711
2009-07-09,197.986
2009-07-10,193.989
2009-07-11,187.559
2009-07-12,180.751
2009-07-13,177.59
2009-07-14,184.946
2009-07-15,201.841
2009-07-16,212.896
2009-07-17,207.264
2009-07-18,184.419
2009-07-19,162.042
2009-07-20,150.695
2009-07-21,145.476
2009-07-22,141.948
2009-07-23,138.821
2009-07-24,135.892
2009-07-25,133.327
2009-07-26,130.923
2009-07-27,128.747
2009-07-28,127.634
2009-07-29,128.441
2009-07-30,131.972
2009-07-31,136.286
2009-08-01,139.808
2009-08-02,143.381
2009-08-03,133.842
2009-08-04,117.545
2009-08-05,108.563
2009-08-06,104.812
2009-08-07,103.003
2009-08-08,102.828
2009-08-09,106.407
2009-08-10,112.061
2009-08-11,116.722
2009-08-12,111.719
2009-08-13,99.887
2009-08-14,92.22
2009-08-15,89.103
2009-08-16,88.675
2009-08-17,91.03
2009-08-18,95.942
2009-08-19,102.396
2009-08-20,100.85
2009-08-21,94.363
2009-08-22,93.199
2009-08-23,96.819
2009-08-24,91.452
2009-08-25,83.248
2009-08-26,81.748
2009-08-27,83.516
2009-08-28,87.583
2009-08-29,94.574
2009-08-30,107.741
2009-08-31,108.31
2009-09-01,102.155
2009-09-02,102.372
2009-09-03,124.311
2009-09-04,152.329
2009-09-05,180.39
2009-09-06,202.335
2009-09-07,193.409
2009-09-08,150.066
2009-09-09,105.142
2009-09-10,83.155
2009-09-11,73.444
2009-09-12,69.545
2009-09-13,70.162
2009-09-14,74.419
2009-09-15,73.836
2009-09-16,74.954
2009-09-17,88.462
2009-09-18,103.658
2009-09-19,105.03
2009-09-20,96.947
2009-09-21,91.159
2009-09-22,95.297
2009-09-23,123.444
2009-09-24,159.578
2009-09-25,158.088
2009-09-26,137.702
2009-09-27,133.364
2009-09-28,140.073
2009-09-29,141.251
2009-09-30,140.199
2009-10-01,177.41
2009-10-02,236.462
2009-10-03,305.955
2009-10-04,397.125
2009-10-05,523.715
2009-10-06,676.849
2009-10-07,730.4
2009-10-08,636.805
2009-10-09,485.135
2009-10-10,366.474
2009-10-11,280.808
2009-10-12,211.595
2009-10-13,174.753
2009-10-14,150.93
2009-10-15,126.728
2009-10-16,120.301
2009-10-17,138.317
2009-10-18,197.351
2009-10-19,270.287
2009-10-20,365.283
2009-10-21,436.593
2009-10-22,442.057
2009-10-23,445.276
2009-10-24,454.54
2009-10-25,433.864
2009-10-26,404.546
2009-10-27,364.437
2009-10-28,322.502
2009-10-29,320.065
2009-10-30,420.51
2009-10-31,627.05
2009-11-01,857.856
2009-11-02,996.002
2009-11-03,1051.403
2009-11-04,1041.222
2009-11-05,909.838
2009-11-06,682.617
2009-11-07,434.868
2009-11-08,341.272
2009-11-09,325.895
2009-11-10,350.406
2009-11-11,392.684
2009-11-12,420.804
2009-11-13,462.463
2009-11-14,469.18
2009-11-15,474.887
2009-11-16,498.537
2009-11-17,522.712
2009-11-18,513.854
2009-11-19,578.805
2009-11-20,751.772
2009-11-21,816.708
2009-11-22,984.985
2009-11-23,1215.553
2009-11-24,1262.366
2009-11-25,1187.113
2009-11-26,1368.328
2009-11-27,1570.319
2009-11-28,1576.5
2009-11-29,1389.51
2009-11-30,1310.572
2009-12-01,1694.592
2009-12-02,1906.515
2009-12-03,1708.436
2009-12-04,1453.293
2009-12-05,1301.896
2009-12-06,1183.161
2009-12-07,1075.116
2009-12-08,962.15
2009-12-09,816.872
2009-12-10,792.555
2009-12-11,871.735
2009-12-12,982.939
2009-12-13,1134.643
2009-12-14,1104.797
2009-12-15,924.633
2009-12-16,820.988
2009-12-17,787.538
2009-12-18,752.94
2009-12-19,758.019
2009-12-20,877.275
2009-12-21,1028.217
2009-12-22,1061.639
2009-12-23,1098.849
2009-12-24,1234.292
2009-12-25,1366.838
2009-12-26,1269.581
2009-12-27,1091.447
2009-12-28,955.95
2009-12-29,875.11
2009-12-30,900.252
2009-12-31,1050.445
2010-01-01,1092.968
2010-01-02,1000.019
2010-01-03,917.891
2010-01-04,912.885
2010-01-05,936.482
2010-01-06,989.812
2010-01-07,1333.308
2010-01-08,1608.94
2010-01-09,1574.71
2010-01-10,1521.563
2010-01-11,1526.524
2010-01-12,1573.775
2010-01-13,1684.16
2010-01-14,2036.154
2010-01-15,2038.425
2010-01-16,1662.906
2010-01-17,1540.602
2010-01-18,1628.684
2010-01-19,1771.069
2010-01-20,2166.811
2010-01-21,2326.18
2010-01-22,2097.822
2010-01-23,2029.045
2010-01-24,2076.66
2010-01-25,2154.49
2010-01-26,2254.435
2010-01-27,2325.807
2010-01-28,2343.146
2010-01-29,2362.89
2010-01-30,2321.902
2010-01-31,2005.537
2010-02-01,1632.149
2010-02-02,1357.993
2010-02-03,1178.365
2010-02-04,1079.172
2010-02-05,1039.47
2010-02-06,1044.005
2010-02-07,996.982
2010-02-08,917.139
2010-02-09,810.878
2010-02-10,711.443
2010-02-11,659.019
2010-02-12,635.961
2010-02-13,630.646
2010-02-14,643.523
2010-02-15,619.702
2010-02-16,571.645
2010-02-17,576.087
2010-02-18,641.912
2010-02-19,737.089
2010-02-20,909.734
2010-02-21,1035.929
2010-02-22,1251.699
2010-02-23,1288.8
2010-02-24,1041.545
2010-02-25,842.948
2010-02-26,759.073
2010-02-27,732.762
2010-02-28,670.677
2010-03-01,711.169
2010-03-02,907.167
2010-03-03,1091.266
2010-03-04,1080.107
2010-03-05,1029.325
2010-03-06,1054.689
2010-03-07,1226.124
2010-03-08,1399.365
2010-03-09,1367.48
2010-03-10,1252.637
2010-03-11,1211.537
2010-03-12,1273.644
2010-03-13,1207.39
2010-03-14,1025.773
2010-03-15,1008.33
2010-03-16,1091.893
2010-03-17,1251.902
2010-03-18,1389.015
2010-03-19,1241.714
2010-03-20,1022.79
2010-03-21,987.186
2010-03-22,998.566
2010-03-23,952.309
2010-03-24,866.576
2010-03-25,835.058
2010-03-26,889.146
2010-03-27,972.996
2010-03-28,940.966
2010-03-29,800.455
2010-03-30,769.806
2010-03-31,831.322
2010-04-01,894.413
2010-04-02,975.497
2010-04-03,1059.028
2010-04-04,1090.15
2010-04-05,1159.607
2010-04-06,1422.411
2010-04-07,1575.9
2010-04-08,1565.975
2010-04-09,1711.22
2010-04-10,1857.532
2010-04-11,1752.24
2010-04-12,1644.468
2010-04-13,1627.34
2010-04-14,1528.225
2010-04-15,1314.332
2010-04-16,1217.35
2010-04-17,1258.917
2010-04-18,1298.812
2010-04-19,1314.235
2010-04-20,1285.552
2010-04-21,1197.14
2010-04-22,1127.001
2010-04-23,1105.847
2010-04-24,1079.19
2010-04-25,1049.444
2010-04-26,1016.838
2010-04-27,968.869
2010-04-28,945.332
2010-04-29,924.431
2010-04-30,940.026
2010-05-01,978.219
2010-05-02,1023.804
2010-05-03,1051.55
2010-05-04,1001.937
2010-05-05,910.098
2010-05-06,838.504
2010-05-07,831.576
2010-05-08,861.839
2010-05-09,901.038
2010-05-10,911.926
2010-05-11,895.166
2010-05-12,874.61
2010-05-13,810.759
2010-05-14,772.983
2010-05-15,852.206
2010-05-16,1067.056
2010-05-17,1414.319
2010-05-18,1774.559
2010-05-19,2016.512
2010-05-20,1849.392
2010-05-21,1474.498
2010-05-22,1248.882
2010-05-23,1078.991
2010-05-24,939.339
2010-05-25,927.087
2010-05-26,1265.05
2010-05-27,1331.42
2010-05-28,973.315
2010-05-29,741.028
2010-05-30,669.581
2010-05-31,658.615
2010-06-01,668.11
2010-06-02,654.74
2010-06-03,603.83
2010-06-04,548.012
2010-06-05,512.333
2010-06-06,479.091
2010-06-07,451.523
2010-06-08,450.89
2010-06-09,466.009
2010-06-10,486.825
2010-06-11,481.186
2010-06-12,434.128
2010-06-13,394.12
2010-06-14,435.591
2010-06-15,417.686
2010-06-16,361.546
2010-06-17,338.297
2010-06-18,344.567
2010-06-19,378.767
2010-06-20,433.38
2010-06-21,484.183
2010-06-22,500.016
2010-06-23,448.791
2010-06-24,362.088
2010-06-25,302.52
2010-06-26,275.496
2010-06-27,264.631
2010-06-28,258.807
2010-06-29,254.149
2010-06-30,249.915
2010-07-01,245.569
2010-07-02,242.284
2010-07-03,240.914
2010-07-04,240.426
2010-07-05,231.822
2010-07-06,219.444
2010-07-07,210.736
2010-07-08,204.971
2010-07-09,200.068
2010-07-10,195.604
2010-07-11,191.865
2010-07-12,190.068
2010-07-13,189.987
2010-07-14,191.817
2010-07-15,193.067
2010-07-16,193.129
2010-07-17,184.528
2010-07-18,171.755
2010-07-19,163.704
2010-07-20,159.142
2010-07-21,155.552
2010-07-22,152.272
2010-07-23,149.093
2010-07-24,146.228
2010-07-25,143.689
2010-07-26,141.167
2010-07-27,138.898
2010-07-28,138.498
2010-07-29,139.79
2010-07-30,139.351
2010-07-31,134.653
2010-08-01,128.901
2010-08-02,124.572
2010-08-03,121.517
2010-08-04,119.375
2010-08-05,118.298
2010-08-06,117.542
2010-08-07,117.578
2010-08-08,117.327
2010-08-09,117.174
2010-08-10,121.12
2010-08-11,130.987
2010-08-12,133.857
2010-08-13,122.06
2010-08-14,109.143
2010-08-15,103.516
2010-08-16,101.243
2010-08-17,99.868
2010-08-18,96.629
2010-08-19,93.33
2010-08-20,91.292
2010-08-21,89.792
2010-08-22,88.167
2010-08-23,87.33
2010-08-24,88.691
2010-08-25,90.019
2010-08-26,87.85
2010-08-27,84.078
2010-08-28,82.368
2010-08-29,82.438
2010-08-30,83.246
2010-08-31,90.458
2010-09-01,105.895
2010-09-02,98.231
2010-09-03,88.359
2010-09-04,88.21
2010-09-05,86.63
2010-09-06,81.091
2010-09-07,76.924
2010-09-08,76.755
2010-09-09,80.045
2010-09-10,84.481
2010-09-11,93.55
2010-09-12,117.585
2010-09-13,150.442
2010-09-14,160.802
2010-09-15,158.467
2010-09-16,147.0
2010-09-17,147.924
2010-09-18,170.272
2010-09-19,227.292
2010-09-20,289.218
2010-09-21,373.081
2010-09-22,493.851
2010-09-23,574.768
2010-09-24,594.68
2010-09-25,621.662
2010-09-26,686.654
2010-09-27,697.685
2010-09-28,620.227
2010-09-29,473.467
2010-09-30,293.299
2010-10-01,173.01
2010-10-02,137.413
2010-10-03,144.078
2010-10-04,162.575
2010-10-05,210.113
2010-10-06,301.862
2010-10-07,409.498
2010-10-08,449.141
2010-10-09,382.531
2010-10-10,252.483
2010-10-11,154.439
2010-10-12,128.877
2010-10-13,126.452
2010-10-14,114.678
2010-10-15,111.628
2010-10-16,124.078
2010-10-17,120.695
2010-10-18,104.386
2010-10-19,98.512
2010-10-20,117.148
2010-10-21,157.349
2010-10-22,190.185
2010-10-23,201.562
2010-10-24,249.928
2010-10-25,358.176
2010-10-26,668.353
2010-10-27,783.816
2010-10-28,608.216
2010-10-29,533.195
2010-10-30,580.496
2010-10-31,637.042
2010-11-01,699.375
2010-11-02,718.592
2010-11-03,615.982
2010-11-04,498.91
2010-11-05,450.778
2010-11-06,468.368
2010-11-07,576.144
2010-11-08,702.25
2010-11-09,788.528
2010-11-10,827.318
2010-11-11,863.099
2010-11-12,861.038
2010-11-13,740.739
2010-11-14,569.825
2010-11-15,448.676
2010-11-16,390.651
2010-11-17,429.492
2010-11-18,535.143
2010-11-19,652.419
2010-11-20,755.848
2010-11-21,753.97
2010-11-22,734.19
2010-11-23,805.105
2010-11-24,937.281
2010-11-25,1009.738
2010-11-26,981.85
2010-11-27,891.807
2010-11-28,864.382
2010-11-29,943.041
2010-11-30,978.994
2010-12-01,954.368
2010-12-02,1038.73
2010-12-03,1218.485
2010-12-04,1334.81
2010-12-05,1152.089
2010-12-06,823.672
2010-12-07,679.412
2010-12-08,951.832
2010-12-09,1020.052
2010-12-10,762.414
2010-12-11,587.473
2010-12-12,469.314
2010-12-13,436.602
2010-12-14,538.118
2010-12-15,765.372
2010-12-16,923.4
2010-12-17,926.507
2010-12-18,795.5
2010-12-19,722.028
2010-12-20,733.623
2010-12-21,761.618
2010-12-22,815.448
2010-12-23,869.128
2010-12-24,943.401
2010-12-25,994.467
2010-12-26,1012.94
2010-12-27,1074.393
2010-12-28,1049.955
2010-12-29,939.943
2010-12-30,836.128
2010-12-31,669.449
2011-01-01,540.224
2011-01-02,486.244
2011-01-03,499.29
2011-01-04,566.879
2011-01-05,636.602
2011-01-06,731.206
2011-01-07,791.357
2011-01-08,799.142
2011-01-09,737.182
2011-01-10,728.423
2011-01-11,850.914
2011-01-12,962.896
2011-01-13,923.593
2011-01-14,901.69
2011-01-15,749.636
2011-01-16,643.504
2011-01-17,603.761
2011-01-18,567.745
2011-01-19,550.042
2011-01-20,562.585
2011-01-21,636.698
2011-01-22,740.485
2011-01-23,826.42
2011-01-24,860.724
2011-01-25,892.607
2011-01-26,959.608
2011-01-27,1014.063
2011-01-28,1171.884
2011-01-29,1385.606
2011-01-30,1659.396
2011-01-31,1643.551
2011-02-01,1276.744
2011-02-02,1076.3
2011-02-03,1134.424
2011-02-04,1310.585
2011-02-05,1253.463
2011-02-06,983.499
2011-02-07,773.275
2011-02-08,657.09
2011-02-09,603.552
2011-02-10,586.257
2011-02-11,566.096
2011-02-12,525.988
2011-02-13,496.261
2011-02-14,500.5
2011-02-15,533.937
2011-02-16,587.716
2011-02-17,661.065
2011-02-18,692.945
2011-02-19,656.638
2011-02-20,604.2
2011-02-21,565.344
2011-02-22,506.173
2011-02-23,440.559
2011-02-24,438.173
2011-02-25,520.028
2011-02-26,637.169
2011-02-27,765.428
2011-02-28,863.863
2011-03-01,894.824
2011-03-02,845.626
2011-03-03,782.353
2011-03-04,687.135
2011-03-05,616.127
2011-03-06,679.515
2011-03-07,759.026
2011-03-08,769.605
2011-03-09,723.578
2011-03-10,638.469
2011-03-11,567.575
2011-03-12,498.964
2011-03-13,439.427
2011-03-14,411.172
2011-03-15,419.193
2011-03-16,434.296
2011-03-17,430.238
2011-03-18,469.356
2011-03-19,562.381
2011-03-20,656.273
2011-03-21,688.518
2011-03-22,702.358
2011-03-23,645.5
2011-03-24,568.73
2011-03-25,544.355
2011-03-26,580.985
2011-03-27,605.493
2011-03-28,660.72
2011-03-29,779.438
2011-03-30,1002.227
2011-03-31,1067.828
2011-04-01,1076.11
2011-04-02,1149.241
2011-04-03,1260.742
2011-04-04,1300.002
2011-04-05,1292.923
2011-04-06,1394.889
2011-04-07,1658.358
2011-04-08,1764.159
2011-04-09,1418.802
2011-04-10,1105.02
2011-04-11,1030.698
2011-04-12,1004.573
2011-04-13,930.088
2011-04-14,954.979
2011-04-15,1087.944
2011-04-16,1102.442
2011-04-17,979.11
2011-04-18,855.662
2011-04-19,841.81
2011-04-20,897.747
2011-04-21,941.448
2011-04-22,1069.265
2011-04-23,1114.35
2011-04-24,1033.549
2011-04-25,924.235
2011-04-26,913.338
2011-04-27,964.578
2011-04-28,930.397
2011-04-29,887.381
2011-04-30,902.167
2011-05-01,916.922
2011-05-02,968.887
2011-05-03,1006.39
2011-05-04,1016.856
2011-05-05,1033.61
2011-05-06,1095.797
2011-05-07,1224.138
2011-05-08,1292.627
2011-05-09,1292.817
2011-05-10,1238.773
2011-05-11,1169.241
2011-05-12,1130.578
2011-05-13,1087.069
2011-05-14,1105.983
2011-05-15,1138.195
2011-05-16,1013.62
2011-05-17,916.292
2011-05-18,926.06
2011-05-19,956.904
2011-05-20,959.249
2011-05-21,954.892
2011-05-22,960.535
2011-05-23,934.499
2011-05-24,894.18
2011-05-25,899.024
2011-05-26,912.945
2011-05-27,977.782
2011-05-28,935.899
2011-05-29,809.903
2011-05-30,670.215
2011-05-31,580.33
2011-06-01,559.564
2011-06-02,556.062
2011-06-03,590.081
2011-06-04,654.404
2011-06-05,721.02
2011-06-06,772.818
2011-06-07,737.569
2011-06-08,623.876
2011-06-09,520.078
2011-06-10,469.4
2011-06-11,450.94
2011-06-12,435.951
2011-06-13,412.119
2011-06-14,385.355
2011-06-15,366.476
2011-06-16,354.772
2011-06-17,346.88
2011-06-18,341.777
2011-06-19,336.057
2011-06-20,326.52
2011-06-21,315.701
2011-06-22,308.48
2011-06-23,301.369
2011-06-24,297.599
2011-06-25,307.58
2011-06-26,348.936
2011-06-27,401.412
2011-06-28,419.023
2011-06-29,400.87
2011-06-30,361.187
2011-07-01,329.97
2011-07-02,314.415
2011-07-03,297.614
2011-07-04,291.886
2011-07-05,283.858
2011-07-06,274.72
2011-07-07,269.837
2011-07-08,289.526
2011-07-09,341.052
2011-07-10,421.89
2011-07-11,515.794
2011-07-12,608.437
2011-07-13,665.951
2011-07-14,662.528
2011-07-15,582.995
2011-07-16,449.028
2011-07-17,334.598
2011-07-18,272.595
2011-07-19,244.587
2011-07-20,229.815
2011-07-21,219.308
2011-07-22,210.542
2011-07-23,202.929
2011-07-24,196.352
2011-07-25,190.793
2011-07-26,185.759
2011-07-27,181.238
2011-07-28,177.174
2011-07-29,173.259
2011-07-30,169.928
2011-07-31,167.136
2011-08-01,165.56
2011-08-02,167.72
2011-08-03,171.358
2011-08-04,179.661
2011-08-05,190.89
2011-08-06,183.112
2011-08-07,163.965
2011-08-08,157.774
2011-08-09,170.08
2011-08-10,175.242
2011-08-11,185.513
2011-08-12,234.727
2011-08-13,315.32
2011-08-14,365.19
2011-08-15,340.805
2011-08-16,256.572
2011-08-17,179.758
2011-08-18,146.394
2011-08-19,137.062
2011-08-20,145.731
2011-08-21,165.347
2011-08-22,186.98
2011-08-23,204.938
2011-08-24,189.52
2011-08-25,172.816
2011-08-26,167.287
2011-08-27,162.785
2011-08-28,169.962
2011-08-29,188.681
2011-08-30,255.525
2011-08-31,376.025
2011-09-01,462.482
2011-09-02,468.592
2011-09-03,415.897
2011-09-04,337.683
2011-09-05,272.237
2011-09-06,230.243
2011-09-07,219.705
2011-09-08,221.501
2011-09-09,251.101
2011-09-10,341.254
2011-09-11,403.128
2011-09-12,510.04
2011-09-13,623.989
2011-09-14,572.872
2011-09-15,529.473
2011-09-16,515.817
2011-09-17,486.712
2011-09-18,435.633
2011-09-19,395.579
2011-09-20,432.998
2011-09-21,469.213
2011-09-22,502.479
2011-09-23,460.987
2011-09-24,438.194
2011-09-25,457.247
2011-09-26,469.243
2011-09-27,451.24
2011-09-28,444.84
2011-09-29,470.252
2011-09-30,594.983
2011-10-01,857.461
2011-10-02,1106.955
2011-10-03,1202.848
2011-10-04,1127.515
2011-10-05,914.718
2011-10-06,782.855
2011-10-07,793.223
2011-10-08,873.556
2011-10-09,873.463
2011-10-10,798.15
2011-10-11,745.766
2011-10-12,707.395
2011-10-13,758.676
2011-10-14,1012.616
2011-10-15,1180.713
2011-10-16,1166.799
2011-10-17,1123.308
2011-10-18,1155.998
2011-10-19,1231.135
2011-10-20,1265.716
2011-10-21,1266.643
2011-10-22,1195.015
2011-10-23,1146.524
2011-10-24,1069.876
2011-10-25,910.382
2011-10-26,711.536
2011-10-27,617.78
2011-10-28,673.149
2011-10-29,853.435
2011-10-30,1018.69
2011-10-31,1066.378
2011-11-01,1031.291
2011-11-02,1025.055
2011-11-03,1063.238
2011-11-04,1095.012
2011-11-05,1020.483
2011-11-06,875.12
2011-11-07,759.84
2011-11-08,711.612
2011-11-09,818.758
2011-11-10,1362.721
2011-11-11,1599.208
2011-11-12,1276.242
2011-11-13,1145.892
2011-11-14,1265.35
2011-11-15,1350.313
2011-11-16,1232.363
2011-11-17,1008.377
2011-11-18,978.733
2011-11-19,1113.858
2011-11-20,1185.779
2011-11-21,1180.529
2011-11-22,1153.823
2011-11-23,1212.735
2011-11-24,1363.334
2011-11-25,1573.241
2011-11-26,1674.632
2011-11-27,1553.777
2011-11-28,1466.927
2011-11-29,1428.492
2011-11-30,1436.897
2011-12-01,1479.595
2011-12-02,1498.695
2011-12-03,1541.087
2011-12-04,1664.306
2011-12-05,1881.498
2011-12-06,2022.012
2011-12-07,2047.697
2011-12-08,2072.943
2011-12-09,2190.962
2011-12-10,2365.202
2011-12-11,2538.468
2011-12-12,2605.128
2011-12-13,2491.044
2011-12-14,2379.875
2011-12-15,2469.742
2011-12-16,2673.388
2011-12-17,2649.34
2011-12-18,2424.11
2011-12-19,2341.336
2011-12-20,2297.739
2011-12-21,2228.213
2011-12-22,2083.61
2011-12-23,1956.528
2011-12-24,1845.834
2011-12-25,1732.189
2011-12-26,1631.091
2011-12-27,1621.16
2011-12-28,1718.797
2011-12-29,1807.883
2011-12-30,1758.957
2011-12-31,1621.302
2012-01-01,1612.823
2012-01-02,1725.635
2012-01-03,1773.03
2012-01-04,1648.303
2012-01-05,1486.603
2012-01-06,1479.088
2012-01-07,1530.039
2012-01-08,1464.118
2012-01-09,1306.943
2012-01-10,1180.909
2012-01-11,1139.304
2012-01-12,1213.304
2012-01-13,1347.985
2012-01-14,1408.131
2012-01-15,1352.597
2012-01-16,1192.61
2012-01-17,1021.85
2012-01-18,919.385
2012-01-19,882.228
2012-01-20,901.317
2012-01-21,925.303
2012-01-22,952.283
2012-01-23,978.731
2012-01-24,970.243
2012-01-25,912.547
2012-01-26,873.212
2012-01-27,867.367
2012-01-28,866.085
2012-01-29,878.287
2012-01-30,906.034
2012-01-31,858.124
2012-02-01,810.672
2012-02-02,949.732
2012-02-03,1301.518
2012-02-04,1279.958
2012-02-05,911.689
2012-02-06,649.488
2012-02-07,542.245
2012-02-08,499.661
2012-02-09,476.208
2012-02-10,466.56
2012-02-11,462.739
2012-02-12,450.755
2012-02-13,433.312
2012-02-14,436.703
2012-02-15,474.023
2012-02-16,499.635
2012-02-17,484.723
2012-02-18,452.942
2012-02-19,422.898
2012-02-20,390.74
2012-02-21,373.185
2012-02-22,378.745
2012-02-23,407.088
2012-02-24,419.378
2012-02-25,440.648
2012-02-26,486.18
2012-02-27,507.355
2012-02-28,547.008
2012-02-29,579.211
2012-03-01,592.778
2012-03-02,609.447
2012-03-03,646.071
2012-03-04,688.98
2012-03-05,731.504
2012-03-06,707.869
2012-03-07,643.98
2012-03-08,673.52
2012-03-09,738.17
2012-03-10,799.382
2012-03-11,882.578
2012-03-12,919.094
2012-03-13,929.755
2012-03-14,1168.413
2012-03-15,1236.58
2012-03-16,996.521
2012-03-17,790.697
2012-03-18,708.309
2012-03-19,710.73
2012-03-20,722.122
2012-03-21,708.444
2012-03-22,668.055
2012-03-23,635.445
2012-03-24,606.828
2012-03-25,576.541
2012-03-26,594.974
2012-03-27,628.375
2012-03-28,589.934
2012-03-29,523.237
2012-03-30,465.849
2012-03-31,461.423
2012-04-01,520.618
2012-04-02,552.991
2012-04-03,571.276
2012-04-04,631.615
2012-04-05,651.045
2012-04-06,592.667
2012-04-07,603.017
2012-04-08,758.773
2012-04-09,871.955
2012-04-10,734.477
2012-04-11,619.549
2012-04-12,594.865
2012-04-13,582.895
2012-04-14,577.51
2012-04-15,665.56
2012-04-16,798.709
2012-04-17,838.823
2012-04-18,799.677
2012-04-19,824.562
2012-04-20,947.416
2012-04-21,1136.276
2012-04-22,1311.517
2012-04-23,1308.267
2012-04-24,1210.264
2012-04-25,1200.764
2012-04-26,1301.545
2012-04-27,1539.197
2012-04-28,1538.512
2012-04-29,1541.303
2012-04-30,1625.022
2012-05-01,1604.299
2012-05-02,1616.294
2012-05-03,1645.542
2012-05-04,1537.73
2012-05-05,1415.46
2012-05-06,1401.932
2012-05-07,1409.997
2012-05-08,1444.612
2012-05-09,1538.504
2012-05-10,1543.149
2012-05-11,1482.605
2012-05-12,1429.538
2012-05-13,1421.091
2012-05-14,1446.557
2012-05-15,1470.248
2012-05-16,1458.794
2012-05-17,1490.357
2012-05-18,1600.25
2012-05-19,1691.328
2012-05-20,1767.738
2012-05-21,1758.822
2012-05-22,1622.165
2012-05-23,1519.029
2012-05-24,1514.109
2012-05-25,1517.72
2012-05-26,1458.334
2012-05-27,1389.222
2012-05-28,1328.02
2012-05-29,1244.708
2012-05-30,1272.064
2012-05-31,1411.766
2012-06-01,1499.082
2012-06-02,1534.007
2012-06-03,1736.985
2012-06-04,1683.248
2012-06-05,1341.484
2012-06-06,1128.922
2012-06-07,1054.824
2012-06-08,1013.137
2012-06-09,941.838
2012-06-10,874.033
2012-06-11,839.242
2012-06-12,823.829
2012-06-13,809.544
2012-06-14,812.76
2012-06-15,784.828
2012-06-16,702.814
2012-06-17,628.318
2012-06-18,585.891
2012-06-19,564.786
2012-06-20,554.203
2012-06-21,559.852
2012-06-22,598.386
2012-06-23,669.003
2012-06-24,717.02
2012-06-25,679.224
2012-06-26,593.004
2012-06-27,524.837
2012-06-28,494.52
2012-06-29,466.879
2012-06-30,443.578
2012-07-01,431.837
2012-07-02,423.762
2012-07-03,412.517
2012-07-04,403.813
2012-07-05,386.678
2012-07-06,371.477
2012-07-07,373.988
2012-07-08,421.568
2012-07-09,468.262
2012-07-10,506.908
2012-07-11,552.088
2012-07-12,609.454
2012-07-13,673.047
2012-07-14,698.104
2012-07-15,592.165
2012-07-16,430.031
2012-07-17,337.965
2012-07-18,308.902
2012-07-19,296.081
2012-07-20,284.105
2012-07-21,270.104
2012-07-22,257.26
2012-07-23,248.419
2012-07-24,243.552
2012-07-25,239.0
2012-07-26,232.065
2012-07-27,226.245
2012-07-28,221.453
2012-07-29,218.51
2012-07-30,220.704
2012-07-31,217.816
2012-08-01,215.098
2012-08-02,229.984
2012-08-03,229.182
2012-08-04,211.656
2012-08-05,208.672
2012-08-06,233.567
2012-08-07,261.242
2012-08-08,255.506
2012-08-09,229.637
2012-08-10,211.195
2012-08-11,204.727
2012-08-12,217.511
2012-08-13,238.263
2012-08-14,234.169
2012-08-15,207.312
2012-08-16,181.876
2012-08-17,165.165
2012-08-18,157.62
2012-08-19,159.032
2012-08-20,159.703
2012-08-21,166.817
2012-08-22,213.395
2012-08-23,286.161
2012-08-24,336.848
2012-08-25,359.26
2012-08-26,351.502
2012-08-27,291.061
2012-08-28,213.725
2012-08-29,169.518
2012-08-30,157.611
2012-08-31,149.08
2012-09-01,145.202
2012-09-02,152.937
2012-09-03,174.227
2012-09-04,201.813
2012-09-05,225.565
2012-09-06,244.292
2012-09-07,233.132
2012-09-08,202.825
2012-09-09,203.521
2012-09-10,226.165
2012-09-11,262.809
2012-09-12,348.562
2012-09-13,481.374
2012-09-14,679.392
2012-09-15,834.092
2012-09-16,827.483
2012-09-17,711.615
2012-09-18,612.805
2012-09-19,529.147
2012-09-20,439.75
2012-09-21,383.701
2012-09-22,405.765
2012-09-23,498.262
2012-09-24,587.583
2012-09-25,688.42
2012-09-26,802.008
2012-09-27,834.688
2012-09-28,788.382
2012-09-29,730.166
2012-09-30,657.663
2012-10-01,539.83
2012-10-02,430.072
2012-10-03,347.893
2012-10-04,286.773
2012-10-05,253.249
2012-10-06,237.628
2012-10-07,218.386
2012-10-08,212.884
2012-10-09,254.708
2012-10-10,329.24
2012-10-11,418.345
2012-10-12,496.53
2012-10-13,505.958
2012-10-14,495.921
2012-10-15,495.792
2012-10-16,473.056
2012-10-17,484.749
2012-10-18,553.593
2012-10-19,641.985
2012-10-20,570.701
2012-10-21,431.271
2012-10-22,425.253
2012-10-23,502.049
2012-10-24,607.59
2012-10-25,798.845
2012-10-26,911.31
2012-10-27,965.142
2012-10-28,1067.809
2012-10-29,1205.874
2012-10-30,1177.433
2012-10-31,1071.148
2012-11-01,1015.852
2012-11-02,1023.831
2012-11-03,1154.81
2012-11-04,1220.443
2012-11-05,1180.05
2012-11-06,1228.001
2012-11-07,1271.438
2012-11-08,1181.987
2012-11-09,1161.913
2012-11-10,1222.208
2012-11-11,1349.013
2012-11-12,1338.942
2012-11-13,1303.409
2012-11-14,1402.39
2012-11-15,1505.12
2012-11-16,1519.127
2012-11-17,1462.56
2012-11-18,1436.058
2012-11-19,1523.393
2012-11-20,1418.238
2012-11-21,1223.212
2012-11-22,1123.269
2012-11-23,1157.989
2012-11-24,1260.603
2012-11-25,1317.664
2012-11-26,1400.193
2012-11-27,1429.874
2012-11-28,1369.255
2012-11-29,1240.656
2012-11-30,1205.452
2012-12-01,1191.762
2012-12-02,1179.392
2012-12-03,1167.188
2012-12-04,1148.576
2012-12-05,1211.462
2012-12-06,1641.504
2012-12-07,1952.755
2012-12-08,1671.409
2012-12-09,1258.715
2012-12-10,1018.44
2012-12-11,939.978
2012-12-12,970.196
2012-12-13,1069.825
2012-12-14,1141.225
2012-12-15,1116.772
2012-12-16,984.496
2012-12-17,823.6
2012-12-18,734.511
2012-12-19,756.292
2012-12-20,829.526
2012-12-21,879.841
2012-12-22,871.336
2012-12-23,835.386
2012-12-24,899.677
2012-12-25,999.623
2012-12-26,1092.489
2012-12-27,1127.747
2012-12-28,1032.429
2012-12-29,914.455
2012-12-30,917.292
2012-12-31,995.855
2013-01-01,1013.2
2013-01-02,993.192
2013-01-03,1024.447
2013-01-04,1062.74
2013-01-05,1104.178
2013-01-06,1243.859
2013-01-07,1425.467
2013-01-08,1493.333
2013-01-09,1657.957
2013-01-10,1656.678
2013-01-11,1451.05
2013-01-12,1422.562
2013-01-13,1482.779
2013-01-14,1494.711
2013-01-15,1523.147
2013-01-16,1522.53
2013-01-17,1500.059
2013-01-18,1499.553
2013-01-19,1485.693
2013-01-20,1416.161
2013-01-21,1338.757
2013-01-22,1270.541
2013-01-23,1228.202
2013-01-24,1204.38
2013-01-25,1199.006
2013-01-26,1510.45
2013-01-27,1546.715
2013-01-28,1149.773
2013-01-29,864.033
2013-01-30,758.789
2013-01-31,739.603
2013-02-01,724.308
2013-02-02,723.192
2013-02-03,771.632
2013-02-04,796.502
2013-02-05,740.585
2013-02-06,663.355
2013-02-07,573.444
2013-02-08,512.92
2013-02-09,493.957
2013-02-10,536.325
2013-02-11,665.424
2013-02-12,813.951
2013-02-13,955.19
2013-02-14,1067.703
2013-02-15,1058.167
2013-02-16,979.077
2013-02-17,993.769
2013-02-18,971.707
2013-02-19,859.134
2013-02-20,730.815
2013-02-21,606.224
2013-02-22,530.64
2013-02-23,503.98
2013-02-24,495.612
2013-02-25,530.802
2013-02-26,613.349
2013-02-27,727.388
2013-02-28,845.046
2013-03-01,882.563
2013-03-02,896.36
2013-03-03,797.452
2013-03-04,651.181
2013-03-05,617.616
2013-03-06,678.564
2013-03-07,745.396
2013-03-08,742.511
2013-03-09,651.463
2013-03-10,550.642
2013-03-11,478.008
2013-03-12,458.818
2013-03-13,443.636
2013-03-14,407.124
2013-03-15,386.157
2013-03-16,393.641
2013-03-17,416.231
2013-03-18,443.38
2013-03-19,495.592
2013-03-20,605.75
2013-03-21,783.154
2013-03-22,1226.942
2013-03-23,1411.078
2013-03-24,1315.67
2013-03-25,1292.581
2013-03-26,1123.755
2013-03-27,1063.172
2013-03-28,1108.787
2013-03-29,1182.281
2013-03-30,1334.244
2013-03-31,1175.28
2013-04-01,860.948
2013-04-02,897.066
2013-04-03,983.527
2013-04-04,1056.856
2013-04-05,1093.508
2013-04-06,1091.161
2013-04-07,1077.589
2013-04-08,1035.66
2013-04-09,973.124
2013-04-10,1033.256
2013-04-11,1272.695
2013-04-12,1678.953
2013-04-13,1855.113
2013-04-14,2094.442
2013-04-15,2028.532
2013-04-16,1610.249
2013-04-17,1347.67
2013-04-18,1195.808
2013-04-19,1144.859
2013-04-20,1345.227
2013-04-21,1862.16
2013-04-22,2134.139
2013-04-23,2015.275
2013-04-24,1893.812
2013-04-25,2118.953
2013-04-26,2220.953
2013-04-27,2030.574
2013-04-28,1885.257
2013-04-29,1743.364
2013-04-30,1642.28
2013-05-01,1715.711
2013-05-02,1799.891
2013-05-03,1743.88
2013-05-04,1665.04
2013-05-05,1629.111
2013-05-06,1622.338
2013-05-07,1615.089
2013-05-08,1581.345
2013-05-09,1570.555
2013-05-10,1607.753
2013-05-11,1647.295
2013-05-12,1725.566
2013-05-13,1825.616
2013-05-14,1882.398
2013-05-15,1882.091
2013-05-16,1886.511
2013-05-17,1872.612
2013-05-18,1803.714
2013-05-19,1790.567
2013-05-20,1842.683
2013-05-21,1837.838
2013-05-22,1833.1
2013-05-23,1891.644
2013-05-24,1817.073
2013-05-25,1609.198
2013-05-26,1481.115
2013-05-27,1397.484
2013-05-28,1229.59
2013-05-29,1050.077
2013-05-30,920.755
2013-05-31,844.483
2013-06-01,797.66
2013-06-02,760.704
2013-06-03,727.161
2013-06-04,696.255
2013-06-05,667.967
2013-06-06,644.742
2013-06-07,630.576
2013-06-08,626.873
2013-06-09,625.515
2013-06-10,608.389
2013-06-11,578.635
2013-06-12,546.502
2013-06-13,514.145
2013-06-14,487.42
2013-06-15,470.855
2013-06-16,464.7
2013-06-17,465.393
2013-06-18,454.612
2013-06-19,427.351
2013-06-20,400.799
2013-06-21,383.593
2013-06-22,370.968
2013-06-23,360.064
2013-06-24,349.516
2013-06-25,339.272
2013-06-26,329.765
2013-06-27,320.929
2013-06-28,313.596
2013-06-29,307.346
2013-06-30,302.278
2013-07-01,297.009
2013-07-02,288.593
2013-07-03,278.796
2013-07-04,269.935
2013-07-05,262.645
2013-07-06,256.558
2013-07-07,250.659
2013-07-08,244.462
2013-07-09,239.104
2013-07-10,233.608
2013-07-11,229.978
2013-07-12,227.213
2013-07-13,226.37
2013-07-14,231.049
2013-07-15,239.552
2013-07-16,238.721
2013-07-17,227.136
2013-07-18,211.277
2013-07-19,198.618
2013-07-20,192.651
2013-07-21,189.022
2013-07-22,184.795
2013-07-23,181.662
2013-07-24,176.409
2013-07-25,169.864
2013-07-26,165.45
2013-07-27,161.621
2013-07-28,158.065
2013-07-29,155.509
2013-07-30,153.6
2013-07-31,151.891
2013-08-01,149.111
2013-08-02,145.607
2013-08-03,143.162
2013-08-04,141.81
2013-08-05,139.695
2013-08-06,138.23
2013-08-07,135.522
2013-08-08,132.648
2013-08-09,131.41
2013-08-10,131.212
2013-08-11,129.778
2013-08-12,128.707
2013-08-13,127.841
2013-08-14,126.324
2013-08-15,124.695
2013-08-16,123.616
2013-08-17,122.164
2013-08-18,120.105
2013-08-19,122.708
2013-08-20,130.847
2013-08-21,143.369
2013-08-22,145.205
2013-08-23,144.858
2013-08-24,143.532
2013-08-25,144.531
2013-08-26,136.437
2013-08-27,123.847
2013-08-28,120.831
2013-08-29,125.234
2013-08-30,125.985
2013-08-31,119.837
2013-09-01,129.522
2013-09-02,159.859
2013-09-03,177.595
2013-09-04,163.522
2013-09-05,132.639
2013-09-06,116.269
2013-09-07,134.336
2013-09-08,175.219
2013-09-09,188.14
2013-09-10,158.683
2013-09-11,119.024
2013-09-12,100.273
2013-09-13,96.668
2013-09-14,104.334
2013-09-15,140.962
2013-09-16,219.038
2013-09-17,338.47
2013-09-18,367.579
2013-09-19,310.871
2013-09-20,237.3
2013-09-21,157.475
2013-09-22,105.05
2013-09-23,95.689
2013-09-24,118.989
2013-09-25,181.732
2013-09-26,237.869
2013-09-27,244.429
2013-09-28,246.556
2013-09-29,237.809
2013-09-30,225.856
2013-10-01,196.03
2013-10-02,178.13
2013-10-03,216.169
2013-10-04,334.402
2013-10-05,477.504
2013-10-06,621.118
2013-10-07,787.803
2013-10-08,830.619
2013-10-09,822.985
2013-10-10,791.096
2013-10-11,763.095
2013-10-12,841.236
2013-10-13,954.802
2013-10-14,980.718
2013-10-15,901.913
2013-10-16,836.447
2013-10-17,889.829
2013-10-18,979.994
2013-10-19,999.482
2013-10-20,908.253
2013-10-21,711.26
2013-10-22,518.53
2013-10-23,400.405
2013-10-24,403.914
2013-10-25,482.773
2013-10-26,526.804
2013-10-27,523.918
2013-10-28,475.934
2013-10-29,431.88
2013-10-30,404.643
2013-10-31,352.996
2013-11-01,280.855
2013-11-02,248.282
2013-11-03,212.495
2013-11-04,227.819
2013-11-05,255.742
2013-11-06,285.894
2013-11-07,322.843
2013-11-08,356.849
2013-11-09,426.632
2013-11-10,482.88
2013-11-11,420.448
2013-11-12,418.548
2013-11-13,474.786
2013-11-14,502.348
2013-11-15,508.789
2013-11-16,474.73
2013-11-17,445.648
2013-11-18,522.605
2013-11-19,652.317
2013-11-20,818.421
2013-11-21,976.845
2013-11-22,1060.74
2013-11-23,1082.866
2013-11-24,970.28
2013-11-25,882.392
2013-11-26,855.097
2013-11-27,870.958
2013-11-28,896.942
2013-11-29,897.455
2013-11-30,987.064
2013-12-01,993.814
2013-12-02,940.001
2013-12-03,855.421
2013-12-04,780.598
2013-12-05,835.275
2013-12-06,1181.962
2013-12-07,1291.891
2013-12-08,1101.181
2013-12-09,943.936
2013-12-10,865.658
2013-12-11,839.602
2013-12-12,839.969
2013-12-13,803.057
2013-12-14,688.561
2013-12-15,619.659
2013-12-16,662.918
2013-12-17,727.438
2013-12-18,940.542
2013-12-19,1588.722
2013-12-20,1909.83
2013-12-21,1632.747
2013-12-22,1342.266
2013-12-23,1171.913
2013-12-24,1100.406
2013-12-25,1167.95
2013-12-26,1292.85
2013-12-27,1341.662
2013-12-28,1344.903
2013-12-29,1334.868
2013-12-30,1305.047
2013-12-31,1279.805
2014-01-01,1290.52
2014-01-02,1298.995
2014-01-03,1223.544
2014-01-04,1106.436
2014-01-05,1074.955
2014-01-06,1066.163
2014-01-07,946.939
2014-01-08,817.632
2014-01-09,738.554
2014-01-10,741.898
2014-01-11,791.756
2014-01-12,835.129
2014-01-13,938.851
2014-01-14,1135.646
2014-01-15,1312.628
2014-01-16,1389.077
2014-01-17,1344.434
2014-01-18,1130.018
2014-01-19,885.949
2014-01-20,712.77
2014-01-21,607.224
2014-01-22,603.299
2014-01-23,692.732
2014-01-24,823.816
2014-01-25,895.378
2014-01-26,848.935
2014-01-27,737.694
2014-01-28,639.69
2014-01-29,584.21
2014-01-30,578.338
2014-01-31,607.177
2014-02-01,651.18
2014-02-02,642.026
2014-02-03,610.564
2014-02-04,610.883
2014-02-05,697.734
2014-02-06,808.458
2014-02-07,835.72
2014-02-08,824.127
2014-02-09,803.742
2014-02-10,766.056
2014-02-11,774.178
2014-02-12,746.998
2014-02-13,695.44
2014-02-14,624.64
2014-02-15,542.508
2014-02-16,507.75
2014-02-17,517.836
2014-02-18,625.798
2014-02-19,868.272
2014-02-20,1051.47
2014-02-21,1047.24
2014-02-22,948.638
2014-02-23,825.914
2014-02-24,769.743
2014-02-25,787.641
2014-02-26,827.09
2014-02-27,861.472
2014-02-28,891.647
2014-03-01,896.324
2014-03-02,791.375
2014-03-03,669.835
2014-03-04,622.884
2014-03-05,635.698
2014-03-06,669.54
2014-03-07,721.597
2014-03-08,782.888
2014-03-09,838.838
2014-03-10,942.59
2014-03-11,1082.355
2014-03-12,1143.194
2014-03-13,1067.798
2014-03-14,911.918
2014-03-15,725.671
2014-03-16,572.894
2014-03-17,542.59
2014-03-18,641.765
2014-03-19,649.524
2014-03-20,600.748
2014-03-21,652.438
2014-03-22,735.436
2014-03-23,738.522
2014-03-24,701.756
2014-03-25,715.923
2014-03-26,811.354
2014-03-27,891.067
2014-03-28,987.045
2014-03-29,1071.638
2014-03-30,1156.967
2014-03-31,1114.023
2014-04-01,1019.43
2014-04-02,942.433
2014-04-03,903.512
2014-04-04,952.758
2014-04-05,1068.982
2014-04-06,1100.466
2014-04-07,1050.096
2014-04-08,1044.277
2014-04-09,1120.648
2014-04-10,1177.754
2014-04-11,1200.424
2014-04-12,1134.215
2014-04-13,1035.1
2014-04-14,954.006
2014-04-15,826.959
2014-04-16,721.378
2014-04-17,692.137
2014-04-18,717.292
2014-04-19,754.682
2014-04-20,794.192
2014-04-21,883.652
2014-04-22,1102.226
2014-04-23,1156.925
2014-04-24,1008.963
2014-04-25,898.959
2014-04-26,832.375
2014-04-27,806.573
2014-04-28,871.248
2014-04-29,992.489
2014-04-30,1039.627
2014-05-01,1035.058
2014-05-02,1065.417
2014-05-03,1234.986
2014-05-04,1488.346
2014-05-05,1733.408
2014-05-06,1661.7
2014-05-07,1314.491
2014-05-08,1064.53
2014-05-09,1018.368
2014-05-10,1063.122
2014-05-11,1083.536
2014-05-12,1045.671
2014-05-13,962.898
2014-05-14,822.509
2014-05-15,694.94
2014-05-16,639.832
2014-05-17,630.942
2014-05-18,635.685
2014-05-19,634.052
2014-05-20,628.947
2014-05-21,581.309
2014-05-22,546.784
2014-05-23,563.462
2014-05-24,621.395
2014-05-25,705.468
2014-05-26,753.374
2014-05-27,726.853
2014-05-28,660.055
2014-05-29,584.559
2014-05-30,512.726
2014-05-31,451.418
2014-06-01,406.838
2014-06-02,382.707
2014-06-03,372.904
2014-06-04,368.59
2014-06-05,358.107
2014-06-06,345.487
2014-06-07,340.28
2014-06-08,330.774
2014-06-09,317.35
2014-06-10,300.871
2014-06-11,288.864
2014-06-12,280.91
2014-06-13,277.5
2014-06-14,273.657
2014-06-15,263.331
2014-06-16,251.045
2014-06-17,242.383
2014-06-18,236.924
2014-06-19,236.798
2014-06-20,249.946
2014-06-21,287.021
2014-06-22,332.183
2014-06-23,349.486
2014-06-24,317.324
2014-06-25,261.288
2014-06-26,221.06
2014-06-27,203.466
2014-06-28,197.864
2014-06-29,196.117
2014-06-30,197.076
2014-07-01,206.72
2014-07-02,230.312
2014-07-03,279.413
2014-07-04,329.309
2014-07-05,340.596
2014-07-06,299.599
2014-07-07,229.491
2014-07-08,180.8
2014-07-09,162.694
2014-07-10,157.16
2014-07-11,154.126
2014-07-12,151.642
2014-07-13,150.432
2014-07-14,151.997
2014-07-15,155.664
2014-07-16,152.42
2014-07-17,144.618
2014-07-18,138.155
2014-07-19,134.19
2014-07-20,131.983
2014-07-21,131.081
2014-07-22,130.253
2014-07-23,129.131
2014-07-24,127.687
2014-07-25,124.792
2014-07-26,121.815
2014-07-27,121.652
2014-07-28,122.719
2014-07-29,123.207
2014-07-30,123.255
2014-07-31,125.647
2014-08-01,124.91
2014-08-02,121.048
2014-08-03,130.248
2014-08-04,161.874
2014-08-05,194.858
2014-08-06,207.507
2014-08-07,194.026
2014-08-08,161.421
2014-08-09,141.157
2014-08-10,135.393
2014-08-11,142.159
2014-08-12,162.487
2014-08-13,163.428
2014-08-14,136.503
2014-08-15,115.161
2014-08-16,117.28
2014-08-17,128.43
2014-08-18,138.826
2014-08-19,151.777
2014-08-20,179.524
2014-08-21,205.745
2014-08-22,204.628
2014-08-23,189.652
2014-08-24,178.175
2014-08-25,176.385
2014-08-26,186.952
2014-08-27,199.71
2014-08-28,215.183
2014-08-29,310.482
2014-08-30,391.398
2014-08-31,411.853
2014-09-01,403.361
2014-09-02,362.158
2014-09-03,284.048
2014-09-04,232.015
2014-09-05,227.669
2014-09-06,266.036
2014-09-07,331.579
2014-09-08,403.681
2014-09-09,522.034
2014-09-10,638.215
2014-09-11,754.254
2014-09-12,798.782
2014-09-13,658.529
2014-09-14,475.842
2014-09-15,409.439
2014-09-16,447.706
2014-09-17,562.448
2014-09-18,707.128
2014-09-19,800.762
2014-09-20,846.242
2014-09-21,809.329
2014-09-22,638.892
2014-09-23,456.077
2014-09-24,327.832
2014-09-25,249.85
2014-09-26,207.028
2014-09-27,180.762
2014-09-28,170.6
2014-09-29,173.197
2014-09-30,170.088
2014-10-01,163.905
2014-10-02,184.855
2014-10-03,196.757
2014-10-04,230.537
2014-10-05,296.295
2014-10-06,376.426
2014-10-07,448.229
2014-10-08,467.933
2014-10-09,506.585
2014-10-10,647.348
2014-10-11,600.411
2014-10-12,550.0
2014-10-13,517.17
2014-10-14,505.704
2014-10-15,546.1
2014-10-16,704.12
2014-10-17,992.051
2014-10-18,1227.618
2014-10-19,1267.705
2014-10-20,1100.531
2014-10-21,885.505
2014-10-22,694.176
2014-10-23,675.084
2014-10-24,797.971
2014-10-25,710.364
2014-10-26,672.732
2014-10-27,548.154
2014-10-28,464.912
2014-10-29,515.823
2014-10-30,574.648
2014-10-31,612.184
2014-11-01,824.279
2014-11-02,1197.501
2014-11-03,1301.582
2014-11-04,1117.015
2014-11-05,924.033
2014-11-06,851.288
2014-11-07,887.648
2014-11-08,1035.804
2014-11-09,1185.016
2014-11-10,1084.596
2014-11-11,876.718
2014-11-12,746.25
2014-11-13,667.659
2014-11-14,584.423
2014-11-15,538.186
2014-11-16,529.652
2014-11-17,573.548
2014-11-18,681.245
2014-11-19,777.005
2014-11-20,832.228
2014-11-21,754.698
2014-11-22,599.914
2014-11-23,496.366
2014-11-24,477.049
2014-11-25,487.23
2014-11-26,537.116
2014-11-27,611.549
2014-11-28,679.732
2014-11-29,687.091
2014-11-30,749.195
2014-12-01,815.427
2014-12-02,803.116
2014-12-03,789.324
2014-12-04,900.003
2014-12-05,1058.249
2014-12-06,1152.273
2014-12-07,1167.305
2014-12-08,1177.601
2014-12-09,1187.209
2014-12-10,1055.181
2014-12-11,939.262
2014-12-12,1114.008
2014-12-13,1580.299
2014-12-14,1788.586
2014-12-15,1563.359
2014-12-16,1425.254
2014-12-17,1531.294
2014-12-18,1771.541
2014-12-19,2076.41
2014-12-20,1961.123
2014-12-21,1415.032
2014-12-22,979.184
2014-12-23,800.862
2014-12-24,794.09
2014-12-25,806.139
2014-12-26,784.639
2014-12-27,738.064
2014-12-28,682.472
2014-12-29,619.098
2014-12-30,584.364
2014-12-31,625.506
2015-01-01,658.034
2015-01-02,669.697
2015-01-03,694.556
2015-01-04,713.059
2015-01-05,789.565
2015-01-06,907.117
2015-01-07,912.937
2015-01-08,879.522
2015-01-09,992.227
2015-01-10,1188.153
2015-01-11,1316.509
2015-01-12,1306.755
2015-01-13,1152.087
2015-01-14,951.495
2015-01-15,819.984
2015-01-16,746.137
2015-01-17,709.107
2015-01-18,689.692
2015-01-19,623.243
2015-01-20,545.956
2015-01-21,514.47
2015-01-22,518.369
2015-01-23,556.32
2015-01-24,609.465
2015-01-25,599.232
2015-01-26,587.854
2015-01-27,680.658
2015-01-28,718.978
2015-01-29,608.263
2015-01-30,496.652
2015-01-31,425.028
2015-02-01,365.249
2015-02-02,342.877
2015-02-03,357.051
2015-02-04,414.15
2015-02-05,493.527
2015-02-06,586.551
2015-02-07,657.052
2015-02-08,664.227
2015-02-09,700.683
2015-02-10,702.354
2015-02-11,549.95
2015-02-12,405.988
2015-02-13,410.062
2015-02-14,507.718
2015-02-15,571.473
2015-02-16,555.746
2015-02-17,495.483
2015-02-18,460.072
2015-02-19,509.567
2015-02-20,637.616
2015-02-21,701.16
2015-02-22,598.234
2015-02-23,492.151
2015-02-24,416.67
2015-02-25,377.312
2015-02-26,369.898
2015-02-27,366.619
2015-02-28,384.247
2015-03-01,429.74
2015-03-02,481.57
2015-03-03,499.748
2015-03-04,555.632
2015-03-05,648.8
2015-03-06,675.325
2015-03-07,608.45
2015-03-08,506.387
2015-03-09,431.286
2015-03-10,451.781
2015-03-11,547.94
2015-03-12,612.542
2015-03-13,612.61
2015-03-14,582.475
2015-03-15,570.267
2015-03-16,552.491
2015-03-17,515.77
2015-03-18,491.475
2015-03-19,497.564
2015-03-20,481.185
2015-03-21,419.471
2015-03-22,342.018
2015-03-23,304.55
2015-03-24,299.993
2015-03-25,294.098
2015-03-26,312.574
2015-03-27,439.7
2015-03-28,450.117
2015-03-29,463.684
2015-03-30,482.12
2015-03-31,432.594
2015-04-01,385.912
2015-04-02,419.443
2015-04-03,517.7
2015-04-04,647.005
2015-04-05,721.903
2015-04-06,783.483
2015-04-07,966.219
2015-04-08,1213.13
2015-04-09,1363.092
2015-04-10,1301.157
2015-04-11,1213.002
2015-04-12,1389.602
2015-04-13,1538.919
2015-04-14,1554.619
2015-04-15,1809.187
2015-04-16,2096.117
2015-04-17,1837.866
2015-04-18,1445.968
2015-04-19,1407.058
2015-04-20,1928.53
2015-04-21,1978.663
2015-04-22,1494.41
2015-04-23,1162.393
2015-04-24,1120.298
2015-04-25,1269.304
2015-04-26,1374.199
2015-04-27,1259.035
2015-04-28,1117.837
2015-04-29,1171.502
2015-04-30,1548.492
2015-05-01,1627.82
2015-05-02,1410.41
2015-05-03,1352.011
2015-05-04,1467.76
2015-05-05,1457.228
2015-05-06,1324.084
2015-05-07,1283.745
2015-05-08,1238.505
2015-05-09,1159.937
2015-05-10,1061.792
2015-05-11,1029.822
2015-05-12,1070.509
2015-05-13,1183.965
2015-05-14,1358.266
2015-05-15,1404.718
2015-05-16,1221.732
2015-05-17,1064.262
2015-05-18,1030.041
2015-05-19,1040.38
2015-05-20,1002.781
2015-05-21,969.708
2015-05-22,1035.237
2015-05-23,1125.869
2015-05-24,1145.369
2015-05-25,1103.591
2015-05-26,992.252
2015-05-27,857.28
2015-05-28,782.729
2015-05-29,772.836
2015-05-30,778.427
2015-05-31,770.965
2015-06-01,728.234
2015-06-02,669.142
2015-06-03,612.934
2015-06-04,566.267
2015-06-05,524.754
2015-06-06,493.261
2015-06-07,471.21
2015-06-08,461.59
2015-06-09,465.475
2015-06-10,470.264
2015-06-11,466.423
2015-06-12,460.558
2015-06-13,427.494
2015-06-14,389.478
2015-06-15,384.764
2015-06-16,421.295
2015-06-17,481.427
2015-06-18,500.69
2015-06-19,521.36
2015-06-20,494.842
2015-06-21,404.928
2015-06-22,330.376
2015-06-23,295.422
2015-06-24,282.322
2015-06-25,288.364
2015-06-26,295.591
2015-06-27,292.411
2015-06-28,302.57
2015-06-29,331.69
2015-06-30,353.037
2015-07-01,380.87
2015-07-02,473.738
2015-07-03,895.417
2015-07-04,966.488
2015-07-05,598.771
2015-07-06,375.756
2015-07-07,291.63
2015-07-08,249.25
2015-07-09,225.66
2015-07-10,219.218
2015-07-11,240.7
2015-07-12,262.557
2015-07-13,266.831
2015-07-14,247.406
2015-07-15,215.942
2015-07-16,198.48
2015-07-17,197.869
2015-07-18,201.965
2015-07-19,196.275
2015-07-20,184.174
2015-07-21,172.521
2015-07-22,164.685
2015-07-23,160.292
2015-07-24,156.804
2015-07-25,153.348
2015-07-26,149.406
2015-07-27,145.715
2015-07-28,142.701
2015-07-29,140.045
2015-07-30,137.39
2015-07-31,135.104
2015-08-01,134.431
2015-08-02,134.04
2015-08-03,132.962
2015-08-04,130.851
2015-08-05,129.545
2015-08-06,127.845
2015-08-07,126.247
2015-08-08,124.526
2015-08-09,122.331
2015-08-10,119.042
2015-08-11,117.93
2015-08-12,116.509
2015-08-13,113.223
2015-08-14,112.363
2015-08-15,124.778
2015-08-16,132.938
2015-08-17,125.532
2015-08-18,114.659
2015-08-19,106.76
2015-08-20,106.745
2015-08-21,113.523
2015-08-22,116.546
2015-08-23,113.019
2015-08-24,103.981
2015-08-25,95.042
2015-08-26,91.136
2015-08-27,91.511
2015-08-28,93.16
2015-08-29,95.033
2015-08-30,97.781
2015-08-31,94.157
2015-09-01,86.485
2015-09-02,81.272
2015-09-03,79.217
2015-09-04,80.172
2015-09-05,83.999
2015-09-06,84.817
2015-09-07,83.977
2015-09-08,85.886
2015-09-09,89.725
2015-09-10,92.185
2015-09-11,87.328
2015-09-12,79.919
2015-09-13,83.435
2015-09-14,94.692
2015-09-15,113.486
2015-09-16,150.56
2015-09-17,207.25
2015-09-18,271.166
2015-09-19,303.235
2015-09-20,310.433
2015-09-21,291.787
2015-09-22,229.073
2015-09-23,170.808
2015-09-24,133.203
2015-09-25,112.072
2015-09-26,94.691
2015-09-27,78.939
2015-09-28,71.379
2015-09-29,69.549
2015-09-30,74.432
2015-10-01,92.941
2015-10-02,106.31
2015-10-03,130.105
2015-10-04,136.129
2015-10-05,128.372
2015-10-06,109.616
2015-10-07,89.43
2015-10-08,92.024
2015-10-09,99.825
2015-10-10,102.12
2015-10-11,129.939
2015-10-12,188.957
2015-10-13,240.07
2015-10-14,270.233
2015-10-15,265.647
2015-10-16,293.438
2015-10-17,399.448
2015-10-18,475.013
2015-10-19,453.77
2015-10-20,359.068
2015-10-21,281.858
2015-10-22,250.765
2015-10-23,249.691
2015-10-24,320.441
2015-10-25,454.834
2015-10-26,623.922
2015-10-27,746.611
2015-10-28,732.525
2015-10-29,671.282
2015-10-30,660.292
2015-10-31,625.068
2015-11-01,628.97
2015-11-02,698.028
2015-11-03,762.348
2015-11-04,741.484
2015-11-05,760.627
2015-11-06,902.903
2015-11-07,1016.988
2015-11-08,1209.321
2015-11-09,1485.171
2015-11-10,1769.812
2015-11-11,1720.695
2015-11-12,1647.004
2015-11-13,1606.391
2015-11-14,1512.735
2015-11-15,1542.284
2015-11-16,1523.436
2015-11-17,1350.237
2015-11-18,1778.245
2015-11-19,1942.075
2015-11-20,1608.984
2015-11-21,1384.5
2015-11-22,1220.329
2015-11-23,1132.442
2015-11-24,1132.234
2015-11-25,1071.525
2015-11-26,1018.964
2015-11-27,1041.276
2015-11-28,1074.766
2015-11-29,1148.314
2015-11-30,1276.604
2015-12-01,1428.888
2015-12-02,1554.171
2015-12-03,1886.128
2015-12-04,2057.956
2015-12-05,1821.329
2015-12-06,1648.251
2015-12-07,1683.63
2015-12-08,1642.31
2015-12-09,1604.559
2015-12-10,1739.396
2015-12-11,1801.741
2015-12-12,1876.084
2015-12-13,1646.911
2015-12-14,1445.286
2015-12-15,1338.76
2015-12-16,1358.893
2015-12-17,1506.27
2015-12-18,1606.496
2015-12-19,1564.336
2015-12-20,1968.555
2015-12-21,2091.599
2015-12-22,1784.276
2015-12-23,1925.818
2015-12-24,2034.777
2015-12-25,2342.267
2015-12-26,2830.913
2015-12-27,2604.316
2015-12-28,2010.666
2015-12-29,1695.508
2015-12-30,1604.148
2015-12-31,1625.011
2016-01-01,1633.756
2016-01-02,1623.618
2016-01-03,1625.89
2016-01-04,1596.42
2016-01-05,1540.834
2016-01-06,1404.19
2016-01-07,1266.925
2016-01-08,1196.279
2016-01-09,1173.481
2016-01-10,1173.538
2016-01-11,1192.667
2016-01-12,1225.879
2016-01-13,1213.32
2016-01-14,1120.092
2016-01-15,1044.539
2016-01-16,959.07
2016-01-17,909.727
2016-01-18,915.223
2016-01-19,887.28
2016-01-20,826.195
2016-01-21,797.096
2016-01-22,818.738
2016-01-23,859.136
2016-01-24,902.416
2016-01-25,1002.288
2016-01-26,1146.002
2016-01-27,1502.52
2016-01-28,1580.911
2016-01-29,1303.166
2016-01-30,1142.801
2016-01-31,1157.786
2016-02-01,1229.9
2016-02-02,1187.067
2016-02-03,1028.975
2016-02-04,969.846
2016-02-05,1065.051
2016-02-06,1207.195
2016-02-07,1405.97
2016-02-08,1576.211
2016-02-09,1442.988
2016-02-10,1099.248
2016-02-11,846.655
2016-02-12,754.245
2016-02-13,770.816
2016-02-14,868.781
2016-02-15,1143.884
2016-02-16,1216.283
2016-02-17,982.398
2016-02-18,816.244
2016-02-19,725.541
2016-02-20,667.593
2016-02-21,652.788
2016-02-22,695.342
2016-02-23,751.291
2016-02-24,751.657
2016-02-25,770.869
2016-02-26,1011.65
2016-02-27,1204.286
2016-02-28,1155.833
2016-02-29,1051.429
2016-03-01,980.859
2016-03-02,884.336
2016-03-03,773.06
2016-03-04,726.696
2016-03-05,772.572
2016-03-06,860.602
2016-03-07,920.815
2016-03-08,920.282
2016-03-09,874.654
2016-03-10,821.814
2016-03-11,767.72
2016-03-12,703.622
2016-03-13,673.49
2016-03-14,704.852
2016-03-15,732.818
2016-03-16,696.466
2016-03-17,660.11
2016-03-18,688.81
2016-03-19,728.581
2016-03-20,716.849
2016-03-21,676.405
2016-03-22,753.035
2016-03-23,779.486
2016-03-24,727.772
2016-03-25,752.426
2016-03-26,788.924
2016-03-27,757.468
2016-03-28,670.096
2016-03-29,554.448
2016-03-30,485.005
2016-03-31,616.761
2016-04-01,724.26
2016-04-02,686.846
2016-04-03,594.424
2016-04-04,555.941
2016-04-05,722.621
2016-04-06,903.71
2016-04-07,1009.41
2016-04-08,1068.811
2016-04-09,999.307
2016-04-10,946.733
2016-04-11,1149.344
2016-04-12,1110.49
2016-04-13,825.628
2016-04-14,744.4
2016-04-15,914.066
2016-04-16,1218.2
2016-04-17,1420.3
2016-04-18,1428.609
2016-04-19,1197.836
2016-04-20,968.796
2016-04-21,857.434
2016-04-22,800.147
2016-04-23,848.135
2016-04-24,920.578
2016-04-25,927.542
2016-04-26,998.121
2016-04-27,1232.278
2016-04-28,1370.152
2016-04-29,1556.06
2016-04-30,1562.339
2016-05-01,1502.65
2016-05-02,1584.458
2016-05-03,1892.181
2016-05-04,2091.64
2016-05-05,2213.68
2016-05-06,2276.994
2016-05-07,2231.189
2016-05-08,2112.869
2016-05-09,2016.817
2016-05-10,2016.675
2016-05-11,2015.694
2016-05-12,2062.183
2016-05-13,2258.934
2016-05-14,2351.818
2016-05-15,2319.663
2016-05-16,2179.5
2016-05-17,1914.907
2016-05-18,1704.235
2016-05-19,1565.174
2016-05-20,1485.168
2016-05-21,1564.866
2016-05-22,1600.997
2016-05-23,1450.16
2016-05-24,1199.795
2016-05-25,1018.812
2016-05-26,923.843
2016-05-27,850.365
2016-05-28,791.045
2016-05-29,745.513
2016-05-30,708.175
2016-05-31,676.332
2016-06-01,644.688
2016-06-02,615.92
2016-06-03,591.421
2016-06-04,569.004
2016-06-05,542.608
2016-06-06,514.8
2016-06-07,490.903
2016-06-08,470.441
2016-06-09,452.122
2016-06-10,435.232
2016-06-11,421.95
2016-06-12,416.73
2016-06-13,417.735
2016-06-14,422.601
2016-06-15,417.918
2016-06-16,403.611
2016-06-17,400.811
2016-06-18,392.87
2016-06-19,365.566
2016-06-20,333.32
2016-06-21,311.677
2016-06-22,301.119
2016-06-23,291.394
2016-06-24,283.198
2016-06-25,277.088
2016-06-26,267.632
2016-06-27,260.225
2016-06-28,259.61
2016-06-29,263.062
2016-06-30,260.84
2016-07-01,268.567
2016-07-02,304.324
2016-07-03,323.685
2016-07-04,301.198
2016-07-05,268.185
2016-07-06,238.27
2016-07-07,230.269
2016-07-08,230.056
2016-07-09,222.259
2016-07-10,205.296
2016-07-11,187.451
2016-07-12,177.257
2016-07-13,172.362
2016-07-14,169.652
2016-07-15,166.08
2016-07-16,161.485
2016-07-17,157.29
2016-07-18,153.695
2016-07-19,150.395
2016-07-20,147.499
2016-07-21,147.443
2016-07-22,153.708
2016-07-23,152.428
2016-07-24,142.598
2016-07-25,135.303
2016-07-26,132.092
2016-07-27,139.945
2016-07-28,178.492
2016-07-29,153.649
2016-07-30,128.908
2016-07-31,123.74
2016-08-01,124.19
2016-08-02,121.465
2016-08-03,120.142
2016-08-04,118.755
2016-08-05,115.772
2016-08-06,111.24
2016-08-07,110.592
2016-08-08,117.376
2016-08-09,138.131
2016-08-10,147.149
2016-08-11,143.48
2016-08-12,138.945
2016-08-13,143.741
2016-08-14,150.718
2016-08-15,145.584
2016-08-16,123.648
2016-08-17,103.256
2016-08-18,94.227
2016-08-19,90.219
2016-08-20,88.214
2016-08-21,87.92
2016-08-22,86.716
2016-08-23,88.467
2016-08-24,90.188
2016-08-25,93.29
2016-08-26,100.67
2016-08-27,98.062
2016-08-28,93.136
2016-08-29,111.529
2016-08-30,141.058
2016-08-31,153.562
2016-09-01,132.965
2016-09-02,99.542
2016-09-03,78.47
2016-09-04,70.586
2016-09-05,68.298
2016-09-06,67.585
2016-09-07,67.163
2016-09-08,66.439
2016-09-09,65.448
2016-09-10,64.605
2016-09-11,64.047
2016-09-12,63.935
2016-09-13,63.742
2016-09-14,63.185
2016-09-15,61.872
2016-09-16,60.494
2016-09-17,59.834
2016-09-18,60.021
2016-09-19,62.749
2016-09-20,62.964
2016-09-21,65.241
2016-09-22,73.864
2016-09-23,88.966
2016-09-24,102.782
2016-09-25,99.87
2016-09-26,82.846
2016-09-27,68.158
2016-09-28,62.645
2016-09-29,71.655
2016-09-30,108.892
2016-10-01,182.498
2016-10-02,257.587
2016-10-03,282.79
2016-10-04,255.167
2016-10-05,217.482
2016-10-06,174.375
2016-10-07,131.954
2016-10-08,147.222
2016-10-09,238.57
2016-10-10,331.836
2016-10-11,456.945
2016-10-12,602.362
2016-10-13,742.171
2016-10-14,780.995
2016-10-15,698.654
2016-10-16,778.379
2016-10-17,1120.302
2016-10-18,1316.204
2016-10-19,1277.601
2016-10-20,1220.513
2016-10-21,1186.547
2016-10-22,1172.812
2016-10-23,1081.333
2016-10-24,844.289
2016-10-25,544.307
2016-10-26,336.936
2016-10-27,213.777
2016-10-28,145.315
2016-10-29,119.087
2016-10-30,113.41
2016-10-31,115.571
2016-11-01,122.095
2016-11-02,138.777
2016-11-03,169.709
2016-11-04,196.273
2016-11-05,188.868
2016-11-06,157.118
2016-11-07,130.717
2016-11-08,135.776
2016-11-09,159.015
2016-11-10,193.086
2016-11-11,245.788
2016-11-12,290.021
2016-11-13,323.284
2016-11-14,333.488
2016-11-15,343.094
2016-11-16,376.138
2016-11-17,446.848
2016-11-18,555.712
2016-11-19,707.701
2016-11-20,759.068
2016-11-21,722.762
2016-11-22,738.314
2016-11-23,727.229
2016-11-24,656.952
2016-11-25,583.691
2016-11-26,586.402
2016-11-27,676.809
2016-11-28,831.455
2016-11-29,879.622
2016-11-30,769.616
2016-12-01,724.352
2016-12-02,780.883
2016-12-03,846.145
2016-12-04,829.981
2016-12-05,714.875
2016-12-06,647.456
2016-12-07,662.363
2016-12-08,670.547
2016-12-09,688.755
2016-12-10,721.466
2016-12-11,717.826
2016-12-12,825.662
2016-12-13,811.732
2016-12-14,693.16
2016-12-15,741.79
2016-12-16,896.445
2016-12-17,1023.036
2016-12-18,977.46
2016-12-19,840.887
2016-12-20,726.047
2016-12-21,642.457
2016-12-22,604.583
2016-12-23,612.436
2016-12-24,610.155
2016-12-25,584.766
2016-12-26,579.558
2016-12-27,582.54
2016-12-28,559.109
2016-12-29,534.003
2016-12-30,528.216
2016-12-31,545.255
2017-01-01,530.624
2017-01-02,473.897
2017-01-03,426.265
2017-01-04,417.307
2017-01-05,425.574
2017-01-06,401.869
2017-01-07,363.086
2017-01-08,355.449
2017-01-09,352.802
2017-01-10,342.635
2017-01-11,363.899
2017-01-12,434.859
2017-01-13,529.277
2017-01-14,600.113
2017-01-15,658.505
2017-01-16,676.142
2017-01-17,684.132
2017-01-18,618.611
2017-01-19,467.977
2017-01-20,333.007
2017-01-21,259.413
2017-01-22,238.1
2017-01-23,260.12
2017-01-24,309.292
2017-01-25,355.943
2017-01-26,375.596
2017-01-27,403.826
2017-01-28,414.7
2017-01-29,382.639
2017-01-30,370.556
2017-01-31,394.023
2017-02-01,376.988
2017-02-02,312.269
2017-02-03,275.008
2017-02-04,303.172
2017-02-05,342.007
2017-02-06,363.984
2017-02-07,364.472
2017-02-08,372.905
2017-02-09,413.578
2017-02-10,521.32
2017-02-11,601.738
2017-02-12,631.469
2017-02-13,638.884
2017-02-14,647.161
2017-02-15,650.242
2017-02-16,692.665
2017-02-17,754.684
2017-02-18,817.132
2017-02-19,891.24
2017-02-20,851.311
2017-02-21,710.862
2017-02-22,608.29
2017-02-23,666.088
2017-02-24,714.103
2017-02-25,719.42
2017-02-26,665.613
2017-02-27,605.162
2017-02-28,609.356
2017-03-01,630.218
2017-03-02,618.613
2017-03-03,628.01
2017-03-04,672.467
2017-03-05,700.188
2017-03-06,702.048
2017-03-07,688.077
2017-03-08,740.082
2017-03-09,833.435
2017-03-10,932.595
2017-03-11,1004.65
2017-03-12,1277.519
2017-03-13,1850.819
2017-03-14,1851.824
2017-03-15,1381.599
2017-03-16,1093.269
2017-03-17,985.243
2017-03-18,984.8
2017-03-19,984.093
2017-03-20,889.469
2017-03-21,791.398
2017-03-22,831.148
2017-03-23,923.123
2017-03-24,915.715
2017-03-25,834.708
2017-03-26,757.398
2017-03-27,682.752
2017-03-28,658.274
2017-03-29,719.778
2017-03-30,852.096
2017-03-31,921.075
2017-04-01,884.532
2017-04-02,840.692
2017-04-03,831.35
2017-04-04,833.814
2017-04-05,825.383
2017-04-06,801.078
2017-04-07,819.911
2017-04-08,916.972
2017-04-09,998.891
2017-04-10,952.52
2017-04-11,814.262
2017-04-12,737.524
2017-04-13,791.075
2017-04-14,874.361
2017-04-15,873.168
2017-04-16,807.916
2017-04-17,733.665
2017-04-18,670.758
2017-04-19,639.134
2017-04-20,618.77
2017-04-21,641.988
2017-04-22,719.157
2017-04-23,862.379
2017-04-24,886.495
2017-04-25,852.556
2017-04-26,841.891
2017-04-27,914.44
2017-04-28,963.01
2017-04-29,914.423
2017-04-30,827.882
2017-05-01,839.983
2017-05-02,961.044
2017-05-03,1076.626
2017-05-04,1087.482
2017-05-05,1008.12
2017-05-06,963.457
2017-05-07,964.235
2017-05-08,976.56
2017-05-09,960.844
2017-05-10,961.037
2017-05-11,966.041
2017-05-12,988.364
2017-05-13,933.204
2017-05-14,874.068
2017-05-15,906.223
2017-05-16,995.294
2017-05-17,1087.212
2017-05-18,1140.203
2017-05-19,1159.016
2017-05-20,1168.679
2017-05-21,1224.739
2017-05-22,1347.675
2017-05-23,1488.052
2017-05-24,1496.533
2017-05-25,1234.848
2017-05-26,937.725
2017-05-27,788.35
2017-05-28,748.732
2017-05-29,749.831
2017-05-30,745.666
2017-05-31,695.987
2017-06-01,615.596
2017-06-02,566.755
2017-06-03,560.059
2017-06-04,564.371
2017-06-05,552.277
2017-06-06,509.186
2017-06-07,460.402
2017-06-08,431.264
2017-06-09,415.398
2017-06-10,398.64
2017-06-11,381.583
2017-06-12,372.254
2017-06-13,370.443
2017-06-14,365.45
2017-06-15,348.89
2017-06-16,328.498
2017-06-17,315.023
2017-06-18,306.371
2017-06-19,301.258
2017-06-20,296.104
2017-06-21,289.344
2017-06-22,278.075
2017-06-23,265.698
2017-06-24,257.358
2017-06-25,254.985
2017-06-26,252.395
2017-06-27,240.946
2017-06-28,228.232
2017-06-29,223.264
2017-06-30,227.353
2017-07-01,240.751
2017-07-02,256.922
2017-07-03,258.616
2017-07-04,253.835
2017-07-05,239.34
2017-07-06,215.245
2017-07-07,200.88
2017-07-08,197.378
2017-07-09,193.362
2017-07-10,187.995
2017-07-11,179.454
2017-07-12,170.008
2017-07-13,161.0
2017-07-14,154.596
2017-07-15,150.46
2017-07-16,148.75
2017-07-17,151.849
2017-07-18,160.268
2017-07-19,161.258
2017-07-20,160.052
2017-07-21,170.456
2017-07-22,182.696
2017-07-23,182.341
2017-07-24,163.057
2017-07-25,141.086
2017-07-26,131.856
2017-07-27,137.005
2017-07-28,134.351
2017-07-29,126.306
2017-07-30,122.58
2017-07-31,120.13
2017-08-01,120.539
2017-08-02,119.81
2017-08-03,119.514
2017-08-04,117.692
2017-08-05,120.175
2017-08-06,126.932
2017-08-07,123.6
2017-08-08,121.252
2017-08-09,124.571
2017-08-10,123.61
2017-08-11,123.96
2017-08-12,127.193
2017-08-13,117.038
2017-08-14,105.758
2017-08-15,103.391
2017-08-16,101.61
2017-08-17,104.693
2017-08-18,107.731
2017-08-19,109.435
2017-08-20,112.072
2017-08-21,136.714
2017-08-22,168.268
2017-08-23,177.322
2017-08-24,168.441
2017-08-25,169.293
2017-08-26,168.836
2017-08-27,148.093
2017-08-28,134.868
2017-08-29,127.709
2017-08-30,143.659
2017-08-31,220.154
2017-09-01,599.043
2017-09-02,772.646
2017-09-03,622.295
2017-09-04,564.939
2017-09-05,522.462
2017-09-06,377.644
2017-09-07,248.442
2017-09-08,218.743
2017-09-09,218.928
2017-09-10,212.216
2017-09-11,194.519
2017-09-12,164.284
2017-09-13,148.559
2017-09-14,148.326
2017-09-15,162.984
2017-09-16,181.412
2017-09-17,179.894
2017-09-18,173.809
2017-09-19,194.561
2017-09-20,217.233
2017-09-21,241.602
2017-09-22,250.918
2017-09-23,271.857
2017-09-24,307.072
2017-09-25,330.007
2017-09-26,324.76
2017-09-27,346.633
2017-09-28,373.398
2017-09-29,361.538
2017-09-30,342.736
2017-10-01,408.4
2017-10-02,577.573
2017-10-03,748.795
2017-10-04,795.436
2017-10-05,713.24
2017-10-06,567.563
2017-10-07,422.945
2017-10-08,294.191
2017-10-09,238.021
2017-10-10,241.886
2017-10-11,283.14
2017-10-12,396.262
2017-10-13,493.132
2017-10-14,535.914
2017-10-15,501.985
2017-10-16,381.357
2017-10-17,276.411
2017-10-18,229.358
2017-10-19,216.892
2017-10-20,213.271
2017-10-21,240.169
2017-10-22,281.044
2017-10-23,280.148
2017-10-24,338.536
2017-10-25,541.471
2017-10-26,780.325
2017-10-27,861.832
2017-10-28,832.096
2017-10-29,831.039
2017-10-30,871.918
2017-10-31,842.604
2017-11-01,925.482
2017-11-02,1231.719
2017-11-03,1474.985
2017-11-04,1543.395
2017-11-05,1425.556
2017-11-06,1101.189
2017-11-07,784.673
2017-11-08,567.968
2017-11-09,487.705
2017-11-10,544.38
2017-11-11,643.775
2017-11-12,746.59
2017-11-13,823.841
2017-11-14,777.101
2017-11-15,653.771
2017-11-16,565.613
2017-11-17,493.025
2017-11-18,424.661
2017-11-19,451.889
2017-11-20,595.1
2017-11-21,837.988
2017-11-22,1015.906
2017-11-23,1065.29
2017-11-24,1095.773
2017-11-25,1385.114
2017-11-26,1644.884
2017-11-27,1403.089
2017-11-28,1020.183
2017-11-29,827.011
2017-11-30,731.535
2017-12-01,746.948
2017-12-02,771.142
2017-12-03,828.81
2017-12-04,898.918
2017-12-05,850.365
2017-12-06,780.669
2017-12-07,853.189
2017-12-08,1024.861
2017-12-09,1190.159
2017-12-10,1182.875
2017-12-11,1071.806
2017-12-12,1017.665
2017-12-13,945.264
2017-12-14,859.989
2017-12-15,848.852
2017-12-16,856.86
2017-12-17,839.906
2017-12-18,904.912
2017-12-19,1031.62
2017-12-20,1052.439
2017-12-21,905.81
2017-12-22,813.125
2017-12-23,874.875
2017-12-24,995.4
2017-12-25,1028.832
2017-12-26,964.575
2017-12-27,891.243
2017-12-28,788.232
2017-12-29,675.276
2017-12-30,606.361
2017-12-31,598.49
2018-01-01,655.551
2018-01-02,668.876
2018-01-03,645.458
2018-01-04,662.609
2018-01-05,672.384
2018-01-06,662.25
2018-01-07,802.845
2018-01-08,1126.959
2018-01-09,1134.885
2018-01-10,916.567
2018-01-11,807.522
2018-01-12,798.122
2018-01-13,921.839
2018-01-14,1153.86
2018-01-15,1337.087
2018-01-16,1349.776
2018-01-17,1212.144
2018-01-18,1106.228
2018-01-19,1080.19
2018-01-20,1052.564
2018-01-21,994.241
2018-01-22,954.505
2018-01-23,908.53
2018-01-24,864.043
2018-01-25,850.121
2018-01-26,884.994
2018-01-27,1001.015
2018-01-28,1162.43
2018-01-29,1308.3
2018-01-30,1336.293
2018-01-31,1259.692
2018-02-01,1218.024
2018-02-02,1184.166
2018-02-03,1136.395
2018-02-04,1122.462
2018-02-05,1243.45
2018-02-06,1626.444
2018-02-07,2243.377
2018-02-08,2362.973
2018-02-09,2291.905
2018-02-10,2079.266
2018-02-11,1658.385
2018-02-12,1343.915
2018-02-13,1138.378
2018-02-14,995.524
2018-02-15,922.767
2018-02-16,881.119
2018-02-17,865.978
2018-02-18,858.607
2018-02-19,881.73
2018-02-20,946.007
2018-02-21,963.115
2018-02-22,1010.95
2018-02-23,1157.4
2018-02-24,1208.197
2018-02-25,1091.321
2018-02-26,926.437
2018-02-27,818.527
2018-02-28,785.915
2018-03-01,726.637
2018-03-02,643.917
2018-03-03,590.163
2018-03-04,563.626
2018-03-05,583.332
2018-03-06,676.656
2018-03-07,889.04
2018-03-08,1119.628
2018-03-09,1176.359
2018-03-10,1174.047
2018-03-11,1152.736
2018-03-12,1046.751
2018-03-13,982.788
2018-03-14,1203.639
2018-03-15,1324.43
2018-03-16,1227.385
2018-03-17,1206.015
2018-03-18,1245.578
2018-03-19,1341.822
2018-03-20,1444.992
2018-03-21,1357.871
2018-03-22,1235.101
2018-03-23,1147.523
2018-03-24,1106.098
2018-03-25,1155.403
2018-03-26,1278.093
2018-03-27,1335.615
2018-03-28,1319.516
2018-03-29,1399.56
2018-03-30,1519.488
2018-03-31,1606.718
2018-04-01,1731.411
2018-04-02,1778.05
2018-04-03,1709.373
2018-04-04,1647.97
2018-04-05,1561.767
2018-04-06,1535.3
2018-04-07,1583.907
2018-04-08,1583.227
2018-04-09,1569.151
2018-04-10,1678.268
2018-04-11,1727.492
2018-04-12,1747.749
2018-04-13,1944.957
2018-04-14,2174.933
2018-04-15,2089.81
2018-04-16,1976.032
2018-04-17,2254.679
2018-04-18,2648.734
2018-04-19,2834.0
2018-04-20,2697.018
2018-04-21,2319.91
2018-04-22,2047.125
2018-04-23,1946.379
2018-04-24,2062.019
2018-04-25,2312.026
2018-04-26,2478.355
2018-04-27,2685.5
2018-04-28,3072.108
2018-04-29,3627.579
2018-04-30,3493.578
2018-05-01,3037.904
2018-05-02,2888.699
2018-05-03,2799.103
2018-05-04,2534.632
2018-05-05,2402.479
2018-05-06,2471.011
2018-05-07,2722.657
2018-05-08,3177.46
2018-05-09,3665.162
2018-05-10,3953.544
2018-05-11,3825.23
2018-05-12,3458.529
2018-05-13,3073.347
2018-05-14,2728.041
2018-05-15,2486.657
2018-05-16,2394.592
2018-05-17,2310.006
2018-05-18,2116.033
2018-05-19,1875.831
2018-05-20,1721.218
2018-05-21,1651.174
2018-05-22,1620.05
2018-05-23,1580.616
2018-05-24,1474.121
2018-05-25,1346.467
2018-05-26,1296.324
2018-05-27,1313.457
2018-05-28,1371.819
2018-05-29,1404.404
2018-05-30,1296.215
2018-05-31,1177.259
2018-06-01,1120.357
2018-06-02,1039.305
2018-06-03,941.05
2018-06-04,869.345
2018-06-05,827.281
2018-06-06,788.211
2018-06-07,744.097
2018-06-08,705.687
2018-06-09,672.062
2018-06-10,645.364
2018-06-11,629.098
2018-06-12,610.21
2018-06-13,585.961
2018-06-14,558.873
2018-06-15,531.844
2018-06-16,510.039
2018-06-17,492.824
2018-06-18,483.615
2018-06-19,502.836
2018-06-20,513.173
2018-06-21,478.34
2018-06-22,435.023
2018-06-23,409.488
2018-06-24,394.547
2018-06-25,381.669
2018-06-26,370.227
2018-06-27,361.174
2018-06-28,354.49
2018-06-29,345.419
2018-06-30,332.945
2018-07-01,320.76
2018-07-02,312.101
2018-07-03,304.761
2018-07-04,298.018
2018-07-05,296.574
2018-07-06,306.917
2018-07-07,325.663
2018-07-08,349.822
2018-07-09,365.914
2018-07-10,350.474
2018-07-11,307.252
2018-07-12,269.836
2018-07-13,249.387
2018-07-14,238.912
2018-07-15,236.224
2018-07-16,237.593
2018-07-17,232.588
2018-07-18,222.386
2018-07-19,214.788
2018-07-20,208.948
2018-07-21,203.157
2018-07-22,198.152
2018-07-23,193.827
2018-07-24,189.952
2018-07-25,186.615
2018-07-26,184.232
2018-07-27,182.781
2018-07-28,179.705
2018-07-29,174.86
2018-07-30,170.275
2018-07-31,166.535
2018-08-01,163.415
2018-08-02,160.615
2018-08-03,158.172
2018-08-04,156.573
2018-08-05,157.098
2018-08-06,159.088
2018-08-07,161.917
2018-08-08,159.667
2018-08-09,153.56
2018-08-10,149.094
2018-08-11,146.262
2018-08-12,151.176
2018-08-13,180.198
2018-08-14,227.395
2018-08-15,251.167
2018-08-16,250.597
2018-08-17,251.952
2018-08-18,253.772
2018-08-19,246.968
2018-08-20,225.97
2018-08-21,184.629
2018-08-22,150.561
2018-08-23,141.305
2018-08-24,144.028
2018-08-25,139.755
2018-08-26,129.912
2018-08-27,126.841
2018-08-28,143.204
2018-08-29,181.844
2018-08-30,228.202
2018-08-31,239.531
2018-09-01,216.278
2018-09-02,210.26
2018-09-03,247.665
2018-09-04,310.375
2018-09-05,371.76
2018-09-06,425.679
2018-09-07,575.716
2018-09-08,705.591
2018-09-09,856.703
2018-09-10,901.513
2018-09-11,747.389
2018-09-12,568.158
2018-09-13,462.521
2018-09-14,364.298
2018-09-15,261.983
2018-09-16,200.542
2018-09-17,193.244
2018-09-18,259.32
2018-09-19,348.45
2018-09-20,345.574
2018-09-21,296.422
2018-09-22,254.675
2018-09-23,213.419
2018-09-24,189.558
2018-09-25,184.401
2018-09-26,212.796
2018-09-27,248.05
2018-09-28,247.57
2018-09-29,211.907
2018-09-30,173.669
2018-10-01,159.276
2018-10-02,152.398
2018-10-03,159.638
2018-10-04,208.665
2018-10-05,256.177
2018-10-06,251.883
2018-10-07,209.424
2018-10-08,162.644
2018-10-09,135.272
2018-10-10,130.355
2018-10-11,185.374
2018-10-12,294.08
2018-10-13,290.809
2018-10-14,234.011
2018-10-15,256.192
2018-10-16,277.616
2018-10-17,255.558
2018-10-18,226.627
2018-10-19,242.468
2018-10-20,322.72
2018-10-21,417.353
2018-10-22,459.529
2018-10-23,431.361
2018-10-24,467.007
2018-10-25,636.835
2018-10-26,826.046
2018-10-27,873.189
2018-10-28,784.932
2018-10-29,759.388
2018-10-30,810.218
2018-10-31,838.344
2018-11-01,883.651
2018-11-02,1033.491
2018-11-03,1108.436
2018-11-04,990.943
2018-11-05,839.722
2018-11-06,673.855
2018-11-07,497.857
2018-11-08,434.901
2018-11-09,542.588
2018-11-10,651.205
2018-11-11,504.842
2018-11-12,458.817
2018-11-13,528.765
2018-11-14,668.747
2018-11-15,1063.351
2018-11-16,1553.258
2018-11-17,1575.426
2018-11-18,1278.859
2018-11-19,938.271
2018-11-20,719.541
2018-11-21,615.791
2018-11-22,587.136
2018-11-23,606.796
2018-11-24,668.319
2018-11-25,644.1
2018-11-26,590.167
2018-11-27,567.326
2018-11-28,530.597
2018-11-29,525.942
2018-11-30,655.464
2018-12-01,677.854
2018-12-02,596.238
2018-12-03,583.156
2018-12-04,641.308
2018-12-05,704.455
2018-12-06,660.648
2018-12-07,609.883
2018-12-08,703.463
2018-12-09,798.94
2018-12-10,740.714
2018-12-11,635.823
2018-12-12,591.116
2018-12-13,626.042
2018-12-14,648.89
2018-12-15,606.87
2018-12-16,591.8
2018-12-17,640.456
2018-12-18,707.312
2018-12-19,791.193
2018-12-20,871.872
2018-12-21,901.834
2018-12-22,889.692
2018-12-23,913.01
2018-12-24,1118.195
2018-12-25,1355.119
2018-12-26,1332.57
2018-12-27,1155.242
2018-12-28,996.012
2018-12-29,864.243
2018-12-30,811.752
2018-12-31,1068.984
2019-01-01,1607.599
2019-01-02,1646.068
2019-01-03,1369.262
2019-01-04,1388.722
2019-01-05,1651.523
2019-01-06,1712.097
2019-01-07,1583.092
2019-01-08,1489.962
2019-01-09,1384.246
2019-01-10,1249.168
2019-01-11,1089.142
2019-01-12,945.29
2019-01-13,887.033
2019-01-14,880.533
2019-01-15,901.522
2019-01-16,914.5
2019-01-17,860.14
2019-01-18,775.025
2019-01-19,759.557
2019-01-20,782.564
2019-01-21,842.285
2019-01-22,951.912
2019-01-23,1049.494
2019-01-24,1036.225
2019-01-25,961.585
2019-01-26,925.281
2019-01-27,863.787
2019-01-28,782.181
2019-01-29,780.716
2019-01-30,846.713
2019-01-31,923.591
2019-02-01,985.542
2019-02-02,968.942
2019-02-03,944.628
2019-02-04,1022.728
2019-02-05,1085.385
2019-02-06,1263.22
2019-02-07,1690.335
2019-02-08,1653.038
2019-02-09,1247.137
2019-02-10,935.77
2019-02-11,729.787
2019-02-12,619.494
2019-02-13,605.551
2019-02-14,655.509
2019-02-15,658.93
2019-02-16,598.964
2019-02-17,552.952
2019-02-18,538.842
2019-02-19,564.491
2019-02-20,670.476
2019-02-21,831.884
2019-02-22,905.066
2019-02-23,818.77
2019-02-24,698.412
2019-02-25,647.95
2019-02-26,598.299
2019-02-27,545.753
2019-02-28,492.803
2019-03-01,472.138
2019-03-02,521.438
2019-03-03,613.216
2019-03-04,727.99
2019-03-05,806.316
2019-03-06,803.893
2019-03-07,790.251
2019-03-08,780.63
2019-03-09,802.035
2019-03-10,895.718
2019-03-11,955.189
2019-03-12,854.492
2019-03-13,697.819
2019-03-14,577.288
2019-03-15,531.622
2019-03-16,587.519
2019-03-17,691.05
2019-03-18,811.909
2019-03-19,896.948
2019-03-20,951.506
2019-03-21,974.828
2019-03-22,959.626
2019-03-23,906.687
2019-03-24,842.762
2019-03-25,821.323
2019-03-26,840.068
2019-03-27,877.158
2019-03-28,898.281
2019-03-29,908.179
2019-03-30,859.042
2019-03-31,776.34
2019-04-01,750.853
2019-04-02,675.029
2019-04-03,625.238
2019-04-04,582.805
2019-04-05,518.622
2019-04-06,518.887
2019-04-07,536.056
2019-04-08,541.188
2019-04-09,589.878
2019-04-10,660.428
2019-04-11,712.182
2019-04-12,710.872
2019-04-13,695.3
2019-04-14,730.793
2019-04-15,744.615
2019-04-16,763.649
2019-04-17,749.61
2019-04-18,683.358
2019-04-19,642.772
2019-04-20,655.026
2019-04-21,636.308
2019-04-22,626.985
2019-04-23,683.687
2019-04-24,861.421
2019-04-25,990.839
2019-04-26,984.0
2019-04-27,880.696
2019-04-28,814.436
2019-04-29,904.792
2019-04-30,1077.055
2019-05-01,1163.667
2019-05-02,1129.338
2019-05-03,1067.872
2019-05-04,974.34
2019-05-05,767.808
2019-05-06,689.607
2019-05-07,729.03
2019-05-08,773.789
2019-05-09,837.983
2019-05-10,990.359
2019-05-11,1182.289
2019-05-12,1224.134
2019-05-13,1061.696
2019-05-14,896.82
2019-05-15,857.369
2019-05-16,894.637
2019-05-17,889.67
2019-05-18,832.42
2019-05-19,807.978
2019-05-20,805.191
2019-05-21,792.374
2019-05-22,798.122
2019-05-23,823.339
2019-05-24,872.694
2019-05-25,881.378
2019-05-26,858.435
2019-05-27,885.698
2019-05-28,937.618
2019-05-29,945.436
2019-05-30,944.122
2019-05-31,923.818
2019-06-01,836.802
2019-06-02,786.901
2019-06-03,798.275
2019-06-04,813.456
2019-06-05,796.727
2019-06-06,762.493
2019-06-07,776.522
2019-06-08,714.494
2019-06-09,642.018
2019-06-10,618.81
2019-06-11,660.446
2019-06-12,657.817
2019-06-13,624.458
2019-06-14,594.83
2019-06-15,582.757
2019-06-16,566.112
2019-06-17,555.039
2019-06-18,575.992
2019-06-19,592.089
2019-06-20,535.601
2019-06-21,450.562
2019-06-22,406.525
2019-06-23,394.747
2019-06-24,398.345
2019-06-25,409.675
2019-06-26,407.02
2019-06-27,371.18
2019-06-28,338.578
2019-06-29,330.398
2019-06-30,334.799
2019-07-01,339.875
2019-07-02,361.619
2019-07-03,376.449
2019-07-04,363.432
2019-07-05,330.547
2019-07-06,338.522
2019-07-07,392.398
2019-07-08,507.105
2019-07-09,520.321
2019-07-10,442.898
2019-07-11,428.166
2019-07-12,407.375
2019-07-13,351.956
2019-07-14,321.608
2019-07-15,303.371
2019-07-16,277.596
2019-07-17,246.388
2019-07-18,219.127
2019-07-19,207.516
2019-07-20,206.67
2019-07-21,204.583
2019-07-22,209.747
2019-07-23,241.723
2019-07-24,302.472
2019-07-25,334.211
2019-07-26,349.007
2019-07-27,379.602
2019-07-28,406.363
2019-07-29,352.587
2019-07-30,283.395
2019-07-31,251.133
2019-08-01,218.287
2019-08-02,189.174
2019-08-03,176.769
2019-08-04,185.931
2019-08-05,223.156
2019-08-06,243.378
2019-08-07,218.533
2019-08-08,186.664
2019-08-09,167.845
2019-08-10,156.005
2019-08-11,148.35
2019-08-12,144.322
2019-08-13,147.346
2019-08-14,165.249
2019-08-15,186.676
2019-08-16,199.476
2019-08-17,220.905
2019-08-18,225.581
2019-08-19,205.0
2019-08-20,170.346
2019-08-21,141.78
2019-08-22,129.809
2019-08-23,127.327
2019-08-24,142.044
2019-08-25,160.372
2019-08-26,170.701
2019-08-27,163.028
2019-08-28,139.448
2019-08-29,117.835
2019-08-30,108.771
2019-08-31,109.343
2019-09-01,110.526
2019-09-02,110.347
2019-09-03,112.94
2019-09-04,138.438
2019-09-05,152.112
2019-09-06,150.032
2019-09-07,144.223
2019-09-08,164.691
2019-09-09,185.995
2019-09-10,192.96
2019-09-11,207.92
2019-09-12,273.97
2019-09-13,327.372
2019-09-14,362.848
2019-09-15,408.186
2019-09-16,432.328
2019-09-17,429.882
2019-09-18,436.686
2019-09-19,445.74
2019-09-20,424.494
2019-09-21,320.255
2019-09-22,227.595
2019-09-23,179.843
2019-09-24,149.351
2019-09-25,154.116
2019-09-26,226.064
2019-09-27,349.668
2019-09-28,455.389
2019-09-29,532.011
2019-09-30,580.109
2019-10-01,509.161
2019-10-02,371.028
2019-10-03,277.712
2019-10-04,228.624
2019-10-05,207.475
2019-10-06,211.687
2019-10-07,234.253
2019-10-08,245.731
2019-10-09,249.572
2019-10-10,261.292
2019-10-11,272.992
2019-10-12,297.411
2019-10-13,351.536
2019-10-14,405.015
2019-10-15,470.498
2019-10-16,607.916
2019-10-17,817.937
2019-10-18,901.058
2019-10-19,905.749
2019-10-20,833.574
2019-10-21,731.16
2019-10-22,667.03
2019-10-23,666.378
2019-10-24,699.98
2019-10-25,754.758
2019-10-26,980.119
2019-10-27,1219.197
2019-10-28,1377.761
2019-10-29,1455.631
2019-10-30,1452.247
2019-10-31,1375.807
2019-11-01,1387.592
2019-11-02,1386.029
2019-11-03,1285.781
2019-11-04,1207.078
2019-11-05,1093.111
2019-11-06,934.322
2019-11-07,871.247
2019-11-08,892.632
2019-11-09,1036.212
2019-11-10,1227.792
2019-11-11,1376.138
2019-11-12,1390.271
2019-11-13,1213.012
2019-11-14,1046.503
2019-11-15,955.767
2019-11-16,844.21
2019-11-17,712.342
2019-11-18,581.92
2019-11-19,476.98
2019-11-20,432.882
2019-11-21,430.269
2019-11-22,421.935
2019-11-23,456.142
2019-11-24,526.242
2019-11-25,589.345
2019-11-26,628.69
2019-11-27,747.535
2019-11-28,1047.879
2019-11-29,1175.072
2019-11-30,1043.855
2019-12-01,924.528
2019-12-02,935.303
2019-12-03,960.668
2019-12-04,996.066
2019-12-05,1062.966
2019-12-06,1070.765
2019-12-07,1105.655
2019-12-08,1096.369
2019-12-09,1251.658
2019-12-10,1620.986
2019-12-11,2192.73
2019-12-12,2311.657
2019-12-13,2012.784
2019-12-14,1917.398
2019-12-15,2002.202
2019-12-16,2177.407
2019-12-17,2367.848
2019-12-18,2503.484
2019-12-19,2916.782
2019-12-20,3045.342
2019-12-21,2764.152
2019-12-22,2540.278
2019-12-23,2345.8
2019-12-24,2104.825
2019-12-25,1893.88
2019-12-26,1886.583
2019-12-27,2086.201
2019-12-28,2146.677
2019-12-29,1948.442
2019-12-30,1701.459
2019-12-31,1659.162
2020-01-01,1697.049
2020-01-02,1725.069
2020-01-03,1748.095
2020-01-04,1659.052
2020-01-05,1572.564
2020-01-06,1586.334
2020-01-07,1624.302
2020-01-08,1713.592
2020-01-09,2106.504
2020-01-10,2169.113
2020-01-11,1847.982
2020-01-12,1777.85
2020-01-13,1942.878
2020-01-14,1917.031
2020-01-15,1631.202
2020-01-16,1360.079
2020-01-17,1125.163
2020-01-18,980.147
2020-01-19,931.454
2020-01-20,989.477
2020-01-21,1067.447
2020-01-22,1053.721
2020-01-23,1013.854
2020-01-24,1086.089
2020-01-25,1206.167
2020-01-26,1232.947
2020-01-27,1357.407
2020-01-28,2096.324
2020-01-29,2287.76
2020-01-30,1616.078
2020-01-31,1164.916
2020-02-01,1020.145
2020-02-02,972.158
2020-02-03,910.202
2020-02-04,870.503
2020-02-05,831.477
2020-02-06,857.644
2020-02-07,917.691
2020-02-08,995.42
2020-02-09,1136.297
2020-02-10,1218.566
2020-02-11,1293.47
2020-02-12,1407.985
2020-02-13,1488.596
2020-02-14,1415.857
2020-02-15,1355.525
2020-02-16,1451.657
2020-02-17,1685.365
2020-02-18,2403.831
2020-02-19,3276.949
2020-02-20,3096.515
2020-02-21,2470.493
2020-02-22,1952.94
2020-02-23,1451.133
2020-02-24,1158.035
2020-02-25,994.663
2020-02-26,908.385
2020-02-27,973.796
2020-02-28,1162.929
2020-02-29,1236.31
2020-03-01,1339.018
2020-03-02,1306.75
2020-03-03,1077.945
2020-03-04,1009.276
2020-03-05,1070.204
2020-03-06,1110.054
2020-03-07,1073.406
2020-03-08,1005.332
2020-03-09,1009.157
2020-03-10,1176.258
2020-03-11,1718.202
2020-03-12,1850.382
2020-03-13,1555.413
2020-03-14,1451.895
2020-03-15,1648.287
2020-03-16,1996.443
2020-03-17,2118.471
2020-03-18,1924.529
2020-03-19,1616.75
2020-03-20,1438.14
2020-03-21,1424.766
2020-03-22,1391.062
2020-03-23,1386.77
2020-03-24,1576.38
2020-03-25,2124.95
2020-03-26,2254.913
2020-03-27,2176.742
2020-03-28,2202.712
2020-03-29,2022.387
2020-03-30,1770.786
2020-03-31,1878.678
2020-04-01,1990.386
2020-04-02,1860.292
2020-04-03,1764.702
2020-04-04,1697.987
2020-04-05,1655.638
2020-04-06,1692.761
2020-04-07,1738.625
2020-04-08,1653.172
2020-04-09,1514.894
2020-04-10,1460.398
2020-04-11,1584.879
2020-04-12,1609.868
2020-04-13,1437.992
2020-04-14,1265.387
2020-04-15,1156.889
2020-04-16,1110.46
2020-04-17,1109.222
2020-04-18,1101.718
2020-04-19,1057.321
2020-04-20,1051.895
2020-04-21,1142.631
2020-04-22,1315.358
2020-04-23,1416.119
2020-04-24,1439.232
2020-04-25,1656.289
2020-04-26,1933.97
2020-04-27,1764.475
2020-04-28,1635.826
2020-04-29,1735.029
2020-04-30,1980.875
2020-05-01,2312.608
2020-05-02,2628.088
2020-05-03,3072.545
2020-05-04,3414.022
2020-05-05,3651.193
2020-05-06,3630.641
2020-05-07,3246.261
2020-05-08,2894.416
2020-05-09,2709.404
2020-05-10,2516.794
2020-05-11,2320.641
2020-05-12,2176.538
2020-05-13,2129.672
2020-05-14,2077.466
2020-05-15,2061.65
2020-05-16,2108.249
2020-05-17,2124.144
2020-05-18,2013.481
2020-05-19,1841.762
2020-05-20,1713.605
2020-05-21,1594.501
2020-05-22,1422.048
2020-05-23,1294.39
2020-05-24,1225.143
2020-05-25,1159.103
2020-05-26,1109.118
2020-05-27,1111.293
2020-05-28,1150.318
2020-05-29,1164.136
2020-05-30,1175.769
2020-05-31,1196.566
2020-06-01,1143.971
2020-06-02,1068.975
2020-06-03,990.224
2020-06-04,871.619
2020-06-05,772.085
2020-06-06,719.609
2020-06-07,687.818
2020-06-08,660.389
2020-06-09,635.365
2020-06-10,612.594
2020-06-11,591.472
2020-06-12,571.967
2020-06-13,554.122
2020-06-14,536.909
2020-06-15,519.903
2020-06-16,503.198
2020-06-17,490.612
2020-06-18,481.903
2020-06-19,471.428
2020-06-20,460.599
2020-06-21,450.379
2020-06-22,437.165
2020-06-23,419.407
2020-06-24,407.582
2020-06-25,418.533
2020-06-26,453.105
2020-06-27,497.529
2020-06-28,537.254
2020-06-29,553.476
2020-06-30,513.045
2020-07-01,419.658
2020-07-02,345.201
2020-07-03,312.575
2020-07-04,300.628
2020-07-05,298.951
2020-07-06,313.946
2020-07-07,328.546
2020-07-08,329.488
2020-07-09,330.264
2020-07-10,327.893
2020-07-11,302.818
2020-07-12,271.897
2020-07-13,256.376
2020-07-14,250.482
2020-07-15,245.159
2020-07-16,240.8
2020-07-17,244.44
2020-07-18,254.205
2020-07-19,246.695
2020-07-20,227.96
2020-07-21,215.451
2020-07-22,210.737
2020-07-23,207.189
2020-07-24,201.41
2020-07-25,196.134
2020-07-26,196.623
2020-07-27,206.362
2020-07-28,216.345
2020-07-29,212.301
2020-07-30,208.85
2020-07-31,218.5
2020-08-01,243.976
2020-08-02,260.292
2020-08-03,230.773
2020-08-04,187.51
2020-08-05,169.661
2020-08-06,184.871
2020-08-07,225.487
2020-08-08,220.658
2020-08-09,179.577
2020-08-10,157.03
2020-08-11,152.143
2020-08-12,149.4
2020-08-13,145.589
2020-08-14,149.968
2020-08-15,149.504
2020-08-16,142.411
2020-08-17,137.013
2020-08-18,133.833
2020-08-19,134.342
2020-08-20,134.788
2020-08-21,137.941
2020-08-22,147.89
2020-08-23,156.251
2020-08-24,147.84
2020-08-25,133.715
2020-08-26,132.684
2020-08-27,144.083
2020-08-28,164.28
2020-08-29,173.69
2020-08-30,157.636
2020-08-31,135.671
2020-09-01,124.692
2020-09-02,116.905
2020-09-03,114.196
2020-09-04,128.826
2020-09-05,160.525
2020-09-06,176.863
2020-09-07,170.39
2020-09-08,150.884
2020-09-09,141.627
2020-09-10,158.053
2020-09-11,168.852
2020-09-12,168.809
2020-09-13,181.744
2020-09-14,274.171
2020-09-15,672.513
2020-09-16,750.424
2020-09-17,424.645
2020-09-18,225.322
2020-09-19,152.861
2020-09-20,130.515
2020-09-21,153.418
2020-09-22,231.559
2020-09-23,278.54
2020-09-24,273.091
2020-09-25,243.007
2020-09-26,198.011
2020-09-27,175.774
2020-09-28,192.006
2020-09-29,206.367
2020-09-30,205.108
2020-10-01,214.312
2020-10-02,230.38
2020-10-03,235.737
2020-10-04,214.195
2020-10-05,222.671
2020-10-06,230.216
2020-10-07,295.721
2020-10-08,347.618
2020-10-09,351.883
2020-10-10,390.755
2020-10-11,513.365
2020-10-12,574.288
2020-10-13,544.428
2020-10-14,536.205
2020-10-15,583.27
2020-10-16,665.671
2020-10-17,657.07
2020-10-18,504.88
2020-10-19,334.94
2020-10-20,223.863
2020-10-21,168.668
2020-10-22,155.148
2020-10-23,157.672
2020-10-24,180.886
2020-10-25,240.989
2020-10-26,347.369
2020-10-27,475.457
2020-10-28,551.394
2020-10-29,532.119
2020-10-30,504.537
2020-10-31,518.365
2020-11-01,556.778
2020-11-02,648.22
2020-11-03,720.715
2020-11-04,864.164
2020-11-05,1106.77
2020-11-06,1223.071
2020-11-07,1056.075
2020-11-08,779.005
2020-11-09,710.66
2020-11-10,900.48
2020-11-11,1029.378
2020-11-12,1187.538
2020-11-13,1237.28
2020-11-14,1287.39
2020-11-15,1295.784
2020-11-16,1203.917
2020-11-17,925.122
2020-11-18,690.637
2020-11-19,603.185
2020-11-20,621.182
2020-11-21,736.441
2020-11-22,862.569
2020-11-23,978.786
2020-11-24,1115.762
2020-11-25,1181.984
2020-11-26,1130.804
2020-11-27,1169.54
2020-11-28,1206.912
2020-11-29,1098.331
2020-11-30,1063.479
2020-12-01,1112.332
2020-12-02,1159.885
2020-12-03,1307.688
2020-12-04,1290.631
2020-12-05,1142.692
2020-12-06,1061.425
2020-12-07,975.485
2020-12-08,961.992
2020-12-09,1001.96
2020-12-10,1077.039
2020-12-11,1151.02
2020-12-12,1209.974
2020-12-13,1259.537
2020-12-14,1289.694
2020-12-15,1357.171
2020-12-16,1615.665
2020-12-17,1681.348
2020-12-18,1474.938
2020-12-19,1292.155
2020-12-20,1234.913
2020-12-21,1281.045
2020-12-22,1267.45
2020-12-23,1115.792
2020-12-24,1003.296
2020-12-25,1019.455
2020-12-26,1080.276
2020-12-27,1067.966
2020-12-28,1005.658
2020-12-29,896.699
2020-12-30,801.141
2020-12-31,745.54
2021-01-01,744.808
2021-01-02,845.374
2021-01-03,989.817
2021-01-04,1071.042
2021-01-05,1049.267
2021-01-06,1008.709
2021-01-07,975.6
2021-01-08,1001.762
2021-01-09,1001.272
2021-01-10,1048.799
2021-01-11,1134.261
2021-01-12,1140.855
2021-01-13,1030.812
2021-01-14,881.702
2021-01-15,809.892
2021-01-16,817.138
2021-01-17,841.311
2021-01-18,852.133
2021-01-19,828.711
2021-01-20,811.046
2021-01-21,757.248
2021-01-22,737.631
2021-01-23,825.8
2021-01-24,967.778
2021-01-25,1060.995
2021-01-26,1133.786
2021-01-27,1233.463
2021-01-28,1344.626
2021-01-29,1377.297
2021-01-30,1422.138
2021-01-31,1421.818
2021-02-01,1270.938
2021-02-02,1148.665
2021-02-03,1159.173
2021-02-04,1249.513
2021-02-05,1225.833
2021-02-06,1090.543
2021-02-07,958.382
2021-02-08,886.681
2021-02-09,875.643
2021-02-10,884.873
2021-02-11,845.97
2021-02-12,752.598
2021-02-13,666.94
2021-02-14,627.925
2021-02-15,635.465
2021-02-16,665.667
2021-02-17,693.993
2021-02-18,722.063
2021-02-19,784.278
2021-02-20,873.835
2021-02-21,943.923
2021-02-22,1000.591
2021-02-23,1032.763
2021-02-24,1059.482
2021-02-25,1114.537
2021-02-26,1064.05
2021-02-27,933.337
2021-02-28,880.185
2021-03-01,950.665
2021-03-02,1093.338
2021-03-03,1147.094
2021-03-04,1213.443
2021-03-05,1166.173
2021-03-06,972.604
2021-03-07,964.777
2021-03-08,1060.076
2021-03-09,1066.536
2021-03-10,1045.772
2021-03-11,1077.076
2021-03-12,1223.951
2021-03-13,1200.105
2021-03-14,916.596
2021-03-15,720.567
2021-03-16,660.44
2021-03-17,676.042
2021-03-18,762.778
2021-03-19,903.359
2021-03-20,1017.715
2021-03-21,1062.264
2021-03-22,1093.691
2021-03-23,1170.279
2021-03-24,1207.276
2021-03-25,1082.204
2021-03-26,880.78
2021-03-27,733.519
2021-03-28,654.313
2021-03-29,608.513
2021-03-30,588.338
2021-03-31,609.271
2021-04-01,670.923
2021-04-02,721.472
2021-04-03,737.01
2021-04-04,751.732
2021-04-05,801.347
2021-04-06,889.931
2021-04-07,931.744
2021-04-08,895.65
2021-04-09,859.29
2021-04-10,892.293
2021-04-11,896.21
2021-04-12,883.41
2021-04-13,948.686
2021-04-14,1070.669
2021-04-15,1198.128
2021-04-16,1310.32
2021-04-17,1406.17
2021-04-18,1431.048
2021-04-19,1409.798
2021-04-20,1443.798
2021-04-21,1446.428
2021-04-22,1293.1
2021-04-23,1134.198
2021-04-24,1088.612
2021-04-25,1103.23
2021-04-26,1119.617
2021-04-27,1099.312
2021-04-28,1083.575
2021-04-29,1146.773
2021-04-30,1254.247
2021-05-01,1273.629
2021-05-02,1245.525
2021-05-03,1154.913
2021-05-04,1103.713
2021-05-05,1166.618
2021-05-06,1249.711
2021-05-07,1235.809
2021-05-08,1177.092
2021-05-09,1180.859
2021-05-10,1300.032
2021-05-11,1509.986
2021-05-12,1644.664
2021-05-13,1563.611
2021-05-14,1416.534
2021-05-15,1326.195
2021-05-16,1298.963
2021-05-17,1326.727
2021-05-18,1317.69
2021-05-19,1293.401
2021-05-20,1337.263
2021-05-21,1485.44
2021-05-22,1789.288
2021-05-23,2211.115
2021-05-24,2418.691
2021-05-25,2535.0
2021-05-26,2531.259
2021-05-27,2352.408
2021-05-28,2086.743
2021-05-29,1743.402
2021-05-30,1472.124
2021-05-31,1328.306
2021-06-01,1231.284
2021-06-02,1119.02
2021-06-03,1004.915
2021-06-04,931.459
2021-06-05,881.799
2021-06-06,817.9
2021-06-07,752.645
2021-06-08,704.019
2021-06-09,665.546
2021-06-10,631.385
2021-06-11,600.135
2021-06-12,572.638
2021-06-13,547.191
2021-06-14,522.56
2021-06-15,498.919
2021-06-16,476.881
2021-06-17,456.613
2021-06-18,438.27
2021-06-19,422.883
2021-06-20,411.176
2021-06-21,399.205
2021-06-22,384.351
2021-06-23,370.368
2021-06-24,357.209
2021-06-25,343.806
2021-06-26,330.47
2021-06-27,317.796
2021-06-28,307.116
2021-06-29,298.968
2021-06-30,294.398
2021-07-01,294.939
2021-07-02,298.4
2021-07-03,307.25
2021-07-04,317.33
2021-07-05,326.635
2021-07-06,305.745
2021-07-07,266.223
2021-07-08,238.911
2021-07-09,225.557
2021-07-10,217.942
2021-07-11,212.29
2021-07-12,207.219
2021-07-13,202.313
2021-07-14,197.964
2021-07-15,195.202
2021-07-16,196.369
2021-07-17,201.556
2021-07-18,204.612
2021-07-19,195.704
2021-07-20,181.66
2021-07-21,175.097
2021-07-22,170.422
2021-07-23,164.762
2021-07-24,159.835
2021-07-25,158.001
2021-07-26,159.326
2021-07-27,156.998
2021-07-28,155.213
2021-07-29,170.992
2021-07-30,185.372
2021-07-31,199.128
2021-08-01,209.46
2021-08-02,183.945
2021-08-03,147.777
2021-08-04,129.231
2021-08-05,122.842
2021-08-06,119.91
2021-08-07,117.64
2021-08-08,115.684
2021-08-09,113.984
2021-08-10,112.185
2021-08-11,109.993
2021-08-12,107.948
2021-08-13,107.041
2021-08-14,106.8
2021-08-15,109.63
2021-08-16,114.576
2021-08-17,120.088
2021-08-18,121.994
2021-08-19,127.173
2021-08-20,134.498
2021-08-21,129.333
2021-08-22,121.259
2021-08-23,134.632
2021-08-24,182.145
2021-08-25,232.278
2021-08-26,261.587
2021-08-27,287.63
2021-08-28,295.707
2021-08-29,293.925
2021-08-30,282.439
2021-08-31,235.413
2021-09-01,164.32
2021-09-02,113.123
2021-09-03,108.119
2021-09-04,168.587
2021-09-05,244.73
2021-09-06,275.514
2021-09-07,266.133
2021-09-08,215.749
2021-09-09,156.459
2021-09-10,123.13
2021-09-11,107.355
2021-09-12,98.932
2021-09-13,100.803
2021-09-14,115.951
2021-09-15,138.82
2021-09-16,163.958
2021-09-17,170.755
2021-09-18,166.153
2021-09-19,151.211
2021-09-20,127.712
2021-09-21,117.959
2021-09-22,141.704
2021-09-23,205.009
2021-09-24,310.202
2021-09-25,394.614
2021-09-26,333.705
2021-09-27,206.836
2021-09-28,148.957
2021-09-29,158.628
2021-09-30,219.228
2021-10-01,334.188
2021-10-02,466.385
2021-10-03,571.22
2021-10-04,577.686
2021-10-05,472.033
2021-10-06,310.097
2021-10-07,212.173
2021-10-08,209.32
2021-10-09,243.78
2021-10-10,306.243
2021-10-11,363.552
2021-10-12,362.87
2021-10-13,330.324
2021-10-14,303.867
2021-10-15,291.404
2021-10-16,337.541
2021-10-17,406.05
2021-10-18,437.481
2021-10-19,470.937
2021-10-20,517.831
2021-10-21,544.267
2021-10-22,475.735
2021-10-23,363.169
2021-10-24,278.718
2021-10-25,244.22
2021-10-26,277.287
2021-10-27,302.319
2021-10-28,296.397
2021-10-29,336.487
2021-10-30,379.191
2021-10-31,459.488
2021-11-01,662.885
2021-11-02,1263.471
2021-11-03,1574.533
2021-11-04,1279.008
2021-11-05,992.386
2021-11-06,783.272
2021-11-07,576.796
2021-11-08,450.475
2021-11-09,426.142
2021-11-10,441.531
2021-11-11,451.647
2021-11-12,441.201
2021-11-13,428.164
2021-11-14,444.045
2021-11-15,496.446
2021-11-16,648.21
2021-11-17,922.393
2021-11-18,1113.505
2021-11-19,1027.813
2021-11-20,823.582
2021-11-21,698.528
2021-11-22,612.674
2021-11-23,466.127
2021-11-24,334.94
2021-11-25,272.444
2021-11-26,245.168
2021-11-27,232.851
2021-11-28,235.342
2021-11-29,238.737
2021-11-30,238.798
2021-12-01,255.11
2021-12-02,333.385
2021-12-03,433.975
2021-12-04,465.062
2021-12-05,443.005
2021-12-06,406.948
2021-12-07,407.005
2021-12-08,463.493
2021-12-09,522.07
2021-12-10,501.067
2021-12-11,510.334
2021-12-12,572.14
2021-12-13,597.689
2021-12-14,573.343
2021-12-15,563.695
2021-12-16,585.316
2021-12-17,586.309
2021-12-18,515.915
2021-12-19,428.321
2021-12-20,352.792
2021-12-21,298.065
2021-12-22,314.031
2021-12-23,363.217
2021-12-24,398.036
2021-12-25,453.588
2021-12-26,507.719
2021-12-27,521.37
2021-12-28,533.922
2021-12-29,551.948
2021-12-30,590.462
2021-12-31,683.206
2022-01-01,789.627
2022-01-02,828.22
2022-01-03,814.586
2022-01-04,768.699
2022-01-05,787.842
2022-01-06,898.464
2022-01-07,993.868
2022-01-08,999.4
2022-01-09,1029.183
2022-01-10,1056.05
2022-01-11,1097.789
2022-01-12,1132.581
2022-01-13,1160.197
2022-01-14,1187.475
2022-01-15,1132.643
2022-01-16,1060.822
2022-01-17,924.582
2022-01-18,744.738
2022-01-19,632.659
2022-01-20,570.201
2022-01-21,532.188
2022-01-22,485.518
2022-01-23,422.971
2022-01-24,368.59
2022-01-25,334.562
2022-01-26,304.4
2022-01-27,296.327
2022-01-28,323.129
2022-01-29,373.685
2022-01-30,458.393
2022-01-31,559.639
2022-02-01,629.468
2022-02-02,621.104
2022-02-03,601.76
2022-02-04,632.642
2022-02-05,649.335
2022-02-06,636.735
2022-02-07,656.313
2022-02-08,684.631
2022-02-09,759.003
2022-02-10,932.04
2022-02-11,930.646
2022-02-12,698.444
2022-02-13,543.52
2022-02-14,533.072
2022-02-15,617.743
2022-02-16,779.59
2022-02-17,994.479
2022-02-18,1136.76
2022-02-19,1174.849
2022-02-20,1222.092
2022-02-21,1272.996
2022-02-22,1215.758
2022-02-23,1086.935
2022-02-24,952.901
2022-02-25,892.564
2022-02-26,926.612
2022-02-27,953.625
2022-02-28,973.212
2022-03-01,1005.6
2022-03-02,1064.331
2022-03-03,1144.713
2022-03-04,1186.971
2022-03-05,1314.569
2022-03-06,1636.72
2022-03-07,1654.25
2022-03-08,1392.68
2022-03-09,1212.749
2022-03-10,1155.866
2022-03-11,1179.102
2022-03-12,1196.819
2022-03-13,1128.937
2022-03-14,1001.67
2022-03-15,871.032
2022-03-16,762.013
2022-03-17,720.028
2022-03-18,698.062
2022-03-19,672.079
2022-03-20,630.994
2022-03-21,603.911
2022-03-22,660.225
2022-03-23,922.2
2022-03-24,1037.323
2022-03-25,864.988
2022-03-26,709.124
2022-03-27,737.582
2022-03-28,755.324
2022-03-29,825.901
2022-03-30,828.296
2022-03-31,806.669
2022-04-01,896.68
2022-04-02,1088.731
2022-04-03,1103.681
2022-04-04,998.23
2022-04-05,1049.694
2022-04-06,1146.988
2022-04-07,1224.559
2022-04-08,1237.778
2022-04-09,1086.972
2022-04-10,953.183
2022-04-11,872.745
2022-04-12,895.248
2022-04-13,1230.564
2022-04-14,1391.968
2022-04-15,1220.082
2022-04-16,1040.291
2022-04-17,824.492
2022-04-18,640.332
2022-04-19,566.086
2022-04-20,570.145
2022-04-21,590.911
2022-04-22,610.54
2022-04-23,621.843
2022-04-24,595.568
2022-04-25,566.174
2022-04-26,575.401
2022-04-27,604.203
2022-04-28,670.958
2022-04-29,774.993
2022-04-30,921.528
2022-05-01,1128.618
2022-05-02,1375.354
2022-05-03,1476.195
2022-05-04,1624.252
2022-05-05,1862.548
2022-05-06,1979.865
2022-05-07,2070.35
2022-05-08,2107.908
2022-05-09,2231.841
2022-05-10,2373.301
2022-05-11,2373.219
2022-05-12,2429.732
2022-05-13,2580.407
2022-05-14,2697.043
2022-05-15,2574.1
2022-05-16,2234.876
2022-05-17,1855.762
2022-05-18,1606.085
2022-05-19,1424.056
2022-05-20,1186.552
2022-05-21,985.65
2022-05-22,895.186
2022-05-23,857.56
2022-05-24,814.241
2022-05-25,761.195
2022-05-26,698.774
2022-05-27,653.229
2022-05-28,639.384
2022-05-29,631.957
2022-05-30,607.499
2022-05-31,579.557
2022-06-01,548.24
2022-06-02,528.173
2022-06-03,526.155
2022-06-04,523.433
2022-06-05,485.285
2022-06-06,443.825
2022-06-07,439.007
2022-06-08,477.172
2022-06-09,543.842
2022-06-10,619.982
2022-06-11,693.225
2022-06-12,735.548
2022-06-13,753.752
2022-06-14,729.994
2022-06-15,654.701
2022-06-16,561.187
2022-06-17,469.361
2022-06-18,406.218
2022-06-19,375.84
2022-06-20,348.118
2022-06-21,320.104
2022-06-22,303.423
2022-06-23,296.582
2022-06-24,295.058
2022-06-25,288.221
2022-06-26,280.266
2022-06-27,268.682
2022-06-28,254.48
2022-06-29,244.222
2022-06-30,236.552
2022-07-01,229.914
2022-07-02,224.083
2022-07-03,218.871
2022-07-04,215.878
2022-07-05,218.35
2022-07-06,228.506
2022-07-07,236.992
2022-07-08,225.943
2022-07-09,203.907
2022-07-10,188.176
2022-07-11,180.085
2022-07-12,175.036
2022-07-13,170.84
2022-07-14,166.64
2022-07-15,162.518
2022-07-16,158.605
2022-07-17,154.842
2022-07-18,151.09
2022-07-19,147.344
2022-07-20,143.883
2022-07-21,140.6
2022-07-22,137.418
2022-07-23,134.482
2022-07-24,131.799
2022-07-25,129.372
2022-07-26,126.952
2022-07-27,124.139
2022-07-28,121.01
2022-07-29,118.247
2022-07-30,115.81
2022-07-31,113.604
2022-08-01,112.792
2022-08-02,116.06
2022-08-03,119.572
2022-08-04,119.395
2022-08-05,118.202
2022-08-06,119.512
2022-08-07,126.708
2022-08-08,135.967
2022-08-09,128.222
2022-08-10,116.63
2022-08-11,116.663
2022-08-12,130.074
2022-08-13,171.845
2022-08-14,258.295
2022-08-15,360.32
2022-08-16,487.372
2022-08-17,581.688
2022-08-18,494.334
2022-08-19,299.868
2022-08-20,161.329
2022-08-21,118.447
2022-08-22,132.709
2022-08-23,148.231
2022-08-24,149.998
2022-08-25,130.298
2022-08-26,108.632
2022-08-27,95.65
2022-08-28,96.186
2022-08-29,116.656
2022-08-30,167.252
2022-08-31,227.575
2022-09-01,293.854
2022-09-02,282.479
2022-09-03,228.959
2022-09-04,237.517
2022-09-05,280.301
2022-09-06,277.972
2022-09-07,241.804
2022-09-08,180.475
2022-09-09,134.477
2022-09-10,126.575
2022-09-11,163.105
2022-09-12,243.066
2022-09-13,354.923
2022-09-14,481.614
2022-09-15,555.305
2022-09-16,578.203
2022-09-17,545.69
2022-09-18,495.97
2022-09-19,485.042
2022-09-20,521.294
2022-09-21,497.972
2022-09-22,399.703
2022-09-23,335.432
2022-09-24,316.436
2022-09-25,295.001
2022-09-26,326.544
2022-09-27,498.816
2022-09-28,913.532
2022-09-29,965.766
2022-09-30,652.218
2022-10-01,424.311
2022-10-02,284.694
2022-10-03,231.697
2022-10-04,216.94
2022-10-05,223.588
2022-10-06,238.758
2022-10-07,234.806
2022-10-08,235.259
2022-10-09,253.328
2022-10-10,249.298
2022-10-11,216.183
2022-10-12,192.633
2022-10-13,195.234
2022-10-14,196.348
2022-10-15,186.581
2022-10-16,189.348
2022-10-17,191.916
2022-10-18,198.706
2022-10-19,211.39
2022-10-20,215.683
2022-10-21,194.702
2022-10-22,179.522
2022-10-23,182.56
2022-10-24,189.341
2022-10-25,183.181
2022-10-26,169.045
2022-10-27,165.259
2022-10-28,173.031
2022-10-29,163.757
2022-10-30,157.11
2022-10-31,218.945
2022-11-01,341.431
2022-11-02,453.203
2022-11-03,512.774
2022-11-04,547.339
2022-11-05,560.989
2022-11-06,535.647
2022-11-07,440.626
2022-11-08,309.082
2022-11-09,219.751
2022-11-10,199.573
2022-11-11,216.548
2022-11-12,238.189
2022-11-13,266.845
2022-11-14,288.678
2022-11-15,275.08
2022-11-16,272.04
2022-11-17,295.427
2022-11-18,356.575
2022-11-19,451.81
2022-11-20,646.017
2022-11-21,910.156
2022-11-22,1001.136
2022-11-23,1057.416
2022-11-24,1165.321
2022-11-25,1178.785
2022-11-26,1132.332
2022-11-27,1245.786
2022-11-28,1432.355
2022-11-29,1554.035
2022-11-30,1557.911
2022-12-01,1631.486
2022-12-02,1925.704
2022-12-03,2161.861
2022-12-04,2009.558
2022-12-05,1648.662
2022-12-06,1405.028
2022-12-07,1340.736
2022-12-08,1269.407
2022-12-09,1057.795
2022-12-10,846.011
2022-12-11,781.419
2022-12-12,896.512
2022-12-13,916.335
2022-12-14,832.268
2022-12-15,821.332
2022-12-16,874.262
2022-12-17,871.087
2022-12-18,769.899
2022-12-19,641.198
2022-12-20,582.92
2022-12-21,568.993
2022-12-22,560.565
2022-12-23,599.124
2022-12-24,737.07
2022-12-25,873.671
2022-12-26,894.51
2022-12-27,884.51
2022-12-28,901.715
2022-12-29,908.588
2022-12-30,911.645
2022-12-31,911.382
2023-01-01,849.356
2023-01-02,852.566
2023-01-03,995.707
2023-01-04,1133.757
2023-01-05,1229.934
2023-01-06,1263.467
2023-01-07,1320.03
2023-01-08,1383.691
2023-01-09,1433.883
2023-01-10,1437.602
2023-01-11,1412.881
2023-01-12,1441.042
2023-01-13,1461.26
2023-01-14,1411.542
2023-01-15,1337.005
2023-01-16,1187.128
2023-01-17,984.655
2023-01-18,816.08
2023-01-19,704.33
2023-01-20,632.582
2023-01-21,597.743
2023-01-22,595.528
2023-01-23,640.068
2023-01-24,686.655
2023-01-25,753.31
2023-01-26,842.379
2023-01-27,964.956
2023-01-28,993.096
2023-01-29,906.032
2023-01-30,848.102
2023-01-31,849.42
2023-02-01,805.573
2023-02-02,712.887
2023-02-03,653.248
2023-02-04,665.67
2023-02-05,710.185
2023-02-06,745.063
2023-02-07,803.435
2023-02-08,836.323
2023-02-09,829.425
2023-02-10,795.228
2023-02-11,708.406
2023-02-12,631.044
2023-02-13,656.449
2023-02-14,660.942
2023-02-15,659.934
2023-02-16,735.218
2023-02-17,847.046
2023-02-18,861.63
2023-02-19,785.139
2023-02-20,703.663
2023-02-21,670.202
2023-02-22,691.644
2023-02-23,777.082
2023-02-24,869.759
2023-02-25,866.625
2023-02-26,727.222
2023-02-27,569.495
2023-02-28,485.49
2023-03-01,448.287
2023-03-02,432.153
2023-03-03,433.831
2023-03-04,466.327
2023-03-05,484.432
2023-03-06,512.342
2023-03-07,555.695
2023-03-08,608.502
2023-03-09,741.664
2023-03-10,954.794
2023-03-11,1169.96
2023-03-12,1314.334
2023-03-13,1283.66
2023-03-14,1210.952
2023-03-15,1199.475
2023-03-16,1242.883
2023-03-17,1432.118
2023-03-18,1508.734
2023-03-19,1400.422
2023-03-20,1320.118
2023-03-21,1175.424
2023-03-22,986.337
2023-03-23,887.095
2023-03-24,992.035
2023-03-25,1244.52
2023-03-26,1472.934
2023-03-27,1533.386
2023-03-28,1527.675
2023-03-29,1543.769
2023-03-30,1542.405
2023-03-31,1521.126
2023-04-01,1534.84
2023-04-02,1575.248
2023-04-03,1751.335
2023-04-04,2071.248
2023-04-05,2236.966
2023-04-06,2189.346
2023-04-07,2017.625
2023-04-08,1871.312
2023-04-09,1779.775
2023-04-10,1723.551
2023-04-11,1800.802
2023-04-12,2086.413
2023-04-13,2604.176
2023-04-14,2623.331
2023-04-15,2157.935
2023-04-16,2041.43
2023-04-17,2201.798
2023-04-18,2185.022
2023-04-19,2031.607
2023-04-20,1880.1
2023-04-21,1779.249
2023-04-22,1655.226
2023-04-23,1494.346
2023-04-24,1325.838
2023-04-25,1305.465
2023-04-26,1364.249
2023-04-27,1425.582
2023-04-28,1591.07
2023-04-29,1887.88
2023-04-30,2027.463
2023-05-01,2032.076
2023-05-02,2196.182
2023-05-03,2320.01
2023-05-04,2524.006
2023-05-05,2563.753
2023-05-06,2354.738
2023-05-07,2163.525
2023-05-08,2101.934
2023-05-09,2039.803
2023-05-10,2045.689
2023-05-11,2155.218
2023-05-12,2266.796
2023-05-13,2249.195
2023-05-14,2281.465
2023-05-15,2426.286
2023-05-16,2569.344
2023-05-17,2639.876
2023-05-18,2591.779
2023-05-19,2431.483
2023-05-20,2211.282
2023-05-21,1897.437
2023-05-22,1542.961
2023-05-23,1294.965
2023-05-24,1180.384
2023-05-25,1157.377
2023-05-26,1152.834
2023-05-27,1110.615
2023-05-28,1017.222
2023-05-29,912.198
2023-05-30,825.722
2023-05-31,753.377
2023-06-01,699.101
2023-06-02,664.654
2023-06-03,640.508
2023-06-04,620.533
2023-06-05,591.769
2023-06-06,554.515
2023-06-07,523.919
2023-06-08,507.639
2023-06-09,501.821
2023-06-10,492.882
2023-06-11,470.4
2023-06-12,440.382
2023-06-13,414.78
2023-06-14,396.295
2023-06-15,381.451
2023-06-16,368.57
2023-06-17,358.096
2023-06-18,348.233
2023-06-19,338.923
2023-06-20,330.409
2023-06-21,321.817
2023-06-22,313.09
2023-06-23,303.667
2023-06-24,291.756
2023-06-25,281.492
2023-06-26,274.918
2023-06-27,278.921
2023-06-28,302.083
2023-06-29,320.54
2023-06-30,325.92
2023-07-01,321.684
2023-07-02,302.662
2023-07-03,279.671
2023-07-04,252.832
2023-07-05,230.62
2023-07-06,220.964
2023-07-07,218.474
2023-07-08,225.644
2023-07-09,237.972
2023-07-10,237.562
2023-07-11,220.713
2023-07-12,204.371
2023-07-13,205.389
2023-07-14,218.749
2023-07-15,214.072
2023-07-16,196.87
2023-07-17,178.71
2023-07-18,162.395
2023-07-19,152.435
2023-07-20,147.194
2023-07-21,144.099
2023-07-22,141.36
2023-07-23,138.392
2023-07-24,136.046
2023-07-25,136.505
2023-07-26,145.712
2023-07-27,164.58
2023-07-28,171.238
2023-07-29,152.24
2023-07-30,130.081
2023-07-31,119.371
2023-08-01,115.148
2023-08-02,112.498
2023-08-03,110.293
2023-08-04,108.172
2023-08-05,106.139
2023-08-06,104.294
2023-08-07,103.413
2023-08-08,102.47
2023-08-09,99.797
2023-08-10,97.548
2023-08-11,96.091
2023-08-12,94.012
2023-08-13,91.915
2023-08-14,92.112
2023-08-15,98.458
2023-08-16,99.643
2023-08-17,92.762
2023-08-18,89.118
2023-08-19,88.394
2023-08-20,86.236
2023-08-21,83.887
2023-08-22,81.289
2023-08-23,78.911
2023-08-24,77.077
2023-08-25,75.733
2023-08-26,75.876
2023-08-27,79.677
2023-08-28,90.188
2023-08-29,107.22
2023-08-30,115.619
2023-08-31,115.067
2023-09-01,118.373
2023-09-02,111.825
2023-09-03,91.224
2023-09-04,74.372
2023-09-05,68.049
2023-09-06,66.834
2023-09-07,66.175
2023-09-08,64.284
2023-09-09,64.198
2023-09-10,66.437
2023-09-11,71.244
2023-09-12,79.718
2023-09-13,84.276
2023-09-14,86.198
2023-09-15,91.447
2023-09-16,107.877
2023-09-17,143.294
2023-09-18,195.888
2023-09-19,264.301
2023-09-20,341.934
2023-09-21,414.14
2023-09-22,481.499
2023-09-23,545.179
2023-09-24,601.687
2023-09-25,695.391
2023-09-26,874.494
2023-09-27,1062.508
2023-09-28,1054.718
2023-09-29,931.183
2023-09-30,737.77
2023-10-01,487.31
2023-10-02,392.379
2023-10-03,513.961
2023-10-04,648.795
2023-10-05,724.905
2023-10-06,834.626
2023-10-07,916.063
2023-10-08,859.659
2023-10-09,639.34
2023-10-10,408.102
2023-10-11,311.461
2023-10-12,324.77
2023-10-13,348.205
2023-10-14,354.045
2023-10-15,337.41
2023-10-16,295.782
2023-10-17,253.263
2023-10-18,220.558
2023-10-19,195.315
2023-10-20,220.296
2023-10-21,304.34
2023-10-22,370.526
2023-10-23,359.532
2023-10-24,386.065
2023-10-25,462.44
2023-10-26,597.297
2023-10-27,644.95
2023-10-28,555.054
2023-10-29,485.582
2023-10-30,540.965
2023-10-31,666.612
2023-11-01,810.897
2023-11-02,869.855
2023-11-03,804.122
2023-11-04,680.571
2023-11-05,545.018
2023-11-06,437.08
2023-11-07,374.394
2023-11-08,362.72
2023-11-09,406.774
2023-11-10,426.69
2023-11-11,462.453
2023-11-12,532.642
2023-11-13,656.512
2023-11-14,800.356
2023-11-15,855.692
2023-11-16,950.834
2023-11-17,1196.142
2023-11-18,1437.991
2023-11-19,1470.723
2023-11-20,1479.992
2023-11-21,1431.713
2023-11-22,1411.159
2023-11-23,1323.306
2023-11-24,1374.275
2023-11-25,1454.607
2023-11-26,1433.29
2023-11-27,1493.625
2023-11-28,1700.981
2023-11-29,1768.399
2023-11-30,1684.428
2023-12-01,1693.947
2023-12-02,1660.823
2023-12-03,1544.966
2023-12-04,1503.634
2023-12-05,1492.068
2023-12-06,1526.958
2023-12-07,1511.333
2023-12-08,1479.529
2023-12-09,1604.219
2023-12-10,1792.255
2023-12-11,1832.373
2023-12-12,1756.082
2023-12-13,1605.852
2023-12-14,1533.441
2023-12-15,1539.099
2023-12-16,1507.995
2023-12-17,1632.516
2023-12-18,1876.725
2023-12-19,1997.688
2023-12-20,2124.9
2023-12-21,2038.214
2023-12-22,1855.684
2023-12-23,1812.794
2023-12-24,1898.583
2023-12-25,2131.138
2023-12-26,2455.358
2023-12-27,2419.729
2023-12-28,2009.398
2023-12-29,1676.13
2023-12-30,1508.568
2023-12-31,1409.34
2024-01-01,1385.217
2024-01-02,1395.862
2024-01-03,1384.973
2024-01-04,1447.951
2024-01-05,1512.792
2024-01-06,1464.114
2024-01-07,1273.233
2024-01-08,1093.863
2024-01-09,1029.412
2024-01-10,1032.749
2024-01-11,1080.515
2024-01-12,1172.057
2024-01-13,1280.58
2024-01-14,1377.818
2024-01-15,1475.018
2024-01-16,1636.843
2024-01-17,1744.678
2024-01-18,1698.828
2024-01-19,1576.95
2024-01-20,1441.578
2024-01-21,1375.448
2024-01-22,1374.547
2024-01-23,1365.705
2024-01-24,1422.369
2024-01-25,1509.186
2024-01-26,1639.152
2024-01-27,1875.815
2024-01-28,2039.781
2024-01-29,1989.181
2024-01-30,2105.201
2024-01-31,2248.187
2024-02-01,2209.319
2024-02-02,2422.899
2024-02-03,2479.801
2024-02-04,2131.002
2024-02-05,1781.33
2024-02-06,1595.545
2024-02-07,1474.2
2024-02-08,1393.686
2024-02-09,1429.217
2024-02-10,1531.735
2024-02-11,1619.603
2024-02-12,1577.892
2024-02-13,1459.544
2024-02-14,1451.39
2024-02-15,1562.658
2024-02-16,1784.659
2024-02-17,2116.359
2024-02-18,1976.143
2024-02-19,1571.021
2024-02-20,1475.773
2024-02-21,1628.702
2024-02-22,1668.387
2024-02-23,1367.312
2024-02-24,1115.37
2024-02-25,1060.354
2024-02-26,1163.736
2024-02-27,1247.546
2024-02-28,1365.737
2024-02-29,1593.052
2024-03-01,1706.721
2024-03-02,1611.091
2024-03-03,1457.838
2024-03-04,1379.59
2024-03-05,1403.511
2024-03-06,1350.532
2024-03-07,1160.898
2024-03-08,945.855
2024-03-09,796.405
2024-03-10,748.068
2024-03-11,837.759
2024-03-12,986.809
2024-03-13,1128.874
2024-03-14,1163.735
2024-03-15,1124.797
2024-03-16,1144.522
2024-03-17,1155.08
2024-03-18,1117.836
2024-03-19,1148.689
2024-03-20,1267.241
2024-03-21,1269.247
2024-03-22,1115.364
2024-03-23,953.374
2024-03-24,907.128
2024-03-25,1020.454
2024-03-26,1211.114
2024-03-27,1162.087
2024-03-28,901.144
2024-03-29,729.55
2024-03-30,698.269
2024-03-31,719.494
2024-04-01,716.351
2024-04-02,663.567
2024-04-03,636.184
2024-04-04,815.315
2024-04-05,1049.29
2024-04-06,1469.565
2024-04-07,1552.897
2024-04-08,1198.82
2024-04-09,1115.556
2024-04-10,1174.87
2024-04-11,1226.944
2024-04-12,1127.955
2024-04-13,1050.454
2024-04-14,1081.819
2024-04-15,1106.659
2024-04-16,1095.506
2024-04-17,1129.99
2024-04-18,1249.005
2024-04-19,1363.622
2024-04-20,1343.763
2024-04-21,1270.355
2024-04-22,1255.316
2024-04-23,1362.129
2024-04-24,1552.774
2024-04-25,1536.945
2024-04-26,1369.757
2024-04-27,1284.986
2024-04-28,1283.692
2024-04-29,1323.324
2024-04-30,1458.45
2024-05-01,1601.345
2024-05-02,1594.549
2024-05-03,1506.149
2024-05-04,1562.163
2024-05-05,2062.752
2024-05-06,2479.585
2024-05-07,2525.272
2024-05-08,2654.867
2024-05-09,2891.588
2024-05-10,3421.972
2024-05-11,3621.281
2024-05-12,3042.309
2024-05-13,2328.275
2024-05-14,1871.387
2024-05-15,1919.21
2024-05-16,1948.513
2024-05-17,1824.327
2024-05-18,2420.684
2024-05-19,2681.175
2024-05-20,2015.853
2024-05-21,1423.652
2024-05-22,1098.874
2024-05-23,942.224
2024-05-24,895.357
2024-05-25,893.804
2024-05-26,897.234
2024-05-27,869.177
2024-05-28,792.212
2024-05-29,709.163
2024-05-30,648.515
2024-05-31,610.954
2024-06-01,594.53
2024-06-02,612.782
2024-06-03,605.922
2024-06-04,574.439
2024-06-05,555.445
2024-06-06,522.085
2024-06-07,478.583
2024-06-08,447.405
2024-06-09,426.604
2024-06-10,411.204
2024-06-11,399.034
2024-06-12,394.105
2024-06-13,397.378
2024-06-14,404.82
2024-06-15,387.956
2024-06-16,358.166
2024-06-17,344.292
2024-06-18,340.851
2024-06-19,336.572
2024-06-20,335.747
2024-06-21,329.362
2024-06-22,314.432
2024-06-23,303.458
2024-06-24,287.385
2024-06-25,267.573
2024-06-26,254.219
2024-06-27,246.163
2024-06-28,239.606
2024-06-29,233.94
2024-06-30,230.246
2024-07-01,233.733
2024-07-02,250.128
2024-07-03,261.291
2024-07-04,253.035
2024-07-05,228.623
2024-07-06,205.523
2024-07-07,193.355
2024-07-08,187.163
2024-07-09,182.29
2024-07-10,177.914
2024-07-11,173.952
2024-07-12,169.685
2024-07-13,166.291
2024-07-14,163.733
2024-07-15,161.636
2024-07-16,159.146
2024-07-17,154.561
2024-07-18,148.748
2024-07-19,143.918
2024-07-20,141.03
2024-07-21,140.834
2024-07-22,148.116
2024-07-23,165.178
2024-07-24,195.667
2024-07-25,190.989
2024-07-26,158.067
2024-07-27,137.209
2024-07-28,131.178
2024-07-29,128.193
2024-07-30,121.87
2024-07-31,118.402
2024-08-01,118.482
2024-08-02,116.685
2024-08-03,115.724
2024-08-04,127.631
2024-08-05,140.496
2024-08-06,161.925
2024-08-07,167.155
2024-08-08,144.062
2024-08-09,117.016
2024-08-10,101.287
2024-08-11,95.774
2024-08-12,96.117
2024-08-13,110.12
2024-08-14,114.849
2024-08-15,103.173
2024-08-16,93.105
2024-08-17,89.63
2024-08-18,87.947
2024-08-19,90.799
2024-08-20,91.427
2024-08-21,90.67
2024-08-22,91.066
2024-08-23,86.798
2024-08-24,84.873
2024-08-25,92.558
2024-08-26,97.006
2024-08-27,97.015
2024-08-28,100.225
2024-08-29,114.057
2024-08-30,139.815
2024-08-31,144.297
2024-09-01,128.355
2024-09-02,119.922
2024-09-03,103.412
2024-09-04,83.574
2024-09-05,77.577
2024-09-06,76.954
2024-09-07,76.216
2024-09-08,73.126
2024-09-09,70.518
2024-09-10,69.73
2024-09-11,72.433
2024-09-12,84.402
2024-09-13,116.738
2024-09-14,163.773
2024-09-15,200.493
2024-09-16,179.91
2024-09-17,121.75
2024-09-18,81.703
2024-09-19,71.988
2024-09-20,80.432
2024-09-21,98.985
2024-09-22,119.649
2024-09-23,118.385
2024-09-24,104.325
2024-09-25,111.658
2024-09-26,139.772
2024-09-27,135.433
2024-09-28,113.986
2024-09-29,86.716
2024-09-30,70.938
2024-10-01,62.34
2024-10-02,60.885
2024-10-03,73.094
2024-10-04,129.379
2024-10-05,219.068
2024-10-06,269.301
2024-10-07,282.308
2024-10-08,301.617
2024-10-09,269.976
2024-10-10,184.876
2024-10-11,116.81
2024-10-12,98.552
2024-10-13,128.361
2024-10-14,210.312
2024-10-15,495.944
2024-10-16,1071.465
2024-10-17,1178.656
2024-10-18,816.874
2024-10-19,503.395
2024-10-20,280.28
2024-10-21,184.66
2024-10-22,242.358
2024-10-23,371.858
2024-10-24,526.508
2024-10-25,688.636
2024-10-26,769.407
2024-10-27,777.594
2024-10-28,684.727
2024-10-29,492.168
2024-10-30,461.731
2024-10-31,716.432
2024-11-01,820.405
2024-11-02,750.157
2024-11-03,846.335
2024-11-04,899.078
2024-11-05,780.975
2024-11-06,638.992
2024-11-07,602.774
2024-11-08,521.636
2024-11-09,424.079
2024-11-10,386.753
2024-11-11,384.365
2024-11-12,383.468
2024-11-13,368.914
2024-11-14,379.881
2024-11-15,578.086
2024-11-16,695.179
2024-11-17,687.736
2024-11-18,771.254
2024-11-19,893.951
2024-11-20,834.48
2024-11-21,743.743
2024-11-22,718.395
2024-11-23,655.048
2024-11-24,562.055
2024-11-25,499.954
2024-11-26,484.255
2024-11-27,523.481
2024-11-28,600.086
2024-11-29,698.387
2024-11-30,840.47
2024-12-01,895.269
2024-12-02,884.279
2024-12-03,988.147
2024-12-04,1172.244
2024-12-05,1300.344
2024-12-06,1373.606
2024-12-07,1494.12
2024-12-08,1643.722
2024-12-09,1637.105
2024-12-10,1567.714
2024-12-11,1644.459
2024-12-12,1796.703
2024-12-13,1836.138
2024-12-14,1851.05
2024-12-15,2303.954
2024-12-16,2471.904
2024-12-17,2202.683
2024-12-18,1914.63
2024-12-19,1681.253
2024-12-20,1686.53
2024-12-21,1668.087
2024-12-22,1430.706
2024-12-23,1119.58
2024-12-24,871.132
2024-12-25,733.485
2024-12-26,779.962
2024-12-27,908.165
2024-12-28,938.613
2024-12-29,917.853
2024-12-30,919.085
2024-12-31,922.269
2025-01-01,957.3492
2025-01-02,1057.8452
2025-01-03,1227.1354
2025-01-04,1252.8745
2025-01-05,1193.455
2025-01-06,1203.4713
2025-01-07,1257.8726
2025-01-08,1376.2241
2025-01-09,1587.5103
2025-01-10,1777.3632
2025-01-11,1720.8136
2025-01-12,1373.7241
2025-01-13,949.2442
2025-01-14,700.18
2025-01-15,616.5396
2025-01-16,587.03375
2025-01-17,566.9725
2025-01-18,558.1317
2025-01-19,578.7254
2025-01-20,609.83624
2025-01-21,597.87836
2025-01-22,544.9559
2025-01-23,507.3395
2025-01-24,492.89124
2025-01-25,538.63165
2025-01-26,644.2675
2025-01-27,722.41425
2025-01-28,732.37836
2025-01-29,647.305
2025-01-30,516.5008
2025-01-31,433.95206
2025-02-01,412.70166
2025-02-02,429.7504
2025-02-03,479.13998
2025-02-04,550.3288
2025-02-05,658.65875
2025-02-06,776.8238
2025-02-07,842.6008
2025-02-08,859.9629
2025-02-09,833.1904
2025-02-10,828.5197
2025-02-11,826.8205
2025-02-12,764.34375
2025-02-13,684.7217
2025-02-14,636.5279
2025-02-15,674.6696
2025-02-16,810.24756
2025-02-17,984.6729
2025-02-18,1147.7612
2025-02-19,1229.0416
2025-02-20,1229.6305
2025-02-21,1098.236
2025-02-22,913.13837
2025-02-23,793.95874
2025-02-24,721.335
2025-02-25,659.60547
2025-02-26,594.8712
2025-02-27,523.5296
2025-02-28,498.1774
2025-03-01,543.0796
2025-03-02,585.8408
2025-03-03,630.44257
2025-03-04,651.3187
2025-03-05,608.2525
2025-03-06,554.9267
2025-03-07,485.95255
2025-03-08,404.93002
2025-03-09,354.8125
2025-03-10,331.36914
2025-03-11,316.34
2025-03-12,303.1038
2025-03-13,292.66254
2025-03-14,284.72665
2025-03-15,284.155
2025-03-16,290.97537
2025-03-17,305.12253
2025-03-18,348.82788
2025-03-19,414.2996
2025-03-20,473.6771
2025-03-21,451.74292
2025-03-22,421.91617
2025-03-23,370.60623
2025-03-24,419.7937
2025-03-25,549.5804
2025-03-26,643.47076
2025-03-27,609.3454
2025-03-28,530.8871
2025-03-29,578.75214
2025-03-30,1112.2909
2025-03-31,1253.7172
2025-04-01,830.198
2025-04-02,629.2713
2025-04-03,711.655
2025-04-04,795.28925
2025-04-05,795.0595
2025-04-06,748.2067
2025-04-07,731.09503
2025-04-08,783.1233
2025-04-09,802.5612
2025-04-10,840.53
2025-04-11,1010.89844
2025-04-12,1204.8472
2025-04-13,1291.5382
2025-04-14,1225.4042
2025-04-15,1123.6166
2025-04-16,1081.6632
2025-04-17,1136.7953
2025-04-18,1147.3687
2025-04-19,1203.5542
2025-04-20,1263.1387
2025-04-21,1413.2816
2025-04-22,1576.0562
2025-04-23,1691.924
2025-04-24,1558.4073
2025-04-25,1344.5663
2025-04-26,1358.0967
2025-04-27,1566.1837
2025-04-28,1704.1449
2025-04-29,1683.9247
2025-04-30,1605.1426
2025-05-01,1571.9078
2025-05-02,1655.5944
2025-05-03,1767.0322
2025-05-04,2071.0337
2025-05-05,2215.8782
2025-05-06,1975.6997
2025-05-07,1670.565
2025-05-08,1499.9076
2025-05-09,1443.453
2025-05-10,1385.7383
2025-05-11,1316.3806
2025-05-12,1219.2357
2025-05-13,1077.3258
2025-05-14,986.2424
2025-05-15,981.3846
2025-05-16,1033.1862
2025-05-17,1130.3304
2025-05-18,1143.4025
2025-05-19,1048.7108
2025-05-20,984.107
2025-05-21,987.69507
2025-05-22,1026.5955
2025-05-23,1054.9592
2025-05-24,1066.514
2025-05-25,1083.2336
2025-05-26,1124.2617
2025-05-27,1184.8068
2025-05-28,1223.1283
2025-05-29,1174.3282
2025-05-30,1048.8483
2025-05-31,883.8842
2025-06-01,731.8317
2025-06-02,638.85284
2025-06-03,624.0075
2025-06-04,664.1008
2025-06-05,731.2054
2025-06-06,762.1363
2025-06-07,721.2504
2025-06-08,653.05505
2025-06-09,594.99335
2025-06-10,528.7758
2025-06-11,474.7863
2025-06-12,455.18713
2025-06-13,449.71628
2025-06-14,440.86252
2025-06-15,421.89877
2025-06-16,396.82584
2025-06-17,376.8096
2025-06-18,372.17163
2025-06-19,390.8154
2025-06-20,441.31174
2025-06-21,465.13623
2025-06-22,456.2958
2025-06-23,424.36002
2025-06-24,376.0625
2025-06-25,333.48874
2025-06-26,309.86166
2025-06-27,299.445
2025-06-28,285.2383
2025-06-29,272.28043
2025-06-30,263.65002
2025-07-01,253.93501
2025-07-02,247.3504
2025-07-03,259.46707
2025-07-04,312.34042
2025-07-05,374.4746
2025-07-06,434.63962
2025-07-07,469.44382
2025-07-08,449.08957
2025-07-09,405.0575
2025-07-10,356.02835
2025-07-11,290.69293
2025-07-12,233.70874
2025-07-13,209.04083
2025-07-14,206.33167
2025-07-15,209.19292
2025-07-16,207.74873
2025-07-17,195.27751
2025-07-18,182.31291
2025-07-19,178.1975
2025-07-20,184.87207
2025-07-21,200.0246
2025-07-22,223.03957
2025-07-23,242.14333
2025-07-24,230.67915
2025-07-25,199.71083
2025-07-26,173.00085
2025-07-27,159.14125
2025-07-28,160.35042
2025-07-29,179.25124
2025-07-30,197.60872
2025-07-31,215.99164
2025-08-01,230.48792
2025-08-02,234.24457
2025-08-03,227.955
2025-08-04,209.23
2025-08-05,181.5404
2025-08-06,160.89166
2025-08-07,152.23209
2025-08-08,147.24083
2025-08-09,141.08333
2025-08-10,134.2675
2025-08-11,130.12166
2025-08-12,127.74
2025-08-13,124.87792
2025-08-14,124.670845
2025-08-15,127.24793
2025-08-16,131.16374
2025-08-17,133.45457
2025-08-18,136.38042
2025-08-19,136.12917
2025-08-20,126.1246
2025-08-21,120.01584
2025-08-22,130.37709
2025-08-23,177.23125
2025-08-24,233.77501
2025-08-25,273.49622
2025-08-26,310.85165
2025-08-27,315.93997
2025-08-28,289.74625
2025-08-29,245.09454
2025-08-30,217.10957
2025-08-31,245.06459
2025-09-01,328.1892
2025-09-02,354.73337
2025-09-03,309.3683
2025-09-04,249.19582
2025-09-05,178.70625
2025-09-06,124.775
2025-09-07,100.90668
2025-09-08,94.82
2025-09-09,101.875
2025-09-10,115.04916
2025-09-11,122.67834
2025-09-12,120.27917
2025-09-13,106.07581
2025-09-14,91.877075
2025-09-15,84.94416
2025-09-16,82.02583
2025-09-17,81.72001
2025-09-18,82.92875
2025-09-19,81.601654
2025-09-20,82.13293
2025-09-21,83.05625
2025-09-22,85.14666
2025-09-23,88.81083
2025-09-24,94.997505
2025-09-25,114.995
2025-09-26,149.51999
2025-09-27,170.39958
2025-09-28,171.84833
2025-09-29,166.11708
2025-09-30,184.59583
2025-10-01,242.85289
2025-10-02,346.41708
2025-10-03,426.19833
2025-10-04,451.45752
2025-10-05,409.33414
2025-10-06,313.25916
2025-10-07,218.67664
2025-10-08,171.06795
2025-10-09,230.56334
2025-10-10,657.5879
2025-10-11,827.2913
2025-10-12,574.0562
2025-10-13,395.05374
2025-10-14,347.0913
2025-10-15,375.12045
2025-10-16,411.94498
2025-10-17,481.52
2025-10-18,916.6521
2025-10-19,1124.988
2025-10-20,925.1111
2025-10-21,766.04175
2025-10-22,673.38165
2025-10-23,645.5333
2025-10-24,657.1033
2025-10-25,615.75916
2025-10-26,498.81918
2025-10-27,355.9762
2025-10-28,276.7046
2025-10-29,274.91916
2025-10-30,295.17584
2025-10-31,391.93872
2025-11-01,498.59213
2025-11-02,610.5463
2025-11-03,572.7869
2025-11-04,599.3392
2025-11-05,748.4117
2025-11-06,933.3121
2025-11-07,1005.83795
2025-11-08,1003.86383
2025-11-09,1063.608
2025-11-10,1206.013
2025-11-11,1175.9296
2025-11-12,931.4555
2025-11-13,824.82806
2025-11-14,929.87714
2025-11-15,1125.3322
2025-11-16,1139.1272
2025-11-17,981.98615
2025-11-18,837.11456
2025-11-19,740.99506
2025-11-20,653.5733
2025-11-21,562.19586
2025-11-22,564.16956
2025-11-23,626.8038
2025-11-24,663.5512
2025-11-25,704.3108
2025-11-26,725.7729
2025-11-27,651.263
2025-11-28,609.9838
2025-11-29,626.47705
2025-11-30,647.02155
2025-12-01,665.118
2025-12-02,606.1925
2025-12-03,543.45795
2025-12-04,516.7346
2025-12-05,499.41125
2025-12-06,509.43625
2025-12-07,501.40372
2025-12-08,455.06958
2025-12-09,359.8796
2025-12-10,282.20996
2025-12-11,262.4371
2025-12-12,266.6654
2025-12-13,261.45538
2025-12-14,237.2483
2025-12-15,224.15582
2025-12-16,245.75542
2025-12-17,284.0454
2025-12-18,309.53043
2025-12-19,285.4371
2025-12-20,258.01547
2025-12-21,266.52042
2025-12-22,282.96378
2025-12-23,296.67795
2025-12-24,315.62332
2025-12-25,338.94077
2025-12-26,401.33752
2025-12-27,510.64755
2025-12-28,580.6529
2025-12-29,559.3941
2025-12-30,495.9292
2025-12-31,516.35004
2026-01-01,666.688
2026-01-02,738.25494
2026-01-03,727.5996
2026-01-04,784.1929
2026-01-05,910.1059
2026-01-06,898.2153
2026-01-07,800.4179
2026-01-08,807.4649
2026-01-09,814.0262
2026-01-10,915.262
2026-01-11,1210.7467
2026-01-12,1284.7716
2026-01-13,1137.7095
2026-01-14,974.52655
2026-01-15,798.7591
2026-01-16,641.94415
2026-01-17,520.7437
2026-01-18,468.30624
2026-01-19,451.7179
2026-01-20,467.9683
2026-01-21,503.77634
2026-01-22,575.79047
2026-01-23,624.6779
2026-01-24,648.02203
2026-01-25,718.68915
2026-01-26,807.1584
2026-01-27,851.4809
2026-01-28,796.4775
2026-01-29,681.14417
2026-01-30,565.70123
2026-01-31,461.2533
2026-02-01,427.26913
2026-02-02,479.2712
2026-02-03,546.70917
2026-02-04,563.2466
2026-02-05,532.45123
2026-02-06,476.1558
2026-02-07,432.20874
2026-02-08,414.82333
2026-02-09,405.70544
2026-02-10,428.58374
2026-02-11,519.1705
2026-02-12,641.9929
2026-02-13,723.6233
2026-02-14,796.23334
2026-02-15,864.2109
2026-02-16,972.3354
2026-02-17,1047.8755
2026-02-18,970.9146
2026-02-19,846.5433
2026-02-20,810.8593
2026-02-21,857.9412
2026-02-22,956.7483
2026-02-23,1122.6708
2026-02-24,1296.7148
2026-02-25,1424.3278
2026-02-26,1283.017
2026-02-27,1018.44244
2026-02-28,1032.6245
2026-03-01,1387.6226
2026-03-02,1428.1908
2026-03-03,1127.3071
2026-03-04,1038.6892
2026-03-05,1139.4025
2026-03-06,1170.4546
2026-03-07,1297.4408
2026-03-08,1745.1947
2026-03-09,1888.04
2026-03-10,1688.8959
2026-03-11,1544.1764
2026-03-12,1517.3599
2026-03-13,1603.3604
2026-03-14,1716.1552
2026-03-15,1775.2745
2026-03-16,1839.9736
2026-03-17,1919.7091
2026-03-18,1987.3046
2026-03-19,2061.2727
2026-03-20,2151.3489
2026-03-21,2144.2021
2026-03-22,2125.6428
2026-03-23,2338.652
2026-03-24,2551.8435
2026-03-25,2491.0144
2026-03-26,2400.2517
2026-03-27,2605.2673
2026-03-28,2599.4983
2026-03-29,2226.0305
2026-03-30,1954.603
2026-03-31,1858.5381
2026-04-01,1693.3315
2026-04-02,1516.1893
2026-04-03,1462.4258
2026-04-04,1528.8488
2026-04-05,1635.4884
2026-04-06,1678.8483
2026-04-07,1725.2555
2026-04-08,1768.4923
2026-04-09,1766.5616
2026-04-10,1800.7705
2026-04-11,1804.7163
2026-04-12,1565.1124
2026-04-13,1256.0226
2026-04-14,1043.4679
2026-04-15,935.7171
2026-04-16,905.6976
2026-04-17,912.8824
2026-04-18,905.4209
2026-04-19,933.2658
2026-04-20,1007.5183
2026-04-21,1095.6865
