Datetime,Retrospective Discharge (m3/s)
1940-01-01,18.876
1940-01-02,19.965
1940-01-03,29.275
1940-01-04,54.442
1940-01-05,79.077
1940-01-06,97.703
1940-01-07,99.879
1940-01-08,98.156
1940-01-09,98.408
1940-01-10,104.463
1940-01-11,108.156
1940-01-12,118.558
1940-01-13,129.469
1940-01-14,127.713
1940-01-15,106.595
1940-01-16,95.408
1940-01-17,91.669
1940-01-18,87.739
1940-01-19,84.523
1940-01-20,82.604
1940-01-21,81.855
1940-01-22,80.815
1940-01-23,77.727
1940-01-24,76.686
1940-01-25,76.547
1940-01-26,78.439
1940-01-27,92.901
1940-01-28,110.878
1940-01-29,107.445
1940-01-30,131.636
1940-01-31,136.15
1940-02-01,106.006
1940-02-02,110.15
1940-02-03,103.04
1940-02-04,86.181
1940-02-05,91.804
1940-02-06,115.17
1940-02-07,128.702
1940-02-08,152.287
1940-02-09,167.979
1940-02-10,125.633
1940-02-11,91.041
1940-02-12,104.745
1940-02-13,99.465
1940-02-14,103.023
1940-02-15,93.755
1940-02-16,66.705
1940-02-17,69.04
1940-02-18,75.05
1940-02-19,75.022
1940-02-20,81.45
1940-02-21,83.578
1940-02-22,83.692
1940-02-23,72.425
1940-02-24,60.805
1940-02-25,58.764
1940-02-26,58.355
1940-02-27,60.394
1940-02-28,80.446
1940-02-29,101.131
1940-03-01,108.022
1940-03-02,137.391
1940-03-03,150.296
1940-03-04,109.376
1940-03-05,70.751
1940-03-06,69.563
1940-03-07,75.872
1940-03-08,85.916
1940-03-09,90.091
1940-03-10,102.702
1940-03-11,129.079
1940-03-12,175.361
1940-03-13,161.575
1940-03-14,183.786
1940-03-15,188.433
1940-03-16,176.073
1940-03-17,148.733
1940-03-18,237.93
1940-03-19,315.038
1940-03-20,409.024
1940-03-21,248.26
1940-03-22,157.464
1940-03-23,161.954
1940-03-24,211.518
1940-03-25,191.308
1940-03-26,202.475
1940-03-27,215.615
1940-03-28,137.075
1940-03-29,91.186
1940-03-30,81.14
1940-03-31,71.949
1940-04-01,79.252
1940-04-02,96.728
1940-04-03,98.307
1940-04-04,113.699
1940-04-05,147.499
1940-04-06,142.31
1940-04-07,151.536
1940-04-08,149.4
1940-04-09,171.604
1940-04-10,166.04
1940-04-11,145.696
1940-04-12,160.649
1940-04-13,169.092
1940-04-14,165.207
1940-04-15,171.542
1940-04-16,185.743
1940-04-17,157.74
1940-04-18,139.59
1940-04-19,128.295
1940-04-20,92.907
1940-04-21,87.827
1940-04-22,88.922
1940-04-23,97.786
1940-04-24,118.67
1940-04-25,120.516
1940-04-26,124.66
1940-04-27,115.399
1940-04-28,108.987
1940-04-29,106.062
1940-04-30,95.595
1940-05-01,95.774
1940-05-02,91.239
1940-05-03,85.936
1940-05-04,85.878
1940-05-05,128.705
1940-05-06,116.301
1940-05-07,133.125
1940-05-08,127.025
1940-05-09,106.379
1940-05-10,102.66
1940-05-11,124.508
1940-05-12,131.462
1940-05-13,161.033
1940-05-14,185.317
1940-05-15,219.461
1940-05-16,236.765
1940-05-17,229.64
1940-05-18,212.214
1940-05-19,163.724
1940-05-20,110.701
1940-05-21,108.721
1940-05-22,119.317
1940-05-23,141.463
1940-05-24,136.871
1940-05-25,164.81
1940-05-26,184.9
1940-05-27,179.208
1940-05-28,163.88
1940-05-29,135.059
1940-05-30,178.582
1940-05-31,240.693
1940-06-01,188.54
1940-06-02,123.282
1940-06-03,115.275
1940-06-04,145.493
1940-06-05,161.578
1940-06-06,139.834
1940-06-07,108.096
1940-06-08,118.866
1940-06-09,120.566
1940-06-10,113.026
1940-06-11,107.527
1940-06-12,92.966
1940-06-13,84.577
1940-06-14,80.707
1940-06-15,75.968
1940-06-16,75.681
1940-06-17,77.067
1940-06-18,87.567
1940-06-19,113.969
1940-06-20,105.998
1940-06-21,97.022
1940-06-22,114.866
1940-06-23,109.453
1940-06-24,88.381
1940-06-25,88.141
1940-06-26,87.362
1940-06-27,87.698
1940-06-28,89.703
1940-06-29,98.202
1940-06-30,99.527
1940-07-01,89.876
1940-07-02,65.551
1940-07-03,61.966
1940-07-04,61.237
1940-07-05,61.269
1940-07-06,64.2
1940-07-07,73.348
1940-07-08,92.885
1940-07-09,100.477
1940-07-10,120.568
1940-07-11,110.031
1940-07-12,77.08
1940-07-13,72.206
1940-07-14,68.505
1940-07-15,86.018
1940-07-16,73.332
1940-07-17,81.748
1940-07-18,76.707
1940-07-19,69.785
1940-07-20,55.852
1940-07-21,54.575
1940-07-22,60.568
1940-07-23,59.087
1940-07-24,56.635
1940-07-25,80.445
1940-07-26,101.439
1940-07-27,113.102
1940-07-28,65.558
1940-07-29,62.18
1940-07-30,57.423
1940-07-31,98.144
1940-08-01,154.09
1940-08-02,92.207
1940-08-03,71.876
1940-08-04,99.808
1940-08-05,91.876
1940-08-06,75.69
1940-08-07,109.125
1940-08-08,92.739
1940-08-09,86.738
1940-08-10,76.261
1940-08-11,93.061
1940-08-12,79.762
1940-08-13,59.625
1940-08-14,57.925
1940-08-15,58.18
1940-08-16,51.006
1940-08-17,53.08
1940-08-18,51.62
1940-08-19,51.308
1940-08-20,92.828
1940-08-21,121.063
1940-08-22,100.572
1940-08-23,76.441
1940-08-24,72.738
1940-08-25,71.558
1940-08-26,99.366
1940-08-27,117.311
1940-08-28,129.751
1940-08-29,103.798
1940-08-30,96.604
1940-08-31,118.67
1940-09-01,163.168
1940-09-02,209.97
1940-09-03,219.214
1940-09-04,241.765
1940-09-05,218.948
1940-09-06,204.736
1940-09-07,216.48
1940-09-08,272.352
1940-09-09,272.485
1940-09-10,226.032
1940-09-11,190.278
1940-09-12,150.026
1940-09-13,211.251
1940-09-14,277.778
1940-09-15,327.065
1940-09-16,232.429
1940-09-17,210.479
1940-09-18,209.602
1940-09-19,174.349
1940-09-20,287.913
1940-09-21,257.662
1940-09-22,288.729
1940-09-23,356.995
1940-09-24,245.245
1940-09-25,277.738
1940-09-26,321.412
1940-09-27,386.734
1940-09-28,426.165
1940-09-29,423.966
1940-09-30,429.08
1940-10-01,323.098
1940-10-02,304.168
1940-10-03,292.252
1940-10-04,225.882
1940-10-05,210.559
1940-10-06,161.232
1940-10-07,172.027
1940-10-08,190.609
1940-10-09,186.718
1940-10-10,160.243
1940-10-11,181.35
1940-10-12,203.393
1940-10-13,199.925
1940-10-14,182.518
1940-10-15,182.499
1940-10-16,193.335
1940-10-17,271.764
1940-10-18,374.239
1940-10-19,367.416
1940-10-20,324.475
1940-10-21,244.718
1940-10-22,321.28
1940-10-23,341.773
1940-10-24,337.258
1940-10-25,294.911
1940-10-26,334.485
1940-10-27,443.49
1940-10-28,415.677
1940-10-29,425.762
1940-10-30,429.872
1940-10-31,380.485
1940-11-01,373.037
1940-11-02,463.326
1940-11-03,498.343
1940-11-04,381.545
1940-11-05,348.367
1940-11-06,360.048
1940-11-07,357.861
1940-11-08,413.455
1940-11-09,481.74
1940-11-10,432.871
1940-11-11,364.745
1940-11-12,337.175
1940-11-13,380.37
1940-11-14,505.303
1940-11-15,449.345
1940-11-16,430.23
1940-11-17,450.886
1940-11-18,450.109
1940-11-19,492.539
1940-11-20,421.014
1940-11-21,390.728
1940-11-22,488.972
1940-11-23,524.151
1940-11-24,473.878
1940-11-25,440.024
1940-11-26,475.418
1940-11-27,436.794
1940-11-28,535.775
1940-11-29,545.438
1940-11-30,470.287
1940-12-01,383.998
1940-12-02,343.976
1940-12-03,315.637
1940-12-04,338.003
1940-12-05,322.764
1940-12-06,327.851
1940-12-07,411.615
1940-12-08,417.988
1940-12-09,397.955
1940-12-10,366.49
1940-12-11,307.42
1940-12-12,273.461
1940-12-13,275.366
1940-12-14,288.433
1940-12-15,287.749
1940-12-16,238.312
1940-12-17,235.713
1940-12-18,237.96
1940-12-19,223.263
1940-12-20,212.832
1940-12-21,207.915
1940-12-22,199.875
1940-12-23,190.609
1940-12-24,184.112
1940-12-25,179.257
1940-12-26,174.632
1940-12-27,170.007
1940-12-28,165.479
1940-12-29,160.962
1940-12-30,156.603
1940-12-31,152.231
1941-01-01,148.041
1941-01-02,144.078
1941-01-03,140.358
1941-01-04,136.692
1941-01-05,133.111
1941-01-06,129.981
1941-01-07,127.526
1941-01-08,124.852
1941-01-09,121.231
1941-01-10,117.571
1941-01-11,115.767
1941-01-12,113.556
1941-01-13,110.104
1941-01-14,107.305
1941-01-15,104.979
1941-01-16,102.526
1941-01-17,99.733
1941-01-18,96.659
1941-01-19,93.883
1941-01-20,92.344
1941-01-21,91.675
1941-01-22,91.531
1941-01-23,91.279
1941-01-24,89.035
1941-01-25,83.95
1941-01-26,82.466
1941-01-27,80.195
1941-01-28,77.283
1941-01-29,75.367
1941-01-30,73.635
1941-01-31,72.043
1941-02-01,70.57
1941-02-02,69.105
1941-02-03,67.58
1941-02-04,66.242
1941-02-05,65.08
1941-02-06,63.549
1941-02-07,61.825
1941-02-08,60.423
1941-02-09,59.024
1941-02-10,57.758
1941-02-11,56.794
1941-02-12,57.012
1941-02-13,57.554
1941-02-14,57.013
1941-02-15,56.395
1941-02-16,54.961
1941-02-17,55.354
1941-02-18,60.001
1941-02-19,81.981
1941-02-20,71.649
1941-02-21,81.959
1941-02-22,70.433
1941-02-23,70.046
1941-02-24,98.293
1941-02-25,101.063
1941-02-26,75.487
1941-02-27,60.91
1941-02-28,70.994
1941-03-01,85.992
1941-03-02,121.08
1941-03-03,168.62
1941-03-04,211.173
1941-03-05,231.28
1941-03-06,154.639
1941-03-07,140.898
1941-03-08,102.8
1941-03-09,82.599
1941-03-10,104.284
1941-03-11,116.355
1941-03-12,99.163
1941-03-13,79.631
1941-03-14,59.808
1941-03-15,44.887
1941-03-16,43.963
1941-03-17,60.418
1941-03-18,99.488
1941-03-19,114.713
1941-03-20,81.1
1941-03-21,54.154
1941-03-22,44.625
1941-03-23,44.966
1941-03-24,43.689
1941-03-25,41.256
1941-03-26,40.609
1941-03-27,37.767
1941-03-28,37.378
1941-03-29,37.002
1941-03-30,35.487
1941-03-31,35.063
1941-04-01,35.412
1941-04-02,36.379
1941-04-03,39.254
1941-04-04,45.412
1941-04-05,51.35
1941-04-06,51.257
1941-04-07,66.758
1941-04-08,72.644
1941-04-09,68.285
1941-04-10,80.084
1941-04-11,105.138
1941-04-12,168.435
1941-04-13,212.078
1941-04-14,249.905
1941-04-15,153.285
1941-04-16,207.067
1941-04-17,222.244
1941-04-18,314.225
1941-04-19,273.528
1941-04-20,330.574
1941-04-21,237.943
1941-04-22,128.204
1941-04-23,95.681
1941-04-24,124.518
1941-04-25,121.645
1941-04-26,107.134
1941-04-27,72.36
1941-04-28,48.238
1941-04-29,55.484
1941-04-30,53.415
1941-05-01,50.769
1941-05-02,91.059
1941-05-03,166.938
1941-05-04,152.648
1941-05-05,141.278
1941-05-06,135.72
1941-05-07,114.862
1941-05-08,87.898
1941-05-09,110.156
1941-05-10,162.345
1941-05-11,233.275
1941-05-12,218.652
1941-05-13,180.263
1941-05-14,112.204
1941-05-15,70.022
1941-05-16,75.192
1941-05-17,80.279
1941-05-18,108.409
1941-05-19,125.087
1941-05-20,147.217
1941-05-21,107.555
1941-05-22,109.117
1941-05-23,130.66
1941-05-24,102.356
1941-05-25,94.227
1941-05-26,108.334
1941-05-27,87.757
1941-05-28,62.56
1941-05-29,57.584
1941-05-30,52.574
1941-05-31,50.008
1941-06-01,49.694
1941-06-02,49.716
1941-06-03,49.852
1941-06-04,49.86
1941-06-05,51.34
1941-06-06,50.646
1941-06-07,48.807
1941-06-08,47.47
1941-06-09,49.464
1941-06-10,54.07
1941-06-11,61.811
1941-06-12,67.34
1941-06-13,62.29
1941-06-14,52.826
1941-06-15,60.151
1941-06-16,74.858
1941-06-17,86.847
1941-06-18,95.184
1941-06-19,77.119
1941-06-20,82.06
1941-06-21,120.846
1941-06-22,109.223
1941-06-23,102.827
1941-06-24,89.216
1941-06-25,68.497
1941-06-26,48.339
1941-06-27,43.766
1941-06-28,44.652
1941-06-29,43.843
1941-06-30,42.314
1941-07-01,40.807
1941-07-02,41.131
1941-07-03,43.193
1941-07-04,54.009
1941-07-05,60.622
1941-07-06,55.377
1941-07-07,44.772
1941-07-08,39.971
1941-07-09,38.551
1941-07-10,38.115
1941-07-11,37.824
1941-07-12,37.162
1941-07-13,37.156
1941-07-14,38.183
1941-07-15,38.981
1941-07-16,44.827
1941-07-17,46.179
1941-07-18,43.912
1941-07-19,50.422
1941-07-20,49.659
1941-07-21,48.195
1941-07-22,53.885
1941-07-23,51.375
1941-07-24,58.664
1941-07-25,62.867
1941-07-26,52.568
1941-07-27,42.035
1941-07-28,54.975
1941-07-29,64.082
1941-07-30,65.091
1941-07-31,45.736
1941-08-01,34.72
1941-08-02,38.315
1941-08-03,70.085
1941-08-04,68.304
1941-08-05,49.834
1941-08-06,52.479
1941-08-07,79.548
1941-08-08,56.44
1941-08-09,43.413
1941-08-10,51.945
1941-08-11,54.451
1941-08-12,54.172
1941-08-13,46.411
1941-08-14,39.908
1941-08-15,32.682
1941-08-16,29.826
1941-08-17,32.839
1941-08-18,30.627
1941-08-19,30.273
1941-08-20,33.201
1941-08-21,52.75
1941-08-22,65.242
1941-08-23,51.337
1941-08-24,55.364
1941-08-25,103.938
1941-08-26,93.682
1941-08-27,50.941
1941-08-28,52.794
1941-08-29,61.81
1941-08-30,53.878
1941-08-31,67.61
1941-09-01,51.86
1941-09-02,60.812
1941-09-03,82.625
1941-09-04,87.687
1941-09-05,56.336
1941-09-06,40.595
1941-09-07,51.162
1941-09-08,65.972
1941-09-09,74.54
1941-09-10,56.224
1941-09-11,44.226
1941-09-12,34.868
1941-09-13,44.231
1941-09-14,33.401
1941-09-15,35.396
1941-09-16,41.134
1941-09-17,49.312
1941-09-18,66.224
1941-09-19,81.645
1941-09-20,81.129
1941-09-21,104.789
1941-09-22,134.761
1941-09-23,147.457
1941-09-24,150.269
1941-09-25,94.156
1941-09-26,111.028
1941-09-27,62.932
1941-09-28,54.571
1941-09-29,60.09
1941-09-30,71.055
1941-10-01,57.312
1941-10-02,44.082
1941-10-03,48.862
1941-10-04,42.556
1941-10-05,71.142
1941-10-06,62.747
1941-10-07,78.523
1941-10-08,128.794
1941-10-09,164.417
1941-10-10,210.938
1941-10-11,169.14
1941-10-12,132.092
1941-10-13,94.693
1941-10-14,41.012
1941-10-15,29.644
1941-10-16,43.207
1941-10-17,46.736
1941-10-18,45.99
1941-10-19,38.004
1941-10-20,58.407
1941-10-21,40.874
1941-10-22,31.27
1941-10-23,28.892
1941-10-24,32.412
1941-10-25,48.089
1941-10-26,68.85
1941-10-27,70.187
1941-10-28,124.127
1941-10-29,166.363
1941-10-30,193.057
1941-10-31,159.288
1941-11-01,161.69
1941-11-02,203.108
1941-11-03,216.534
1941-11-04,165.217
1941-11-05,114.135
1941-11-06,69.716
1941-11-07,51.46
1941-11-08,108.244
1941-11-09,162.029
1941-11-10,205.065
1941-11-11,250.692
1941-11-12,338.07
1941-11-13,286.295
1941-11-14,143.773
1941-11-15,155.965
1941-11-16,183.682
1941-11-17,220.205
1941-11-18,199.113
1941-11-19,235.727
1941-11-20,341.406
1941-11-21,321.427
1941-11-22,259.603
1941-11-23,246.107
1941-11-24,201.721
1941-11-25,258.918
1941-11-26,286.796
1941-11-27,291.253
1941-11-28,273.969
1941-11-29,252.152
1941-11-30,209.205
1941-12-01,190.522
1941-12-02,178.755
1941-12-03,263.38
1941-12-04,339.208
1941-12-05,267.472
1941-12-06,225.033
1941-12-07,194.524
1941-12-08,190.47
1941-12-09,237.22
1941-12-10,209.587
1941-12-11,158.567
1941-12-12,136.015
1941-12-13,120.402
1941-12-14,108.661
1941-12-15,104.966
1941-12-16,102.495
1941-12-17,101.02
1941-12-18,103.421
1941-12-19,122.548
1941-12-20,122.192
1941-12-21,96.385
1941-12-22,94.787
1941-12-23,99.336
1941-12-24,99.625
1941-12-25,89.381
1941-12-26,80.437
1941-12-27,78.167
1941-12-28,76.954
1941-12-29,76.24
1941-12-30,74.338
1941-12-31,72.265
1942-01-01,69.578
1942-01-02,67.305
1942-01-03,65.54
1942-01-04,63.66
1942-01-05,61.756
1942-01-06,59.984
1942-01-07,58.401
1942-01-08,57.012
1942-01-09,55.635
1942-01-10,54.222
1942-01-11,52.99
1942-01-12,52.347
1942-01-13,51.249
1942-01-14,49.565
1942-01-15,48.19
1942-01-16,47.008
1942-01-17,45.83
1942-01-18,44.798
1942-01-19,44.208
1942-01-20,43.625
1942-01-21,42.898
1942-01-22,41.996
1942-01-23,40.927
1942-01-24,39.826
1942-01-25,39.718
1942-01-26,38.822
1942-01-27,37.58
1942-01-28,36.192
1942-01-29,35.185
1942-01-30,34.585
1942-01-31,33.502
1942-02-01,32.272
1942-02-02,31.433
1942-02-03,30.666
1942-02-04,29.853
1942-02-05,29.202
1942-02-06,28.702
1942-02-07,28.234
1942-02-08,27.975
1942-02-09,27.146
1942-02-10,26.258
1942-02-11,25.645
1942-02-12,24.991
1942-02-13,24.427
1942-02-14,24.053
1942-02-15,24.778
1942-02-16,26.065
1942-02-17,26.548
1942-02-18,25.678
1942-02-19,25.121
1942-02-20,24.43
1942-02-21,23.372
1942-02-22,22.601
1942-02-23,21.79
1942-02-24,21.091
1942-02-25,20.439
1942-02-26,19.698
1942-02-27,19.355
1942-02-28,19.277
1942-03-01,19.249
1942-03-02,18.719
1942-03-03,18.34
1942-03-04,18.217
1942-03-05,19.073
1942-03-06,19.869
1942-03-07,22.236
1942-03-08,31.956
1942-03-09,29.362
1942-03-10,40.913
1942-03-11,91.361
1942-03-12,76.292
1942-03-13,63.955
1942-03-14,69.748
1942-03-15,83.447
1942-03-16,87.74
1942-03-17,77.425
1942-03-18,81.211
1942-03-19,78.781
1942-03-20,49.689
1942-03-21,42.69
1942-03-22,43.281
1942-03-23,35.727
1942-03-24,45.389
1942-03-25,50.376
1942-03-26,66.813
1942-03-27,63.592
1942-03-28,57.953
1942-03-29,51.64
1942-03-30,34.153
1942-03-31,32.119
1942-04-01,24.51
1942-04-02,16.287
1942-04-03,19.205
1942-04-04,18.491
1942-04-05,21.94
1942-04-06,21.42
1942-04-07,27.544
1942-04-08,29.412
1942-04-09,41.221
1942-04-10,51.719
1942-04-11,46.738
1942-04-12,71.648
1942-04-13,97.529
1942-04-14,115.102
1942-04-15,133.665
1942-04-16,121.134
1942-04-17,71.203
1942-04-18,35.944
1942-04-19,35.858
1942-04-20,69.866
1942-04-21,80.586
1942-04-22,87.837
1942-04-23,83.144
1942-04-24,83.828
1942-04-25,67.205
1942-04-26,109.606
1942-04-27,100.06
1942-04-28,81.32
1942-04-29,86.765
1942-04-30,96.717
1942-05-01,122.299
1942-05-02,115.742
1942-05-03,78.248
1942-05-04,48.854
1942-05-05,50.793
1942-05-06,43.231
1942-05-07,31.512
1942-05-08,37.397
1942-05-09,44.887
1942-05-10,60.1
1942-05-11,54.348
1942-05-12,38.416
1942-05-13,64.943
1942-05-14,85.226
1942-05-15,80.341
1942-05-16,100.697
1942-05-17,92.6
1942-05-18,97.701
1942-05-19,105.545
1942-05-20,81.136
1942-05-21,92.292
1942-05-22,71.651
1942-05-23,51.756
1942-05-24,55.863
1942-05-25,61.669
1942-05-26,66.753
1942-05-27,74.781
1942-05-28,120.72
1942-05-29,116.322
1942-05-30,88.722
1942-05-31,65.657
1942-06-01,67.377
1942-06-02,63.865
1942-06-03,69.294
1942-06-04,75.002
1942-06-05,74.665
1942-06-06,68.737
1942-06-07,75.1
1942-06-08,69.367
1942-06-09,61.269
1942-06-10,66.999
1942-06-11,53.862
1942-06-12,40.566
1942-06-13,37.37
1942-06-14,37.344
1942-06-15,34.145
1942-06-16,40.621
1942-06-17,60.688
1942-06-18,74.692
1942-06-19,82.6
1942-06-20,88.304
1942-06-21,83.584
1942-06-22,86.609
1942-06-23,74.854
1942-06-24,85.967
1942-06-25,110.365
1942-06-26,86.287
1942-06-27,68.734
1942-06-28,72.836
1942-06-29,72.26
1942-06-30,57.297
1942-07-01,46.543
1942-07-02,42.02
1942-07-03,39.437
1942-07-04,37.09
1942-07-05,43.711
1942-07-06,87.938
1942-07-07,90.933
1942-07-08,72.903
1942-07-09,52.222
1942-07-10,54.669
1942-07-11,63.86
1942-07-12,57.357
1942-07-13,91.856
1942-07-14,88.738
1942-07-15,58.502
1942-07-16,55.854
1942-07-17,57.494
1942-07-18,69.081
1942-07-19,58.41
1942-07-20,44.965
1942-07-21,47.57
1942-07-22,42.489
1942-07-23,52.688
1942-07-24,64.079
1942-07-25,99.127
1942-07-26,87.752
1942-07-27,62.58
1942-07-28,48.839
1942-07-29,34.471
1942-07-30,32.372
1942-07-31,32.005
1942-08-01,31.688
1942-08-02,31.26
1942-08-03,31.03
1942-08-04,30.603
1942-08-05,30.257
1942-08-06,30.252
1942-08-07,31.443
1942-08-08,30.978
1942-08-09,29.739
1942-08-10,29.095
1942-08-11,28.052
1942-08-12,27.412
1942-08-13,27.229
1942-08-14,26.678
1942-08-15,25.938
1942-08-16,25.587
1942-08-17,25.259
1942-08-18,24.933
1942-08-19,24.535
1942-08-20,25.104
1942-08-21,27.226
1942-08-22,27.02
1942-08-23,47.406
1942-08-24,34.915
1942-08-25,28.057
1942-08-26,27.283
1942-08-27,25.522
1942-08-28,35.809
1942-08-29,31.032
1942-08-30,23.854
1942-08-31,57.907
1942-09-01,86.136
1942-09-02,69.52
1942-09-03,64.762
1942-09-04,32.392
1942-09-05,27.822
1942-09-06,26.355
1942-09-07,19.521
1942-09-08,18.541
1942-09-09,24.832
1942-09-10,21.31
1942-09-11,18.455
1942-09-12,18.28
1942-09-13,30.894
1942-09-14,30.217
1942-09-15,23.06
1942-09-16,30.792
1942-09-17,34.34
1942-09-18,36.948
1942-09-19,29.73
1942-09-20,31.514
1942-09-21,33.658
1942-09-22,61.212
1942-09-23,43.97
1942-09-24,44.85
1942-09-25,46.55
1942-09-26,50.455
1942-09-27,79.36
1942-09-28,102.574
1942-09-29,73.461
1942-09-30,44.761
1942-10-01,22.961
1942-10-02,16.218
1942-10-03,22.156
1942-10-04,42.676
1942-10-05,54.677
1942-10-06,49.192
1942-10-07,44.127
1942-10-08,23.582
1942-10-09,16.158
1942-10-10,14.976
1942-10-11,23.625
1942-10-12,37.849
1942-10-13,40.359
1942-10-14,50.865
1942-10-15,110.299
1942-10-16,81.038
1942-10-17,72.665
1942-10-18,86.947
1942-10-19,115.7
1942-10-20,122.974
1942-10-21,85.785
1942-10-22,105.79
1942-10-23,81.545
1942-10-24,101.791
1942-10-25,108.161
1942-10-26,87.115
1942-10-27,63.109
1942-10-28,63.575
1942-10-29,83.973
1942-10-30,121.528
1942-10-31,101.776
1942-11-01,102.047
1942-11-02,130.664
1942-11-03,178.021
1942-11-04,224.305
1942-11-05,165.496
1942-11-06,78.888
1942-11-07,61.302
1942-11-08,45.687
1942-11-09,27.524
1942-11-10,34.318
1942-11-11,78.26
1942-11-12,118.794
1942-11-13,98.744
1942-11-14,115.267
1942-11-15,77.594
1942-11-16,41.682
1942-11-17,29.38
1942-11-18,34.897
1942-11-19,56.272
1942-11-20,65.753
1942-11-21,38.281
1942-11-22,27.388
1942-11-23,24.898
1942-11-24,21.655
1942-11-25,21.08
1942-11-26,20.654
1942-11-27,20.328
1942-11-28,19.962
1942-11-29,19.593
1942-11-30,19.169
1942-12-01,18.866
1942-12-02,19.265
1942-12-03,20.562
1942-12-04,21.38
1942-12-05,22.915
1942-12-06,23.12
1942-12-07,21.787
1942-12-08,23.582
1942-12-09,22.942
1942-12-10,19.328
1942-12-11,17.768
1942-12-12,20.237
1942-12-13,19.718
1942-12-14,25.679
1942-12-15,23.125
1942-12-16,32.481
1942-12-17,21.984
1942-12-18,15.434
1942-12-19,14.912
1942-12-20,14.945
1942-12-21,14.513
1942-12-22,14.3
1942-12-23,13.835
1942-12-24,13.685
1942-12-25,13.999
1942-12-26,14.155
1942-12-27,14.017
1942-12-28,13.735
1942-12-29,13.406
1942-12-30,13.137
1942-12-31,13.164
1943-01-01,13.028
1943-01-02,13.113
1943-01-03,11.89
1943-01-04,11.918
1943-01-05,11.995
1943-01-06,12.2
1943-01-07,11.616
1943-01-08,11.362
1943-01-09,11.135
1943-01-10,10.678
1943-01-11,10.466
1943-01-12,10.302
1943-01-13,10.111
1943-01-14,9.869
1943-01-15,9.664
1943-01-16,9.547
1943-01-17,9.505
1943-01-18,9.342
1943-01-19,9.098
1943-01-20,8.975
1943-01-21,8.839
1943-01-22,8.672
1943-01-23,8.582
1943-01-24,8.838
1943-01-25,9.4
1943-01-26,10.1
1943-01-27,9.935
1943-01-28,8.826
1943-01-29,8.158
1943-01-30,7.823
1943-01-31,7.731
1943-02-01,8.008
1943-02-02,8.047
1943-02-03,8.143
1943-02-04,7.959
1943-02-05,7.354
1943-02-06,7.178
1943-02-07,6.978
1943-02-08,6.962
1943-02-09,7.292
1943-02-10,7.459
1943-02-11,6.937
1943-02-12,6.555
1943-02-13,6.57
1943-02-14,7.654
1943-02-15,8.04
1943-02-16,7.498
1943-02-17,7.374
1943-02-18,7.132
1943-02-19,6.72
1943-02-20,6.12
1943-02-21,5.828
1943-02-22,5.792
1943-02-23,6.188
1943-02-24,6.502
1943-02-25,6.252
1943-02-26,5.851
1943-02-27,5.604
1943-02-28,5.372
1943-03-01,5.422
1943-03-02,5.883
1943-03-03,6.37
1943-03-04,6.282
1943-03-05,6.461
1943-03-06,7.9
1943-03-07,11.446
1943-03-08,17.932
1943-03-09,17.992
1943-03-10,20.318
1943-03-11,27.864
1943-03-12,22.23
1943-03-13,19.895
1943-03-14,18.026
1943-03-15,7.801
1943-03-16,4.961
1943-03-17,4.767
1943-03-18,4.562
1943-03-19,4.81
1943-03-20,5.439
1943-03-21,5.766
1943-03-22,5.568
1943-03-23,5.107
1943-03-24,4.822
1943-03-25,4.911
1943-03-26,5.584
1943-03-27,8.755
1943-03-28,7.736
1943-03-29,6.42
1943-03-30,5.698
1943-03-31,6.192
1943-04-01,7.744
1943-04-02,12.778
1943-04-03,24.823
1943-04-04,15.599
1943-04-05,11.878
1943-04-06,11.113
1943-04-07,6.605
1943-04-08,5.065
1943-04-09,8.333
1943-04-10,8.096
1943-04-11,12.341
1943-04-12,9.555
1943-04-13,12.51
1943-04-14,10.189
1943-04-15,6.488
1943-04-16,5.08
1943-04-17,4.131
1943-04-18,3.924
1943-04-19,4.104
1943-04-20,4.215
1943-04-21,4.455
1943-04-22,3.942
1943-04-23,4.033
1943-04-24,3.966
1943-04-25,4.005
1943-04-26,3.927
1943-04-27,3.887
1943-04-28,4.238
1943-04-29,4.653
1943-04-30,5.728
1943-05-01,7.781
1943-05-02,6.805
1943-05-03,7.524
1943-05-04,8.525
1943-05-05,6.905
1943-05-06,16.569
1943-05-07,12.694
1943-05-08,19.493
1943-05-09,13.939
1943-05-10,13.549
1943-05-11,10.721
1943-05-12,6.427
1943-05-13,4.737
1943-05-14,7.175
1943-05-15,11.525
1943-05-16,51.99
1943-05-17,27.402
1943-05-18,20.491
1943-05-19,23.531
1943-05-20,73.465
1943-05-21,77.113
1943-05-22,105.898
1943-05-23,114.685
1943-05-24,112.745
1943-05-25,68.525
1943-05-26,55.171
1943-05-27,41.964
1943-05-28,12.91
1943-05-29,4.022
1943-05-30,3.288
1943-05-31,3.076
1943-06-01,2.978
1943-06-02,2.722
1943-06-03,2.748
1943-06-04,2.96
1943-06-05,4.398
1943-06-06,5.852
1943-06-07,7.157
1943-06-08,13.395
1943-06-09,8.99
1943-06-10,4.961
1943-06-11,2.753
1943-06-12,2.582
1943-06-13,2.597
1943-06-14,2.689
1943-06-15,2.715
1943-06-16,2.555
1943-06-17,2.51
1943-06-18,2.499
1943-06-19,2.476
1943-06-20,2.755
1943-06-21,2.68
1943-06-22,2.332
1943-06-23,2.392
1943-06-24,3.085
1943-06-25,2.785
1943-06-26,2.773
1943-06-27,3.512
1943-06-28,3.661
1943-06-29,6.148
1943-06-30,5.798
1943-07-01,7.102
1943-07-02,6.812
1943-07-03,4.813
1943-07-04,4.676
1943-07-05,9.187
1943-07-06,11.541
1943-07-07,30.306
1943-07-08,47.695
1943-07-09,21.114
1943-07-10,8.451
1943-07-11,5.91
1943-07-12,28.181
1943-07-13,25.584
1943-07-14,10.992
1943-07-15,5.336
1943-07-16,4.07
1943-07-17,2.958
1943-07-18,2.865
1943-07-19,2.552
1943-07-20,2.333
1943-07-21,2.637
1943-07-22,4.439
1943-07-23,13.0
1943-07-24,24.318
1943-07-25,51.213
1943-07-26,25.856
1943-07-27,18.72
1943-07-28,4.367
1943-07-29,2.332
1943-07-30,2.085
1943-07-31,2.705
1943-08-01,10.168
1943-08-02,13.091
1943-08-03,15.983
1943-08-04,17.975
1943-08-05,63.288
1943-08-06,33.935
1943-08-07,23.095
1943-08-08,29.72
1943-08-09,51.64
1943-08-10,44.973
1943-08-11,47.982
1943-08-12,107.435
1943-08-13,70.858
1943-08-14,51.623
1943-08-15,42.722
1943-08-16,26.678
1943-08-17,29.581
1943-08-18,38.561
1943-08-19,47.97
1943-08-20,36.858
1943-08-21,59.869
1943-08-22,50.251
1943-08-23,38.341
1943-08-24,30.713
1943-08-25,35.055
1943-08-26,66.603
1943-08-27,59.376
1943-08-28,76.597
1943-08-29,117.877
1943-08-30,116.714
1943-08-31,79.179
1943-09-01,111.068
1943-09-02,82.892
1943-09-03,139.096
1943-09-04,114.503
1943-09-05,46.005
1943-09-06,50.554
1943-09-07,47.789
1943-09-08,66.455
1943-09-09,108.821
1943-09-10,134.447
1943-09-11,82.422
1943-09-12,57.88
1943-09-13,118.021
1943-09-14,130.019
1943-09-15,78.868
1943-09-16,71.925
1943-09-17,139.998
1943-09-18,164.943
1943-09-19,215.942
1943-09-20,266.544
1943-09-21,194.56
1943-09-22,170.84
1943-09-23,126.699
1943-09-24,103.223
1943-09-25,115.584
1943-09-26,154.499
1943-09-27,173.954
1943-09-28,164.222
1943-09-29,153.603
1943-09-30,125.555
1943-10-01,123.821
1943-10-02,154.592
1943-10-03,142.998
1943-10-04,216.44
1943-10-05,239.5
1943-10-06,196.617
1943-10-07,149.161
1943-10-08,133.545
1943-10-09,143.973
1943-10-10,172.759
1943-10-11,240.715
1943-10-12,245.721
1943-10-13,261.022
1943-10-14,226.153
1943-10-15,138.942
1943-10-16,120.463
1943-10-17,158.564
1943-10-18,195.504
1943-10-19,187.02
1943-10-20,101.616
1943-10-21,89.466
1943-10-22,89.12
1943-10-23,140.329
1943-10-24,168.713
1943-10-25,179.401
1943-10-26,176.276
1943-10-27,133.502
1943-10-28,66.713
1943-10-29,40.792
1943-10-30,32.222
1943-10-31,33.429
1943-11-01,34.097
1943-11-02,36.048
1943-11-03,44.21
1943-11-04,47.474
1943-11-05,60.614
1943-11-06,82.94
1943-11-07,54.513
1943-11-08,38.864
1943-11-09,33.449
1943-11-10,34.632
1943-11-11,32.933
1943-11-12,52.205
1943-11-13,47.83
1943-11-14,67.612
1943-11-15,62.047
1943-11-16,48.104
1943-11-17,116.714
1943-11-18,140.835
1943-11-19,78.873
1943-11-20,74.41
1943-11-21,106.32
1943-11-22,112.989
1943-11-23,77.299
1943-11-24,107.56
1943-11-25,92.632
1943-11-26,85.766
1943-11-27,89.775
1943-11-28,72.933
1943-11-29,43.99
1943-11-30,37.734
1943-12-01,69.808
1943-12-02,73.105
1943-12-03,65.512
1943-12-04,66.119
1943-12-05,49.556
1943-12-06,38.165
1943-12-07,35.182
1943-12-08,39.371
1943-12-09,61.86
1943-12-10,84.287
1943-12-11,87.468
1943-12-12,54.184
1943-12-13,35.628
1943-12-14,30.385
1943-12-15,23.461
1943-12-16,22.442
1943-12-17,22.077
1943-12-18,21.858
1943-12-19,21.59
1943-12-20,21.522
1943-12-21,21.516
1943-12-22,21.892
1943-12-23,21.4
1943-12-24,20.418
1943-12-25,19.938
1943-12-26,19.896
1943-12-27,19.327
1943-12-28,18.772
1943-12-29,18.387
1943-12-30,18.102
1943-12-31,17.987
1944-01-01,17.745
1944-01-02,17.782
1944-01-03,17.649
1944-01-04,17.097
1944-01-05,18.835
1944-01-06,19.184
1944-01-07,18.925
1944-01-08,19.006
1944-01-09,18.596
1944-01-10,17.897
1944-01-11,17.241
1944-01-12,16.88
1944-01-13,16.439
1944-01-14,16.067
1944-01-15,15.742
1944-01-16,15.399
1944-01-17,14.985
1944-01-18,14.775
1944-01-19,15.32
1944-01-20,17.445
1944-01-21,22.761
1944-01-22,26.473
1944-01-23,27.798
1944-01-24,27.425
1944-01-25,25.128
1944-01-26,32.213
1944-01-27,30.726
1944-01-28,24.261
1944-01-29,18.298
1944-01-30,18.377
1944-01-31,15.874
1944-02-01,14.745
1944-02-02,14.442
1944-02-03,13.984
1944-02-04,13.415
1944-02-05,12.572
1944-02-06,11.72
1944-02-07,11.073
1944-02-08,11.091
1944-02-09,10.877
1944-02-10,10.492
1944-02-11,12.408
1944-02-12,13.511
1944-02-13,11.249
1944-02-14,9.944
1944-02-15,9.644
1944-02-16,9.484
1944-02-17,9.303
1944-02-18,9.228
1944-02-19,9.38
1944-02-20,9.594
1944-02-21,9.747
1944-02-22,9.846
1944-02-23,9.485
1944-02-24,9.174
1944-02-25,8.901
1944-02-26,9.47
1944-02-27,10.171
1944-02-28,9.835
1944-02-29,8.918
1944-03-01,8.243
1944-03-02,7.618
1944-03-03,7.459
1944-03-04,7.342
1944-03-05,7.232
1944-03-06,7.16
1944-03-07,7.205
1944-03-08,7.922
1944-03-09,8.832
1944-03-10,8.97
1944-03-11,8.882
1944-03-12,9.589
1944-03-13,11.243
1944-03-14,9.858
1944-03-15,9.572
1944-03-16,8.259
1944-03-17,7.94
1944-03-18,7.073
1944-03-19,6.435
1944-03-20,6.426
1944-03-21,6.792
1944-03-22,6.562
1944-03-23,7.415
1944-03-24,7.041
1944-03-25,6.492
1944-03-26,6.153
1944-03-27,5.761
1944-03-28,6.203
1944-03-29,6.372
1944-03-30,6.024
1944-03-31,6.115
1944-04-01,6.91
1944-04-02,6.83
1944-04-03,6.736
1944-04-04,7.64
1944-04-05,9.86
1944-04-06,11.941
1944-04-07,17.15
1944-04-08,17.876
1944-04-09,28.369
1944-04-10,28.319
1944-04-11,15.241
1944-04-12,14.087
1944-04-13,11.142
1944-04-14,5.963
1944-04-15,5.295
1944-04-16,5.318
1944-04-17,5.101
1944-04-18,5.112
1944-04-19,5.126
1944-04-20,6.063
1944-04-21,6.865
1944-04-22,7.206
1944-04-23,6.349
1944-04-24,6.575
1944-04-25,6.803
1944-04-26,7.598
1944-04-27,14.802
1944-04-28,38.454
1944-04-29,69.458
1944-04-30,96.823
1944-05-01,95.551
1944-05-02,82.696
1944-05-03,100.196
1944-05-04,110.525
1944-05-05,78.789
1944-05-06,78.165
1944-05-07,143.583
1944-05-08,164.089
1944-05-09,164.161
1944-05-10,235.648
1944-05-11,310.526
1944-05-12,295.672
1944-05-13,261.556
1944-05-14,201.668
1944-05-15,156.259
1944-05-16,139.09
1944-05-17,123.937
1944-05-18,139.377
1944-05-19,96.908
1944-05-20,56.334
1944-05-21,19.595
1944-05-22,17.226
1944-05-23,28.511
1944-05-24,19.244
1944-05-25,9.678
1944-05-26,7.519
1944-05-27,6.968
1944-05-28,6.17
1944-05-29,7.021
1944-05-30,10.648
1944-05-31,17.795
1944-06-01,23.65
1944-06-02,69.995
1944-06-03,68.136
1944-06-04,58.121
1944-06-05,71.171
1944-06-06,54.897
1944-06-07,97.005
1944-06-08,135.344
1944-06-09,92.7
1944-06-10,34.451
1944-06-11,15.212
1944-06-12,7.993
1944-06-13,9.012
1944-06-14,15.024
1944-06-15,13.58
1944-06-16,8.684
1944-06-17,9.221
1944-06-18,8.227
1944-06-19,7.915
1944-06-20,7.436
1944-06-21,7.056
1944-06-22,8.053
1944-06-23,8.183
1944-06-24,7.195
1944-06-25,6.695
1944-06-26,6.499
1944-06-27,7.135
1944-06-28,8.799
1944-06-29,9.282
1944-06-30,11.467
1944-07-01,16.375
1944-07-02,39.915
1944-07-03,31.452
1944-07-04,21.167
1944-07-05,26.056
1944-07-06,19.797
1944-07-07,19.8
1944-07-08,13.869
1944-07-09,6.493
1944-07-10,5.701
1944-07-11,5.598
1944-07-12,5.562
1944-07-13,5.66
1944-07-14,5.716
1944-07-15,5.571
1944-07-16,5.444
1944-07-17,5.692
1944-07-18,6.542
1944-07-19,6.594
1944-07-20,7.008
1944-07-21,7.11
1944-07-22,6.988
1944-07-23,6.745
1944-07-24,13.043
1944-07-25,29.325
1944-07-26,18.774
1944-07-27,14.602
1944-07-28,15.398
1944-07-29,7.428
1944-07-30,5.892
1944-07-31,6.05
1944-08-01,23.894
1944-08-02,29.07
1944-08-03,36.27
1944-08-04,19.006
1944-08-05,40.005
1944-08-06,43.611
1944-08-07,31.976
1944-08-08,23.401
1944-08-09,13.315
1944-08-10,8.517
1944-08-11,5.72
1944-08-12,5.675
1944-08-13,32.125
1944-08-14,16.77
1944-08-15,10.898
1944-08-16,9.808
1944-08-17,12.321
1944-08-18,8.168
1944-08-19,10.926
1944-08-20,27.16
1944-08-21,15.202
1944-08-22,8.431
1944-08-23,35.325
1944-08-24,39.067
1944-08-25,42.878
1944-08-26,70.561
1944-08-27,59.009
1944-08-28,64.562
1944-08-29,58.963
1944-08-30,26.16
1944-08-31,10.176
1944-09-01,12.437
1944-09-02,13.942
1944-09-03,7.728
1944-09-04,5.832
1944-09-05,4.989
1944-09-06,5.897
1944-09-07,7.0
1944-09-08,19.53
1944-09-09,22.827
1944-09-10,30.036
1944-09-11,55.027
1944-09-12,45.758
1944-09-13,49.342
1944-09-14,31.402
1944-09-15,6.61
1944-09-16,5.813
1944-09-17,5.879
1944-09-18,8.236
1944-09-19,13.753
1944-09-20,9.105
1944-09-21,6.782
1944-09-22,9.749
1944-09-23,6.759
1944-09-24,33.211
1944-09-25,63.917
1944-09-26,30.97
1944-09-27,29.335
1944-09-28,59.82
1944-09-29,80.711
1944-09-30,109.354
1944-10-01,169.335
1944-10-02,172.562
1944-10-03,94.817
1944-10-04,44.561
1944-10-05,19.293
1944-10-06,8.098
1944-10-07,21.915
1944-10-08,43.779
1944-10-09,27.568
1944-10-10,43.086
1944-10-11,29.483
1944-10-12,31.237
1944-10-13,23.831
1944-10-14,14.051
1944-10-15,10.645
1944-10-16,25.921
1944-10-17,37.838
1944-10-18,25.75
1944-10-19,26.99
1944-10-20,18.6
1944-10-21,27.412
1944-10-22,49.038
1944-10-23,53.597
1944-10-24,35.814
1944-10-25,30.675
1944-10-26,76.548
1944-10-27,142.001
1944-10-28,95.84
1944-10-29,61.298
1944-10-30,58.796
1944-10-31,79.445
1944-11-01,75.331
1944-11-02,80.992
1944-11-03,86.569
1944-11-04,57.535
1944-11-05,34.819
1944-11-06,27.687
1944-11-07,30.359
1944-11-08,26.915
1944-11-09,48.937
1944-11-10,48.89
1944-11-11,50.84
1944-11-12,45.077
1944-11-13,44.683
1944-11-14,47.998
1944-11-15,44.737
1944-11-16,29.468
1944-11-17,18.826
1944-11-18,15.719
1944-11-19,19.221
1944-11-20,32.323
1944-11-21,28.882
1944-11-22,25.122
1944-11-23,29.368
1944-11-24,38.344
1944-11-25,74.394
1944-11-26,98.793
1944-11-27,100.224
1944-11-28,91.142
1944-11-29,61.566
1944-11-30,60.878
1944-12-01,48.908
1944-12-02,55.83
1944-12-03,32.869
1944-12-04,19.595
1944-12-05,20.443
1944-12-06,16.58
1944-12-07,20.262
1944-12-08,19.291
1944-12-09,18.208
1944-12-10,19.748
1944-12-11,17.892
1944-12-12,22.769
1944-12-13,31.54
1944-12-14,31.922
1944-12-15,38.872
1944-12-16,49.368
1944-12-17,53.746
1944-12-18,45.199
1944-12-19,42.284
1944-12-20,52.425
1944-12-21,88.042
1944-12-22,111.44
1944-12-23,123.293
1944-12-24,126.42
1944-12-25,74.312
1944-12-26,94.134
1944-12-27,116.772
1944-12-28,88.05
1944-12-29,57.663
1944-12-30,58.054
1944-12-31,41.115
1945-01-01,21.461
1945-01-02,19.22
1945-01-03,19.275
1945-01-04,19.315
1945-01-05,19.11
1945-01-06,18.56
1945-01-07,17.919
1945-01-08,17.576
1945-01-09,17.176
1945-01-10,16.91
1945-01-11,16.834
1945-01-12,17.166
1945-01-13,16.298
1945-01-14,15.945
1945-01-15,16.99
1945-01-16,20.419
1945-01-17,18.365
1945-01-18,16.728
1945-01-19,15.323
1945-01-20,14.117
1945-01-21,13.616
1945-01-22,13.286
1945-01-23,13.049
1945-01-24,12.907
1945-01-25,12.92
1945-01-26,12.987
1945-01-27,13.1
1945-01-28,13.211
1945-01-29,12.675
1945-01-30,12.055
1945-01-31,11.732
1945-02-01,12.135
1945-02-02,14.734
1945-02-03,15.99
1945-02-04,16.465
1945-02-05,18.008
1945-02-06,23.845
1945-02-07,24.272
1945-02-08,17.521
1945-02-09,10.329
1945-02-10,10.132
1945-02-11,13.154
1945-02-12,13.694
1945-02-13,15.166
1945-02-14,17.143
1945-02-15,14.648
1945-02-16,11.645
1945-02-17,10.894
1945-02-18,11.22
1945-02-19,13.922
1945-02-20,12.811
1945-02-21,9.061
1945-02-22,8.807
1945-02-23,8.95
1945-02-24,8.778
1945-02-25,8.18
1945-02-26,8.525
1945-02-27,12.904
1945-02-28,28.882
1945-03-01,36.329
1945-03-02,22.018
1945-03-03,21.068
1945-03-04,30.687
1945-03-05,31.126
1945-03-06,36.007
1945-03-07,34.592
1945-03-08,19.72
1945-03-09,10.868
1945-03-10,8.672
1945-03-11,8.62
1945-03-12,9.349
1945-03-13,10.896
1945-03-14,14.555
1945-03-15,17.666
1945-03-16,19.49
1945-03-17,39.459
1945-03-18,39.26
1945-03-19,33.859
1945-03-20,18.173
1945-03-21,9.044
1945-03-22,7.866
1945-03-23,7.931
1945-03-24,9.645
1945-03-25,15.192
1945-03-26,42.734
1945-03-27,115.297
1945-03-28,131.237
1945-03-29,101.998
1945-03-30,45.71
1945-03-31,30.382
1945-04-01,21.91
1945-04-02,15.1
1945-04-03,28.1
1945-04-04,38.592
1945-04-05,24.282
1945-04-06,23.216
1945-04-07,41.412
1945-04-08,41.66
1945-04-09,20.183
1945-04-10,23.035
1945-04-11,31.787
1945-04-12,47.408
1945-04-13,31.15
1945-04-14,14.899
1945-04-15,10.659
1945-04-16,20.113
1945-04-17,46.442
1945-04-18,53.182
1945-04-19,46.331
1945-04-20,22.558
1945-04-21,12.729
1945-04-22,49.806
1945-04-23,60.572
1945-04-24,55.792
1945-04-25,62.366
1945-04-26,78.364
1945-04-27,92.974
1945-04-28,66.939
1945-04-29,26.24
1945-04-30,15.169
1945-05-01,12.634
1945-05-02,34.365
1945-05-03,126.744
1945-05-04,124.279
1945-05-05,81.877
1945-05-06,70.28
1945-05-07,69.098
1945-05-08,56.427
1945-05-09,58.232
1945-05-10,46.671
1945-05-11,43.944
1945-05-12,59.944
1945-05-13,108.939
1945-05-14,143.647
1945-05-15,95.54
1945-05-16,72.68
1945-05-17,96.94
1945-05-18,75.803
1945-05-19,67.512
1945-05-20,102.89
1945-05-21,127.867
1945-05-22,104.552
1945-05-23,61.475
1945-05-24,49.375
1945-05-25,71.098
1945-05-26,65.057
1945-05-27,87.017
1945-05-28,99.727
1945-05-29,97.365
1945-05-30,79.705
1945-05-31,49.695
1945-06-01,86.572
1945-06-02,76.272
1945-06-03,70.208
1945-06-04,71.612
1945-06-05,52.873
1945-06-06,84.398
1945-06-07,81.667
1945-06-08,53.768
1945-06-09,32.14
1945-06-10,22.739
1945-06-11,20.431
1945-06-12,19.722
1945-06-13,19.487
1945-06-14,21.564
1945-06-15,20.749
1945-06-16,37.008
1945-06-17,23.762
1945-06-18,19.27
1945-06-19,19.143
1945-06-20,19.965
1945-06-21,35.248
1945-06-22,55.152
1945-06-23,40.307
1945-06-24,25.369
1945-06-25,20.649
1945-06-26,19.274
1945-06-27,19.821
1945-06-28,52.518
1945-06-29,40.208
1945-06-30,25.688
1945-07-01,18.785
1945-07-02,17.496
1945-07-03,21.461
1945-07-04,20.663
1945-07-05,30.62
1945-07-06,29.417
1945-07-07,62.027
1945-07-08,32.695
1945-07-09,19.717
1945-07-10,31.918
1945-07-11,25.703
1945-07-12,19.48
1945-07-13,17.527
1945-07-14,17.194
1945-07-15,15.999
1945-07-16,15.962
1945-07-17,16.159
1945-07-18,15.985
1945-07-19,16.161
1945-07-20,16.048
1945-07-21,16.615
1945-07-22,21.892
1945-07-23,18.901
1945-07-24,16.522
1945-07-25,14.354
1945-07-26,13.799
1945-07-27,13.129
1945-07-28,13.457
1945-07-29,13.942
1945-07-30,31.071
1945-07-31,41.586
1945-08-01,20.305
1945-08-02,13.759
1945-08-03,12.801
1945-08-04,12.63
1945-08-05,12.721
1945-08-06,12.737
1945-08-07,14.647
1945-08-08,23.152
1945-08-09,21.848
1945-08-10,29.785
1945-08-11,21.178
1945-08-12,18.472
1945-08-13,47.978
1945-08-14,69.649
1945-08-15,70.819
1945-08-16,78.108
1945-08-17,53.284
1945-08-18,31.462
1945-08-19,31.69
1945-08-20,38.634
1945-08-21,32.922
1945-08-22,25.887
1945-08-23,33.793
1945-08-24,43.288
1945-08-25,54.157
1945-08-26,43.104
1945-08-27,43.59
1945-08-28,36.378
1945-08-29,22.555
1945-08-30,37.296
1945-08-31,57.184
1945-09-01,54.154
1945-09-02,50.668
1945-09-03,49.491
1945-09-04,34.365
1945-09-05,46.66
1945-09-06,59.309
1945-09-07,49.077
1945-09-08,44.391
1945-09-09,31.196
1945-09-10,49.405
1945-09-11,40.308
1945-09-12,18.544
1945-09-13,33.312
1945-09-14,37.613
1945-09-15,42.625
1945-09-16,77.377
1945-09-17,70.087
1945-09-18,59.546
1945-09-19,66.754
1945-09-20,33.554
1945-09-21,24.572
1945-09-22,49.214
1945-09-23,66.399
1945-09-24,47.135
1945-09-25,38.856
1945-09-26,82.653
1945-09-27,80.587
1945-09-28,112.632
1945-09-29,63.839
1945-09-30,61.195
1945-10-01,78.848
1945-10-02,42.742
1945-10-03,26.037
1945-10-04,25.28
1945-10-05,19.312
1945-10-06,15.361
1945-10-07,15.052
1945-10-08,15.044
1945-10-09,15.033
1945-10-10,15.628
1945-10-11,16.674
1945-10-12,31.484
1945-10-13,40.292
1945-10-14,43.978
1945-10-15,44.015
1945-10-16,49.525
1945-10-17,82.081
1945-10-18,64.795
1945-10-19,78.883
1945-10-20,90.183
1945-10-21,92.325
1945-10-22,102.185
1945-10-23,103.285
1945-10-24,91.65
1945-10-25,106.725
1945-10-26,114.119
1945-10-27,85.102
1945-10-28,86.995
1945-10-29,101.844
1945-10-30,95.786
1945-10-31,115.608
1945-11-01,91.974
1945-11-02,49.829
1945-11-03,32.14
1945-11-04,37.563
1945-11-05,48.245
1945-11-06,61.825
1945-11-07,34.821
1945-11-08,31.566
1945-11-09,26.433
1945-11-10,24.504
1945-11-11,23.557
1945-11-12,26.995
1945-11-13,26.183
1945-11-14,47.575
1945-11-15,50.098
1945-11-16,45.828
1945-11-17,35.434
1945-11-18,45.332
1945-11-19,43.946
1945-11-20,36.122
1945-11-21,22.087
1945-11-22,24.157
1945-11-23,27.636
1945-11-24,42.628
1945-11-25,29.866
1945-11-26,19.258
1945-11-27,24.411
1945-11-28,35.038
1945-11-29,53.792
1945-11-30,74.187
1945-12-01,112.247
1945-12-02,92.74
1945-12-03,122.444
1945-12-04,149.841
1945-12-05,161.77
1945-12-06,173.644
1945-12-07,100.418
1945-12-08,48.176
1945-12-09,32.55
1945-12-10,25.349
1945-12-11,32.93
1945-12-12,46.265
1945-12-13,49.432
1945-12-14,35.387
1945-12-15,23.21
1945-12-16,21.594
1945-12-17,21.561
1945-12-18,21.437
1945-12-19,21.213
1945-12-20,20.729
1945-12-21,20.11
1945-12-22,26.592
1945-12-23,27.885
1945-12-24,20.295
1945-12-25,18.14
1945-12-26,17.63
1945-12-27,17.24
1945-12-28,16.901
1945-12-29,16.55
1945-12-30,16.568
1945-12-31,16.592
1946-01-01,16.482
1946-01-02,16.737
1946-01-03,16.025
1946-01-04,14.954
1946-01-05,14.612
1946-01-06,16.383
1946-01-07,22.086
1946-01-08,35.546
1946-01-09,46.875
1946-01-10,32.398
1946-01-11,24.864
1946-01-12,23.752
1946-01-13,13.88
1946-01-14,12.51
1946-01-15,12.314
1946-01-16,11.87
1946-01-17,11.466
1946-01-18,11.228
1946-01-19,11.005
1946-01-20,10.805
1946-01-21,10.607
1946-01-22,10.407
1946-01-23,10.24
1946-01-24,10.012
1946-01-25,9.82
1946-01-26,9.757
1946-01-27,9.914
1946-01-28,9.808
1946-01-29,9.57
1946-01-30,10.091
1946-01-31,10.548
1946-02-01,10.098
1946-02-02,10.019
1946-02-03,9.76
1946-02-04,9.075
1946-02-05,8.554
1946-02-06,8.213
1946-02-07,7.927
1946-02-08,8.035
1946-02-09,8.279
1946-02-10,8.348
1946-02-11,8.033
1946-02-12,7.589
1946-02-13,7.601
1946-02-14,7.832
1946-02-15,8.917
1946-02-16,7.923
1946-02-17,7.108
1946-02-18,7.603
1946-02-19,7.465
1946-02-20,7.255
1946-02-21,7.062
1946-02-22,6.68
1946-02-23,6.449
1946-02-24,6.17
1946-02-25,6.114
1946-02-26,5.924
1946-02-27,5.859
1946-02-28,6.036
1946-03-01,6.482
1946-03-02,6.622
1946-03-03,6.954
1946-03-04,6.765
1946-03-05,6.125
1946-03-06,5.703
1946-03-07,5.94
1946-03-08,6.221
1946-03-09,5.998
1946-03-10,6.0
1946-03-11,5.665
1946-03-12,5.47
1946-03-13,5.671
1946-03-14,5.577
1946-03-15,5.167
1946-03-16,4.918
1946-03-17,4.62
1946-03-18,4.758
1946-03-19,4.647
1946-03-20,4.803
1946-03-21,4.854
1946-03-22,4.768
1946-03-23,4.547
1946-03-24,4.439
1946-03-25,4.7
1946-03-26,4.514
1946-03-27,4.422
1946-03-28,4.368
1946-03-29,4.35
1946-03-30,4.295
1946-03-31,4.188
1946-04-01,4.161
1946-04-02,4.072
1946-04-03,4.099
1946-04-04,4.982
1946-04-05,5.507
1946-04-06,7.759
1946-04-07,8.349
1946-04-08,9.574
1946-04-09,14.618
1946-04-10,14.594
1946-04-11,11.523
1946-04-12,11.566
1946-04-13,11.447
1946-04-14,16.588
1946-04-15,39.306
1946-04-16,70.509
1946-04-17,36.96
1946-04-18,62.042
1946-04-19,99.237
1946-04-20,112.18
1946-04-21,126.132
1946-04-22,106.659
1946-04-23,110.483
1946-04-24,76.546
1946-04-25,88.26
1946-04-26,86.9
1946-04-27,57.878
1946-04-28,42.298
1946-04-29,24.524
1946-04-30,56.347
1946-05-01,62.283
1946-05-02,111.347
1946-05-03,112.292
1946-05-04,115.911
1946-05-05,107.422
1946-05-06,74.834
1946-05-07,38.029
1946-05-08,13.871
1946-05-09,20.309
1946-05-10,19.071
1946-05-11,16.505
1946-05-12,33.45
1946-05-13,75.413
1946-05-14,90.942
1946-05-15,67.08
1946-05-16,35.918
1946-05-17,39.353
1946-05-18,49.923
1946-05-19,69.508
1946-05-20,131.932
1946-05-21,142.792
1946-05-22,127.385
1946-05-23,134.088
1946-05-24,80.971
1946-05-25,35.832
1946-05-26,44.252
1946-05-27,53.562
1946-05-28,36.258
1946-05-29,31.013
1946-05-30,21.759
1946-05-31,37.048
1946-06-01,49.818
1946-06-02,86.079
1946-06-03,75.801
1946-06-04,74.089
1946-06-05,49.743
1946-06-06,28.058
1946-06-07,19.115
1946-06-08,25.247
1946-06-09,50.712
1946-06-10,51.761
1946-06-11,49.433
1946-06-12,75.516
1946-06-13,116.069
1946-06-14,70.84
1946-06-15,37.472
1946-06-16,24.772
1946-06-17,39.516
1946-06-18,35.653
1946-06-19,35.112
1946-06-20,20.611
1946-06-21,19.884
1946-06-22,23.452
1946-06-23,35.152
1946-06-24,45.408
1946-06-25,44.419
1946-06-26,40.111
1946-06-27,25.19
1946-06-28,38.021
1946-06-29,44.43
1946-06-30,28.22
1946-07-01,30.06
1946-07-02,30.142
1946-07-03,28.377
1946-07-04,26.024
1946-07-05,29.149
1946-07-06,48.788
1946-07-07,49.242
1946-07-08,19.322
1946-07-09,46.862
1946-07-10,32.339
1946-07-11,29.877
1946-07-12,58.569
1946-07-13,60.407
1946-07-14,46.02
1946-07-15,46.41
1946-07-16,35.614
1946-07-17,22.544
1946-07-18,21.456
1946-07-19,31.079
1946-07-20,19.672
1946-07-21,15.155
1946-07-22,17.492
1946-07-23,18.632
1946-07-24,23.423
1946-07-25,17.955
1946-07-26,14.235
1946-07-27,14.209
1946-07-28,22.055
1946-07-29,17.83
1946-07-30,18.892
1946-07-31,23.408
1946-08-01,58.94
1946-08-02,63.051
1946-08-03,73.115
1946-08-04,37.139
1946-08-05,17.163
1946-08-06,16.299
1946-08-07,13.495
1946-08-08,13.215
1946-08-09,29.85
1946-08-10,27.707
1946-08-11,43.128
1946-08-12,54.464
1946-08-13,55.138
1946-08-14,74.833
1946-08-15,65.16
1946-08-16,47.35
1946-08-17,25.937
1946-08-18,17.919
1946-08-19,15.688
1946-08-20,17.283
1946-08-21,25.505
1946-08-22,29.964
1946-08-23,26.213
1946-08-24,27.15
1946-08-25,44.245
1946-08-26,41.059
1946-08-27,22.029
1946-08-28,35.191
1946-08-29,23.398
1946-08-30,15.382
1946-08-31,35.752
1946-09-01,73.101
1946-09-02,83.292
1946-09-03,85.651
1946-09-04,103.888
1946-09-05,132.358
1946-09-06,67.511
1946-09-07,59.294
1946-09-08,86.374
1946-09-09,129.353
1946-09-10,104.888
1946-09-11,91.88
1946-09-12,112.136
1946-09-13,128.011
1946-09-14,167.203
1946-09-15,150.612
1946-09-16,115.209
1946-09-17,115.43
1946-09-18,114.062
1946-09-19,92.625
1946-09-20,108.276
1946-09-21,105.72
1946-09-22,110.766
1946-09-23,140.133
1946-09-24,141.04
1946-09-25,85.435
1946-09-26,48.054
1946-09-27,32.158
1946-09-28,26.451
1946-09-29,34.69
1946-09-30,59.175
1946-10-01,54.177
1946-10-02,64.962
1946-10-03,79.993
1946-10-04,169.608
1946-10-05,159.976
1946-10-06,179.48
1946-10-07,213.387
1946-10-08,237.561
1946-10-09,231.018
1946-10-10,261.022
1946-10-11,254.981
1946-10-12,184.952
1946-10-13,180.75
1946-10-14,210.373
1946-10-15,248.915
1946-10-16,213.523
1946-10-17,244.223
1946-10-18,246.898
1946-10-19,196.73
1946-10-20,195.427
1946-10-21,184.044
1946-10-22,216.284
1946-10-23,236.826
1946-10-24,278.907
1946-10-25,322.848
1946-10-26,289.701
1946-10-27,246.321
1946-10-28,166.579
1946-10-29,141.598
1946-10-30,150.156
1946-10-31,128.985
1946-11-01,132.113
1946-11-02,166.01
1946-11-03,157.358
1946-11-04,166.065
1946-11-05,195.761
1946-11-06,210.143
1946-11-07,203.864
1946-11-08,263.782
1946-11-09,277.189
1946-11-10,318.954
1946-11-11,318.73
1946-11-12,267.666
1946-11-13,262.954
1946-11-14,346.702
1946-11-15,320.821
1946-11-16,294.02
1946-11-17,188.764
1946-11-18,205.28
1946-11-19,304.904
1946-11-20,245.752
1946-11-21,247.624
1946-11-22,233.753
1946-11-23,181.222
1946-11-24,206.714
1946-11-25,194.585
1946-11-26,154.459
1946-11-27,128.898
1946-11-28,132.362
1946-11-29,145.108
1946-11-30,149.636
1946-12-01,139.616
1946-12-02,133.178
1946-12-03,108.737
1946-12-04,127.441
1946-12-05,179.878
1946-12-06,163.706
1946-12-07,132.195
1946-12-08,100.735
1946-12-09,104.944
1946-12-10,87.447
1946-12-11,100.997
1946-12-12,102.276
1946-12-13,95.178
1946-12-14,87.398
1946-12-15,87.447
1946-12-16,98.358
1946-12-17,106.125
1946-12-18,94.044
1946-12-19,71.473
1946-12-20,72.116
1946-12-21,66.945
1946-12-22,65.743
1946-12-23,65.755
1946-12-24,69.492
1946-12-25,73.835
1946-12-26,66.242
1946-12-27,57.979
1946-12-28,56.692
1946-12-29,57.666
1946-12-30,60.415
1946-12-31,63.078
1947-01-01,56.098
1947-01-02,50.676
1947-01-03,50.15
1947-01-04,48.28
1947-01-05,46.462
1947-01-06,46.2
1947-01-07,45.936
1947-01-08,46.851
1947-01-09,52.618
1947-01-10,67.192
1947-01-11,89.604
1947-01-12,83.224
1947-01-13,60.597
1947-01-14,66.992
1947-01-15,76.651
1947-01-16,103.734
1947-01-17,107.204
1947-01-18,126.975
1947-01-19,155.763
1947-01-20,145.809
1947-01-21,150.513
1947-01-22,131.778
1947-01-23,134.281
1947-01-24,124.987
1947-01-25,161.596
1947-01-26,84.034
1947-01-27,47.794
1947-01-28,42.528
1947-01-29,40.82
1947-01-30,39.235
1947-01-31,38.52
1947-02-01,38.053
1947-02-02,37.813
1947-02-03,37.955
1947-02-04,38.695
1947-02-05,45.752
1947-02-06,72.498
1947-02-07,66.351
1947-02-08,59.402
1947-02-09,54.617
1947-02-10,82.181
1947-02-11,114.715
1947-02-12,95.48
1947-02-13,141.838
1947-02-14,215.075
1947-02-15,193.525
1947-02-16,216.063
1947-02-17,212.087
1947-02-18,138.591
1947-02-19,139.572
1947-02-20,189.121
1947-02-21,157.196
1947-02-22,131.234
1947-02-23,109.068
1947-02-24,85.339
1947-02-25,71.503
1947-02-26,125.014
1947-02-27,213.614
1947-02-28,212.787
1947-03-01,192.131
1947-03-02,277.078
1947-03-03,298.43
1947-03-04,269.983
1947-03-05,274.228
1947-03-06,199.006
1947-03-07,145.14
1947-03-08,114.491
1947-03-09,119.33
1947-03-10,111.79
1947-03-11,104.668
1947-03-12,105.636
1947-03-13,116.296
1947-03-14,156.96
1947-03-15,181.619
1947-03-16,163.485
1947-03-17,186.93
1947-03-18,172.07
1947-03-19,216.467
1947-03-20,230.052
1947-03-21,235.087
1947-03-22,271.932
1947-03-23,199.321
1947-03-24,228.271
1947-03-25,241.149
1947-03-26,256.069
1947-03-27,297.529
1947-03-28,373.01
1947-03-29,355.526
1947-03-30,307.382
1947-03-31,290.238
1947-04-01,280.458
1947-04-02,230.471
1947-04-03,274.302
1947-04-04,242.899
1947-04-05,202.802
1947-04-06,186.818
1947-04-07,178.482
1947-04-08,175.074
1947-04-09,164.688
1947-04-10,150.64
1947-04-11,153.32
1947-04-12,130.693
1947-04-13,150.312
1947-04-14,194.747
1947-04-15,190.075
1947-04-16,188.776
1947-04-17,212.381
1947-04-18,233.234
1947-04-19,231.515
1947-04-20,216.599
1947-04-21,181.886
1947-04-22,174.985
1947-04-23,190.506
1947-04-24,195.651
1947-04-25,240.001
1947-04-26,258.182
1947-04-27,223.39
1947-04-28,215.19
1947-04-29,181.737
1947-04-30,231.411
1947-05-01,246.108
1947-05-02,234.287
1947-05-03,201.3
1947-05-04,220.726
1947-05-05,296.175
1947-05-06,294.973
1947-05-07,319.549
1947-05-08,298.815
1947-05-09,282.48
1947-05-10,276.894
1947-05-11,265.956
1947-05-12,289.412
1947-05-13,297.866
1947-05-14,285.478
1947-05-15,268.919
1947-05-16,337.212
1947-05-17,335.232
1947-05-18,417.125
1947-05-19,366.256
1947-05-20,322.715
1947-05-21,263.749
1947-05-22,289.355
1947-05-23,299.135
1947-05-24,325.682
1947-05-25,295.649
1947-05-26,343.622
1947-05-27,357.081
1947-05-28,310.869
1947-05-29,252.726
1947-05-30,232.313
1947-05-31,218.597
1947-06-01,233.053
1947-06-02,218.114
1947-06-03,216.976
1947-06-04,205.619
1947-06-05,189.607
1947-06-06,161.892
1947-06-07,187.487
1947-06-08,166.387
1947-06-09,154.323
1947-06-10,166.606
1947-06-11,157.283
1947-06-12,174.574
1947-06-13,208.735
1947-06-14,163.847
1947-06-15,130.31
1947-06-16,113.8
1947-06-17,114.455
1947-06-18,126.197
1947-06-19,118.506
1947-06-20,115.19
1947-06-21,103.438
1947-06-22,93.61
1947-06-23,89.545
1947-06-24,87.741
1947-06-25,89.132
1947-06-26,93.696
1947-06-27,87.939
1947-06-28,84.318
1947-06-29,78.743
1947-06-30,75.872
1947-07-01,73.831
1947-07-02,72.062
1947-07-03,75.433
1947-07-04,77.615
1947-07-05,73.017
1947-07-06,71.142
1947-07-07,78.041
1947-07-08,82.95
1947-07-09,71.559
1947-07-10,77.457
1947-07-11,79.224
1947-07-12,70.677
1947-07-13,67.495
1947-07-14,76.628
1947-07-15,99.669
1947-07-16,118.428
1947-07-17,132.61
1947-07-18,100.813
1947-07-19,92.055
1947-07-20,104.902
1947-07-21,89.708
1947-07-22,89.667
1947-07-23,83.825
1947-07-24,73.413
1947-07-25,63.394
1947-07-26,51.715
1947-07-27,45.681
1947-07-28,54.151
1947-07-29,49.088
1947-07-30,46.44
1947-07-31,44.421
1947-08-01,44.442
1947-08-02,45.627
1947-08-03,49.86
1947-08-04,51.58
1947-08-05,49.66
1947-08-06,61.296
1947-08-07,80.468
1947-08-08,73.34
1947-08-09,54.317
1947-08-10,44.49
1947-08-11,40.391
1947-08-12,43.328
1947-08-13,61.699
1947-08-14,85.288
1947-08-15,88.63
1947-08-16,75.802
1947-08-17,72.03
1947-08-18,56.282
1947-08-19,59.868
1947-08-20,53.686
1947-08-21,74.819
1947-08-22,130.188
1947-08-23,69.728
1947-08-24,92.393
1947-08-25,103.324
1947-08-26,90.344
1947-08-27,103.57
1947-08-28,129.77
1947-08-29,129.607
1947-08-30,108.255
1947-08-31,99.054
1947-09-01,108.198
1947-09-02,175.984
1947-09-03,169.194
1947-09-04,169.409
1947-09-05,143.082
1947-09-06,98.782
1947-09-07,57.643
1947-09-08,39.465
1947-09-09,50.747
1947-09-10,82.157
1947-09-11,80.604
1947-09-12,77.648
1947-09-13,109.723
1947-09-14,105.976
1947-09-15,99.601
1947-09-16,84.05
1947-09-17,69.746
1947-09-18,61.846
1947-09-19,48.545
1947-09-20,42.67
1947-09-21,43.161
1947-09-22,46.06
1947-09-23,52.445
1947-09-24,64.135
1947-09-25,64.198
1947-09-26,61.845
1947-09-27,43.926
1947-09-28,43.86
1947-09-29,67.051
1947-09-30,76.64
1947-10-01,79.279
1947-10-02,106.449
1947-10-03,108.124
1947-10-04,177.202
1947-10-05,215.492
1947-10-06,240.001
1947-10-07,204.582
1947-10-08,148.87
1947-10-09,84.207
1947-10-10,45.031
1947-10-11,36.67
1947-10-12,36.285
1947-10-13,35.63
1947-10-14,36.29
1947-10-15,50.153
1947-10-16,56.66
1947-10-17,54.36
1947-10-18,62.435
1947-10-19,65.892
1947-10-20,70.49
1947-10-21,54.674
1947-10-22,101.771
1947-10-23,118.073
1947-10-24,91.54
1947-10-25,58.005
1947-10-26,39.777
1947-10-27,57.876
1947-10-28,51.492
1947-10-29,32.328
1947-10-30,29.531
1947-10-31,29.992
1947-11-01,29.203
1947-11-02,28.401
1947-11-03,28.57
1947-11-04,32.531
1947-11-05,50.243
1947-11-06,53.198
1947-11-07,65.199
1947-11-08,71.363
1947-11-09,123.278
1947-11-10,198.472
1947-11-11,172.995
1947-11-12,166.888
1947-11-13,165.42
1947-11-14,206.529
1947-11-15,245.955
1947-11-16,190.101
1947-11-17,151.06
1947-11-18,117.078
1947-11-19,116.133
1947-11-20,100.714
1947-11-21,84.663
1947-11-22,113.205
1947-11-23,154.694
1947-11-24,212.896
1947-11-25,162.328
1947-11-26,107.402
1947-11-27,146.914
1947-11-28,173.022
1947-11-29,205.851
1947-11-30,223.617
1947-12-01,162.224
1947-12-02,235.68
1947-12-03,315.815
1947-12-04,252.212
1947-12-05,213.345
1947-12-06,187.236
1947-12-07,214.925
1947-12-08,194.307
1947-12-09,295.778
1947-12-10,368.288
1947-12-11,285.2
1947-12-12,247.617
1947-12-13,216.148
1947-12-14,178.19
1947-12-15,170.881
1947-12-16,175.305
1947-12-17,152.91
1947-12-18,127.353
1947-12-19,139.838
1947-12-20,142.585
1947-12-21,137.867
1947-12-22,132.474
1947-12-23,131.423
1947-12-24,129.565
1947-12-25,119.586
1947-12-26,130.246
1947-12-27,146.582
1947-12-28,131.725
1947-12-29,113.872
1947-12-30,127.197
1947-12-31,152.759
1948-01-01,159.06
1948-01-02,134.165
1948-01-03,110.887
1948-01-04,137.303
1948-01-05,117.511
1948-01-06,83.702
1948-01-07,79.166
1948-01-08,80.708
1948-01-09,81.376
1948-01-10,77.359
1948-01-11,72.918
1948-01-12,71.199
1948-01-13,69.541
1948-01-14,68.095
1948-01-15,68.977
1948-01-16,70.151
1948-01-17,66.157
1948-01-18,62.678
1948-01-19,61.468
1948-01-20,60.545
1948-01-21,60.995
1948-01-22,61.632
1948-01-23,59.846
1948-01-24,56.701
1948-01-25,55.9
1948-01-26,55.582
1948-01-27,55.551
1948-01-28,54.323
1948-01-29,57.092
1948-01-30,75.865
1948-01-31,104.047
1948-02-01,105.825
1948-02-02,100.71
1948-02-03,119.695
1948-02-04,133.464
1948-02-05,144.575
1948-02-06,119.522
1948-02-07,106.585
1948-02-08,97.609
1948-02-09,89.992
1948-02-10,117.277
1948-02-11,122.68
1948-02-12,188.488
1948-02-13,220.762
1948-02-14,205.576
1948-02-15,262.463
1948-02-16,221.72
1948-02-17,166.172
1948-02-18,117.538
1948-02-19,94.512
1948-02-20,112.904
1948-02-21,115.536
1948-02-22,133.465
1948-02-23,103.696
1948-02-24,99.277
1948-02-25,103.023
1948-02-26,88.832
1948-02-27,101.134
1948-02-28,137.975
1948-02-29,133.109
1948-03-01,126.323
1948-03-02,115.196
1948-03-03,96.577
1948-03-04,90.262
1948-03-05,87.289
1948-03-06,110.882
1948-03-07,152.635
1948-03-08,167.4
1948-03-09,229.01
1948-03-10,276.568
1948-03-11,261.278
1948-03-12,246.626
1948-03-13,208.757
1948-03-14,277.976
1948-03-15,341.155
1948-03-16,320.977
1948-03-17,313.372
1948-03-18,332.033
1948-03-19,284.813
1948-03-20,224.651
1948-03-21,183.388
1948-03-22,150.803
1948-03-23,144.573
1948-03-24,137.242
1948-03-25,130.153
1948-03-26,127.546
1948-03-27,127.222
1948-03-28,138.832
1948-03-29,166.405
1948-03-30,178.812
1948-03-31,205.245
1948-04-01,193.971
1948-04-02,148.51
1948-04-03,135.647
1948-04-04,121.574
1948-04-05,107.907
1948-04-06,139.736
1948-04-07,173.583
1948-04-08,177.485
1948-04-09,169.971
1948-04-10,176.905
1948-04-11,187.612
1948-04-12,140.51
1948-04-13,163.124
1948-04-14,172.978
1948-04-15,124.151
1948-04-16,87.076
1948-04-17,87.918
1948-04-18,86.477
1948-04-19,82.766
1948-04-20,86.393
1948-04-21,80.0
1948-04-22,79.624
1948-04-23,80.66
1948-04-24,105.731
1948-04-25,112.528
1948-04-26,149.89
1948-04-27,179.854
1948-04-28,272.543
1948-04-29,291.162
1948-04-30,262.678
1948-05-01,230.09
1948-05-02,214.508
1948-05-03,218.903
1948-05-04,205.06
1948-05-05,194.585
1948-05-06,159.313
1948-05-07,170.816
1948-05-08,248.28
1948-05-09,238.568
1948-05-10,236.78
1948-05-11,218.565
1948-05-12,254.168
1948-05-13,314.845
1948-05-14,244.862
1948-05-15,192.193
1948-05-16,271.485
1948-05-17,291.99
1948-05-18,185.962
1948-05-19,172.845
1948-05-20,140.857
1948-05-21,137.239
1948-05-22,137.434
1948-05-23,144.93
1948-05-24,132.384
1948-05-25,108.142
1948-05-26,101.388
1948-05-27,98.977
1948-05-28,104.233
1948-05-29,98.51
1948-05-30,92.799
1948-05-31,91.261
1948-06-01,90.146
1948-06-02,93.505
1948-06-03,93.084
1948-06-04,83.5
1948-06-05,91.832
1948-06-06,90.245
1948-06-07,78.572
1948-06-08,75.472
1948-06-09,75.03
1948-06-10,74.288
1948-06-11,75.576
1948-06-12,72.121
1948-06-13,66.696
1948-06-14,63.794
1948-06-15,61.378
1948-06-16,59.705
1948-06-17,58.229
1948-06-18,57.245
1948-06-19,57.983
1948-06-20,60.91
1948-06-21,71.45
1948-06-22,77.392
1948-06-23,79.69
1948-06-24,71.993
1948-06-25,58.29
1948-06-26,64.473
1948-06-27,67.946
1948-06-28,60.494
1948-06-29,51.547
1948-06-30,60.958
1948-07-01,59.352
1948-07-02,58.598
1948-07-03,90.429
1948-07-04,112.312
1948-07-05,86.181
1948-07-06,62.124
1948-07-07,56.087
1948-07-08,54.082
1948-07-09,43.747
1948-07-10,40.97
1948-07-11,41.11
1948-07-12,42.144
1948-07-13,40.27
1948-07-14,39.915
1948-07-15,39.75
1948-07-16,39.602
1948-07-17,38.984
1948-07-18,36.629
1948-07-19,35.695
1948-07-20,35.16
1948-07-21,35.491
1948-07-22,35.493
1948-07-23,42.255
1948-07-24,60.141
1948-07-25,46.99
1948-07-26,77.883
1948-07-27,65.252
1948-07-28,56.176
1948-07-29,46.205
1948-07-30,37.492
1948-07-31,43.057
1948-08-01,73.135
1948-08-02,46.487
1948-08-03,44.849
1948-08-04,60.09
1948-08-05,71.906
1948-08-06,54.325
1948-08-07,44.899
1948-08-08,59.828
1948-08-09,79.72
1948-08-10,76.542
1948-08-11,78.095
1948-08-12,60.566
1948-08-13,83.491
1948-08-14,87.055
1948-08-15,82.654
1948-08-16,162.251
1948-08-17,170.266
1948-08-18,80.282
1948-08-19,90.658
1948-08-20,97.537
1948-08-21,127.621
1948-08-22,164.153
1948-08-23,135.43
1948-08-24,109.611
1948-08-25,97.008
1948-08-26,102.621
1948-08-27,122.878
1948-08-28,114.212
1948-08-29,119.98
1948-08-30,118.862
1948-08-31,167.145
1948-09-01,152.138
1948-09-02,145.338
1948-09-03,151.435
1948-09-04,217.385
1948-09-05,239.335
1948-09-06,199.435
1948-09-07,149.146
1948-09-08,107.654
1948-09-09,96.216
1948-09-10,131.862
1948-09-11,208.703
1948-09-12,276.858
1948-09-13,370.806
1948-09-14,404.45
1948-09-15,303.205
1948-09-16,321.528
1948-09-17,267.432
1948-09-18,297.18
1948-09-19,242.493
1948-09-20,236.228
1948-09-21,220.068
1948-09-22,165.159
1948-09-23,140.39
1948-09-24,120.015
1948-09-25,156.434
1948-09-26,197.04
1948-09-27,180.555
1948-09-28,215.508
1948-09-29,288.39
1948-09-30,358.254
1948-10-01,291.537
1948-10-02,245.842
1948-10-03,252.225
1948-10-04,277.512
1948-10-05,226.563
1948-10-06,200.81
1948-10-07,227.614
1948-10-08,246.59
1948-10-09,314.954
1948-10-10,280.12
1948-10-11,318.087
1948-10-12,427.655
1948-10-13,487.948
1948-10-14,432.822
1948-10-15,314.612
1948-10-16,258.669
1948-10-17,362.161
1948-10-18,248.377
1948-10-19,182.592
1948-10-20,286.493
1948-10-21,447.21
1948-10-22,471.215
1948-10-23,479.835
1948-10-24,439.074
1948-10-25,350.733
1948-10-26,321.695
1948-10-27,245.614
1948-10-28,227.7
1948-10-29,290.398
1948-10-30,300.338
1948-10-31,267.22
1948-11-01,334.094
1948-11-02,357.079
1948-11-03,311.812
1948-11-04,327.244
1948-11-05,383.355
1948-11-06,379.819
1948-11-07,393.566
1948-11-08,307.958
1948-11-09,287.78
1948-11-10,269.508
1948-11-11,244.347
1948-11-12,210.068
1948-11-13,179.52
1948-11-14,170.689
1948-11-15,148.018
1948-11-16,141.818
1948-11-17,139.277
1948-11-18,148.84
1948-11-19,182.623
1948-11-20,169.465
1948-11-21,157.362
1948-11-22,164.035
1948-11-23,201.488
1948-11-24,233.03
1948-11-25,224.938
1948-11-26,218.899
1948-11-27,203.766
1948-11-28,258.871
1948-11-29,426.376
1948-11-30,387.245
1948-12-01,325.458
1948-12-02,260.168
1948-12-03,224.321
1948-12-04,175.542
1948-12-05,144.11
1948-12-06,139.661
1948-12-07,140.433
1948-12-08,136.046
1948-12-09,130.37
1948-12-10,126.095
1948-12-11,121.902
1948-12-12,118.999
1948-12-13,119.955
1948-12-14,126.002
1948-12-15,136.237
1948-12-16,147.477
1948-12-17,252.156
1948-12-18,300.408
1948-12-19,177.418
1948-12-20,118.719
1948-12-21,104.613
1948-12-22,103.713
1948-12-23,109.297
1948-12-24,122.327
1948-12-25,131.375
1948-12-26,124.438
1948-12-27,127.669
1948-12-28,111.684
1948-12-29,97.057
1948-12-30,91.315
1948-12-31,89.403
1949-01-01,87.708
1949-01-02,85.813
1949-01-03,87.728
1949-01-04,97.149
1949-01-05,96.36
1949-01-06,93.903
1949-01-07,90.928
1949-01-08,88.15
1949-01-09,85.554
1949-01-10,83.116
1949-01-11,80.987
1949-01-12,80.308
1949-01-13,78.571
1949-01-14,77.043
1949-01-15,76.855
1949-01-16,77.052
1949-01-17,81.49
1949-01-18,79.689
1949-01-19,73.8
1949-01-20,67.323
1949-01-21,65.652
1949-01-22,65.755
1949-01-23,66.272
1949-01-24,62.018
1949-01-25,58.465
1949-01-26,58.954
1949-01-27,64.991
1949-01-28,68.294
1949-01-29,69.791
1949-01-30,71.63
1949-01-31,99.276
1949-02-01,120.856
1949-02-02,78.637
1949-02-03,94.995
1949-02-04,125.355
1949-02-05,105.002
1949-02-06,73.417
1949-02-07,49.274
1949-02-08,45.927
1949-02-09,46.106
1949-02-10,52.335
1949-02-11,60.399
1949-02-12,56.958
1949-02-13,44.793
1949-02-14,40.574
1949-02-15,39.858
1949-02-16,40.04
1949-02-17,44.728
1949-02-18,67.024
1949-02-19,63.445
1949-02-20,41.532
1949-02-21,40.011
1949-02-22,44.85
1949-02-23,103.457
1949-02-24,106.515
1949-02-25,68.862
1949-02-26,58.541
1949-02-27,64.913
1949-02-28,72.46
1949-03-01,51.449
1949-03-02,40.378
1949-03-03,51.785
1949-03-04,66.684
1949-03-05,59.396
1949-03-06,34.299
1949-03-07,32.098
1949-03-08,32.037
1949-03-09,32.149
1949-03-10,33.1
1949-03-11,42.822
1949-03-12,62.033
1949-03-13,50.823
1949-03-14,49.699
1949-03-15,69.052
1949-03-16,83.071
1949-03-17,79.917
1949-03-18,60.708
1949-03-19,50.174
1949-03-20,54.92
1949-03-21,63.603
1949-03-22,60.209
1949-03-23,55.872
1949-03-24,54.692
1949-03-25,47.885
1949-03-26,46.52
1949-03-27,42.63
1949-03-28,33.455
1949-03-29,46.945
1949-03-30,97.243
1949-03-31,118.007
1949-04-01,192.234
1949-04-02,182.383
1949-04-03,171.201
1949-04-04,155.666
1949-04-05,167.373
1949-04-06,174.717
1949-04-07,177.584
1949-04-08,204.915
1949-04-09,209.089
1949-04-10,270.022
1949-04-11,245.641
1949-04-12,226.049
1949-04-13,266.72
1949-04-14,226.517
1949-04-15,179.749
1949-04-16,263.642
1949-04-17,285.1
1949-04-18,246.351
1949-04-19,142.714
1949-04-20,80.655
1949-04-21,70.017
1949-04-22,60.674
1949-04-23,83.764
1949-04-24,110.92
1949-04-25,92.119
1949-04-26,99.614
1949-04-27,103.626
1949-04-28,102.125
1949-04-29,134.253
1949-04-30,220.106
1949-05-01,298.828
1949-05-02,330.881
1949-05-03,332.554
1949-05-04,268.78
1949-05-05,217.373
1949-05-06,215.875
1949-05-07,229.636
1949-05-08,195.234
1949-05-09,184.144
1949-05-10,168.158
1949-05-11,163.742
1949-05-12,222.573
1949-05-13,301.249
1949-05-14,354.865
1949-05-15,321.842
1949-05-16,268.74
1949-05-17,288.147
1949-05-18,239.426
1949-05-19,187.736
1949-05-20,189.852
1949-05-21,179.419
1949-05-22,128.382
1949-05-23,106.9
1949-05-24,116.316
1949-05-25,144.605
1949-05-26,186.555
1949-05-27,184.06
1949-05-28,163.095
1949-05-29,182.48
1949-05-30,198.837
1949-05-31,224.813
1949-06-01,275.769
1949-06-02,245.82
1949-06-03,185.006
1949-06-04,139.92
1949-06-05,114.676
1949-06-06,145.74
1949-06-07,143.006
1949-06-08,148.63
1949-06-09,131.014
1949-06-10,147.945
1949-06-11,150.791
1949-06-12,131.92
1949-06-13,151.165
1949-06-14,220.435
1949-06-15,214.243
1949-06-16,256.489
1949-06-17,219.174
1949-06-18,184.184
1949-06-19,183.331
1949-06-20,236.146
1949-06-21,247.707
1949-06-22,225.463
1949-06-23,252.704
1949-06-24,221.935
1949-06-25,234.633
1949-06-26,177.865
1949-06-27,127.76
1949-06-28,108.478
1949-06-29,119.915
1949-06-30,112.08
1949-07-01,106.927
1949-07-02,118.584
1949-07-03,147.628
1949-07-04,126.564
1949-07-05,115.422
1949-07-06,149.642
1949-07-07,139.192
1949-07-08,104.457
1949-07-09,105.869
1949-07-10,112.883
1949-07-11,113.992
1949-07-12,133.884
1949-07-13,141.538
1949-07-14,128.922
1949-07-15,125.895
1949-07-16,118.148
1949-07-17,124.583
1949-07-18,135.001
1949-07-19,131.295
1949-07-20,117.898
1949-07-21,98.987
1949-07-22,86.902
1949-07-23,83.765
1949-07-24,78.659
1949-07-25,76.045
1949-07-26,76.733
1949-07-27,72.749
1949-07-28,71.93
1949-07-29,71.477
1949-07-30,68.582
1949-07-31,67.09
1949-08-01,66.101
1949-08-02,64.854
1949-08-03,63.264
1949-08-04,62.192
1949-08-05,62.781
1949-08-06,63.594
1949-08-07,63.042
1949-08-08,66.702
1949-08-09,67.729
1949-08-10,69.884
1949-08-11,60.746
1949-08-12,67.4
1949-08-13,59.074
1949-08-14,54.959
1949-08-15,71.019
1949-08-16,76.85
1949-08-17,61.757
1949-08-18,61.747
1949-08-19,58.428
1949-08-20,56.123
1949-08-21,49.338
1949-08-22,48.451
1949-08-23,53.189
1949-08-24,56.37
1949-08-25,46.365
1949-08-26,44.122
1949-08-27,43.418
1949-08-28,44.74
1949-08-29,54.22
1949-08-30,55.957
1949-08-31,68.234
1949-09-01,67.218
1949-09-02,52.015
1949-09-03,65.685
1949-09-04,92.375
1949-09-05,93.454
1949-09-06,74.605
1949-09-07,60.026
1949-09-08,59.279
1949-09-09,46.735
1949-09-10,43.969
1949-09-11,70.236
1949-09-12,82.18
1949-09-13,112.149
1949-09-14,103.882
1949-09-15,157.86
1949-09-16,126.878
1949-09-17,127.051
1949-09-18,102.605
1949-09-19,92.279
1949-09-20,97.012
1949-09-21,82.693
1949-09-22,87.881
1949-09-23,77.418
1949-09-24,96.479
1949-09-25,91.508
1949-09-26,94.355
1949-09-27,91.32
1949-09-28,131.852
1949-09-29,140.652
1949-09-30,130.513
1949-10-01,109.638
1949-10-02,80.917
1949-10-03,90.287
1949-10-04,109.205
1949-10-05,135.225
1949-10-06,106.869
1949-10-07,84.048
1949-10-08,62.528
1949-10-09,48.864
1949-10-10,43.93
1949-10-11,86.696
1949-10-12,119.9
1949-10-13,164.84
1949-10-14,125.813
1949-10-15,141.682
1949-10-16,210.186
1949-10-17,182.188
1949-10-18,214.7
1949-10-19,245.921
1949-10-20,304.717
1949-10-21,223.574
1949-10-22,155.63
1949-10-23,121.177
1949-10-24,74.485
1949-10-25,52.877
1949-10-26,52.282
1949-10-27,90.058
1949-10-28,105.328
1949-10-29,168.296
1949-10-30,220.257
1949-10-31,191.163
1949-11-01,165.948
1949-11-02,122.039
1949-11-03,140.334
1949-11-04,180.165
1949-11-05,170.678
1949-11-06,176.092
1949-11-07,178.772
1949-11-08,161.082
1949-11-09,154.109
1949-11-10,148.318
1949-11-11,127.392
1949-11-12,159.392
1949-11-13,160.371
1949-11-14,147.817
1949-11-15,148.75
1949-11-16,139.767
1949-11-17,96.298
1949-11-18,97.551
1949-11-19,134.999
1949-11-20,228.548
1949-11-21,361.732
1949-11-22,376.578
1949-11-23,266.629
1949-11-24,229.54
1949-11-25,175.989
1949-11-26,212.371
1949-11-27,257.259
1949-11-28,287.793
1949-11-29,220.843
1949-11-30,190.651
1949-12-01,152.793
1949-12-02,154.308
1949-12-03,197.529
1949-12-04,171.87
1949-12-05,204.975
1949-12-06,252.826
1949-12-07,234.681
1949-12-08,237.765
1949-12-09,247.142
1949-12-10,217.704
1949-12-11,208.42
1949-12-12,219.721
1949-12-13,177.128
1949-12-14,148.115
1949-12-15,129.53
1949-12-16,116.601
1949-12-17,114.445
1949-12-18,121.596
1949-12-19,195.008
1949-12-20,324.317
1949-12-21,272.786
1949-12-22,172.44
1949-12-23,144.988
1949-12-24,127.613
1949-12-25,112.998
1949-12-26,108.625
1949-12-27,107.273
1949-12-28,105.865
1949-12-29,110.622
1949-12-30,124.634
1949-12-31,140.132
1950-01-01,133.911
1950-01-02,135.6
1950-01-03,151.593
1950-01-04,161.475
1950-01-05,172.517
1950-01-06,183.535
1950-01-07,133.728
1950-01-08,100.371
1950-01-09,99.161
1950-01-10,95.628
1950-01-11,92.295
1950-01-12,91.997
1950-01-13,92.387
1950-01-14,100.889
1950-01-15,94.945
1950-01-16,98.691
1950-01-17,97.836
1950-01-18,96.108
1950-01-19,96.873
1950-01-20,109.289
1950-01-21,111.236
1950-01-22,93.62
1950-01-23,99.002
1950-01-24,92.892
1950-01-25,105.775
1950-01-26,116.303
1950-01-27,90.943
1950-01-28,74.53
1950-01-29,81.07
1950-01-30,90.186
1950-01-31,84.448
1950-02-01,108.928
1950-02-02,139.383
1950-02-03,109.301
1950-02-04,77.795
1950-02-05,85.927
1950-02-06,87.545
1950-02-07,107.785
1950-02-08,135.77
1950-02-09,128.454
1950-02-10,115.426
1950-02-11,115.622
1950-02-12,82.448
1950-02-13,75.826
1950-02-14,75.069
1950-02-15,58.797
1950-02-16,56.318
1950-02-17,55.663
1950-02-18,54.747
1950-02-19,53.757
1950-02-20,53.4
1950-02-21,53.815
1950-02-22,53.417
1950-02-23,53.022
1950-02-24,52.355
1950-02-25,51.593
1950-02-26,52.235
1950-02-27,56.278
1950-02-28,58.255
1950-03-01,58.453
1950-03-02,77.357
1950-03-03,67.193
1950-03-04,49.733
1950-03-05,45.518
1950-03-06,44.903
1950-03-07,44.46
1950-03-08,48.238
1950-03-09,73.054
1950-03-10,65.632
1950-03-11,106.171
1950-03-12,122.341
1950-03-13,97.785
1950-03-14,89.241
1950-03-15,135.899
1950-03-16,155.562
1950-03-17,271.953
1950-03-18,323.422
1950-03-19,259.609
1950-03-20,169.124
1950-03-21,228.327
1950-03-22,247.984
1950-03-23,221.621
1950-03-24,199.887
1950-03-25,145.461
1950-03-26,137.608
1950-03-27,145.1
1950-03-28,146.894
1950-03-29,168.117
1950-03-30,231.476
1950-03-31,249.51
1950-04-01,255.039
1950-04-02,221.908
1950-04-03,146.676
1950-04-04,113.415
1950-04-05,115.85
1950-04-06,131.715
1950-04-07,197.069
1950-04-08,212.967
1950-04-09,231.343
1950-04-10,207.003
1950-04-11,187.769
1950-04-12,143.946
1950-04-13,203.27
1950-04-14,268.696
1950-04-15,290.308
1950-04-16,242.322
1950-04-17,308.507
1950-04-18,403.428
1950-04-19,373.565
1950-04-20,328.437
1950-04-21,276.37
1950-04-22,267.999
1950-04-23,217.89
1950-04-24,215.016
1950-04-25,331.978
1950-04-26,326.542
1950-04-27,379.858
1950-04-28,367.562
1950-04-29,341.523
1950-04-30,426.232
1950-05-01,537.097
1950-05-02,571.115
1950-05-03,495.91
1950-05-04,483.657
1950-05-05,479.78
1950-05-06,388.994
1950-05-07,349.136
1950-05-08,298.125
1950-05-09,291.695
1950-05-10,378.738
1950-05-11,413.963
1950-05-12,403.601
1950-05-13,446.614
1950-05-14,418.028
1950-05-15,488.351
1950-05-16,580.257
1950-05-17,660.361
1950-05-18,621.227
1950-05-19,719.121
1950-05-20,804.747
1950-05-21,838.176
1950-05-22,675.553
1950-05-23,628.477
1950-05-24,531.555
1950-05-25,477.393
1950-05-26,467.745
1950-05-27,465.121
1950-05-28,462.241
1950-05-29,449.959
1950-05-30,397.953
1950-05-31,362.568
1950-06-01,397.667
1950-06-02,476.083
1950-06-03,445.302
1950-06-04,332.367
1950-06-05,253.819
1950-06-06,219.66
1950-06-07,210.902
1950-06-08,207.714
1950-06-09,199.582
1950-06-10,191.479
1950-06-11,183.522
1950-06-12,175.493
1950-06-13,169.567
1950-06-14,169.948
1950-06-15,188.047
1950-06-16,195.967
1950-06-17,199.371
1950-06-18,253.133
1950-06-19,260.378
1950-06-20,221.298
1950-06-21,205.915
1950-06-22,225.141
1950-06-23,217.735
1950-06-24,170.105
1950-06-25,159.626
1950-06-26,160.276
1950-06-27,152.382
1950-06-28,143.068
1950-06-29,133.455
1950-06-30,129.986
1950-07-01,123.583
1950-07-02,116.494
1950-07-03,114.804
1950-07-04,112.808
1950-07-05,114.969
1950-07-06,115.664
1950-07-07,110.977
1950-07-08,121.585
1950-07-09,114.664
1950-07-10,119.235
1950-07-11,141.17
1950-07-12,160.222
1950-07-13,157.783
1950-07-14,164.368
1950-07-15,166.017
1950-07-16,182.654
1950-07-17,220.062
1950-07-18,227.259
1950-07-19,203.527
1950-07-20,178.78
1950-07-21,114.669
1950-07-22,92.553
1950-07-23,91.928
1950-07-24,93.829
1950-07-25,91.017
1950-07-26,89.114
1950-07-27,86.698
1950-07-28,84.005
1950-07-29,82.558
1950-07-30,81.486
1950-07-31,80.532
1950-08-01,79.483
1950-08-02,78.935
1950-08-03,79.819
1950-08-04,79.098
1950-08-05,80.574
1950-08-06,96.116
1950-08-07,139.732
1950-08-08,107.055
1950-08-09,93.134
1950-08-10,99.307
1950-08-11,80.449
1950-08-12,71.842
1950-08-13,70.388
1950-08-14,70.888
1950-08-15,86.027
1950-08-16,82.976
1950-08-17,79.194
1950-08-18,74.016
1950-08-19,92.636
1950-08-20,99.386
1950-08-21,78.541
1950-08-22,68.254
1950-08-23,81.578
1950-08-24,86.2
1950-08-25,92.932
1950-08-26,118.675
1950-08-27,107.989
1950-08-28,85.734
1950-08-29,73.616
1950-08-30,64.896
1950-08-31,67.319
1950-09-01,74.123
1950-09-02,107.927
1950-09-03,79.12
1950-09-04,88.116
1950-09-05,96.386
1950-09-06,113.139
1950-09-07,147.4
1950-09-08,125.335
1950-09-09,110.32
1950-09-10,101.426
1950-09-11,90.737
1950-09-12,81.893
1950-09-13,75.28
1950-09-14,63.39
1950-09-15,71.22
1950-09-16,65.704
1950-09-17,75.51
1950-09-18,129.952
1950-09-19,174.944
1950-09-20,154.094
1950-09-21,128.049
1950-09-22,167.659
1950-09-23,161.603
1950-09-24,173.119
1950-09-25,202.155
1950-09-26,202.975
1950-09-27,241.005
1950-09-28,278.604
1950-09-29,395.892
1950-09-30,483.973
1950-10-01,380.576
1950-10-02,293.335
1950-10-03,276.93
1950-10-04,289.613
1950-10-05,266.579
1950-10-06,274.38
1950-10-07,271.806
1950-10-08,217.106
1950-10-09,256.756
1950-10-10,285.56
1950-10-11,246.74
1950-10-12,188.831
1950-10-13,148.698
1950-10-14,132.079
1950-10-15,211.791
1950-10-16,287.752
1950-10-17,266.782
1950-10-18,259.087
1950-10-19,318.778
1950-10-20,382.183
1950-10-21,389.943
1950-10-22,399.418
1950-10-23,375.656
1950-10-24,326.832
1950-10-25,318.623
1950-10-26,324.692
1950-10-27,308.433
1950-10-28,340.981
1950-10-29,278.325
1950-10-30,220.817
1950-10-31,189.065
1950-11-01,161.866
1950-11-02,232.467
1950-11-03,287.411
1950-11-04,324.913
1950-11-05,399.698
1950-11-06,446.164
1950-11-07,352.83
1950-11-08,341.602
1950-11-09,370.61
1950-11-10,424.478
1950-11-11,360.475
1950-11-12,298.411
1950-11-13,283.615
1950-11-14,318.665
1950-11-15,394.713
1950-11-16,409.315
1950-11-17,501.585
1950-11-18,503.803
1950-11-19,444.247
1950-11-20,421.184
1950-11-21,403.695
1950-11-22,480.81
1950-11-23,584.816
1950-11-24,647.338
1950-11-25,548.702
1950-11-26,523.641
1950-11-27,458.904
1950-11-28,488.065
1950-11-29,537.487
1950-11-30,440.1
1950-12-01,405.635
1950-12-02,427.578
1950-12-03,450.56
1950-12-04,553.983
1950-12-05,526.892
1950-12-06,491.412
1950-12-07,551.346
1950-12-08,583.785
1950-12-09,493.727
1950-12-10,456.498
1950-12-11,417.838
1950-12-12,394.491
1950-12-13,353.234
1950-12-14,318.655
1950-12-15,311.725
1950-12-16,303.635
1950-12-17,299.883
1950-12-18,303.186
1950-12-19,287.71
1950-12-20,271.653
1950-12-21,273.743
1950-12-22,278.384
1950-12-23,285.583
1950-12-24,298.101
1950-12-25,288.561
1950-12-26,279.176
1950-12-27,268.294
1950-12-28,240.062
1950-12-29,217.396
1950-12-30,210.22
1950-12-31,205.966
1951-01-01,215.904
1951-01-02,213.678
1951-01-03,201.249
1951-01-04,191.613
1951-01-05,182.162
1951-01-06,177.573
1951-01-07,176.476
1951-01-08,173.115
1951-01-09,167.151
1951-01-10,164.447
1951-01-11,160.088
1951-01-12,154.252
1951-01-13,150.941
1951-01-14,150.148
1951-01-15,156.057
1951-01-16,174.04
1951-01-17,181.492
1951-01-18,174.548
1951-01-19,178.02
1951-01-20,162.227
1951-01-21,151.792
1951-01-22,150.21
1951-01-23,143.381
1951-01-24,134.284
1951-01-25,132.72
1951-01-26,123.008
1951-01-27,116.686
1951-01-28,114.728
1951-01-29,114.655
1951-01-30,111.031
1951-01-31,108.569
1951-02-01,117.552
1951-02-02,121.953
1951-02-03,122.524
1951-02-04,132.034
1951-02-05,145.237
1951-02-06,148.852
1951-02-07,147.688
1951-02-08,161.628
1951-02-09,150.955
1951-02-10,165.773
1951-02-11,183.782
1951-02-12,238.936
1951-02-13,212.486
1951-02-14,217.663
1951-02-15,150.044
1951-02-16,99.155
1951-02-17,99.415
1951-02-18,118.065
1951-02-19,123.425
1951-02-20,142.46
1951-02-21,234.658
1951-02-22,245.357
1951-02-23,164.615
1951-02-24,114.732
1951-02-25,97.03
1951-02-26,90.985
1951-02-27,99.799
1951-02-28,100.715
1951-03-01,104.593
1951-03-02,110.095
1951-03-03,111.908
1951-03-04,118.19
1951-03-05,100.639
1951-03-06,85.184
1951-03-07,86.959
1951-03-08,85.321
1951-03-09,85.056
1951-03-10,113.691
1951-03-11,146.42
1951-03-12,150.604
1951-03-13,138.231
1951-03-14,126.964
1951-03-15,125.757
1951-03-16,172.675
1951-03-17,252.541
1951-03-18,373.737
1951-03-19,401.432
1951-03-20,351.791
1951-03-21,400.556
1951-03-22,314.47
1951-03-23,326.506
1951-03-24,390.118
1951-03-25,367.558
1951-03-26,282.578
1951-03-27,294.529
1951-03-28,331.996
1951-03-29,480.903
1951-03-30,299.458
1951-03-31,391.676
1951-04-01,442.771
1951-04-02,511.629
1951-04-03,472.089
1951-04-04,467.98
1951-04-05,479.23
1951-04-06,440.797
1951-04-07,389.175
1951-04-08,367.641
1951-04-09,440.592
1951-04-10,512.955
1951-04-11,451.937
1951-04-12,521.563
1951-04-13,516.194
1951-04-14,421.726
1951-04-15,454.876
1951-04-16,505.325
1951-04-17,454.405
1951-04-18,459.678
1951-04-19,491.777
1951-04-20,522.619
1951-04-21,558.394
1951-04-22,504.427
1951-04-23,487.381
1951-04-24,597.972
1951-04-25,584.493
1951-04-26,597.223
1951-04-27,566.686
1951-04-28,502.47
1951-04-29,518.577
1951-04-30,507.878
1951-05-01,468.147
1951-05-02,485.528
1951-05-03,518.984
1951-05-04,582.917
1951-05-05,613.942
1951-05-06,583.457
1951-05-07,578.728
1951-05-08,640.442
1951-05-09,722.291
1951-05-10,668.525
1951-05-11,617.841
1951-05-12,628.231
1951-05-13,614.659
1951-05-14,659.209
1951-05-15,727.066
1951-05-16,649.867
1951-05-17,590.832
1951-05-18,520.58
1951-05-19,492.528
1951-05-20,508.489
1951-05-21,568.796
1951-05-22,568.627
1951-05-23,533.171
1951-05-24,520.66
1951-05-25,462.464
1951-05-26,433.169
1951-05-27,411.011
1951-05-28,394.835
1951-05-29,492.277
1951-05-30,565.224
1951-05-31,545.245
1951-06-01,563.988
1951-06-02,447.676
1951-06-03,391.475
1951-06-04,353.64
1951-06-05,332.62
1951-06-06,318.778
1951-06-07,325.327
1951-06-08,357.498
1951-06-09,425.605
1951-06-10,402.596
1951-06-11,376.238
1951-06-12,384.552
1951-06-13,399.827
1951-06-14,339.379
1951-06-15,362.27
1951-06-16,361.474
1951-06-17,298.178
1951-06-18,273.048
1951-06-19,285.977
1951-06-20,301.587
1951-06-21,312.099
1951-06-22,349.035
1951-06-23,348.581
1951-06-24,286.506
1951-06-25,283.665
1951-06-26,305.691
1951-06-27,287.475
1951-06-28,293.534
1951-06-29,299.99
1951-06-30,280.928
1951-07-01,280.05
1951-07-02,275.97
1951-07-03,273.213
1951-07-04,265.043
1951-07-05,242.967
1951-07-06,244.618
1951-07-07,230.897
1951-07-08,201.217
1951-07-09,195.827
1951-07-10,193.732
1951-07-11,191.302
1951-07-12,196.603
1951-07-13,198.892
1951-07-14,213.063
1951-07-15,220.898
1951-07-16,249.029
1951-07-17,248.141
1951-07-18,198.868
1951-07-19,183.519
1951-07-20,168.657
1951-07-21,163.221
1951-07-22,160.545
1951-07-23,161.075
1951-07-24,176.556
1951-07-25,201.938
1951-07-26,185.564
1951-07-27,168.702
1951-07-28,156.405
1951-07-29,149.946
1951-07-30,142.995
1951-07-31,139.822
1951-08-01,141.218
1951-08-02,138.83
1951-08-03,133.124
1951-08-04,128.466
1951-08-05,126.496
1951-08-06,127.024
1951-08-07,123.51
1951-08-08,119.249
1951-08-09,116.809
1951-08-10,114.521
1951-08-11,114.039
1951-08-12,113.418
1951-08-13,112.974
1951-08-14,109.059
1951-08-15,107.405
1951-08-16,107.49
1951-08-17,113.628
1951-08-18,128.543
1951-08-19,124.036
1951-08-20,152.359
1951-08-21,154.707
1951-08-22,141.84
1951-08-23,160.651
1951-08-24,151.538
1951-08-25,131.772
1951-08-26,133.229
1951-08-27,158.455
1951-08-28,179.839
1951-08-29,217.462
1951-08-30,210.381
1951-08-31,154.429
1951-09-01,123.596
1951-09-02,102.235
1951-09-03,87.101
1951-09-04,95.376
1951-09-05,118.304
1951-09-06,107.239
1951-09-07,110.806
1951-09-08,163.285
1951-09-09,150.069
1951-09-10,121.216
1951-09-11,122.456
1951-09-12,116.387
1951-09-13,97.276
1951-09-14,90.429
1951-09-15,119.846
1951-09-16,138.82
1951-09-17,159.103
1951-09-18,182.043
1951-09-19,159.282
1951-09-20,155.118
1951-09-21,171.358
1951-09-22,190.712
1951-09-23,308.22
1951-09-24,234.284
1951-09-25,140.873
1951-09-26,95.82
1951-09-27,146.584
1951-09-28,203.682
1951-09-29,248.296
1951-09-30,216.061
1951-10-01,183.961
1951-10-02,144.825
1951-10-03,137.552
1951-10-04,148.252
1951-10-05,170.477
1951-10-06,237.344
1951-10-07,215.412
1951-10-08,218.863
1951-10-09,268.61
1951-10-10,334.402
1951-10-11,363.49
1951-10-12,278.545
1951-10-13,267.852
1951-10-14,368.78
1951-10-15,423.395
1951-10-16,359.695
1951-10-17,389.84
1951-10-18,330.19
1951-10-19,434.796
1951-10-20,366.121
1951-10-21,341.796
1951-10-22,304.446
1951-10-23,293.537
1951-10-24,279.466
1951-10-25,270.915
1951-10-26,327.407
1951-10-27,418.605
1951-10-28,478.353
1951-10-29,558.27
1951-10-30,554.676
1951-10-31,498.898
1951-11-01,510.261
1951-11-02,381.633
1951-11-03,547.202
1951-11-04,567.608
1951-11-05,572.849
1951-11-06,786.513
1951-11-07,890.625
1951-11-08,814.127
1951-11-09,805.345
1951-11-10,761.974
1951-11-11,784.71
1951-11-12,636.574
1951-11-13,623.916
1951-11-14,672.451
1951-11-15,793.955
1951-11-16,823.363
1951-11-17,699.829
1951-11-18,770.666
1951-11-19,700.778
1951-11-20,703.601
1951-11-21,595.712
1951-11-22,611.636
1951-11-23,626.698
1951-11-24,650.95
1951-11-25,710.835
1951-11-26,691.513
1951-11-27,646.406
1951-11-28,572.87
1951-11-29,507.077
1951-11-30,528.699
1951-12-01,542.164
1951-12-02,563.615
1951-12-03,664.238
1951-12-04,989.584
1951-12-05,901.539
1951-12-06,864.325
1951-12-07,899.93
1951-12-08,1391.118
1951-12-09,2126.42
1951-12-10,1871.485
1951-12-11,1671.879
1951-12-12,1704.198
1951-12-13,1663.135
1951-12-14,1664.966
1951-12-15,1570.863
1951-12-16,1634.528
1951-12-17,1536.998
1951-12-18,1413.488
1951-12-19,1249.295
1951-12-20,1157.002
1951-12-21,1070.778
1951-12-22,1024.141
1951-12-23,995.708
1951-12-24,1042.198
1951-12-25,1090.556
1951-12-26,1056.045
1951-12-27,930.72
1951-12-28,873.69
1951-12-29,814.919
1951-12-30,770.86
1951-12-31,763.663
1952-01-01,778.842
1952-01-02,763.217
1952-01-03,723.81
1952-01-04,683.427
1952-01-05,651.932
1952-01-06,593.689
1952-01-07,564.205
1952-01-08,542.384
1952-01-09,523.391
1952-01-10,512.457
1952-01-11,537.021
1952-01-12,554.052
1952-01-13,613.578
1952-01-14,525.964
1952-01-15,488.082
1952-01-16,463.175
1952-01-17,427.375
1952-01-18,402.6
1952-01-19,419.668
1952-01-20,460.313
1952-01-21,442.149
1952-01-22,355.168
1952-01-23,335.548
1952-01-24,335.617
1952-01-25,323.181
1952-01-26,303.992
1952-01-27,293.525
1952-01-28,284.714
1952-01-29,276.232
1952-01-30,268.549
1952-01-31,265.677
1952-02-01,261.16
1952-02-02,252.507
1952-02-03,247.43
1952-02-04,250.989
1952-02-05,246.236
1952-02-06,239.856
1952-02-07,254.596
1952-02-08,324.439
1952-02-09,323.648
1952-02-10,311.875
1952-02-11,298.553
1952-02-12,376.527
1952-02-13,474.851
1952-02-14,520.813
1952-02-15,476.585
1952-02-16,424.773
1952-02-17,409.803
1952-02-18,469.01
1952-02-19,450.602
1952-02-20,374.93
1952-02-21,296.546
1952-02-22,283.477
1952-02-23,262.47
1952-02-24,238.257
1952-02-25,220.9
1952-02-26,198.429
1952-02-27,179.145
1952-02-28,178.631
1952-02-29,184.64
1952-03-01,216.855
1952-03-02,252.535
1952-03-03,288.151
1952-03-04,285.4
1952-03-05,241.66
1952-03-06,195.093
1952-03-07,231.085
1952-03-08,318.73
1952-03-09,333.624
1952-03-10,330.955
1952-03-11,387.735
1952-03-12,488.883
1952-03-13,510.775
1952-03-14,465.768
1952-03-15,539.77
1952-03-16,655.058
1952-03-17,452.167
1952-03-18,327.547
1952-03-19,291.243
1952-03-20,246.857
1952-03-21,218.615
1952-03-22,234.678
1952-03-23,235.29
1952-03-24,219.722
1952-03-25,206.265
1952-03-26,196.078
1952-03-27,202.132
1952-03-28,209.443
1952-03-29,249.99
1952-03-30,355.868
1952-03-31,285.668
1952-04-01,341.954
1952-04-02,361.841
1952-04-03,414.155
1952-04-04,374.152
1952-04-05,356.472
1952-04-06,427.061
1952-04-07,365.489
1952-04-08,405.472
1952-04-09,471.826
1952-04-10,452.717
1952-04-11,491.26
1952-04-12,540.363
1952-04-13,634.209
1952-04-14,679.111
1952-04-15,754.218
1952-04-16,725.009
1952-04-17,735.989
1952-04-18,624.272
1952-04-19,581.64
1952-04-20,585.016
1952-04-21,476.361
1952-04-22,478.394
1952-04-23,624.87
1952-04-24,567.474
1952-04-25,658.451
1952-04-26,624.384
1952-04-27,556.674
1952-04-28,627.935
1952-04-29,679.607
1952-04-30,713.212
1952-05-01,615.238
1952-05-02,667.111
1952-05-03,837.334
1952-05-04,768.878
1952-05-05,645.439
1952-05-06,633.078
1952-05-07,642.337
1952-05-08,636.37
1952-05-09,683.579
1952-05-10,658.032
1952-05-11,663.967
1952-05-12,665.365
1952-05-13,689.11
1952-05-14,718.337
1952-05-15,865.738
1952-05-16,1029.94
1952-05-17,808.705
1952-05-18,762.859
1952-05-19,786.058
1952-05-20,775.17
1952-05-21,712.188
1952-05-22,649.745
1952-05-23,590.888
1952-05-24,587.368
1952-05-25,646.526
1952-05-26,716.465
1952-05-27,716.312
1952-05-28,685.592
1952-05-29,662.205
1952-05-30,636.162
1952-05-31,660.256
1952-06-01,650.188
1952-06-02,587.349
1952-06-03,511.589
1952-06-04,496.985
1952-06-05,483.065
1952-06-06,495.41
1952-06-07,515.22
1952-06-08,542.221
1952-06-09,533.807
1952-06-10,484.89
1952-06-11,473.498
1952-06-12,485.398
1952-06-13,515.602
1952-06-14,482.101
1952-06-15,461.561
1952-06-16,428.256
1952-06-17,406.636
1952-06-18,377.707
1952-06-19,347.162
1952-06-20,336.365
1952-06-21,334.695
1952-06-22,331.058
1952-06-23,323.789
1952-06-24,334.238
1952-06-25,332.358
1952-06-26,322.364
1952-06-27,314.723
1952-06-28,312.652
1952-06-29,301.265
1952-06-30,285.535
1952-07-01,270.262
1952-07-02,263.035
1952-07-03,257.077
1952-07-04,251.246
1952-07-05,245.792
1952-07-06,240.975
1952-07-07,234.683
1952-07-08,229.32
1952-07-09,226.978
1952-07-10,243.259
1952-07-11,246.138
1952-07-12,229.764
1952-07-13,217.212
1952-07-14,216.386
1952-07-15,248.9
1952-07-16,256.261
1952-07-17,229.204
1952-07-18,216.228
1952-07-19,204.35
1952-07-20,185.499
1952-07-21,176.971
1952-07-22,173.053
1952-07-23,171.557
1952-07-24,168.642
1952-07-25,170.155
1952-07-26,168.364
1952-07-27,172.938
1952-07-28,171.058
1952-07-29,158.73
1952-07-30,163.06
1952-07-31,170.665
1952-08-01,159.471
1952-08-02,152.43
1952-08-03,145.402
1952-08-04,156.906
1952-08-05,154.51
1952-08-06,146.671
1952-08-07,159.372
1952-08-08,151.874
1952-08-09,144.973
1952-08-10,151.98
1952-08-11,153.281
1952-08-12,145.077
1952-08-13,163.692
1952-08-14,166.775
1952-08-15,180.813
1952-08-16,150.459
1952-08-17,199.737
1952-08-18,196.667
1952-08-19,212.769
1952-08-20,201.584
1952-08-21,196.677
1952-08-22,249.438
1952-08-23,261.504
1952-08-24,210.148
1952-08-25,195.758
1952-08-26,200.334
1952-08-27,184.253
1952-08-28,123.49
1952-08-29,112.663
1952-08-30,121.465
1952-08-31,134.18
1952-09-01,125.523
1952-09-02,134.294
1952-09-03,130.259
1952-09-04,128.505
1952-09-05,123.429
1952-09-06,168.416
1952-09-07,207.919
1952-09-08,316.538
1952-09-09,316.73
1952-09-10,339.309
1952-09-11,365.87
1952-09-12,312.073
1952-09-13,245.934
1952-09-14,178.108
1952-09-15,147.603
1952-09-16,156.985
1952-09-17,191.259
1952-09-18,150.775
1952-09-19,159.157
1952-09-20,146.208
1952-09-21,149.657
1952-09-22,236.992
1952-09-23,233.655
1952-09-24,157.382
1952-09-25,133.986
1952-09-26,123.495
1952-09-27,143.472
1952-09-28,143.226
1952-09-29,137.142
1952-09-30,131.654
1952-10-01,154.71
1952-10-02,168.799
1952-10-03,189.112
1952-10-04,152.457
1952-10-05,132.45
1952-10-06,144.987
1952-10-07,171.47
1952-10-08,254.198
1952-10-09,279.401
1952-10-10,280.195
1952-10-11,211.675
1952-10-12,198.472
1952-10-13,198.821
1952-10-14,215.661
1952-10-15,205.15
1952-10-16,256.712
1952-10-17,324.299
1952-10-18,366.078
1952-10-19,420.21
1952-10-20,449.477
1952-10-21,351.896
1952-10-22,312.638
1952-10-23,344.49
1952-10-24,345.465
1952-10-25,376.495
1952-10-26,338.849
1952-10-27,248.367
1952-10-28,161.942
1952-10-29,150.35
1952-10-30,212.187
1952-10-31,234.107
1952-11-01,278.482
1952-11-02,398.005
1952-11-03,331.151
1952-11-04,262.855
1952-11-05,246.108
1952-11-06,255.303
1952-11-07,343.0
1952-11-08,377.74
1952-11-09,339.48
1952-11-10,346.948
1952-11-11,385.36
1952-11-12,498.307
1952-11-13,578.725
1952-11-14,550.574
1952-11-15,482.0
1952-11-16,472.421
1952-11-17,585.665
1952-11-18,478.579
1952-11-19,468.366
1952-11-20,521.962
1952-11-21,462.135
1952-11-22,420.831
1952-11-23,403.83
1952-11-24,437.4
1952-11-25,552.881
1952-11-26,514.418
1952-11-27,455.95
1952-11-28,505.792
1952-11-29,581.031
1952-11-30,601.103
1952-12-01,507.532
1952-12-02,483.968
1952-12-03,500.077
1952-12-04,654.412
1952-12-05,653.538
1952-12-06,575.796
1952-12-07,531.645
1952-12-08,512.82
1952-12-09,444.034
1952-12-10,404.219
1952-12-11,384.358
1952-12-12,377.405
1952-12-13,379.751
1952-12-14,376.754
1952-12-15,367.019
1952-12-16,371.892
1952-12-17,388.074
1952-12-18,359.793
1952-12-19,319.219
1952-12-20,310.133
1952-12-21,306.391
1952-12-22,298.294
1952-12-23,296.485
1952-12-24,314.548
1952-12-25,323.218
1952-12-26,301.318
1952-12-27,282.064
1952-12-28,281.831
1952-12-29,318.049
1952-12-30,337.309
1952-12-31,308.347
1953-01-01,265.539
1953-01-02,308.396
1953-01-03,372.028
1953-01-04,351.101
1953-01-05,480.322
1953-01-06,484.801
1953-01-07,404.712
1953-01-08,353.455
1953-01-09,315.113
1953-01-10,239.457
1953-01-11,233.617
1953-01-12,227.92
1953-01-13,218.205
1953-01-14,216.315
1953-01-15,216.423
1953-01-16,234.338
1953-01-17,269.021
1953-01-18,267.133
1953-01-19,336.068
1953-01-20,321.922
1953-01-21,342.978
1953-01-22,319.426
1953-01-23,222.812
1953-01-24,206.642
1953-01-25,220.87
1953-01-26,292.76
1953-01-27,391.09
1953-01-28,322.916
1953-01-29,288.862
1953-01-30,286.289
1953-01-31,276.98
1953-02-01,256.967
1953-02-02,282.795
1953-02-03,293.87
1953-02-04,340.18
1953-02-05,433.524
1953-02-06,430.257
1953-02-07,379.318
1953-02-08,325.612
1953-02-09,340.101
1953-02-10,417.112
1953-02-11,401.7
1953-02-12,380.057
1953-02-13,372.898
1953-02-14,465.705
1953-02-15,548.26
1953-02-16,458.474
1953-02-17,421.693
1953-02-18,378.042
1953-02-19,326.317
1953-02-20,304.255
1953-02-21,324.36
1953-02-22,357.25
1953-02-23,527.368
1953-02-24,770.788
1953-02-25,698.999
1953-02-26,735.403
1953-02-27,952.604
1953-02-28,960.878
1953-03-01,837.934
1953-03-02,678.03
1953-03-03,629.408
1953-03-04,662.519
1953-03-05,624.485
1953-03-06,670.554
1953-03-07,1077.383
1953-03-08,1042.89
1953-03-09,1075.346
1953-03-10,974.763
1953-03-11,768.23
1953-03-12,873.515
1953-03-13,856.329
1953-03-14,972.505
1953-03-15,887.34
1953-03-16,755.225
1953-03-17,680.15
1953-03-18,645.714
1953-03-19,694.3
1953-03-20,857.379
1953-03-21,997.547
1953-03-22,938.846
1953-03-23,1013.542
1953-03-24,1439.828
1953-03-25,1275.31
1953-03-26,1115.878
1953-03-27,945.927
1953-03-28,865.856
1953-03-29,862.685
1953-03-30,830.085
1953-03-31,764.608
1953-04-01,798.24
1953-04-02,886.408
1953-04-03,940.522
1953-04-04,979.092
1953-04-05,917.371
1953-04-06,834.207
1953-04-07,842.132
1953-04-08,1063.417
1953-04-09,1190.481
1953-04-10,1127.075
1953-04-11,1079.318
1953-04-12,1115.891
1953-04-13,1204.197
1953-04-14,1450.532
1953-04-15,1659.037
1953-04-16,1453.416
1953-04-17,1330.384
1953-04-18,1190.055
1953-04-19,1106.521
1953-04-20,1096.813
1953-04-21,1047.86
1953-04-22,1007.248
1953-04-23,1015.65
1953-04-24,1021.996
1953-04-25,1035.448
1953-04-26,1033.962
1953-04-27,963.192
1953-04-28,923.637
1953-04-29,928.357
1953-04-30,921.581
1953-05-01,932.817
1953-05-02,972.992
1953-05-03,932.608
1953-05-04,839.587
1953-05-05,828.478
1953-05-06,868.637
1953-05-07,817.835
1953-05-08,877.589
1953-05-09,945.753
1953-05-10,832.546
1953-05-11,919.415
1953-05-12,830.003
1953-05-13,772.369
1953-05-14,844.468
1953-05-15,876.905
1953-05-16,790.921
1953-05-17,706.582
1953-05-18,646.264
1953-05-19,645.179
1953-05-20,624.513
1953-05-21,662.183
1953-05-22,712.154
1953-05-23,808.854
1953-05-24,995.358
1953-05-25,985.221
1953-05-26,814.111
1953-05-27,769.413
1953-05-28,974.162
1953-05-29,1007.527
1953-05-30,1222.362
1953-05-31,1338.942
1953-06-01,1197.828
1953-06-02,1104.039
1953-06-03,1131.84
1953-06-04,1125.703
1953-06-05,1026.879
1953-06-06,953.272
1953-06-07,923.473
1953-06-08,891.944
1953-06-09,829.559
1953-06-10,825.058
1953-06-11,819.858
1953-06-12,733.701
1953-06-13,668.606
1953-06-14,613.092
1953-06-15,584.982
1953-06-16,581.175
1953-06-17,585.565
1953-06-18,540.976
1953-06-19,521.387
1953-06-20,514.492
1953-06-21,511.658
1953-06-22,520.277
1953-06-23,532.379
1953-06-24,510.384
1953-06-25,525.448
1953-06-26,567.782
1953-06-27,550.01
1953-06-28,506.08
1953-06-29,455.252
1953-06-30,469.333
1953-07-01,418.013
1953-07-02,378.507
1953-07-03,363.964
1953-07-04,361.041
1953-07-05,344.818
1953-07-06,337.333
1953-07-07,327.213
1953-07-08,315.004
1953-07-09,306.826
1953-07-10,314.117
1953-07-11,316.15
1953-07-12,313.852
1953-07-13,295.387
1953-07-14,277.653
1953-07-15,285.757
1953-07-16,313.767
1953-07-17,291.39
1953-07-18,279.372
1953-07-19,278.277
1953-07-20,258.291
1953-07-21,247.116
1953-07-22,242.313
1953-07-23,233.448
1953-07-24,222.076
1953-07-25,216.514
1953-07-26,211.728
1953-07-27,207.048
1953-07-28,202.582
1953-07-29,199.298
1953-07-30,198.042
1953-07-31,194.52
1953-08-01,201.048
1953-08-02,230.494
1953-08-03,258.89
1953-08-04,330.36
1953-08-05,279.691
1953-08-06,260.616
1953-08-07,209.74
1953-08-08,186.411
1953-08-09,238.868
1953-08-10,310.98
1953-08-11,292.019
1953-08-12,232.96
1953-08-13,182.715
1953-08-14,168.428
1953-08-15,156.906
1953-08-16,145.864
1953-08-17,151.606
1953-08-18,146.632
1953-08-19,201.839
1953-08-20,173.889
1953-08-21,169.327
1953-08-22,194.536
1953-08-23,186.815
1953-08-24,174.778
1953-08-25,172.582
1953-08-26,195.239
1953-08-27,207.048
1953-08-28,175.886
1953-08-29,184.468
1953-08-30,154.34
1953-08-31,147.233
1953-09-01,197.899
1953-09-02,263.762
1953-09-03,272.54
1953-09-04,205.767
1953-09-05,174.662
1953-09-06,158.854
1953-09-07,136.195
1953-09-08,175.822
1953-09-09,169.71
1953-09-10,166.97
1953-09-11,162.445
1953-09-12,148.263
1953-09-13,152.275
1953-09-14,180.48
1953-09-15,197.493
1953-09-16,178.0
1953-09-17,184.679
1953-09-18,187.334
1953-09-19,154.076
1953-09-20,180.529
1953-09-21,263.631
1953-09-22,258.44
1953-09-23,229.498
1953-09-24,184.88
1953-09-25,176.569
1953-09-26,126.774
1953-09-27,112.644
1953-09-28,114.563
1953-09-29,112.231
1953-09-30,110.739
1953-10-01,123.402
1953-10-02,116.478
1953-10-03,100.224
1953-10-04,104.663
1953-10-05,128.731
1953-10-06,176.277
1953-10-07,200.159
1953-10-08,191.96
1953-10-09,177.413
1953-10-10,203.504
1953-10-11,303.475
1953-10-12,261.334
1953-10-13,272.125
1953-10-14,247.648
1953-10-15,194.218
1953-10-16,187.668
1953-10-17,244.317
1953-10-18,284.212
1953-10-19,346.683
1953-10-20,396.148
1953-10-21,368.475
1953-10-22,317.02
1953-10-23,302.489
1953-10-24,331.774
1953-10-25,296.684
1953-10-26,320.738
1953-10-27,336.981
1953-10-28,322.443
1953-10-29,357.608
1953-10-30,377.408
1953-10-31,385.62
1953-11-01,433.279
1953-11-02,430.661
1953-11-03,468.454
1953-11-04,413.059
1953-11-05,432.166
1953-11-06,413.738
1953-11-07,431.391
1953-11-08,413.958
1953-11-09,548.363
1953-11-10,658.931
1953-11-11,591.91
1953-11-12,474.158
1953-11-13,356.487
1953-11-14,407.815
1953-11-15,608.795
1953-11-16,713.028
1953-11-17,809.854
1953-11-18,791.762
1953-11-19,894.173
1953-11-20,873.957
1953-11-21,771.733
1953-11-22,695.869
1953-11-23,663.428
1953-11-24,636.152
1953-11-25,656.38
1953-11-26,748.301
1953-11-27,824.079
1953-11-28,932.047
1953-11-29,1057.769
1953-11-30,1260.017
1953-12-01,1365.993
1953-12-02,1424.898
1953-12-03,1423.96
1953-12-04,1325.973
1953-12-05,1253.228
1953-12-06,1205.522
1953-12-07,1152.935
1953-12-08,1065.086
1953-12-09,936.278
1953-12-10,866.712
1953-12-11,815.591
1953-12-12,769.126
1953-12-13,741.951
1953-12-14,718.45
1953-12-15,725.778
1953-12-16,725.234
1953-12-17,656.944
1953-12-18,611.109
1953-12-19,588.486
1953-12-20,576.272
1953-12-21,532.115
1953-12-22,515.048
1953-12-23,507.122
1953-12-24,532.554
1953-12-25,583.03
1953-12-26,612.176
1953-12-27,622.651
1953-12-28,531.568
1953-12-29,548.178
1953-12-30,501.728
1953-12-31,446.767
1954-01-01,408.771
1954-01-02,387.415
1954-01-03,384.888
1954-01-04,340.402
1954-01-05,281.452
1954-01-06,242.501
1954-01-07,230.865
1954-01-08,225.935
1954-01-09,223.899
1954-01-10,234.992
1954-01-11,225.677
1954-01-12,208.328
1954-01-13,203.107
1954-01-14,196.937
1954-01-15,191.301
1954-01-16,186.959
1954-01-17,182.762
1954-01-18,178.487
1954-01-19,174.207
1954-01-20,170.12
1954-01-21,166.11
1954-01-22,162.383
1954-01-23,158.779
1954-01-24,155.533
1954-01-25,152.657
1954-01-26,149.287
1954-01-27,146.562
1954-01-28,151.434
1954-01-29,158.102
1954-01-30,154.141
1954-01-31,171.912
1954-02-01,186.13
1954-02-02,165.22
1954-02-03,142.897
1954-02-04,136.995
1954-02-05,142.155
1954-02-06,140.872
1954-02-07,127.595
1954-02-08,116.534
1954-02-09,114.112
1954-02-10,112.806
1954-02-11,112.288
1954-02-12,110.361
1954-02-13,109.267
1954-02-14,108.26
1954-02-15,115.647
1954-02-16,115.0
1954-02-17,116.267
1954-02-18,107.334
1954-02-19,98.447
1954-02-20,99.742
1954-02-21,128.02
1954-02-22,141.514
1954-02-23,130.425
1954-02-24,115.103
1954-02-25,131.449
1954-02-26,152.931
1954-02-27,162.031
1954-02-28,163.865
1954-03-01,153.794
1954-03-02,176.404
1954-03-03,179.758
1954-03-04,180.117
1954-03-05,167.71
1954-03-06,149.086
1954-03-07,147.182
1954-03-08,204.385
1954-03-09,183.852
1954-03-10,183.828
1954-03-11,194.245
1954-03-12,167.742
1954-03-13,134.841
1954-03-14,111.222
1954-03-15,90.394
1954-03-16,81.775
1954-03-17,80.898
1954-03-18,83.518
1954-03-19,93.586
1954-03-20,117.042
1954-03-21,175.325
1954-03-22,146.49
1954-03-23,152.244
1954-03-24,138.301
1954-03-25,160.46
1954-03-26,159.71
1954-03-27,149.772
1954-03-28,192.138
1954-03-29,204.575
1954-03-30,159.444
1954-03-31,162.965
1954-04-01,252.922
1954-04-02,223.658
1954-04-03,204.588
1954-04-04,191.817
1954-04-05,221.507
1954-04-06,331.963
1954-04-07,291.036
1954-04-08,318.855
1954-04-09,278.191
1954-04-10,256.304
1954-04-11,318.557
1954-04-12,278.97
1954-04-13,227.301
1954-04-14,216.564
1954-04-15,226.406
1954-04-16,244.629
1954-04-17,195.5
1954-04-18,174.088
1954-04-19,216.356
1954-04-20,236.226
1954-04-21,237.978
1954-04-22,219.184
1954-04-23,210.367
1954-04-24,170.547
1954-04-25,159.362
1954-04-26,167.145
1954-04-27,145.871
1954-04-28,136.667
1954-04-29,161.608
1954-04-30,186.957
1954-05-01,199.517
1954-05-02,189.795
1954-05-03,227.175
1954-05-04,214.766
1954-05-05,211.153
1954-05-06,196.933
1954-05-07,192.928
1954-05-08,245.436
1954-05-09,259.749
1954-05-10,320.362
1954-05-11,313.468
1954-05-12,252.025
1954-05-13,205.701
1954-05-14,208.684
1954-05-15,194.408
1954-05-16,275.587
1954-05-17,269.445
1954-05-18,227.61
1954-05-19,191.979
1954-05-20,184.678
1954-05-21,239.003
1954-05-22,261.15
1954-05-23,250.64
1954-05-24,206.269
1954-05-25,185.725
1954-05-26,196.053
1954-05-27,173.334
1954-05-28,152.466
1954-05-29,222.403
1954-05-30,295.106
1954-05-31,298.437
1954-06-01,330.943
1954-06-02,320.789
1954-06-03,239.239
1954-06-04,243.845
1954-06-05,221.623
1954-06-06,173.604
1954-06-07,155.277
1954-06-08,167.273
1954-06-09,161.435
1954-06-10,162.297
1954-06-11,194.165
1954-06-12,197.174
1954-06-13,183.024
1954-06-14,195.505
1954-06-15,168.282
1954-06-16,136.182
1954-06-17,124.132
1954-06-18,122.081
1954-06-19,120.49
1954-06-20,120.288
1954-06-21,122.642
1954-06-22,127.807
1954-06-23,148.351
1954-06-24,168.041
1954-06-25,158.72
1954-06-26,139.477
1954-06-27,123.0
1954-06-28,107.493
1954-06-29,104.671
1954-06-30,104.085
1954-07-01,104.326
1954-07-02,102.795
1954-07-03,103.334
1954-07-04,98.197
1954-07-05,94.172
1954-07-06,92.294
1954-07-07,90.529
1954-07-08,88.879
1954-07-09,88.456
1954-07-10,89.932
1954-07-11,96.247
1954-07-12,88.717
1954-07-13,85.82
1954-07-14,83.331
1954-07-15,82.045
1954-07-16,81.715
1954-07-17,88.832
1954-07-18,96.465
1954-07-19,119.857
1954-07-20,129.491
1954-07-21,92.991
1954-07-22,84.854
1954-07-23,88.128
1954-07-24,90.392
1954-07-25,78.965
1954-07-26,97.492
1954-07-27,92.619
1954-07-28,84.372
1954-07-29,84.39
1954-07-30,74.35
1954-07-31,79.456
1954-08-01,87.472
1954-08-02,113.932
1954-08-03,122.95
1954-08-04,92.084
1954-08-05,83.276
1954-08-06,105.117
1954-08-07,88.303
1954-08-08,76.398
1954-08-09,69.675
1954-08-10,72.673
1954-08-11,60.157
1954-08-12,57.142
1954-08-13,56.204
1954-08-14,55.938
1954-08-15,70.317
1954-08-16,94.108
1954-08-17,90.316
1954-08-18,72.87
1954-08-19,57.416
1954-08-20,70.878
1954-08-21,94.1
1954-08-22,140.15
1954-08-23,90.927
1954-08-24,111.299
1954-08-25,114.23
1954-08-26,99.595
1954-08-27,80.266
1954-08-28,75.495
1954-08-29,95.81
1954-08-30,129.349
1954-08-31,148.938
1954-09-01,142.745
1954-09-02,123.009
1954-09-03,97.804
1954-09-04,120.401
1954-09-05,128.857
1954-09-06,144.346
1954-09-07,152.286
1954-09-08,230.699
1954-09-09,245.805
1954-09-10,182.062
1954-09-11,155.558
1954-09-12,135.267
1954-09-13,120.776
1954-09-14,143.093
1954-09-15,165.974
1954-09-16,175.375
1954-09-17,221.545
1954-09-18,181.418
1954-09-19,161.624
1954-09-20,133.634
1954-09-21,103.865
1954-09-22,110.573
1954-09-23,111.687
1954-09-24,106.292
1954-09-25,97.782
1954-09-26,188.459
1954-09-27,237.289
1954-09-28,243.431
1954-09-29,227.585
1954-09-30,227.197
1954-10-01,262.41
1954-10-02,287.775
1954-10-03,283.396
1954-10-04,204.025
1954-10-05,177.272
1954-10-06,244.166
1954-10-07,211.528
1954-10-08,166.938
1954-10-09,112.93
1954-10-10,71.406
1954-10-11,67.262
1954-10-12,69.711
1954-10-13,86.847
1954-10-14,93.468
1954-10-15,99.013
1954-10-16,94.87
1954-10-17,72.641
1954-10-18,68.519
1954-10-19,72.058
1954-10-20,95.314
1954-10-21,105.416
1954-10-22,143.337
1954-10-23,152.493
1954-10-24,156.248
1954-10-25,156.102
1954-10-26,240.23
1954-10-27,226.352
1954-10-28,317.968
1954-10-29,353.463
1954-10-30,241.282
1954-10-31,169.407
1954-11-01,177.605
1954-11-02,128.531
1954-11-03,112.632
1954-11-04,92.155
1954-11-05,83.076
1954-11-06,104.456
1954-11-07,108.997
1954-11-08,96.078
1954-11-09,74.16
1954-11-10,72.57
1954-11-11,72.38
1954-11-12,67.348
1954-11-13,98.005
1954-11-14,92.212
1954-11-15,67.248
1954-11-16,70.456
1954-11-17,87.91
1954-11-18,97.037
1954-11-19,90.002
1954-11-20,73.276
1954-11-21,58.974
1954-11-22,56.663
1954-11-23,55.059
1954-11-24,56.789
1954-11-25,59.31
1954-11-26,59.024
1954-11-27,56.392
1954-11-28,54.924
1954-11-29,52.623
1954-11-30,59.422
1954-12-01,54.614
1954-12-02,58.821
1954-12-03,88.525
1954-12-04,110.202
1954-12-05,151.187
1954-12-06,169.57
1954-12-07,205.085
1954-12-08,226.8
1954-12-09,295.096
1954-12-10,146.24
1954-12-11,117.364
1954-12-12,109.067
1954-12-13,89.488
1954-12-14,138.855
1954-12-15,192.096
1954-12-16,164.524
1954-12-17,156.814
1954-12-18,130.463
1954-12-19,84.687
1954-12-20,53.552
1954-12-21,55.417
1954-12-22,52.121
1954-12-23,50.002
1954-12-24,49.384
1954-12-25,48.941
1954-12-26,48.473
1954-12-27,48.132
1954-12-28,47.563
1954-12-29,47.122
1954-12-30,46.715
1954-12-31,46.296
1955-01-01,46.589
1955-01-02,46.642
1955-01-03,46.828
1955-01-04,46.149
1955-01-05,44.535
1955-01-06,43.346
1955-01-07,45.208
1955-01-08,44.146
1955-01-09,44.84
1955-01-10,47.258
1955-01-11,50.218
1955-01-12,44.52
1955-01-13,40.872
1955-01-14,41.344
1955-01-15,41.601
1955-01-16,40.852
1955-01-17,40.023
1955-01-18,40.033
1955-01-19,51.07
1955-01-20,56.403
1955-01-21,80.082
1955-01-22,78.52
1955-01-23,83.478
1955-01-24,73.012
1955-01-25,59.382
1955-01-26,47.696
1955-01-27,56.535
1955-01-28,99.542
1955-01-29,145.928
1955-01-30,107.639
1955-01-31,91.235
1955-02-01,124.76
1955-02-02,185.405
1955-02-03,160.455
1955-02-04,141.902
1955-02-05,63.742
1955-02-06,49.229
1955-02-07,62.54
1955-02-08,94.732
1955-02-09,78.231
1955-02-10,70.112
1955-02-11,69.419
1955-02-12,84.035
1955-02-13,73.168
1955-02-14,43.271
1955-02-15,40.326
1955-02-16,35.158
1955-02-17,33.103
1955-02-18,35.57
1955-02-19,42.343
1955-02-20,43.172
1955-02-21,47.721
1955-02-22,63.372
1955-02-23,65.205
1955-02-24,59.03
1955-02-25,51.162
1955-02-26,45.342
1955-02-27,46.756
1955-02-28,69.989
1955-03-01,81.966
1955-03-02,93.689
1955-03-03,90.358
1955-03-04,63.91
1955-03-05,61.006
1955-03-06,47.262
1955-03-07,39.774
1955-03-08,57.922
1955-03-09,86.326
1955-03-10,120.865
1955-03-11,116.638
1955-03-12,89.882
1955-03-13,74.348
1955-03-14,61.212
1955-03-15,74.853
1955-03-16,71.374
1955-03-17,108.622
1955-03-18,82.148
1955-03-19,40.613
1955-03-20,45.74
1955-03-21,66.642
1955-03-22,85.648
1955-03-23,67.58
1955-03-24,37.836
1955-03-25,36.901
1955-03-26,61.958
1955-03-27,90.631
1955-03-28,125.733
1955-03-29,174.492
1955-03-30,295.545
1955-03-31,344.486
1955-04-01,276.442
1955-04-02,208.272
1955-04-03,141.226
1955-04-04,112.585
1955-04-05,80.114
1955-04-06,53.598
1955-04-07,55.837
1955-04-08,66.465
1955-04-09,77.27
1955-04-10,105.68
1955-04-11,198.912
1955-04-12,284.663
1955-04-13,259.608
1955-04-14,233.074
1955-04-15,169.561
1955-04-16,100.68
1955-04-17,158.478
1955-04-18,206.194
1955-04-19,164.208
1955-04-20,156.966
1955-04-21,112.374
1955-04-22,80.87
1955-04-23,62.913
1955-04-24,84.062
1955-04-25,104.982
1955-04-26,123.071
1955-04-27,115.949
1955-04-28,129.129
1955-04-29,108.288
1955-04-30,129.139
1955-05-01,163.792
1955-05-02,234.16
1955-05-03,278.948
1955-05-04,279.666
1955-05-05,322.614
1955-05-06,334.255
1955-05-07,219.332
1955-05-08,150.966
1955-05-09,221.541
1955-05-10,300.118
1955-05-11,315.903
1955-05-12,326.653
1955-05-13,340.711
1955-05-14,276.135
1955-05-15,186.125
1955-05-16,165.915
1955-05-17,201.288
1955-05-18,228.46
1955-05-19,232.324
1955-05-20,224.603
1955-05-21,256.084
1955-05-22,253.102
1955-05-23,210.582
1955-05-24,230.254
1955-05-25,225.419
1955-05-26,176.563
1955-05-27,163.919
1955-05-28,147.49
1955-05-29,131.082
1955-05-30,116.084
1955-05-31,104.375
1955-06-01,106.945
1955-06-02,126.144
1955-06-03,134.347
1955-06-04,122.272
1955-06-05,122.642
1955-06-06,108.024
1955-06-07,96.313
1955-06-08,101.361
1955-06-09,101.018
1955-06-10,93.892
1955-06-11,89.522
1955-06-12,85.599
1955-06-13,87.954
1955-06-14,94.175
1955-06-15,88.855
1955-06-16,80.258
1955-06-17,78.901
1955-06-18,77.045
1955-06-19,81.843
1955-06-20,81.05
1955-06-21,74.506
1955-06-22,70.12
1955-06-23,67.423
1955-06-24,66.14
1955-06-25,64.81
1955-06-26,63.775
1955-06-27,63.91
1955-06-28,62.944
1955-06-29,64.912
1955-06-30,65.255
1955-07-01,73.701
1955-07-02,90.505
1955-07-03,78.268
1955-07-04,74.61
1955-07-05,73.072
1955-07-06,68.238
1955-07-07,80.142
1955-07-08,77.019
1955-07-09,68.945
1955-07-10,67.726
1955-07-11,55.208
1955-07-12,60.122
1955-07-13,71.357
1955-07-14,67.519
1955-07-15,64.54
1955-07-16,66.596
1955-07-17,50.531
1955-07-18,48.765
1955-07-19,73.636
1955-07-20,148.884
1955-07-21,164.489
1955-07-22,256.167
1955-07-23,250.813
1955-07-24,145.629
1955-07-25,127.91
1955-07-26,89.361
1955-07-27,89.255
1955-07-28,88.792
1955-07-29,113.272
1955-07-30,96.299
1955-07-31,70.687
1955-08-01,69.562
1955-08-02,66.905
1955-08-03,59.237
1955-08-04,97.398
1955-08-05,79.759
1955-08-06,58.392
1955-08-07,63.63
1955-08-08,69.399
1955-08-09,67.34
1955-08-10,72.876
1955-08-11,79.041
1955-08-12,98.156
1955-08-13,80.321
1955-08-14,57.382
1955-08-15,47.769
1955-08-16,49.018
1955-08-17,51.146
1955-08-18,59.232
1955-08-19,51.908
1955-08-20,46.38
1955-08-21,44.406
1955-08-22,53.718
1955-08-23,78.336
1955-08-24,84.298
1955-08-25,74.248
1955-08-26,82.415
1955-08-27,78.111
1955-08-28,91.593
1955-08-29,76.365
1955-08-30,98.08
1955-08-31,86.669
1955-09-01,90.066
1955-09-02,103.795
1955-09-03,130.763
1955-09-04,88.43
1955-09-05,84.535
1955-09-06,67.491
1955-09-07,81.635
1955-09-08,109.989
1955-09-09,115.14
1955-09-10,170.641
1955-09-11,186.286
1955-09-12,150.911
1955-09-13,185.298
1955-09-14,191.565
1955-09-15,210.307
1955-09-16,176.968
1955-09-17,149.235
1955-09-18,138.091
1955-09-19,162.423
1955-09-20,150.192
1955-09-21,139.782
1955-09-22,173.822
1955-09-23,202.746
1955-09-24,195.662
1955-09-25,209.268
1955-09-26,201.18
1955-09-27,154.905
1955-09-28,124.147
1955-09-29,162.768
1955-09-30,155.359
1955-10-01,119.332
1955-10-02,110.303
1955-10-03,210.245
1955-10-04,263.503
1955-10-05,236.851
1955-10-06,206.141
1955-10-07,201.416
1955-10-08,209.233
1955-10-09,223.762
1955-10-10,259.054
1955-10-11,239.032
1955-10-12,189.105
1955-10-13,164.321
1955-10-14,114.024
1955-10-15,112.93
1955-10-16,146.622
1955-10-17,168.86
1955-10-18,160.754
1955-10-19,220.185
1955-10-20,221.592
1955-10-21,226.165
1955-10-22,228.192
1955-10-23,199.374
1955-10-24,326.673
1955-10-25,326.615
1955-10-26,315.408
1955-10-27,220.785
1955-10-28,165.179
1955-10-29,181.089
1955-10-30,236.788
1955-10-31,273.82
1955-11-01,253.656
1955-11-02,282.812
1955-11-03,311.064
1955-11-04,288.892
1955-11-05,289.665
1955-11-06,349.092
1955-11-07,552.806
1955-11-08,569.762
1955-11-09,579.49
1955-11-10,393.054
1955-11-11,343.306
1955-11-12,290.452
1955-11-13,268.422
1955-11-14,213.918
1955-11-15,174.189
1955-11-16,157.45
1955-11-17,147.226
1955-11-18,175.281
1955-11-19,156.7
1955-11-20,153.341
1955-11-21,134.178
1955-11-22,122.317
1955-11-23,118.43
1955-11-24,118.203
1955-11-25,124.441
1955-11-26,133.442
1955-11-27,128.164
1955-11-28,115.728
1955-11-29,106.89
1955-11-30,102.074
1955-12-01,100.732
1955-12-02,102.448
1955-12-03,104.913
1955-12-04,112.245
1955-12-05,110.045
1955-12-06,96.709
1955-12-07,89.396
1955-12-08,87.417
1955-12-09,88.221
1955-12-10,89.706
1955-12-11,83.435
1955-12-12,80.05
1955-12-13,78.884
1955-12-14,82.587
1955-12-15,104.047
1955-12-16,93.436
1955-12-17,89.735
1955-12-18,120.373
1955-12-19,171.336
1955-12-20,119.381
1955-12-21,101.62
1955-12-22,108.428
1955-12-23,103.898
1955-12-24,84.848
1955-12-25,100.6
1955-12-26,98.305
1955-12-27,79.078
1955-12-28,74.459
1955-12-29,72.451
1955-12-30,93.552
1955-12-31,91.585
1956-01-01,122.821
1956-01-02,92.777
1956-01-03,79.913
1956-01-04,96.36
1956-01-05,90.895
1956-01-06,74.355
1956-01-07,61.275
1956-01-08,61.062
1956-01-09,70.324
1956-01-10,81.487
1956-01-11,96.074
1956-01-12,90.232
1956-01-13,62.124
1956-01-14,54.454
1956-01-15,54.174
1956-01-16,56.128
1956-01-17,65.48
1956-01-18,62.43
1956-01-19,66.295
1956-01-20,66.122
1956-01-21,54.612
1956-01-22,74.928
1956-01-23,75.742
1956-01-24,51.957
1956-01-25,48.38
1956-01-26,50.251
1956-01-27,68.186
1956-01-28,68.617
1956-01-29,52.613
1956-01-30,51.792
1956-01-31,68.523
1956-02-01,103.595
1956-02-02,81.962
1956-02-03,69.453
1956-02-04,63.87
1956-02-05,56.65
1956-02-06,66.8
1956-02-07,55.915
1956-02-08,45.792
1956-02-09,46.767
1956-02-10,47.414
1956-02-11,47.172
1956-02-12,45.09
1956-02-13,41.645
1956-02-14,41.344
1956-02-15,43.733
1956-02-16,46.027
1956-02-17,43.502
1956-02-18,52.355
1956-02-19,68.713
1956-02-20,85.087
1956-02-21,68.097
1956-02-22,62.63
1956-02-23,86.062
1956-02-24,82.494
1956-02-25,72.057
1956-02-26,63.26
1956-02-27,62.002
1956-02-28,52.196
1956-02-29,44.376
1956-03-01,48.548
1956-03-02,45.66
1956-03-03,37.85
1956-03-04,35.337
1956-03-05,34.66
1956-03-06,40.439
1956-03-07,38.527
1956-03-08,37.532
1956-03-09,35.663
1956-03-10,38.437
1956-03-11,38.33
1956-03-12,34.802
1956-03-13,32.422
1956-03-14,33.117
1956-03-15,38.285
1956-03-16,51.068
1956-03-17,45.992
1956-03-18,37.271
1956-03-19,44.671
1956-03-20,50.906
1956-03-21,52.893
1956-03-22,63.09
1956-03-23,62.221
1956-03-24,70.26
1956-03-25,93.041
1956-03-26,71.281
1956-03-27,71.183
1956-03-28,77.956
1956-03-29,59.336
1956-03-30,76.407
1956-03-31,105.889
1956-04-01,109.908
1956-04-02,63.875
1956-04-03,110.686
1956-04-04,207.147
1956-04-05,230.525
1956-04-06,219.321
1956-04-07,148.921
1956-04-08,63.822
1956-04-09,59.272
1956-04-10,56.159
1956-04-11,38.63
1956-04-12,40.453
1956-04-13,96.0
1956-04-14,150.47
1956-04-15,187.67
1956-04-16,223.981
1956-04-17,298.677
1956-04-18,402.937
1956-04-19,385.181
1956-04-20,415.557
1956-04-21,373.307
1956-04-22,346.365
1956-04-23,316.119
1956-04-24,283.316
1956-04-25,269.775
1956-04-26,317.192
1956-04-27,269.62
1956-04-28,239.989
1956-04-29,230.513
1956-04-30,231.288
1956-05-01,286.224
1956-05-02,288.865
1956-05-03,309.207
1956-05-04,237.392
1956-05-05,234.642
1956-05-06,219.255
1956-05-07,219.627
1956-05-08,316.225
1956-05-09,304.192
1956-05-10,245.456
1956-05-11,223.134
1956-05-12,202.916
1956-05-13,277.798
1956-05-14,327.345
1956-05-15,335.18
1956-05-16,277.577
1956-05-17,260.889
1956-05-18,213.672
1956-05-19,202.33
1956-05-20,246.809
1956-05-21,305.58
1956-05-22,352.996
1956-05-23,316.374
1956-05-24,279.501
1956-05-25,275.157
1956-05-26,280.658
1956-05-27,359.768
1956-05-28,299.07
1956-05-29,346.811
1956-05-30,368.332
1956-05-31,355.712
1956-06-01,309.646
1956-06-02,251.279
1956-06-03,322.383
1956-06-04,359.137
1956-06-05,267.48
1956-06-06,250.333
1956-06-07,243.993
1956-06-08,214.326
1956-06-09,188.455
1956-06-10,177.813
1956-06-11,173.052
1956-06-12,176.754
1956-06-13,179.603
1956-06-14,223.888
1956-06-15,250.403
1956-06-16,211.684
1956-06-17,186.908
1956-06-18,172.26
1956-06-19,147.087
1956-06-20,137.571
1956-06-21,125.997
1956-06-22,129.137
1956-06-23,122.537
1956-06-24,119.148
1956-06-25,120.935
1956-06-26,120.024
1956-06-27,125.597
1956-06-28,113.025
1956-06-29,118.376
1956-06-30,129.05
1956-07-01,123.432
1956-07-02,119.654
1956-07-03,116.56
1956-07-04,108.714
1956-07-05,114.959
1956-07-06,105.664
1956-07-07,99.695
1956-07-08,96.332
1956-07-09,88.595
1956-07-10,85.44
1956-07-11,87.042
1956-07-12,90.038
1956-07-13,115.029
1956-07-14,103.037
1956-07-15,87.578
1956-07-16,81.037
1956-07-17,78.308
1956-07-18,75.922
1956-07-19,105.78
1956-07-20,103.702
1956-07-21,109.817
1956-07-22,97.865
1956-07-23,95.93
1956-07-24,93.794
1956-07-25,84.911
1956-07-26,91.646
1956-07-27,89.08
1956-07-28,76.679
1956-07-29,80.764
1956-07-30,102.926
1956-07-31,122.855
1956-08-01,102.002
1956-08-02,79.373
1956-08-03,75.166
1956-08-04,68.757
1956-08-05,66.509
1956-08-06,80.382
1956-08-07,69.621
1956-08-08,63.223
1956-08-09,87.62
1956-08-10,133.094
1956-08-11,146.85
1956-08-12,147.521
1956-08-13,152.154
1956-08-14,149.12
1956-08-15,148.187
1956-08-16,102.885
1956-08-17,72.254
1956-08-18,80.395
1956-08-19,102.067
1956-08-20,121.543
1956-08-21,84.182
1956-08-22,76.535
1956-08-23,91.364
1956-08-24,118.815
1956-08-25,106.759
1956-08-26,82.343
1956-08-27,110.748
1956-08-28,89.203
1956-08-29,115.053
1956-08-30,134.79
1956-08-31,174.673
1956-09-01,227.111
1956-09-02,187.008
1956-09-03,201.416
1956-09-04,285.395
1956-09-05,228.856
1956-09-06,218.385
1956-09-07,146.645
1956-09-08,138.013
1956-09-09,155.964
1956-09-10,203.432
1956-09-11,175.619
1956-09-12,196.867
1956-09-13,169.301
1956-09-14,109.332
1956-09-15,83.909
1956-09-16,139.191
1956-09-17,124.62
1956-09-18,100.242
1956-09-19,94.905
1956-09-20,83.24
1956-09-21,97.837
1956-09-22,129.904
1956-09-23,145.14
1956-09-24,136.099
1956-09-25,113.87
1956-09-26,126.515
1956-09-27,244.183
1956-09-28,210.043
1956-09-29,187.735
1956-09-30,195.044
1956-10-01,252.685
1956-10-02,333.485
1956-10-03,241.935
1956-10-04,253.018
1956-10-05,219.241
1956-10-06,205.619
1956-10-07,177.237
1956-10-08,130.196
1956-10-09,208.257
1956-10-10,224.416
1956-10-11,187.415
1956-10-12,167.741
1956-10-13,168.915
1956-10-14,159.742
1956-10-15,192.778
1956-10-16,193.48
1956-10-17,148.516
1956-10-18,87.109
1956-10-19,75.797
1956-10-20,77.946
1956-10-21,87.99
1956-10-22,130.982
1956-10-23,155.187
1956-10-24,155.775
1956-10-25,139.007
1956-10-26,188.922
1956-10-27,312.692
1956-10-28,414.715
1956-10-29,368.493
1956-10-30,345.761
1956-10-31,486.748
1956-11-01,526.417
1956-11-02,467.305
1956-11-03,402.102
1956-11-04,316.126
1956-11-05,389.477
1956-11-06,377.299
1956-11-07,322.85
1956-11-08,260.537
1956-11-09,252.115
1956-11-10,295.765
1956-11-11,302.452
1956-11-12,272.956
1956-11-13,277.61
1956-11-14,292.788
1956-11-15,299.009
1956-11-16,234.184
1956-11-17,208.555
1956-11-18,239.137
1956-11-19,218.582
1956-11-20,174.975
1956-11-21,193.025
1956-11-22,191.381
1956-11-23,178.448
1956-11-24,161.134
1956-11-25,130.134
1956-11-26,131.686
1956-11-27,151.545
1956-11-28,181.898
1956-11-29,183.87
1956-11-30,182.879
1956-12-01,204.662
1956-12-02,164.975
1956-12-03,178.795
1956-12-04,180.384
1956-12-05,192.581
1956-12-06,185.974
1956-12-07,215.44
1956-12-08,188.485
1956-12-09,154.679
1956-12-10,109.431
1956-12-11,107.71
1956-12-12,164.871
1956-12-13,166.448
1956-12-14,155.319
1956-12-15,150.417
1956-12-16,149.81
1956-12-17,175.565
1956-12-18,158.596
1956-12-19,146.436
1956-12-20,143.275
1956-12-21,127.24
1956-12-22,125.498
1956-12-23,116.87
1956-12-24,121.175
1956-12-25,114.048
1956-12-26,111.327
1956-12-27,105.006
1956-12-28,113.655
1956-12-29,141.271
1956-12-30,155.148
1956-12-31,147.307
1957-01-01,131.322
1957-01-02,122.686
1957-01-03,133.473
1957-01-04,140.361
1957-01-05,142.106
1957-01-06,164.832
1957-01-07,200.932
1957-01-08,280.09
1957-01-09,327.754
1957-01-10,309.611
1957-01-11,395.046
1957-01-12,323.94
1957-01-13,271.43
1957-01-14,221.98
1957-01-15,147.096
1957-01-16,126.337
1957-01-17,124.906
1957-01-18,123.753
1957-01-19,124.874
1957-01-20,132.841
1957-01-21,129.332
1957-01-22,127.445
1957-01-23,130.225
1957-01-24,126.19
1957-01-25,116.591
1957-01-26,113.766
1957-01-27,106.132
1957-01-28,101.864
1957-01-29,99.311
1957-01-30,97.533
1957-01-31,109.571
1957-02-01,248.858
1957-02-02,443.217
1957-02-03,328.851
1957-02-04,322.563
1957-02-05,259.689
1957-02-06,105.928
1957-02-07,85.147
1957-02-08,83.619
1957-02-09,82.34
1957-02-10,81.039
1957-02-11,79.701
1957-02-12,78.582
1957-02-13,77.635
1957-02-14,76.47
1957-02-15,74.727
1957-02-16,73.153
1957-02-17,71.59
1957-02-18,70.352
1957-02-19,69.282
1957-02-20,69.625
1957-02-21,74.418
1957-02-22,79.47
1957-02-23,84.593
1957-02-24,121.785
1957-02-25,134.238
1957-02-26,87.85
1957-02-27,93.48
1957-02-28,91.844
1957-03-01,99.408
1957-03-02,77.0
1957-03-03,106.217
1957-03-04,167.32
1957-03-05,384.923
1957-03-06,924.944
1957-03-07,1293.137
1957-03-08,605.129
1957-03-09,440.709
1957-03-10,364.669
1957-03-11,290.974
1957-03-12,490.169
1957-03-13,507.7
1957-03-14,427.456
1957-03-15,301.442
1957-03-16,177.343
1957-03-17,208.048
1957-03-18,202.675
1957-03-19,154.645
1957-03-20,183.672
1957-03-21,135.325
1957-03-22,115.716
1957-03-23,116.765
1957-03-24,241.984
1957-03-25,340.315
1957-03-26,376.133
1957-03-27,269.251
1957-03-28,232.67
1957-03-29,247.2
1957-03-30,283.952
1957-03-31,310.051
1957-04-01,368.329
1957-04-02,391.682
1957-04-03,367.352
1957-04-04,309.436
1957-04-05,229.85
1957-04-06,175.739
1957-04-07,188.005
1957-04-08,182.07
1957-04-09,190.938
1957-04-10,191.865
1957-04-11,203.545
1957-04-12,199.537
1957-04-13,261.09
1957-04-14,281.974
1957-04-15,233.949
1957-04-16,257.951
1957-04-17,237.779
1957-04-18,196.294
1957-04-19,174.05
1957-04-20,193.402
1957-04-21,256.652
1957-04-22,340.982
1957-04-23,323.584
1957-04-24,319.885
1957-04-25,246.578
1957-04-26,183.893
1957-04-27,164.152
1957-04-28,173.202
1957-04-29,169.5
1957-04-30,180.418
1957-05-01,176.567
1957-05-02,172.26
1957-05-03,168.469
1957-05-04,159.684
1957-05-05,196.732
1957-05-06,202.459
1957-05-07,176.09
1957-05-08,170.267
1957-05-09,165.696
1957-05-10,182.071
1957-05-11,201.791
1957-05-12,177.136
1957-05-13,174.345
1957-05-14,194.168
1957-05-15,185.662
1957-05-16,165.169
1957-05-17,195.738
1957-05-18,222.317
1957-05-19,243.302
1957-05-20,303.225
1957-05-21,279.239
1957-05-22,259.754
1957-05-23,288.911
1957-05-24,235.01
1957-05-25,221.145
1957-05-26,200.744
1957-05-27,192.635
1957-05-28,188.438
1957-05-29,157.7
1957-05-30,165.178
1957-05-31,178.824
1957-06-01,185.672
1957-06-02,200.815
1957-06-03,236.523
1957-06-04,246.865
1957-06-05,249.481
1957-06-06,247.613
1957-06-07,227.245
1957-06-08,185.895
1957-06-09,175.479
1957-06-10,148.809
1957-06-11,140.29
1957-06-12,157.655
1957-06-13,183.935
1957-06-14,204.751
1957-06-15,207.471
1957-06-16,181.357
1957-06-17,156.509
1957-06-18,138.113
1957-06-19,124.978
1957-06-20,135.098
1957-06-21,132.465
1957-06-22,126.585
1957-06-23,149.965
1957-06-24,143.123
1957-06-25,177.732
1957-06-26,181.493
1957-06-27,162.968
1957-06-28,166.853
1957-06-29,186.03
1957-06-30,179.932
1957-07-01,143.582
1957-07-02,119.007
1957-07-03,112.173
1957-07-04,107.875
1957-07-05,103.85
1957-07-06,105.261
1957-07-07,110.578
1957-07-08,122.345
1957-07-09,121.697
1957-07-10,120.755
1957-07-11,126.805
1957-07-12,118.342
1957-07-13,107.942
1957-07-14,94.234
1957-07-15,92.609
1957-07-16,101.594
1957-07-17,103.04
1957-07-18,102.828
1957-07-19,97.147
1957-07-20,94.734
1957-07-21,98.567
1957-07-22,104.339
1957-07-23,96.31
1957-07-24,82.065
1957-07-25,79.472
1957-07-26,81.54
1957-07-27,96.127
1957-07-28,110.689
1957-07-29,88.468
1957-07-30,95.62
1957-07-31,98.84
1957-08-01,103.141
1957-08-02,101.694
1957-08-03,138.534
1957-08-04,128.597
1957-08-05,116.47
1957-08-06,113.199
1957-08-07,105.479
1957-08-08,88.351
1957-08-09,85.05
1957-08-10,89.704
1957-08-11,93.463
1957-08-12,100.605
1957-08-13,93.39
1957-08-14,92.402
1957-08-15,92.613
1957-08-16,93.533
1957-08-17,95.169
1957-08-18,102.04
1957-08-19,90.78
1957-08-20,78.679
1957-08-21,73.148
1957-08-22,65.195
1957-08-23,61.782
1957-08-24,59.581
1957-08-25,59.543
1957-08-26,69.818
1957-08-27,71.113
1957-08-28,85.366
1957-08-29,97.015
1957-08-30,136.091
1957-08-31,145.274
1957-09-01,151.493
1957-09-02,132.633
1957-09-03,131.88
1957-09-04,134.48
1957-09-05,107.508
1957-09-06,93.275
1957-09-07,69.39
1957-09-08,63.757
1957-09-09,70.38
1957-09-10,72.381
1957-09-11,65.597
1957-09-12,67.58
1957-09-13,70.741
1957-09-14,67.215
1957-09-15,71.253
1957-09-16,83.298
1957-09-17,132.369
1957-09-18,169.595
1957-09-19,145.598
1957-09-20,102.302
1957-09-21,81.533
1957-09-22,67.898
1957-09-23,57.803
1957-09-24,59.1
1957-09-25,52.218
1957-09-26,51.729
1957-09-27,48.408
1957-09-28,48.218
1957-09-29,51.157
1957-09-30,61.025
1957-10-01,91.234
1957-10-02,74.789
1957-10-03,55.765
1957-10-04,60.712
1957-10-05,64.376
1957-10-06,80.282
1957-10-07,91.15
1957-10-08,111.955
1957-10-09,167.252
1957-10-10,132.689
1957-10-11,78.771
1957-10-12,80.02
1957-10-13,116.524
1957-10-14,116.131
1957-10-15,128.311
1957-10-16,79.232
1957-10-17,89.393
1957-10-18,66.23
1957-10-19,69.078
1957-10-20,78.811
1957-10-21,72.331
1957-10-22,71.179
1957-10-23,90.493
1957-10-24,89.177
1957-10-25,124.952
1957-10-26,126.856
1957-10-27,129.811
1957-10-28,137.392
1957-10-29,184.288
1957-10-30,243.979
1957-10-31,286.395
1957-11-01,226.925
1957-11-02,227.455
1957-11-03,161.257
1957-11-04,126.886
1957-11-05,171.025
1957-11-06,188.169
1957-11-07,235.928
1957-11-08,150.242
1957-11-09,108.599
1957-11-10,107.928
1957-11-11,117.776
1957-11-12,125.611
1957-11-13,109.129
1957-11-14,147.24
1957-11-15,144.216
1957-11-16,153.63
1957-11-17,150.342
1957-11-18,99.313
1957-11-19,61.82
1957-11-20,53.821
1957-11-21,56.585
1957-11-22,58.082
1957-11-23,61.675
1957-11-24,57.919
1957-11-25,55.606
1957-11-26,57.996
1957-11-27,73.655
1957-11-28,77.128
1957-11-29,74.288
1957-11-30,70.803
1957-12-01,140.827
1957-12-02,231.626
1957-12-03,284.534
1957-12-04,327.564
1957-12-05,278.267
1957-12-06,226.933
1957-12-07,198.41
1957-12-08,171.802
1957-12-09,169.258
1957-12-10,230.111
1957-12-11,326.422
1957-12-12,274.25
1957-12-13,219.733
1957-12-14,275.922
1957-12-15,261.055
1957-12-16,278.007
1957-12-17,280.426
1957-12-18,160.091
1957-12-19,111.195
1957-12-20,102.262
1957-12-21,99.558
1957-12-22,125.84
1957-12-23,106.892
1957-12-24,102.24
1957-12-25,95.973
1957-12-26,92.841
1957-12-27,89.076
1957-12-28,85.591
1957-12-29,83.476
1957-12-30,81.943
1957-12-31,80.487
1958-01-01,78.856
1958-01-02,77.247
1958-01-03,75.918
1958-01-04,77.027
1958-01-05,75.506
1958-01-06,69.582
1958-01-07,68.016
1958-01-08,67.269
1958-01-09,65.263
1958-01-10,62.553
1958-01-11,60.519
1958-01-12,59.086
1958-01-13,58.072
1958-01-14,57.561
1958-01-15,59.402
1958-01-16,58.342
1958-01-17,55.753
1958-01-18,54.523
1958-01-19,51.605
1958-01-20,49.397
1958-01-21,48.759
1958-01-22,48.757
1958-01-23,47.89
1958-01-24,47.029
1958-01-25,45.817
1958-01-26,44.448
1958-01-27,43.826
1958-01-28,42.82
1958-01-29,42.496
1958-01-30,49.322
1958-01-31,50.662
1958-02-01,68.77
1958-02-02,89.856
1958-02-03,75.841
1958-02-04,51.156
1958-02-05,39.78
1958-02-06,38.261
1958-02-07,37.32
1958-02-08,38.163
1958-02-09,38.059
1958-02-10,36.85
1958-02-11,43.285
1958-02-12,65.808
1958-02-13,55.63
1958-02-14,50.41
1958-02-15,76.047
1958-02-16,73.307
1958-02-17,48.543
1958-02-18,37.018
1958-02-19,30.744
1958-02-20,29.471
1958-02-21,29.236
1958-02-22,29.036
1958-02-23,29.026
1958-02-24,28.48
1958-02-25,27.785
1958-02-26,27.763
1958-02-27,28.283
1958-02-28,27.875
1958-03-01,26.524
1958-03-02,26.339
1958-03-03,27.059
1958-03-04,28.616
1958-03-05,27.442
1958-03-06,29.451
1958-03-07,27.557
1958-03-08,28.824
1958-03-09,31.819
1958-03-10,36.918
1958-03-11,33.235
1958-03-12,30.946
1958-03-13,25.247
1958-03-14,28.059
1958-03-15,24.809
1958-03-16,24.148
1958-03-17,53.024
1958-03-18,102.624
1958-03-19,85.946
1958-03-20,93.078
1958-03-21,74.701
1958-03-22,66.702
1958-03-23,48.614
1958-03-24,72.844
1958-03-25,65.192
1958-03-26,40.367
1958-03-27,32.421
1958-03-28,47.582
1958-03-29,45.871
1958-03-30,44.633
1958-03-31,46.035
1958-04-01,29.175
1958-04-02,37.393
1958-04-03,54.567
1958-04-04,54.602
1958-04-05,60.987
1958-04-06,57.094
1958-04-07,35.836
1958-04-08,28.569
1958-04-09,23.882
1958-04-10,37.615
1958-04-11,66.989
1958-04-12,60.397
1958-04-13,94.02
1958-04-14,69.732
1958-04-15,43.844
1958-04-16,30.816
1958-04-17,45.151
1958-04-18,53.268
1958-04-19,109.072
1958-04-20,159.071
1958-04-21,227.161
1958-04-22,246.563
1958-04-23,221.846
1958-04-24,213.93
1958-04-25,205.874
1958-04-26,342.247
1958-04-27,363.672
1958-04-28,177.136
1958-04-29,187.12
1958-04-30,200.014
1958-05-01,179.416
1958-05-02,268.515
1958-05-03,251.54
1958-05-04,184.255
1958-05-05,110.255
1958-05-06,109.452
1958-05-07,121.345
1958-05-08,163.4
1958-05-09,260.79
1958-05-10,242.19
1958-05-11,231.045
1958-05-12,188.354
1958-05-13,169.555
1958-05-14,194.95
1958-05-15,266.173
1958-05-16,276.017
1958-05-17,233.386
1958-05-18,160.12
1958-05-19,137.154
1958-05-20,153.302
1958-05-21,148.932
1958-05-22,114.052
1958-05-23,86.281
1958-05-24,84.267
1958-05-25,84.809
1958-05-26,83.846
1958-05-27,82.914
1958-05-28,84.848
1958-05-29,104.229
1958-05-30,103.514
1958-05-31,84.351
1958-06-01,76.502
1958-06-02,75.565
1958-06-03,76.392
1958-06-04,93.176
1958-06-05,126.746
1958-06-06,106.622
1958-06-07,94.769
1958-06-08,114.663
1958-06-09,115.602
1958-06-10,122.061
1958-06-11,111.922
1958-06-12,83.067
1958-06-13,73.712
1958-06-14,73.73
1958-06-15,70.531
1958-06-16,87.033
1958-06-17,93.443
1958-06-18,70.647
1958-06-19,58.532
1958-06-20,57.093
1958-06-21,57.016
1958-06-22,69.395
1958-06-23,69.105
1958-06-24,74.405
1958-06-25,72.085
1958-06-26,93.786
1958-06-27,90.758
1958-06-28,91.408
1958-06-29,85.329
1958-06-30,84.32
1958-07-01,84.574
1958-07-02,75.154
1958-07-03,61.972
1958-07-04,56.975
1958-07-05,54.472
1958-07-06,48.568
1958-07-07,65.963
1958-07-08,75.225
1958-07-09,66.53
1958-07-10,65.304
1958-07-11,57.349
1958-07-12,74.485
1958-07-13,69.117
1958-07-14,78.315
1958-07-15,157.305
1958-07-16,141.781
1958-07-17,110.684
1958-07-18,125.935
1958-07-19,186.42
1958-07-20,198.181
1958-07-21,167.686
1958-07-22,155.193
1958-07-23,159.685
1958-07-24,179.258
1958-07-25,184.452
1958-07-26,161.172
1958-07-27,154.945
1958-07-28,107.032
1958-07-29,100.772
1958-07-30,75.594
1958-07-31,80.659
1958-08-01,128.73
1958-08-02,160.115
1958-08-03,189.71
1958-08-04,149.076
1958-08-05,178.633
1958-08-06,133.521
1958-08-07,118.773
1958-08-08,133.888
1958-08-09,155.961
1958-08-10,173.96
1958-08-11,279.718
1958-08-12,243.262
1958-08-13,209.961
1958-08-14,190.491
1958-08-15,145.835
1958-08-16,108.99
1958-08-17,103.3
1958-08-18,119.297
1958-08-19,170.031
1958-08-20,204.598
1958-08-21,206.04
1958-08-22,225.257
1958-08-23,235.938
1958-08-24,261.872
1958-08-25,203.981
1958-08-26,169.834
1958-08-27,153.231
1958-08-28,145.869
1958-08-29,136.723
1958-08-30,118.526
1958-08-31,120.357
1958-09-01,106.87
1958-09-02,93.402
1958-09-03,117.074
1958-09-04,93.271
1958-09-05,84.101
1958-09-06,98.429
1958-09-07,107.4
1958-09-08,166.938
1958-09-09,258.37
1958-09-10,229.327
1958-09-11,148.675
1958-09-12,106.169
1958-09-13,100.927
1958-09-14,125.457
1958-09-15,160.747
1958-09-16,159.205
1958-09-17,182.162
1958-09-18,203.601
1958-09-19,173.345
1958-09-20,196.084
1958-09-21,146.49
1958-09-22,122.86
1958-09-23,140.788
1958-09-24,139.209
1958-09-25,183.911
1958-09-26,137.305
1958-09-27,136.16
1958-09-28,123.5
1958-09-29,96.854
1958-09-30,103.922
1958-10-01,82.917
1958-10-02,80.435
1958-10-03,84.946
1958-10-04,82.639
1958-10-05,77.487
1958-10-06,82.441
1958-10-07,76.275
1958-10-08,81.524
1958-10-09,83.653
1958-10-10,120.352
1958-10-11,134.053
1958-10-12,212.222
1958-10-13,204.685
1958-10-14,160.522
1958-10-15,184.521
1958-10-16,288.927
1958-10-17,245.178
1958-10-18,156.328
1958-10-19,107.351
1958-10-20,90.446
1958-10-21,78.782
1958-10-22,66.912
1958-10-23,65.797
1958-10-24,84.239
1958-10-25,76.733
1958-10-26,80.153
1958-10-27,79.605
1958-10-28,72.092
1958-10-29,67.111
1958-10-30,64.058
1958-10-31,60.7
1958-11-01,61.151
1958-11-02,63.827
1958-11-03,62.566
1958-11-04,64.985
1958-11-05,63.875
1958-11-06,57.45
1958-11-07,54.658
1958-11-08,64.409
1958-11-09,76.527
1958-11-10,75.958
1958-11-11,67.857
1958-11-12,84.612
1958-11-13,128.03
1958-11-14,119.102
1958-11-15,165.432
1958-11-16,154.689
1958-11-17,107.801
1958-11-18,80.328
1958-11-19,99.853
1958-11-20,94.939
1958-11-21,79.665
1958-11-22,81.123
1958-11-23,94.726
1958-11-24,79.528
1958-11-25,95.223
1958-11-26,129.68
1958-11-27,137.131
1958-11-28,177.144
1958-11-29,283.711
1958-11-30,215.496
1958-12-01,169.984
1958-12-02,139.499
1958-12-03,85.401
1958-12-04,63.79
1958-12-05,65.68
1958-12-06,119.873
1958-12-07,115.306
1958-12-08,94.247
1958-12-09,126.292
1958-12-10,127.526
1958-12-11,153.127
1958-12-12,247.3
1958-12-13,315.582
1958-12-14,188.26
1958-12-15,126.738
1958-12-16,200.298
1958-12-17,278.673
1958-12-18,390.463
1958-12-19,371.567
1958-12-20,250.367
1958-12-21,212.828
1958-12-22,203.91
1958-12-23,160.345
1958-12-24,167.873
1958-12-25,143.442
1958-12-26,157.238
1958-12-27,230.197
1958-12-28,215.192
1958-12-29,198.928
1958-12-30,215.645
1958-12-31,168.325
1959-01-01,141.114
1959-01-02,129.668
1959-01-03,124.913
1959-01-04,119.72
1959-01-05,87.462
1959-01-06,65.711
1959-01-07,65.597
1959-01-08,67.848
1959-01-09,63.295
1959-01-10,58.403
1959-01-11,56.954
1959-01-12,55.876
1959-01-13,54.553
1959-01-14,53.27
1959-01-15,52.17
1959-01-16,51.101
1959-01-17,49.973
1959-01-18,48.939
1959-01-19,48.206
1959-01-20,48.434
1959-01-21,54.215
1959-01-22,55.513
1959-01-23,48.336
1959-01-24,57.822
1959-01-25,54.159
1959-01-26,43.452
1959-01-27,42.034
1959-01-28,42.582
1959-01-29,43.662
1959-01-30,42.818
1959-01-31,42.928
1959-02-01,41.955
1959-02-02,39.221
1959-02-03,41.565
1959-02-04,41.339
1959-02-05,40.917
1959-02-06,40.785
1959-02-07,34.726
1959-02-08,34.322
1959-02-09,41.277
1959-02-10,42.387
1959-02-11,68.337
1959-02-12,63.809
1959-02-13,51.186
1959-02-14,43.437
1959-02-15,36.995
1959-02-16,36.064
1959-02-17,30.045
1959-02-18,28.695
1959-02-19,27.988
1959-02-20,27.213
1959-02-21,26.69
1959-02-22,26.178
1959-02-23,25.865
1959-02-24,26.331
1959-02-25,27.81
1959-02-26,38.438
1959-02-27,42.0
1959-02-28,32.161
1959-03-01,25.535
1959-03-02,24.279
1959-03-03,25.092
1959-03-04,36.037
1959-03-05,42.475
1959-03-06,51.045
1959-03-07,62.48
1959-03-08,37.544
1959-03-09,22.601
1959-03-10,21.705
1959-03-11,22.146
1959-03-12,32.297
1959-03-13,30.852
1959-03-14,21.507
1959-03-15,19.986
1959-03-16,19.588
1959-03-17,19.352
1959-03-18,19.28
1959-03-19,19.537
1959-03-20,21.78
1959-03-21,29.306
1959-03-22,38.055
1959-03-23,53.709
1959-03-24,73.865
1959-03-25,67.889
1959-03-26,95.312
1959-03-27,97.235
1959-03-28,149.885
1959-03-29,212.375
1959-03-30,142.845
1959-03-31,147.395
1959-04-01,90.505
1959-04-02,56.676
1959-04-03,45.197
1959-04-04,29.289
1959-04-05,51.762
1959-04-06,58.665
1959-04-07,36.371
1959-04-08,21.389
1959-04-09,22.475
1959-04-10,30.827
1959-04-11,37.266
1959-04-12,45.547
1959-04-13,68.837
1959-04-14,86.512
1959-04-15,123.268
1959-04-16,133.343
1959-04-17,151.732
1959-04-18,174.889
1959-04-19,199.179
1959-04-20,151.553
1959-04-21,99.379
1959-04-22,128.95
1959-04-23,133.271
1959-04-24,107.628
1959-04-25,65.581
1959-04-26,72.286
1959-04-27,80.504
1959-04-28,99.233
1959-04-29,82.902
1959-04-30,110.337
1959-05-01,169.625
1959-05-02,252.305
1959-05-03,267.949
1959-05-04,268.204
1959-05-05,346.78
1959-05-06,273.384
1959-05-07,233.332
1959-05-08,196.942
1959-05-09,141.435
1959-05-10,114.929
1959-05-11,101.515
1959-05-12,95.173
1959-05-13,124.069
1959-05-14,148.895
1959-05-15,248.203
1959-05-16,291.6
1959-05-17,217.075
1959-05-18,200.503
1959-05-19,264.261
1959-05-20,225.655
1959-05-21,225.262
1959-05-22,274.822
1959-05-23,178.025
1959-05-24,225.968
1959-05-25,255.525
1959-05-26,258.372
1959-05-27,184.726
1959-05-28,170.445
1959-05-29,198.951
1959-05-30,249.274
1959-05-31,327.669
1959-06-01,375.362
1959-06-02,421.044
1959-06-03,236.972
1959-06-04,185.734
1959-06-05,240.57
1959-06-06,388.634
1959-06-07,287.342
1959-06-08,293.493
1959-06-09,219.299
1959-06-10,137.327
1959-06-11,142.537
1959-06-12,141.3
1959-06-13,131.039
1959-06-14,123.354
1959-06-15,148.304
1959-06-16,177.161
1959-06-17,166.101
1959-06-18,156.241
1959-06-19,166.577
1959-06-20,144.161
1959-06-21,157.729
1959-06-22,202.689
1959-06-23,224.435
1959-06-24,224.17
1959-06-25,190.911
1959-06-26,127.098
1959-06-27,97.502
1959-06-28,94.997
1959-06-29,91.786
1959-06-30,108.033
1959-07-01,143.254
1959-07-02,139.383
1959-07-03,163.402
1959-07-04,146.16
1959-07-05,146.301
1959-07-06,178.554
1959-07-07,138.618
1959-07-08,169.891
1959-07-09,201.065
1959-07-10,148.42
1959-07-11,143.594
1959-07-12,144.228
1959-07-13,119.346
1959-07-14,87.87
1959-07-15,76.607
1959-07-16,74.841
1959-07-17,73.643
1959-07-18,74.628
1959-07-19,81.378
1959-07-20,85.17
1959-07-21,106.275
1959-07-22,146.08
1959-07-23,146.607
1959-07-24,124.41
1959-07-25,94.935
1959-07-26,89.816
1959-07-27,136.85
1959-07-28,217.719
1959-07-29,239.557
1959-07-30,216.773
1959-07-31,184.285
1959-08-01,122.135
1959-08-02,134.11
1959-08-03,147.526
1959-08-04,130.915
1959-08-05,155.491
1959-08-06,222.585
1959-08-07,247.923
1959-08-08,259.142
1959-08-09,256.546
1959-08-10,344.893
1959-08-11,358.654
1959-08-12,291.27
1959-08-13,217.872
1959-08-14,144.544
1959-08-15,127.998
1959-08-16,162.598
1959-08-17,202.29
1959-08-18,154.938
1959-08-19,169.248
1959-08-20,176.447
1959-08-21,201.595
1959-08-22,172.513
1959-08-23,204.772
1959-08-24,168.759
1959-08-25,176.431
1959-08-26,219.055
1959-08-27,217.688
1959-08-28,202.97
1959-08-29,191.821
1959-08-30,251.352
1959-08-31,278.05
1959-09-01,207.641
1959-09-02,228.733
1959-09-03,233.032
1959-09-04,342.182
1959-09-05,340.508
1959-09-06,309.468
1959-09-07,318.542
1959-09-08,350.725
1959-09-09,376.213
1959-09-10,256.012
1959-09-11,243.747
1959-09-12,221.626
1959-09-13,237.715
1959-09-14,249.895
1959-09-15,262.55
1959-09-16,333.079
1959-09-17,290.772
1959-09-18,261.329
1959-09-19,270.412
1959-09-20,234.054
1959-09-21,251.694
1959-09-22,276.691
1959-09-23,366.729
1959-09-24,268.19
1959-09-25,204.969
1959-09-26,233.494
1959-09-27,332.072
1959-09-28,416.247
1959-09-29,392.322
1959-09-30,392.449
1959-10-01,421.382
1959-10-02,382.504
1959-10-03,356.453
1959-10-04,323.924
1959-10-05,410.886
1959-10-06,438.063
1959-10-07,382.323
1959-10-08,401.749
1959-10-09,467.964
1959-10-10,449.459
1959-10-11,400.575
1959-10-12,317.511
1959-10-13,253.351
1959-10-14,300.228
1959-10-15,323.385
1959-10-16,289.253
1959-10-17,234.595
1959-10-18,199.602
1959-10-19,190.096
1959-10-20,216.728
1959-10-21,338.058
1959-10-22,431.013
1959-10-23,485.703
1959-10-24,632.486
1959-10-25,601.099
1959-10-26,485.139
1959-10-27,400.592
1959-10-28,355.096
1959-10-29,312.469
1959-10-30,255.278
1959-10-31,285.817
1959-11-01,379.189
1959-11-02,424.274
1959-11-03,546.007
1959-11-04,572.1
1959-11-05,503.961
1959-11-06,545.864
1959-11-07,464.87
1959-11-08,416.686
1959-11-09,379.335
1959-11-10,346.514
1959-11-11,371.96
1959-11-12,363.322
1959-11-13,339.959
1959-11-14,297.676
1959-11-15,290.612
1959-11-16,301.406
1959-11-17,339.52
1959-11-18,311.68
1959-11-19,321.791
1959-11-20,349.336
1959-11-21,411.27
1959-11-22,418.55
1959-11-23,462.613
1959-11-24,568.625
1959-11-25,522.329
1959-11-26,445.761
1959-11-27,437.89
1959-11-28,495.042
1959-11-29,503.346
1959-11-30,395.081
1959-12-01,370.262
1959-12-02,357.071
1959-12-03,339.805
1959-12-04,335.704
1959-12-05,324.725
1959-12-06,306.118
1959-12-07,277.117
1959-12-08,287.831
1959-12-09,285.417
1959-12-10,262.16
1959-12-11,262.888
1959-12-12,272.539
1959-12-13,250.958
1959-12-14,255.024
1959-12-15,253.882
1959-12-16,282.201
1959-12-17,265.758
1959-12-18,228.083
1959-12-19,222.225
1959-12-20,215.73
1959-12-21,207.995
1959-12-22,209.342
1959-12-23,198.218
1959-12-24,192.213
1959-12-25,195.977
1959-12-26,189.535
1959-12-27,186.065
1959-12-28,175.905
1959-12-29,160.668
1959-12-30,162.282
1959-12-31,169.436
1960-01-01,192.511
1960-01-02,199.174
1960-01-03,216.474
1960-01-04,205.137
1960-01-05,167.582
1960-01-06,134.565
1960-01-07,130.136
1960-01-08,127.347
1960-01-09,124.852
1960-01-10,123.768
1960-01-11,123.555
1960-01-12,121.644
1960-01-13,121.449
1960-01-14,123.027
1960-01-15,118.819
1960-01-16,122.532
1960-01-17,156.34
1960-01-18,173.592
1960-01-19,158.81
1960-01-20,121.8
1960-01-21,124.907
1960-01-22,136.929
1960-01-23,102.964
1960-01-24,94.512
1960-01-25,94.115
1960-01-26,95.004
1960-01-27,96.74
1960-01-28,111.499
1960-01-29,112.74
1960-01-30,119.109
1960-01-31,154.103
1960-02-01,121.69
1960-02-02,87.775
1960-02-03,97.435
1960-02-04,101.665
1960-02-05,135.066
1960-02-06,157.704
1960-02-07,178.062
1960-02-08,137.645
1960-02-09,102.097
1960-02-10,87.959
1960-02-11,82.747
1960-02-12,80.862
1960-02-13,80.473
1960-02-14,86.078
1960-02-15,130.3
1960-02-16,213.932
1960-02-17,280.074
1960-02-18,342.884
1960-02-19,337.747
1960-02-20,233.215
1960-02-21,166.08
1960-02-22,119.008
1960-02-23,89.935
1960-02-24,81.018
1960-02-25,97.413
1960-02-26,86.983
1960-02-27,89.555
1960-02-28,106.038
1960-02-29,121.802
1960-03-01,163.562
1960-03-02,253.05
1960-03-03,247.957
1960-03-04,368.053
1960-03-05,299.493
1960-03-06,336.804
1960-03-07,257.534
1960-03-08,169.972
1960-03-09,120.969
1960-03-10,106.389
1960-03-11,121.126
1960-03-12,120.535
1960-03-13,107.136
1960-03-14,104.484
1960-03-15,121.24
1960-03-16,153.12
1960-03-17,159.052
1960-03-18,181.235
1960-03-19,257.215
1960-03-20,248.505
1960-03-21,270.062
1960-03-22,273.401
1960-03-23,195.281
1960-03-24,175.883
1960-03-25,131.004
1960-03-26,125.91
1960-03-27,123.26
1960-03-28,129.321
1960-03-29,136.42
1960-03-30,194.298
1960-03-31,226.573
1960-04-01,303.933
1960-04-02,278.707
1960-04-03,230.827
1960-04-04,276.001
1960-04-05,266.85
1960-04-06,362.463
1960-04-07,362.608
1960-04-08,399.936
1960-04-09,314.057
1960-04-10,233.093
1960-04-11,186.653
1960-04-12,182.664
1960-04-13,309.47
1960-04-14,677.598
1960-04-15,738.582
1960-04-16,545.936
1960-04-17,427.718
1960-04-18,372.618
1960-04-19,350.938
1960-04-20,487.324
1960-04-21,452.241
1960-04-22,359.437
1960-04-23,265.865
1960-04-24,213.14
1960-04-25,210.074
1960-04-26,211.121
1960-04-27,229.317
1960-04-28,275.424
1960-04-29,340.553
1960-04-30,341.904
1960-05-01,306.968
1960-05-02,315.08
1960-05-03,247.172
1960-05-04,222.886
1960-05-05,323.919
1960-05-06,448.555
1960-05-07,494.1
1960-05-08,525.958
1960-05-09,405.539
1960-05-10,353.048
1960-05-11,294.268
1960-05-12,336.645
1960-05-13,370.618
1960-05-14,301.549
1960-05-15,250.367
1960-05-16,229.808
1960-05-17,244.24
1960-05-18,320.112
1960-05-19,299.718
1960-05-20,301.15
1960-05-21,352.033
1960-05-22,377.601
1960-05-23,422.254
1960-05-24,331.703
1960-05-25,280.994
1960-05-26,251.4
1960-05-27,259.952
1960-05-28,324.01
1960-05-29,337.322
1960-05-30,292.609
1960-05-31,243.013
1960-06-01,200.159
1960-06-02,225.582
1960-06-03,260.15
1960-06-04,277.387
1960-06-05,276.172
1960-06-06,239.672
1960-06-07,193.502
1960-06-08,182.477
1960-06-09,206.798
1960-06-10,216.465
1960-06-11,227.863
1960-06-12,236.09
1960-06-13,236.523
1960-06-14,246.281
1960-06-15,223.634
1960-06-16,207.748
1960-06-17,194.342
1960-06-18,173.658
1960-06-19,151.318
1960-06-20,137.021
1960-06-21,134.845
1960-06-22,134.372
1960-06-23,142.413
1960-06-24,155.052
1960-06-25,172.524
1960-06-26,163.281
1960-06-27,158.964
1960-06-28,204.091
1960-06-29,175.969
1960-06-30,167.804
1960-07-01,176.87
1960-07-02,222.065
1960-07-03,231.355
1960-07-04,214.506
1960-07-05,170.608
1960-07-06,227.954
1960-07-07,288.95
1960-07-08,316.657
1960-07-09,194.506
1960-07-10,172.014
1960-07-11,187.088
1960-07-12,182.07
1960-07-13,189.151
1960-07-14,221.972
1960-07-15,206.552
1960-07-16,164.165
1960-07-17,146.614
1960-07-18,153.603
1960-07-19,153.357
1960-07-20,122.889
1960-07-21,153.809
1960-07-22,229.682
1960-07-23,205.712
1960-07-24,176.675
1960-07-25,159.858
1960-07-26,134.88
1960-07-27,103.693
1960-07-28,98.666
1960-07-29,96.642
1960-07-30,99.066
1960-07-31,109.715
1960-08-01,114.305
1960-08-02,105.895
1960-08-03,108.093
1960-08-04,99.974
1960-08-05,94.048
1960-08-06,95.961
1960-08-07,106.27
1960-08-08,105.455
1960-08-09,93.808
1960-08-10,96.643
1960-08-11,110.769
1960-08-12,121.517
1960-08-13,116.031
1960-08-14,109.335
1960-08-15,121.69
1960-08-16,114.104
1960-08-17,103.607
1960-08-18,117.438
1960-08-19,143.066
1960-08-20,165.808
1960-08-21,137.061
1960-08-22,113.123
1960-08-23,110.913
1960-08-24,172.131
1960-08-25,257.971
1960-08-26,434.923
1960-08-27,537.567
1960-08-28,539.691
1960-08-29,399.601
1960-08-30,215.88
1960-08-31,207.825
1960-09-01,227.728
1960-09-02,224.702
1960-09-03,330.166
1960-09-04,437.198
1960-09-05,352.549
1960-09-06,310.555
1960-09-07,243.718
1960-09-08,300.278
1960-09-09,250.718
1960-09-10,262.118
1960-09-11,287.81
1960-09-12,266.745
1960-09-13,334.248
1960-09-14,394.535
1960-09-15,357.008
1960-09-16,355.735
1960-09-17,427.2
1960-09-18,388.583
1960-09-19,401.17
1960-09-20,354.414
1960-09-21,303.684
1960-09-22,283.324
1960-09-23,257.008
1960-09-24,238.401
1960-09-25,197.487
1960-09-26,227.568
1960-09-27,240.919
1960-09-28,247.068
1960-09-29,310.735
1960-09-30,439.576
1960-10-01,443.052
1960-10-02,433.221
1960-10-03,451.095
1960-10-04,488.154
1960-10-05,422.499
1960-10-06,389.669
1960-10-07,416.38
1960-10-08,426.703
1960-10-09,384.173
1960-10-10,407.659
1960-10-11,390.2
1960-10-12,363.419
1960-10-13,396.434
1960-10-14,512.201
1960-10-15,498.681
1960-10-16,417.075
1960-10-17,378.905
1960-10-18,288.669
1960-10-19,248.955
1960-10-20,295.625
1960-10-21,490.07
1960-10-22,527.775
1960-10-23,534.195
1960-10-24,455.506
1960-10-25,327.879
1960-10-26,267.053
1960-10-27,309.529
1960-10-28,370.024
1960-10-29,437.592
1960-10-30,531.299
1960-10-31,590.151
1960-11-01,571.718
1960-11-02,588.102
1960-11-03,560.232
1960-11-04,536.279
1960-11-05,513.085
1960-11-06,469.461
1960-11-07,420.382
1960-11-08,479.765
1960-11-09,560.022
1960-11-10,474.287
1960-11-11,387.5
1960-11-12,389.156
1960-11-13,434.311
1960-11-14,415.287
1960-11-15,408.453
1960-11-16,407.685
1960-11-17,447.292
1960-11-18,540.463
1960-11-19,410.223
1960-11-20,361.238
1960-11-21,320.221
1960-11-22,304.997
1960-11-23,325.697
1960-11-24,305.237
1960-11-25,298.518
1960-11-26,416.025
1960-11-27,446.776
1960-11-28,447.611
1960-11-29,379.521
1960-11-30,288.415
1960-12-01,259.38
1960-12-02,250.922
1960-12-03,235.755
1960-12-04,220.456
1960-12-05,214.478
1960-12-06,210.328
1960-12-07,206.981
1960-12-08,203.215
1960-12-09,199.111
1960-12-10,193.865
1960-12-11,187.813
1960-12-12,182.839
1960-12-13,177.251
1960-12-14,171.688
1960-12-15,166.522
1960-12-16,161.848
1960-12-17,157.378
1960-12-18,154.004
1960-12-19,155.391
1960-12-20,172.113
1960-12-21,182.63
1960-12-22,194.784
1960-12-23,225.996
1960-12-24,198.772
1960-12-25,180.375
1960-12-26,188.424
1960-12-27,191.355
1960-12-28,209.932
1960-12-29,188.262
1960-12-30,135.417
1960-12-31,117.461
1961-01-01,113.646
1961-01-02,110.934
1961-01-03,108.102
1961-01-04,105.622
1961-01-05,103.132
1961-01-06,100.693
1961-01-07,98.281
1961-01-08,95.887
1961-01-09,93.529
1961-01-10,91.365
1961-01-11,89.318
1961-01-12,88.281
1961-01-13,87.768
1961-01-14,85.546
1961-01-15,82.564
1961-01-16,80.362
1961-01-17,78.773
1961-01-18,76.273
1961-01-19,74.15
1961-01-20,72.643
1961-01-21,71.557
1961-01-22,69.347
1961-01-23,67.267
1961-01-24,66.472
1961-01-25,65.068
1961-01-26,64.327
1961-01-27,63.74
1961-01-28,62.235
1961-01-29,59.93
1961-01-30,57.946
1961-01-31,57.933
1961-02-01,58.749
1961-02-02,58.341
1961-02-03,61.333
1961-02-04,66.172
1961-02-05,67.17
1961-02-06,62.006
1961-02-07,60.492
1961-02-08,71.398
1961-02-09,75.768
1961-02-10,107.555
1961-02-11,116.332
1961-02-12,102.008
1961-02-13,68.545
1961-02-14,69.192
1961-02-15,64.878
1961-02-16,52.107
1961-02-17,46.8
1961-02-18,42.45
1961-02-19,40.485
1961-02-20,39.538
1961-02-21,41.152
1961-02-22,45.506
1961-02-23,45.924
1961-02-24,52.729
1961-02-25,59.76
1961-02-26,56.402
1961-02-27,48.893
1961-02-28,49.921
1961-03-01,77.945
1961-03-02,91.101
1961-03-03,80.896
1961-03-04,79.68
1961-03-05,101.306
1961-03-06,116.294
1961-03-07,85.62
1961-03-08,60.161
1961-03-09,41.06
1961-03-10,31.667
1961-03-11,30.488
1961-03-12,29.663
1961-03-13,29.025
1961-03-14,28.618
1961-03-15,29.999
1961-03-16,33.945
1961-03-17,55.152
1961-03-18,81.071
1961-03-19,91.61
1961-03-20,95.06
1961-03-21,126.083
1961-03-22,157.545
1961-03-23,150.775
1961-03-24,147.92
1961-03-25,145.3
1961-03-26,185.397
1961-03-27,170.422
1961-03-28,204.461
1961-03-29,184.995
1961-03-30,130.341
1961-03-31,93.257
1961-04-01,94.788
1961-04-02,81.385
1961-04-03,82.538
1961-04-04,120.03
1961-04-05,144.513
1961-04-06,152.968
1961-04-07,125.082
1961-04-08,72.62
1961-04-09,81.867
1961-04-10,164.057
1961-04-11,218.75
1961-04-12,213.027
1961-04-13,229.989
1961-04-14,104.585
1961-04-15,94.564
1961-04-16,87.814
1961-04-17,62.068
1961-04-18,47.048
1961-04-19,56.918
1961-04-20,52.192
1961-04-21,73.719
1961-04-22,135.703
1961-04-23,160.796
1961-04-24,219.44
1961-04-25,182.765
1961-04-26,117.702
1961-04-27,107.175
1961-04-28,132.528
1961-04-29,107.608
1961-04-30,62.173
1961-05-01,51.92
1961-05-02,69.824
1961-05-03,82.16
1961-05-04,101.613
1961-05-05,130.242
1961-05-06,130.722
1961-05-07,170.49
1961-05-08,158.425
1961-05-09,145.198
1961-05-10,114.523
1961-05-11,108.474
1961-05-12,114.14
1961-05-13,118.89
1961-05-14,136.973
1961-05-15,115.248
1961-05-16,105.121
1961-05-17,78.726
1961-05-18,47.619
1961-05-19,44.51
1961-05-20,44.325
1961-05-21,48.336
1961-05-22,51.936
1961-05-23,57.537
1961-05-24,56.787
1961-05-25,55.764
1961-05-26,55.278
1961-05-27,56.579
1961-05-28,73.037
1961-05-29,73.022
1961-05-30,70.776
1961-05-31,52.193
1961-06-01,51.587
1961-06-02,65.538
1961-06-03,95.895
1961-06-04,104.382
1961-06-05,109.237
1961-06-06,94.784
1961-06-07,99.883
1961-06-08,82.397
1961-06-09,67.791
1961-06-10,78.972
1961-06-11,98.448
1961-06-12,119.899
1961-06-13,80.085
1961-06-14,80.71
1961-06-15,64.081
1961-06-16,54.32
1961-06-17,77.356
1961-06-18,90.16
1961-06-19,76.54
1961-06-20,57.045
1961-06-21,75.818
1961-06-22,138.188
1961-06-23,153.028
1961-06-24,144.982
1961-06-25,127.995
1961-06-26,124.354
1961-06-27,136.416
1961-06-28,104.72
1961-06-29,82.221
1961-06-30,97.546
1961-07-01,143.759
1961-07-02,186.222
1961-07-03,153.334
1961-07-04,108.22
1961-07-05,117.317
1961-07-06,123.367
1961-07-07,118.949
1961-07-08,123.923
1961-07-09,111.154
1961-07-10,92.834
1961-07-11,139.01
1961-07-12,181.021
1961-07-13,202.485
1961-07-14,157.314
1961-07-15,121.122
1961-07-16,142.64
1961-07-17,131.809
1961-07-18,163.765
1961-07-19,197.067
1961-07-20,234.417
1961-07-21,251.384
1961-07-22,210.752
1961-07-23,194.805
1961-07-24,222.16
1961-07-25,262.303
1961-07-26,344.999
1961-07-27,355.041
1961-07-28,339.372
1961-07-29,278.712
1961-07-30,255.611
1961-07-31,293.836
1961-08-01,290.348
1961-08-02,235.973
1961-08-03,178.44
1961-08-04,182.156
1961-08-05,228.453
1961-08-06,256.775
1961-08-07,245.653
1961-08-08,250.56
1961-08-09,277.016
1961-08-10,331.927
1961-08-11,312.332
1961-08-12,318.947
1961-08-13,381.343
1961-08-14,419.196
1961-08-15,504.659
1961-08-16,466.769
1961-08-17,473.785
1961-08-18,409.756
1961-08-19,348.592
1961-08-20,362.844
1961-08-21,304.939
1961-08-22,319.745
1961-08-23,419.157
1961-08-24,443.494
1961-08-25,402.578
1961-08-26,391.36
1961-08-27,444.99
1961-08-28,536.452
1961-08-29,500.591
1961-08-30,497.084
1961-08-31,512.89
1961-09-01,465.667
1961-09-02,383.783
1961-09-03,357.303
1961-09-04,421.476
1961-09-05,570.503
1961-09-06,617.219
1961-09-07,577.165
1961-09-08,581.899
1961-09-09,487.299
1961-09-10,351.656
1961-09-11,358.37
1961-09-12,297.512
1961-09-13,332.122
1961-09-14,393.24
1961-09-15,362.845
1961-09-16,352.147
1961-09-17,322.081
1961-09-18,374.303
1961-09-19,420.781
1961-09-20,433.906
1961-09-21,381.717
1961-09-22,355.925
1961-09-23,455.012
1961-09-24,371.529
1961-09-25,356.526
1961-09-26,400.519
1961-09-27,477.468
1961-09-28,486.672
1961-09-29,543.007
1961-09-30,392.652
1961-10-01,340.844
1961-10-02,407.36
1961-10-03,471.891
1961-10-04,484.629
1961-10-05,413.195
1961-10-06,356.348
1961-10-07,336.656
1961-10-08,311.414
1961-10-09,328.473
1961-10-10,315.348
1961-10-11,312.959
1961-10-12,316.346
1961-10-13,441.404
1961-10-14,565.572
1961-10-15,483.067
1961-10-16,440.431
1961-10-17,348.157
1961-10-18,339.503
1961-10-19,429.245
1961-10-20,409.329
1961-10-21,484.078
1961-10-22,503.205
1961-10-23,511.636
1961-10-24,587.386
1961-10-25,573.482
1961-10-26,518.438
1961-10-27,504.882
1961-10-28,483.912
1961-10-29,532.606
1961-10-30,483.31
1961-10-31,473.47
1961-11-01,533.871
1961-11-02,670.122
1961-11-03,802.432
1961-11-04,700.063
1961-11-05,538.487
1961-11-06,499.739
1961-11-07,534.805
1961-11-08,622.919
1961-11-09,715.525
1961-11-10,855.693
1961-11-11,898.259
1961-11-12,805.053
1961-11-13,681.794
1961-11-14,648.83
1961-11-15,595.583
1961-11-16,622.828
1961-11-17,814.388
1961-11-18,916.545
1961-11-19,896.697
1961-11-20,944.675
1961-11-21,868.298
1961-11-22,761.961
1961-11-23,706.441
1961-11-24,770.678
1961-11-25,982.625
1961-11-26,877.863
1961-11-27,868.424
1961-11-28,981.064
1961-11-29,919.839
1961-11-30,832.492
1961-12-01,796.47
1961-12-02,744.207
1961-12-03,665.258
1961-12-04,625.039
1961-12-05,597.737
1961-12-06,610.005
1961-12-07,579.486
1961-12-08,534.738
1961-12-09,508.797
1961-12-10,483.817
1961-12-11,468.775
1961-12-12,455.241
1961-12-13,443.937
1961-12-14,434.027
1961-12-15,438.057
1961-12-16,422.135
1961-12-17,397.871
1961-12-18,365.542
1961-12-19,354.969
1961-12-20,342.987
1961-12-21,327.357
1961-12-22,316.848
1961-12-23,312.708
1961-12-24,316.096
1961-12-25,309.727
1961-12-26,315.049
1961-12-27,307.599
1961-12-28,288.943
1961-12-29,275.011
1961-12-30,262.835
1961-12-31,252.134
1962-01-01,240.412
1962-01-02,237.656
1962-01-03,241.625
1962-01-04,233.535
1962-01-05,215.374
1962-01-06,208.168
1962-01-07,202.141
1962-01-08,196.712
1962-01-09,192.318
1962-01-10,189.366
1962-01-11,189.87
1962-01-12,195.704
1962-01-13,190.066
1962-01-14,182.231
1962-01-15,168.79
1962-01-16,163.372
1962-01-17,159.46
1962-01-18,155.454
1962-01-19,152.323
1962-01-20,151.592
1962-01-21,148.913
1962-01-22,144.092
1962-01-23,140.34
1962-01-24,136.38
1962-01-25,133.006
1962-01-26,130.53
1962-01-27,135.293
1962-01-28,131.689
1962-01-29,129.016
1962-01-30,129.375
1962-01-31,124.05
1962-02-01,114.45
1962-02-02,111.141
1962-02-03,108.348
1962-02-04,105.994
1962-02-05,103.554
1962-02-06,101.03
1962-02-07,98.744
1962-02-08,96.538
1962-02-09,94.43
1962-02-10,92.588
1962-02-11,90.635
1962-02-12,88.889
1962-02-13,88.055
1962-02-14,87.081
1962-02-15,84.686
1962-02-16,83.016
1962-02-17,80.276
1962-02-18,78.84
1962-02-19,79.318
1962-02-20,79.807
1962-02-21,85.686
1962-02-22,89.027
1962-02-23,87.197
1962-02-24,74.322
1962-02-25,70.836
1962-02-26,78.504
1962-02-27,80.766
1962-02-28,77.608
1962-03-01,75.019
1962-03-02,97.806
1962-03-03,111.922
1962-03-04,183.662
1962-03-05,214.008
1962-03-06,192.207
1962-03-07,173.57
1962-03-08,98.896
1962-03-09,136.038
1962-03-10,138.541
1962-03-11,121.445
1962-03-12,135.398
1962-03-13,137.45
1962-03-14,151.862
1962-03-15,173.623
1962-03-16,146.943
1962-03-17,137.286
1962-03-18,113.776
1962-03-19,254.657
1962-03-20,465.805
1962-03-21,478.95
1962-03-22,556.264
1962-03-23,469.618
1962-03-24,446.422
1962-03-25,377.696
1962-03-26,252.853
1962-03-27,134.561
1962-03-28,182.127
1962-03-29,300.487
1962-03-30,311.77
1962-03-31,255.791
1962-04-01,178.9
1962-04-02,117.611
1962-04-03,165.984
1962-04-04,194.201
1962-04-05,268.747
1962-04-06,327.316
1962-04-07,540.055
1962-04-08,514.722
1962-04-09,486.241
1962-04-10,431.909
1962-04-11,477.254
1962-04-12,457.704
1962-04-13,501.691
1962-04-14,448.626
1962-04-15,438.193
1962-04-16,438.602
1962-04-17,528.037
1962-04-18,400.128
1962-04-19,323.757
1962-04-20,314.557
1962-04-21,333.579
1962-04-22,309.178
1962-04-23,320.088
1962-04-24,419.142
1962-04-25,487.648
1962-04-26,491.96
1962-04-27,457.878
1962-04-28,419.819
1962-04-29,360.643
1962-04-30,343.742
1962-05-01,284.102
1962-05-02,260.618
1962-05-03,312.814
1962-05-04,336.737
1962-05-05,298.032
1962-05-06,348.662
1962-05-07,431.47
1962-05-08,507.389
1962-05-09,478.352
1962-05-10,461.465
1962-05-11,488.482
1962-05-12,545.985
1962-05-13,524.569
1962-05-14,506.805
1962-05-15,416.195
1962-05-16,371.259
1962-05-17,400.053
1962-05-18,478.286
1962-05-19,549.365
1962-05-20,544.425
1962-05-21,565.757
1962-05-22,546.909
1962-05-23,532.544
1962-05-24,513.8
1962-05-25,468.301
1962-05-26,380.295
1962-05-27,330.27
1962-05-28,340.874
1962-05-29,356.635
1962-05-30,379.417
1962-05-31,399.011
1962-06-01,376.714
1962-06-02,410.053
1962-06-03,472.951
1962-06-04,502.445
1962-06-05,487.669
1962-06-06,416.632
1962-06-07,367.675
1962-06-08,332.884
1962-06-09,328.265
1962-06-10,293.472
1962-06-11,264.02
1962-06-12,244.242
1962-06-13,240.479
1962-06-14,261.158
1962-06-15,290.874
1962-06-16,366.87
1962-06-17,418.034
1962-06-18,428.498
1962-06-19,400.848
1962-06-20,391.92
1962-06-21,410.658
1962-06-22,419.466
1962-06-23,470.555
1962-06-24,534.522
1962-06-25,427.573
1962-06-26,355.752
1962-06-27,302.687
1962-06-28,294.478
1962-06-29,335.206
1962-06-30,384.88
1962-07-01,395.642
1962-07-02,374.795
1962-07-03,363.33
1962-07-04,311.839
1962-07-05,281.349
1962-07-06,264.839
1962-07-07,263.035
1962-07-08,268.995
1962-07-09,278.374
1962-07-10,265.065
1962-07-11,241.832
1962-07-12,232.551
1962-07-13,263.717
1962-07-14,260.776
1962-07-15,235.833
1962-07-16,227.7
1962-07-17,229.487
1962-07-18,240.152
1962-07-19,245.395
1962-07-20,233.984
1962-07-21,212.514
1962-07-22,205.171
1962-07-23,202.017
1962-07-24,196.916
1962-07-25,197.864
1962-07-26,200.628
1962-07-27,196.347
1962-07-28,195.113
1962-07-29,197.045
1962-07-30,221.261
1962-07-31,204.822
1962-08-01,184.265
1962-08-02,204.035
1962-08-03,218.369
1962-08-04,241.389
1962-08-05,254.018
1962-08-06,254.596
1962-08-07,266.311
1962-08-08,205.188
1962-08-09,194.416
1962-08-10,175.07
1962-08-11,192.074
1962-08-12,204.655
1962-08-13,164.69
1962-08-14,180.562
1962-08-15,193.177
1962-08-16,229.442
1962-08-17,205.124
1962-08-18,239.77
1962-08-19,216.049
1962-08-20,199.518
1962-08-21,195.36
1962-08-22,214.707
1962-08-23,202.542
1962-08-24,258.784
1962-08-25,286.903
1962-08-26,274.422
1962-08-27,221.944
1962-08-28,180.813
1962-08-29,180.588
1962-08-30,179.259
1962-08-31,202.956
1962-09-01,203.668
1962-09-02,235.883
1962-09-03,270.714
1962-09-04,249.79
1962-09-05,261.872
1962-09-06,222.607
1962-09-07,232.442
1962-09-08,291.788
1962-09-09,274.436
1962-09-10,232.824
1962-09-11,234.856
1962-09-12,296.058
1962-09-13,310.499
1962-09-14,247.178
1962-09-15,254.466
1962-09-16,303.811
1962-09-17,330.219
1962-09-18,342.367
1962-09-19,337.566
1962-09-20,377.323
1962-09-21,400.472
1962-09-22,312.462
1962-09-23,314.818
1962-09-24,316.856
1962-09-25,314.045
1962-09-26,257.525
1962-09-27,282.82
1962-09-28,360.097
1962-09-29,422.188
1962-09-30,447.394
1962-10-01,470.31
1962-10-02,400.102
1962-10-03,319.978
1962-10-04,316.742
1962-10-05,303.682
1962-10-06,399.79
1962-10-07,404.719
1962-10-08,442.634
1962-10-09,535.037
1962-10-10,521.506
1962-10-11,601.317
1962-10-12,585.38
1962-10-13,791.901
1962-10-14,677.067
1962-10-15,444.462
1962-10-16,473.267
1962-10-17,452.102
1962-10-18,547.454
1962-10-19,591.669
1962-10-20,606.623
1962-10-21,661.945
1962-10-22,662.583
1962-10-23,594.87
1962-10-24,624.486
1962-10-25,685.717
1962-10-26,723.137
1962-10-27,712.657
1962-10-28,759.202
1962-10-29,721.696
1962-10-30,699.255
1962-10-31,647.777
1962-11-01,667.838
1962-11-02,772.314
1962-11-03,703.482
1962-11-04,594.621
1962-11-05,588.832
1962-11-06,627.349
1962-11-07,791.31
1962-11-08,871.908
1962-11-09,805.785
1962-11-10,772.148
1962-11-11,707.852
1962-11-12,624.088
1962-11-13,575.996
1962-11-14,559.486
1962-11-15,515.932
1962-11-16,510.089
1962-11-17,533.259
1962-11-18,665.393
1962-11-19,724.151
1962-11-20,677.713
1962-11-21,682.802
1962-11-22,608.814
1962-11-23,554.634
1962-11-24,620.767
1962-11-25,663.029
1962-11-26,720.109
1962-11-27,790.508
1962-11-28,687.216
1962-11-29,582.068
1962-11-30,617.214
1962-12-01,681.05
1962-12-02,682.41
1962-12-03,747.55
1962-12-04,674.611
1962-12-05,660.373
1962-12-06,614.996
1962-12-07,556.473
1962-12-08,521.776
1962-12-09,541.808
1962-12-10,566.591
1962-12-11,521.875
1962-12-12,485.22
1962-12-13,461.097
1962-12-14,447.519
1962-12-15,436.292
1962-12-16,425.031
1962-12-17,414.261
1962-12-18,404.157
1962-12-19,394.335
1962-12-20,385.414
1962-12-21,376.661
1962-12-22,371.28
1962-12-23,362.123
1962-12-24,364.403
1962-12-25,365.666
1962-12-26,345.766
1962-12-27,333.248
1962-12-28,358.478
1962-12-29,381.268
1962-12-30,395.245
1962-12-31,409.03
1963-01-01,467.695
1963-01-02,465.22
1963-01-03,365.067
1963-01-04,326.663
1963-01-05,401.13
1963-01-06,488.901
1963-01-07,513.435
1963-01-08,475.654
1963-01-09,408.862
1963-01-10,435.885
1963-01-11,452.194
1963-01-12,454.21
1963-01-13,464.64
1963-01-14,474.638
1963-01-15,389.262
1963-01-16,318.131
1963-01-17,356.487
1963-01-18,337.049
1963-01-19,301.397
1963-01-20,278.548
1963-01-21,266.809
1963-01-22,259.624
1963-01-23,269.59
1963-01-24,288.199
1963-01-25,296.583
1963-01-26,281.063
1963-01-27,289.782
1963-01-28,341.438
1963-01-29,419.968
1963-01-30,435.122
1963-01-31,391.487
1963-02-01,326.649
1963-02-02,265.385
1963-02-03,244.546
1963-02-04,232.037
1963-02-05,221.645
1963-02-06,223.078
1963-02-07,221.515
1963-02-08,219.069
1963-02-09,245.555
1963-02-10,289.745
1963-02-11,332.191
1963-02-12,425.912
1963-02-13,366.168
1963-02-14,297.167
1963-02-15,352.169
1963-02-16,430.366
1963-02-17,472.411
1963-02-18,443.972
1963-02-19,363.696
1963-02-20,251.919
1963-02-21,225.084
1963-02-22,202.147
1963-02-23,202.387
1963-02-24,203.033
1963-02-25,201.173
1963-02-26,200.826
1963-02-27,202.212
1963-02-28,205.715
1963-03-01,228.745
1963-03-02,257.251
1963-03-03,242.372
1963-03-04,242.439
1963-03-05,348.659
1963-03-06,358.771
1963-03-07,333.732
1963-03-08,324.422
1963-03-09,424.362
1963-03-10,330.032
1963-03-11,343.482
1963-03-12,332.228
1963-03-13,320.644
1963-03-14,220.393
1963-03-15,235.011
1963-03-16,291.334
1963-03-17,466.676
1963-03-18,621.693
1963-03-19,499.441
1963-03-20,621.021
1963-03-21,546.365
1963-03-22,669.311
1963-03-23,598.416
1963-03-24,450.085
1963-03-25,326.638
1963-03-26,275.312
1963-03-27,249.588
1963-03-28,245.398
1963-03-29,257.211
1963-03-30,312.505
1963-03-31,372.692
1963-04-01,433.208
1963-04-02,462.19
1963-04-03,420.368
1963-04-04,458.938
1963-04-05,512.681
1963-04-06,422.773
1963-04-07,345.312
1963-04-08,306.943
1963-04-09,299.663
1963-04-10,302.5
1963-04-11,428.321
1963-04-12,531.997
1963-04-13,603.07
1963-04-14,652.542
1963-04-15,526.287
1963-04-16,358.412
1963-04-17,388.75
1963-04-18,400.38
1963-04-19,409.299
1963-04-20,619.653
1963-04-21,694.437
1963-04-22,622.071
1963-04-23,567.846
1963-04-24,521.433
1963-04-25,466.56
1963-04-26,481.355
1963-04-27,576.693
1963-04-28,645.387
1963-04-29,638.178
1963-04-30,644.173
1963-05-01,612.61
1963-05-02,652.473
1963-05-03,603.198
1963-05-04,560.807
1963-05-05,606.183
1963-05-06,580.302
1963-05-07,567.953
1963-05-08,604.875
1963-05-09,605.551
1963-05-10,552.688
1963-05-11,549.482
1963-05-12,591.4
1963-05-13,627.566
1963-05-14,658.308
1963-05-15,598.846
1963-05-16,539.298
1963-05-17,567.008
1963-05-18,511.913
1963-05-19,521.704
1963-05-20,506.293
1963-05-21,489.576
1963-05-22,462.744
1963-05-23,470.43
1963-05-24,480.875
1963-05-25,525.48
1963-05-26,516.991
1963-05-27,434.517
1963-05-28,461.237
1963-05-29,534.892
1963-05-30,564.912
1963-05-31,548.203
1963-06-01,490.872
1963-06-02,418.474
1963-06-03,417.049
1963-06-04,455.066
1963-06-05,515.24
1963-06-06,660.458
1963-06-07,632.101
1963-06-08,525.835
1963-06-09,417.438
1963-06-10,339.931
1963-06-11,343.494
1963-06-12,345.152
1963-06-13,344.38
1963-06-14,362.365
1963-06-15,360.7
1963-06-16,352.818
1963-06-17,330.785
1963-06-18,306.98
1963-06-19,294.521
1963-06-20,282.46
1963-06-21,302.586
1963-06-22,323.84
1963-06-23,328.608
1963-06-24,314.803
1963-06-25,309.244
1963-06-26,297.868
1963-06-27,282.413
1963-06-28,259.986
1963-06-29,259.909
1963-06-30,269.578
1963-07-01,281.303
1963-07-02,255.752
1963-07-03,253.316
1963-07-04,264.565
1963-07-05,266.791
1963-07-06,248.851
1963-07-07,260.269
1963-07-08,269.143
1963-07-09,246.001
1963-07-10,226.023
1963-07-11,213.0
1963-07-12,221.266
1963-07-13,230.238
1963-07-14,258.037
1963-07-15,270.659
1963-07-16,231.583
1963-07-17,202.778
1963-07-18,199.372
1963-07-19,199.311
1963-07-20,202.917
1963-07-21,203.728
1963-07-22,205.832
1963-07-23,198.054
1963-07-24,198.475
1963-07-25,193.971
1963-07-26,194.554
1963-07-27,197.619
1963-07-28,198.185
1963-07-29,175.133
1963-07-30,167.112
1963-07-31,157.278
1963-08-01,153.526
1963-08-02,150.703
1963-08-03,148.912
1963-08-04,146.479
1963-08-05,143.769
1963-08-06,141.026
1963-08-07,138.117
1963-08-08,135.813
1963-08-09,134.945
1963-08-10,134.285
1963-08-11,132.231
1963-08-12,136.804
1963-08-13,152.483
1963-08-14,166.659
1963-08-15,144.222
1963-08-16,152.377
1963-08-17,173.339
1963-08-18,190.3
1963-08-19,172.078
1963-08-20,200.044
1963-08-21,260.405
1963-08-22,309.678
1963-08-23,182.176
1963-08-24,124.827
1963-08-25,125.411
1963-08-26,121.911
1963-08-27,137.647
1963-08-28,160.057
1963-08-29,139.836
1963-08-30,115.188
1963-08-31,105.285
1963-09-01,110.17
1963-09-02,106.651
1963-09-03,125.61
1963-09-04,129.171
1963-09-05,111.251
1963-09-06,110.881
1963-09-07,140.365
1963-09-08,125.807
1963-09-09,113.517
1963-09-10,111.091
1963-09-11,112.24
1963-09-12,102.079
1963-09-13,91.592
1963-09-14,99.168
1963-09-15,103.468
1963-09-16,130.284
1963-09-17,138.847
1963-09-18,171.982
1963-09-19,149.765
1963-09-20,130.596
1963-09-21,103.875
1963-09-22,88.534
1963-09-23,103.136
1963-09-24,130.19
1963-09-25,173.958
1963-09-26,258.152
1963-09-27,251.101
1963-09-28,255.661
1963-09-29,281.975
1963-09-30,274.913
1963-10-01,200.372
1963-10-02,142.784
1963-10-03,122.475
1963-10-04,154.116
1963-10-05,217.893
1963-10-06,213.462
1963-10-07,242.754
1963-10-08,347.647
1963-10-09,358.595
1963-10-10,283.198
1963-10-11,275.176
1963-10-12,344.711
1963-10-13,378.325
1963-10-14,316.807
1963-10-15,407.252
1963-10-16,456.17
1963-10-17,516.759
1963-10-18,465.248
1963-10-19,401.552
1963-10-20,273.42
1963-10-21,256.251
1963-10-22,261.305
1963-10-23,243.154
1963-10-24,181.619
1963-10-25,195.937
1963-10-26,281.005
1963-10-27,258.259
1963-10-28,202.842
1963-10-29,293.542
1963-10-30,301.0
1963-10-31,367.477
1963-11-01,397.713
1963-11-02,447.111
1963-11-03,419.485
1963-11-04,437.465
1963-11-05,448.575
1963-11-06,347.783
1963-11-07,346.39
1963-11-08,348.415
1963-11-09,330.615
1963-11-10,360.606
1963-11-11,380.482
1963-11-12,409.644
1963-11-13,379.483
1963-11-14,406.318
1963-11-15,372.718
1963-11-16,434.929
1963-11-17,499.93
1963-11-18,434.178
1963-11-19,463.531
1963-11-20,487.527
1963-11-21,515.982
1963-11-22,626.72
1963-11-23,679.631
1963-11-24,758.501
1963-11-25,701.47
1963-11-26,654.175
1963-11-27,630.194
1963-11-28,604.406
1963-11-29,633.144
1963-11-30,687.536
1963-12-01,654.759
1963-12-02,624.632
1963-12-03,683.596
1963-12-04,834.735
1963-12-05,782.591
1963-12-06,640.559
1963-12-07,698.533
1963-12-08,819.122
1963-12-09,858.137
1963-12-10,795.687
1963-12-11,721.734
1963-12-12,812.73
1963-12-13,730.882
1963-12-14,641.925
1963-12-15,647.697
1963-12-16,584.864
1963-12-17,526.501
1963-12-18,535.18
1963-12-19,512.845
1963-12-20,462.248
1963-12-21,430.164
1963-12-22,418.165
1963-12-23,409.13
1963-12-24,409.265
1963-12-25,457.426
1963-12-26,542.679
1963-12-27,540.227
1963-12-28,539.483
1963-12-29,502.868
1963-12-30,474.466
1963-12-31,489.383
1964-01-01,439.69
1964-01-02,438.375
1964-01-03,475.445
1964-01-04,511.389
1964-01-05,593.32
1964-01-06,578.676
1964-01-07,527.548
1964-01-08,478.661
1964-01-09,489.097
1964-01-10,527.025
1964-01-11,497.692
1964-01-12,453.201
1964-01-13,445.983
1964-01-14,451.176
1964-01-15,422.089
1964-01-16,383.764
1964-01-17,371.678
1964-01-18,361.816
1964-01-19,351.719
1964-01-20,341.861
1964-01-21,332.688
1964-01-22,326.826
1964-01-23,314.919
1964-01-24,305.284
1964-01-25,295.456
1964-01-26,286.225
1964-01-27,278.33
1964-01-28,271.696
1964-01-29,264.134
1964-01-30,256.092
1964-01-31,248.919
1964-02-01,243.271
1964-02-02,239.107
1964-02-03,233.788
1964-02-04,229.011
1964-02-05,238.884
1964-02-06,234.021
1964-02-07,242.848
1964-02-08,258.467
1964-02-09,254.912
1964-02-10,269.272
1964-02-11,249.566
1964-02-12,240.475
1964-02-13,224.915
1964-02-14,221.314
1964-02-15,216.765
1964-02-16,233.058
1964-02-17,232.908
1964-02-18,232.451
1964-02-19,231.894
1964-02-20,207.605
1964-02-21,192.653
1964-02-22,220.64
1964-02-23,237.492
1964-02-24,231.1
1964-02-25,240.145
1964-02-26,308.976
1964-02-27,343.738
1964-02-28,283.505
1964-02-29,281.136
1964-03-01,264.103
1964-03-02,235.071
1964-03-03,222.991
1964-03-04,225.222
1964-03-05,266.279
1964-03-06,206.843
1964-03-07,160.828
1964-03-08,158.911
1964-03-09,194.666
1964-03-10,183.218
1964-03-11,148.474
1964-03-12,143.215
1964-03-13,171.178
1964-03-14,198.096
1964-03-15,212.23
1964-03-16,214.406
1964-03-17,300.238
1964-03-18,296.364
1964-03-19,250.256
1964-03-20,203.268
1964-03-21,188.207
1964-03-22,216.091
1964-03-23,199.571
1964-03-24,172.732
1964-03-25,165.704
1964-03-26,200.003
1964-03-27,192.675
1964-03-28,225.095
1964-03-29,267.571
1964-03-30,233.736
1964-03-31,212.252
1964-04-01,172.575
1964-04-02,167.859
1964-04-03,182.166
1964-04-04,196.237
1964-04-05,229.017
1964-04-06,259.78
1964-04-07,247.415
1964-04-08,260.874
1964-04-09,298.447
1964-04-10,228.215
1964-04-11,233.421
1964-04-12,269.592
1964-04-13,244.202
1964-04-14,229.03
1964-04-15,197.305
1964-04-16,174.914
1964-04-17,157.408
1964-04-18,188.256
1964-04-19,219.172
1964-04-20,243.625
1964-04-21,214.714
1964-04-22,216.175
1964-04-23,210.054
1964-04-24,240.183
1964-04-25,284.993
1964-04-26,239.212
1964-04-27,256.252
1964-04-28,245.087
1964-04-29,237.134
1964-04-30,218.784
1964-05-01,203.478
1964-05-02,190.352
1964-05-03,176.646
1964-05-04,154.524
1964-05-05,152.859
1964-05-06,159.744
1964-05-07,176.053
1964-05-08,203.998
1964-05-09,238.96
1964-05-10,298.31
1964-05-11,316.322
1964-05-12,335.8
1964-05-13,313.833
1964-05-14,298.081
1964-05-15,258.058
1964-05-16,282.082
1964-05-17,259.908
1964-05-18,229.433
1964-05-19,232.482
1964-05-20,217.197
1964-05-21,185.872
1964-05-22,174.658
1964-05-23,152.683
1964-05-24,159.297
1964-05-25,180.326
1964-05-26,190.828
1964-05-27,175.577
1964-05-28,169.582
1964-05-29,161.618
1964-05-30,161.015
1964-05-31,149.281
1964-06-01,144.747
1964-06-02,132.295
1964-06-03,131.52
1964-06-04,135.518
1964-06-05,136.049
1964-06-06,140.121
1964-06-07,141.591
1964-06-08,140.329
1964-06-09,135.957
1964-06-10,122.237
1964-06-11,126.233
1964-06-12,144.233
1964-06-13,144.642
1964-06-14,130.038
1964-06-15,116.666
1964-06-16,114.436
1964-06-17,123.533
1964-06-18,128.73
1964-06-19,120.587
1964-06-20,125.449
1964-06-21,121.925
1964-06-22,111.598
1964-06-23,106.925
1964-06-24,101.226
1964-06-25,98.9
1964-06-26,97.027
1964-06-27,97.304
1964-06-28,99.496
1964-06-29,99.048
1964-06-30,97.075
1964-07-01,92.463
1964-07-02,91.173
1964-07-03,90.393
1964-07-04,91.218
1964-07-05,89.637
1964-07-06,92.729
1964-07-07,101.025
1964-07-08,94.742
1964-07-09,92.111
1964-07-10,94.3
1964-07-11,89.077
1964-07-12,81.836
1964-07-13,82.988
1964-07-14,85.498
1964-07-15,85.028
1964-07-16,79.236
1964-07-17,76.327
1964-07-18,75.279
1964-07-19,75.177
1964-07-20,85.374
1964-07-21,85.991
1964-07-22,74.386
1964-07-23,72.878
1964-07-24,73.507
1964-07-25,72.253
1964-07-26,70.233
1964-07-27,71.39
1964-07-28,72.702
1964-07-29,78.659
1964-07-30,75.363
1964-07-31,80.494
1964-08-01,111.961
1964-08-02,182.217
1964-08-03,176.421
1964-08-04,191.692
1964-08-05,224.591
1964-08-06,173.643
1964-08-07,154.343
1964-08-08,127.813
1964-08-09,94.277
1964-08-10,88.359
1964-08-11,72.077
1964-08-12,69.243
1964-08-13,65.938
1964-08-14,67.609
1964-08-15,63.447
1964-08-16,71.012
1964-08-17,84.893
1964-08-18,78.315
1964-08-19,76.811
1964-08-20,91.877
1964-08-21,96.044
1964-08-22,137.16
1964-08-23,149.219
1964-08-24,113.104
1964-08-25,95.428
1964-08-26,86.336
1964-08-27,147.694
1964-08-28,202.718
1964-08-29,208.869
1964-08-30,183.898
1964-08-31,149.231
1964-09-01,180.733
1964-09-02,223.188
1964-09-03,169.475
1964-09-04,193.725
1964-09-05,158.847
1964-09-06,156.754
1964-09-07,141.323
1964-09-08,194.765
1964-09-09,187.538
1964-09-10,240.121
1964-09-11,192.468
1964-09-12,133.295
1964-09-13,133.4
1964-09-14,154.961
1964-09-15,189.927
1964-09-16,164.499
1964-09-17,189.434
1964-09-18,255.404
1964-09-19,351.928
1964-09-20,412.662
1964-09-21,262.288
1964-09-22,296.676
1964-09-23,334.137
1964-09-24,215.19
1964-09-25,258.796
1964-09-26,247.142
1964-09-27,322.804
1964-09-28,429.556
1964-09-29,435.251
1964-09-30,434.991
1964-10-01,331.885
1964-10-02,338.036
1964-10-03,431.415
1964-10-04,441.457
1964-10-05,411.542
1964-10-06,350.608
1964-10-07,419.813
1964-10-08,429.093
1964-10-09,400.684
1964-10-10,428.36
1964-10-11,458.265
1964-10-12,511.047
1964-10-13,513.458
1964-10-14,661.882
1964-10-15,677.462
1964-10-16,661.686
1964-10-17,656.775
1964-10-18,626.225
1964-10-19,631.142
1964-10-20,628.155
1964-10-21,678.418
1964-10-22,553.835
1964-10-23,437.573
1964-10-24,451.686
1964-10-25,438.812
1964-10-26,393.83
1964-10-27,408.692
1964-10-28,428.738
1964-10-29,522.835
1964-10-30,473.695
1964-10-31,405.251
1964-11-01,440.684
1964-11-02,446.698
1964-11-03,449.728
1964-11-04,373.943
1964-11-05,335.362
1964-11-06,297.146
1964-11-07,289.322
1964-11-08,261.664
1964-11-09,240.01
1964-11-10,230.319
1964-11-11,223.263
1964-11-12,217.308
1964-11-13,219.476
1964-11-14,232.735
1964-11-15,252.229
1964-11-16,290.498
1964-11-17,369.008
1964-11-18,391.292
1964-11-19,338.784
1964-11-20,292.899
1964-11-21,255.561
1964-11-22,290.585
1964-11-23,335.547
1964-11-24,354.688
1964-11-25,360.368
1964-11-26,290.287
1964-11-27,270.023
1964-11-28,286.045
1964-11-29,331.67
1964-11-30,317.67
1964-12-01,255.281
1964-12-02,258.579
1964-12-03,257.666
1964-12-04,241.19
1964-12-05,258.38
1964-12-06,268.855
1964-12-07,237.108
1964-12-08,211.345
1964-12-09,192.487
1964-12-10,178.322
1964-12-11,175.218
1964-12-12,173.361
1964-12-13,176.237
1964-12-14,175.362
1964-12-15,172.308
1964-12-16,169.692
1964-12-17,213.277
1964-12-18,270.4
1964-12-19,254.64
1964-12-20,259.547
1964-12-21,254.631
1964-12-22,238.382
1964-12-23,210.89
1964-12-24,195.222
1964-12-25,189.538
1964-12-26,197.062
1964-12-27,198.033
1964-12-28,188.149
1964-12-29,168.81
1964-12-30,166.094
1964-12-31,210.345
1965-01-01,259.047
1965-01-02,254.025
1965-01-03,221.813
1965-01-04,178.098
1965-01-05,200.38
1965-01-06,244.457
1965-01-07,209.187
1965-01-08,199.32
1965-01-09,199.708
1965-01-10,181.871
1965-01-11,147.695
1965-01-12,146.728
1965-01-13,179.96
1965-01-14,156.864
1965-01-15,141.032
1965-01-16,132.143
1965-01-17,125.639
1965-01-18,123.295
1965-01-19,121.105
1965-01-20,119.585
1965-01-21,117.654
1965-01-22,116.121
1965-01-23,114.417
1965-01-24,112.635
1965-01-25,111.401
1965-01-26,109.999
1965-01-27,108.522
1965-01-28,107.277
1965-01-29,105.127
1965-01-30,103.229
1965-01-31,100.758
1965-02-01,100.658
1965-02-02,109.313
1965-02-03,103.121
1965-02-04,116.983
1965-02-05,133.051
1965-02-06,119.342
1965-02-07,114.061
1965-02-08,108.056
1965-02-09,116.563
1965-02-10,106.25
1965-02-11,94.539
1965-02-12,86.412
1965-02-13,83.445
1965-02-14,99.685
1965-02-15,96.758
1965-02-16,85.916
1965-02-17,83.5
1965-02-18,75.65
1965-02-19,74.106
1965-02-20,76.628
1965-02-21,74.149
1965-02-22,75.102
1965-02-23,89.59
1965-02-24,75.665
1965-02-25,71.265
1965-02-26,74.943
1965-02-27,78.689
1965-02-28,67.478
1965-03-01,62.433
1965-03-02,60.756
1965-03-03,59.75
1965-03-04,61.134
1965-03-05,82.155
1965-03-06,84.348
1965-03-07,68.118
1965-03-08,72.83
1965-03-09,137.554
1965-03-10,133.695
1965-03-11,88.455
1965-03-12,65.562
1965-03-13,58.565
1965-03-14,76.608
1965-03-15,73.102
1965-03-16,83.108
1965-03-17,76.66
1965-03-18,114.67
1965-03-19,164.703
1965-03-20,174.371
1965-03-21,153.784
1965-03-22,136.163
1965-03-23,101.248
1965-03-24,102.452
1965-03-25,137.888
1965-03-26,161.474
1965-03-27,236.826
1965-03-28,268.997
1965-03-29,265.382
1965-03-30,259.123
1965-03-31,222.722
1965-04-01,130.406
1965-04-02,82.842
1965-04-03,72.729
1965-04-04,110.229
1965-04-05,101.611
1965-04-06,89.092
1965-04-07,165.973
1965-04-08,158.382
1965-04-09,130.863
1965-04-10,122.02
1965-04-11,88.819
1965-04-12,96.408
1965-04-13,188.395
1965-04-14,347.44
1965-04-15,422.512
1965-04-16,467.238
1965-04-17,264.058
1965-04-18,166.116
1965-04-19,144.558
1965-04-20,141.754
1965-04-21,120.927
1965-04-22,122.207
1965-04-23,164.37
1965-04-24,231.929
1965-04-25,224.915
1965-04-26,182.519
1965-04-27,206.17
1965-04-28,235.26
1965-04-29,265.778
1965-04-30,245.932
1965-05-01,257.468
1965-05-02,156.236
1965-05-03,148.477
1965-05-04,180.813
1965-05-05,195.118
1965-05-06,237.27
1965-05-07,164.365
1965-05-08,129.265
1965-05-09,128.897
1965-05-10,113.4
1965-05-11,107.766
1965-05-12,123.134
1965-05-13,154.563
1965-05-14,134.098
1965-05-15,136.358
1965-05-16,154.654
1965-05-17,167.815
1965-05-18,185.465
1965-05-19,150.491
1965-05-20,128.045
1965-05-21,116.017
1965-05-22,114.068
1965-05-23,121.207
1965-05-24,127.641
1965-05-25,115.004
1965-05-26,121.295
1965-05-27,131.902
1965-05-28,119.333
1965-05-29,93.136
1965-05-30,85.734
1965-05-31,80.372
1965-06-01,78.772
1965-06-02,78.564
1965-06-03,77.523
1965-06-04,78.055
1965-06-05,86.938
1965-06-06,96.912
1965-06-07,112.96
1965-06-08,108.45
1965-06-09,129.092
1965-06-10,127.995
1965-06-11,77.105
1965-06-12,66.329
1965-06-13,66.155
1965-06-14,68.114
1965-06-15,66.514
1965-06-16,63.863
1965-06-17,61.472
1965-06-18,60.274
1965-06-19,59.178
1965-06-20,58.31
1965-06-21,57.421
1965-06-22,56.59
1965-06-23,56.602
1965-06-24,57.674
1965-06-25,55.568
1965-06-26,56.552
1965-06-27,54.64
1965-06-28,54.762
1965-06-29,55.58
1965-06-30,58.946
1965-07-01,58.917
1965-07-02,53.761
1965-07-03,49.177
1965-07-04,48.914
1965-07-05,53.586
1965-07-06,53.226
1965-07-07,48.652
1965-07-08,46.951
1965-07-09,49.931
1965-07-10,55.45
1965-07-11,54.458
1965-07-12,57.454
1965-07-13,57.58
1965-07-14,44.466
1965-07-15,42.745
1965-07-16,44.841
1965-07-17,54.947
1965-07-18,47.012
1965-07-19,46.264
1965-07-20,51.303
1965-07-21,47.82
1965-07-22,57.947
1965-07-23,65.953
1965-07-24,68.948
1965-07-25,78.384
1965-07-26,71.228
1965-07-27,62.583
1965-07-28,80.073
1965-07-29,71.661
1965-07-30,52.63
1965-07-31,51.988
1965-08-01,47.476
1965-08-02,53.456
1965-08-03,53.726
1965-08-04,55.45
1965-08-05,64.697
1965-08-06,66.554
1965-08-07,62.935
1965-08-08,81.603
1965-08-09,84.444
1965-08-10,65.427
1965-08-11,55.935
1965-08-12,55.038
1965-08-13,44.965
1965-08-14,34.91
1965-08-15,38.137
1965-08-16,46.048
1965-08-17,51.002
1965-08-18,45.26
1965-08-19,45.369
1965-08-20,48.512
1965-08-21,63.55
1965-08-22,65.86
1965-08-23,53.871
1965-08-24,56.065
1965-08-25,53.117
1965-08-26,64.6
1965-08-27,64.611
1965-08-28,84.757
1965-08-29,80.983
1965-08-30,73.195
1965-08-31,114.512
1965-09-01,173.555
1965-09-02,134.402
1965-09-03,148.777
1965-09-04,97.596
1965-09-05,83.156
1965-09-06,100.544
1965-09-07,115.323
1965-09-08,84.033
1965-09-09,113.958
1965-09-10,126.253
1965-09-11,108.242
1965-09-12,97.509
1965-09-13,77.04
1965-09-14,78.16
1965-09-15,73.265
1965-09-16,60.784
1965-09-17,71.408
1965-09-18,89.985
1965-09-19,77.509
1965-09-20,74.158
1965-09-21,66.444
1965-09-22,51.874
1965-09-23,60.903
1965-09-24,48.532
1965-09-25,103.895
1965-09-26,112.767
1965-09-27,140.755
1965-09-28,117.452
1965-09-29,101.272
1965-09-30,78.089
1965-10-01,89.61
1965-10-02,64.179
1965-10-03,39.501
1965-10-04,39.5
1965-10-05,63.057
1965-10-06,72.209
1965-10-07,111.874
1965-10-08,122.271
1965-10-09,150.474
1965-10-10,182.244
1965-10-11,186.698
1965-10-12,174.042
1965-10-13,182.971
1965-10-14,193.304
1965-10-15,166.821
1965-10-16,145.102
1965-10-17,124.468
1965-10-18,243.333
1965-10-19,359.364
1965-10-20,482.432
1965-10-21,476.716
1965-10-22,309.691
1965-10-23,242.261
1965-10-24,253.574
1965-10-25,265.726
1965-10-26,246.746
1965-10-27,251.955
1965-10-28,212.273
1965-10-29,283.914
1965-10-30,218.729
1965-10-31,183.847
1965-11-01,204.908
1965-11-02,296.732
1965-11-03,322.456
1965-11-04,322.105
1965-11-05,313.05
1965-11-06,376.112
1965-11-07,297.198
1965-11-08,264.822
1965-11-09,290.33
1965-11-10,334.263
1965-11-11,298.48
1965-11-12,267.192
1965-11-13,222.733
1965-11-14,168.911
1965-11-15,194.448
1965-11-16,265.782
1965-11-17,326.836
1965-11-18,386.832
1965-11-19,367.277
1965-11-20,348.057
1965-11-21,319.968
1965-11-22,381.178
1965-11-23,412.086
1965-11-24,463.014
1965-11-25,500.605
1965-11-26,465.233
1965-11-27,407.299
1965-11-28,331.59
1965-11-29,369.297
1965-11-30,471.38
1965-12-01,370.917
1965-12-02,386.57
1965-12-03,465.61
1965-12-04,471.206
1965-12-05,572.095
1965-12-06,510.925
1965-12-07,524.029
1965-12-08,471.232
1965-12-09,414.817
1965-12-10,339.737
1965-12-11,269.989
1965-12-12,355.321
1965-12-13,386.408
1965-12-14,378.722
1965-12-15,399.393
1965-12-16,452.759
1965-12-17,558.285
1965-12-18,611.433
1965-12-19,485.174
1965-12-20,566.438
1965-12-21,435.264
1965-12-22,355.435
1965-12-23,308.269
1965-12-24,256.855
1965-12-25,238.585
1965-12-26,233.065
1965-12-27,230.617
1965-12-28,225.729
1965-12-29,251.947
1965-12-30,284.152
1965-12-31,244.637
1966-01-01,213.232
1966-01-02,224.295
1966-01-03,230.626
1966-01-04,206.064
1966-01-05,182.181
1966-01-06,170.979
1966-01-07,171.62
1966-01-08,167.445
1966-01-09,175.01
1966-01-10,174.673
1966-01-11,158.312
1966-01-12,147.312
1966-01-13,142.089
1966-01-14,144.903
1966-01-15,146.201
1966-01-16,133.495
1966-01-17,129.44
1966-01-18,135.086
1966-01-19,139.89
1966-01-20,140.17
1966-01-21,124.876
1966-01-22,114.717
1966-01-23,124.685
1966-01-24,143.857
1966-01-25,157.07
1966-01-26,147.118
1966-01-27,156.513
1966-01-28,134.447
1966-01-29,148.005
1966-01-30,179.593
1966-01-31,150.86
1966-02-01,176.164
1966-02-02,234.788
1966-02-03,217.496
1966-02-04,175.604
1966-02-05,184.676
1966-02-06,173.281
1966-02-07,149.757
1966-02-08,139.852
1966-02-09,196.687
1966-02-10,207.235
1966-02-11,205.248
1966-02-12,265.782
1966-02-13,267.683
1966-02-14,228.616
1966-02-15,146.667
1966-02-16,119.148
1966-02-17,137.321
1966-02-18,147.201
1966-02-19,173.473
1966-02-20,143.387
1966-02-21,126.083
1966-02-22,151.011
1966-02-23,214.215
1966-02-24,217.517
1966-02-25,274.747
1966-02-26,403.033
1966-02-27,363.361
1966-02-28,349.842
1966-03-01,325.98
1966-03-02,352.334
1966-03-03,259.982
1966-03-04,223.687
1966-03-05,229.506
1966-03-06,225.661
1966-03-07,232.331
1966-03-08,268.822
1966-03-09,217.038
1966-03-10,146.77
1966-03-11,165.238
1966-03-12,253.81
1966-03-13,337.518
1966-03-14,252.186
1966-03-15,184.047
1966-03-16,194.978
1966-03-17,184.165
1966-03-18,181.957
1966-03-19,174.777
1966-03-20,150.935
1966-03-21,173.096
1966-03-22,194.56
1966-03-23,206.967
1966-03-24,253.002
1966-03-25,298.206
1966-03-26,289.537
1966-03-27,251.121
1966-03-28,190.619
1966-03-29,133.72
1966-03-30,145.825
1966-03-31,151.434
1966-04-01,144.467
1966-04-02,168.06
1966-04-03,201.715
1966-04-04,212.643
1966-04-05,221.107
1966-04-06,243.352
1966-04-07,183.337
1966-04-08,136.072
1966-04-09,135.317
1966-04-10,182.429
1966-04-11,236.438
1966-04-12,236.705
1966-04-13,197.768
1966-04-14,161.915
1966-04-15,145.537
1966-04-16,154.539
1966-04-17,238.627
1966-04-18,273.287
1966-04-19,256.213
1966-04-20,268.227
1966-04-21,208.983
1966-04-22,182.882
1966-04-23,202.54
1966-04-24,285.394
1966-04-25,327.083
1966-04-26,314.53
1966-04-27,262.61
1966-04-28,192.124
1966-04-29,193.521
1966-04-30,228.125
1966-05-01,286.776
1966-05-02,316.262
1966-05-03,345.135
1966-05-04,313.708
1966-05-05,269.578
1966-05-06,206.197
1966-05-07,212.292
1966-05-08,193.922
1966-05-09,190.427
1966-05-10,204.152
1966-05-11,249.171
1966-05-12,269.232
1966-05-13,224.146
1966-05-14,217.567
1966-05-15,178.505
1966-05-16,144.17
1966-05-17,129.083
1966-05-18,130.424
1966-05-19,134.399
1966-05-20,130.898
1966-05-21,121.688
1966-05-22,118.795
1966-05-23,117.491
1966-05-24,118.378
1966-05-25,136.608
1966-05-26,173.445
1966-05-27,195.254
1966-05-28,203.156
1966-05-29,213.363
1966-05-30,216.13
1966-05-31,174.409
1966-06-01,135.468
1966-06-02,128.768
1966-06-03,167.919
1966-06-04,166.1
1966-06-05,150.833
1966-06-06,131.052
1966-06-07,98.818
1966-06-08,95.501
1966-06-09,95.28
1966-06-10,94.587
1966-06-11,93.145
1966-06-12,92.646
1966-06-13,90.689
1966-06-14,90.745
1966-06-15,103.58
1966-06-16,104.192
1966-06-17,105.984
1966-06-18,114.584
1966-06-19,124.675
1966-06-20,132.167
1966-06-21,109.739
1966-06-22,91.655
1966-06-23,85.908
1966-06-24,80.116
1966-06-25,80.45
1966-06-26,83.833
1966-06-27,87.305
1966-06-28,88.508
1966-06-29,88.335
1966-06-30,79.698
1966-07-01,76.765
1966-07-02,75.451
1966-07-03,72.51
1966-07-04,70.396
1966-07-05,68.349
1966-07-06,66.85
1966-07-07,68.98
1966-07-08,71.88
1966-07-09,68.174
1966-07-10,80.99
1966-07-11,84.23
1966-07-12,76.996
1966-07-13,88.93
1966-07-14,87.652
1966-07-15,91.226
1966-07-16,98.656
1966-07-17,81.948
1966-07-18,66.312
1966-07-19,64.021
1966-07-20,75.081
1966-07-21,75.696
1966-07-22,66.747
1966-07-23,74.278
1966-07-24,80.934
1966-07-25,73.506
1966-07-26,67.515
1966-07-27,60.935
1966-07-28,63.198
1966-07-29,60.22
1966-07-30,56.784
1966-07-31,51.393
1966-08-01,50.961
1966-08-02,53.58
1966-08-03,55.046
1966-08-04,51.079
1966-08-05,50.807
1966-08-06,50.822
1966-08-07,49.957
1966-08-08,49.625
1966-08-09,49.738
1966-08-10,48.654
1966-08-11,56.109
1966-08-12,52.577
1966-08-13,45.7
1966-08-14,61.827
1966-08-15,74.013
1966-08-16,90.847
1966-08-17,79.844
1966-08-18,70.04
1966-08-19,75.308
1966-08-20,70.96
1966-08-21,83.972
1966-08-22,115.449
1966-08-23,135.978
1966-08-24,121.216
1966-08-25,109.481
1966-08-26,120.028
1966-08-27,119.186
1966-08-28,175.8
1966-08-29,180.303
1966-08-30,198.85
1966-08-31,171.171
1966-09-01,159.281
1966-09-02,181.929
1966-09-03,159.667
1966-09-04,171.78
1966-09-05,151.921
1966-09-06,136.372
1966-09-07,191.893
1966-09-08,304.93
1966-09-09,264.555
1966-09-10,289.343
1966-09-11,271.155
1966-09-12,304.759
1966-09-13,265.042
1966-09-14,255.628
1966-09-15,174.223
1966-09-16,143.236
1966-09-17,141.941
1966-09-18,150.575
1966-09-19,137.186
1966-09-20,149.391
1966-09-21,119.497
1966-09-22,162.158
1966-09-23,147.176
1966-09-24,113.309
1966-09-25,108.294
1966-09-26,134.023
1966-09-27,179.581
1966-09-28,209.408
1966-09-29,300.269
1966-09-30,278.95
1966-10-01,354.829
1966-10-02,326.623
1966-10-03,336.427
1966-10-04,220.481
1966-10-05,118.376
1966-10-06,99.588
1966-10-07,88.38
1966-10-08,96.947
1966-10-09,146.709
1966-10-10,202.28
1966-10-11,221.222
1966-10-12,212.475
1966-10-13,187.326
1966-10-14,190.381
1966-10-15,168.063
1966-10-16,132.083
1966-10-17,166.24
1966-10-18,246.288
1966-10-19,268.349
1966-10-20,290.134
1966-10-21,314.719
1966-10-22,261.725
1966-10-23,297.607
1966-10-24,315.689
1966-10-25,368.325
1966-10-26,443.207
1966-10-27,388.045
1966-10-28,281.601
1966-10-29,258.63
1966-10-30,239.836
1966-10-31,187.323
1966-11-01,194.555
1966-11-02,277.323
1966-11-03,403.408
1966-11-04,454.953
1966-11-05,552.36
1966-11-06,569.898
1966-11-07,668.753
1966-11-08,656.6
1966-11-09,503.033
1966-11-10,411.464
1966-11-11,387.901
1966-11-12,350.647
1966-11-13,335.881
1966-11-14,419.952
1966-11-15,515.655
1966-11-16,443.506
1966-11-17,503.248
1966-11-18,446.401
1966-11-19,382.385
1966-11-20,333.558
1966-11-21,280.555
1966-11-22,268.104
1966-11-23,279.213
1966-11-24,301.825
1966-11-25,273.38
1966-11-26,287.24
1966-11-27,299.254
1966-11-28,269.91
1966-11-29,256.688
1966-11-30,241.527
1966-12-01,220.158
1966-12-02,207.641
1966-12-03,211.871
1966-12-04,212.502
1966-12-05,193.918
1966-12-06,196.752
1966-12-07,229.928
1966-12-08,244.198
1966-12-09,251.641
1966-12-10,290.413
1966-12-11,259.522
1966-12-12,193.808
1966-12-13,152.685
1966-12-14,147.828
1966-12-15,159.842
1966-12-16,160.08
1966-12-17,169.359
1966-12-18,148.537
1966-12-19,133.964
1966-12-20,132.276
1966-12-21,130.143
1966-12-22,131.081
1966-12-23,131.425
1966-12-24,124.955
1966-12-25,119.132
1966-12-26,114.894
1966-12-27,111.875
1966-12-28,109.047
1966-12-29,107.035
1966-12-30,105.019
1966-12-31,103.154
1967-01-01,101.463
1967-01-02,99.182
1967-01-03,98.024
1967-01-04,96.264
1967-01-05,93.478
1967-01-06,89.637
1967-01-07,87.153
1967-01-08,84.99
1967-01-09,82.705
1967-01-10,80.629
1967-01-11,78.749
1967-01-12,77.469
1967-01-13,75.71
1967-01-14,73.975
1967-01-15,72.291
1967-01-16,70.481
1967-01-17,68.756
1967-01-18,67.045
1967-01-19,65.345
1967-01-20,64.164
1967-01-21,62.87
1967-01-22,61.241
1967-01-23,59.904
1967-01-24,60.502
1967-01-25,63.086
1967-01-26,62.728
1967-01-27,58.517
1967-01-28,55.429
1967-01-29,53.556
1967-01-30,52.224
1967-01-31,50.796
1967-02-01,49.365
1967-02-02,48.572
1967-02-03,47.613
1967-02-04,46.45
1967-02-05,45.285
1967-02-06,44.363
1967-02-07,43.76
1967-02-08,42.765
1967-02-09,41.762
1967-02-10,41.307
1967-02-11,43.415
1967-02-12,46.51
1967-02-13,68.867
1967-02-14,95.367
1967-02-15,62.387
1967-02-16,38.782
1967-02-17,36.6
1967-02-18,35.84
1967-02-19,35.292
1967-02-20,34.636
1967-02-21,34.72
1967-02-22,34.418
1967-02-23,33.642
1967-02-24,33.825
1967-02-25,35.259
1967-02-26,37.107
1967-02-27,33.605
1967-02-28,30.322
1967-03-01,29.935
1967-03-02,30.978
1967-03-03,35.066
1967-03-04,37.601
1967-03-05,34.19
1967-03-06,33.409
1967-03-07,43.651
1967-03-08,75.874
1967-03-09,85.543
1967-03-10,74.247
1967-03-11,89.58
1967-03-12,99.777
1967-03-13,67.995
1967-03-14,51.819
1967-03-15,49.72
1967-03-16,40.634
1967-03-17,80.578
1967-03-18,113.765
1967-03-19,104.465
1967-03-20,228.226
1967-03-21,207.3
1967-03-22,185.422
1967-03-23,119.485
1967-03-24,109.882
1967-03-25,153.77
1967-03-26,156.211
1967-03-27,136.316
1967-03-28,165.67
1967-03-29,177.732
1967-03-30,256.152
1967-03-31,220.335
1967-04-01,160.122
1967-04-02,139.915
1967-04-03,121.628
1967-04-04,155.901
1967-04-05,179.985
1967-04-06,219.855
1967-04-07,154.099
1967-04-08,226.052
1967-04-09,282.033
1967-04-10,332.76
1967-04-11,374.38
1967-04-12,420.48
1967-04-13,450.305
1967-04-14,363.673
1967-04-15,338.428
1967-04-16,321.952
1967-04-17,274.679
1967-04-18,290.059
1967-04-19,301.274
1967-04-20,206.575
1967-04-21,210.094
1967-04-22,138.707
1967-04-23,113.34
1967-04-24,123.07
1967-04-25,159.008
1967-04-26,199.911
1967-04-27,259.372
1967-04-28,445.816
1967-04-29,434.336
1967-04-30,493.957
1967-05-01,395.834
1967-05-02,355.901
1967-05-03,395.15
1967-05-04,308.841
1967-05-05,335.829
1967-05-06,290.808
1967-05-07,310.451
1967-05-08,279.604
1967-05-09,369.543
1967-05-10,353.612
1967-05-11,299.506
1967-05-12,287.039
1967-05-13,218.9
1967-05-14,239.69
1967-05-15,308.665
1967-05-16,338.222
1967-05-17,359.539
1967-05-18,350.575
1967-05-19,338.372
1967-05-20,371.453
1967-05-21,354.891
1967-05-22,372.298
1967-05-23,392.324
1967-05-24,311.125
1967-05-25,246.411
1967-05-26,242.996
1967-05-27,213.709
1967-05-28,234.532
1967-05-29,238.782
1967-05-30,294.099
1967-05-31,341.951
1967-06-01,342.255
1967-06-02,376.186
1967-06-03,338.009
1967-06-04,335.632
1967-06-05,286.541
1967-06-06,264.528
1967-06-07,243.975
1967-06-08,206.462
1967-06-09,193.595
1967-06-10,167.673
1967-06-11,190.302
1967-06-12,180.865
1967-06-13,166.075
1967-06-14,180.467
1967-06-15,172.998
1967-06-16,195.165
1967-06-17,215.113
1967-06-18,192.228
1967-06-19,149.511
1967-06-20,144.228
1967-06-21,150.43
1967-06-22,169.401
1967-06-23,201.88
1967-06-24,219.82
1967-06-25,222.612
1967-06-26,213.02
1967-06-27,188.224
1967-06-28,168.591
1967-06-29,137.484
1967-06-30,139.894
1967-07-01,132.885
1967-07-02,134.4
1967-07-03,147.051
1967-07-04,135.854
1967-07-05,121.765
1967-07-06,153.101
1967-07-07,181.238
1967-07-08,181.566
1967-07-09,179.959
1967-07-10,161.775
1967-07-11,142.014
1967-07-12,151.728
1967-07-13,156.81
1967-07-14,131.52
1967-07-15,117.808
1967-07-16,137.444
1967-07-17,158.36
1967-07-18,176.8
1967-07-19,183.995
1967-07-20,168.86
1967-07-21,148.508
1967-07-22,212.082
1967-07-23,259.153
1967-07-24,258.617
1967-07-25,247.649
1967-07-26,186.882
1967-07-27,172.729
1967-07-28,231.555
1967-07-29,259.997
1967-07-30,247.579
1967-07-31,209.588
1967-08-01,161.04
1967-08-02,153.789
1967-08-03,155.782
1967-08-04,180.481
1967-08-05,191.262
1967-08-06,178.553
1967-08-07,135.764
1967-08-08,119.805
1967-08-09,142.363
1967-08-10,188.081
1967-08-11,198.688
1967-08-12,204.717
1967-08-13,232.358
1967-08-14,229.335
1967-08-15,182.721
1967-08-16,174.291
1967-08-17,156.219
1967-08-18,197.265
1967-08-19,213.34
1967-08-20,204.61
1967-08-21,178.307
1967-08-22,214.51
1967-08-23,263.235
1967-08-24,287.898
1967-08-25,296.411
1967-08-26,322.25
1967-08-27,312.4
1967-08-28,294.358
1967-08-29,259.466
1967-08-30,214.754
1967-08-31,182.771
1967-09-01,218.244
1967-09-02,251.892
1967-09-03,235.985
1967-09-04,182.272
1967-09-05,158.556
1967-09-06,161.5
1967-09-07,203.052
1967-09-08,247.685
1967-09-09,276.169
1967-09-10,287.618
1967-09-11,232.991
1967-09-12,231.277
1967-09-13,241.073
1967-09-14,207.182
1967-09-15,176.077
1967-09-16,184.111
1967-09-17,215.586
1967-09-18,182.612
1967-09-19,148.985
1967-09-20,179.586
1967-09-21,229.027
1967-09-22,260.986
1967-09-23,272.589
1967-09-24,261.82
1967-09-25,312.576
1967-09-26,396.238
1967-09-27,330.797
1967-09-28,293.871
1967-09-29,266.557
1967-09-30,237.892
1967-10-01,233.471
1967-10-02,341.127
1967-10-03,344.342
1967-10-04,357.425
1967-10-05,337.11
1967-10-06,299.761
1967-10-07,342.06
1967-10-08,401.425
1967-10-09,402.819
1967-10-10,324.972
1967-10-11,410.038
1967-10-12,488.773
1967-10-13,500.908
1967-10-14,478.399
1967-10-15,363.097
1967-10-16,302.479
1967-10-17,291.501
1967-10-18,346.115
1967-10-19,386.878
1967-10-20,417.933
1967-10-21,462.356
1967-10-22,576.646
1967-10-23,725.514
1967-10-24,617.788
1967-10-25,579.453
1967-10-26,626.928
1967-10-27,507.537
1967-10-28,505.117
1967-10-29,488.58
1967-10-30,467.609
1967-10-31,500.821
1967-11-01,465.534
1967-11-02,590.267
1967-11-03,604.964
1967-11-04,676.355
1967-11-05,662.617
1967-11-06,603.888
1967-11-07,610.188
1967-11-08,549.641
1967-11-09,546.233
1967-11-10,587.392
1967-11-11,635.539
1967-11-12,679.952
1967-11-13,677.869
1967-11-14,687.655
1967-11-15,699.225
1967-11-16,706.446
1967-11-17,647.335
1967-11-18,705.582
1967-11-19,723.118
1967-11-20,551.494
1967-11-21,575.723
1967-11-22,519.996
1967-11-23,508.873
1967-11-24,587.074
1967-11-25,509.724
1967-11-26,502.362
1967-11-27,714.645
1967-11-28,849.605
1967-11-29,896.075
1967-11-30,754.923
1967-12-01,626.022
1967-12-02,570.818
1967-12-03,656.706
1967-12-04,814.881
1967-12-05,749.375
1967-12-06,663.568
1967-12-07,610.719
1967-12-08,539.792
1967-12-09,469.678
1967-12-10,446.548
1967-12-11,430.945
1967-12-12,418.332
1967-12-13,405.728
1967-12-14,392.602
1967-12-15,378.976
1967-12-16,365.603
1967-12-17,352.492
1967-12-18,340.149
1967-12-19,329.095
1967-12-20,318.102
1967-12-21,307.033
1967-12-22,299.553
1967-12-23,292.228
1967-12-24,279.812
1967-12-25,264.961
1967-12-26,255.338
1967-12-27,246.703
1967-12-28,240.377
1967-12-29,234.011
1967-12-30,227.433
1967-12-31,220.197
1968-01-01,210.629
1968-01-02,202.673
1968-01-03,196.317
1968-01-04,190.09
1968-01-05,184.921
1968-01-06,178.987
1968-01-07,174.385
1968-01-08,169.195
1968-01-09,164.105
1968-01-10,159.357
1968-01-11,154.723
1968-01-12,149.132
1968-01-13,146.533
1968-01-14,143.999
1968-01-15,136.659
1968-01-16,132.486
1968-01-17,128.889
1968-01-18,125.12
1968-01-19,121.363
1968-01-20,117.949
1968-01-21,114.587
1968-01-22,111.563
1968-01-23,108.517
1968-01-24,107.167
1968-01-25,105.475
1968-01-26,111.42
1968-01-27,118.974
1968-01-28,103.731
1968-01-29,96.948
1968-01-30,93.568
1968-01-31,90.484
1968-02-01,87.917
1968-02-02,85.892
1968-02-03,83.971
1968-02-04,83.239
1968-02-05,81.729
1968-02-06,79.654
1968-02-07,77.658
1968-02-08,76.021
1968-02-09,75.024
1968-02-10,73.375
1968-02-11,72.583
1968-02-12,73.742
1968-02-13,85.558
1968-02-14,86.764
1968-02-15,82.826
1968-02-16,74.062
1968-02-17,69.552
1968-02-18,69.893
1968-02-19,89.631
1968-02-20,99.378
1968-02-21,87.265
1968-02-22,103.01
1968-02-23,151.077
1968-02-24,209.973
1968-02-25,205.324
1968-02-26,191.591
1968-02-27,167.067
1968-02-28,177.581
1968-02-29,175.58
1968-03-01,233.955
1968-03-02,408.202
1968-03-03,326.227
1968-03-04,288.86
1968-03-05,307.395
1968-03-06,287.886
1968-03-07,310.907
1968-03-08,395.852
1968-03-09,432.215
1968-03-10,631.182
1968-03-11,436.953
1968-03-12,355.084
1968-03-13,274.942
1968-03-14,272.071
1968-03-15,382.86
1968-03-16,334.492
1968-03-17,370.408
1968-03-18,316.645
1968-03-19,237.005
1968-03-20,226.784
1968-03-21,258.37
1968-03-22,260.934
1968-03-23,253.188
1968-03-24,243.055
1968-03-25,198.017
1968-03-26,195.747
1968-03-27,232.667
1968-03-28,248.519
1968-03-29,231.475
1968-03-30,230.865
1968-03-31,183.25
1968-04-01,181.221
1968-04-02,300.619
1968-04-03,334.628
1968-04-04,310.756
1968-04-05,277.546
1968-04-06,223.026
1968-04-07,219.291
1968-04-08,216.903
1968-04-09,206.277
1968-04-10,235.589
1968-04-11,278.742
1968-04-12,337.119
1968-04-13,367.119
1968-04-14,418.262
1968-04-15,353.092
1968-04-16,418.157
1968-04-17,435.707
1968-04-18,343.017
1968-04-19,385.869
1968-04-20,443.598
1968-04-21,527.82
1968-04-22,599.061
1968-04-23,791.938
1968-04-24,903.208
1968-04-25,821.626
1968-04-26,760.237
1968-04-27,710.215
1968-04-28,779.151
1968-04-29,768.43
1968-04-30,819.995
1968-05-01,861.602
1968-05-02,774.58
1968-05-03,687.525
1968-05-04,656.322
1968-05-05,671.585
1968-05-06,551.628
1968-05-07,518.162
1968-05-08,475.679
1968-05-09,538.201
1968-05-10,588.409
1968-05-11,536.682
1968-05-12,513.191
1968-05-13,462.76
1968-05-14,423.292
1968-05-15,447.596
1968-05-16,446.433
1968-05-17,439.323
1968-05-18,516.879
1968-05-19,507.217
1968-05-20,462.936
1968-05-21,479.034
1968-05-22,460.628
1968-05-23,461.193
1968-05-24,555.295
1968-05-25,630.266
1968-05-26,606.334
1968-05-27,580.148
1968-05-28,557.004
1968-05-29,670.535
1968-05-30,644.156
1968-05-31,569.656
1968-06-01,494.731
1968-06-02,464.532
1968-06-03,440.485
1968-06-04,482.37
1968-06-05,540.338
1968-06-06,546.827
1968-06-07,545.134
1968-06-08,484.492
1968-06-09,445.914
1968-06-10,405.344
1968-06-11,371.044
1968-06-12,365.351
1968-06-13,389.973
1968-06-14,394.163
1968-06-15,359.939
1968-06-16,345.934
1968-06-17,352.336
1968-06-18,419.033
1968-06-19,423.622
1968-06-20,396.371
1968-06-21,422.027
1968-06-22,443.424
1968-06-23,438.806
1968-06-24,413.666
1968-06-25,404.905
1968-06-26,358.36
1968-06-27,341.154
1968-06-28,338.513
1968-06-29,346.442
1968-06-30,358.811
1968-07-01,345.47
1968-07-02,314.767
1968-07-03,294.662
1968-07-04,296.165
1968-07-05,303.974
1968-07-06,322.006
1968-07-07,355.384
1968-07-08,345.241
1968-07-09,320.299
1968-07-10,345.737
1968-07-11,345.87
1968-07-12,312.462
1968-07-13,281.359
1968-07-14,311.943
1968-07-15,327.651
1968-07-16,297.272
1968-07-17,270.172
1968-07-18,235.419
1968-07-19,231.173
1968-07-20,245.509
1968-07-21,224.114
1968-07-22,230.509
1968-07-23,228.226
1968-07-24,228.98
1968-07-25,214.33
1968-07-26,216.131
1968-07-27,215.196
1968-07-28,210.243
1968-07-29,208.814
1968-07-30,231.703
1968-07-31,241.374
1968-08-01,218.885
1968-08-02,202.057
1968-08-03,186.095
1968-08-04,178.398
1968-08-05,173.279
1968-08-06,167.992
1968-08-07,166.49
1968-08-08,169.934
1968-08-09,194.202
1968-08-10,182.112
1968-08-11,189.201
1968-08-12,197.942
1968-08-13,182.664
1968-08-14,172.97
1968-08-15,162.566
1968-08-16,155.483
1968-08-17,152.21
1968-08-18,164.32
1968-08-19,245.675
1968-08-20,248.566
1968-08-21,258.714
1968-08-22,237.518
1968-08-23,174.229
1968-08-24,157.207
1968-08-25,165.13
1968-08-26,185.499
1968-08-27,161.021
1968-08-28,156.013
1968-08-29,141.486
1968-08-30,141.56
1968-08-31,135.121
1968-09-01,123.222
1968-09-02,128.648
1968-09-03,148.085
1968-09-04,139.748
1968-09-05,125.702
1968-09-06,120.156
1968-09-07,129.061
1968-09-08,137.55
1968-09-09,157.351
1968-09-10,170.165
1968-09-11,155.562
1968-09-12,165.164
1968-09-13,234.592
1968-09-14,199.251
1968-09-15,161.936
1968-09-16,156.779
1968-09-17,134.267
1968-09-18,123.875
1968-09-19,119.985
1968-09-20,121.808
1968-09-21,141.784
1968-09-22,152.213
1968-09-23,167.372
1968-09-24,150.549
1968-09-25,231.472
1968-09-26,255.601
1968-09-27,176.905
1968-09-28,186.686
1968-09-29,203.776
1968-09-30,148.16
1968-10-01,130.685
1968-10-02,115.666
1968-10-03,99.866
1968-10-04,112.395
1968-10-05,121.065
1968-10-06,116.193
1968-10-07,122.526
1968-10-08,177.981
1968-10-09,204.452
1968-10-10,179.339
1968-10-11,232.705
1968-10-12,179.661
1968-10-13,177.734
1968-10-14,149.221
1968-10-15,129.538
1968-10-16,167.138
1968-10-17,210.997
1968-10-18,192.022
1968-10-19,143.086
1968-10-20,140.824
1968-10-21,152.322
1968-10-22,245.864
1968-10-23,264.993
1968-10-24,232.712
1968-10-25,248.158
1968-10-26,295.796
1968-10-27,278.995
1968-10-28,250.108
1968-10-29,223.966
1968-10-30,252.023
1968-10-31,224.986
1968-11-01,179.965
1968-11-02,203.238
1968-11-03,183.974
1968-11-04,164.316
1968-11-05,139.365
1968-11-06,142.164
1968-11-07,128.93
1968-11-08,116.214
1968-11-09,136.827
1968-11-10,189.774
1968-11-11,209.016
1968-11-12,196.501
1968-11-13,214.174
1968-11-14,222.053
1968-11-15,182.076
1968-11-16,153.728
1968-11-17,194.878
1968-11-18,207.405
1968-11-19,172.348
1968-11-20,151.013
1968-11-21,133.054
1968-11-22,165.635
1968-11-23,172.32
1968-11-24,190.257
1968-11-25,296.648
1968-11-26,366.535
1968-11-27,346.653
1968-11-28,263.186
1968-11-29,256.945
1968-11-30,238.305
1968-12-01,248.073
1968-12-02,300.984
1968-12-03,345.42
1968-12-04,388.326
1968-12-05,402.231
1968-12-06,480.94
1968-12-07,525.589
1968-12-08,575.745
1968-12-09,645.441
1968-12-10,891.838
1968-12-11,942.538
1968-12-12,735.066
1968-12-13,604.652
1968-12-14,577.007
1968-12-15,483.774
1968-12-16,432.233
1968-12-17,443.45
1968-12-18,421.624
1968-12-19,368.21
1968-12-20,328.779
1968-12-21,306.949
1968-12-22,291.954
1968-12-23,279.336
1968-12-24,269.876
1968-12-25,260.729
1968-12-26,251.985
1968-12-27,243.672
1968-12-28,236.009
1968-12-29,233.419
1968-12-30,227.936
1968-12-31,219.136
1969-01-01,220.07
1969-01-02,218.644
1969-01-03,216.989
1969-01-04,223.107
1969-01-05,221.913
1969-01-06,219.655
1969-01-07,222.381
1969-01-08,210.45
1969-01-09,202.092
1969-01-10,196.587
1969-01-11,191.375
1969-01-12,186.012
1969-01-13,181.094
1969-01-14,176.535
1969-01-15,172.7
1969-01-16,170.717
1969-01-17,166.71
1969-01-18,162.754
1969-01-19,158.288
1969-01-20,153.845
1969-01-21,152.123
1969-01-22,164.832
1969-01-23,162.458
1969-01-24,177.649
1969-01-25,182.432
1969-01-26,167.921
1969-01-27,161.235
1969-01-28,149.888
1969-01-29,166.669
1969-01-30,163.427
1969-01-31,148.482
1969-02-01,133.47
1969-02-02,121.609
1969-02-03,117.779
1969-02-04,115.485
1969-02-05,113.792
1969-02-06,112.267
1969-02-07,111.541
1969-02-08,112.547
1969-02-09,110.627
1969-02-10,114.374
1969-02-11,141.045
1969-02-12,149.358
1969-02-13,123.832
1969-02-14,104.393
1969-02-15,101.203
1969-02-16,122.133
1969-02-17,129.932
1969-02-18,105.862
1969-02-19,99.607
1969-02-20,107.18
1969-02-21,110.196
1969-02-22,114.69
1969-02-23,131.214
1969-02-24,151.702
1969-02-25,157.172
1969-02-26,222.18
1969-02-27,243.26
1969-02-28,241.945
1969-03-01,267.13
1969-03-02,248.552
1969-03-03,175.0
1969-03-04,137.542
1969-03-05,111.062
1969-03-06,101.369
1969-03-07,95.462
1969-03-08,85.267
1969-03-09,97.994
1969-03-10,118.73
1969-03-11,145.96
1969-03-12,162.515
1969-03-13,230.463
1969-03-14,214.427
1969-03-15,226.447
1969-03-16,224.082
1969-03-17,270.112
1969-03-18,299.952
1969-03-19,300.13
1969-03-20,247.8
1969-03-21,200.42
1969-03-22,242.272
1969-03-23,227.858
1969-03-24,322.482
1969-03-25,339.915
1969-03-26,310.837
1969-03-27,259.386
1969-03-28,207.307
1969-03-29,157.119
1969-03-30,111.267
1969-03-31,100.62
1969-04-01,98.987
1969-04-02,107.618
1969-04-03,111.126
1969-04-04,103.139
1969-04-05,110.989
1969-04-06,104.775
1969-04-07,99.672
1969-04-08,109.66
1969-04-09,109.957
1969-04-10,115.884
1969-04-11,136.831
1969-04-12,131.044
1969-04-13,113.195
1969-04-14,115.742
1969-04-15,127.959
1969-04-16,120.975
1969-04-17,118.739
1969-04-18,122.819
1969-04-19,105.551
1969-04-20,125.689
1969-04-21,120.14
1969-04-22,114.23
1969-04-23,113.704
1969-04-24,100.522
1969-04-25,100.669
1969-04-26,103.183
1969-04-27,156.366
1969-04-28,182.496
1969-04-29,121.643
1969-04-30,133.317
1969-05-01,201.875
1969-05-02,174.992
1969-05-03,195.879
1969-05-04,180.442
1969-05-05,151.492
1969-05-06,128.194
1969-05-07,142.84
1969-05-08,178.986
1969-05-09,164.408
1969-05-10,160.028
1969-05-11,217.703
1969-05-12,235.268
1969-05-13,239.062
1969-05-14,259.726
1969-05-15,303.782
1969-05-16,377.927
1969-05-17,389.352
1969-05-18,263.191
1969-05-19,300.217
1969-05-20,352.163
1969-05-21,402.239
1969-05-22,331.098
1969-05-23,362.088
1969-05-24,303.458
1969-05-25,236.965
1969-05-26,185.486
1969-05-27,185.705
1969-05-28,186.961
1969-05-29,168.145
1969-05-30,155.886
1969-05-31,148.03
1969-06-01,154.93
1969-06-02,146.089
1969-06-03,129.617
1969-06-04,125.912
1969-06-05,143.276
1969-06-06,168.95
1969-06-07,176.836
1969-06-08,192.459
1969-06-09,235.872
1969-06-10,236.004
1969-06-11,199.098
1969-06-12,163.944
1969-06-13,149.051
1969-06-14,144.028
1969-06-15,128.378
1969-06-16,158.496
1969-06-17,152.032
1969-06-18,147.546
1969-06-19,172.008
1969-06-20,146.759
1969-06-21,117.466
1969-06-22,110.783
1969-06-23,106.954
1969-06-24,127.665
1969-06-25,143.224
1969-06-26,157.265
1969-06-27,155.617
1969-06-28,156.506
1969-06-29,220.572
1969-06-30,208.142
1969-07-01,170.619
1969-07-02,179.915
1969-07-03,142.867
1969-07-04,108.165
1969-07-05,113.099
1969-07-06,110.19
1969-07-07,106.396
1969-07-08,98.436
1969-07-09,91.471
1969-07-10,94.463
1969-07-11,95.505
1969-07-12,102.609
1969-07-13,117.352
1969-07-14,113.103
1969-07-15,115.028
1969-07-16,113.298
1969-07-17,103.352
1969-07-18,86.268
1969-07-19,79.853
1969-07-20,77.58
1969-07-21,85.058
1969-07-22,82.119
1969-07-23,80.637
1969-07-24,83.299
1969-07-25,80.093
1969-07-26,99.435
1969-07-27,113.901
1969-07-28,81.128
1969-07-29,76.791
1969-07-30,87.132
1969-07-31,110.582
1969-08-01,109.332
1969-08-02,96.266
1969-08-03,98.842
1969-08-04,96.628
1969-08-05,106.339
1969-08-06,124.139
1969-08-07,116.977
1969-08-08,114.895
1969-08-09,113.263
1969-08-10,105.896
1969-08-11,102.34
1969-08-12,89.426
1969-08-13,84.732
1969-08-14,74.828
1969-08-15,70.086
1969-08-16,67.485
1969-08-17,72.793
1969-08-18,69.62
1969-08-19,70.001
1969-08-20,78.326
1969-08-21,96.293
1969-08-22,94.235
1969-08-23,77.112
1969-08-24,63.432
1969-08-25,66.229
1969-08-26,87.158
1969-08-27,115.812
1969-08-28,108.976
1969-08-29,95.197
1969-08-30,121.179
1969-08-31,114.175
1969-09-01,120.944
1969-09-02,127.94
1969-09-03,146.228
1969-09-04,189.753
1969-09-05,173.869
1969-09-06,165.035
1969-09-07,129.234
1969-09-08,160.344
1969-09-09,127.293
1969-09-10,108.397
1969-09-11,165.678
1969-09-12,163.133
1969-09-13,144.794
1969-09-14,157.774
1969-09-15,175.178
1969-09-16,202.64
1969-09-17,239.082
1969-09-18,287.018
1969-09-19,257.761
1969-09-20,208.121
1969-09-21,194.362
1969-09-22,213.592
1969-09-23,149.399
1969-09-24,112.184
1969-09-25,135.14
1969-09-26,221.222
1969-09-27,183.753
1969-09-28,186.963
1969-09-29,172.388
1969-09-30,145.335
1969-10-01,125.845
1969-10-02,94.139
1969-10-03,81.423
1969-10-04,88.845
1969-10-05,85.994
1969-10-06,75.934
1969-10-07,70.12
1969-10-08,74.629
1969-10-09,70.104
1969-10-10,77.062
1969-10-11,81.556
1969-10-12,78.214
1969-10-13,110.448
1969-10-14,99.564
1969-10-15,110.738
1969-10-16,110.541
1969-10-17,151.877
1969-10-18,99.705
1969-10-19,106.799
1969-10-20,122.425
1969-10-21,127.824
1969-10-22,217.522
1969-10-23,346.569
1969-10-24,350.652
1969-10-25,406.803
1969-10-26,398.721
1969-10-27,302.899
1969-10-28,244.272
1969-10-29,188.481
1969-10-30,263.498
1969-10-31,319.205
1969-11-01,285.488
1969-11-02,241.261
1969-11-03,220.602
1969-11-04,149.765
1969-11-05,126.927
1969-11-06,124.328
1969-11-07,98.798
1969-11-08,117.145
1969-11-09,143.193
1969-11-10,132.609
1969-11-11,147.026
1969-11-12,161.938
1969-11-13,116.716
1969-11-14,122.542
1969-11-15,174.701
1969-11-16,164.343
1969-11-17,122.962
1969-11-18,122.723
1969-11-19,143.001
1969-11-20,155.523
1969-11-21,154.481
1969-11-22,151.212
1969-11-23,136.689
1969-11-24,151.576
1969-11-25,181.035
1969-11-26,258.797
1969-11-27,304.118
1969-11-28,238.115
1969-11-29,181.989
1969-11-30,214.799
1969-12-01,216.038
1969-12-02,222.891
1969-12-03,216.513
1969-12-04,189.867
1969-12-05,194.85
1969-12-06,214.214
1969-12-07,254.288
1969-12-08,228.017
1969-12-09,179.06
1969-12-10,184.994
1969-12-11,218.572
1969-12-12,216.502
1969-12-13,208.458
1969-12-14,192.782
1969-12-15,161.127
1969-12-16,130.703
1969-12-17,125.32
1969-12-18,123.712
1969-12-19,121.858
1969-12-20,119.068
1969-12-21,132.34
1969-12-22,131.992
1969-12-23,113.442
1969-12-24,110.829
1969-12-25,109.776
1969-12-26,102.463
1969-12-27,100.04
1969-12-28,98.922
1969-12-29,95.952
1969-12-30,94.388
1969-12-31,92.718
1970-01-01,88.144
1970-01-02,85.485
1970-01-03,83.235
1970-01-04,80.821
1970-01-05,78.534
1970-01-06,76.695
1970-01-07,76.73
1970-01-08,76.222
1970-01-09,79.982
1970-01-10,79.66
1970-01-11,86.585
1970-01-12,84.621
1970-01-13,76.651
1970-01-14,79.327
1970-01-15,75.259
1970-01-16,64.634
1970-01-17,64.54
1970-01-18,66.515
1970-01-19,74.745
1970-01-20,102.014
1970-01-21,118.975
1970-01-22,159.262
1970-01-23,189.828
1970-01-24,117.553
1970-01-25,98.746
1970-01-26,89.182
1970-01-27,130.674
1970-01-28,161.882
1970-01-29,95.011
1970-01-30,99.591
1970-01-31,83.469
1970-02-01,109.408
1970-02-02,134.742
1970-02-03,128.688
1970-02-04,108.492
1970-02-05,84.666
1970-02-06,65.429
1970-02-07,55.06
1970-02-08,53.752
1970-02-09,53.3
1970-02-10,53.217
1970-02-11,53.268
1970-02-12,57.248
1970-02-13,83.092
1970-02-14,96.719
1970-02-15,85.375
1970-02-16,78.156
1970-02-17,75.482
1970-02-18,60.088
1970-02-19,52.723
1970-02-20,57.278
1970-02-21,57.272
1970-02-22,53.178
1970-02-23,66.847
1970-02-24,121.835
1970-02-25,116.695
1970-02-26,134.12
1970-02-27,109.822
1970-02-28,71.134
1970-03-01,60.58
1970-03-02,59.05
1970-03-03,50.66
1970-03-04,79.859
1970-03-05,89.591
1970-03-06,85.491
1970-03-07,103.535
1970-03-08,84.875
1970-03-09,62.038
1970-03-10,135.634
1970-03-11,132.168
1970-03-12,131.19
1970-03-13,118.803
1970-03-14,109.215
1970-03-15,159.895
1970-03-16,148.928
1970-03-17,124.208
1970-03-18,129.298
1970-03-19,183.968
1970-03-20,165.185
1970-03-21,121.425
1970-03-22,109.352
1970-03-23,146.496
1970-03-24,200.88
1970-03-25,266.115
1970-03-26,267.725
1970-03-27,290.612
1970-03-28,386.619
1970-03-29,408.684
1970-03-30,395.572
1970-03-31,373.621
1970-04-01,342.181
1970-04-02,424.345
1970-04-03,526.798
1970-04-04,448.764
1970-04-05,390.255
1970-04-06,303.064
1970-04-07,215.695
1970-04-08,241.407
1970-04-09,342.92
1970-04-10,358.076
1970-04-11,388.881
1970-04-12,516.859
1970-04-13,561.38
1970-04-14,468.658
1970-04-15,369.568
1970-04-16,413.525
1970-04-17,545.76
1970-04-18,400.636
1970-04-19,354.358
1970-04-20,365.27
1970-04-21,322.21
1970-04-22,361.788
1970-04-23,311.273
1970-04-24,300.85
1970-04-25,461.758
1970-04-26,406.487
1970-04-27,429.716
1970-04-28,419.823
1970-04-29,311.651
1970-04-30,285.579
1970-05-01,309.4
1970-05-02,391.369
1970-05-03,543.751
1970-05-04,476.277
1970-05-05,423.119
1970-05-06,284.99
1970-05-07,298.102
1970-05-08,320.933
1970-05-09,377.835
1970-05-10,362.331
1970-05-11,303.676
1970-05-12,271.981
1970-05-13,259.592
1970-05-14,244.712
1970-05-15,271.233
1970-05-16,354.82
1970-05-17,325.415
1970-05-18,256.701
1970-05-19,230.324
1970-05-20,217.349
1970-05-21,214.2
1970-05-22,257.909
1970-05-23,341.315
1970-05-24,407.635
1970-05-25,297.21
1970-05-26,235.72
1970-05-27,276.95
1970-05-28,319.291
1970-05-29,329.165
1970-05-30,353.096
1970-05-31,300.154
1970-06-01,230.534
1970-06-02,242.615
1970-06-03,293.385
1970-06-04,312.166
1970-06-05,262.411
1970-06-06,249.374
1970-06-07,229.584
1970-06-08,221.339
1970-06-09,222.299
1970-06-10,240.782
1970-06-11,228.432
1970-06-12,221.419
1970-06-13,212.464
1970-06-14,214.91
1970-06-15,201.652
1970-06-16,155.207
1970-06-17,144.98
1970-06-18,144.128
1970-06-19,142.978
1970-06-20,156.608
1970-06-21,155.874
1970-06-22,138.99
1970-06-23,133.468
1970-06-24,129.616
1970-06-25,130.122
1970-06-26,135.143
1970-06-27,133.102
1970-06-28,119.567
1970-06-29,118.662
1970-06-30,131.055
1970-07-01,136.995
1970-07-02,146.838
1970-07-03,162.54
1970-07-04,154.57
1970-07-05,145.906
1970-07-06,127.85
1970-07-07,133.416
1970-07-08,119.321
1970-07-09,113.221
1970-07-10,131.82
1970-07-11,124.912
1970-07-12,100.208
1970-07-13,96.055
1970-07-14,93.925
1970-07-15,93.534
1970-07-16,93.837
1970-07-17,92.511
1970-07-18,88.927
1970-07-19,87.892
1970-07-20,91.562
1970-07-21,114.8
1970-07-22,121.804
1970-07-23,135.113
1970-07-24,116.701
1970-07-25,105.757
1970-07-26,102.423
1970-07-27,102.185
1970-07-28,108.267
1970-07-29,108.832
1970-07-30,82.315
1970-07-31,81.864
1970-08-01,89.095
1970-08-02,93.646
1970-08-03,93.179
1970-08-04,96.51
1970-08-05,110.639
1970-08-06,117.081
1970-08-07,119.416
1970-08-08,102.212
1970-08-09,95.199
1970-08-10,119.453
1970-08-11,97.713
1970-08-12,106.308
1970-08-13,127.107
1970-08-14,152.819
1970-08-15,173.622
1970-08-16,184.638
1970-08-17,160.894
1970-08-18,168.908
1970-08-19,146.447
1970-08-20,162.918
1970-08-21,149.426
1970-08-22,163.35
1970-08-23,242.206
1970-08-24,217.033
1970-08-25,187.227
1970-08-26,152.033
1970-08-27,115.746
1970-08-28,101.676
1970-08-29,134.192
1970-08-30,173.668
1970-08-31,217.233
1970-09-01,239.329
1970-09-02,204.987
1970-09-03,178.332
1970-09-04,155.878
1970-09-05,166.528
1970-09-06,237.563
1970-09-07,240.451
1970-09-08,282.135
1970-09-09,376.727
1970-09-10,428.047
1970-09-11,353.137
1970-09-12,279.607
1970-09-13,193.401
1970-09-14,219.592
1970-09-15,233.075
1970-09-16,183.755
1970-09-17,177.071
1970-09-18,193.075
1970-09-19,202.639
1970-09-20,190.947
1970-09-21,205.91
1970-09-22,184.405
1970-09-23,142.016
1970-09-24,120.522
1970-09-25,114.629
1970-09-26,134.108
1970-09-27,140.133
1970-09-28,127.456
1970-09-29,132.623
1970-09-30,146.257
1970-10-01,177.547
1970-10-02,148.092
1970-10-03,139.942
1970-10-04,167.577
1970-10-05,159.617
1970-10-06,151.187
1970-10-07,229.178
1970-10-08,270.443
1970-10-09,276.864
1970-10-10,231.246
1970-10-11,170.569
1970-10-12,210.102
1970-10-13,235.407
1970-10-14,289.107
1970-10-15,411.08
1970-10-16,421.553
1970-10-17,397.786
1970-10-18,317.983
1970-10-19,289.422
1970-10-20,212.065
1970-10-21,236.843
1970-10-22,278.107
1970-10-23,245.537
1970-10-24,332.673
1970-10-25,261.452
1970-10-26,197.417
1970-10-27,192.338
1970-10-28,312.77
1970-10-29,446.902
1970-10-30,467.573
1970-10-31,393.909
1970-11-01,270.721
1970-11-02,240.634
1970-11-03,214.664
1970-11-04,226.007
1970-11-05,245.307
1970-11-06,283.412
1970-11-07,282.676
1970-11-08,295.113
1970-11-09,296.026
1970-11-10,217.611
1970-11-11,176.471
1970-11-12,184.383
1970-11-13,204.047
1970-11-14,187.487
1970-11-15,187.697
1970-11-16,185.197
1970-11-17,165.855
1970-11-18,184.176
1970-11-19,178.605
1970-11-20,153.981
1970-11-21,149.153
1970-11-22,145.812
1970-11-23,140.136
1970-11-24,144.638
1970-11-25,169.078
1970-11-26,191.062
1970-11-27,195.43
1970-11-28,196.622
1970-11-29,160.792
1970-11-30,129.801
1970-12-01,123.842
1970-12-02,120.641
1970-12-03,118.266
1970-12-04,116.16
1970-12-05,113.652
1970-12-06,111.457
1970-12-07,109.27
1970-12-08,107.004
1970-12-09,104.584
1970-12-10,102.11
1970-12-11,100.29
1970-12-12,98.597
1970-12-13,96.368
1970-12-14,93.84
1970-12-15,91.864
1970-12-16,90.662
1970-12-17,90.849
1970-12-18,88.652
1970-12-19,85.089
1970-12-20,82.733
1970-12-21,80.951
1970-12-22,79.902
1970-12-23,80.855
1970-12-24,80.92
1970-12-25,81.34
1970-12-26,80.042
1970-12-27,77.039
1970-12-28,75.069
1970-12-29,72.312
1970-12-30,75.406
1970-12-31,81.367
1971-01-01,79.662
1971-01-02,73.268
1971-01-03,81.735
1971-01-04,81.036
1971-01-05,70.658
1971-01-06,66.975
1971-01-07,63.819
1971-01-08,62.268
1971-01-09,62.345
1971-01-10,60.84
1971-01-11,58.349
1971-01-12,57.206
1971-01-13,56.175
1971-01-14,56.456
1971-01-15,55.348
1971-01-16,55.121
1971-01-17,58.503
1971-01-18,57.478
1971-01-19,62.244
1971-01-20,68.685
1971-01-21,66.722
1971-01-22,55.655
1971-01-23,54.154
1971-01-24,50.513
1971-01-25,47.278
1971-01-26,45.47
1971-01-27,44.48
1971-01-28,43.688
1971-01-29,43.118
1971-01-30,42.475
1971-01-31,41.753
1971-02-01,40.97
1971-02-02,40.289
1971-02-03,39.63
1971-02-04,38.951
1971-02-05,38.323
1971-02-06,38.018
1971-02-07,38.221
1971-02-08,40.786
1971-02-09,41.439
1971-02-10,38.047
1971-02-11,39.344
1971-02-12,39.305
1971-02-13,40.194
1971-02-14,39.35
1971-02-15,36.95
1971-02-16,34.081
1971-02-17,33.277
1971-02-18,33.866
1971-02-19,34.268
1971-02-20,32.678
1971-02-21,31.7
1971-02-22,34.06
1971-02-23,35.872
1971-02-24,37.88
1971-02-25,37.26
1971-02-26,35.191
1971-02-27,31.444
1971-02-28,29.193
1971-03-01,27.982
1971-03-02,27.054
1971-03-03,26.922
1971-03-04,26.908
1971-03-05,26.448
1971-03-06,26.26
1971-03-07,25.886
1971-03-08,25.131
1971-03-09,24.377
1971-03-10,24.622
1971-03-11,25.745
1971-03-12,26.908
1971-03-13,31.717
1971-03-14,31.205
1971-03-15,25.654
1971-03-16,24.069
1971-03-17,22.872
1971-03-18,23.487
1971-03-19,23.785
1971-03-20,26.509
1971-03-21,24.788
1971-03-22,21.558
1971-03-23,21.241
1971-03-24,22.351
1971-03-25,30.316
1971-03-26,48.99
1971-03-27,70.128
1971-03-28,58.676
1971-03-29,48.757
1971-03-30,51.343
1971-03-31,67.699
1971-04-01,66.75
1971-04-02,101.899
1971-04-03,126.104
1971-04-04,122.41
1971-04-05,116.372
1971-04-06,92.052
1971-04-07,114.361
1971-04-08,122.15
1971-04-09,115.423
1971-04-10,97.244
1971-04-11,139.355
1971-04-12,148.629
1971-04-13,147.627
1971-04-14,151.804
1971-04-15,155.34
1971-04-16,168.963
1971-04-17,166.848
1971-04-18,204.408
1971-04-19,202.99
1971-04-20,173.666
1971-04-21,186.467
1971-04-22,166.822
1971-04-23,171.233
1971-04-24,159.88
1971-04-25,135.722
1971-04-26,90.81
1971-04-27,197.462
1971-04-28,330.512
1971-04-29,315.893
1971-04-30,311.208
1971-05-01,243.146
1971-05-02,216.478
1971-05-03,232.278
1971-05-04,276.821
1971-05-05,197.128
1971-05-06,148.568
1971-05-07,157.927
1971-05-08,223.014
1971-05-09,260.703
1971-05-10,375.808
1971-05-11,317.251
1971-05-12,343.442
1971-05-13,322.534
1971-05-14,327.722
1971-05-15,372.52
1971-05-16,349.261
1971-05-17,359.473
1971-05-18,307.349
1971-05-19,281.782
1971-05-20,299.118
1971-05-21,401.413
1971-05-22,422.327
1971-05-23,273.315
1971-05-24,333.235
1971-05-25,401.127
1971-05-26,340.0
1971-05-27,312.552
1971-05-28,271.324
1971-05-29,259.088
1971-05-30,212.546
1971-05-31,240.401
1971-06-01,272.965
1971-06-02,247.767
1971-06-03,220.574
1971-06-04,219.622
1971-06-05,217.737
1971-06-06,210.521
1971-06-07,205.317
1971-06-08,233.292
1971-06-09,207.779
1971-06-10,179.451
1971-06-11,156.521
1971-06-12,138.352
1971-06-13,154.424
1971-06-14,173.787
1971-06-15,177.799
1971-06-16,204.342
1971-06-17,231.943
1971-06-18,216.981
1971-06-19,211.735
1971-06-20,221.601
1971-06-21,187.562
1971-06-22,183.282
1971-06-23,175.306
1971-06-24,148.032
1971-06-25,121.764
1971-06-26,108.595
1971-06-27,116.063
1971-06-28,146.8
1971-06-29,145.445
1971-06-30,158.668
1971-07-01,144.209
1971-07-02,159.193
1971-07-03,173.882
1971-07-04,145.853
1971-07-05,148.725
1971-07-06,129.902
1971-07-07,126.335
1971-07-08,145.123
1971-07-09,216.462
1971-07-10,222.821
1971-07-11,236.122
1971-07-12,204.785
1971-07-13,137.505
1971-07-14,101.796
1971-07-15,110.657
1971-07-16,144.61
1971-07-17,187.182
1971-07-18,195.415
1971-07-19,247.724
1971-07-20,281.412
1971-07-21,324.187
1971-07-22,269.202
1971-07-23,306.38
1971-07-24,373.062
1971-07-25,380.492
1971-07-26,327.737
1971-07-27,213.518
1971-07-28,165.493
1971-07-29,198.85
1971-07-30,228.139
1971-07-31,267.003
1971-08-01,246.549
1971-08-02,258.592
1971-08-03,258.597
1971-08-04,307.575
1971-08-05,241.952
1971-08-06,222.291
1971-08-07,190.87
1971-08-08,168.042
1971-08-09,191.838
1971-08-10,209.253
1971-08-11,226.211
1971-08-12,218.776
1971-08-13,192.061
1971-08-14,151.992
1971-08-15,170.415
1971-08-16,202.212
1971-08-17,208.96
1971-08-18,266.024
1971-08-19,256.371
1971-08-20,206.02
1971-08-21,227.56
1971-08-22,240.963
1971-08-23,221.475
1971-08-24,261.878
1971-08-25,326.589
1971-08-26,255.923
1971-08-27,271.863
1971-08-28,324.936
1971-08-29,322.54
1971-08-30,307.779
1971-08-31,349.916
1971-09-01,300.651
1971-09-02,264.154
1971-09-03,349.624
1971-09-04,521.928
1971-09-05,502.402
1971-09-06,467.71
1971-09-07,410.592
1971-09-08,369.958
1971-09-09,409.189
1971-09-10,374.561
1971-09-11,367.251
1971-09-12,501.526
1971-09-13,484.219
1971-09-14,443.519
1971-09-15,394.107
1971-09-16,308.288
1971-09-17,281.281
1971-09-18,340.067
1971-09-19,345.57
1971-09-20,267.61
1971-09-21,272.688
1971-09-22,284.501
1971-09-23,480.32
1971-09-24,486.723
1971-09-25,454.4
1971-09-26,400.709
1971-09-27,342.018
1971-09-28,349.949
1971-09-29,325.402
1971-09-30,365.606
1971-10-01,343.573
1971-10-02,372.35
1971-10-03,506.386
1971-10-04,445.39
1971-10-05,401.875
1971-10-06,363.365
1971-10-07,328.337
1971-10-08,328.302
1971-10-09,358.078
1971-10-10,452.482
1971-10-11,437.27
1971-10-12,401.351
1971-10-13,378.0
1971-10-14,403.117
1971-10-15,446.592
1971-10-16,492.53
1971-10-17,560.032
1971-10-18,483.725
1971-10-19,356.145
1971-10-20,346.358
1971-10-21,489.385
1971-10-22,611.627
1971-10-23,690.381
1971-10-24,668.572
1971-10-25,707.326
1971-10-26,733.998
1971-10-27,647.372
1971-10-28,535.989
1971-10-29,599.035
1971-10-30,593.283
1971-10-31,502.284
1971-11-01,441.654
1971-11-02,390.752
1971-11-03,374.506
1971-11-04,364.057
1971-11-05,361.559
1971-11-06,434.968
1971-11-07,570.738
1971-11-08,623.529
1971-11-09,640.719
1971-11-10,636.951
1971-11-11,584.478
1971-11-12,529.178
1971-11-13,499.52
1971-11-14,483.664
1971-11-15,491.049
1971-11-16,414.775
1971-11-17,378.497
1971-11-18,348.81
1971-11-19,336.203
1971-11-20,319.415
1971-11-21,313.048
1971-11-22,308.124
1971-11-23,293.788
1971-11-24,288.852
1971-11-25,284.326
1971-11-26,276.078
1971-11-27,281.27
1971-11-28,313.686
1971-11-29,357.084
1971-11-30,390.158
1971-12-01,407.611
1971-12-02,415.508
1971-12-03,389.368
1971-12-04,307.083
1971-12-05,285.778
1971-12-06,279.065
1971-12-07,255.979
1971-12-08,245.459
1971-12-09,234.573
1971-12-10,226.642
1971-12-11,228.374
1971-12-12,225.972
1971-12-13,218.593
1971-12-14,212.428
1971-12-15,215.711
1971-12-16,211.404
1971-12-17,196.848
1971-12-18,190.393
1971-12-19,185.746
1971-12-20,182.44
1971-12-21,179.61
1971-12-22,175.098
1971-12-23,169.352
1971-12-24,164.808
1971-12-25,160.705
1971-12-26,156.72
1971-12-27,153.107
1971-12-28,151.776
1971-12-29,150.285
1971-12-30,147.579
1971-12-31,148.985
1972-01-01,151.841
1972-01-02,152.862
1972-01-03,149.639
1972-01-04,146.3
1972-01-05,141.124
1972-01-06,137.906
1972-01-07,130.132
1972-01-08,122.922
1972-01-09,127.175
1972-01-10,135.481
1972-01-11,152.471
1972-01-12,155.771
1972-01-13,135.708
1972-01-14,115.298
1972-01-15,113.637
1972-01-16,110.243
1972-01-17,105.114
1972-01-18,102.777
1972-01-19,100.389
1972-01-20,96.726
1972-01-21,108.843
1972-01-22,108.682
1972-01-23,102.699
1972-01-24,122.361
1972-01-25,131.816
1972-01-26,103.248
1972-01-27,89.562
1972-01-28,83.289
1972-01-29,82.132
1972-01-30,80.445
1972-01-31,79.095
1972-02-01,78.365
1972-02-02,77.661
1972-02-03,80.02
1972-02-04,113.129
1972-02-05,139.527
1972-02-06,106.097
1972-02-07,107.872
1972-02-08,108.575
1972-02-09,96.988
1972-02-10,72.135
1972-02-11,69.005
1972-02-12,82.449
1972-02-13,103.23
1972-02-14,124.41
1972-02-15,97.715
1972-02-16,67.14
1972-02-17,64.195
1972-02-18,65.559
1972-02-19,79.193
1972-02-20,92.289
1972-02-21,86.932
1972-02-22,74.627
1972-02-23,69.931
1972-02-24,62.997
1972-02-25,71.975
1972-02-26,83.073
1972-02-27,91.359
1972-02-28,81.584
1972-02-29,63.766
1972-03-01,63.836
1972-03-02,63.642
1972-03-03,63.755
1972-03-04,100.096
1972-03-05,124.314
1972-03-06,101.275
1972-03-07,82.72
1972-03-08,91.261
1972-03-09,84.399
1972-03-10,59.521
1972-03-11,64.562
1972-03-12,96.405
1972-03-13,110.285
1972-03-14,107.332
1972-03-15,120.201
1972-03-16,137.018
1972-03-17,137.96
1972-03-18,121.873
1972-03-19,117.571
1972-03-20,74.488
1972-03-21,55.714
1972-03-22,58.79
1972-03-23,63.959
1972-03-24,67.149
1972-03-25,58.884
1972-03-26,51.428
1972-03-27,51.183
1972-03-28,50.081
1972-03-29,60.089
1972-03-30,60.761
1972-03-31,61.647
1972-04-01,58.017
1972-04-02,48.158
1972-04-03,48.034
1972-04-04,55.68
1972-04-05,48.855
1972-04-06,44.951
1972-04-07,44.503
1972-04-08,47.408
1972-04-09,68.04
1972-04-10,79.929
1972-04-11,108.675
1972-04-12,155.323
1972-04-13,147.475
1972-04-14,174.605
1972-04-15,195.48
1972-04-16,201.139
1972-04-17,227.265
1972-04-18,235.004
1972-04-19,269.862
1972-04-20,230.239
1972-04-21,239.954
1972-04-22,306.948
1972-04-23,226.146
1972-04-24,190.61
1972-04-25,196.363
1972-04-26,190.059
1972-04-27,188.897
1972-04-28,140.843
1972-04-29,120.242
1972-04-30,149.308
1972-05-01,189.405
1972-05-02,204.16
1972-05-03,214.757
1972-05-04,174.212
1972-05-05,101.231
1972-05-06,90.809
1972-05-07,88.546
1972-05-08,106.849
1972-05-09,115.988
1972-05-10,125.665
1972-05-11,139.891
1972-05-12,139.075
1972-05-13,153.048
1972-05-14,148.548
1972-05-15,112.378
1972-05-16,110.605
1972-05-17,131.265
1972-05-18,174.501
1972-05-19,200.728
1972-05-20,177.864
1972-05-21,248.724
1972-05-22,317.095
1972-05-23,335.504
1972-05-24,347.791
1972-05-25,373.042
1972-05-26,348.503
1972-05-27,274.179
1972-05-28,290.721
1972-05-29,310.726
1972-05-30,299.835
1972-05-31,255.37
1972-06-01,227.761
1972-06-02,235.68
1972-06-03,250.009
1972-06-04,330.435
1972-06-05,355.959
1972-06-06,308.233
1972-06-07,278.475
1972-06-08,282.749
1972-06-09,299.908
1972-06-10,287.853
1972-06-11,267.879
1972-06-12,217.949
1972-06-13,177.438
1972-06-14,166.912
1972-06-15,172.417
1972-06-16,199.175
1972-06-17,218.684
1972-06-18,249.976
1972-06-19,269.075
1972-06-20,232.83
1972-06-21,227.419
1972-06-22,242.236
1972-06-23,240.895
1972-06-24,205.457
1972-06-25,243.786
1972-06-26,298.295
1972-06-27,359.317
1972-06-28,390.792
1972-06-29,329.129
1972-06-30,322.919
1972-07-01,308.662
1972-07-02,251.645
1972-07-03,211.803
1972-07-04,201.976
1972-07-05,206.895
1972-07-06,225.224
1972-07-07,224.282
1972-07-08,199.411
1972-07-09,195.994
1972-07-10,195.973
1972-07-11,201.939
1972-07-12,218.459
1972-07-13,228.364
1972-07-14,215.602
1972-07-15,193.397
1972-07-16,175.718
1972-07-17,181.28
1972-07-18,208.261
1972-07-19,212.513
1972-07-20,185.901
1972-07-21,197.96
1972-07-22,206.686
1972-07-23,187.697
1972-07-24,155.265
1972-07-25,160.498
1972-07-26,231.376
1972-07-27,231.302
1972-07-28,229.862
1972-07-29,247.421
1972-07-30,308.197
1972-07-31,307.952
1972-08-01,255.085
1972-08-02,192.38
1972-08-03,217.004
1972-08-04,220.636
1972-08-05,219.489
1972-08-06,202.232
1972-08-07,195.735
1972-08-08,213.491
1972-08-09,203.528
1972-08-10,229.468
1972-08-11,193.89
1972-08-12,174.432
1972-08-13,188.65
1972-08-14,178.319
1972-08-15,195.908
1972-08-16,339.174
1972-08-17,338.214
1972-08-18,276.349
1972-08-19,247.88
1972-08-20,191.235
1972-08-21,199.574
1972-08-22,225.995
1972-08-23,263.78
1972-08-24,249.348
1972-08-25,201.756
1972-08-26,260.662
1972-08-27,254.391
1972-08-28,260.652
1972-08-29,272.118
1972-08-30,252.24
1972-08-31,209.358
1972-09-01,195.828
1972-09-02,146.911
1972-09-03,140.939
1972-09-04,132.369
1972-09-05,150.025
1972-09-06,204.13
1972-09-07,186.839
1972-09-08,216.135
1972-09-09,248.303
1972-09-10,293.449
1972-09-11,394.284
1972-09-12,387.726
1972-09-13,379.392
1972-09-14,297.549
1972-09-15,194.07
1972-09-16,182.674
1972-09-17,221.806
1972-09-18,222.159
1972-09-19,199.941
1972-09-20,180.764
1972-09-21,164.09
1972-09-22,141.785
1972-09-23,179.9
1972-09-24,263.332
1972-09-25,355.266
1972-09-26,463.98
1972-09-27,450.46
1972-09-28,402.591
1972-09-29,423.33
1972-09-30,373.41
1972-10-01,394.544
1972-10-02,382.217
1972-10-03,354.885
1972-10-04,289.03
1972-10-05,266.755
1972-10-06,239.707
1972-10-07,192.036
1972-10-08,186.775
1972-10-09,200.823
1972-10-10,275.035
1972-10-11,278.519
1972-10-12,257.1
1972-10-13,283.269
1972-10-14,285.369
1972-10-15,288.167
1972-10-16,319.012
1972-10-17,367.819
1972-10-18,432.708
1972-10-19,467.864
1972-10-20,531.985
1972-10-21,584.585
1972-10-22,720.898
1972-10-23,810.987
1972-10-24,684.16
1972-10-25,664.831
1972-10-26,617.137
1972-10-27,632.112
1972-10-28,629.827
1972-10-29,554.356
1972-10-30,588.807
1972-10-31,544.424
1972-11-01,500.792
1972-11-02,523.531
1972-11-03,558.875
1972-11-04,564.622
1972-11-05,612.245
1972-11-06,601.268
1972-11-07,658.862
1972-11-08,752.707
1972-11-09,759.754
1972-11-10,821.784
1972-11-11,774.792
1972-11-12,818.858
1972-11-13,848.369
1972-11-14,892.258
1972-11-15,941.79
1972-11-16,997.378
1972-11-17,807.742
1972-11-18,736.57
1972-11-19,838.19
1972-11-20,861.372
1972-11-21,791.838
1972-11-22,670.716
1972-11-23,667.612
1972-11-24,694.23
1972-11-25,686.891
1972-11-26,662.945
1972-11-27,594.406
1972-11-28,548.504
1972-11-29,545.314
1972-11-30,540.833
1972-12-01,563.377
1972-12-02,539.776
1972-12-03,511.737
1972-12-04,489.935
1972-12-05,493.844
1972-12-06,582.758
1972-12-07,605.327
1972-12-08,482.088
1972-12-09,474.719
1972-12-10,448.673
1972-12-11,414.474
1972-12-12,427.973
1972-12-13,400.788
1972-12-14,385.51
1972-12-15,370.994
1972-12-16,354.26
1972-12-17,338.668
1972-12-18,321.426
1972-12-19,312.172
1972-12-20,303.639
1972-12-21,295.484
1972-12-22,289.368
1972-12-23,285.042
1972-12-24,278.815
1972-12-25,267.757
1972-12-26,258.305
1972-12-27,253.047
1972-12-28,250.48
1972-12-29,257.087
1972-12-30,252.945
1972-12-31,270.526
1973-01-01,293.625
1973-01-02,270.318
1973-01-03,225.41
1973-01-04,209.784
1973-01-05,204.55
1973-01-06,199.11
1973-01-07,195.108
1973-01-08,191.195
1973-01-09,195.518
1973-01-10,201.002
1973-01-11,188.847
1973-01-12,181.429
1973-01-13,204.947
1973-01-14,232.19
1973-01-15,219.29
1973-01-16,232.996
1973-01-17,213.626
1973-01-18,174.431
1973-01-19,184.475
1973-01-20,204.753
1973-01-21,160.888
1973-01-22,141.311
1973-01-23,137.968
1973-01-24,136.46
1973-01-25,133.38
1973-01-26,131.999
1973-01-27,131.66
1973-01-28,129.688
1973-01-29,127.145
1973-01-30,121.461
1973-01-31,118.891
1973-02-01,116.112
1973-02-02,113.237
1973-02-03,111.17
1973-02-04,108.788
1973-02-05,106.125
1973-02-06,103.906
1973-02-07,102.669
1973-02-08,101.483
1973-02-09,99.205
1973-02-10,98.098
1973-02-11,103.289
1973-02-12,100.19
1973-02-13,102.815
1973-02-14,98.59
1973-02-15,116.725
1973-02-16,116.364
1973-02-17,95.119
1973-02-18,102.608
1973-02-19,100.266
1973-02-20,106.855
1973-02-21,98.735
1973-02-22,104.879
1973-02-23,111.692
1973-02-24,139.05
1973-02-25,180.394
1973-02-26,220.145
1973-02-27,246.767
1973-02-28,215.305
1973-03-01,91.649
1973-03-02,83.958
1973-03-03,82.923
1973-03-04,80.411
1973-03-05,70.858
1973-03-06,69.781
1973-03-07,70.802
1973-03-08,68.66
1973-03-09,66.048
1973-03-10,64.975
1973-03-11,63.635
1973-03-12,62.852
1973-03-13,63.083
1973-03-14,62.581
1973-03-15,62.662
1973-03-16,61.257
1973-03-17,60.474
1973-03-18,58.453
1973-03-19,57.211
1973-03-20,57.319
1973-03-21,57.621
1973-03-22,57.261
1973-03-23,55.4
1973-03-24,54.372
1973-03-25,52.894
1973-03-26,52.965
1973-03-27,53.323
1973-03-28,53.202
1973-03-29,61.368
1973-03-30,59.161
1973-03-31,50.456
1973-04-01,47.402
1973-04-02,47.072
1973-04-03,47.09
1973-04-04,49.002
1973-04-05,49.888
1973-04-06,50.174
1973-04-07,52.275
1973-04-08,49.74
1973-04-09,46.305
1973-04-10,47.878
1973-04-11,53.756
1973-04-12,74.297
1973-04-13,55.505
1973-04-14,68.267
1973-04-15,153.105
1973-04-16,116.688
1973-04-17,137.156
1973-04-18,166.614
1973-04-19,368.949
1973-04-20,353.724
1973-04-21,177.885
1973-04-22,170.95
1973-04-23,157.887
1973-04-24,143.518
1973-04-25,126.483
1973-04-26,105.513
1973-04-27,96.8
1973-04-28,90.909
1973-04-29,121.676
1973-04-30,177.319
1973-05-01,207.523
1973-05-02,149.285
1973-05-03,143.24
1973-05-04,282.204
1973-05-05,253.793
1973-05-06,224.386
1973-05-07,216.446
1973-05-08,173.024
1973-05-09,173.627
1973-05-10,232.048
1973-05-11,245.285
1973-05-12,244.255
1973-05-13,208.475
1973-05-14,227.154
1973-05-15,298.791
1973-05-16,265.211
1973-05-17,171.982
1973-05-18,159.155
1973-05-19,191.474
1973-05-20,194.097
1973-05-21,221.916
1973-05-22,274.225
1973-05-23,291.42
1973-05-24,359.417
1973-05-25,298.336
1973-05-26,259.162
1973-05-27,173.245
1973-05-28,155.473
1973-05-29,176.902
1973-05-30,186.681
1973-05-31,184.376
1973-06-01,158.163
1973-06-02,161.433
1973-06-03,186.981
1973-06-04,211.682
1973-06-05,181.131
1973-06-06,166.042
1973-06-07,184.178
1973-06-08,205.171
1973-06-09,243.292
1973-06-10,231.537
1973-06-11,207.408
1973-06-12,211.794
1973-06-13,222.475
1973-06-14,194.866
1973-06-15,190.54
1973-06-16,224.129
1973-06-17,194.258
1973-06-18,212.019
1973-06-19,249.501
1973-06-20,214.702
1973-06-21,178.13
1973-06-22,191.86
1973-06-23,175.681
1973-06-24,150.41
1973-06-25,155.705
1973-06-26,140.331
1973-06-27,152.113
1973-06-28,195.7
1973-06-29,225.438
1973-06-30,178.357
1973-07-01,144.422
1973-07-02,114.992
1973-07-03,103.622
1973-07-04,111.129
1973-07-05,119.79
1973-07-06,105.538
1973-07-07,100.348
1973-07-08,110.025
1973-07-09,104.18
1973-07-10,120.318
1973-07-11,106.551
1973-07-12,89.538
1973-07-13,84.485
1973-07-14,103.038
1973-07-15,101.082
1973-07-16,111.175
1973-07-17,86.488
1973-07-18,79.26
1973-07-19,75.804
1973-07-20,79.062
1973-07-21,85.628
1973-07-22,82.051
1973-07-23,78.385
1973-07-24,113.688
1973-07-25,151.352
1973-07-26,100.631
1973-07-27,88.27
1973-07-28,101.205
1973-07-29,145.806
1973-07-30,142.783
1973-07-31,155.642
1973-08-01,120.583
1973-08-02,99.134
1973-08-03,109.094
1973-08-04,70.802
1973-08-05,86.281
1973-08-06,98.603
1973-08-07,92.374
1973-08-08,73.754
1973-08-09,75.308
1973-08-10,96.607
1973-08-11,91.662
1973-08-12,100.517
1973-08-13,107.062
1973-08-14,105.011
1973-08-15,118.656
1973-08-16,127.424
1973-08-17,148.132
1973-08-18,128.608
1973-08-19,102.285
1973-08-20,76.246
1973-08-21,73.16
1973-08-22,70.355
1973-08-23,131.943
1973-08-24,128.277
1973-08-25,189.947
1973-08-26,210.764
1973-08-27,187.828
1973-08-28,170.45
1973-08-29,147.962
1973-08-30,105.264
1973-08-31,99.322
1973-09-01,70.582
1973-09-02,65.233
1973-09-03,96.532
1973-09-04,127.413
1973-09-05,190.258
1973-09-06,231.05
1973-09-07,233.019
1973-09-08,250.555
1973-09-09,228.065
1973-09-10,158.526
1973-09-11,110.263
1973-09-12,143.94
1973-09-13,90.335
1973-09-14,109.656
1973-09-15,126.875
1973-09-16,126.708
1973-09-17,110.368
1973-09-18,87.177
1973-09-19,131.632
1973-09-20,183.777
1973-09-21,111.65
1973-09-22,98.341
1973-09-23,120.928
1973-09-24,143.203
1973-09-25,195.334
1973-09-26,227.733
1973-09-27,258.775
1973-09-28,255.239
1973-09-29,251.019
1973-09-30,211.927
1973-10-01,128.225
1973-10-02,104.886
1973-10-03,141.49
1973-10-04,168.666
1973-10-05,143.268
1973-10-06,133.785
1973-10-07,120.138
1973-10-08,92.808
1973-10-09,77.842
1973-10-10,107.761
1973-10-11,114.416
1973-10-12,130.682
1973-10-13,164.098
1973-10-14,130.128
1973-10-15,112.429
1973-10-16,102.918
1973-10-17,111.906
1973-10-18,162.92
1973-10-19,200.154
1973-10-20,222.571
1973-10-21,311.648
1973-10-22,297.414
1973-10-23,256.218
1973-10-24,260.967
1973-10-25,190.566
1973-10-26,133.338
1973-10-27,123.897
1973-10-28,112.573
1973-10-29,130.204
1973-10-30,230.083
1973-10-31,296.917
1973-11-01,308.313
1973-11-02,359.12
1973-11-03,267.869
1973-11-04,215.931
1973-11-05,203.059
1973-11-06,231.285
1973-11-07,215.268
1973-11-08,254.206
1973-11-09,339.233
1973-11-10,755.26
1973-11-11,607.317
1973-11-12,350.148
1973-11-13,264.768
1973-11-14,258.58
1973-11-15,264.092
1973-11-16,256.779
1973-11-17,258.807
1973-11-18,228.508
1973-11-19,231.115
1973-11-20,312.488
1973-11-21,353.995
1973-11-22,309.572
1973-11-23,359.31
1973-11-24,405.322
1973-11-25,400.57
1973-11-26,371.475
1973-11-27,336.046
1973-11-28,274.57
1973-11-29,270.616
1973-11-30,253.631
1973-12-01,230.059
1973-12-02,211.472
1973-12-03,202.627
1973-12-04,207.235
1973-12-05,217.731
1973-12-06,201.727
1973-12-07,178.662
1973-12-08,169.278
1973-12-09,163.96
1973-12-10,159.292
1973-12-11,161.432
1973-12-12,164.345
1973-12-13,155.024
1973-12-14,142.608
1973-12-15,135.44
1973-12-16,132.521
1973-12-17,135.858
1973-12-18,139.517
1973-12-19,127.131
1973-12-20,116.127
1973-12-21,112.428
1973-12-22,110.023
1973-12-23,108.46
1973-12-24,106.026
1973-12-25,102.258
1973-12-26,98.142
1973-12-27,100.361
1973-12-28,101.925
1973-12-29,95.283
1973-12-30,96.946
1973-12-31,92.618
1974-01-01,92.371
1974-01-02,95.133
1974-01-03,87.422
1974-01-04,85.334
1974-01-05,82.784
1974-01-06,81.04
1974-01-07,86.543
1974-01-08,89.751
1974-01-09,84.333
1974-01-10,85.168
1974-01-11,98.952
1974-01-12,119.475
1974-01-13,118.152
1974-01-14,121.826
1974-01-15,91.431
1974-01-16,73.624
1974-01-17,77.424
1974-01-18,81.369
1974-01-19,74.616
1974-01-20,74.592
1974-01-21,73.961
1974-01-22,67.641
1974-01-23,60.528
1974-01-24,60.933
1974-01-25,60.235
1974-01-26,60.868
1974-01-27,60.761
1974-01-28,61.994
1974-01-29,61.712
1974-01-30,57.466
1974-01-31,57.586
1974-02-01,55.569
1974-02-02,52.26
1974-02-03,50.916
1974-02-04,49.393
1974-02-05,48.517
1974-02-06,48.357
1974-02-07,51.665
1974-02-08,51.404
1974-02-09,50.885
1974-02-10,51.972
1974-02-11,52.793
1974-02-12,49.693
1974-02-13,45.433
1974-02-14,43.341
1974-02-15,45.222
1974-02-16,44.618
1974-02-17,43.028
1974-02-18,42.536
1974-02-19,54.309
1974-02-20,63.129
1974-02-21,60.17
1974-02-22,66.3
1974-02-23,54.587
1974-02-24,38.142
1974-02-25,39.236
1974-02-26,39.34
1974-02-27,37.198
1974-02-28,34.699
1974-03-01,34.228
1974-03-02,34.932
1974-03-03,36.442
1974-03-04,47.397
1974-03-05,60.596
1974-03-06,59.841
1974-03-07,66.263
1974-03-08,52.114
1974-03-09,40.559
1974-03-10,39.801
1974-03-11,51.549
1974-03-12,67.518
1974-03-13,84.403
1974-03-14,60.036
1974-03-15,30.89
1974-03-16,27.525
1974-03-17,27.463
1974-03-18,28.565
1974-03-19,30.783
1974-03-20,38.03
1974-03-21,35.966
1974-03-22,41.356
1974-03-23,44.744
1974-03-24,54.888
1974-03-25,95.12
1974-03-26,131.578
1974-03-27,147.944
1974-03-28,191.62
1974-03-29,178.246
1974-03-30,213.788
1974-03-31,169.251
1974-04-01,148.511
1974-04-02,212.566
1974-04-03,142.979
1974-04-04,152.91
1974-04-05,151.73
1974-04-06,122.3
1974-04-07,109.601
1974-04-08,125.225
1974-04-09,181.366
1974-04-10,197.724
1974-04-11,179.74
1974-04-12,195.084
1974-04-13,128.357
1974-04-14,141.124
1974-04-15,150.628
1974-04-16,211.342
1974-04-17,203.935
1974-04-18,149.646
1974-04-19,160.648
1974-04-20,156.103
1974-04-21,88.666
1974-04-22,71.787
1974-04-23,90.938
1974-04-24,90.146
1974-04-25,113.655
1974-04-26,145.121
1974-04-27,159.711
1974-04-28,121.299
1974-04-29,80.381
1974-04-30,57.183
1974-05-01,47.185
1974-05-02,44.55
1974-05-03,60.052
1974-05-04,76.933
1974-05-05,118.537
1974-05-06,136.182
1974-05-07,124.363
1974-05-08,159.503
1974-05-09,229.592
1974-05-10,204.147
1974-05-11,212.337
1974-05-12,235.72
1974-05-13,239.872
1974-05-14,233.39
1974-05-15,211.602
1974-05-16,220.385
1974-05-17,253.555
1974-05-18,299.012
1974-05-19,288.595
1974-05-20,247.344
1974-05-21,179.456
1974-05-22,121.865
1974-05-23,122.798
1974-05-24,134.85
1974-05-25,189.737
1974-05-26,200.792
1974-05-27,217.69
1974-05-28,245.167
1974-05-29,261.246
1974-05-30,201.949
1974-05-31,144.259
1974-06-01,118.053
1974-06-02,111.622
1974-06-03,124.793
1974-06-04,173.963
1974-06-05,198.49
1974-06-06,149.386
1974-06-07,158.46
1974-06-08,163.158
1974-06-09,148.247
1974-06-10,112.861
1974-06-11,109.796
1974-06-12,138.203
1974-06-13,119.519
1974-06-14,143.368
1974-06-15,149.825
1974-06-16,114.329
1974-06-17,99.194
1974-06-18,139.021
1974-06-19,122.422
1974-06-20,117.94
1974-06-21,131.042
1974-06-22,166.237
1974-06-23,166.251
1974-06-24,124.015
1974-06-25,166.061
1974-06-26,175.54
1974-06-27,168.215
1974-06-28,176.717
1974-06-29,215.2
1974-06-30,259.742
1974-07-01,275.485
1974-07-02,278.841
1974-07-03,244.188
1974-07-04,356.907
1974-07-05,427.17
1974-07-06,333.622
1974-07-07,318.568
1974-07-08,269.842
1974-07-09,228.25
1974-07-10,227.848
1974-07-11,232.681
1974-07-12,297.457
1974-07-13,303.268
1974-07-14,264.528
1974-07-15,265.744
1974-07-16,266.881
1974-07-17,260.666
1974-07-18,235.648
1974-07-19,194.87
1974-07-20,204.945
1974-07-21,194.227
1974-07-22,179.612
1974-07-23,191.09
1974-07-24,194.355
1974-07-25,166.515
1974-07-26,158.471
1974-07-27,159.235
1974-07-28,148.111
1974-07-29,134.6
1974-07-30,123.536
1974-07-31,119.13
1974-08-01,120.946
1974-08-02,121.409
1974-08-03,122.376
1974-08-04,149.817
1974-08-05,133.228
1974-08-06,115.022
1974-08-07,120.063
1974-08-08,100.832
1974-08-09,96.951
1974-08-10,105.687
1974-08-11,119.439
1974-08-12,123.353
1974-08-13,122.378
1974-08-14,150.043
1974-08-15,189.045
1974-08-16,208.439
1974-08-17,178.367
1974-08-18,150.177
1974-08-19,162.782
1974-08-20,193.485
1974-08-21,156.8
1974-08-22,134.668
1974-08-23,122.035
1974-08-24,104.25
1974-08-25,169.908
1974-08-26,304.035
1974-08-27,178.56
1974-08-28,227.741
1974-08-29,236.026
1974-08-30,292.58
1974-08-31,237.647
1974-09-01,207.991
1974-09-02,217.77
1974-09-03,174.789
1974-09-04,208.307
1974-09-05,254.872
1974-09-06,236.491
1974-09-07,254.384
1974-09-08,258.085
1974-09-09,304.672
1974-09-10,358.065
1974-09-11,372.73
1974-09-12,311.208
1974-09-13,315.966
1974-09-14,311.587
1974-09-15,200.515
1974-09-16,311.252
1974-09-17,342.022
1974-09-18,488.55
1974-09-19,600.029
1974-09-20,414.495
1974-09-21,353.641
1974-09-22,385.653
1974-09-23,396.78
1974-09-24,374.801
1974-09-25,345.21
1974-09-26,313.48
1974-09-27,340.528
1974-09-28,379.131
1974-09-29,438.683
1974-09-30,450.203
1974-10-01,474.614
1974-10-02,477.204
1974-10-03,337.793
1974-10-04,278.469
1974-10-05,333.515
1974-10-06,376.425
1974-10-07,344.71
1974-10-08,347.494
1974-10-09,268.899
1974-10-10,279.888
1974-10-11,266.79
1974-10-12,238.197
1974-10-13,194.418
1974-10-14,199.668
1974-10-15,298.146
1974-10-16,394.666
1974-10-17,307.802
1974-10-18,347.287
1974-10-19,351.93
1974-10-20,387.874
1974-10-21,343.457
1974-10-22,321.192
1974-10-23,447.724
1974-10-24,452.375
1974-10-25,462.61
1974-10-26,413.135
1974-10-27,315.752
1974-10-28,420.858
1974-10-29,515.935
1974-10-30,686.84
1974-10-31,542.617
1974-11-01,400.273
1974-11-02,352.39
1974-11-03,330.948
1974-11-04,317.455
1974-11-05,344.188
1974-11-06,426.431
1974-11-07,373.261
1974-11-08,357.715
1974-11-09,444.159
1974-11-10,485.935
1974-11-11,509.892
1974-11-12,495.593
1974-11-13,399.99
1974-11-14,342.097
1974-11-15,318.073
1974-11-16,286.373
1974-11-17,282.372
1974-11-18,299.861
1974-11-19,333.426
1974-11-20,303.513
1974-11-21,329.816
1974-11-22,366.817
1974-11-23,422.178
1974-11-24,389.573
1974-11-25,378.289
1974-11-26,293.645
1974-11-27,243.682
1974-11-28,236.085
1974-11-29,248.368
1974-11-30,256.081
1974-12-01,241.729
1974-12-02,219.417
1974-12-03,195.237
1974-12-04,192.598
1974-12-05,188.17
1974-12-06,184.777
1974-12-07,189.467
1974-12-08,198.648
1974-12-09,183.709
1974-12-10,173.286
1974-12-11,165.188
1974-12-12,155.562
1974-12-13,152.042
1974-12-14,150.878
1974-12-15,149.451
1974-12-16,146.967
1974-12-17,142.38
1974-12-18,165.879
1974-12-19,173.098
1974-12-20,159.81
1974-12-21,157.743
1974-12-22,151.89
1974-12-23,155.445
1974-12-24,153.136
1974-12-25,126.535
1974-12-26,120.619
1974-12-27,116.974
1974-12-28,108.852
1974-12-29,105.837
1974-12-30,112.553
1974-12-31,122.411
1975-01-01,116.493
1975-01-02,103.847
1975-01-03,104.497
1975-01-04,111.535
1975-01-05,107.576
1975-01-06,99.704
1975-01-07,97.47
1975-01-08,98.598
1975-01-09,95.798
1975-01-10,104.376
1975-01-11,109.961
1975-01-12,120.973
1975-01-13,124.189
1975-01-14,113.183
1975-01-15,115.313
1975-01-16,102.738
1975-01-17,80.413
1975-01-18,71.912
1975-01-19,69.979
1975-01-20,68.56
1975-01-21,67.248
1975-01-22,65.882
1975-01-23,64.984
1975-01-24,64.85
1975-01-25,63.941
1975-01-26,62.166
1975-01-27,61.372
1975-01-28,60.878
1975-01-29,66.045
1975-01-30,64.786
1975-01-31,58.098
1975-02-01,58.358
1975-02-02,58.981
1975-02-03,63.647
1975-02-04,69.847
1975-02-05,61.278
1975-02-06,50.332
1975-02-07,48.518
1975-02-08,48.517
1975-02-09,48.583
1975-02-10,49.147
1975-02-11,51.815
1975-02-12,53.181
1975-02-13,55.397
1975-02-14,54.439
1975-02-15,57.293
1975-02-16,55.506
1975-02-17,58.232
1975-02-18,57.245
1975-02-19,42.62
1975-02-20,39.011
1975-02-21,38.032
1975-02-22,37.455
1975-02-23,37.21
1975-02-24,36.406
1975-02-25,36.404
1975-02-26,40.475
1975-02-27,43.473
1975-02-28,45.671
1975-03-01,74.27
1975-03-02,53.026
1975-03-03,50.787
1975-03-04,61.778
1975-03-05,57.095
1975-03-06,50.454
1975-03-07,56.632
1975-03-08,50.728
1975-03-09,55.334
1975-03-10,73.055
1975-03-11,112.065
1975-03-12,165.588
1975-03-13,115.121
1975-03-14,57.16
1975-03-15,44.056
1975-03-16,35.951
1975-03-17,67.34
1975-03-18,93.143
1975-03-19,109.345
1975-03-20,152.704
1975-03-21,211.8
1975-03-22,232.452
1975-03-23,292.758
1975-03-24,278.242
1975-03-25,318.04
1975-03-26,211.017
1975-03-27,155.047
1975-03-28,80.711
1975-03-29,33.418
1975-03-30,34.349
1975-03-31,50.213
1975-04-01,102.425
1975-04-02,135.623
1975-04-03,122.36
1975-04-04,130.047
1975-04-05,150.34
1975-04-06,157.925
1975-04-07,186.543
1975-04-08,186.602
1975-04-09,418.564
1975-04-10,464.844
1975-04-11,286.171
1975-04-12,250.065
1975-04-13,212.54
1975-04-14,188.396
1975-04-15,236.513
1975-04-16,251.513
1975-04-17,284.621
1975-04-18,275.525
1975-04-19,243.758
1975-04-20,194.485
1975-04-21,134.552
1975-04-22,138.793
1975-04-23,219.87
1975-04-24,263.075
1975-04-25,344.227
1975-04-26,261.065
1975-04-27,198.712
1975-04-28,165.671
1975-04-29,114.845
1975-04-30,113.219
1975-05-01,85.916
1975-05-02,61.5
1975-05-03,57.156
1975-05-04,58.206
1975-05-05,62.835
1975-05-06,73.764
1975-05-07,97.05
1975-05-08,100.359
1975-05-09,125.747
1975-05-10,126.422
1975-05-11,108.692
1975-05-12,107.535
1975-05-13,120.883
1975-05-14,122.412
1975-05-15,107.389
1975-05-16,144.533
1975-05-17,191.331
1975-05-18,196.771
1975-05-19,277.08
1975-05-20,233.495
1975-05-21,194.721
1975-05-22,203.159
1975-05-23,194.661
1975-05-24,201.841
1975-05-25,198.161
1975-05-26,246.136
1975-05-27,183.424
1975-05-28,280.085
1975-05-29,321.86
1975-05-30,315.154
1975-05-31,317.245
1975-06-01,195.612
1975-06-02,124.977
1975-06-03,133.794
1975-06-04,151.145
1975-06-05,188.782
1975-06-06,242.997
1975-06-07,277.815
1975-06-08,280.468
1975-06-09,204.09
1975-06-10,201.578
1975-06-11,174.383
1975-06-12,144.535
1975-06-13,145.796
1975-06-14,186.852
1975-06-15,252.96
1975-06-16,243.085
1975-06-17,235.928
1975-06-18,250.927
1975-06-19,203.533
1975-06-20,161.097
1975-06-21,191.369
1975-06-22,249.399
1975-06-23,276.961
1975-06-24,193.109
1975-06-25,144.892
1975-06-26,139.247
1975-06-27,114.397
1975-06-28,110.981
1975-06-29,113.825
1975-06-30,117.497
1975-07-01,110.8
1975-07-02,125.085
1975-07-03,118.379
1975-07-04,103.368
1975-07-05,91.141
1975-07-06,87.195
1975-07-07,86.225
1975-07-08,85.403
1975-07-09,95.96
1975-07-10,104.267
1975-07-11,106.099
1975-07-12,127.055
1975-07-13,113.769
1975-07-14,108.535
1975-07-15,101.541
1975-07-16,95.965
1975-07-17,98.177
1975-07-18,88.488
1975-07-19,87.547
1975-07-20,99.701
1975-07-21,102.522
1975-07-22,83.144
1975-07-23,95.559
1975-07-24,177.164
1975-07-25,273.578
1975-07-26,260.011
1975-07-27,268.186
1975-07-28,361.648
1975-07-29,240.372
1975-07-30,158.843
1975-07-31,102.419
1975-08-01,75.78
1975-08-02,76.613
1975-08-03,86.818
1975-08-04,95.44
1975-08-05,158.31
1975-08-06,180.642
1975-08-07,125.768
1975-08-08,105.014
1975-08-09,106.032
1975-08-10,87.575
1975-08-11,81.556
1975-08-12,95.159
1975-08-13,104.07
1975-08-14,139.598
1975-08-15,157.586
1975-08-16,133.536
1975-08-17,103.239
1975-08-18,86.514
1975-08-19,125.46
1975-08-20,123.999
1975-08-21,140.411
1975-08-22,135.824
1975-08-23,151.529
1975-08-24,151.005
1975-08-25,127.274
1975-08-26,114.952
1975-08-27,149.472
1975-08-28,136.308
1975-08-29,127.272
1975-08-30,139.336
1975-08-31,133.725
1975-09-01,197.234
1975-09-02,205.915
1975-09-03,248.0
1975-09-04,225.682
1975-09-05,272.953
1975-09-06,303.85
1975-09-07,308.444
1975-09-08,303.64
1975-09-09,396.61
1975-09-10,631.263
1975-09-11,614.2
1975-09-12,439.085
1975-09-13,337.008
1975-09-14,286.017
1975-09-15,304.026
1975-09-16,298.762
1975-09-17,422.115
1975-09-18,406.7
1975-09-19,336.154
1975-09-20,390.89
1975-09-21,361.162
1975-09-22,330.777
1975-09-23,378.125
1975-09-24,390.975
1975-09-25,322.345
1975-09-26,375.748
1975-09-27,447.1
1975-09-28,343.795
1975-09-29,314.922
1975-09-30,371.382
1975-10-01,375.537
1975-10-02,343.018
1975-10-03,403.872
1975-10-04,519.664
1975-10-05,410.233
1975-10-06,410.752
1975-10-07,466.607
1975-10-08,539.426
1975-10-09,534.996
1975-10-10,511.409
1975-10-11,407.795
1975-10-12,395.993
1975-10-13,347.937
1975-10-14,396.512
1975-10-15,449.825
1975-10-16,429.763
1975-10-17,401.72
1975-10-18,432.305
1975-10-19,416.061
1975-10-20,392.765
1975-10-21,343.225
1975-10-22,415.103
1975-10-23,397.745
1975-10-24,436.809
1975-10-25,463.404
1975-10-26,456.205
1975-10-27,426.403
1975-10-28,368.703
1975-10-29,334.196
1975-10-30,364.16
1975-10-31,455.034
1975-11-01,518.296
1975-11-02,558.978
1975-11-03,492.67
1975-11-04,421.905
1975-11-05,381.554
1975-11-06,362.04
1975-11-07,370.76
1975-11-08,308.832
1975-11-09,261.66
1975-11-10,296.06
1975-11-11,342.564
1975-11-12,339.161
1975-11-13,366.909
1975-11-14,573.846
1975-11-15,541.026
1975-11-16,647.254
1975-11-17,587.594
1975-11-18,546.16
1975-11-19,538.666
1975-11-20,459.801
1975-11-21,447.322
1975-11-22,451.266
1975-11-23,392.387
1975-11-24,388.537
1975-11-25,399.552
1975-11-26,392.618
1975-11-27,388.011
1975-11-28,365.56
1975-11-29,316.825
1975-11-30,304.069
1975-12-01,290.211
1975-12-02,260.415
1975-12-03,252.583
1975-12-04,262.284
1975-12-05,282.419
1975-12-06,352.183
1975-12-07,407.658
1975-12-08,378.662
1975-12-09,458.173
1975-12-10,443.543
1975-12-11,426.117
1975-12-12,362.399
1975-12-13,304.436
1975-12-14,260.501
1975-12-15,231.353
1975-12-16,212.437
1975-12-17,212.244
1975-12-18,208.238
1975-12-19,202.674
1975-12-20,199.071
1975-12-21,195.57
1975-12-22,191.31
1975-12-23,186.62
1975-12-24,181.91
1975-12-25,177.021
1975-12-26,172.713
1975-12-27,169.085
1975-12-28,164.975
1975-12-29,162.861
1975-12-30,159.724
1975-12-31,153.391
1976-01-01,149.098
1976-01-02,145.596
1976-01-03,141.256
1976-01-04,137.036
1976-01-05,134.54
1976-01-06,132.906
1976-01-07,131.176
1976-01-08,126.449
1976-01-09,122.556
1976-01-10,119.768
1976-01-11,120.915
1976-01-12,126.442
1976-01-13,122.135
1976-01-14,113.16
1976-01-15,109.028
1976-01-16,106.325
1976-01-17,103.724
1976-01-18,100.35
1976-01-19,97.109
1976-01-20,95.068
1976-01-21,93.398
1976-01-22,91.553
1976-01-23,89.288
1976-01-24,88.427
1976-01-25,86.196
1976-01-26,83.278
1976-01-27,80.459
1976-01-28,78.325
1976-01-29,76.411
1976-01-30,74.682
1976-01-31,73.339
1976-02-01,72.035
1976-02-02,70.172
1976-02-03,68.831
1976-02-04,69.472
1976-02-05,69.31
1976-02-06,75.175
1976-02-07,75.902
1976-02-08,74.731
1976-02-09,96.05
1976-02-10,94.771
1976-02-11,106.611
1976-02-12,103.913
1976-02-13,75.568
1976-02-14,79.375
1976-02-15,104.0
1976-02-16,104.84
1976-02-17,103.933
1976-02-18,149.035
1976-02-19,176.932
1976-02-20,151.662
1976-02-21,219.987
1976-02-22,192.788
1976-02-23,104.376
1976-02-24,89.094
1976-02-25,103.322
1976-02-26,99.4
1976-02-27,135.29
1976-02-28,152.865
1976-02-29,162.371
1976-03-01,136.9
1976-03-02,107.137
1976-03-03,117.039
1976-03-04,93.987
1976-03-05,75.439
1976-03-06,98.768
1976-03-07,132.183
1976-03-08,174.026
1976-03-09,136.055
1976-03-10,96.837
1976-03-11,97.631
1976-03-12,82.474
1976-03-13,63.99
1976-03-14,53.105
1976-03-15,51.738
1976-03-16,53.897
1976-03-17,81.398
1976-03-18,78.478
1976-03-19,51.011
1976-03-20,104.843
1976-03-21,91.749
1976-03-22,125.31
1976-03-23,109.1
1976-03-24,70.524
1976-03-25,58.656
1976-03-26,74.86
1976-03-27,79.812
1976-03-28,120.377
1976-03-29,104.265
1976-03-30,131.656
1976-03-31,167.204
1976-04-01,218.617
1976-04-02,150.846
1976-04-03,92.515
1976-04-04,79.072
1976-04-05,60.891
1976-04-06,62.842
1976-04-07,104.182
1976-04-08,156.802
1976-04-09,213.79
1976-04-10,261.917
1976-04-11,227.55
1976-04-12,283.662
1976-04-13,306.494
1976-04-14,267.479
1976-04-15,216.3
1976-04-16,255.044
1976-04-17,174.779
1976-04-18,156.39
1976-04-19,158.218
1976-04-20,170.544
1976-04-21,173.768
1976-04-22,255.662
1976-04-23,339.847
1976-04-24,364.412
1976-04-25,280.635
1976-04-26,208.722
1976-04-27,194.242
1976-04-28,228.39
1976-04-29,269.953
1976-04-30,300.686
1976-05-01,248.509
1976-05-02,204.435
1976-05-03,165.227
1976-05-04,161.825
1976-05-05,211.335
1976-05-06,201.022
1976-05-07,160.319
1976-05-08,152.39
1976-05-09,129.718
1976-05-10,150.625
1976-05-11,190.654
1976-05-12,238.444
1976-05-13,203.177
1976-05-14,168.155
1976-05-15,146.48
1976-05-16,141.401
1976-05-17,152.532
1976-05-18,199.023
1976-05-19,249.272
1976-05-20,259.22
1976-05-21,348.793
1976-05-22,464.438
1976-05-23,400.005
1976-05-24,291.47
1976-05-25,251.31
1976-05-26,221.81
1976-05-27,259.963
1976-05-28,300.85
1976-05-29,324.11
1976-05-30,326.276
1976-05-31,298.772
1976-06-01,264.99
1976-06-02,235.169
1976-06-03,221.601
1976-06-04,202.314
1976-06-05,181.992
1976-06-06,171.471
1976-06-07,171.489
1976-06-08,211.943
1976-06-09,203.355
1976-06-10,197.127
1976-06-11,193.445
1976-06-12,188.862
1976-06-13,199.372
1976-06-14,173.561
1976-06-15,152.628
1976-06-16,158.393
1976-06-17,170.15
1976-06-18,178.734
1976-06-19,170.684
1976-06-20,176.939
1976-06-21,244.783
1976-06-22,263.323
1976-06-23,214.92
1976-06-24,217.47
1976-06-25,201.231
1976-06-26,190.074
1976-06-27,178.049
1976-06-28,136.511
1976-06-29,122.532
1976-06-30,113.177
1976-07-01,111.875
1976-07-02,112.378
1976-07-03,109.622
1976-07-04,123.408
1976-07-05,187.213
1976-07-06,169.486
1976-07-07,175.928
1976-07-08,164.313
1976-07-09,165.969
1976-07-10,164.33
1976-07-11,134.16
1976-07-12,125.093
1976-07-13,116.115
1976-07-14,107.95
1976-07-15,101.433
1976-07-16,98.507
1976-07-17,119.473
1976-07-18,144.795
1976-07-19,138.421
1976-07-20,143.766
1976-07-21,150.008
1976-07-22,155.091
1976-07-23,143.01
1976-07-24,104.087
1976-07-25,98.98
1976-07-26,106.81
1976-07-27,115.054
1976-07-28,95.932
1976-07-29,96.24
1976-07-30,107.865
1976-07-31,126.33
1976-08-01,107.058
1976-08-02,98.137
1976-08-03,96.381
1976-08-04,89.825
1976-08-05,113.905
1976-08-06,126.983
1976-08-07,93.665
1976-08-08,99.366
1976-08-09,114.241
1976-08-10,130.921
1976-08-11,182.09
1976-08-12,173.434
1976-08-13,191.947
1976-08-14,224.845
1976-08-15,239.912
1976-08-16,172.8
1976-08-17,146.7
1976-08-18,180.708
1976-08-19,206.739
1976-08-20,227.005
1976-08-21,220.738
1976-08-22,161.59
1976-08-23,158.99
1976-08-24,165.346
1976-08-25,221.152
1976-08-26,185.013
1976-08-27,129.15
1976-08-28,164.561
1976-08-29,244.179
1976-08-30,207.842
1976-08-31,170.094
1976-09-01,158.183
1976-09-02,185.931
1976-09-03,175.605
1976-09-04,148.942
1976-09-05,172.689
1976-09-06,237.547
1976-09-07,313.217
1976-09-08,241.852
1976-09-09,280.69
1976-09-10,271.877
1976-09-11,273.471
1976-09-12,178.851
1976-09-13,177.995
1976-09-14,145.813
1976-09-15,115.505
1976-09-16,125.192
1976-09-17,116.465
1976-09-18,116.055
1976-09-19,119.045
1976-09-20,112.965
1976-09-21,99.343
1976-09-22,97.645
1976-09-23,92.692
1976-09-24,109.753
1976-09-25,150.297
1976-09-26,214.894
1976-09-27,208.855
1976-09-28,203.59
1976-09-29,224.075
1976-09-30,262.863
1976-10-01,384.08
1976-10-02,363.601
1976-10-03,258.895
1976-10-04,198.666
1976-10-05,239.279
1976-10-06,313.046
1976-10-07,304.895
1976-10-08,214.82
1976-10-09,154.032
1976-10-10,125.096
1976-10-11,144.582
1976-10-12,132.847
1976-10-13,138.046
1976-10-14,128.732
1976-10-15,126.836
1976-10-16,133.982
1976-10-17,115.743
1976-10-18,130.268
1976-10-19,144.406
1976-10-20,151.101
1976-10-21,164.519
1976-10-22,231.512
1976-10-23,243.634
1976-10-24,255.63
1976-10-25,216.47
1976-10-26,198.357
1976-10-27,144.065
1976-10-28,166.154
1976-10-29,183.411
1976-10-30,151.874
1976-10-31,136.573
1976-11-01,118.432
1976-11-02,117.952
1976-11-03,168.087
1976-11-04,191.133
1976-11-05,235.92
1976-11-06,259.002
1976-11-07,296.527
1976-11-08,256.877
1976-11-09,217.504
1976-11-10,286.422
1976-11-11,306.218
1976-11-12,385.364
1976-11-13,293.052
1976-11-14,280.689
1976-11-15,238.066
1976-11-16,217.607
1976-11-17,244.819
1976-11-18,283.456
1976-11-19,243.309
1976-11-20,231.255
1976-11-21,223.446
1976-11-22,288.425
1976-11-23,355.565
1976-11-24,323.148
1976-11-25,261.802
1976-11-26,237.658
1976-11-27,157.723
1976-11-28,152.779
1976-11-29,187.075
1976-11-30,273.843
1976-12-01,340.528
1976-12-02,351.073
1976-12-03,310.993
1976-12-04,256.809
1976-12-05,221.547
1976-12-06,186.377
1976-12-07,162.139
1976-12-08,157.789
1976-12-09,140.882
1976-12-10,129.628
1976-12-11,128.148
1976-12-12,137.255
1976-12-13,148.493
1976-12-14,141.649
1976-12-15,128.948
1976-12-16,122.53
1976-12-17,131.609
1976-12-18,141.313
1976-12-19,132.835
1976-12-20,112.621
1976-12-21,112.966
1976-12-22,108.799
1976-12-23,112.645
1976-12-24,117.928
1976-12-25,139.019
1976-12-26,151.781
1976-12-27,154.302
1976-12-28,140.17
1976-12-29,143.044
1976-12-30,148.542
1976-12-31,115.753
1977-01-01,132.117
1977-01-02,127.371
1977-01-03,146.297
1977-01-04,159.219
1977-01-05,149.167
1977-01-06,148.592
1977-01-07,157.315
1977-01-08,137.282
1977-01-09,130.649
1977-01-10,132.943
1977-01-11,114.609
1977-01-12,103.18
1977-01-13,130.487
1977-01-14,111.605
1977-01-15,85.908
1977-01-16,83.782
1977-01-17,85.708
1977-01-18,114.876
1977-01-19,122.865
1977-01-20,119.072
1977-01-21,118.796
1977-01-22,124.427
1977-01-23,136.641
1977-01-24,149.093
1977-01-25,132.742
1977-01-26,98.034
1977-01-27,115.388
1977-01-28,121.202
1977-01-29,146.477
1977-01-30,148.834
1977-01-31,112.425
1977-02-01,80.863
1977-02-02,76.544
1977-02-03,76.515
1977-02-04,82.512
1977-02-05,99.464
1977-02-06,109.188
1977-02-07,118.867
1977-02-08,118.518
1977-02-09,95.104
1977-02-10,89.249
1977-02-11,79.848
1977-02-12,69.599
1977-02-13,69.942
1977-02-14,68.438
1977-02-15,68.141
1977-02-16,66.995
1977-02-17,65.098
1977-02-18,64.183
1977-02-19,64.998
1977-02-20,67.005
1977-02-21,66.374
1977-02-22,68.337
1977-02-23,80.496
1977-02-24,98.509
1977-02-25,86.485
1977-02-26,88.159
1977-02-27,87.844
1977-02-28,65.848
1977-03-01,55.643
1977-03-02,59.144
1977-03-03,66.378
1977-03-04,62.915
1977-03-05,82.438
1977-03-06,317.771
1977-03-07,290.91
1977-03-08,93.719
1977-03-09,54.595
1977-03-10,59.429
1977-03-11,64.355
1977-03-12,66.977
1977-03-13,94.082
1977-03-14,86.47
1977-03-15,77.729
1977-03-16,94.798
1977-03-17,108.5
1977-03-18,53.041
1977-03-19,46.3
1977-03-20,50.901
1977-03-21,51.595
1977-03-22,67.745
1977-03-23,92.519
1977-03-24,135.152
1977-03-25,149.231
1977-03-26,150.585
1977-03-27,192.698
1977-03-28,310.978
1977-03-29,316.679
1977-03-30,353.017
1977-03-31,343.004
1977-04-01,274.659
1977-04-02,263.36
1977-04-03,292.661
1977-04-04,333.817
1977-04-05,268.249
1977-04-06,230.131
1977-04-07,295.05
1977-04-08,441.222
1977-04-09,426.255
1977-04-10,345.217
1977-04-11,237.201
1977-04-12,278.35
1977-04-13,221.65
1977-04-14,152.395
1977-04-15,185.501
1977-04-16,213.576
1977-04-17,167.673
1977-04-18,203.115
1977-04-19,286.34
1977-04-20,268.488
1977-04-21,133.862
1977-04-22,135.163
1977-04-23,119.133
1977-04-24,101.253
1977-04-25,94.769
1977-04-26,98.543
1977-04-27,114.485
1977-04-28,118.844
1977-04-29,132.468
1977-04-30,149.972
1977-05-01,159.536
1977-05-02,259.972
1977-05-03,398.375
1977-05-04,398.138
1977-05-05,408.852
1977-05-06,406.883
1977-05-07,362.125
1977-05-08,301.761
1977-05-09,293.994
1977-05-10,280.954
1977-05-11,247.065
1977-05-12,251.788
1977-05-13,195.797
1977-05-14,144.211
1977-05-15,131.401
1977-05-16,152.05
1977-05-17,139.541
1977-05-18,131.785
1977-05-19,132.935
1977-05-20,141.918
1977-05-21,152.665
1977-05-22,147.85
1977-05-23,171.893
1977-05-24,191.219
1977-05-25,132.147
1977-05-26,115.655
1977-05-27,117.461
1977-05-28,137.428
1977-05-29,170.601
1977-05-30,144.584
1977-05-31,110.214
1977-06-01,110.28
1977-06-02,112.869
1977-06-03,131.292
1977-06-04,158.78
1977-06-05,118.458
1977-06-06,104.664
1977-06-07,96.529
1977-06-08,94.404
1977-06-09,97.628
1977-06-10,102.151
1977-06-11,117.707
1977-06-12,133.765
1977-06-13,135.481
1977-06-14,139.952
1977-06-15,128.072
1977-06-16,148.338
1977-06-17,128.672
1977-06-18,104.923
1977-06-19,108.502
1977-06-20,140.663
1977-06-21,139.395
1977-06-22,124.93
1977-06-23,100.576
1977-06-24,76.809
1977-06-25,75.064
1977-06-26,69.815
1977-06-27,70.508
1977-06-28,75.214
1977-06-29,83.694
1977-06-30,100.854
1977-07-01,100.163
1977-07-02,101.455
1977-07-03,100.68
1977-07-04,111.356
1977-07-05,95.413
1977-07-06,81.219
1977-07-07,114.53
1977-07-08,141.927
1977-07-09,161.856
1977-07-10,155.449
1977-07-11,100.512
1977-07-12,103.95
1977-07-13,114.727
1977-07-14,84.711
1977-07-15,77.981
1977-07-16,93.89
1977-07-17,84.648
1977-07-18,81.29
1977-07-19,64.092
1977-07-20,61.058
1977-07-21,60.409
1977-07-22,59.462
1977-07-23,58.581
1977-07-24,57.856
1977-07-25,56.686
1977-07-26,56.157
1977-07-27,55.648
1977-07-28,53.821
1977-07-29,53.448
1977-07-30,54.401
1977-07-31,62.605
1977-08-01,70.142
1977-08-02,61.473
1977-08-03,59.85
1977-08-04,74.53
1977-08-05,92.87
1977-08-06,87.008
1977-08-07,79.693
1977-08-08,77.936
1977-08-09,78.074
1977-08-10,116.945
1977-08-11,95.743
1977-08-12,81.18
1977-08-13,77.367
1977-08-14,64.96
1977-08-15,53.242
1977-08-16,56.15
1977-08-17,52.005
1977-08-18,54.669
1977-08-19,59.63
1977-08-20,61.2
1977-08-21,56.25
1977-08-22,48.5
1977-08-23,47.893
1977-08-24,62.241
1977-08-25,89.219
1977-08-26,111.709
1977-08-27,113.407
1977-08-28,140.055
1977-08-29,167.408
1977-08-30,151.103
1977-08-31,131.166
1977-09-01,154.57
1977-09-02,94.767
1977-09-03,62.787
1977-09-04,85.895
1977-09-05,80.273
1977-09-06,79.934
1977-09-07,72.248
1977-09-08,109.232
1977-09-09,173.435
1977-09-10,163.259
1977-09-11,160.011
1977-09-12,148.479
1977-09-13,132.69
1977-09-14,114.845
1977-09-15,84.58
1977-09-16,187.138
1977-09-17,251.482
1977-09-18,265.755
1977-09-19,162.788
1977-09-20,139.319
1977-09-21,128.675
1977-09-22,146.944
1977-09-23,169.074
1977-09-24,144.01
1977-09-25,101.642
1977-09-26,78.45
1977-09-27,64.959
1977-09-28,64.454
1977-09-29,60.432
1977-09-30,62.767
1977-10-01,65.741
1977-10-02,65.255
1977-10-03,62.884
1977-10-04,61.91
1977-10-05,65.786
1977-10-06,61.485
1977-10-07,57.603
1977-10-08,57.392
1977-10-09,63.643
1977-10-10,102.177
1977-10-11,111.861
1977-10-12,149.565
1977-10-13,179.289
1977-10-14,191.912
1977-10-15,278.704
1977-10-16,229.759
1977-10-17,270.371
1977-10-18,250.172
1977-10-19,182.872
1977-10-20,167.64
1977-10-21,125.998
1977-10-22,137.433
1977-10-23,159.927
1977-10-24,180.042
1977-10-25,300.518
1977-10-26,255.612
1977-10-27,205.048
1977-10-28,196.106
1977-10-29,109.65
1977-10-30,109.18
1977-10-31,115.534
1977-11-01,173.762
1977-11-02,222.562
1977-11-03,257.268
1977-11-04,272.386
1977-11-05,264.625
1977-11-06,272.501
1977-11-07,260.314
1977-11-08,263.886
1977-11-09,228.263
1977-11-10,250.447
1977-11-11,289.874
1977-11-12,258.082
1977-11-13,227.61
1977-11-14,254.626
1977-11-15,342.923
1977-11-16,412.08
1977-11-17,462.602
1977-11-18,388.132
1977-11-19,321.518
1977-11-20,288.442
1977-11-21,308.379
1977-11-22,361.54
1977-11-23,331.342
1977-11-24,268.308
1977-11-25,259.952
1977-11-26,276.006
1977-11-27,245.724
1977-11-28,230.588
1977-11-29,205.614
1977-11-30,215.158
1977-12-01,199.138
1977-12-02,173.753
1977-12-03,151.749
1977-12-04,166.719
1977-12-05,155.405
1977-12-06,123.26
1977-12-07,117.148
1977-12-08,119.801
1977-12-09,139.47
1977-12-10,138.754
1977-12-11,140.182
1977-12-12,168.601
1977-12-13,150.157
1977-12-14,122.053
1977-12-15,140.402
1977-12-16,169.95
1977-12-17,197.483
1977-12-18,221.34
1977-12-19,202.436
1977-12-20,178.83
1977-12-21,159.051
1977-12-22,127.594
1977-12-23,100.046
1977-12-24,123.743
1977-12-25,185.224
1977-12-26,138.226
1977-12-27,127.962
1977-12-28,147.117
1977-12-29,148.473
1977-12-30,105.599
1977-12-31,84.79
1978-01-01,90.84
1978-01-02,91.775
1978-01-03,97.253
1978-01-04,105.298
1978-01-05,123.519
1978-01-06,117.929
1978-01-07,87.734
1978-01-08,78.622
1978-01-09,77.807
1978-01-10,81.522
1978-01-11,81.553
1978-01-12,73.546
1978-01-13,71.061
1978-01-14,72.842
1978-01-15,70.749
1978-01-16,67.212
1978-01-17,64.891
1978-01-18,63.512
1978-01-19,62.18
1978-01-20,61.71
1978-01-21,65.563
1978-01-22,68.54
1978-01-23,70.583
1978-01-24,71.355
1978-01-25,77.345
1978-01-26,98.793
1978-01-27,97.37
1978-01-28,86.098
1978-01-29,86.84
1978-01-30,62.265
1978-01-31,51.008
1978-02-01,49.539
1978-02-02,48.554
1978-02-03,48.068
1978-02-04,48.343
1978-02-05,49.245
1978-02-06,49.049
1978-02-07,45.588
1978-02-08,43.569
1978-02-09,42.56
1978-02-10,42.117
1978-02-11,42.954
1978-02-12,42.433
1978-02-13,41.712
1978-02-14,43.989
1978-02-15,52.829
1978-02-16,50.518
1978-02-17,50.782
1978-02-18,54.872
1978-02-19,66.049
1978-02-20,53.178
1978-02-21,56.149
1978-02-22,52.705
1978-02-23,102.564
1978-02-24,218.292
1978-02-25,236.495
1978-02-26,285.384
1978-02-27,260.072
1978-02-28,187.811
1978-03-01,105.386
1978-03-02,59.954
1978-03-03,95.617
1978-03-04,148.71
1978-03-05,156.907
1978-03-06,166.186
1978-03-07,160.558
1978-03-08,163.123
1978-03-09,139.205
1978-03-10,257.721
1978-03-11,277.968
1978-03-12,225.542
1978-03-13,239.026
1978-03-14,292.33
1978-03-15,362.999
1978-03-16,381.998
1978-03-17,347.421
1978-03-18,229.317
1978-03-19,170.043
1978-03-20,129.828
1978-03-21,115.744
1978-03-22,157.063
1978-03-23,121.245
1978-03-24,107.152
1978-03-25,113.646
1978-03-26,174.817
1978-03-27,229.918
1978-03-28,187.52
1978-03-29,201.113
1978-03-30,222.428
1978-03-31,259.204
1978-04-01,170.795
1978-04-02,231.675
1978-04-03,274.075
1978-04-04,288.372
1978-04-05,294.655
1978-04-06,291.483
1978-04-07,219.616
1978-04-08,171.948
1978-04-09,193.265
1978-04-10,255.355
1978-04-11,346.112
1978-04-12,329.738
1978-04-13,244.557
1978-04-14,223.947
1978-04-15,251.982
1978-04-16,289.672
1978-04-17,313.828
1978-04-18,314.815
1978-04-19,307.412
1978-04-20,317.734
1978-04-21,292.599
1978-04-22,265.258
1978-04-23,325.502
1978-04-24,283.736
1978-04-25,228.224
1978-04-26,223.448
1978-04-27,245.542
1978-04-28,346.072
1978-04-29,367.633
1978-04-30,328.264
1978-05-01,328.572
1978-05-02,412.908
1978-05-03,333.22
1978-05-04,264.707
1978-05-05,291.214
1978-05-06,287.921
1978-05-07,280.686
1978-05-08,248.228
1978-05-09,280.284
1978-05-10,301.489
1978-05-11,305.421
1978-05-12,288.533
1978-05-13,333.492
1978-05-14,350.015
1978-05-15,509.433
1978-05-16,514.807
1978-05-17,424.061
1978-05-18,322.504
1978-05-19,246.746
1978-05-20,242.166
1978-05-21,210.562
1978-05-22,181.407
1978-05-23,174.447
1978-05-24,180.028
1978-05-25,183.29
1978-05-26,184.795
1978-05-27,190.639
1978-05-28,176.3
1978-05-29,161.783
1978-05-30,145.186
1978-05-31,137.534
1978-06-01,133.367
1978-06-02,128.995
1978-06-03,125.039
1978-06-04,120.696
1978-06-05,116.234
1978-06-06,112.606
1978-06-07,110.538
1978-06-08,113.59
1978-06-09,114.18
1978-06-10,109.156
1978-06-11,106.685
1978-06-12,108.206
1978-06-13,112.518
1978-06-14,107.778
1978-06-15,114.978
1978-06-16,109.13
1978-06-17,91.646
1978-06-18,100.405
1978-06-19,114.742
1978-06-20,106.77
1978-06-21,108.788
1978-06-22,107.361
1978-06-23,90.172
1978-06-24,112.756
1978-06-25,131.356
1978-06-26,117.031
1978-06-27,114.244
1978-06-28,94.132
1978-06-29,69.861
1978-06-30,70.111
1978-07-01,74.19
1978-07-02,74.82
1978-07-03,88.582
1978-07-04,136.465
1978-07-05,110.606
1978-07-06,74.702
1978-07-07,87.058
1978-07-08,86.004
1978-07-09,102.597
1978-07-10,96.766
1978-07-11,114.464
1978-07-12,102.415
1978-07-13,76.358
1978-07-14,72.984
1978-07-15,62.398
1978-07-16,59.868
1978-07-17,66.603
1978-07-18,74.433
1978-07-19,86.255
1978-07-20,81.417
1978-07-21,81.512
1978-07-22,66.61
1978-07-23,52.363
1978-07-24,50.714
1978-07-25,50.508
1978-07-26,49.846
1978-07-27,49.552
1978-07-28,50.714
1978-07-29,52.383
1978-07-30,65.138
1978-07-31,72.596
1978-08-01,66.001
1978-08-02,66.027
1978-08-03,78.377
1978-08-04,54.958
1978-08-05,61.769
1978-08-06,71.045
1978-08-07,83.951
1978-08-08,108.287
1978-08-09,85.37
1978-08-10,72.142
1978-08-11,81.738
1978-08-12,57.627
1978-08-13,45.533
1978-08-14,59.996
1978-08-15,84.456
1978-08-16,80.06
1978-08-17,60.867
1978-08-18,51.244
1978-08-19,66.775
1978-08-20,91.149
1978-08-21,86.645
1978-08-22,89.115
1978-08-23,128.647
1978-08-24,132.012
1978-08-25,143.477
1978-08-26,110.912
1978-08-27,127.211
1978-08-28,135.826
1978-08-29,140.428
1978-08-30,161.185
1978-08-31,148.552
1978-09-01,179.84
1978-09-02,189.016
1978-09-03,169.317
1978-09-04,106.592
1978-09-05,65.316
1978-09-06,59.016
1978-09-07,54.29
1978-09-08,79.831
1978-09-09,116.795
1978-09-10,151.348
1978-09-11,126.98
1978-09-12,121.893
1978-09-13,102.651
1978-09-14,125.845
1978-09-15,168.861
1978-09-16,121.202
1978-09-17,108.772
1978-09-18,88.188
1978-09-19,78.738
1978-09-20,110.478
1978-09-21,101.032
1978-09-22,100.422
1978-09-23,75.851
1978-09-24,55.65
1978-09-25,70.12
1978-09-26,101.295
1978-09-27,158.151
1978-09-28,138.969
1978-09-29,144.921
1978-09-30,158.99
1978-10-01,159.518
1978-10-02,178.22
1978-10-03,198.192
1978-10-04,168.355
1978-10-05,196.196
1978-10-06,134.031
1978-10-07,149.677
1978-10-08,186.594
1978-10-09,207.721
1978-10-10,217.023
1978-10-11,189.03
1978-10-12,257.194
1978-10-13,293.884
1978-10-14,207.469
1978-10-15,113.233
1978-10-16,89.789
1978-10-17,102.064
1978-10-18,100.568
1978-10-19,91.333
1978-10-20,81.32
1978-10-21,80.883
1978-10-22,91.795
1978-10-23,125.491
1978-10-24,177.505
1978-10-25,206.927
1978-10-26,246.795
1978-10-27,420.355
1978-10-28,487.789
1978-10-29,344.578
1978-10-30,277.342
1978-10-31,288.455
1978-11-01,345.609
1978-11-02,279.207
1978-11-03,218.233
1978-11-04,216.519
1978-11-05,209.925
1978-11-06,185.092
1978-11-07,161.682
1978-11-08,146.294
1978-11-09,128.183
1978-11-10,94.61
1978-11-11,100.244
1978-11-12,139.712
1978-11-13,167.408
1978-11-14,172.541
1978-11-15,164.87
1978-11-16,153.0
1978-11-17,157.588
1978-11-18,184.229
1978-11-19,220.33
1978-11-20,196.299
1978-11-21,311.327
1978-11-22,438.716
1978-11-23,425.456
1978-11-24,392.715
1978-11-25,319.698
1978-11-26,246.383
1978-11-27,269.724
1978-11-28,292.311
1978-11-29,298.885
1978-11-30,257.657
1978-12-01,203.989
1978-12-02,167.223
1978-12-03,158.968
1978-12-04,156.343
1978-12-05,153.41
1978-12-06,155.455
1978-12-07,168.331
1978-12-08,199.121
1978-12-09,168.497
1978-12-10,191.058
1978-12-11,174.505
1978-12-12,198.742
1978-12-13,295.073
1978-12-14,260.486
1978-12-15,221.805
1978-12-16,200.794
1978-12-17,176.2
1978-12-18,140.685
1978-12-19,121.413
1978-12-20,123.87
1978-12-21,132.355
1978-12-22,170.391
1978-12-23,214.231
1978-12-24,136.593
1978-12-25,122.831
1978-12-26,138.12
1978-12-27,175.6
1978-12-28,178.858
1978-12-29,151.856
1978-12-30,132.649
1978-12-31,127.769
1979-01-01,115.91
1979-01-02,103.918
1979-01-03,109.215
1979-01-04,120.909
1979-01-05,131.219
1979-01-06,136.787
1979-01-07,127.929
1979-01-08,124.118
1979-01-09,123.132
1979-01-10,123.054
1979-01-11,124.483
1979-01-12,134.807
1979-01-13,142.54
1979-01-14,152.08
1979-01-15,158.884
1979-01-16,172.565
1979-01-17,176.771
1979-01-18,157.76
1979-01-19,155.745
1979-01-20,147.44
1979-01-21,120.085
1979-01-22,110.897
1979-01-23,107.983
1979-01-24,168.444
1979-01-25,278.601
1979-01-26,312.243
1979-01-27,340.755
1979-01-28,273.337
1979-01-29,297.045
1979-01-30,467.165
1979-01-31,529.215
1979-02-01,503.953
1979-02-02,398.14
1979-02-03,302.131
1979-02-04,267.65
1979-02-05,264.931
1979-02-06,307.588
1979-02-07,321.047
1979-02-08,337.597
1979-02-09,262.378
1979-02-10,222.255
1979-02-11,287.87
1979-02-12,292.374
1979-02-13,291.909
1979-02-14,347.224
1979-02-15,354.852
1979-02-16,386.933
1979-02-17,305.717
1979-02-18,294.924
1979-02-19,260.926
1979-02-20,274.598
1979-02-21,447.848
1979-02-22,553.912
1979-02-23,685.11
1979-02-24,518.018
1979-02-25,458.84
1979-02-26,488.526
1979-02-27,517.542
1979-02-28,560.091
1979-03-01,460.482
1979-03-02,291.528
1979-03-03,224.686
1979-03-04,214.351
1979-03-05,205.841
1979-03-06,199.686
1979-03-07,193.997
1979-03-08,188.542
1979-03-09,184.911
1979-03-10,179.612
1979-03-11,173.937
1979-03-12,182.206
1979-03-13,207.68
1979-03-14,190.927
1979-03-15,208.829
1979-03-16,231.77
1979-03-17,272.228
1979-03-18,302.881
1979-03-19,278.931
1979-03-20,327.487
1979-03-21,380.181
1979-03-22,365.084
1979-03-23,448.001
1979-03-24,341.327
1979-03-25,243.117
1979-03-26,261.865
1979-03-27,276.55
1979-03-28,292.776
1979-03-29,240.729
1979-03-30,286.161
1979-03-31,238.84
1979-04-01,189.4
1979-04-02,213.496
1979-04-03,291.192
1979-04-04,285.244
1979-04-05,325.174
1979-04-06,348.305
1979-04-07,507.288
1979-04-08,500.239
1979-04-09,430.02
1979-04-10,435.503
1979-04-11,450.848
1979-04-12,422.045
1979-04-13,343.475
1979-04-14,374.766
1979-04-15,381.91
1979-04-16,417.708
1979-04-17,374.402
1979-04-18,344.593
1979-04-19,295.424
1979-04-20,278.305
1979-04-21,254.755
1979-04-22,217.496
1979-04-23,217.429
1979-04-24,251.585
1979-04-25,268.772
1979-04-26,242.994
1979-04-27,257.074
1979-04-28,272.429
1979-04-29,289.632
1979-04-30,297.183
1979-05-01,396.043
1979-05-02,509.933
1979-05-03,577.582
1979-05-04,486.694
1979-05-05,371.568
1979-05-06,277.996
1979-05-07,331.968
1979-05-08,460.773
1979-05-09,455.011
1979-05-10,447.197
1979-05-11,524.315
1979-05-12,680.802
1979-05-13,593.324
1979-05-14,518.71
1979-05-15,597.462
1979-05-16,557.708
1979-05-17,515.415
1979-05-18,457.428
1979-05-19,359.361
1979-05-20,308.091
1979-05-21,299.05
1979-05-22,305.592
1979-05-23,292.918
1979-05-24,317.35
1979-05-25,330.438
1979-05-26,313.373
1979-05-27,362.903
1979-05-28,446.167
1979-05-29,463.372
1979-05-30,400.9
1979-05-31,396.341
1979-06-01,321.417
1979-06-02,266.362
1979-06-03,259.974
1979-06-04,289.778
1979-06-05,352.744
1979-06-06,403.327
1979-06-07,360.693
1979-06-08,296.766
1979-06-09,278.42
1979-06-10,324.87
1979-06-11,356.825
1979-06-12,340.941
1979-06-13,315.882
1979-06-14,297.467
1979-06-15,313.751
1979-06-16,390.93
1979-06-17,346.85
1979-06-18,336.225
1979-06-19,284.125
1979-06-20,231.302
1979-06-21,211.283
1979-06-22,203.789
1979-06-23,204.333
1979-06-24,208.088
1979-06-25,203.784
1979-06-26,195.899
1979-06-27,194.225
1979-06-28,197.107
1979-06-29,192.625
1979-06-30,191.238
1979-07-01,189.59
1979-07-02,183.243
1979-07-03,182.957
1979-07-04,173.194
1979-07-05,169.55
1979-07-06,172.417
1979-07-07,170.138
1979-07-08,166.606
1979-07-09,163.58
1979-07-10,160.44
1979-07-11,165.57
1979-07-12,160.0
1979-07-13,153.097
1979-07-14,147.253
1979-07-15,142.915
1979-07-16,140.425
1979-07-17,139.598
1979-07-18,139.841
1979-07-19,138.795
1979-07-20,137.219
1979-07-21,132.559
1979-07-22,128.019
1979-07-23,125.945
1979-07-24,123.486
1979-07-25,120.525
1979-07-26,117.506
1979-07-27,115.279
1979-07-28,113.831
1979-07-29,113.298
1979-07-30,110.99
1979-07-31,107.665
1979-08-01,105.418
1979-08-02,102.256
1979-08-03,101.194
1979-08-04,101.485
1979-08-05,101.881
1979-08-06,102.425
1979-08-07,103.201
1979-08-08,103.061
1979-08-09,102.483
1979-08-10,111.607
1979-08-11,116.956
1979-08-12,112.62
1979-08-13,114.58
1979-08-14,133.18
1979-08-15,121.821
1979-08-16,103.125
1979-08-17,112.984
1979-08-18,112.906
1979-08-19,99.644
1979-08-20,99.696
1979-08-21,100.5
1979-08-22,106.051
1979-08-23,99.264
1979-08-24,97.898
1979-08-25,92.053
1979-08-26,79.11
1979-08-27,70.714
1979-08-28,73.212
1979-08-29,97.48
1979-08-30,83.38
1979-08-31,77.209
1979-09-01,110.279
1979-09-02,101.952
1979-09-03,82.026
1979-09-04,83.581
1979-09-05,97.193
1979-09-06,113.413
1979-09-07,111.935
1979-09-08,133.861
1979-09-09,122.114
1979-09-10,129.076
1979-09-11,123.768
1979-09-12,139.077
1979-09-13,142.911
1979-09-14,115.906
1979-09-15,74.674
1979-09-16,63.637
1979-09-17,66.375
1979-09-18,69.642
1979-09-19,86.283
1979-09-20,84.233
1979-09-21,78.921
1979-09-22,80.657
1979-09-23,96.735
1979-09-24,119.069
1979-09-25,97.666
1979-09-26,87.888
1979-09-27,94.381
1979-09-28,102.104
1979-09-29,104.224
1979-09-30,129.648
1979-10-01,154.772
1979-10-02,119.997
1979-10-03,106.882
1979-10-04,136.395
1979-10-05,180.945
1979-10-06,241.204
1979-10-07,193.151
1979-10-08,159.86
1979-10-09,159.21
1979-10-10,171.011
1979-10-11,140.76
1979-10-12,105.947
1979-10-13,84.709
1979-10-14,62.786
1979-10-15,54.711
1979-10-16,63.048
1979-10-17,79.826
1979-10-18,110.18
1979-10-19,103.688
1979-10-20,100.922
1979-10-21,148.628
1979-10-22,124.214
1979-10-23,123.65
1979-10-24,108.942
1979-10-25,94.542
1979-10-26,174.528
1979-10-27,181.239
1979-10-28,161.008
1979-10-29,152.861
1979-10-30,150.855
1979-10-31,131.692
1979-11-01,136.721
1979-11-02,160.956
1979-11-03,170.716
1979-11-04,180.672
1979-11-05,156.0
1979-11-06,203.122
1979-11-07,176.45
1979-11-08,219.084
1979-11-09,224.743
1979-11-10,271.795
1979-11-11,258.915
1979-11-12,313.776
1979-11-13,212.468
1979-11-14,191.025
1979-11-15,193.922
1979-11-16,164.492
1979-11-17,162.013
1979-11-18,123.742
1979-11-19,107.532
1979-11-20,83.911
1979-11-21,71.269
1979-11-22,69.551
1979-11-23,76.41
1979-11-24,87.639
1979-11-25,96.264
1979-11-26,118.711
1979-11-27,102.214
1979-11-28,94.458
1979-11-29,106.775
1979-11-30,87.35
1979-12-01,63.386
1979-12-02,61.992
1979-12-03,66.396
1979-12-04,74.584
1979-12-05,84.885
1979-12-06,70.83
1979-12-07,62.238
1979-12-08,63.178
1979-12-09,62.085
1979-12-10,55.799
1979-12-11,58.218
1979-12-12,66.132
1979-12-13,72.849
1979-12-14,66.876
1979-12-15,59.962
1979-12-16,60.158
1979-12-17,62.443
1979-12-18,60.276
1979-12-19,66.159
1979-12-20,71.323
1979-12-21,77.054
1979-12-22,113.322
1979-12-23,117.799
1979-12-24,88.625
1979-12-25,89.901
1979-12-26,151.27
1979-12-27,126.167
1979-12-28,141.372
1979-12-29,114.248
1979-12-30,97.024
1979-12-31,129.752
1980-01-01,121.762
1980-01-02,101.653
1980-01-03,122.28
1980-01-04,97.002
1980-01-05,70.328
1980-01-06,57.632
1980-01-07,55.634
1980-01-08,47.009
1980-01-09,46.768
1980-01-10,47.649
1980-01-11,47.477
1980-01-12,46.113
1980-01-13,49.872
1980-01-14,51.146
1980-01-15,48.156
1980-01-16,44.835
1980-01-17,46.295
1980-01-18,46.306
1980-01-19,44.178
1980-01-20,42.168
1980-01-21,42.251
1980-01-22,42.381
1980-01-23,41.666
1980-01-24,40.848
1980-01-25,41.274
1980-01-26,58.241
1980-01-27,89.414
1980-01-28,63.57
1980-01-29,48.317
1980-01-30,38.306
1980-01-31,36.75
1980-02-01,42.42
1980-02-02,45.141
1980-02-03,48.497
1980-02-04,52.071
1980-02-05,49.889
1980-02-06,63.827
1980-02-07,59.267
1980-02-08,37.347
1980-02-09,36.143
1980-02-10,34.599
1980-02-11,33.578
1980-02-12,35.719
1980-02-13,36.92
1980-02-14,35.873
1980-02-15,33.544
1980-02-16,33.123
1980-02-17,32.568
1980-02-18,37.221
1980-02-19,37.525
1980-02-20,32.072
1980-02-21,31.018
1980-02-22,30.168
1980-02-23,28.482
1980-02-24,27.909
1980-02-25,27.561
1980-02-26,27.213
1980-02-27,27.066
1980-02-28,27.565
1980-02-29,28.32
1980-03-01,27.713
1980-03-02,28.327
1980-03-03,44.496
1980-03-04,41.177
1980-03-05,38.766
1980-03-06,32.479
1980-03-07,27.283
1980-03-08,25.877
1980-03-09,25.022
1980-03-10,29.013
1980-03-11,34.452
1980-03-12,57.588
1980-03-13,47.398
1980-03-14,38.2
1980-03-15,68.148
1980-03-16,54.905
1980-03-17,82.047
1980-03-18,65.655
1980-03-19,24.601
1980-03-20,20.63
1980-03-21,19.981
1980-03-22,19.597
1980-03-23,19.39
1980-03-24,19.564
1980-03-25,20.303
1980-03-26,21.643
1980-03-27,24.62
1980-03-28,44.518
1980-03-29,65.243
1980-03-30,62.775
1980-03-31,101.274
1980-04-01,159.603
1980-04-02,95.215
1980-04-03,140.245
1980-04-04,94.938
1980-04-05,91.039
1980-04-06,54.979
1980-04-07,25.134
1980-04-08,33.973
1980-04-09,55.093
1980-04-10,52.7
1980-04-11,67.708
1980-04-12,54.372
1980-04-13,34.265
1980-04-14,36.092
1980-04-15,109.867
1980-04-16,122.647
1980-04-17,89.837
1980-04-18,100.731
1980-04-19,121.263
1980-04-20,115.775
1980-04-21,92.449
1980-04-22,84.627
1980-04-23,92.163
1980-04-24,96.126
1980-04-25,81.74
1980-04-26,67.274
1980-04-27,43.944
1980-04-28,25.274
1980-04-29,31.1
1980-04-30,42.047
1980-05-01,37.91
1980-05-02,27.253
1980-05-03,43.037
1980-05-04,55.669
1980-05-05,83.572
1980-05-06,125.041
1980-05-07,142.242
1980-05-08,172.144
1980-05-09,130.705
1980-05-10,156.799
1980-05-11,158.365
1980-05-12,148.62
1980-05-13,138.605
1980-05-14,151.437
1980-05-15,253.26
1980-05-16,265.267
1980-05-17,237.708
1980-05-18,226.723
1980-05-19,177.201
1980-05-20,137.092
1980-05-21,103.099
1980-05-22,115.341
1980-05-23,109.596
1980-05-24,115.944
1980-05-25,153.825
1980-05-26,180.536
1980-05-27,163.65
1980-05-28,154.996
1980-05-29,127.254
1980-05-30,94.705
1980-05-31,80.943
1980-06-01,101.901
1980-06-02,85.766
1980-06-03,84.488
1980-06-04,107.924
1980-06-05,85.682
1980-06-06,70.393
1980-06-07,55.315
1980-06-08,52.402
1980-06-09,50.335
1980-06-10,57.339
1980-06-11,78.937
1980-06-12,114.29
1980-06-13,136.975
1980-06-14,138.776
1980-06-15,136.46
1980-06-16,141.232
1980-06-17,125.488
1980-06-18,85.959
1980-06-19,79.074
1980-06-20,75.231
1980-06-21,61.652
1980-06-22,61.942
1980-06-23,86.283
1980-06-24,93.75
1980-06-25,105.614
1980-06-26,98.775
1980-06-27,75.758
1980-06-28,83.672
1980-06-29,93.368
1980-06-30,123.16
1980-07-01,147.265
1980-07-02,107.555
1980-07-03,120.161
1980-07-04,122.451
1980-07-05,94.79
1980-07-06,100.7
1980-07-07,104.507
1980-07-08,79.133
1980-07-09,76.002
1980-07-10,92.697
1980-07-11,104.944
1980-07-12,81.392
1980-07-13,90.057
1980-07-14,118.686
1980-07-15,130.419
1980-07-16,131.168
1980-07-17,115.526
1980-07-18,123.063
1980-07-19,95.631
1980-07-20,53.679
1980-07-21,50.885
1980-07-22,53.827
1980-07-23,55.71
1980-07-24,59.346
1980-07-25,56.341
1980-07-26,60.006
1980-07-27,54.09
1980-07-28,47.022
1980-07-29,45.798
1980-07-30,49.172
1980-07-31,53.594
1980-08-01,62.499
1980-08-02,78.052
1980-08-03,70.1
1980-08-04,57.128
1980-08-05,61.588
1980-08-06,68.112
1980-08-07,69.895
1980-08-08,72.545
1980-08-09,67.617
1980-08-10,60.173
1980-08-11,61.191
1980-08-12,72.642
1980-08-13,67.112
1980-08-14,57.878
1980-08-15,55.998
1980-08-16,51.682
1980-08-17,54.838
1980-08-18,56.41
1980-08-19,61.73
1980-08-20,60.678
1980-08-21,67.585
1980-08-22,51.448
1980-08-23,50.75
1980-08-24,55.71
1980-08-25,53.634
1980-08-26,60.319
1980-08-27,109.82
1980-08-28,130.59
1980-08-29,88.146
1980-08-30,83.086
1980-08-31,73.141
1980-09-01,120.562
1980-09-02,89.952
1980-09-03,67.819
1980-09-04,93.146
1980-09-05,113.432
1980-09-06,86.09
1980-09-07,88.85
1980-09-08,108.118
1980-09-09,119.099
1980-09-10,70.01
1980-09-11,73.834
1980-09-12,67.005
1980-09-13,101.131
1980-09-14,101.726
1980-09-15,131.851
1980-09-16,150.184
1980-09-17,155.346
1980-09-18,95.115
1980-09-19,64.177
1980-09-20,88.524
1980-09-21,97.112
1980-09-22,118.871
1980-09-23,168.413
1980-09-24,172.935
1980-09-25,225.01
1980-09-26,212.476
1980-09-27,215.102
1980-09-28,164.379
1980-09-29,148.974
1980-09-30,176.076
1980-10-01,170.312
1980-10-02,135.993
1980-10-03,104.001
1980-10-04,72.463
1980-10-05,66.258
1980-10-06,120.13
1980-10-07,189.738
1980-10-08,164.694
1980-10-09,147.56
1980-10-10,133.352
1980-10-11,110.662
1980-10-12,118.986
1980-10-13,120.188
1980-10-14,102.501
1980-10-15,88.078
1980-10-16,104.197
1980-10-17,115.191
1980-10-18,159.694
1980-10-19,194.221
1980-10-20,209.043
1980-10-21,212.04
1980-10-22,182.972
1980-10-23,132.241
1980-10-24,134.896
1980-10-25,102.125
1980-10-26,105.291
1980-10-27,136.271
1980-10-28,153.918
1980-10-29,179.267
1980-10-30,126.2
1980-10-31,100.292
1980-11-01,118.028
1980-11-02,137.734
1980-11-03,162.667
1980-11-04,166.041
1980-11-05,166.235
1980-11-06,170.98
1980-11-07,215.095
1980-11-08,216.312
1980-11-09,249.249
1980-11-10,324.004
1980-11-11,281.704
1980-11-12,315.378
1980-11-13,247.947
1980-11-14,348.838
1980-11-15,407.441
1980-11-16,298.888
1980-11-17,261.396
1980-11-18,236.749
1980-11-19,242.177
1980-11-20,295.784
1980-11-21,295.929
1980-11-22,399.151
1980-11-23,356.944
1980-11-24,339.227
1980-11-25,303.361
1980-11-26,260.478
1980-11-27,210.644
1980-11-28,164.546
1980-11-29,159.779
1980-11-30,169.972
1980-12-01,165.258
1980-12-02,159.471
1980-12-03,136.574
1980-12-04,111.295
1980-12-05,106.083
1980-12-06,103.287
1980-12-07,100.671
1980-12-08,100.829
1980-12-09,117.129
1980-12-10,115.066
1980-12-11,113.214
1980-12-12,123.54
1980-12-13,147.959
1980-12-14,139.365
1980-12-15,105.994
1980-12-16,84.859
1980-12-17,81.529
1980-12-18,79.133
1980-12-19,76.302
1980-12-20,73.998
1980-12-21,72.195
1980-12-22,71.114
1980-12-23,70.043
1980-12-24,67.806
1980-12-25,66.842
1980-12-26,65.4
1980-12-27,63.143
1980-12-28,61.827
1980-12-29,61.027
1980-12-30,59.617
1980-12-31,57.792
1981-01-01,56.015
1981-01-02,54.172
1981-01-03,53.052
1981-01-04,54.051
1981-01-05,55.221
1981-01-06,55.198
1981-01-07,58.958
1981-01-08,65.913
1981-01-09,65.353
1981-01-10,55.171
1981-01-11,54.101
1981-01-12,55.525
1981-01-13,50.785
1981-01-14,43.272
1981-01-15,41.485
1981-01-16,40.727
1981-01-17,39.863
1981-01-18,39.257
1981-01-19,38.905
1981-01-20,38.657
1981-01-21,37.723
1981-01-22,36.09
1981-01-23,35.192
1981-01-24,36.778
1981-01-25,36.939
1981-01-26,36.106
1981-01-27,39.339
1981-01-28,41.087
1981-01-29,34.899
1981-01-30,31.615
1981-01-31,30.62
1981-02-01,29.505
1981-02-02,28.843
1981-02-03,28.606
1981-02-04,28.568
1981-02-05,27.703
1981-02-06,26.783
1981-02-07,26.279
1981-02-08,25.814
1981-02-09,25.192
1981-02-10,24.495
1981-02-11,24.23
1981-02-12,24.122
1981-02-13,25.382
1981-02-14,28.285
1981-02-15,26.251
1981-02-16,22.331
1981-02-17,22.394
1981-02-18,23.185
1981-02-19,27.42
1981-02-20,33.972
1981-02-21,43.877
1981-02-22,37.453
1981-02-23,29.862
1981-02-24,23.921
1981-02-25,19.545
1981-02-26,19.022
1981-02-27,18.697
1981-02-28,18.905
1981-03-01,18.593
1981-03-02,17.918
1981-03-03,17.427
1981-03-04,17.787
1981-03-05,18.331
1981-03-06,18.205
1981-03-07,18.651
1981-03-08,20.111
1981-03-09,31.904
1981-03-10,40.608
1981-03-11,33.544
1981-03-12,26.586
1981-03-13,21.104
1981-03-14,23.373
1981-03-15,34.94
1981-03-16,42.893
1981-03-17,59.379
1981-03-18,63.919
1981-03-19,89.134
1981-03-20,84.357
1981-03-21,91.105
1981-03-22,80.575
1981-03-23,78.063
1981-03-24,98.602
1981-03-25,140.355
1981-03-26,194.348
1981-03-27,180.945
1981-03-28,197.386
1981-03-29,204.722
1981-03-30,202.944
1981-03-31,153.835
1981-04-01,164.127
1981-04-02,134.315
1981-04-03,80.275
1981-04-04,104.705
1981-04-05,102.841
1981-04-06,90.42
1981-04-07,96.344
1981-04-08,118.465
1981-04-09,132.664
1981-04-10,94.474
1981-04-11,63.679
1981-04-12,39.468
1981-04-13,111.522
1981-04-14,217.028
1981-04-15,185.969
1981-04-16,176.698
1981-04-17,143.14
1981-04-18,103.033
1981-04-19,104.759
1981-04-20,118.46
1981-04-21,122.658
1981-04-22,149.148
1981-04-23,215.095
1981-04-24,321.111
1981-04-25,301.351
1981-04-26,230.718
1981-04-27,177.724
1981-04-28,172.63
1981-04-29,121.356
1981-04-30,85.06
1981-05-01,98.211
1981-05-02,133.575
1981-05-03,135.837
1981-05-04,156.715
1981-05-05,200.262
1981-05-06,234.837
1981-05-07,241.301
1981-05-08,269.616
1981-05-09,271.38
1981-05-10,270.109
1981-05-11,203.162
1981-05-12,168.126
1981-05-13,165.818
1981-05-14,226.293
1981-05-15,191.715
1981-05-16,156.4
1981-05-17,159.842
1981-05-18,187.178
1981-05-19,194.979
1981-05-20,136.791
1981-05-21,127.23
1981-05-22,127.727
1981-05-23,179.144
1981-05-24,161.854
1981-05-25,122.838
1981-05-26,104.0
1981-05-27,81.523
1981-05-28,74.318
1981-05-29,81.182
1981-05-30,74.655
1981-05-31,81.543
1981-06-01,76.88
1981-06-02,63.593
1981-06-03,76.12
1981-06-04,71.589
1981-06-05,69.684
1981-06-06,89.866
1981-06-07,120.528
1981-06-08,132.169
1981-06-09,101.168
1981-06-10,76.803
1981-06-11,86.957
1981-06-12,103.306
1981-06-13,105.708
1981-06-14,103.962
1981-06-15,73.373
1981-06-16,55.617
1981-06-17,53.261
1981-06-18,51.769
1981-06-19,50.728
1981-06-20,50.109
1981-06-21,49.51
1981-06-22,48.737
1981-06-23,49.013
1981-06-24,48.847
1981-06-25,47.139
1981-06-26,47.317
1981-06-27,49.725
1981-06-28,60.398
1981-06-29,72.784
1981-06-30,76.094
1981-07-01,87.684
1981-07-02,79.194
1981-07-03,66.453
1981-07-04,55.941
1981-07-05,47.572
1981-07-06,43.385
1981-07-07,44.082
1981-07-08,44.449
1981-07-09,41.95
1981-07-10,41.521
1981-07-11,44.154
1981-07-12,48.47
1981-07-13,52.012
1981-07-14,75.532
1981-07-15,111.625
1981-07-16,83.04
1981-07-17,60.152
1981-07-18,92.131
1981-07-19,151.172
1981-07-20,157.99
1981-07-21,101.254
1981-07-22,68.21
1981-07-23,73.313
1981-07-24,57.446
1981-07-25,55.788
1981-07-26,87.91
1981-07-27,234.739
1981-07-28,259.66
1981-07-29,83.555
1981-07-30,65.992
1981-07-31,71.824
1981-08-01,106.347
1981-08-02,125.04
1981-08-03,79.372
1981-08-04,50.635
1981-08-05,62.992
1981-08-06,77.589
1981-08-07,84.975
1981-08-08,84.671
1981-08-09,55.413
1981-08-10,68.167
1981-08-11,79.31
1981-08-12,93.898
1981-08-13,129.117
1981-08-14,139.987
1981-08-15,120.6
1981-08-16,154.848
1981-08-17,212.781
1981-08-18,226.041
1981-08-19,164.282
1981-08-20,170.674
1981-08-21,205.948
1981-08-22,176.656
1981-08-23,178.187
1981-08-24,141.475
1981-08-25,138.812
1981-08-26,117.128
1981-08-27,163.408
1981-08-28,187.933
1981-08-29,171.898
1981-08-30,178.523
1981-08-31,167.336
1981-09-01,138.239
1981-09-02,137.998
1981-09-03,159.114
1981-09-04,194.996
1981-09-05,142.178
1981-09-06,127.733
1981-09-07,161.271
1981-09-08,189.628
1981-09-09,171.785
1981-09-10,160.485
1981-09-11,149.742
1981-09-12,122.027
1981-09-13,149.423
1981-09-14,185.856
1981-09-15,190.713
1981-09-16,180.121
1981-09-17,154.195
1981-09-18,118.56
1981-09-19,146.473
1981-09-20,147.204
1981-09-21,193.428
1981-09-22,159.295
1981-09-23,158.415
1981-09-24,234.667
1981-09-25,188.073
1981-09-26,194.062
1981-09-27,209.666
1981-09-28,166.581
1981-09-29,179.125
1981-09-30,228.185
1981-10-01,288.58
1981-10-02,332.46
1981-10-03,377.13
1981-10-04,416.905
1981-10-05,367.182
1981-10-06,295.892
1981-10-07,251.432
1981-10-08,188.146
1981-10-09,133.192
1981-10-10,133.175
1981-10-11,145.873
1981-10-12,180.948
1981-10-13,143.272
1981-10-14,141.742
1981-10-15,121.363
1981-10-16,123.007
1981-10-17,126.687
1981-10-18,116.365
1981-10-19,113.918
1981-10-20,152.54
1981-10-21,225.301
1981-10-22,226.154
1981-10-23,202.83
1981-10-24,255.157
1981-10-25,225.719
1981-10-26,237.903
1981-10-27,291.358
1981-10-28,331.314
1981-10-29,306.208
1981-10-30,244.998
1981-10-31,187.044
1981-11-01,185.335
1981-11-02,185.38
1981-11-03,219.948
1981-11-04,310.787
1981-11-05,388.237
1981-11-06,337.745
1981-11-07,277.385
1981-11-08,239.7
1981-11-09,264.586
1981-11-10,312.518
1981-11-11,382.864
1981-11-12,345.872
1981-11-13,244.225
1981-11-14,183.477
1981-11-15,190.736
1981-11-16,171.018
1981-11-17,149.882
1981-11-18,146.408
1981-11-19,140.537
1981-11-20,147.627
1981-11-21,162.971
1981-11-22,173.292
1981-11-23,229.127
1981-11-24,336.738
1981-11-25,385.122
1981-11-26,323.777
1981-11-27,255.446
1981-11-28,206.663
1981-11-29,195.186
1981-11-30,158.75
1981-12-01,120.899
1981-12-02,115.836
1981-12-03,112.625
1981-12-04,110.379
1981-12-05,107.75
1981-12-06,105.178
1981-12-07,106.192
1981-12-08,113.365
1981-12-09,123.156
1981-12-10,151.435
1981-12-11,155.29
1981-12-12,127.134
1981-12-13,99.192
1981-12-14,94.789
1981-12-15,89.641
1981-12-16,93.256
1981-12-17,93.695
1981-12-18,88.386
1981-12-19,105.392
1981-12-20,113.02
1981-12-21,120.544
1981-12-22,171.175
1981-12-23,163.975
1981-12-24,147.86
1981-12-25,137.174
1981-12-26,130.186
1981-12-27,104.218
1981-12-28,74.31
1981-12-29,70.905
1981-12-30,73.643
1981-12-31,75.75
1982-01-01,74.002
1982-01-02,79.907
1982-01-03,104.112
1982-01-04,83.159
1982-01-05,84.933
1982-01-06,74.809
1982-01-07,109.967
1982-01-08,137.592
1982-01-09,130.956
1982-01-10,123.712
1982-01-11,82.536
1982-01-12,57.113
1982-01-13,56.925
1982-01-14,68.305
1982-01-15,76.282
1982-01-16,77.0
1982-01-17,85.147
1982-01-18,74.795
1982-01-19,86.85
1982-01-20,72.497
1982-01-21,61.09
1982-01-22,60.915
1982-01-23,62.877
1982-01-24,58.212
1982-01-25,48.839
1982-01-26,47.135
1982-01-27,46.426
1982-01-28,46.245
1982-01-29,45.635
1982-01-30,45.144
1982-01-31,47.182
1982-02-01,50.881
1982-02-02,67.635
1982-02-03,93.582
1982-02-04,97.389
1982-02-05,119.866
1982-02-06,141.247
1982-02-07,92.19
1982-02-08,46.973
1982-02-09,49.7
1982-02-10,50.652
1982-02-11,39.069
1982-02-12,37.198
1982-02-13,36.625
1982-02-14,36.112
1982-02-15,35.64
1982-02-16,35.244
1982-02-17,35.775
1982-02-18,37.452
1982-02-19,35.611
1982-02-20,34.842
1982-02-21,34.182
1982-02-22,35.048
1982-02-23,36.105
1982-02-24,32.265
1982-02-25,31.7
1982-02-26,32.109
1982-02-27,31.432
1982-02-28,31.486
1982-03-01,32.791
1982-03-02,38.732
1982-03-03,39.28
1982-03-04,40.071
1982-03-05,36.585
1982-03-06,43.604
1982-03-07,62.897
1982-03-08,48.318
1982-03-09,69.14
1982-03-10,67.173
1982-03-11,60.526
1982-03-12,60.455
1982-03-13,49.961
1982-03-14,32.988
1982-03-15,28.163
1982-03-16,25.541
1982-03-17,25.632
1982-03-18,25.608
1982-03-19,31.228
1982-03-20,29.305
1982-03-21,25.759
1982-03-22,26.628
1982-03-23,36.975
1982-03-24,39.36
1982-03-25,37.111
1982-03-26,28.869
1982-03-27,21.894
1982-03-28,21.268
1982-03-29,21.772
1982-03-30,31.195
1982-03-31,33.049
1982-04-01,66.828
1982-04-02,91.965
1982-04-03,112.865
1982-04-04,99.038
1982-04-05,69.833
1982-04-06,76.756
1982-04-07,87.487
1982-04-08,58.924
1982-04-09,41.573
1982-04-10,65.799
1982-04-11,79.026
1982-04-12,107.144
1982-04-13,91.225
1982-04-14,71.13
1982-04-15,127.878
1982-04-16,123.908
1982-04-17,111.522
1982-04-18,146.074
1982-04-19,179.592
1982-04-20,194.445
1982-04-21,184.018
1982-04-22,160.703
1982-04-23,126.261
1982-04-24,70.92
1982-04-25,77.129
1982-04-26,135.148
1982-04-27,223.153
1982-04-28,244.782
1982-04-29,239.125
1982-04-30,141.689
1982-05-01,116.898
1982-05-02,106.012
1982-05-03,145.903
1982-05-04,91.03
1982-05-05,46.88
1982-05-06,74.093
1982-05-07,126.766
1982-05-08,164.65
1982-05-09,168.481
1982-05-10,185.413
1982-05-11,220.136
1982-05-12,241.595
1982-05-13,292.641
1982-05-14,342.876
1982-05-15,309.208
1982-05-16,238.824
1982-05-17,196.019
1982-05-18,130.046
1982-05-19,137.388
1982-05-20,148.123
1982-05-21,186.333
1982-05-22,162.563
1982-05-23,97.811
1982-05-24,94.011
1982-05-25,104.056
1982-05-26,101.589
1982-05-27,107.04
1982-05-28,119.355
1982-05-29,130.668
1982-05-30,192.598
1982-05-31,237.854
1982-06-01,247.659
1982-06-02,307.657
1982-06-03,229.13
1982-06-04,138.102
1982-06-05,108.084
1982-06-06,95.038
1982-06-07,125.513
1982-06-08,147.217
1982-06-09,118.988
1982-06-10,81.869
1982-06-11,73.357
1982-06-12,77.622
1982-06-13,95.914
1982-06-14,101.459
1982-06-15,117.152
1982-06-16,140.382
1982-06-17,125.622
1982-06-18,99.28
1982-06-19,99.572
1982-06-20,93.36
1982-06-21,76.43
1982-06-22,77.362
1982-06-23,77.272
1982-06-24,91.743
1982-06-25,85.685
1982-06-26,94.496
1982-06-27,122.79
1982-06-28,126.591
1982-06-29,111.005
1982-06-30,80.101
1982-07-01,62.272
1982-07-02,61.777
1982-07-03,68.756
1982-07-04,70.657
1982-07-05,62.502
1982-07-06,57.025
1982-07-07,62.418
1982-07-08,70.624
1982-07-09,86.836
1982-07-10,95.538
1982-07-11,103.781
1982-07-12,106.132
1982-07-13,88.743
1982-07-14,74.865
1982-07-15,67.138
1982-07-16,68.173
1982-07-17,75.635
1982-07-18,80.828
1982-07-19,75.939
1982-07-20,74.935
1982-07-21,71.868
1982-07-22,71.813
1982-07-23,69.722
1982-07-24,65.497
1982-07-25,57.933
1982-07-26,80.709
1982-07-27,97.816
1982-07-28,85.598
1982-07-29,79.897
1982-07-30,88.361
1982-07-31,62.487
1982-08-01,62.513
1982-08-02,60.548
1982-08-03,76.505
1982-08-04,79.174
1982-08-05,76.403
1982-08-06,77.547
1982-08-07,84.387
1982-08-08,105.473
1982-08-09,98.332
1982-08-10,106.841
1982-08-11,88.304
1982-08-12,59.303
1982-08-13,80.108
1982-08-14,112.255
1982-08-15,101.123
1982-08-16,90.082
1982-08-17,89.357
1982-08-18,94.144
1982-08-19,99.612
1982-08-20,86.099
1982-08-21,76.906
1982-08-22,62.22
1982-08-23,82.037
1982-08-24,96.47
1982-08-25,105.855
1982-08-26,77.619
1982-08-27,103.76
1982-08-28,102.241
1982-08-29,88.192
1982-08-30,59.841
1982-08-31,59.524
1982-09-01,80.044
1982-09-02,72.584
1982-09-03,51.372
1982-09-04,51.923
1982-09-05,63.575
1982-09-06,67.736
1982-09-07,56.075
1982-09-08,52.516
1982-09-09,59.126
1982-09-10,59.864
1982-09-11,46.911
1982-09-12,54.726
1982-09-13,66.803
1982-09-14,92.783
1982-09-15,118.072
1982-09-16,129.722
1982-09-17,158.639
1982-09-18,168.156
1982-09-19,179.535
1982-09-20,127.892
1982-09-21,128.248
1982-09-22,131.604
1982-09-23,200.698
1982-09-24,125.755
1982-09-25,134.639
1982-09-26,126.751
1982-09-27,201.482
1982-09-28,252.266
1982-09-29,213.019
1982-09-30,125.255
1982-10-01,120.245
1982-10-02,184.272
1982-10-03,229.246
1982-10-04,160.856
1982-10-05,155.95
1982-10-06,114.102
1982-10-07,82.291
1982-10-08,82.808
1982-10-09,105.676
1982-10-10,97.365
1982-10-11,145.479
1982-10-12,164.481
1982-10-13,108.08
1982-10-14,109.832
1982-10-15,141.128
1982-10-16,203.107
1982-10-17,171.596
1982-10-18,173.337
1982-10-19,163.605
1982-10-20,217.727
1982-10-21,277.455
1982-10-22,231.21
1982-10-23,292.026
1982-10-24,354.474
1982-10-25,309.396
1982-10-26,308.663
1982-10-27,257.619
1982-10-28,225.559
1982-10-29,177.031
1982-10-30,144.079
1982-10-31,211.216
1982-11-01,249.031
1982-11-02,306.841
1982-11-03,428.191
1982-11-04,401.755
1982-11-05,317.593
1982-11-06,259.281
1982-11-07,249.353
1982-11-08,239.25
1982-11-09,220.05
1982-11-10,203.167
1982-11-11,214.41
1982-11-12,168.592
1982-11-13,211.836
1982-11-14,191.05
1982-11-15,142.245
1982-11-16,140.89
1982-11-17,181.529
1982-11-18,152.123
1982-11-19,132.719
1982-11-20,145.632
1982-11-21,156.144
1982-11-22,147.06
1982-11-23,144.178
1982-11-24,250.396
1982-11-25,378.517
1982-11-26,313.76
1982-11-27,262.405
1982-11-28,278.98
1982-11-29,211.425
1982-11-30,179.704
1982-12-01,142.776
1982-12-02,151.205
1982-12-03,219.505
1982-12-04,271.104
1982-12-05,247.112
1982-12-06,197.671
1982-12-07,189.412
1982-12-08,169.119
1982-12-09,174.867
1982-12-10,172.032
1982-12-11,152.597
1982-12-12,145.809
1982-12-13,133.896
1982-12-14,142.132
1982-12-15,159.323
1982-12-16,172.734
1982-12-17,165.499
1982-12-18,150.451
1982-12-19,135.095
1982-12-20,116.647
1982-12-21,112.745
1982-12-22,102.218
1982-12-23,98.313
1982-12-24,96.035
1982-12-25,96.809
1982-12-26,92.583
1982-12-27,88.642
1982-12-28,85.818
1982-12-29,83.281
1982-12-30,80.948
1982-12-31,78.589
1983-01-01,76.378
1983-01-02,74.252
1983-01-03,71.992
1983-01-04,69.784
1983-01-05,67.898
1983-01-06,66.117
1983-01-07,64.678
1983-01-08,64.305
1983-01-09,64.832
1983-01-10,66.662
1983-01-11,70.738
1983-01-12,69.435
1983-01-13,62.115
1983-01-14,54.935
1983-01-15,53.293
1983-01-16,52.048
1983-01-17,50.817
1983-01-18,49.943
1983-01-19,50.076
1983-01-20,49.336
1983-01-21,46.675
1983-01-22,45.423
1983-01-23,44.0
1983-01-24,42.901
1983-01-25,42.027
1983-01-26,41.485
1983-01-27,40.896
1983-01-28,40.412
1983-01-29,39.136
1983-01-30,38.011
1983-01-31,37.106
1983-02-01,36.514
1983-02-02,36.267
1983-02-03,35.855
1983-02-04,35.074
1983-02-05,35.334
1983-02-06,34.87
1983-02-07,33.846
1983-02-08,33.255
1983-02-09,32.452
1983-02-10,31.72
1983-02-11,30.734
1983-02-12,29.85
1983-02-13,29.406
1983-02-14,28.855
1983-02-15,28.577
1983-02-16,28.131
1983-02-17,27.376
1983-02-18,28.264
1983-02-19,28.728
1983-02-20,28.891
1983-02-21,31.238
1983-02-22,37.523
1983-02-23,33.1
1983-02-24,30.734
1983-02-25,28.041
1983-02-26,24.253
1983-02-27,23.229
1983-02-28,22.776
1983-03-01,22.237
1983-03-02,22.049
1983-03-03,22.23
1983-03-04,21.982
1983-03-05,24.022
1983-03-06,22.735
1983-03-07,21.025
1983-03-08,20.392
1983-03-09,20.635
1983-03-10,20.433
1983-03-11,21.713
1983-03-12,21.802
1983-03-13,20.745
1983-03-14,20.446
1983-03-15,22.14
1983-03-16,23.828
1983-03-17,27.835
1983-03-18,57.259
1983-03-19,128.992
1983-03-20,110.181
1983-03-21,68.33
1983-03-22,31.884
1983-03-23,18.806
1983-03-24,16.7
1983-03-25,16.585
1983-03-26,17.422
1983-03-27,18.06
1983-03-28,27.994
1983-03-29,22.59
1983-03-30,17.013
1983-03-31,17.605
1983-04-01,39.44
1983-04-02,29.803
1983-04-03,29.399
1983-04-04,55.385
1983-04-05,54.856
1983-04-06,59.428
1983-04-07,68.494
1983-04-08,75.195
1983-04-09,61.829
1983-04-10,54.094
1983-04-11,41.618
1983-04-12,33.006
1983-04-13,23.393
1983-04-14,42.108
1983-04-15,84.133
1983-04-16,76.692
1983-04-17,68.995
1983-04-18,59.258
1983-04-19,59.612
1983-04-20,38.961
1983-04-21,21.664
1983-04-22,19.204
1983-04-23,16.585
1983-04-24,56.345
1983-04-25,109.078
1983-04-26,136.999
1983-04-27,118.599
1983-04-28,85.304
1983-04-29,75.614
1983-04-30,62.497
1983-05-01,68.376
1983-05-02,93.258
1983-05-03,62.478
1983-05-04,45.046
1983-05-05,48.823
1983-05-06,51.128
1983-05-07,63.488
1983-05-08,95.444
1983-05-09,173.571
1983-05-10,134.374
1983-05-11,122.03
1983-05-12,121.425
1983-05-13,131.336
1983-05-14,132.637
1983-05-15,112.068
1983-05-16,81.02
1983-05-17,50.436
1983-05-18,34.759
1983-05-19,25.57
1983-05-20,49.08
1983-05-21,73.318
1983-05-22,59.838
1983-05-23,55.72
1983-05-24,125.931
1983-05-25,120.565
1983-05-26,136.785
1983-05-27,100.352
1983-05-28,45.612
1983-05-29,57.01
1983-05-30,57.285
1983-05-31,49.757
1983-06-01,44.168
1983-06-02,59.221
1983-06-03,59.3
1983-06-04,50.806
1983-06-05,45.888
1983-06-06,51.068
1983-06-07,49.374
1983-06-08,56.217
1983-06-09,54.12
1983-06-10,56.37
1983-06-11,45.39
1983-06-12,27.331
1983-06-13,26.886
1983-06-14,38.532
1983-06-15,35.401
1983-06-16,33.048
1983-06-17,31.295
1983-06-18,51.007
1983-06-19,65.919
1983-06-20,68.939
1983-06-21,64.047
1983-06-22,68.21
1983-06-23,78.938
1983-06-24,112.215
1983-06-25,114.354
1983-06-26,126.38
1983-06-27,131.396
1983-06-28,127.357
1983-06-29,102.283
1983-06-30,105.507
1983-07-01,84.843
1983-07-02,138.327
1983-07-03,188.943
1983-07-04,140.495
1983-07-05,144.732
1983-07-06,104.961
1983-07-07,51.607
1983-07-08,38.073
1983-07-09,33.481
1983-07-10,32.642
1983-07-11,32.305
1983-07-12,33.345
1983-07-13,34.742
1983-07-14,32.883
1983-07-15,33.338
1983-07-16,33.171
1983-07-17,50.272
1983-07-18,80.578
1983-07-19,102.987
1983-07-20,116.312
1983-07-21,90.578
1983-07-22,80.955
1983-07-23,84.756
1983-07-24,59.338
1983-07-25,44.13
1983-07-26,39.992
1983-07-27,74.679
1983-07-28,115.058
1983-07-29,90.228
1983-07-30,81.755
1983-07-31,133.963
1983-08-01,130.15
1983-08-02,141.74
1983-08-03,134.588
1983-08-04,107.293
1983-08-05,87.902
1983-08-06,64.24
1983-08-07,50.03
1983-08-08,54.151
1983-08-09,52.039
1983-08-10,47.41
1983-08-11,87.778
1983-08-12,143.96
1983-08-13,192.987
1983-08-14,136.896
1983-08-15,159.477
1983-08-16,232.459
1983-08-17,156.364
1983-08-18,144.597
1983-08-19,154.388
1983-08-20,85.089
1983-08-21,108.145
1983-08-22,127.408
1983-08-23,121.528
1983-08-24,194.778
1983-08-25,319.615
1983-08-26,262.73
1983-08-27,241.238
1983-08-28,239.497
1983-08-29,238.047
1983-08-30,158.868
1983-08-31,139.297
1983-09-01,103.01
1983-09-02,88.636
1983-09-03,88.736
1983-09-04,94.554
1983-09-05,167.238
1983-09-06,172.802
1983-09-07,143.745
1983-09-08,161.994
1983-09-09,146.942
1983-09-10,183.15
1983-09-11,162.203
1983-09-12,136.745
1983-09-13,117.495
1983-09-14,89.97
1983-09-15,116.727
1983-09-16,145.844
1983-09-17,171.15
1983-09-18,175.265
1983-09-19,175.743
1983-09-20,152.342
1983-09-21,164.456
1983-09-22,213.448
1983-09-23,224.51
1983-09-24,235.028
1983-09-25,165.206
1983-09-26,113.609
1983-09-27,161.64
1983-09-28,286.742
1983-09-29,245.41
1983-09-30,299.612
1983-10-01,297.058
1983-10-02,235.938
1983-10-03,304.255
1983-10-04,274.655
1983-10-05,313.523
1983-10-06,325.902
1983-10-07,310.663
1983-10-08,288.109
1983-10-09,281.116
1983-10-10,346.219
1983-10-11,289.849
1983-10-12,308.598
1983-10-13,301.513
1983-10-14,259.51
1983-10-15,417.711
1983-10-16,490.537
1983-10-17,373.765
1983-10-18,296.628
1983-10-19,308.99
1983-10-20,342.118
1983-10-21,349.812
1983-10-22,410.263
1983-10-23,446.224
1983-10-24,453.318
1983-10-25,439.29
1983-10-26,349.841
1983-10-27,349.171
1983-10-28,331.285
1983-10-29,434.16
1983-10-30,484.283
1983-10-31,447.117
1983-11-01,366.524
1983-11-02,342.325
1983-11-03,284.751
1983-11-04,242.517
1983-11-05,264.388
1983-11-06,338.261
1983-11-07,532.392
1983-11-08,608.004
1983-11-09,445.078
1983-11-10,388.628
1983-11-11,334.002
1983-11-12,274.997
1983-11-13,248.888
1983-11-14,230.42
1983-11-15,276.415
1983-11-16,284.408
1983-11-17,318.995
1983-11-18,313.442
1983-11-19,330.006
1983-11-20,337.042
1983-11-21,329.079
1983-11-22,294.672
1983-11-23,277.01
1983-11-24,255.209
1983-11-25,248.434
1983-11-26,228.891
1983-11-27,207.68
1983-11-28,207.481
1983-11-29,250.607
1983-11-30,294.752
1983-12-01,297.683
1983-12-02,275.807
1983-12-03,253.415
1983-12-04,227.003
1983-12-05,198.972
1983-12-06,174.855
1983-12-07,176.595
1983-12-08,176.576
1983-12-09,175.695
1983-12-10,185.638
1983-12-11,188.827
1983-12-12,176.45
1983-12-13,173.78
1983-12-14,174.525
1983-12-15,167.362
1983-12-16,153.188
1983-12-17,155.084
1983-12-18,184.161
1983-12-19,178.047
1983-12-20,153.098
1983-12-21,152.737
1983-12-22,144.163
1983-12-23,147.39
1983-12-24,143.806
1983-12-25,132.768
1983-12-26,117.555
1983-12-27,113.48
1983-12-28,111.76
1983-12-29,108.859
1983-12-30,106.059
1983-12-31,103.71
1984-01-01,101.337
1984-01-02,98.872
1984-01-03,96.328
1984-01-04,94.396
1984-01-05,92.08
1984-01-06,91.848
1984-01-07,90.194
1984-01-08,86.878
1984-01-09,83.073
1984-01-10,80.915
1984-01-11,79.622
1984-01-12,83.392
1984-01-13,83.505
1984-01-14,80.14
1984-01-15,81.013
1984-01-16,86.645
1984-01-17,79.151
1984-01-18,71.875
1984-01-19,70.728
1984-01-20,69.134
1984-01-21,64.906
1984-01-22,63.044
1984-01-23,60.632
1984-01-24,59.141
1984-01-25,57.805
1984-01-26,56.408
1984-01-27,55.131
1984-01-28,53.926
1984-01-29,52.749
1984-01-30,51.97
1984-01-31,50.903
1984-02-01,49.755
1984-02-02,49.337
1984-02-03,48.894
1984-02-04,61.085
1984-02-05,75.157
1984-02-06,75.211
1984-02-07,59.25
1984-02-08,53.032
1984-02-09,51.449
1984-02-10,46.102
1984-02-11,49.46
1984-02-12,49.759
1984-02-13,45.741
1984-02-14,43.667
1984-02-15,41.173
1984-02-16,38.981
1984-02-17,38.809
1984-02-18,41.448
1984-02-19,38.811
1984-02-20,36.256
1984-02-21,35.385
1984-02-22,34.746
1984-02-23,34.114
1984-02-24,33.2
1984-02-25,32.77
1984-02-26,32.65
1984-02-27,33.085
1984-02-28,33.908
1984-02-29,33.872
1984-03-01,36.338
1984-03-02,41.854
1984-03-03,47.706
1984-03-04,70.011
1984-03-05,64.924
1984-03-06,51.786
1984-03-07,43.351
1984-03-08,40.505
1984-03-09,36.522
1984-03-10,29.018
1984-03-11,28.54
1984-03-12,28.402
1984-03-13,30.234
1984-03-14,28.668
1984-03-15,32.75
1984-03-16,64.197
1984-03-17,92.686
1984-03-18,110.589
1984-03-19,123.733
1984-03-20,62.695
1984-03-21,34.336
1984-03-22,25.218
1984-03-23,23.967
1984-03-24,23.263
1984-03-25,22.599
1984-03-26,22.622
1984-03-27,23.414
1984-03-28,28.617
1984-03-29,58.709
1984-03-30,49.345
1984-03-31,48.683
1984-04-01,73.147
1984-04-02,47.486
1984-04-03,76.301
1984-04-04,99.13
1984-04-05,92.826
1984-04-06,122.358
1984-04-07,137.6
1984-04-08,214.858
1984-04-09,188.3
1984-04-10,128.547
1984-04-11,133.229
1984-04-12,113.354
1984-04-13,152.042
1984-04-14,218.642
1984-04-15,159.954
1984-04-16,185.602
1984-04-17,110.187
1984-04-18,71.427
1984-04-19,84.182
1984-04-20,118.523
1984-04-21,123.357
1984-04-22,124.717
1984-04-23,68.625
1984-04-24,74.715
1984-04-25,137.084
1984-04-26,226.42
1984-04-27,262.946
1984-04-28,237.074
1984-04-29,180.193
1984-04-30,202.004
1984-05-01,164.353
1984-05-02,96.97
1984-05-03,86.319
1984-05-04,83.844
1984-05-05,71.827
1984-05-06,77.34
1984-05-07,70.932
1984-05-08,58.218
1984-05-09,54.669
1984-05-10,59.008
1984-05-11,87.672
1984-05-12,93.126
1984-05-13,96.603
1984-05-14,97.136
1984-05-15,113.38
1984-05-16,104.608
1984-05-17,75.929
1984-05-18,86.016
1984-05-19,87.052
1984-05-20,63.833
1984-05-21,68.708
1984-05-22,85.148
1984-05-23,91.46
1984-05-24,70.28
1984-05-25,63.174
1984-05-26,56.622
1984-05-27,72.82
1984-05-28,75.895
1984-05-29,63.151
1984-05-30,63.797
1984-05-31,58.148
1984-06-01,58.192
1984-06-02,61.476
1984-06-03,93.131
1984-06-04,93.491
1984-06-05,72.554
1984-06-06,64.686
1984-06-07,57.812
1984-06-08,50.696
1984-06-09,53.795
1984-06-10,63.915
1984-06-11,55.568
1984-06-12,41.885
1984-06-13,40.339
1984-06-14,40.755
1984-06-15,42.765
1984-06-16,46.966
1984-06-17,49.222
1984-06-18,56.35
1984-06-19,57.301
1984-06-20,84.899
1984-06-21,98.87
1984-06-22,78.096
1984-06-23,64.811
1984-06-24,80.036
1984-06-25,97.448
1984-06-26,115.828
1984-06-27,109.527
1984-06-28,77.822
1984-06-29,60.191
1984-06-30,49.211
1984-07-01,48.12
1984-07-02,87.659
1984-07-03,100.638
1984-07-04,82.922
1984-07-05,76.476
1984-07-06,97.928
1984-07-07,100.664
1984-07-08,71.91
1984-07-09,64.069
1984-07-10,54.137
1984-07-11,78.881
1984-07-12,94.311
1984-07-13,74.764
1984-07-14,74.101
1984-07-15,88.928
1984-07-16,85.936
1984-07-17,77.941
1984-07-18,110.938
1984-07-19,129.112
1984-07-20,119.896
1984-07-21,130.52
1984-07-22,190.541
1984-07-23,249.916
1984-07-24,198.613
1984-07-25,232.492
1984-07-26,156.749
1984-07-27,118.596
1984-07-28,120.878
1984-07-29,101.232
1984-07-30,84.415
1984-07-31,91.458
1984-08-01,102.453
1984-08-02,113.638
1984-08-03,104.222
1984-08-04,101.47
1984-08-05,93.974
1984-08-06,87.901
1984-08-07,109.485
1984-08-08,146.948
1984-08-09,190.502
1984-08-10,167.643
1984-08-11,97.289
1984-08-12,91.669
1984-08-13,86.947
1984-08-14,81.716
1984-08-15,83.414
1984-08-16,88.967
1984-08-17,133.643
1984-08-18,125.535
1984-08-19,137.513
1984-08-20,138.138
1984-08-21,203.642
1984-08-22,202.752
1984-08-23,137.197
1984-08-24,135.09
1984-08-25,131.67
1984-08-26,143.162
1984-08-27,101.264
1984-08-28,85.305
1984-08-29,134.21
1984-08-30,200.35
1984-08-31,169.45
1984-09-01,164.152
1984-09-02,257.018
1984-09-03,194.69
1984-09-04,230.899
1984-09-05,309.139
1984-09-06,225.358
1984-09-07,163.562
1984-09-08,167.836
1984-09-09,168.63
1984-09-10,143.597
1984-09-11,135.729
1984-09-12,128.179
1984-09-13,106.001
1984-09-14,107.473
1984-09-15,120.491
1984-09-16,151.957
1984-09-17,136.615
1984-09-18,212.398
1984-09-19,173.192
1984-09-20,146.316
1984-09-21,120.458
1984-09-22,93.881
1984-09-23,109.218
1984-09-24,105.397
1984-09-25,94.182
1984-09-26,134.711
1984-09-27,164.293
1984-09-28,168.38
1984-09-29,167.179
1984-09-30,138.646
1984-10-01,163.706
1984-10-02,160.828
1984-10-03,207.048
1984-10-04,182.26
1984-10-05,194.067
1984-10-06,237.646
1984-10-07,231.415
1984-10-08,211.187
1984-10-09,202.559
1984-10-10,183.515
1984-10-11,237.758
1984-10-12,230.355
1984-10-13,283.859
1984-10-14,305.038
1984-10-15,240.986
1984-10-16,260.262
1984-10-17,302.999
1984-10-18,255.746
1984-10-19,161.025
1984-10-20,141.8
1984-10-21,145.351
1984-10-22,148.227
1984-10-23,145.73
1984-10-24,172.23
1984-10-25,214.342
1984-10-26,245.265
1984-10-27,266.545
1984-10-28,301.599
1984-10-29,284.517
1984-10-30,255.478
1984-10-31,209.115
1984-11-01,144.633
1984-11-02,126.033
1984-11-03,216.057
1984-11-04,299.433
1984-11-05,224.429
1984-11-06,203.433
1984-11-07,170.588
1984-11-08,198.007
1984-11-09,212.206
1984-11-10,245.688
1984-11-11,208.363
1984-11-12,241.014
1984-11-13,237.96
1984-11-14,230.598
1984-11-15,374.01
1984-11-16,441.883
1984-11-17,412.296
1984-11-18,385.047
1984-11-19,389.412
1984-11-20,331.357
1984-11-21,322.497
1984-11-22,302.811
1984-11-23,282.9
1984-11-24,285.656
1984-11-25,276.128
1984-11-26,259.315
1984-11-27,241.529
1984-11-28,282.355
1984-11-29,380.659
1984-11-30,356.595
1984-12-01,313.801
1984-12-02,284.451
1984-12-03,260.794
1984-12-04,246.532
1984-12-05,273.355
1984-12-06,256.745
1984-12-07,261.161
1984-12-08,198.433
1984-12-09,198.512
1984-12-10,203.002
1984-12-11,193.93
1984-12-12,171.53
1984-12-13,185.66
1984-12-14,210.572
1984-12-15,195.462
1984-12-16,211.784
1984-12-17,208.552
1984-12-18,147.255
1984-12-19,137.162
1984-12-20,137.741
1984-12-21,143.782
1984-12-22,133.589
1984-12-23,123.084
1984-12-24,120.466
1984-12-25,119.283
1984-12-26,117.842
1984-12-27,115.206
1984-12-28,112.372
1984-12-29,109.943
1984-12-30,118.616
1984-12-31,127.96
1985-01-01,128.595
1985-01-02,123.949
1985-01-03,110.152
1985-01-04,98.463
1985-01-05,95.75
1985-01-06,93.769
1985-01-07,91.897
1985-01-08,89.658
1985-01-09,87.773
1985-01-10,86.653
1985-01-11,86.362
1985-01-12,84.564
1985-01-13,81.459
1985-01-14,79.052
1985-01-15,77.912
1985-01-16,75.974
1985-01-17,73.564
1985-01-18,71.491
1985-01-19,70.172
1985-01-20,69.164
1985-01-21,67.29
1985-01-22,66.308
1985-01-23,64.496
1985-01-24,62.759
1985-01-25,62.71
1985-01-26,69.653
1985-01-27,85.99
1985-01-28,74.813
1985-01-29,84.562
1985-01-30,116.172
1985-01-31,162.93
1985-02-01,139.865
1985-02-02,123.112
1985-02-03,104.22
1985-02-04,119.058
1985-02-05,112.907
1985-02-06,149.995
1985-02-07,176.528
1985-02-08,148.311
1985-02-09,113.347
1985-02-10,97.442
1985-02-11,92.144
1985-02-12,138.599
1985-02-13,159.568
1985-02-14,100.691
1985-02-15,59.033
1985-02-16,53.505
1985-02-17,52.948
1985-02-18,52.572
1985-02-19,52.119
1985-02-20,55.152
1985-02-21,55.262
1985-02-22,50.377
1985-02-23,49.077
1985-02-24,48.262
1985-02-25,47.923
1985-02-26,48.821
1985-02-27,55.26
1985-02-28,56.691
1985-03-01,51.596
1985-03-02,64.944
1985-03-03,86.138
1985-03-04,78.471
1985-03-05,101.079
1985-03-06,87.058
1985-03-07,98.046
1985-03-08,97.445
1985-03-09,99.53
1985-03-10,80.317
1985-03-11,46.067
1985-03-12,39.764
1985-03-13,38.806
1985-03-14,38.024
1985-03-15,36.99
1985-03-16,36.47
1985-03-17,35.86
1985-03-18,35.492
1985-03-19,35.287
1985-03-20,35.402
1985-03-21,37.382
1985-03-22,44.223
1985-03-23,59.41
1985-03-24,66.058
1985-03-25,96.808
1985-03-26,88.505
1985-03-27,109.175
1985-03-28,156.379
1985-03-29,144.564
1985-03-30,171.318
1985-03-31,183.195
1985-04-01,99.574
1985-04-02,77.978
1985-04-03,108.598
1985-04-04,150.707
1985-04-05,198.554
1985-04-06,200.347
1985-04-07,209.463
1985-04-08,252.491
1985-04-09,213.417
1985-04-10,264.832
1985-04-11,248.797
1985-04-12,170.161
1985-04-13,242.426
1985-04-14,274.036
1985-04-15,328.512
1985-04-16,292.05
1985-04-17,439.706
1985-04-18,645.647
1985-04-19,354.408
1985-04-20,176.933
1985-04-21,173.97
1985-04-22,132.262
1985-04-23,164.607
1985-04-24,263.048
1985-04-25,395.964
1985-04-26,574.288
1985-04-27,456.272
1985-04-28,394.617
1985-04-29,343.48
1985-04-30,333.252
1985-05-01,233.702
1985-05-02,162.266
1985-05-03,156.747
1985-05-04,208.54
1985-05-05,235.962
1985-05-06,270.496
1985-05-07,355.435
1985-05-08,452.698
1985-05-09,444.658
1985-05-10,317.484
1985-05-11,259.903
1985-05-12,303.759
1985-05-13,292.124
1985-05-14,300.896
1985-05-15,285.471
1985-05-16,252.529
1985-05-17,238.493
1985-05-18,295.305
1985-05-19,327.722
1985-05-20,319.285
1985-05-21,377.383
1985-05-22,319.17
1985-05-23,251.875
1985-05-24,207.506
1985-05-25,216.812
1985-05-26,257.715
1985-05-27,294.469
1985-05-28,292.01
1985-05-29,286.162
1985-05-30,283.502
1985-05-31,311.305
1985-06-01,296.407
1985-06-02,309.841
1985-06-03,344.527
1985-06-04,366.235
1985-06-05,378.586
1985-06-06,360.796
1985-06-07,313.522
1985-06-08,280.262
1985-06-09,272.802
1985-06-10,227.123
1985-06-11,188.491
1985-06-12,158.01
1985-06-13,150.118
1985-06-14,146.798
1985-06-15,148.284
1985-06-16,171.038
1985-06-17,172.259
1985-06-18,227.914
1985-06-19,273.521
1985-06-20,307.232
1985-06-21,274.105
1985-06-22,212.817
1985-06-23,197.915
1985-06-24,255.559
1985-06-25,274.646
1985-06-26,320.619
1985-06-27,316.98
1985-06-28,214.646
1985-06-29,175.041
1985-06-30,142.318
1985-07-01,128.125
1985-07-02,125.125
1985-07-03,121.25
1985-07-04,118.381
1985-07-05,126.172
1985-07-06,134.422
1985-07-07,127.834
1985-07-08,129.712
1985-07-09,130.816
1985-07-10,142.502
1985-07-11,134.34
1985-07-12,112.955
1985-07-13,121.2
1985-07-14,125.621
1985-07-15,151.813
1985-07-16,153.953
1985-07-17,137.28
1985-07-18,124.031
1985-07-19,126.854
1985-07-20,166.73
1985-07-21,175.914
1985-07-22,171.985
1985-07-23,150.06
1985-07-24,124.677
1985-07-25,166.436
1985-07-26,162.223
1985-07-27,155.206
1985-07-28,121.208
1985-07-29,114.554
1985-07-30,113.575
1985-07-31,102.741
1985-08-01,104.917
1985-08-02,100.929
1985-08-03,102.034
1985-08-04,95.88
1985-08-05,97.439
1985-08-06,100.962
1985-08-07,111.245
1985-08-08,103.706
1985-08-09,84.258
1985-08-10,74.697
1985-08-11,75.975
1985-08-12,81.574
1985-08-13,96.914
1985-08-14,104.968
1985-08-15,119.824
1985-08-16,139.376
1985-08-17,122.13
1985-08-18,120.787
1985-08-19,117.638
1985-08-20,102.23
1985-08-21,80.306
1985-08-22,71.952
1985-08-23,77.372
1985-08-24,75.591
1985-08-25,71.431
1985-08-26,75.147
1985-08-27,89.922
1985-08-28,91.21
1985-08-29,102.399
1985-08-30,99.623
1985-08-31,85.313
1985-09-01,86.545
1985-09-02,111.34
1985-09-03,97.987
1985-09-04,106.033
1985-09-05,91.545
1985-09-06,129.163
1985-09-07,165.959
1985-09-08,122.21
1985-09-09,93.958
1985-09-10,116.268
1985-09-11,116.19
1985-09-12,146.944
1985-09-13,193.763
1985-09-14,186.972
1985-09-15,185.76
1985-09-16,188.569
1985-09-17,238.074
1985-09-18,275.952
1985-09-19,229.846
1985-09-20,201.999
1985-09-21,215.487
1985-09-22,294.51
1985-09-23,391.28
1985-09-24,390.872
1985-09-25,279.068
1985-09-26,201.259
1985-09-27,206.092
1985-09-28,177.855
1985-09-29,154.071
1985-09-30,162.607
1985-10-01,194.831
1985-10-02,188.228
1985-10-03,176.084
1985-10-04,219.923
1985-10-05,205.91
1985-10-06,151.918
1985-10-07,117.713
1985-10-08,140.606
1985-10-09,164.77
1985-10-10,178.232
1985-10-11,220.617
1985-10-12,250.618
1985-10-13,275.372
1985-10-14,328.556
1985-10-15,317.982
1985-10-16,306.925
1985-10-17,278.398
1985-10-18,261.8
1985-10-19,282.09
1985-10-20,292.525
1985-10-21,258.461
1985-10-22,232.618
1985-10-23,218.908
1985-10-24,216.762
1985-10-25,237.744
1985-10-26,303.745
1985-10-27,430.99
1985-10-28,425.286
1985-10-29,349.525
1985-10-30,237.932
1985-10-31,168.874
1985-11-01,151.347
1985-11-02,147.326
1985-11-03,144.475
1985-11-04,135.503
1985-11-05,135.683
1985-11-06,143.194
1985-11-07,152.036
1985-11-08,197.137
1985-11-09,239.88
1985-11-10,354.994
1985-11-11,410.849
1985-11-12,370.37
1985-11-13,342.595
1985-11-14,299.882
1985-11-15,250.722
1985-11-16,232.242
1985-11-17,183.759
1985-11-18,161.788
1985-11-19,163.056
1985-11-20,166.394
1985-11-21,186.406
1985-11-22,238.97
1985-11-23,266.473
1985-11-24,318.853
1985-11-25,321.028
1985-11-26,276.66
1985-11-27,293.468
1985-11-28,274.419
1985-11-29,202.042
1985-11-30,172.86
1985-12-01,165.898
1985-12-02,171.713
1985-12-03,205.487
1985-12-04,232.985
1985-12-05,222.572
1985-12-06,190.563
1985-12-07,215.471
1985-12-08,281.042
1985-12-09,228.874
1985-12-10,190.933
1985-12-11,145.163
1985-12-12,154.49
1985-12-13,185.107
1985-12-14,176.224
1985-12-15,181.59
1985-12-16,188.29
1985-12-17,166.728
1985-12-18,132.7
1985-12-19,124.752
1985-12-20,122.112
1985-12-21,121.556
1985-12-22,128.503
1985-12-23,124.645
1985-12-24,131.483
1985-12-25,128.764
1985-12-26,110.881
1985-12-27,107.452
1985-12-28,107.847
1985-12-29,114.625
1985-12-30,126.289
1985-12-31,135.608
1986-01-01,118.942
1986-01-02,95.813
1986-01-03,94.132
1986-01-04,95.78
1986-01-05,97.668
1986-01-06,98.76
1986-01-07,104.918
1986-01-08,99.601
1986-01-09,94.041
1986-01-10,92.245
1986-01-11,82.107
1986-01-12,78.959
1986-01-13,76.534
1986-01-14,73.622
1986-01-15,73.757
1986-01-16,73.7
1986-01-17,68.951
1986-01-18,67.087
1986-01-19,65.658
1986-01-20,64.906
1986-01-21,63.826
1986-01-22,63.681
1986-01-23,65.173
1986-01-24,63.955
1986-01-25,61.125
1986-01-26,62.535
1986-01-27,61.595
1986-01-28,58.358
1986-01-29,56.359
1986-01-30,54.421
1986-01-31,52.137
1986-02-01,51.177
1986-02-02,50.738
1986-02-03,49.485
1986-02-04,48.799
1986-02-05,49.258
1986-02-06,53.007
1986-02-07,62.005
1986-02-08,80.372
1986-02-09,92.246
1986-02-10,81.66
1986-02-11,67.003
1986-02-12,54.452
1986-02-13,49.733
1986-02-14,47.421
1986-02-15,46.092
1986-02-16,63.408
1986-02-17,60.308
1986-02-18,56.132
1986-02-19,65.056
1986-02-20,53.682
1986-02-21,74.683
1986-02-22,74.87
1986-02-23,76.015
1986-02-24,57.887
1986-02-25,45.302
1986-02-26,44.088
1986-02-27,36.504
1986-02-28,37.615
1986-03-01,51.56
1986-03-02,53.561
1986-03-03,59.97
1986-03-04,74.122
1986-03-05,105.726
1986-03-06,132.975
1986-03-07,158.087
1986-03-08,181.264
1986-03-09,129.195
1986-03-10,106.132
1986-03-11,83.44
1986-03-12,102.731
1986-03-13,126.462
1986-03-14,109.135
1986-03-15,80.111
1986-03-16,42.788
1986-03-17,39.279
1986-03-18,38.251
1986-03-19,43.218
1986-03-20,59.575
1986-03-21,87.339
1986-03-22,147.552
1986-03-23,158.981
1986-03-24,167.177
1986-03-25,145.462
1986-03-26,98.191
1986-03-27,70.738
1986-03-28,51.92
1986-03-29,46.231
1986-03-30,44.032
1986-03-31,41.61
1986-04-01,60.766
1986-04-02,88.24
1986-04-03,132.125
1986-04-04,158.225
1986-04-05,154.696
1986-04-06,175.482
1986-04-07,192.832
1986-04-08,200.167
1986-04-09,269.165
1986-04-10,342.768
1986-04-11,399.681
1986-04-12,367.257
1986-04-13,302.278
1986-04-14,225.632
1986-04-15,270.425
1986-04-16,322.65
1986-04-17,311.826
1986-04-18,302.914
1986-04-19,227.07
1986-04-20,217.337
1986-04-21,184.033
1986-04-22,153.432
1986-04-23,167.292
1986-04-24,170.974
1986-04-25,236.474
1986-04-26,294.739
1986-04-27,328.249
1986-04-28,311.402
1986-04-29,217.146
1986-04-30,177.061
1986-05-01,218.808
1986-05-02,289.402
1986-05-03,318.338
1986-05-04,338.285
1986-05-05,283.615
1986-05-06,227.07
1986-05-07,244.263
1986-05-08,392.622
1986-05-09,405.802
1986-05-10,364.928
1986-05-11,263.755
1986-05-12,201.83
1986-05-13,181.692
1986-05-14,159.189
1986-05-15,161.341
1986-05-16,214.224
1986-05-17,244.177
1986-05-18,244.048
1986-05-19,346.386
1986-05-20,468.542
1986-05-21,412.324
1986-05-22,332.568
1986-05-23,325.244
1986-05-24,348.609
1986-05-25,324.242
1986-05-26,321.188
1986-05-27,253.966
1986-05-28,319.355
1986-05-29,295.719
1986-05-30,253.68
1986-05-31,251.704
1986-06-01,274.7
1986-06-02,357.77
1986-06-03,375.214
1986-06-04,369.471
1986-06-05,303.906
1986-06-06,305.142
1986-06-07,290.798
1986-06-08,289.016
1986-06-09,317.758
1986-06-10,308.13
1986-06-11,278.173
1986-06-12,225.059
1986-06-13,192.022
1986-06-14,205.9
1986-06-15,207.779
1986-06-16,208.875
1986-06-17,239.367
1986-06-18,220.44
1986-06-19,192.204
1986-06-20,212.584
1986-06-21,217.643
1986-06-22,225.448
1986-06-23,180.62
1986-06-24,150.618
1986-06-25,143.814
1986-06-26,151.294
1986-06-27,150.99
1986-06-28,143.324
1986-06-29,165.12
1986-06-30,169.195
1986-07-01,144.896
1986-07-02,124.381
1986-07-03,136.288
1986-07-04,194.178
1986-07-05,198.047
1986-07-06,167.532
1986-07-07,143.06
1986-07-08,127.765
1986-07-09,118.999
1986-07-10,108.55
1986-07-11,103.317
1986-07-12,99.395
1986-07-13,99.52
1986-07-14,103.132
1986-07-15,111.891
1986-07-16,122.33
1986-07-17,148.708
1986-07-18,137.951
1986-07-19,144.373
1986-07-20,134.917
1986-07-21,121.1
1986-07-22,93.858
1986-07-23,88.738
1986-07-24,85.347
1986-07-25,86.533
1986-07-26,93.528
1986-07-27,91.105
1986-07-28,89.926
1986-07-29,88.762
1986-07-30,95.918
1986-07-31,115.436
1986-08-01,161.97
1986-08-02,162.345
1986-08-03,191.009
1986-08-04,166.298
1986-08-05,119.195
1986-08-06,104.068
1986-08-07,82.725
1986-08-08,81.522
1986-08-09,80.543
1986-08-10,78.296
1986-08-11,83.305
1986-08-12,83.053
1986-08-13,95.045
1986-08-14,133.062
1986-08-15,115.747
1986-08-16,95.902
1986-08-17,97.207
1986-08-18,78.196
1986-08-19,95.891
1986-08-20,172.438
1986-08-21,267.411
1986-08-22,213.734
1986-08-23,206.567
1986-08-24,138.936
1986-08-25,126.537
1986-08-26,103.999
1986-08-27,69.509
1986-08-28,66.268
1986-08-29,64.532
1986-08-30,68.633
1986-08-31,89.913
1986-09-01,97.406
1986-09-02,132.433
1986-09-03,142.192
1986-09-04,173.591
1986-09-05,160.56
1986-09-06,147.168
1986-09-07,156.572
1986-09-08,156.377
1986-09-09,149.032
1986-09-10,136.331
1986-09-11,142.082
1986-09-12,131.905
1986-09-13,210.062
1986-09-14,284.037
1986-09-15,297.87
1986-09-16,415.782
1986-09-17,383.28
1986-09-18,303.437
1986-09-19,253.785
1986-09-20,288.251
1986-09-21,347.107
1986-09-22,389.682
1986-09-23,325.445
1986-09-24,219.12
1986-09-25,194.586
1986-09-26,127.157
1986-09-27,89.94
1986-09-28,105.505
1986-09-29,151.155
1986-09-30,158.219
1986-10-01,227.849
1986-10-02,264.021
1986-10-03,263.422
1986-10-04,198.475
1986-10-05,220.699
1986-10-06,210.449
1986-10-07,202.803
1986-10-08,193.245
1986-10-09,139.113
1986-10-10,234.617
1986-10-11,226.626
1986-10-12,368.032
1986-10-13,336.855
1986-10-14,313.592
1986-10-15,376.472
1986-10-16,321.33
1986-10-17,284.24
1986-10-18,219.697
1986-10-19,162.436
1986-10-20,122.18
1986-10-21,112.625
1986-10-22,132.513
1986-10-23,142.042
1986-10-24,181.433
1986-10-25,211.685
1986-10-26,339.728
1986-10-27,466.163
1986-10-28,572.16
1986-10-29,517.847
1986-10-30,410.481
1986-10-31,309.952
1986-11-01,332.466
1986-11-02,277.213
1986-11-03,297.243
1986-11-04,357.719
1986-11-05,234.13
1986-11-06,286.504
1986-11-07,247.835
1986-11-08,195.349
1986-11-09,241.345
1986-11-10,374.905
1986-11-11,308.402
1986-11-12,320.614
1986-11-13,300.673
1986-11-14,237.529
1986-11-15,245.1
1986-11-16,306.275
1986-11-17,271.09
1986-11-18,264.755
1986-11-19,241.042
1986-11-20,231.815
1986-11-21,272.286
1986-11-22,256.328
1986-11-23,256.795
1986-11-24,267.583
1986-11-25,233.925
1986-11-26,216.708
1986-11-27,219.568
1986-11-28,233.211
1986-11-29,312.685
1986-11-30,362.85
1986-12-01,328.228
1986-12-02,290.948
1986-12-03,275.88
1986-12-04,313.285
1986-12-05,306.722
1986-12-06,264.356
1986-12-07,222.092
1986-12-08,224.03
1986-12-09,214.282
1986-12-10,193.986
1986-12-11,183.225
1986-12-12,184.128
1986-12-13,173.821
1986-12-14,168.621
1986-12-15,177.784
1986-12-16,181.32
1986-12-17,168.659
1986-12-18,176.101
1986-12-19,182.162
1986-12-20,189.031
1986-12-21,248.185
1986-12-22,344.747
1986-12-23,329.864
1986-12-24,281.827
1986-12-25,228.609
1986-12-26,205.521
1986-12-27,215.862
1986-12-28,207.361
1986-12-29,181.636
1986-12-30,154.68
1986-12-31,144.631
1987-01-01,142.22
1987-01-02,139.854
1987-01-03,137.551
1987-01-04,138.911
1987-01-05,136.918
1987-01-06,131.186
1987-01-07,127.832
1987-01-08,123.705
1987-01-09,121.166
1987-01-10,119.212
1987-01-11,117.39
1987-01-12,120.81
1987-01-13,121.79
1987-01-14,115.37
1987-01-15,118.579
1987-01-16,113.28
1987-01-17,104.331
1987-01-18,117.375
1987-01-19,114.913
1987-01-20,105.071
1987-01-21,116.732
1987-01-22,110.279
1987-01-23,92.209
1987-01-24,88.421
1987-01-25,85.94
1987-01-26,84.138
1987-01-27,83.453
1987-01-28,84.732
1987-01-29,85.899
1987-01-30,86.716
1987-01-31,82.492
1987-02-01,83.175
1987-02-02,108.41
1987-02-03,107.09
1987-02-04,152.467
1987-02-05,110.328
1987-02-06,71.148
1987-02-07,67.334
1987-02-08,66.284
1987-02-09,66.147
1987-02-10,68.996
1987-02-11,83.903
1987-02-12,83.557
1987-02-13,73.039
1987-02-14,71.182
1987-02-15,76.974
1987-02-16,76.501
1987-02-17,68.625
1987-02-18,60.229
1987-02-19,58.199
1987-02-20,59.935
1987-02-21,75.489
1987-02-22,131.749
1987-02-23,133.229
1987-02-24,192.633
1987-02-25,227.281
1987-02-26,174.538
1987-02-27,84.703
1987-02-28,60.252
1987-03-01,59.491
1987-03-02,72.052
1987-03-03,105.005
1987-03-04,131.013
1987-03-05,169.637
1987-03-06,123.017
1987-03-07,97.717
1987-03-08,89.768
1987-03-09,92.328
1987-03-10,121.295
1987-03-11,218.916
1987-03-12,268.042
1987-03-13,256.081
1987-03-14,223.387
1987-03-15,230.931
1987-03-16,196.768
1987-03-17,191.895
1987-03-18,275.994
1987-03-19,444.14
1987-03-20,489.349
1987-03-21,395.273
1987-03-22,385.903
1987-03-23,203.443
1987-03-24,88.166
1987-03-25,64.053
1987-03-26,88.108
1987-03-27,111.818
1987-03-28,104.172
1987-03-29,97.641
1987-03-30,93.635
1987-03-31,121.875
1987-04-01,133.774
1987-04-02,138.665
1987-04-03,115.72
1987-04-04,87.005
1987-04-05,78.171
1987-04-06,99.452
1987-04-07,138.231
1987-04-08,257.52
1987-04-09,343.591
1987-04-10,280.632
1987-04-11,246.24
1987-04-12,177.021
1987-04-13,84.74
1987-04-14,68.76
1987-04-15,75.254
1987-04-16,90.25
1987-04-17,104.016
1987-04-18,101.858
1987-04-19,90.022
1987-04-20,118.602
1987-04-21,191.745
1987-04-22,216.351
1987-04-23,243.217
1987-04-24,243.348
1987-04-25,248.722
1987-04-26,212.465
1987-04-27,206.643
1987-04-28,199.881
1987-04-29,151.16
1987-04-30,120.163
1987-05-01,120.582
1987-05-02,163.012
1987-05-03,159.284
1987-05-04,186.978
1987-05-05,181.878
1987-05-06,138.746
1987-05-07,131.42
1987-05-08,231.148
1987-05-09,294.178
1987-05-10,312.483
1987-05-11,333.073
1987-05-12,259.695
1987-05-13,209.142
1987-05-14,207.757
1987-05-15,197.07
1987-05-16,251.515
1987-05-17,237.082
1987-05-18,226.852
1987-05-19,175.963
1987-05-20,177.968
1987-05-21,261.795
1987-05-22,372.555
1987-05-23,383.534
1987-05-24,360.967
1987-05-25,355.459
1987-05-26,294.293
1987-05-27,227.912
1987-05-28,200.16
1987-05-29,265.462
1987-05-30,343.376
1987-05-31,389.552
1987-06-01,502.982
1987-06-02,423.674
1987-06-03,353.569
1987-06-04,255.323
1987-06-05,261.568
1987-06-06,260.831
1987-06-07,268.401
1987-06-08,373.187
1987-06-09,455.258
1987-06-10,358.379
1987-06-11,268.162
1987-06-12,246.003
1987-06-13,215.005
1987-06-14,210.426
1987-06-15,251.502
1987-06-16,293.025
1987-06-17,262.975
1987-06-18,233.35
1987-06-19,225.153
1987-06-20,246.309
1987-06-21,229.302
1987-06-22,224.87
1987-06-23,221.563
1987-06-24,211.431
1987-06-25,202.37
1987-06-26,164.858
1987-06-27,143.87
1987-06-28,140.328
1987-06-29,138.502
1987-06-30,150.91
1987-07-01,170.694
1987-07-02,186.214
1987-07-03,274.689
1987-07-04,278.193
1987-07-05,238.587
1987-07-06,155.044
1987-07-07,128.91
1987-07-08,142.451
1987-07-09,145.05
1987-07-10,132.524
1987-07-11,138.112
1987-07-12,133.658
1987-07-13,127.503
1987-07-14,124.007
1987-07-15,110.968
1987-07-16,118.309
1987-07-17,113.437
1987-07-18,101.739
1987-07-19,98.905
1987-07-20,97.102
1987-07-21,95.477
1987-07-22,99.229
1987-07-23,97.621
1987-07-24,100.884
1987-07-25,101.449
1987-07-26,107.146
1987-07-27,125.685
1987-07-28,112.564
1987-07-29,101.102
1987-07-30,90.4
1987-07-31,82.275
1987-08-01,84.638
1987-08-02,88.556
1987-08-03,81.716
1987-08-04,79.133
1987-08-05,78.008
1987-08-06,84.588
1987-08-07,83.055
1987-08-08,74.867
1987-08-09,71.057
1987-08-10,70.06
1987-08-11,68.998
1987-08-12,68.711
1987-08-13,68.626
1987-08-14,71.605
1987-08-15,85.198
1987-08-16,98.109
1987-08-17,108.958
1987-08-18,121.031
1987-08-19,126.447
1987-08-20,111.633
1987-08-21,103.806
1987-08-22,110.928
1987-08-23,150.321
1987-08-24,136.934
1987-08-25,168.829
1987-08-26,159.068
1987-08-27,168.123
1987-08-28,146.413
1987-08-29,192.935
1987-08-30,277.135
1987-08-31,288.074
1987-09-01,295.82
1987-09-02,222.869
1987-09-03,184.017
1987-09-04,139.109
1987-09-05,114.731
1987-09-06,108.583
1987-09-07,77.48
1987-09-08,78.285
1987-09-09,89.888
1987-09-10,129.383
1987-09-11,146.259
1987-09-12,89.142
1987-09-13,63.213
1987-09-14,63.777
1987-09-15,63.368
1987-09-16,89.216
1987-09-17,106.684
1987-09-18,113.608
1987-09-19,202.839
1987-09-20,178.29
1987-09-21,195.189
1987-09-22,214.967
1987-09-23,213.24
1987-09-24,190.992
1987-09-25,193.687
1987-09-26,226.615
1987-09-27,185.41
1987-09-28,169.984
1987-09-29,172.27
1987-09-30,195.97
1987-10-01,216.699
1987-10-02,242.196
1987-10-03,237.07
1987-10-04,251.256
1987-10-05,301.59
1987-10-06,283.099
1987-10-07,191.32
1987-10-08,175.513
1987-10-09,137.63
1987-10-10,108.042
1987-10-11,147.307
1987-10-12,159.511
1987-10-13,156.596
1987-10-14,158.545
1987-10-15,148.476
1987-10-16,135.56
1987-10-17,166.534
1987-10-18,197.255
1987-10-19,223.543
1987-10-20,310.268
1987-10-21,387.268
1987-10-22,366.216
1987-10-23,251.473
1987-10-24,160.824
1987-10-25,217.997
1987-10-26,223.473
1987-10-27,257.718
1987-10-28,289.833
1987-10-29,239.002
1987-10-30,229.194
1987-10-31,174.17
1987-11-01,165.708
1987-11-02,206.279
1987-11-03,329.602
1987-11-04,398.02
1987-11-05,353.413
1987-11-06,276.255
1987-11-07,199.901
1987-11-08,248.292
1987-11-09,211.757
1987-11-10,254.295
1987-11-11,269.25
1987-11-12,267.272
1987-11-13,298.293
1987-11-14,403.528
1987-11-15,420.273
1987-11-16,386.959
1987-11-17,356.85
1987-11-18,304.396
1987-11-19,291.324
1987-11-20,388.999
1987-11-21,304.378
1987-11-22,262.478
1987-11-23,252.621
1987-11-24,203.929
1987-11-25,172.602
1987-11-26,173.302
1987-11-27,160.533
1987-11-28,160.44
1987-11-29,154.53
1987-11-30,162.362
1987-12-01,148.772
1987-12-02,136.575
1987-12-03,167.328
1987-12-04,171.582
1987-12-05,140.544
1987-12-06,129.184
1987-12-07,147.098
1987-12-08,187.705
1987-12-09,179.132
1987-12-10,132.608
1987-12-11,121.726
1987-12-12,151.047
1987-12-13,133.502
1987-12-14,116.767
1987-12-15,97.289
1987-12-16,93.018
1987-12-17,91.027
1987-12-18,89.81
1987-12-19,91.809
1987-12-20,102.302
1987-12-21,104.922
1987-12-22,92.642
1987-12-23,83.944
1987-12-24,82.378
1987-12-25,92.378
1987-12-26,91.687
1987-12-27,78.572
1987-12-28,76.552
1987-12-29,75.281
1987-12-30,74.512
1987-12-31,71.972
1988-01-01,68.968
1988-01-02,67.315
1988-01-03,65.981
1988-01-04,65.099
1988-01-05,64.486
1988-01-06,66.63
1988-01-07,69.071
1988-01-08,66.327
1988-01-09,64.393
1988-01-10,63.647
1988-01-11,66.072
1988-01-12,73.319
1988-01-13,113.154
1988-01-14,119.155
1988-01-15,80.669
1988-01-16,54.821
1988-01-17,52.205
1988-01-18,52.114
1988-01-19,56.349
1988-01-20,62.11
1988-01-21,65.65
1988-01-22,54.239
1988-01-23,62.67
1988-01-24,90.366
1988-01-25,85.376
1988-01-26,93.006
1988-01-27,113.451
1988-01-28,83.103
1988-01-29,63.609
1988-01-30,55.189
1988-01-31,49.913
1988-02-01,57.845
1988-02-02,53.532
1988-02-03,42.555
1988-02-04,43.18
1988-02-05,44.579
1988-02-06,45.352
1988-02-07,42.044
1988-02-08,41.319
1988-02-09,40.124
1988-02-10,38.37
1988-02-11,38.567
1988-02-12,43.2
1988-02-13,39.753
1988-02-14,39.231
1988-02-15,45.238
1988-02-16,60.929
1988-02-17,68.99
1988-02-18,83.19
1988-02-19,50.358
1988-02-20,38.226
1988-02-21,36.403
1988-02-22,34.122
1988-02-23,33.505
1988-02-24,34.328
1988-02-25,40.078
1988-02-26,41.687
1988-02-27,52.592
1988-02-28,41.037
1988-02-29,40.034
1988-03-01,37.167
1988-03-02,45.005
1988-03-03,39.656
1988-03-04,30.008
1988-03-05,29.849
1988-03-06,39.049
1988-03-07,80.51
1988-03-08,104.663
1988-03-09,148.013
1988-03-10,164.442
1988-03-11,149.803
1988-03-12,111.508
1988-03-13,105.352
1988-03-14,79.645
1988-03-15,38.763
1988-03-16,52.262
1988-03-17,66.022
1988-03-18,93.068
1988-03-19,74.239
1988-03-20,129.859
1988-03-21,141.122
1988-03-22,112.593
1988-03-23,118.202
1988-03-24,125.545
1988-03-25,92.912
1988-03-26,83.554
1988-03-27,86.213
1988-03-28,119.176
1988-03-29,95.63
1988-03-30,53.473
1988-03-31,54.401
1988-04-01,56.218
1988-04-02,42.196
1988-04-03,27.786
1988-04-04,26.853
1988-04-05,27.649
1988-04-06,29.504
1988-04-07,31.076
1988-04-08,42.706
1988-04-09,71.605
1988-04-10,84.925
1988-04-11,157.992
1988-04-12,141.034
1988-04-13,109.681
1988-04-14,126.238
1988-04-15,186.912
1988-04-16,171.005
1988-04-17,191.004
1988-04-18,196.212
1988-04-19,189.528
1988-04-20,172.802
1988-04-21,155.571
1988-04-22,169.13
1988-04-23,117.882
1988-04-24,92.067
1988-04-25,92.705
1988-04-26,91.443
1988-04-27,112.572
1988-04-28,190.599
1988-04-29,189.794
1988-04-30,182.313
1988-05-01,138.852
1988-05-02,126.688
1988-05-03,146.114
1988-05-04,130.395
1988-05-05,112.441
1988-05-06,116.485
1988-05-07,133.461
1988-05-08,206.03
1988-05-09,270.4
1988-05-10,344.551
1988-05-11,283.705
1988-05-12,236.501
1988-05-13,221.474
1988-05-14,175.159
1988-05-15,131.485
1988-05-16,122.115
1988-05-17,140.476
1988-05-18,182.686
1988-05-19,190.658
1988-05-20,215.029
1988-05-21,243.611
1988-05-22,230.874
1988-05-23,291.574
1988-05-24,261.864
1988-05-25,212.497
1988-05-26,147.512
1988-05-27,94.135
1988-05-28,86.669
1988-05-29,85.228
1988-05-30,84.401
1988-05-31,83.949
1988-06-01,82.677
1988-06-02,81.561
1988-06-03,82.704
1988-06-04,89.665
1988-06-05,87.003
1988-06-06,81.94
1988-06-07,85.56
1988-06-08,89.555
1988-06-09,94.697
1988-06-10,93.77
1988-06-11,81.405
1988-06-12,89.911
1988-06-13,82.272
1988-06-14,104.42
1988-06-15,98.515
1988-06-16,80.718
1988-06-17,74.782
1988-06-18,86.925
1988-06-19,83.191
1988-06-20,72.584
1988-06-21,59.911
1988-06-22,58.879
1988-06-23,58.209
1988-06-24,55.262
1988-06-25,54.145
1988-06-26,58.722
1988-06-27,57.077
1988-06-28,53.51
1988-06-29,54.118
1988-06-30,52.71
1988-07-01,54.02
1988-07-02,55.131
1988-07-03,49.761
1988-07-04,50.728
1988-07-05,52.475
1988-07-06,48.675
1988-07-07,45.195
1988-07-08,42.761
1988-07-09,41.616
1988-07-10,40.833
1988-07-11,40.88
1988-07-12,41.369
1988-07-13,46.997
1988-07-14,65.281
1988-07-15,67.05
1988-07-16,61.487
1988-07-17,60.433
1988-07-18,115.529
1988-07-19,121.886
1988-07-20,116.595
1988-07-21,129.753
1988-07-22,110.992
1988-07-23,66.495
1988-07-24,49.7
1988-07-25,69.826
1988-07-26,88.945
1988-07-27,94.317
1988-07-28,108.413
1988-07-29,87.227
1988-07-30,113.458
1988-07-31,73.835
1988-08-01,85.124
1988-08-02,89.5
1988-08-03,109.201
1988-08-04,177.868
1988-08-05,184.702
1988-08-06,174.814
1988-08-07,124.152
1988-08-08,73.229
1988-08-09,67.418
1988-08-10,146.752
1988-08-11,145.79
1988-08-12,135.801
1988-08-13,111.248
1988-08-14,89.4
1988-08-15,77.129
1988-08-16,91.593
1988-08-17,97.452
1988-08-18,92.17
1988-08-19,93.36
1988-08-20,62.576
1988-08-21,55.336
1988-08-22,54.228
1988-08-23,83.79
1988-08-24,116.261
1988-08-25,103.867
1988-08-26,119.678
1988-08-27,134.791
1988-08-28,124.714
1988-08-29,181.786
1988-08-30,190.09
1988-08-31,163.304
1988-09-01,155.171
1988-09-02,109.319
1988-09-03,96.847
1988-09-04,79.923
1988-09-05,94.991
1988-09-06,135.156
1988-09-07,166.514
1988-09-08,150.659
1988-09-09,116.236
1988-09-10,121.941
1988-09-11,103.707
1988-09-12,107.394
1988-09-13,148.272
1988-09-14,264.613
1988-09-15,367.524
1988-09-16,176.525
1988-09-17,108.53
1988-09-18,97.93
1988-09-19,72.507
1988-09-20,92.932
1988-09-21,148.133
1988-09-22,183.745
1988-09-23,235.349
1988-09-24,276.334
1988-09-25,246.534
1988-09-26,264.93
1988-09-27,385.542
1988-09-28,437.274
1988-09-29,318.834
1988-09-30,306.805
1988-10-01,359.63
1988-10-02,332.534
1988-10-03,338.028
1988-10-04,250.843
1988-10-05,282.642
1988-10-06,385.506
1988-10-07,411.322
1988-10-08,392.705
1988-10-09,357.806
1988-10-10,309.32
1988-10-11,226.951
1988-10-12,181.793
1988-10-13,213.829
1988-10-14,246.413
1988-10-15,255.822
1988-10-16,249.516
1988-10-17,246.554
1988-10-18,290.498
1988-10-19,276.251
1988-10-20,242.103
1988-10-21,186.692
1988-10-22,175.337
1988-10-23,136.228
1988-10-24,118.982
1988-10-25,141.309
1988-10-26,191.464
1988-10-27,215.393
1988-10-28,242.854
1988-10-29,231.815
1988-10-30,246.33
1988-10-31,284.895
1988-11-01,368.968
1988-11-02,420.788
1988-11-03,448.625
1988-11-04,544.442
1988-11-05,442.795
1988-11-06,336.224
1988-11-07,318.607
1988-11-08,302.479
1988-11-09,264.48
1988-11-10,271.602
1988-11-11,268.318
1988-11-12,216.7
1988-11-13,187.471
1988-11-14,225.848
1988-11-15,285.507
1988-11-16,326.914
1988-11-17,326.644
1988-11-18,231.153
1988-11-19,183.588
1988-11-20,168.673
1988-11-21,251.382
1988-11-22,285.749
1988-11-23,347.115
1988-11-24,321.77
1988-11-25,314.04
1988-11-26,311.172
1988-11-27,231.747
1988-11-28,174.244
1988-11-29,176.494
1988-11-30,165.141
1988-12-01,145.96
1988-12-02,150.775
1988-12-03,143.026
1988-12-04,133.565
1988-12-05,130.874
1988-12-06,129.564
1988-12-07,129.228
1988-12-08,119.345
1988-12-09,110.137
1988-12-10,107.108
1988-12-11,105.792
1988-12-12,105.749
1988-12-13,111.533
1988-12-14,104.718
1988-12-15,104.294
1988-12-16,101.419
1988-12-17,92.871
1988-12-18,85.745
1988-12-19,82.19
1988-12-20,81.195
1988-12-21,83.491
1988-12-22,104.309
1988-12-23,109.878
1988-12-24,100.622
1988-12-25,96.526
1988-12-26,100.124
1988-12-27,117.202
1988-12-28,136.312
1988-12-29,170.95
1988-12-30,139.812
1988-12-31,133.019
1989-01-01,111.472
1989-01-02,112.535
1989-01-03,103.899
1989-01-04,81.543
1989-01-05,101.239
1989-01-06,113.042
1989-01-07,116.941
1989-01-08,127.055
1989-01-09,128.504
1989-01-10,89.124
1989-01-11,66.886
1989-01-12,64.802
1989-01-13,63.685
1989-01-14,62.351
1989-01-15,61.28
1989-01-16,60.156
1989-01-17,59.005
1989-01-18,57.871
1989-01-19,56.709
1989-01-20,55.572
1989-01-21,54.312
1989-01-22,53.001
1989-01-23,51.581
1989-01-24,50.186
1989-01-25,48.92
1989-01-26,47.671
1989-01-27,46.475
1989-01-28,45.29
1989-01-29,44.143
1989-01-30,43.042
1989-01-31,43.024
1989-02-01,42.629
1989-02-02,41.38
1989-02-03,41.498
1989-02-04,44.341
1989-02-05,45.025
1989-02-06,44.229
1989-02-07,43.612
1989-02-08,48.688
1989-02-09,71.193
1989-02-10,82.281
1989-02-11,102.98
1989-02-12,86.852
1989-02-13,63.252
1989-02-14,62.732
1989-02-15,45.754
1989-02-16,35.556
1989-02-17,35.994
1989-02-18,45.432
1989-02-19,55.142
1989-02-20,55.593
1989-02-21,43.075
1989-02-22,33.181
1989-02-23,31.357
1989-02-24,33.856
1989-02-25,33.81
1989-02-26,32.459
1989-02-27,35.923
1989-02-28,36.538
1989-03-01,31.987
1989-03-02,27.104
1989-03-03,26.352
1989-03-04,26.035
1989-03-05,25.891
1989-03-06,26.529
1989-03-07,27.562
1989-03-08,27.525
1989-03-09,27.394
1989-03-10,29.14
1989-03-11,34.463
1989-03-12,37.592
1989-03-13,37.362
1989-03-14,52.829
1989-03-15,70.786
1989-03-16,75.392
1989-03-17,76.974
1989-03-18,68.435
1989-03-19,120.05
1989-03-20,106.838
1989-03-21,62.968
1989-03-22,63.592
1989-03-23,107.718
1989-03-24,168.578
1989-03-25,211.525
1989-03-26,275.439
1989-03-27,143.088
1989-03-28,73.499
1989-03-29,133.242
1989-03-30,154.466
1989-03-31,138.62
1989-04-01,138.095
1989-04-02,90.405
1989-04-03,130.413
1989-04-04,174.017
1989-04-05,80.75
1989-04-06,62.751
1989-04-07,94.318
1989-04-08,142.582
1989-04-09,172.197
1989-04-10,173.745
1989-04-11,209.033
1989-04-12,121.59
1989-04-13,89.827
1989-04-14,108.92
1989-04-15,103.06
1989-04-16,95.443
1989-04-17,57.048
1989-04-18,39.009
1989-04-19,37.873
1989-04-20,41.85
1989-04-21,62.241
1989-04-22,46.437
1989-04-23,39.937
1989-04-24,55.493
1989-04-25,127.635
1989-04-26,125.701
1989-04-27,107.938
1989-04-28,98.827
1989-04-29,102.492
1989-04-30,127.227
1989-05-01,156.936
1989-05-02,133.286
1989-05-03,105.257
1989-05-04,128.69
1989-05-05,100.769
1989-05-06,122.928
1989-05-07,129.665
1989-05-08,146.947
1989-05-09,196.555
1989-05-10,161.85
1989-05-11,203.01
1989-05-12,200.478
1989-05-13,178.765
1989-05-14,240.021
1989-05-15,238.608
1989-05-16,200.923
1989-05-17,187.903
1989-05-18,174.574
1989-05-19,169.885
1989-05-20,246.24
1989-05-21,275.725
1989-05-22,266.369
1989-05-23,268.169
1989-05-24,235.887
1989-05-25,237.309
1989-05-26,222.375
1989-05-27,200.781
1989-05-28,228.512
1989-05-29,248.438
1989-05-30,290.949
1989-05-31,322.681
1989-06-01,227.736
1989-06-02,171.374
1989-06-03,144.104
1989-06-04,131.534
1989-06-05,111.315
1989-06-06,100.872
1989-06-07,99.2
1989-06-08,99.647
1989-06-09,105.457
1989-06-10,109.715
1989-06-11,108.6
1989-06-12,106.984
1989-06-13,95.248
1989-06-14,85.579
1989-06-15,83.12
1989-06-16,85.819
1989-06-17,111.374
1989-06-18,111.812
1989-06-19,89.611
1989-06-20,82.883
1989-06-21,85.07
1989-06-22,85.884
1989-06-23,109.455
1989-06-24,109.732
1989-06-25,85.692
1989-06-26,73.974
1989-06-27,66.934
1989-06-28,66.071
1989-06-29,62.812
1989-06-30,59.357
1989-07-01,59.269
1989-07-02,61.962
1989-07-03,64.883
1989-07-04,61.42
1989-07-05,56.095
1989-07-06,53.941
1989-07-07,54.665
1989-07-08,54.793
1989-07-09,64.6
1989-07-10,70.705
1989-07-11,58.628
1989-07-12,58.379
1989-07-13,53.435
1989-07-14,54.583
1989-07-15,66.782
1989-07-16,59.409
1989-07-17,61.767
1989-07-18,83.472
1989-07-19,84.775
1989-07-20,76.601
1989-07-21,75.734
1989-07-22,115.108
1989-07-23,201.053
1989-07-24,123.762
1989-07-25,104.625
1989-07-26,94.444
1989-07-27,43.072
1989-07-28,37.021
1989-07-29,36.483
1989-07-30,35.699
1989-07-31,35.331
1989-08-01,34.872
1989-08-02,34.548
1989-08-03,34.81
1989-08-04,35.288
1989-08-05,37.278
1989-08-06,37.74
1989-08-07,35.033
1989-08-08,35.282
1989-08-09,38.604
1989-08-10,44.161
1989-08-11,44.874
1989-08-12,35.959
1989-08-13,42.027
1989-08-14,53.704
1989-08-15,88.202
1989-08-16,107.057
1989-08-17,68.459
1989-08-18,61.695
1989-08-19,84.182
1989-08-20,98.188
1989-08-21,86.208
1989-08-22,95.281
1989-08-23,81.269
1989-08-24,77.47
1989-08-25,70.152
1989-08-26,71.098
1989-08-27,53.926
1989-08-28,38.724
1989-08-29,57.979
1989-08-30,87.878
1989-08-31,85.3
1989-09-01,109.721
1989-09-02,134.24
1989-09-03,95.282
1989-09-04,86.737
1989-09-05,88.417
1989-09-06,70.749
1989-09-07,63.877
1989-09-08,64.858
1989-09-09,75.586
1989-09-10,78.358
1989-09-11,60.511
1989-09-12,52.832
1989-09-13,66.067
1989-09-14,92.537
1989-09-15,86.832
1989-09-16,66.3
1989-09-17,47.359
1989-09-18,34.295
1989-09-19,40.963
1989-09-20,43.578
1989-09-21,69.867
1989-09-22,80.428
1989-09-23,91.445
1989-09-24,81.831
1989-09-25,78.258
1989-09-26,123.887
1989-09-27,135.999
1989-09-28,122.964
1989-09-29,87.363
1989-09-30,107.153
1989-10-01,87.05
1989-10-02,53.624
1989-10-03,59.42
1989-10-04,67.391
1989-10-05,65.165
1989-10-06,51.765
1989-10-07,62.825
1989-10-08,100.865
1989-10-09,123.578
1989-10-10,167.2
1989-10-11,195.538
1989-10-12,198.574
1989-10-13,195.589
1989-10-14,270.271
1989-10-15,295.823
1989-10-16,293.635
1989-10-17,284.019
1989-10-18,238.866
1989-10-19,208.13
1989-10-20,198.767
1989-10-21,194.239
1989-10-22,212.238
1989-10-23,214.266
1989-10-24,138.226
1989-10-25,141.195
1989-10-26,154.649
1989-10-27,207.658
1989-10-28,182.311
1989-10-29,170.675
1989-10-30,153.801
1989-10-31,166.913
1989-11-01,209.062
1989-11-02,222.628
1989-11-03,266.013
1989-11-04,249.555
1989-11-05,153.65
1989-11-06,120.35
1989-11-07,86.326
1989-11-08,85.479
1989-11-09,83.128
1989-11-10,79.903
1989-11-11,73.434
1989-11-12,81.185
1989-11-13,96.097
1989-11-14,105.204
1989-11-15,101.912
1989-11-16,91.093
1989-11-17,85.122
1989-11-18,75.552
1989-11-19,75.018
1989-11-20,91.888
1989-11-21,144.381
1989-11-22,208.029
1989-11-23,210.452
1989-11-24,180.728
1989-11-25,197.104
1989-11-26,209.382
1989-11-27,218.56
1989-11-28,210.271
1989-11-29,252.109
1989-11-30,276.009
1989-12-01,254.068
1989-12-02,284.588
1989-12-03,230.176
1989-12-04,203.212
1989-12-05,184.852
1989-12-06,162.493
1989-12-07,223.995
1989-12-08,217.302
1989-12-09,177.369
1989-12-10,218.037
1989-12-11,238.689
1989-12-12,205.041
1989-12-13,219.247
1989-12-14,226.76
1989-12-15,171.323
1989-12-16,133.281
1989-12-17,128.17
1989-12-18,120.511
1989-12-19,115.628
1989-12-20,115.37
1989-12-21,108.968
1989-12-22,110.696
1989-12-23,105.98
1989-12-24,104.064
1989-12-25,113.243
1989-12-26,152.939
1989-12-27,312.849
1989-12-28,440.096
1989-12-29,355.939
1989-12-30,271.365
1989-12-31,190.577
1990-01-01,141.174
1990-01-02,159.109
1990-01-03,160.417
1990-01-04,202.414
1990-01-05,235.389
1990-01-06,211.26
1990-01-07,194.67
1990-01-08,161.922
1990-01-09,125.217
1990-01-10,113.458
1990-01-11,100.223
1990-01-12,98.032
1990-01-13,96.417
1990-01-14,94.903
1990-01-15,93.112
1990-01-16,91.18
1990-01-17,89.198
1990-01-18,88.05
1990-01-19,87.958
1990-01-20,88.748
1990-01-21,93.02
1990-01-22,91.579
1990-01-23,81.953
1990-01-24,81.717
1990-01-25,79.695
1990-01-26,75.175
1990-01-27,82.768
1990-01-28,80.075
1990-01-29,72.1
1990-01-30,68.497
1990-01-31,65.324
1990-02-01,63.387
1990-02-02,61.684
1990-02-03,60.758
1990-02-04,60.934
1990-02-05,62.892
1990-02-06,63.232
1990-02-07,86.931
1990-02-08,91.23
1990-02-09,69.556
1990-02-10,89.831
1990-02-11,89.86
1990-02-12,97.76
1990-02-13,103.171
1990-02-14,96.126
1990-02-15,82.068
1990-02-16,83.103
1990-02-17,75.756
1990-02-18,68.417
1990-02-19,102.513
1990-02-20,99.327
1990-02-21,116.199
1990-02-22,125.795
1990-02-23,166.555
1990-02-24,139.696
1990-02-25,129.641
1990-02-26,132.805
1990-02-27,132.248
1990-02-28,193.933
1990-03-01,141.454
1990-03-02,99.85
1990-03-03,68.902
1990-03-04,72.732
1990-03-05,85.43
1990-03-06,230.816
1990-03-07,219.544
1990-03-08,149.52
1990-03-09,150.143
1990-03-10,207.983
1990-03-11,231.311
1990-03-12,182.535
1990-03-13,159.272
1990-03-14,151.738
1990-03-15,197.327
1990-03-16,321.664
1990-03-17,433.76
1990-03-18,429.809
1990-03-19,322.095
1990-03-20,236.232
1990-03-21,232.93
1990-03-22,217.083
1990-03-23,199.401
1990-03-24,234.258
1990-03-25,214.768
1990-03-26,202.502
1990-03-27,203.192
1990-03-28,184.595
1990-03-29,146.652
1990-03-30,131.697
1990-03-31,224.347
1990-04-01,381.332
1990-04-02,386.837
1990-04-03,337.528
1990-04-04,312.621
1990-04-05,359.644
1990-04-06,310.392
1990-04-07,421.525
1990-04-08,407.3
1990-04-09,295.775
1990-04-10,319.638
1990-04-11,322.155
1990-04-12,350.905
1990-04-13,360.568
1990-04-14,319.986
1990-04-15,209.882
1990-04-16,178.29
1990-04-17,172.953
1990-04-18,173.035
1990-04-19,204.586
1990-04-20,315.082
1990-04-21,392.533
1990-04-22,322.062
1990-04-23,260.405
1990-04-24,207.885
1990-04-25,219.002
1990-04-26,193.728
1990-04-27,204.508
1990-04-28,212.583
1990-04-29,219.196
1990-04-30,209.096
1990-05-01,218.9
1990-05-02,216.051
1990-05-03,173.407
1990-05-04,155.381
1990-05-05,170.147
1990-05-06,193.052
1990-05-07,176.75
1990-05-08,164.237
1990-05-09,185.738
1990-05-10,216.45
1990-05-11,239.973
1990-05-12,308.728
1990-05-13,409.771
1990-05-14,503.72
1990-05-15,456.376
1990-05-16,405.727
1990-05-17,390.235
1990-05-18,351.144
1990-05-19,375.251
1990-05-20,389.25
1990-05-21,341.86
1990-05-22,312.835
1990-05-23,273.115
1990-05-24,310.248
1990-05-25,398.542
1990-05-26,441.001
1990-05-27,456.381
1990-05-28,402.47
1990-05-29,335.569
1990-05-30,310.84
1990-05-31,255.636
1990-06-01,260.263
1990-06-02,256.785
1990-06-03,239.309
1990-06-04,232.55
1990-06-05,195.646
1990-06-06,177.244
1990-06-07,191.232
1990-06-08,214.986
1990-06-09,223.328
1990-06-10,189.618
1990-06-11,179.649
1990-06-12,180.388
1990-06-13,197.062
1990-06-14,213.521
1990-06-15,187.358
1990-06-16,156.197
1990-06-17,141.259
1990-06-18,132.3
1990-06-19,129.205
1990-06-20,126.773
1990-06-21,124.04
1990-06-22,120.89
1990-06-23,118.049
1990-06-24,118.253
1990-06-25,124.582
1990-06-26,114.75
1990-06-27,110.488
1990-06-28,107.927
1990-06-29,107.272
1990-06-30,102.968
1990-07-01,99.522
1990-07-02,98.388
1990-07-03,96.149
1990-07-04,94.332
1990-07-05,91.375
1990-07-06,87.876
1990-07-07,85.65
1990-07-08,83.678
1990-07-09,82.29
1990-07-10,81.103
1990-07-11,80.487
1990-07-12,78.771
1990-07-13,77.318
1990-07-14,76.507
1990-07-15,84.113
1990-07-16,93.4
1990-07-17,80.164
1990-07-18,76.97
1990-07-19,76.503
1990-07-20,111.565
1990-07-21,91.917
1990-07-22,88.253
1990-07-23,88.555
1990-07-24,83.093
1990-07-25,75.283
1990-07-26,69.873
1990-07-27,60.658
1990-07-28,60.146
1990-07-29,57.89
1990-07-30,55.302
1990-07-31,54.154
1990-08-01,53.225
1990-08-02,52.659
1990-08-03,53.752
1990-08-04,53.892
1990-08-05,53.308
1990-08-06,55.138
1990-08-07,61.611
1990-08-08,73.429
1990-08-09,72.635
1990-08-10,67.728
1990-08-11,64.71
1990-08-12,64.639
1990-08-13,92.584
1990-08-14,81.344
1990-08-15,78.417
1990-08-16,96.877
1990-08-17,91.343
1990-08-18,95.105
1990-08-19,84.257
1990-08-20,67.46
1990-08-21,68.588
1990-08-22,102.517
1990-08-23,96.348
1990-08-24,94.079
1990-08-25,102.493
1990-08-26,107.096
1990-08-27,136.868
1990-08-28,106.748
1990-08-29,101.005
1990-08-30,92.33
1990-08-31,122.729
1990-09-01,111.354
1990-09-02,94.722
1990-09-03,81.028
1990-09-04,81.525
1990-09-05,78.34
1990-09-06,94.514
1990-09-07,108.893
1990-09-08,95.518
1990-09-09,69.022
1990-09-10,74.154
1990-09-11,87.592
1990-09-12,109.715
1990-09-13,105.99
1990-09-14,100.133
1990-09-15,103.098
1990-09-16,115.628
1990-09-17,103.319
1990-09-18,103.679
1990-09-19,133.528
1990-09-20,123.789
1990-09-21,119.288
1990-09-22,113.101
1990-09-23,98.304
1990-09-24,91.06
1990-09-25,150.658
1990-09-26,152.1
1990-09-27,101.777
1990-09-28,101.62
1990-09-29,119.297
1990-09-30,145.816
1990-10-01,173.072
1990-10-02,195.78
1990-10-03,146.972
1990-10-04,116.895
1990-10-05,77.632
1990-10-06,66.601
1990-10-07,67.224
1990-10-08,55.128
1990-10-09,46.498
1990-10-10,49.587
1990-10-11,84.363
1990-10-12,87.526
1990-10-13,96.85
1990-10-14,144.147
1990-10-15,150.122
1990-10-16,175.068
1990-10-17,165.255
1990-10-18,144.026
1990-10-19,147.523
1990-10-20,251.41
1990-10-21,280.665
1990-10-22,262.419
1990-10-23,210.285
1990-10-24,234.384
1990-10-25,265.732
1990-10-26,261.403
1990-10-27,302.239
1990-10-28,425.1
1990-10-29,434.677
1990-10-30,391.268
1990-10-31,308.832
1990-11-01,258.415
1990-11-02,203.877
1990-11-03,175.579
1990-11-04,154.831
1990-11-05,197.235
1990-11-06,209.592
1990-11-07,185.541
1990-11-08,184.633
1990-11-09,257.341
1990-11-10,222.955
1990-11-11,287.04
1990-11-12,211.639
1990-11-13,162.192
1990-11-14,150.151
1990-11-15,137.954
1990-11-16,152.898
1990-11-17,203.752
1990-11-18,237.48
1990-11-19,284.525
1990-11-20,232.952
1990-11-21,163.64
1990-11-22,174.988
1990-11-23,207.122
1990-11-24,182.322
1990-11-25,156.328
1990-11-26,112.345
1990-11-27,105.968
1990-11-28,114.105
1990-11-29,123.698
1990-11-30,104.9
1990-12-01,106.828
1990-12-02,119.37
1990-12-03,173.091
1990-12-04,222.585
1990-12-05,234.937
1990-12-06,212.152
1990-12-07,196.245
1990-12-08,195.008
1990-12-09,211.48
1990-12-10,207.738
1990-12-11,172.058
1990-12-12,229.122
1990-12-13,425.024
1990-12-14,378.165
1990-12-15,414.694
1990-12-16,695.222
1990-12-17,595.174
1990-12-18,312.864
1990-12-19,241.927
1990-12-20,204.87
1990-12-21,198.641
1990-12-22,184.552
1990-12-23,183.721
1990-12-24,197.104
1990-12-25,173.006
1990-12-26,144.975
1990-12-27,138.141
1990-12-28,133.474
1990-12-29,129.403
1990-12-30,125.623
1990-12-31,122.415
1991-01-01,120.025
1991-01-02,118.598
1991-01-03,120.808
1991-01-04,128.75
1991-01-05,129.405
1991-01-06,119.797
1991-01-07,109.722
1991-01-08,112.389
1991-01-09,127.395
1991-01-10,136.477
1991-01-11,127.676
1991-01-12,120.788
1991-01-13,118.573
1991-01-14,107.947
1991-01-15,102.516
1991-01-16,90.272
1991-01-17,84.34
1991-01-18,83.272
1991-01-19,81.063
1991-01-20,80.079
1991-01-21,78.683
1991-01-22,75.907
1991-01-23,74.413
1991-01-24,72.83
1991-01-25,71.682
1991-01-26,72.731
1991-01-27,78.348
1991-01-28,88.021
1991-01-29,111.253
1991-01-30,127.567
1991-01-31,84.783
1991-02-01,96.365
1991-02-02,100.814
1991-02-03,85.198
1991-02-04,64.425
1991-02-05,62.544
1991-02-06,62.556
1991-02-07,59.583
1991-02-08,56.673
1991-02-09,56.989
1991-02-10,73.253
1991-02-11,77.832
1991-02-12,62.214
1991-02-13,66.431
1991-02-14,83.507
1991-02-15,121.907
1991-02-16,91.54
1991-02-17,103.569
1991-02-18,83.398
1991-02-19,82.209
1991-02-20,70.031
1991-02-21,52.902
1991-02-22,59.811
1991-02-23,57.888
1991-02-24,50.03
1991-02-25,55.133
1991-02-26,60.995
1991-02-27,72.918
1991-02-28,76.233
1991-03-01,88.227
1991-03-02,90.568
1991-03-03,76.188
1991-03-04,52.052
1991-03-05,63.092
1991-03-06,89.393
1991-03-07,65.399
1991-03-08,88.485
1991-03-09,120.852
1991-03-10,116.076
1991-03-11,99.622
1991-03-12,59.631
1991-03-13,64.268
1991-03-14,95.046
1991-03-15,154.643
1991-03-16,225.982
1991-03-17,166.731
1991-03-18,136.373
1991-03-19,85.965
1991-03-20,43.329
1991-03-21,39.37
1991-03-22,38.66
1991-03-23,38.808
1991-03-24,41.841
1991-03-25,42.698
1991-03-26,41.352
1991-03-27,41.513
1991-03-28,47.333
1991-03-29,107.732
1991-03-30,307.066
1991-03-31,449.26
1991-04-01,427.67
1991-04-02,432.075
1991-04-03,327.995
1991-04-04,240.188
1991-04-05,415.976
1991-04-06,409.105
1991-04-07,244.644
1991-04-08,217.433
1991-04-09,218.403
1991-04-10,278.806
1991-04-11,271.426
1991-04-12,206.09
1991-04-13,239.5
1991-04-14,224.64
1991-04-15,223.2
1991-04-16,169.648
1991-04-17,104.341
1991-04-18,123.11
1991-04-19,134.217
1991-04-20,136.561
1991-04-21,187.003
1991-04-22,229.7
1991-04-23,221.751
1991-04-24,199.269
1991-04-25,208.65
1991-04-26,229.862
1991-04-27,230.628
1991-04-28,274.087
1991-04-29,242.87
1991-04-30,248.267
1991-05-01,272.383
1991-05-02,327.266
1991-05-03,405.964
1991-05-04,479.355
1991-05-05,659.036
1991-05-06,531.016
1991-05-07,392.354
1991-05-08,340.326
1991-05-09,278.489
1991-05-10,286.891
1991-05-11,254.342
1991-05-12,232.738
1991-05-13,236.907
1991-05-14,315.093
1991-05-15,407.383
1991-05-16,350.158
1991-05-17,378.194
1991-05-18,365.266
1991-05-19,297.008
1991-05-20,304.392
1991-05-21,344.398
1991-05-22,386.536
1991-05-23,386.3
1991-05-24,341.47
1991-05-25,297.406
1991-05-26,290.651
1991-05-27,345.038
1991-05-28,389.477
1991-05-29,346.158
1991-05-30,393.164
1991-05-31,345.029
1991-06-01,274.929
1991-06-02,240.875
1991-06-03,216.179
1991-06-04,214.247
1991-06-05,218.596
1991-06-06,229.104
1991-06-07,252.475
1991-06-08,272.964
1991-06-09,307.573
1991-06-10,313.367
1991-06-11,249.01
1991-06-12,216.548
1991-06-13,192.784
1991-06-14,159.525
1991-06-15,184.318
1991-06-16,211.221
1991-06-17,225.956
1991-06-18,246.579
1991-06-19,306.675
1991-06-20,328.779
1991-06-21,230.944
1991-06-22,209.791
1991-06-23,178.448
1991-06-24,148.665
1991-06-25,159.443
1991-06-26,158.875
1991-06-27,174.79
1991-06-28,182.685
1991-06-29,185.099
1991-06-30,178.538
1991-07-01,178.954
1991-07-02,217.796
1991-07-03,198.954
1991-07-04,180.036
1991-07-05,150.096
1991-07-06,151.136
1991-07-07,156.561
1991-07-08,155.282
1991-07-09,187.68
1991-07-10,139.575
1991-07-11,129.905
1991-07-12,113.995
1991-07-13,107.192
1991-07-14,117.054
1991-07-15,134.867
1991-07-16,134.251
1991-07-17,123.025
1991-07-18,112.723
1991-07-19,101.28
1991-07-20,104.273
1991-07-21,108.533
1991-07-22,110.431
1991-07-23,98.527
1991-07-24,93.403
1991-07-25,91.696
1991-07-26,88.731
1991-07-27,92.258
1991-07-28,89.139
1991-07-29,90.027
1991-07-30,134.134
1991-07-31,127.498
1991-08-01,125.724
1991-08-02,117.029
1991-08-03,100.93
1991-08-04,108.797
1991-08-05,124.422
1991-08-06,140.951
1991-08-07,135.04
1991-08-08,115.225
1991-08-09,106.012
1991-08-10,168.922
1991-08-11,170.624
1991-08-12,125.382
1991-08-13,117.306
1991-08-14,147.994
1991-08-15,125.772
1991-08-16,102.795
1991-08-17,96.969
1991-08-18,127.159
1991-08-19,130.531
1991-08-20,116.614
1991-08-21,129.265
1991-08-22,152.042
1991-08-23,142.635
1991-08-24,166.95
1991-08-25,138.129
1991-08-26,161.54
1991-08-27,130.952
1991-08-28,163.165
1991-08-29,162.191
1991-08-30,173.339
1991-08-31,195.561
1991-09-01,183.532
1991-09-02,128.769
1991-09-03,158.57
1991-09-04,167.912
1991-09-05,187.784
1991-09-06,174.379
1991-09-07,157.641
1991-09-08,116.294
1991-09-09,99.025
1991-09-10,128.382
1991-09-11,140.792
1991-09-12,144.837
1991-09-13,137.609
1991-09-14,99.744
1991-09-15,100.961
1991-09-16,109.043
1991-09-17,125.618
1991-09-18,131.685
1991-09-19,104.084
1991-09-20,77.485
1991-09-21,75.042
1991-09-22,77.265
1991-09-23,75.365
1991-09-24,81.48
1991-09-25,75.793
1991-09-26,83.067
1991-09-27,71.192
1991-09-28,81.937
1991-09-29,143.493
1991-09-30,128.023
1991-10-01,163.37
1991-10-02,127.153
1991-10-03,69.172
1991-10-04,70.503
1991-10-05,71.442
1991-10-06,76.02
1991-10-07,67.891
1991-10-08,64.106
1991-10-09,79.097
1991-10-10,111.785
1991-10-11,110.024
1991-10-12,130.1
1991-10-13,188.942
1991-10-14,160.87
1991-10-15,135.79
1991-10-16,139.424
1991-10-17,142.862
1991-10-18,181.388
1991-10-19,182.545
1991-10-20,157.646
1991-10-21,151.219
1991-10-22,182.321
1991-10-23,233.0
1991-10-24,241.107
1991-10-25,215.338
1991-10-26,291.883
1991-10-27,300.663
1991-10-28,252.546
1991-10-29,306.816
1991-10-30,312.581
1991-10-31,296.92
1991-11-01,190.427
1991-11-02,169.807
1991-11-03,158.185
1991-11-04,183.207
1991-11-05,244.503
1991-11-06,237.973
1991-11-07,200.665
1991-11-08,171.838
1991-11-09,208.823
1991-11-10,205.742
1991-11-11,198.941
1991-11-12,274.152
1991-11-13,254.43
1991-11-14,198.756
1991-11-15,143.421
1991-11-16,124.825
1991-11-17,117.628
1991-11-18,103.552
1991-11-19,96.68
1991-11-20,97.259
1991-11-21,115.703
1991-11-22,187.613
1991-11-23,229.212
1991-11-24,244.254
1991-11-25,225.85
1991-11-26,250.939
1991-11-27,204.857
1991-11-28,193.415
1991-11-29,164.19
1991-11-30,153.16
1991-12-01,140.215
1991-12-02,110.924
1991-12-03,115.022
1991-12-04,126.737
1991-12-05,202.683
1991-12-06,212.058
1991-12-07,202.552
1991-12-08,206.443
1991-12-09,151.317
1991-12-10,135.524
1991-12-11,117.47
1991-12-12,94.663
1991-12-13,95.07
1991-12-14,95.977
1991-12-15,91.852
1991-12-16,91.772
1991-12-17,86.677
1991-12-18,86.302
1991-12-19,88.853
1991-12-20,81.66
1991-12-21,78.525
1991-12-22,77.225
1991-12-23,77.345
1991-12-24,78.528
1991-12-25,78.218
1991-12-26,77.06
1991-12-27,74.251
1991-12-28,70.763
1991-12-29,67.957
1991-12-30,66.365
1991-12-31,64.788
1992-01-01,63.512
1992-01-02,62.131
1992-01-03,60.845
1992-01-04,59.438
1992-01-05,58.072
1992-01-06,56.83
1992-01-07,55.62
1992-01-08,54.411
1992-01-09,53.087
1992-01-10,52.536
1992-01-11,52.188
1992-01-12,51.034
1992-01-13,49.853
1992-01-14,48.607
1992-01-15,47.664
1992-01-16,46.532
1992-01-17,45.187
1992-01-18,44.64
1992-01-19,44.436
1992-01-20,44.717
1992-01-21,43.974
1992-01-22,42.915
1992-01-23,41.72
1992-01-24,41.509
1992-01-25,41.23
1992-01-26,42.221
1992-01-27,40.241
1992-01-28,39.113
1992-01-29,38.995
1992-01-30,36.881
1992-01-31,36.806
1992-02-01,38.505
1992-02-02,39.393
1992-02-03,38.045
1992-02-04,36.465
1992-02-05,48.644
1992-02-06,40.408
1992-02-07,36.532
1992-02-08,33.745
1992-02-09,31.569
1992-02-10,30.268
1992-02-11,29.674
1992-02-12,29.034
1992-02-13,28.238
1992-02-14,27.575
1992-02-15,27.165
1992-02-16,26.961
1992-02-17,26.997
1992-02-18,27.212
1992-02-19,27.012
1992-02-20,26.444
1992-02-21,26.621
1992-02-22,26.572
1992-02-23,26.477
1992-02-24,28.178
1992-02-25,28.178
1992-02-26,27.238
1992-02-27,25.436
1992-02-28,27.06
1992-02-29,32.781
1992-03-01,30.776
1992-03-02,23.083
1992-03-03,21.461
1992-03-04,21.128
1992-03-05,20.87
1992-03-06,20.551
1992-03-07,20.379
1992-03-08,20.2
1992-03-09,20.581
1992-03-10,21.065
1992-03-11,21.006
1992-03-12,20.356
1992-03-13,19.012
1992-03-14,18.172
1992-03-15,17.744
1992-03-16,17.441
1992-03-17,17.157
1992-03-18,17.354
1992-03-19,19.528
1992-03-20,21.659
1992-03-21,22.355
1992-03-22,21.729
1992-03-23,19.83
1992-03-24,18.234
1992-03-25,17.312
1992-03-26,17.872
1992-03-27,34.746
1992-03-28,26.849
1992-03-29,17.147
1992-03-30,16.162
1992-03-31,30.099
1992-04-01,27.849
1992-04-02,25.08
1992-04-03,27.9
1992-04-04,29.113
1992-04-05,50.704
1992-04-06,50.138
1992-04-07,78.776
1992-04-08,92.533
1992-04-09,93.949
1992-04-10,76.645
1992-04-11,74.504
1992-04-12,119.879
1992-04-13,107.9
1992-04-14,48.218
1992-04-15,54.0
1992-04-16,60.508
1992-04-17,40.769
1992-04-18,14.686
1992-04-19,13.03
1992-04-20,13.379
1992-04-21,16.095
1992-04-22,23.843
1992-04-23,27.08
1992-04-24,32.67
1992-04-25,23.436
1992-04-26,43.966
1992-04-27,56.662
1992-04-28,101.7
1992-04-29,408.72
1992-04-30,281.063
1992-05-01,337.176
1992-05-02,302.624
1992-05-03,183.349
1992-05-04,161.74
1992-05-05,129.935
1992-05-06,62.978
1992-05-07,47.061
1992-05-08,65.088
1992-05-09,82.102
1992-05-10,62.694
1992-05-11,49.314
1992-05-12,68.11
1992-05-13,140.784
1992-05-14,117.011
1992-05-15,87.973
1992-05-16,84.42
1992-05-17,55.618
1992-05-18,70.268
1992-05-19,90.66
1992-05-20,92.607
1992-05-21,90.146
1992-05-22,63.301
1992-05-23,51.932
1992-05-24,52.776
1992-05-25,57.308
1992-05-26,75.468
1992-05-27,58.413
1992-05-28,74.874
1992-05-29,104.569
1992-05-30,86.184
1992-05-31,35.596
1992-06-01,49.66
1992-06-02,55.648
1992-06-03,82.2
1992-06-04,70.147
1992-06-05,43.083
1992-06-06,55.002
1992-06-07,46.724
1992-06-08,61.087
1992-06-09,87.062
1992-06-10,114.751
1992-06-11,93.258
1992-06-12,67.944
1992-06-13,39.033
1992-06-14,53.974
1992-06-15,57.002
1992-06-16,72.62
1992-06-17,62.062
1992-06-18,71.119
1992-06-19,72.856
1992-06-20,86.857
1992-06-21,86.336
1992-06-22,67.565
1992-06-23,102.951
1992-06-24,107.062
1992-06-25,108.831
1992-06-26,158.393
1992-06-27,166.841
1992-06-28,245.608
1992-06-29,372.132
1992-06-30,372.982
1992-07-01,297.155
1992-07-02,214.515
1992-07-03,156.234
1992-07-04,120.467
1992-07-05,109.923
1992-07-06,168.112
1992-07-07,144.179
1992-07-08,130.226
1992-07-09,128.667
1992-07-10,76.66
1992-07-11,68.287
1992-07-12,63.691
1992-07-13,53.272
1992-07-14,60.558
1992-07-15,65.668
1992-07-16,70.902
1992-07-17,86.034
1992-07-18,122.958
1992-07-19,136.542
1992-07-20,126.095
1992-07-21,124.805
1992-07-22,88.48
1992-07-23,63.856
1992-07-24,57.556
1992-07-25,61.632
1992-07-26,67.71
1992-07-27,93.158
1992-07-28,94.416
1992-07-29,70.662
1992-07-30,62.91
1992-07-31,62.481
1992-08-01,88.058
1992-08-02,187.716
1992-08-03,151.69
1992-08-04,135.981
1992-08-05,99.367
1992-08-06,58.648
1992-08-07,76.588
1992-08-08,68.743
1992-08-09,85.01
1992-08-10,95.098
1992-08-11,93.815
1992-08-12,74.77
1992-08-13,75.145
1992-08-14,81.406
1992-08-15,57.738
1992-08-16,43.92
1992-08-17,42.111
1992-08-18,45.825
1992-08-19,61.042
1992-08-20,49.919
1992-08-21,47.403
1992-08-22,50.289
1992-08-23,43.415
1992-08-24,45.85
1992-08-25,58.623
1992-08-26,104.45
1992-08-27,100.772
1992-08-28,81.388
1992-08-29,68.386
1992-08-30,62.018
1992-08-31,61.212
1992-09-01,91.21
1992-09-02,125.533
1992-09-03,124.606
1992-09-04,134.341
1992-09-05,137.184
1992-09-06,180.0
1992-09-07,134.713
1992-09-08,120.007
1992-09-09,170.014
1992-09-10,216.911
1992-09-11,205.545
1992-09-12,260.302
1992-09-13,303.884
1992-09-14,279.746
1992-09-15,246.568
1992-09-16,180.242
1992-09-17,192.77
1992-09-18,167.724
1992-09-19,167.754
1992-09-20,188.835
1992-09-21,215.197
1992-09-22,194.284
1992-09-23,126.374
1992-09-24,78.607
1992-09-25,95.561
1992-09-26,116.899
1992-09-27,116.66
1992-09-28,133.09
1992-09-29,158.261
1992-09-30,207.378
1992-10-01,132.229
1992-10-02,132.359
1992-10-03,111.719
1992-10-04,134.536
1992-10-05,152.577
1992-10-06,226.836
1992-10-07,290.027
1992-10-08,248.272
1992-10-09,193.744
1992-10-10,153.338
1992-10-11,167.705
1992-10-12,174.448
1992-10-13,146.153
1992-10-14,168.302
1992-10-15,169.928
1992-10-16,169.379
1992-10-17,232.425
1992-10-18,280.38
1992-10-19,254.388
1992-10-20,287.159
1992-10-21,305.81
1992-10-22,362.169
1992-10-23,333.263
1992-10-24,276.944
1992-10-25,296.058
1992-10-26,460.957
1992-10-27,453.787
1992-10-28,308.649
1992-10-29,233.08
1992-10-30,161.429
1992-10-31,133.607
1992-11-01,143.302
1992-11-02,138.88
1992-11-03,139.334
1992-11-04,215.324
1992-11-05,260.855
1992-11-06,341.214
1992-11-07,357.15
1992-11-08,334.699
1992-11-09,267.048
1992-11-10,273.97
1992-11-11,350.287
1992-11-12,357.478
1992-11-13,395.258
1992-11-14,316.455
1992-11-15,303.978
1992-11-16,298.31
1992-11-17,379.182
1992-11-18,316.438
1992-11-19,258.704
1992-11-20,233.204
1992-11-21,213.091
1992-11-22,214.592
1992-11-23,165.067
1992-11-24,137.452
1992-11-25,136.984
1992-11-26,133.125
1992-11-27,122.311
1992-11-28,118.701
1992-11-29,114.572
1992-11-30,112.83
1992-12-01,113.979
1992-12-02,129.722
1992-12-03,167.348
1992-12-04,274.464
1992-12-05,236.982
1992-12-06,185.744
1992-12-07,235.885
1992-12-08,273.861
1992-12-09,310.748
1992-12-10,241.786
1992-12-11,176.934
1992-12-12,143.218
1992-12-13,121.689
1992-12-14,113.07
1992-12-15,115.636
1992-12-16,125.731
1992-12-17,126.579
1992-12-18,133.653
1992-12-19,166.969
1992-12-20,156.119
1992-12-21,169.105
1992-12-22,168.629
1992-12-23,148.827
1992-12-24,106.219
1992-12-25,99.362
1992-12-26,103.725
1992-12-27,96.159
1992-12-28,89.768
1992-12-29,97.634
1992-12-30,110.587
1992-12-31,118.111
1993-01-01,102.658
1993-01-02,86.312
1993-01-03,82.982
1993-01-04,81.448
1993-01-05,80.868
1993-01-06,81.843
1993-01-07,84.63
1993-01-08,78.729
1993-01-09,79.957
1993-01-10,98.822
1993-01-11,125.731
1993-01-12,174.247
1993-01-13,157.146
1993-01-14,110.017
1993-01-15,83.145
1993-01-16,68.214
1993-01-17,64.633
1993-01-18,62.787
1993-01-19,61.533
1993-01-20,60.519
1993-01-21,59.445
1993-01-22,58.287
1993-01-23,56.974
1993-01-24,55.906
1993-01-25,54.839
1993-01-26,53.815
1993-01-27,53.314
1993-01-28,52.605
1993-01-29,51.704
1993-01-30,51.336
1993-01-31,51.355
1993-02-01,52.049
1993-02-02,55.365
1993-02-03,63.412
1993-02-04,61.216
1993-02-05,51.356
1993-02-06,50.973
1993-02-07,49.222
1993-02-08,44.775
1993-02-09,43.707
1993-02-10,40.975
1993-02-11,39.849
1993-02-12,39.324
1993-02-13,40.864
1993-02-14,40.805
1993-02-15,40.357
1993-02-16,41.444
1993-02-17,41.344
1993-02-18,37.302
1993-02-19,36.801
1993-02-20,34.826
1993-02-21,33.697
1993-02-22,33.158
1993-02-23,33.237
1993-02-24,33.398
1993-02-25,33.767
1993-02-26,39.625
1993-02-27,60.735
1993-02-28,41.516
1993-03-01,36.051
1993-03-02,36.02
1993-03-03,124.77
1993-03-04,89.467
1993-03-05,50.072
1993-03-06,37.918
1993-03-07,28.0
1993-03-08,27.693
1993-03-09,28.909
1993-03-10,37.232
1993-03-11,41.04
1993-03-12,64.121
1993-03-13,43.098
1993-03-14,32.251
1993-03-15,31.035
1993-03-16,30.733
1993-03-17,27.582
1993-03-18,23.685
1993-03-19,24.714
1993-03-20,26.674
1993-03-21,36.905
1993-03-22,69.978
1993-03-23,66.427
1993-03-24,53.503
1993-03-25,47.502
1993-03-26,54.587
1993-03-27,36.836
1993-03-28,47.81
1993-03-29,38.757
1993-03-30,26.345
1993-03-31,27.586
1993-04-01,28.154
1993-04-02,22.136
1993-04-03,22.012
1993-04-04,25.968
1993-04-05,35.751
1993-04-06,29.795
1993-04-07,23.598
1993-04-08,21.977
1993-04-09,21.118
1993-04-10,22.811
1993-04-11,27.542
1993-04-12,28.55
1993-04-13,33.917
1993-04-14,48.484
1993-04-15,45.285
1993-04-16,46.52
1993-04-17,44.192
1993-04-18,60.216
1993-04-19,100.018
1993-04-20,132.657
1993-04-21,129.825
1993-04-22,80.058
1993-04-23,76.182
1993-04-24,86.959
1993-04-25,106.803
1993-04-26,163.084
1993-04-27,216.982
1993-04-28,225.126
1993-04-29,148.396
1993-04-30,105.655
1993-05-01,183.292
1993-05-02,305.742
1993-05-03,269.728
1993-05-04,250.54
1993-05-05,249.472
1993-05-06,200.808
1993-05-07,191.002
1993-05-08,241.19
1993-05-09,198.9
1993-05-10,170.279
1993-05-11,115.653
1993-05-12,83.949
1993-05-13,107.515
1993-05-14,167.645
1993-05-15,221.558
1993-05-16,263.791
1993-05-17,235.8
1993-05-18,165.008
1993-05-19,180.33
1993-05-20,154.275
1993-05-21,136.598
1993-05-22,103.453
1993-05-23,81.638
1993-05-24,66.86
1993-05-25,65.04
1993-05-26,94.773
1993-05-27,125.694
1993-05-28,95.2
1993-05-29,93.828
1993-05-30,93.652
1993-05-31,81.242
1993-06-01,87.177
1993-06-02,69.568
1993-06-03,84.797
1993-06-04,86.462
1993-06-05,121.135
1993-06-06,92.418
1993-06-07,103.865
1993-06-08,156.332
1993-06-09,191.73
1993-06-10,159.352
1993-06-11,126.491
1993-06-12,110.391
1993-06-13,88.633
1993-06-14,126.956
1993-06-15,134.058
1993-06-16,125.993
1993-06-17,118.538
1993-06-18,127.126
1993-06-19,111.887
1993-06-20,94.123
1993-06-21,74.578
1993-06-22,77.567
1993-06-23,82.682
1993-06-24,118.237
1993-06-25,96.568
1993-06-26,169.254
1993-06-27,169.04
1993-06-28,103.022
1993-06-29,102.817
1993-06-30,139.946
1993-07-01,127.974
1993-07-02,105.855
1993-07-03,86.784
1993-07-04,67.491
1993-07-05,51.922
1993-07-06,49.805
1993-07-07,48.442
1993-07-08,45.624
1993-07-09,46.262
1993-07-10,45.075
1993-07-11,43.696
1993-07-12,45.505
1993-07-13,61.497
1993-07-14,63.4
1993-07-15,55.058
1993-07-16,49.94
1993-07-17,44.801
1993-07-18,55.724
1993-07-19,53.22
1993-07-20,40.919
1993-07-21,41.057
1993-07-22,42.148
1993-07-23,48.97
1993-07-24,47.404
1993-07-25,40.529
1993-07-26,38.392
1993-07-27,36.462
1993-07-28,37.194
1993-07-29,36.833
1993-07-30,35.366
1993-07-31,34.978
1993-08-01,34.22
1993-08-02,36.868
1993-08-03,37.238
1993-08-04,40.466
1993-08-05,53.245
1993-08-06,65.609
1993-08-07,72.163
1993-08-08,60.17
1993-08-09,65.867
1993-08-10,82.813
1993-08-11,103.823
1993-08-12,95.502
1993-08-13,99.586
1993-08-14,108.172
1993-08-15,84.839
1993-08-16,84.618
1993-08-17,70.991
1993-08-18,63.038
1993-08-19,59.365
1993-08-20,42.524
1993-08-21,53.086
1993-08-22,53.913
1993-08-23,68.912
1993-08-24,78.404
1993-08-25,101.568
1993-08-26,98.118
1993-08-27,109.275
1993-08-28,139.05
1993-08-29,136.37
1993-08-30,123.939
1993-08-31,110.213
1993-09-01,77.59
1993-09-02,101.002
1993-09-03,135.477
1993-09-04,203.104
1993-09-05,197.4
1993-09-06,147.734
1993-09-07,170.305
1993-09-08,119.983
1993-09-09,171.325
1993-09-10,173.849
1993-09-11,157.566
1993-09-12,96.644
1993-09-13,55.392
1993-09-14,70.388
1993-09-15,64.295
1993-09-16,100.401
1993-09-17,147.869
1993-09-18,124.013
1993-09-19,127.73
1993-09-20,174.499
1993-09-21,195.445
1993-09-22,155.708
1993-09-23,149.699
1993-09-24,158.18
1993-09-25,98.711
1993-09-26,68.086
1993-09-27,100.774
1993-09-28,120.478
1993-09-29,162.692
1993-09-30,139.985
1993-10-01,106.229
1993-10-02,89.87
1993-10-03,92.402
1993-10-04,166.832
1993-10-05,197.303
1993-10-06,197.532
1993-10-07,211.572
1993-10-08,150.852
1993-10-09,134.007
1993-10-10,141.465
1993-10-11,117.528
1993-10-12,186.351
1993-10-13,155.648
1993-10-14,164.642
1993-10-15,171.545
1993-10-16,173.747
1993-10-17,128.178
1993-10-18,136.128
1993-10-19,165.535
1993-10-20,226.98
1993-10-21,260.779
1993-10-22,317.645
1993-10-23,337.116
1993-10-24,313.932
1993-10-25,233.338
1993-10-26,150.641
1993-10-27,120.038
1993-10-28,117.541
1993-10-29,120.318
1993-10-30,161.4
1993-10-31,143.196
1993-11-01,114.01
1993-11-02,225.551
1993-11-03,321.234
1993-11-04,316.312
1993-11-05,305.596
1993-11-06,263.724
1993-11-07,340.59
1993-11-08,379.657
1993-11-09,370.43
1993-11-10,329.332
1993-11-11,278.542
1993-11-12,263.837
1993-11-13,175.891
1993-11-14,206.147
1993-11-15,242.721
1993-11-16,204.725
1993-11-17,200.471
1993-11-18,249.856
1993-11-19,280.33
1993-11-20,227.878
1993-11-21,179.263
1993-11-22,127.49
1993-11-23,107.81
1993-11-24,106.923
1993-11-25,113.84
1993-11-26,145.408
1993-11-27,158.929
1993-11-28,157.93
1993-11-29,134.452
1993-11-30,143.207
1993-12-01,220.778
1993-12-02,173.123
1993-12-03,168.775
1993-12-04,170.315
1993-12-05,157.177
1993-12-06,170.523
1993-12-07,182.599
1993-12-08,150.623
1993-12-09,161.391
1993-12-10,183.301
1993-12-11,177.718
1993-12-12,185.427
1993-12-13,157.793
1993-12-14,113.143
1993-12-15,89.103
1993-12-16,82.685
1993-12-17,92.029
1993-12-18,106.233
1993-12-19,148.505
1993-12-20,121.812
1993-12-21,91.583
1993-12-22,100.508
1993-12-23,89.581
1993-12-24,75.425
1993-12-25,71.705
1993-12-26,71.469
1993-12-27,77.511
1993-12-28,75.657
1993-12-29,67.75
1993-12-30,65.074
1993-12-31,63.711
1994-01-01,62.357
1994-01-02,60.805
1994-01-03,59.272
1994-01-04,57.856
1994-01-05,56.58
1994-01-06,55.362
1994-01-07,54.428
1994-01-08,53.424
1994-01-09,52.97
1994-01-10,55.726
1994-01-11,59.993
1994-01-12,58.564
1994-01-13,57.537
1994-01-14,59.512
1994-01-15,55.673
1994-01-16,48.85
1994-01-17,50.72
1994-01-18,48.726
1994-01-19,44.991
1994-01-20,43.737
1994-01-21,49.618
1994-01-22,51.83
1994-01-23,45.564
1994-01-24,40.032
1994-01-25,40.254
1994-01-26,39.555
1994-01-27,40.537
1994-01-28,40.539
1994-01-29,39.271
1994-01-30,37.265
1994-01-31,36.598
1994-02-01,35.739
1994-02-02,34.964
1994-02-03,33.916
1994-02-04,32.487
1994-02-05,31.364
1994-02-06,30.659
1994-02-07,30.111
1994-02-08,29.928
1994-02-09,31.44
1994-02-10,36.131
1994-02-11,36.766
1994-02-12,33.141
1994-02-13,28.551
1994-02-14,26.995
1994-02-15,31.672
1994-02-16,36.454
1994-02-17,42.681
1994-02-18,35.47
1994-02-19,26.253
1994-02-20,24.282
1994-02-21,23.58
1994-02-22,23.278
1994-02-23,23.656
1994-02-24,25.207
1994-02-25,26.892
1994-02-26,26.617
1994-02-27,26.204
1994-02-28,31.858
1994-03-01,30.205
1994-03-02,27.941
1994-03-03,23.398
1994-03-04,25.354
1994-03-05,30.578
1994-03-06,40.401
1994-03-07,36.135
1994-03-08,43.136
1994-03-09,33.215
1994-03-10,37.346
1994-03-11,40.187
1994-03-12,30.686
1994-03-13,31.648
1994-03-14,29.248
1994-03-15,37.891
1994-03-16,33.074
1994-03-17,30.111
1994-03-18,34.585
1994-03-19,42.048
1994-03-20,57.522
1994-03-21,56.161
1994-03-22,49.071
1994-03-23,29.268
1994-03-24,34.975
1994-03-25,101.01
1994-03-26,108.66
1994-03-27,75.407
1994-03-28,51.653
1994-03-29,93.027
1994-03-30,232.283
1994-03-31,176.657
1994-04-01,177.682
1994-04-02,112.892
1994-04-03,41.841
1994-04-04,20.25
1994-04-05,19.205
1994-04-06,24.829
1994-04-07,39.313
1994-04-08,68.134
1994-04-09,73.363
1994-04-10,79.555
1994-04-11,73.804
1994-04-12,67.952
1994-04-13,80.366
1994-04-14,73.992
1994-04-15,125.174
1994-04-16,112.241
1994-04-17,65.74
1994-04-18,59.971
1994-04-19,48.281
1994-04-20,67.965
1994-04-21,134.339
1994-04-22,208.376
1994-04-23,185.621
1994-04-24,169.103
1994-04-25,159.098
1994-04-26,196.616
1994-04-27,187.145
1994-04-28,135.076
1994-04-29,137.176
1994-04-30,134.476
1994-05-01,118.174
1994-05-02,160.745
1994-05-03,220.722
1994-05-04,284.131
1994-05-05,264.792
1994-05-06,316.507
1994-05-07,317.886
1994-05-08,244.022
1994-05-09,136.775
1994-05-10,63.731
1994-05-11,50.407
1994-05-12,70.608
1994-05-13,98.299
1994-05-14,67.523
1994-05-15,88.58
1994-05-16,174.802
1994-05-17,285.293
1994-05-18,335.836
1994-05-19,375.617
1994-05-20,277.135
1994-05-21,169.065
1994-05-22,187.277
1994-05-23,192.221
1994-05-24,165.671
1994-05-25,164.24
1994-05-26,165.738
1994-05-27,149.578
1994-05-28,137.928
1994-05-29,133.654
1994-05-30,139.757
1994-05-31,107.955
1994-06-01,113.953
1994-06-02,134.189
1994-06-03,172.087
1994-06-04,163.225
1994-06-05,145.571
1994-06-06,132.442
1994-06-07,123.284
1994-06-08,93.662
1994-06-09,119.831
1994-06-10,142.656
1994-06-11,154.692
1994-06-12,182.33
1994-06-13,160.416
1994-06-14,151.635
1994-06-15,141.466
1994-06-16,111.612
1994-06-17,78.028
1994-06-18,73.372
1994-06-19,83.162
1994-06-20,99.335
1994-06-21,112.798
1994-06-22,114.747
1994-06-23,140.541
1994-06-24,139.419
1994-06-25,137.605
1994-06-26,122.292
1994-06-27,106.062
1994-06-28,82.356
1994-06-29,86.923
1994-06-30,75.895
1994-07-01,66.192
1994-07-02,75.464
1994-07-03,90.347
1994-07-04,121.867
1994-07-05,138.632
1994-07-06,138.882
1994-07-07,157.297
1994-07-08,158.354
1994-07-09,109.305
1994-07-10,95.128
1994-07-11,92.844
1994-07-12,91.257
1994-07-13,120.985
1994-07-14,100.048
1994-07-15,87.573
1994-07-16,103.038
1994-07-17,122.252
1994-07-18,122.672
1994-07-19,120.175
1994-07-20,107.341
1994-07-21,80.371
1994-07-22,110.165
1994-07-23,117.474
1994-07-24,94.925
1994-07-25,111.176
1994-07-26,103.567
1994-07-27,109.454
1994-07-28,90.108
1994-07-29,91.553
1994-07-30,80.391
1994-07-31,74.168
1994-08-01,64.491
1994-08-02,85.82
1994-08-03,89.893
1994-08-04,80.51
1994-08-05,95.318
1994-08-06,112.122
1994-08-07,107.469
1994-08-08,81.772
1994-08-09,54.978
1994-08-10,51.578
1994-08-11,56.44
1994-08-12,56.647
1994-08-13,61.883
1994-08-14,73.636
1994-08-15,121.862
1994-08-16,89.334
1994-08-17,71.591
1994-08-18,77.627
1994-08-19,94.208
1994-08-20,123.571
1994-08-21,172.482
1994-08-22,217.505
1994-08-23,209.456
1994-08-24,272.794
1994-08-25,266.506
1994-08-26,187.696
1994-08-27,172.305
1994-08-28,175.125
1994-08-29,155.382
1994-08-30,196.954
1994-08-31,162.376
1994-09-01,135.586
1994-09-02,142.873
1994-09-03,135.112
1994-09-04,189.233
1994-09-05,209.67
1994-09-06,204.713
1994-09-07,181.692
1994-09-08,158.709
1994-09-09,140.638
1994-09-10,186.03
1994-09-11,267.65
1994-09-12,217.426
1994-09-13,212.558
1994-09-14,150.968
1994-09-15,101.847
1994-09-16,74.509
1994-09-17,73.072
1994-09-18,99.351
1994-09-19,140.567
1994-09-20,202.152
1994-09-21,225.853
1994-09-22,237.921
1994-09-23,253.888
1994-09-24,266.27
1994-09-25,255.489
1994-09-26,178.737
1994-09-27,131.41
1994-09-28,94.443
1994-09-29,73.842
1994-09-30,71.295
1994-10-01,105.845
1994-10-02,114.688
1994-10-03,121.764
1994-10-04,136.247
1994-10-05,185.236
1994-10-06,254.385
1994-10-07,266.648
1994-10-08,271.09
1994-10-09,250.58
1994-10-10,161.791
1994-10-11,160.545
1994-10-12,201.805
1994-10-13,189.626
1994-10-14,187.572
1994-10-15,224.984
1994-10-16,329.797
1994-10-17,456.488
1994-10-18,384.892
1994-10-19,275.36
1994-10-20,206.064
1994-10-21,227.611
1994-10-22,285.438
1994-10-23,368.453
1994-10-24,451.086
1994-10-25,354.587
1994-10-26,307.865
1994-10-27,242.552
1994-10-28,233.393
1994-10-29,203.392
1994-10-30,166.078
1994-10-31,215.353
1994-11-01,194.039
1994-11-02,329.003
1994-11-03,411.76
1994-11-04,509.554
1994-11-05,429.978
1994-11-06,374.821
1994-11-07,369.445
1994-11-08,394.74
1994-11-09,668.774
1994-11-10,1037.296
1994-11-11,592.94
1994-11-12,536.058
1994-11-13,399.183
1994-11-14,392.8
1994-11-15,474.129
1994-11-16,461.437
1994-11-17,476.727
1994-11-18,506.286
1994-11-19,409.576
1994-11-20,318.897
1994-11-21,288.257
1994-11-22,324.276
1994-11-23,334.168
1994-11-24,321.16
1994-11-25,275.715
1994-11-26,242.211
1994-11-27,223.787
1994-11-28,233.091
1994-11-29,254.987
1994-11-30,324.599
1994-12-01,317.99
1994-12-02,275.85
1994-12-03,268.212
1994-12-04,229.44
1994-12-05,185.508
1994-12-06,190.306
1994-12-07,184.991
1994-12-08,175.676
1994-12-09,201.225
1994-12-10,221.363
1994-12-11,226.451
1994-12-12,195.836
1994-12-13,207.616
1994-12-14,169.614
1994-12-15,141.225
1994-12-16,136.178
1994-12-17,141.349
1994-12-18,155.708
1994-12-19,158.657
1994-12-20,155.863
1994-12-21,149.873
1994-12-22,135.6
1994-12-23,120.643
1994-12-24,114.818
1994-12-25,113.116
1994-12-26,119.1
1994-12-27,131.365
1994-12-28,127.565
1994-12-29,108.129
1994-12-30,110.439
1994-12-31,120.625
1995-01-01,115.734
1995-01-02,99.872
1995-01-03,94.891
1995-01-04,91.504
1995-01-05,89.254
1995-01-06,87.13
1995-01-07,85.335
1995-01-08,84.504
1995-01-09,84.782
1995-01-10,83.57
1995-01-11,81.598
1995-01-12,82.119
1995-01-13,79.849
1995-01-14,77.261
1995-01-15,75.725
1995-01-16,73.709
1995-01-17,77.336
1995-01-18,77.05
1995-01-19,72.279
1995-01-20,66.65
1995-01-21,64.082
1995-01-22,62.603
1995-01-23,61.096
1995-01-24,59.665
1995-01-25,58.319
1995-01-26,57.121
1995-01-27,56.225
1995-01-28,55.922
1995-01-29,55.651
1995-01-30,55.52
1995-01-31,53.984
1995-02-01,52.126
1995-02-02,51.121
1995-02-03,49.735
1995-02-04,48.632
1995-02-05,47.455
1995-02-06,46.585
1995-02-07,46.7
1995-02-08,46.611
1995-02-09,47.676
1995-02-10,46.788
1995-02-11,46.168
1995-02-12,51.859
1995-02-13,51.998
1995-02-14,42.775
1995-02-15,40.609
1995-02-16,41.199
1995-02-17,43.014
1995-02-18,50.139
1995-02-19,51.092
1995-02-20,49.465
1995-02-21,43.457
1995-02-22,38.627
1995-02-23,38.315
1995-02-24,36.435
1995-02-25,35.188
1995-02-26,34.852
1995-02-27,39.261
1995-02-28,56.39
1995-03-01,56.509
1995-03-02,42.036
1995-03-03,38.976
1995-03-04,36.313
1995-03-05,41.902
1995-03-06,47.522
1995-03-07,49.829
1995-03-08,69.882
1995-03-09,78.96
1995-03-10,72.446
1995-03-11,60.03
1995-03-12,60.695
1995-03-13,83.701
1995-03-14,144.976
1995-03-15,185.577
1995-03-16,182.2
1995-03-17,169.774
1995-03-18,126.563
1995-03-19,70.807
1995-03-20,64.586
1995-03-21,46.015
1995-03-22,29.128
1995-03-23,27.3
1995-03-24,35.378
1995-03-25,80.094
1995-03-26,131.123
1995-03-27,116.353
1995-03-28,128.05
1995-03-29,91.362
1995-03-30,57.297
1995-03-31,42.838
1995-04-01,30.642
1995-04-02,30.585
1995-04-03,29.079
1995-04-04,26.485
1995-04-05,26.662
1995-04-06,31.078
1995-04-07,45.725
1995-04-08,55.989
1995-04-09,94.33
1995-04-10,124.878
1995-04-11,177.909
1995-04-12,241.763
1995-04-13,311.684
1995-04-14,276.519
1995-04-15,291.13
1995-04-16,202.573
1995-04-17,93.014
1995-04-18,72.773
1995-04-19,63.67
1995-04-20,47.735
1995-04-21,59.04
1995-04-22,82.699
1995-04-23,92.702
1995-04-24,119.671
1995-04-25,122.393
1995-04-26,108.902
1995-04-27,117.544
1995-04-28,158.234
1995-04-29,247.07
1995-04-30,175.92
1995-05-01,119.86
1995-05-02,179.266
1995-05-03,224.433
1995-05-04,237.432
1995-05-05,232.74
1995-05-06,210.391
1995-05-07,249.688
1995-05-08,208.823
1995-05-09,238.021
1995-05-10,179.228
1995-05-11,180.319
1995-05-12,193.555
1995-05-13,129.934
1995-05-14,140.297
1995-05-15,133.728
1995-05-16,149.359
1995-05-17,123.467
1995-05-18,117.549
1995-05-19,136.169
1995-05-20,171.778
1995-05-21,159.554
1995-05-22,146.938
1995-05-23,141.588
1995-05-24,133.935
1995-05-25,110.448
1995-05-26,91.69
1995-05-27,88.094
1995-05-28,112.329
1995-05-29,110.649
1995-05-30,118.449
1995-05-31,125.75
1995-06-01,137.725
1995-06-02,207.459
1995-06-03,181.898
1995-06-04,125.59
1995-06-05,133.795
1995-06-06,126.784
1995-06-07,113.659
1995-06-08,113.705
1995-06-09,104.319
1995-06-10,144.645
1995-06-11,194.832
1995-06-12,214.268
1995-06-13,154.288
1995-06-14,88.328
1995-06-15,78.328
1995-06-16,77.32
1995-06-17,77.645
1995-06-18,81.856
1995-06-19,90.455
1995-06-20,134.465
1995-06-21,146.172
1995-06-22,146.662
1995-06-23,142.927
1995-06-24,110.536
1995-06-25,89.207
1995-06-26,77.782
1995-06-27,67.994
1995-06-28,73.235
1995-06-29,102.971
1995-06-30,126.089
1995-07-01,120.344
1995-07-02,105.938
1995-07-03,86.445
1995-07-04,67.435
1995-07-05,62.952
1995-07-06,64.837
1995-07-07,75.752
1995-07-08,91.365
1995-07-09,108.386
1995-07-10,143.714
1995-07-11,129.967
1995-07-12,86.987
1995-07-13,108.535
1995-07-14,94.663
1995-07-15,107.808
1995-07-16,105.092
1995-07-17,133.105
1995-07-18,160.708
1995-07-19,151.125
1995-07-20,144.708
1995-07-21,112.878
1995-07-22,103.048
1995-07-23,76.79
1995-07-24,69.537
1995-07-25,80.515
1995-07-26,76.805
1995-07-27,74.539
1995-07-28,75.79
1995-07-29,118.205
1995-07-30,138.616
1995-07-31,168.267
1995-08-01,140.415
1995-08-02,101.69
1995-08-03,87.428
1995-08-04,91.541
1995-08-05,95.19
1995-08-06,79.812
1995-08-07,76.688
1995-08-08,107.566
1995-08-09,120.321
1995-08-10,101.187
1995-08-11,63.462
1995-08-12,78.302
1995-08-13,80.904
1995-08-14,127.698
1995-08-15,122.233
1995-08-16,135.935
1995-08-17,91.642
1995-08-18,97.086
1995-08-19,92.504
1995-08-20,68.141
1995-08-21,89.675
1995-08-22,100.583
1995-08-23,86.827
1995-08-24,87.012
1995-08-25,80.153
1995-08-26,88.539
1995-08-27,73.693
1995-08-28,50.043
1995-08-29,48.41
1995-08-30,63.58
1995-08-31,54.231
1995-09-01,79.112
1995-09-02,74.206
1995-09-03,90.23
1995-09-04,95.602
1995-09-05,84.8
1995-09-06,68.368
1995-09-07,59.238
1995-09-08,88.507
1995-09-09,155.264
1995-09-10,146.832
1995-09-11,135.647
1995-09-12,165.59
1995-09-13,191.516
1995-09-14,152.994
1995-09-15,116.109
1995-09-16,93.312
1995-09-17,72.618
1995-09-18,88.137
1995-09-19,87.183
1995-09-20,109.591
1995-09-21,72.311
1995-09-22,69.046
1995-09-23,72.377
1995-09-24,61.77
1995-09-25,57.042
1995-09-26,70.697
1995-09-27,82.617
1995-09-28,90.899
1995-09-29,110.761
1995-09-30,116.409
1995-10-01,84.217
1995-10-02,128.145
1995-10-03,195.355
1995-10-04,226.353
1995-10-05,203.505
1995-10-06,141.141
1995-10-07,89.68
1995-10-08,91.093
1995-10-09,99.163
1995-10-10,105.822
1995-10-11,115.915
1995-10-12,140.058
1995-10-13,155.684
1995-10-14,118.012
1995-10-15,126.421
1995-10-16,94.59
1995-10-17,115.55
1995-10-18,133.873
1995-10-19,147.358
1995-10-20,143.122
1995-10-21,117.06
1995-10-22,142.675
1995-10-23,112.464
1995-10-24,185.286
1995-10-25,250.47
1995-10-26,240.091
1995-10-27,208.412
1995-10-28,194.995
1995-10-29,142.879
1995-10-30,93.449
1995-10-31,97.411
1995-11-01,105.812
1995-11-02,134.347
1995-11-03,171.135
1995-11-04,179.736
1995-11-05,205.315
1995-11-06,188.812
1995-11-07,202.192
1995-11-08,182.364
1995-11-09,174.088
1995-11-10,230.645
1995-11-11,195.111
1995-11-12,180.877
1995-11-13,133.845
1995-11-14,117.06
1995-11-15,209.339
1995-11-16,303.972
1995-11-17,305.36
1995-11-18,288.788
1995-11-19,224.026
1995-11-20,143.439
1995-11-21,103.892
1995-11-22,124.4
1995-11-23,169.455
1995-11-24,177.043
1995-11-25,185.754
1995-11-26,185.287
1995-11-27,143.161
1995-11-28,125.072
1995-11-29,112.308
1995-11-30,108.795
1995-12-01,98.108
1995-12-02,89.266
1995-12-03,82.767
1995-12-04,83.056
1995-12-05,84.898
1995-12-06,84.203
1995-12-07,90.807
1995-12-08,93.033
1995-12-09,105.398
1995-12-10,94.415
1995-12-11,79.214
1995-12-12,75.071
1995-12-13,70.008
1995-12-14,69.409
1995-12-15,65.222
1995-12-16,63.53
1995-12-17,62.532
1995-12-18,63.22
1995-12-19,69.807
1995-12-20,80.073
1995-12-21,90.598
1995-12-22,110.97
1995-12-23,104.086
1995-12-24,81.751
1995-12-25,59.275
1995-12-26,53.285
1995-12-27,52.041
1995-12-28,51.795
1995-12-29,52.146
1995-12-30,52.47
1995-12-31,51.958
1996-01-01,57.012
1996-01-02,57.519
1996-01-03,50.211
1996-01-04,51.188
1996-01-05,51.684
1996-01-06,45.424
1996-01-07,46.901
1996-01-08,50.625
1996-01-09,53.409
1996-01-10,54.327
1996-01-11,51.211
1996-01-12,44.053
1996-01-13,48.879
1996-01-14,51.53
1996-01-15,48.565
1996-01-16,47.316
1996-01-17,43.258
1996-01-18,39.202
1996-01-19,36.906
1996-01-20,38.625
1996-01-21,41.275
1996-01-22,39.417
1996-01-23,36.683
1996-01-24,36.565
1996-01-25,39.364
1996-01-26,46.958
1996-01-27,44.641
1996-01-28,36.182
1996-01-29,34.974
1996-01-30,32.905
1996-01-31,32.858
1996-02-01,37.482
1996-02-02,46.764
1996-02-03,41.333
1996-02-04,35.798
1996-02-05,32.473
1996-02-06,33.249
1996-02-07,41.517
1996-02-08,44.828
1996-02-09,47.772
1996-02-10,49.483
1996-02-11,40.662
1996-02-12,35.341
1996-02-13,30.399
1996-02-14,33.77
1996-02-15,57.377
1996-02-16,38.837
1996-02-17,34.978
1996-02-18,37.001
1996-02-19,32.847
1996-02-20,37.752
1996-02-21,50.298
1996-02-22,61.365
1996-02-23,66.41
1996-02-24,48.094
1996-02-25,26.948
1996-02-26,25.21
1996-02-27,27.86
1996-02-28,33.17
1996-02-29,44.47
1996-03-01,53.624
1996-03-02,30.02
1996-03-03,27.412
1996-03-04,33.838
1996-03-05,36.609
1996-03-06,28.74
1996-03-07,28.257
1996-03-08,50.961
1996-03-09,29.21
1996-03-10,27.843
1996-03-11,33.873
1996-03-12,27.746
1996-03-13,28.603
1996-03-14,26.858
1996-03-15,21.802
1996-03-16,22.556
1996-03-17,23.768
1996-03-18,25.81
1996-03-19,67.165
1996-03-20,55.729
1996-03-21,67.06
1996-03-22,71.824
1996-03-23,90.333
1996-03-24,98.012
1996-03-25,107.156
1996-03-26,71.885
1996-03-27,79.963
1996-03-28,73.122
1996-03-29,47.629
1996-03-30,82.352
1996-03-31,116.789
1996-04-01,121.772
1996-04-02,150.37
1996-04-03,188.215
1996-04-04,172.287
1996-04-05,192.304
1996-04-06,205.805
1996-04-07,135.218
1996-04-08,75.992
1996-04-09,138.607
1996-04-10,164.377
1996-04-11,188.46
1996-04-12,142.348
1996-04-13,72.84
1996-04-14,44.723
1996-04-15,40.024
1996-04-16,41.024
1996-04-17,106.303
1996-04-18,199.237
1996-04-19,184.578
1996-04-20,222.342
1996-04-21,199.457
1996-04-22,148.044
1996-04-23,163.335
1996-04-24,138.63
1996-04-25,83.601
1996-04-26,45.882
1996-04-27,44.475
1996-04-28,56.558
1996-04-29,79.425
1996-04-30,115.113
1996-05-01,164.12
1996-05-02,183.122
1996-05-03,168.29
1996-05-04,83.312
1996-05-05,52.174
1996-05-06,66.594
1996-05-07,99.321
1996-05-08,131.489
1996-05-09,113.306
1996-05-10,97.184
1996-05-11,111.401
1996-05-12,106.641
1996-05-13,116.785
1996-05-14,190.541
1996-05-15,175.892
1996-05-16,165.906
1996-05-17,153.598
1996-05-18,95.205
1996-05-19,90.511
1996-05-20,119.151
1996-05-21,152.639
1996-05-22,152.887
1996-05-23,133.695
1996-05-24,135.852
1996-05-25,220.239
1996-05-26,241.18
1996-05-27,184.105
1996-05-28,169.768
1996-05-29,181.847
1996-05-30,174.691
1996-05-31,175.721
1996-06-01,176.891
1996-06-02,178.776
1996-06-03,162.381
1996-06-04,167.742
1996-06-05,154.198
1996-06-06,118.398
1996-06-07,136.547
1996-06-08,131.484
1996-06-09,101.7
1996-06-10,104.893
1996-06-11,110.158
1996-06-12,102.519
1996-06-13,126.577
1996-06-14,133.956
1996-06-15,125.313
1996-06-16,150.403
1996-06-17,164.948
1996-06-18,138.098
1996-06-19,108.189
1996-06-20,93.454
1996-06-21,77.236
1996-06-22,69.168
1996-06-23,67.637
1996-06-24,69.522
1996-06-25,72.175
1996-06-26,94.158
1996-06-27,135.095
1996-06-28,103.447
1996-06-29,122.892
1996-06-30,152.479
1996-07-01,131.42
1996-07-02,87.196
1996-07-03,59.485
1996-07-04,55.637
1996-07-05,54.954
1996-07-06,64.923
1996-07-07,72.48
1996-07-08,80.86
1996-07-09,67.858
1996-07-10,55.011
1996-07-11,51.955
1996-07-12,66.338
1996-07-13,103.064
1996-07-14,86.172
1996-07-15,91.648
1996-07-16,120.467
1996-07-17,111.451
1996-07-18,116.035
1996-07-19,91.347
1996-07-20,124.721
1996-07-21,125.995
1996-07-22,77.958
1996-07-23,65.559
1996-07-24,69.052
1996-07-25,63.194
1996-07-26,49.545
1996-07-27,44.512
1996-07-28,41.983
1996-07-29,41.082
1996-07-30,41.404
1996-07-31,62.816
1996-08-01,46.568
1996-08-02,40.449
1996-08-03,44.028
1996-08-04,57.083
1996-08-05,45.025
1996-08-06,42.442
1996-08-07,46.202
1996-08-08,45.166
1996-08-09,54.17
1996-08-10,40.693
1996-08-11,35.586
1996-08-12,34.324
1996-08-13,33.693
1996-08-14,33.551
1996-08-15,34.723
1996-08-16,47.266
1996-08-17,46.346
1996-08-18,57.934
1996-08-19,68.393
1996-08-20,68.357
1996-08-21,62.355
1996-08-22,75.946
1996-08-23,95.589
1996-08-24,116.727
1996-08-25,91.45
1996-08-26,65.043
1996-08-27,75.55
1996-08-28,128.775
1996-08-29,120.521
1996-08-30,133.845
1996-08-31,152.376
1996-09-01,234.098
1996-09-02,249.171
1996-09-03,218.754
1996-09-04,229.428
1996-09-05,189.883
1996-09-06,172.866
1996-09-07,172.479
1996-09-08,121.633
1996-09-09,93.468
1996-09-10,92.92
1996-09-11,73.681
1996-09-12,113.292
1996-09-13,208.478
1996-09-14,338.001
1996-09-15,271.078
1996-09-16,167.725
1996-09-17,167.818
1996-09-18,201.106
1996-09-19,364.683
1996-09-20,313.169
1996-09-21,271.082
1996-09-22,249.295
1996-09-23,180.508
1996-09-24,159.668
1996-09-25,145.362
1996-09-26,87.777
1996-09-27,94.502
1996-09-28,95.457
1996-09-29,143.284
1996-09-30,219.555
1996-10-01,224.317
1996-10-02,185.109
1996-10-03,169.607
1996-10-04,158.801
1996-10-05,138.332
1996-10-06,199.672
1996-10-07,149.52
1996-10-08,207.468
1996-10-09,214.781
1996-10-10,377.108
1996-10-11,397.482
1996-10-12,308.729
1996-10-13,213.568
1996-10-14,107.909
1996-10-15,90.984
1996-10-16,74.779
1996-10-17,61.575
1996-10-18,76.351
1996-10-19,94.701
1996-10-20,108.367
1996-10-21,158.652
1996-10-22,198.519
1996-10-23,208.267
1996-10-24,237.375
1996-10-25,278.496
1996-10-26,258.871
1996-10-27,219.199
1996-10-28,198.062
1996-10-29,263.469
1996-10-30,293.825
1996-10-31,266.777
1996-11-01,228.141
1996-11-02,225.028
1996-11-03,227.912
1996-11-04,160.837
1996-11-05,161.875
1996-11-06,180.06
1996-11-07,251.983
1996-11-08,249.688
1996-11-09,176.488
1996-11-10,154.247
1996-11-11,158.322
1996-11-12,191.462
1996-11-13,191.57
1996-11-14,175.658
1996-11-15,174.345
1996-11-16,236.299
1996-11-17,282.738
1996-11-18,275.814
1996-11-19,260.63
1996-11-20,178.032
1996-11-21,115.803
1996-11-22,98.34
1996-11-23,172.116
1996-11-24,240.438
1996-11-25,240.198
1996-11-26,311.947
1996-11-27,273.064
1996-11-28,337.84
1996-11-29,537.704
1996-11-30,533.091
1996-12-01,479.78
1996-12-02,387.867
1996-12-03,286.737
1996-12-04,213.39
1996-12-05,177.041
1996-12-06,159.445
1996-12-07,149.542
1996-12-08,146.921
1996-12-09,156.325
1996-12-10,158.13
1996-12-11,146.372
1996-12-12,134.965
1996-12-13,145.555
1996-12-14,137.953
1996-12-15,115.96
1996-12-16,118.812
1996-12-17,113.789
1996-12-18,107.35
1996-12-19,111.541
1996-12-20,111.349
1996-12-21,105.098
1996-12-22,94.786
1996-12-23,94.745
1996-12-24,94.161
1996-12-25,88.598
1996-12-26,87.771
1996-12-27,87.409
1996-12-28,87.273
1996-12-29,85.03
1996-12-30,77.498
1996-12-31,74.09
1997-01-01,71.777
1997-01-02,69.209
1997-01-03,67.381
1997-01-04,66.757
1997-01-05,67.593
1997-01-06,68.485
1997-01-07,67.379
1997-01-08,65.967
1997-01-09,62.14
1997-01-10,61.183
1997-01-11,68.474
1997-01-12,69.404
1997-01-13,79.76
1997-01-14,80.616
1997-01-15,62.703
1997-01-16,59.554
1997-01-17,62.814
1997-01-18,62.715
1997-01-19,62.513
1997-01-20,86.84
1997-01-21,70.037
1997-01-22,55.987
1997-01-23,58.948
1997-01-24,50.895
1997-01-25,45.738
1997-01-26,44.671
1997-01-27,43.708
1997-01-28,42.905
1997-01-29,42.165
1997-01-30,41.749
1997-01-31,41.59
1997-02-01,40.847
1997-02-02,39.59
1997-02-03,38.908
1997-02-04,38.609
1997-02-05,38.002
1997-02-06,36.9
1997-02-07,36.094
1997-02-08,35.382
1997-02-09,34.697
1997-02-10,34.034
1997-02-11,33.435
1997-02-12,33.429
1997-02-13,32.983
1997-02-14,31.83
1997-02-15,31.307
1997-02-16,30.622
1997-02-17,29.94
1997-02-18,29.317
1997-02-19,28.901
1997-02-20,28.467
1997-02-21,28.578
1997-02-22,28.921
1997-02-23,28.386
1997-02-24,27.335
1997-02-25,26.401
1997-02-26,26.351
1997-02-27,33.115
1997-02-28,32.269
1997-03-01,26.979
1997-03-02,27.156
1997-03-03,26.643
1997-03-04,25.205
1997-03-05,24.436
1997-03-06,23.984
1997-03-07,23.52
1997-03-08,23.004
1997-03-09,21.922
1997-03-10,21.546
1997-03-11,22.091
1997-03-12,21.862
1997-03-13,21.748
1997-03-14,20.992
1997-03-15,19.834
1997-03-16,19.329
1997-03-17,19.197
1997-03-18,18.938
1997-03-19,18.786
1997-03-20,18.463
1997-03-21,18.512
1997-03-22,18.832
1997-03-23,19.004
1997-03-24,18.559
1997-03-25,19.669
1997-03-26,27.159
1997-03-27,36.741
1997-03-28,27.407
1997-03-29,29.778
1997-03-30,51.872
1997-03-31,46.097
1997-04-01,59.02
1997-04-02,82.56
1997-04-03,141.044
1997-04-04,130.705
1997-04-05,110.136
1997-04-06,115.625
1997-04-07,117.95
1997-04-08,114.407
1997-04-09,82.333
1997-04-10,139.222
1997-04-11,174.532
1997-04-12,131.133
1997-04-13,69.477
1997-04-14,41.732
1997-04-15,56.052
1997-04-16,173.6
1997-04-17,138.235
1997-04-18,99.222
1997-04-19,82.989
1997-04-20,54.598
1997-04-21,80.86
1997-04-22,84.948
1997-04-23,129.725
1997-04-24,136.602
1997-04-25,136.648
1997-04-26,152.541
1997-04-27,140.322
1997-04-28,168.698
1997-04-29,111.102
1997-04-30,128.357
1997-05-01,189.373
1997-05-02,221.719
1997-05-03,163.065
1997-05-04,98.4
1997-05-05,91.885
1997-05-06,110.109
1997-05-07,106.447
1997-05-08,81.277
1997-05-09,40.205
1997-05-10,33.941
1997-05-11,45.344
1997-05-12,68.731
1997-05-13,120.448
1997-05-14,178.075
1997-05-15,176.477
1997-05-16,184.839
1997-05-17,167.345
1997-05-18,201.36
1997-05-19,199.443
1997-05-20,190.624
1997-05-21,184.194
1997-05-22,114.071
1997-05-23,55.975
1997-05-24,38.193
1997-05-25,38.293
1997-05-26,48.544
1997-05-27,43.913
1997-05-28,40.743
1997-05-29,39.851
1997-05-30,39.342
1997-05-31,39.509
1997-06-01,38.829
1997-06-02,42.686
1997-06-03,62.464
1997-06-04,61.113
1997-06-05,58.296
1997-06-06,54.733
1997-06-07,39.962
1997-06-08,34.368
1997-06-09,39.768
1997-06-10,40.566
1997-06-11,35.301
1997-06-12,34.169
1997-06-13,33.105
1997-06-14,33.068
1997-06-15,31.991
1997-06-16,32.205
1997-06-17,34.945
1997-06-18,39.958
1997-06-19,51.107
1997-06-20,49.05
1997-06-21,59.016
1997-06-22,56.04
1997-06-23,60.586
1997-06-24,75.755
1997-06-25,72.82
1997-06-26,53.309
1997-06-27,55.113
1997-06-28,49.356
1997-06-29,36.827
1997-06-30,51.085
1997-07-01,47.452
1997-07-02,71.837
1997-07-03,77.056
1997-07-04,55.496
1997-07-05,41.265
1997-07-06,54.644
1997-07-07,81.517
1997-07-08,100.543
1997-07-09,106.063
1997-07-10,128.013
1997-07-11,160.986
1997-07-12,200.013
1997-07-13,154.818
1997-07-14,77.153
1997-07-15,33.863
1997-07-16,28.625
1997-07-17,28.523
1997-07-18,28.77
1997-07-19,29.808
1997-07-20,30.908
1997-07-21,37.489
1997-07-22,35.798
1997-07-23,29.81
1997-07-24,29.488
1997-07-25,30.115
1997-07-26,31.162
1997-07-27,39.77
1997-07-28,39.803
1997-07-29,38.942
1997-07-30,29.883
1997-07-31,27.188
1997-08-01,28.683
1997-08-02,31.936
1997-08-03,51.963
1997-08-04,53.589
1997-08-05,60.02
1997-08-06,98.251
1997-08-07,64.32
1997-08-08,70.923
1997-08-09,43.094
1997-08-10,31.044
1997-08-11,29.342
1997-08-12,30.622
1997-08-13,38.589
1997-08-14,53.774
1997-08-15,69.891
1997-08-16,68.308
1997-08-17,45.501
1997-08-18,25.972
1997-08-19,24.501
1997-08-20,38.04
1997-08-21,39.666
1997-08-22,36.644
1997-08-23,57.985
1997-08-24,69.06
1997-08-25,74.664
1997-08-26,73.444
1997-08-27,56.488
1997-08-28,69.5
1997-08-29,66.324
1997-08-30,52.593
1997-08-31,74.723
1997-09-01,92.387
1997-09-02,121.296
1997-09-03,107.653
1997-09-04,83.84
1997-09-05,85.945
1997-09-06,78.39
1997-09-07,54.069
1997-09-08,66.978
1997-09-09,43.511
1997-09-10,42.48
1997-09-11,43.744
1997-09-12,31.699
1997-09-13,22.823
1997-09-14,23.918
1997-09-15,52.666
1997-09-16,58.772
1997-09-17,66.675
1997-09-18,51.527
1997-09-19,31.655
1997-09-20,22.165
1997-09-21,20.632
1997-09-22,20.137
1997-09-23,20.905
1997-09-24,24.486
1997-09-25,22.822
1997-09-26,23.53
1997-09-27,29.394
1997-09-28,39.029
1997-09-29,49.836
1997-09-30,61.735
1997-10-01,56.502
1997-10-02,77.478
1997-10-03,35.157
1997-10-04,31.721
1997-10-05,29.09
1997-10-06,24.281
1997-10-07,24.933
1997-10-08,61.476
1997-10-09,71.711
1997-10-10,90.464
1997-10-11,79.606
1997-10-12,92.522
1997-10-13,114.277
1997-10-14,116.128
1997-10-15,93.859
1997-10-16,116.12
1997-10-17,121.067
1997-10-18,228.012
1997-10-19,300.782
1997-10-20,189.153
1997-10-21,143.773
1997-10-22,189.03
1997-10-23,201.259
1997-10-24,235.513
1997-10-25,184.747
1997-10-26,197.765
1997-10-27,242.155
1997-10-28,239.445
1997-10-29,259.204
1997-10-30,217.025
1997-10-31,160.364
1997-11-01,183.288
1997-11-02,172.633
1997-11-03,152.94
1997-11-04,192.948
1997-11-05,216.202
1997-11-06,281.953
1997-11-07,317.426
1997-11-08,203.612
1997-11-09,190.484
1997-11-10,180.34
1997-11-11,279.758
1997-11-12,298.606
1997-11-13,318.185
1997-11-14,300.792
1997-11-15,240.064
1997-11-16,268.008
1997-11-17,307.845
1997-11-18,335.71
1997-11-19,261.08
1997-11-20,308.625
1997-11-21,321.839
1997-11-22,448.562
1997-11-23,1000.723
1997-11-24,1463.54
1997-11-25,771.039
1997-11-26,404.028
1997-11-27,256.583
1997-11-28,290.888
1997-11-29,285.301
1997-11-30,290.436
1997-12-01,383.485
1997-12-02,428.12
1997-12-03,421.709
1997-12-04,346.242
1997-12-05,301.175
1997-12-06,266.138
1997-12-07,307.675
1997-12-08,386.639
1997-12-09,394.839
1997-12-10,444.544
1997-12-11,370.852
1997-12-12,328.545
1997-12-13,330.238
1997-12-14,310.99
1997-12-15,314.739
1997-12-16,355.366
1997-12-17,399.142
1997-12-18,511.915
1997-12-19,716.874
1997-12-20,640.5
1997-12-21,396.293
1997-12-22,326.691
1997-12-23,293.237
1997-12-24,294.768
1997-12-25,250.018
1997-12-26,313.312
1997-12-27,488.79
1997-12-28,558.889
1997-12-29,492.134
1997-12-30,422.02
1997-12-31,334.112
1998-01-01,280.743
1998-01-02,239.998
1998-01-03,216.8
1998-01-04,213.198
1998-01-05,241.931
1998-01-06,275.235
1998-01-07,269.042
1998-01-08,246.731
1998-01-09,262.37
1998-01-10,270.728
1998-01-11,273.856
1998-01-12,347.335
1998-01-13,409.18
1998-01-14,415.241
1998-01-15,333.254
1998-01-16,267.928
1998-01-17,247.585
1998-01-18,235.932
1998-01-19,229.287
1998-01-20,241.011
1998-01-21,228.838
1998-01-22,226.8
1998-01-23,215.422
1998-01-24,199.682
1998-01-25,192.107
1998-01-26,175.998
1998-01-27,166.287
1998-01-28,160.575
1998-01-29,156.352
1998-01-30,154.39
1998-01-31,155.583
1998-02-01,169.611
1998-02-02,160.868
1998-02-03,142.626
1998-02-04,134.098
1998-02-05,130.33
1998-02-06,127.228
1998-02-07,123.821
1998-02-08,120.218
1998-02-09,121.701
1998-02-10,124.701
1998-02-11,157.141
1998-02-12,225.494
1998-02-13,249.179
1998-02-14,264.185
1998-02-15,251.9
1998-02-16,260.487
1998-02-17,172.335
1998-02-18,107.14
1998-02-19,100.303
1998-02-20,95.868
1998-02-21,94.114
1998-02-22,92.667
1998-02-23,94.397
1998-02-24,94.054
1998-02-25,103.334
1998-02-26,112.037
1998-02-27,99.067
1998-02-28,85.102
1998-03-01,82.96
1998-03-02,84.345
1998-03-03,100.088
1998-03-04,95.885
1998-03-05,80.549
1998-03-06,76.568
1998-03-07,77.087
1998-03-08,81.061
1998-03-09,99.338
1998-03-10,82.152
1998-03-11,72.733
1998-03-12,70.568
1998-03-13,73.166
1998-03-14,73.314
1998-03-15,75.035
1998-03-16,68.894
1998-03-17,62.892
1998-03-18,61.662
1998-03-19,60.848
1998-03-20,60.257
1998-03-21,61.648
1998-03-22,58.986
1998-03-23,57.345
1998-03-24,58.713
1998-03-25,59.414
1998-03-26,60.268
1998-03-27,72.332
1998-03-28,84.556
1998-03-29,83.237
1998-03-30,73.164
1998-03-31,67.223
1998-04-01,59.139
1998-04-02,56.014
1998-04-03,50.462
1998-04-04,46.79
1998-04-05,46.789
1998-04-06,49.445
1998-04-07,75.565
1998-04-08,103.309
1998-04-09,74.172
1998-04-10,69.83
1998-04-11,63.845
1998-04-12,59.455
1998-04-13,98.319
1998-04-14,225.526
1998-04-15,202.17
1998-04-16,148.509
1998-04-17,116.306
1998-04-18,100.255
1998-04-19,106.732
1998-04-20,107.313
1998-04-21,124.317
1998-04-22,117.987
1998-04-23,98.67
1998-04-24,91.042
1998-04-25,95.221
1998-04-26,99.172
1998-04-27,114.572
1998-04-28,160.228
1998-04-29,239.624
1998-04-30,209.863
1998-05-01,180.27
1998-05-02,123.325
1998-05-03,101.585
1998-05-04,118.376
1998-05-05,152.875
1998-05-06,213.388
1998-05-07,224.373
1998-05-08,138.438
1998-05-09,82.874
1998-05-10,125.401
1998-05-11,208.597
1998-05-12,225.803
1998-05-13,250.868
1998-05-14,280.77
1998-05-15,226.582
1998-05-16,181.105
1998-05-17,173.892
1998-05-18,190.779
1998-05-19,177.634
1998-05-20,136.782
1998-05-21,107.588
1998-05-22,75.239
1998-05-23,61.065
1998-05-24,54.143
1998-05-25,53.75
1998-05-26,54.688
1998-05-27,55.87
1998-05-28,61.968
1998-05-29,69.7
1998-05-30,84.132
1998-05-31,81.926
1998-06-01,73.51
1998-06-02,87.338
1998-06-03,77.169
1998-06-04,66.801
1998-06-05,61.266
1998-06-06,59.166
1998-06-07,67.232
1998-06-08,85.893
1998-06-09,82.099
1998-06-10,71.848
1998-06-11,62.83
1998-06-12,61.758
1998-06-13,81.15
1998-06-14,68.738
1998-06-15,59.434
1998-06-16,49.717
1998-06-17,48.261
1998-06-18,47.87
1998-06-19,48.958
1998-06-20,69.454
1998-06-21,65.904
1998-06-22,65.763
1998-06-23,75.811
1998-06-24,54.281
1998-06-25,46.837
1998-06-26,44.837
1998-06-27,51.37
1998-06-28,49.124
1998-06-29,47.26
1998-06-30,53.274
1998-07-01,58.331
1998-07-02,53.175
1998-07-03,41.369
1998-07-04,38.716
1998-07-05,38.324
1998-07-06,38.019
1998-07-07,39.213
1998-07-08,37.682
1998-07-09,37.279
1998-07-10,37.352
1998-07-11,37.73
1998-07-12,38.193
1998-07-13,41.17
1998-07-14,52.227
1998-07-15,52.109
1998-07-16,42.273
1998-07-17,37.81
1998-07-18,35.516
1998-07-19,34.76
1998-07-20,38.005
1998-07-21,40.369
1998-07-22,35.676
1998-07-23,38.401
1998-07-24,40.884
1998-07-25,41.39
1998-07-26,41.007
1998-07-27,33.129
1998-07-28,31.34
1998-07-29,41.234
1998-07-30,50.698
1998-07-31,53.219
1998-08-01,56.651
1998-08-02,49.112
1998-08-03,44.966
1998-08-04,40.45
1998-08-05,44.266
1998-08-06,56.148
1998-08-07,88.753
1998-08-08,75.409
1998-08-09,61.539
1998-08-10,37.865
1998-08-11,31.02
1998-08-12,27.991
1998-08-13,27.233
1998-08-14,26.493
1998-08-15,26.408
1998-08-16,27.357
1998-08-17,30.976
1998-08-18,44.116
1998-08-19,58.77
1998-08-20,67.058
1998-08-21,66.092
1998-08-22,61.613
1998-08-23,58.525
1998-08-24,50.238
1998-08-25,43.877
1998-08-26,30.741
1998-08-27,40.55
1998-08-28,77.435
1998-08-29,72.602
1998-08-30,77.793
1998-08-31,75.319
1998-09-01,79.097
1998-09-02,111.776
1998-09-03,140.87
1998-09-04,101.047
1998-09-05,79.694
1998-09-06,67.436
1998-09-07,47.916
1998-09-08,50.64
1998-09-09,70.335
1998-09-10,86.826
1998-09-11,75.28
1998-09-12,42.579
1998-09-13,47.491
1998-09-14,66.224
1998-09-15,62.972
1998-09-16,46.464
1998-09-17,37.485
1998-09-18,31.571
1998-09-19,27.595
1998-09-20,67.664
1998-09-21,85.746
1998-09-22,44.698
1998-09-23,48.784
1998-09-24,65.569
1998-09-25,76.509
1998-09-26,107.442
1998-09-27,126.222
1998-09-28,143.975
1998-09-29,137.292
1998-09-30,94.7
1998-10-01,93.099
1998-10-02,93.078
1998-10-03,118.039
1998-10-04,74.966
1998-10-05,56.286
1998-10-06,51.729
1998-10-07,79.651
1998-10-08,72.671
1998-10-09,88.369
1998-10-10,135.174
1998-10-11,193.457
1998-10-12,159.633
1998-10-13,139.479
1998-10-14,134.666
1998-10-15,156.375
1998-10-16,164.612
1998-10-17,179.601
1998-10-18,150.445
1998-10-19,143.287
1998-10-20,144.15
1998-10-21,158.7
1998-10-22,121.982
1998-10-23,149.392
1998-10-24,170.911
1998-10-25,179.97
1998-10-26,207.65
1998-10-27,196.609
1998-10-28,383.233
1998-10-29,422.037
1998-10-30,369.435
1998-10-31,248.815
1998-11-01,205.2
1998-11-02,247.443
1998-11-03,234.351
1998-11-04,230.214
1998-11-05,229.543
1998-11-06,190.513
1998-11-07,172.893
1998-11-08,225.1
1998-11-09,317.824
1998-11-10,248.339
1998-11-11,258.57
1998-11-12,272.526
1998-11-13,306.543
1998-11-14,283.965
1998-11-15,234.87
1998-11-16,161.852
1998-11-17,120.185
1998-11-18,83.234
1998-11-19,72.228
1998-11-20,90.289
1998-11-21,101.619
1998-11-22,93.684
1998-11-23,112.42
1998-11-24,108.252
1998-11-25,91.789
1998-11-26,78.841
1998-11-27,63.728
1998-11-28,60.165
1998-11-29,59.635
1998-11-30,59.47
1998-12-01,58.919
1998-12-02,59.081
1998-12-03,57.874
1998-12-04,54.611
1998-12-05,53.193
1998-12-06,51.918
1998-12-07,51.008
1998-12-08,51.204
1998-12-09,51.175
1998-12-10,50.808
1998-12-11,52.132
1998-12-12,49.869
1998-12-13,47.347
1998-12-14,45.177
1998-12-15,43.722
1998-12-16,43.309
1998-12-17,42.142
1998-12-18,41.542
1998-12-19,42.102
1998-12-20,41.769
1998-12-21,42.529
1998-12-22,42.243
1998-12-23,41.519
1998-12-24,39.261
1998-12-25,37.776
1998-12-26,35.922
1998-12-27,36.36
1998-12-28,35.011
1998-12-29,33.275
1998-12-30,33.392
1998-12-31,32.968
1999-01-01,32.027
1999-01-02,31.432
1999-01-03,30.869
1999-01-04,30.18
1999-01-05,30.47
1999-01-06,31.839
1999-01-07,41.491
1999-01-08,36.238
1999-01-09,28.425
1999-01-10,28.624
1999-01-11,29.117
1999-01-12,29.232
1999-01-13,28.879
1999-01-14,34.596
1999-01-15,36.322
1999-01-16,30.992
1999-01-17,32.812
1999-01-18,52.976
1999-01-19,74.409
1999-01-20,63.763
1999-01-21,65.02
1999-01-22,47.372
1999-01-23,34.092
1999-01-24,32.72
1999-01-25,31.312
1999-01-26,27.566
1999-01-27,35.633
1999-01-28,31.866
1999-01-29,23.012
1999-01-30,21.637
1999-01-31,21.55
1999-02-01,21.998
1999-02-02,21.5
1999-02-03,20.55
1999-02-04,19.906
1999-02-05,19.674
1999-02-06,19.407
1999-02-07,19.052
1999-02-08,18.714
1999-02-09,18.53
1999-02-10,18.279
1999-02-11,18.074
1999-02-12,17.842
1999-02-13,17.728
1999-02-14,17.768
1999-02-15,17.591
1999-02-16,18.012
1999-02-17,17.955
1999-02-18,17.607
1999-02-19,16.575
1999-02-20,15.731
1999-02-21,15.378
1999-02-22,15.077
1999-02-23,14.822
1999-02-24,14.742
1999-02-25,14.678
1999-02-26,14.713
1999-02-27,14.32
1999-02-28,13.868
1999-03-01,13.822
1999-03-02,14.78
1999-03-03,15.852
1999-03-04,18.036
1999-03-05,17.193
1999-03-06,15.534
1999-03-07,15.387
1999-03-08,18.393
1999-03-09,39.15
1999-03-10,127.305
1999-03-11,148.081
1999-03-12,88.959
1999-03-13,65.142
1999-03-14,83.013
1999-03-15,41.739
1999-03-16,65.29
1999-03-17,83.127
1999-03-18,60.017
1999-03-19,37.046
1999-03-20,25.811
1999-03-21,28.987
1999-03-22,30.633
1999-03-23,34.016
1999-03-24,20.991
1999-03-25,16.009
1999-03-26,13.027
1999-03-27,12.257
1999-03-28,15.561
1999-03-29,27.684
1999-03-30,28.718
1999-03-31,73.042
1999-04-01,101.616
1999-04-02,118.032
1999-04-03,134.538
1999-04-04,70.292
1999-04-05,36.436
1999-04-06,33.198
1999-04-07,35.585
1999-04-08,21.707
1999-04-09,20.479
1999-04-10,22.925
1999-04-11,20.484
1999-04-12,30.845
1999-04-13,54.249
1999-04-14,39.06
1999-04-15,47.61
1999-04-16,40.19
1999-04-17,24.96
1999-04-18,25.064
1999-04-19,64.888
1999-04-20,95.486
1999-04-21,86.867
1999-04-22,105.159
1999-04-23,101.042
1999-04-24,85.756
1999-04-25,54.777
1999-04-26,78.432
1999-04-27,71.88
1999-04-28,78.722
1999-04-29,125.975
1999-04-30,134.074
1999-05-01,121.272
1999-05-02,172.332
1999-05-03,219.663
1999-05-04,256.651
1999-05-05,167.983
1999-05-06,101.257
1999-05-07,112.152
1999-05-08,175.944
1999-05-09,162.616
1999-05-10,108.912
1999-05-11,108.741
1999-05-12,116.295
1999-05-13,94.643
1999-05-14,137.767
1999-05-15,186.212
1999-05-16,234.655
1999-05-17,237.162
1999-05-18,184.034
1999-05-19,134.525
1999-05-20,122.325
1999-05-21,104.611
1999-05-22,85.777
1999-05-23,43.994
1999-05-24,41.51
1999-05-25,49.44
1999-05-26,40.892
1999-05-27,40.21
1999-05-28,41.86
1999-05-29,42.184
1999-05-30,55.04
1999-05-31,66.598
1999-06-01,83.972
1999-06-02,115.945
1999-06-03,86.978
1999-06-04,84.218
1999-06-05,56.499
1999-06-06,43.998
1999-06-07,40.33
1999-06-08,54.069
1999-06-09,74.952
1999-06-10,66.542
1999-06-11,49.917
1999-06-12,39.692
1999-06-13,36.192
1999-06-14,34.146
1999-06-15,33.291
1999-06-16,33.206
1999-06-17,50.329
1999-06-18,50.535
1999-06-19,37.552
1999-06-20,45.19
1999-06-21,46.054
1999-06-22,35.462
1999-06-23,30.531
1999-06-24,30.566
1999-06-25,29.525
1999-06-26,28.816
1999-06-27,30.358
1999-06-28,45.825
1999-06-29,44.859
1999-06-30,38.032
1999-07-01,39.008
1999-07-02,34.687
1999-07-03,41.619
1999-07-04,47.936
1999-07-05,45.812
1999-07-06,37.785
1999-07-07,38.014
1999-07-08,43.642
1999-07-09,47.641
1999-07-10,45.92
1999-07-11,39.148
1999-07-12,30.999
1999-07-13,31.145
1999-07-14,31.544
1999-07-15,26.817
1999-07-16,27.761
1999-07-17,30.26
1999-07-18,28.182
1999-07-19,25.965
1999-07-20,27.496
1999-07-21,35.208
1999-07-22,46.98
1999-07-23,55.628
1999-07-24,42.305
1999-07-25,43.765
1999-07-26,44.983
1999-07-27,58.973
1999-07-28,67.724
1999-07-29,63.373
1999-07-30,64.641
1999-07-31,56.608
1999-08-01,71.999
1999-08-02,69.862
1999-08-03,87.744
1999-08-04,66.301
1999-08-05,54.94
1999-08-06,49.127
1999-08-07,63.369
1999-08-08,111.04
1999-08-09,125.374
1999-08-10,93.033
1999-08-11,94.232
1999-08-12,82.982
1999-08-13,73.394
1999-08-14,59.569
1999-08-15,63.045
1999-08-16,137.411
1999-08-17,95.478
1999-08-18,89.512
1999-08-19,82.164
1999-08-20,62.762
1999-08-21,53.284
1999-08-22,53.009
1999-08-23,80.211
1999-08-24,92.428
1999-08-25,67.896
1999-08-26,91.844
1999-08-27,71.391
1999-08-28,55.815
1999-08-29,96.234
1999-08-30,136.352
1999-08-31,162.676
1999-09-01,136.652
1999-09-02,177.533
1999-09-03,164.209
1999-09-04,158.638
1999-09-05,102.634
1999-09-06,155.443
1999-09-07,135.472
1999-09-08,100.358
1999-09-09,80.875
1999-09-10,69.18
1999-09-11,71.229
1999-09-12,73.283
1999-09-13,74.362
1999-09-14,71.826
1999-09-15,68.259
1999-09-16,75.201
1999-09-17,87.268
1999-09-18,69.555
1999-09-19,56.512
1999-09-20,46.697
1999-09-21,63.6
1999-09-22,84.39
1999-09-23,75.106
1999-09-24,78.826
1999-09-25,99.612
1999-09-26,137.839
1999-09-27,113.398
1999-09-28,82.301
1999-09-29,95.651
1999-09-30,130.902
1999-10-01,106.813
1999-10-02,156.281
1999-10-03,186.913
1999-10-04,177.435
1999-10-05,190.361
1999-10-06,155.628
1999-10-07,192.831
1999-10-08,212.285
1999-10-09,232.728
1999-10-10,197.942
1999-10-11,287.193
1999-10-12,289.053
1999-10-13,315.238
1999-10-14,331.806
1999-10-15,329.154
1999-10-16,259.544
1999-10-17,289.254
1999-10-18,359.671
1999-10-19,371.493
1999-10-20,320.215
1999-10-21,282.585
1999-10-22,231.252
1999-10-23,177.377
1999-10-24,233.972
1999-10-25,231.947
1999-10-26,162.234
1999-10-27,136.248
1999-10-28,141.748
1999-10-29,174.52
1999-10-30,230.743
1999-10-31,237.763
1999-11-01,251.304
1999-11-02,168.342
1999-11-03,130.006
1999-11-04,115.243
1999-11-05,133.093
1999-11-06,143.679
1999-11-07,92.952
1999-11-08,86.09
1999-11-09,101.873
1999-11-10,95.736
1999-11-11,88.975
1999-11-12,83.076
1999-11-13,82.015
1999-11-14,92.094
1999-11-15,121.553
1999-11-16,183.535
1999-11-17,193.996
1999-11-18,142.413
1999-11-19,125.544
1999-11-20,130.574
1999-11-21,117.743
1999-11-22,115.254
1999-11-23,135.725
1999-11-24,113.934
1999-11-25,121.034
1999-11-26,163.732
1999-11-27,147.745
1999-11-28,138.384
1999-11-29,135.498
1999-11-30,137.393
1999-12-01,137.069
1999-12-02,205.527
1999-12-03,191.117
1999-12-04,209.21
1999-12-05,200.247
1999-12-06,140.664
1999-12-07,107.692
1999-12-08,105.247
1999-12-09,107.332
1999-12-10,92.35
1999-12-11,104.728
1999-12-12,114.897
1999-12-13,113.415
1999-12-14,127.465
1999-12-15,113.54
1999-12-16,81.641
1999-12-17,77.321
1999-12-18,75.988
1999-12-19,75.214
1999-12-20,75.88
1999-12-21,77.739
1999-12-22,109.232
1999-12-23,135.608
1999-12-24,180.262
1999-12-25,192.231
1999-12-26,162.42
1999-12-27,135.155
1999-12-28,109.095
1999-12-29,81.786
1999-12-30,87.169
1999-12-31,132.196
2000-01-01,126.401
2000-01-02,105.236
2000-01-03,86.76
2000-01-04,68.827
2000-01-05,56.956
2000-01-06,57.708
2000-01-07,58.628
2000-01-08,57.165
2000-01-09,54.765
2000-01-10,54.008
2000-01-11,54.002
2000-01-12,55.453
2000-01-13,53.31
2000-01-14,58.85
2000-01-15,58.128
2000-01-16,50.244
2000-01-17,48.368
2000-01-18,47.341
2000-01-19,46.635
2000-01-20,45.822
2000-01-21,45.445
2000-01-22,49.667
2000-01-23,47.648
2000-01-24,46.1
2000-01-25,44.475
2000-01-26,42.471
2000-01-27,42.329
2000-01-28,42.946
2000-01-29,40.532
2000-01-30,37.941
2000-01-31,36.887
2000-02-01,36.019
2000-02-02,35.308
2000-02-03,34.534
2000-02-04,33.866
2000-02-05,33.272
2000-02-06,33.397
2000-02-07,33.511
2000-02-08,33.402
2000-02-09,34.038
2000-02-10,34.917
2000-02-11,35.548
2000-02-12,35.543
2000-02-13,36.337
2000-02-14,32.845
2000-02-15,29.729
2000-02-16,28.692
2000-02-17,27.053
2000-02-18,26.64
2000-02-19,26.198
2000-02-20,26.243
2000-02-21,26.033
2000-02-22,25.435
2000-02-23,24.714
2000-02-24,24.465
2000-02-25,23.937
2000-02-26,22.985
2000-02-27,23.689
2000-02-28,24.267
2000-02-29,24.239
2000-03-01,23.835
2000-03-02,26.133
2000-03-03,27.568
2000-03-04,24.765
2000-03-05,20.523
2000-03-06,19.689
2000-03-07,19.748
2000-03-08,20.27
2000-03-09,22.366
2000-03-10,24.097
2000-03-11,27.835
2000-03-12,26.84
2000-03-13,25.09
2000-03-14,22.243
2000-03-15,23.222
2000-03-16,22.902
2000-03-17,22.678
2000-03-18,26.295
2000-03-19,24.285
2000-03-20,22.7
2000-03-21,23.352
2000-03-22,21.614
2000-03-23,18.848
2000-03-24,17.408
2000-03-25,16.879
2000-03-26,18.251
2000-03-27,30.048
2000-03-28,28.965
2000-03-29,26.526
2000-03-30,32.724
2000-03-31,31.232
2000-04-01,19.625
2000-04-02,19.583
2000-04-03,19.404
2000-04-04,33.878
2000-04-05,43.437
2000-04-06,54.863
2000-04-07,70.839
2000-04-08,53.486
2000-04-09,86.942
2000-04-10,81.763
2000-04-11,100.605
2000-04-12,76.052
2000-04-13,58.021
2000-04-14,74.209
2000-04-15,57.791
2000-04-16,25.655
2000-04-17,34.62
2000-04-18,69.98
2000-04-19,77.107
2000-04-20,84.483
2000-04-21,48.285
2000-04-22,18.737
2000-04-23,21.683
2000-04-24,33.82
2000-04-25,22.222
2000-04-26,23.004
2000-04-27,29.152
2000-04-28,45.564
2000-04-29,53.809
2000-04-30,40.651
2000-05-01,47.336
2000-05-02,45.125
2000-05-03,37.403
2000-05-04,43.013
2000-05-05,65.28
2000-05-06,58.755
2000-05-07,29.965
2000-05-08,32.663
2000-05-09,28.411
2000-05-10,44.442
2000-05-11,54.077
2000-05-12,79.055
2000-05-13,79.005
2000-05-14,70.192
2000-05-15,89.794
2000-05-16,101.86
2000-05-17,74.662
2000-05-18,73.428
2000-05-19,97.25
2000-05-20,92.002
2000-05-21,54.308
2000-05-22,19.552
2000-05-23,16.284
2000-05-24,16.118
2000-05-25,16.687
2000-05-26,16.972
2000-05-27,19.533
2000-05-28,24.228
2000-05-29,21.902
2000-05-30,20.099
2000-05-31,19.656
2000-06-01,18.662
2000-06-02,22.655
2000-06-03,23.763
2000-06-04,23.084
2000-06-05,18.219
2000-06-06,17.86
2000-06-07,17.811
2000-06-08,21.19
2000-06-09,26.544
2000-06-10,26.789
2000-06-11,39.115
2000-06-12,29.926
2000-06-13,19.83
2000-06-14,16.859
2000-06-15,16.088
2000-06-16,25.324
2000-06-17,44.013
2000-06-18,43.907
2000-06-19,33.088
2000-06-20,28.619
2000-06-21,27.629
2000-06-22,29.037
2000-06-23,32.6
2000-06-24,32.692
2000-06-25,40.871
2000-06-26,52.667
2000-06-27,100.278
2000-06-28,94.223
2000-06-29,66.559
2000-06-30,60.587
2000-07-01,43.914
2000-07-02,35.061
2000-07-03,45.984
2000-07-04,41.142
2000-07-05,40.967
2000-07-06,49.759
2000-07-07,37.609
2000-07-08,25.295
2000-07-09,22.252
2000-07-10,31.044
2000-07-11,28.326
2000-07-12,17.183
2000-07-13,22.78
2000-07-14,32.453
2000-07-15,24.387
2000-07-16,26.292
2000-07-17,26.51
2000-07-18,17.73
2000-07-19,17.072
2000-07-20,20.007
2000-07-21,25.927
2000-07-22,20.216
2000-07-23,20.725
2000-07-24,36.842
2000-07-25,30.755
2000-07-26,26.352
2000-07-27,25.367
2000-07-28,19.488
2000-07-29,29.256
2000-07-30,34.003
2000-07-31,28.182
2000-08-01,30.259
2000-08-02,33.263
2000-08-03,28.239
2000-08-04,24.599
2000-08-05,23.082
2000-08-06,20.548
2000-08-07,19.472
2000-08-08,23.075
2000-08-09,25.555
2000-08-10,22.454
2000-08-11,18.262
2000-08-12,33.711
2000-08-13,48.234
2000-08-14,56.535
2000-08-15,49.935
2000-08-16,61.179
2000-08-17,101.812
2000-08-18,67.447
2000-08-19,64.353
2000-08-20,73.04
2000-08-21,77.346
2000-08-22,53.116
2000-08-23,44.695
2000-08-24,33.244
2000-08-25,24.09
2000-08-26,28.391
2000-08-27,36.768
2000-08-28,73.054
2000-08-29,84.273
2000-08-30,65.742
2000-08-31,64.614
2000-09-01,80.012
2000-09-02,86.255
2000-09-03,60.659
2000-09-04,47.801
2000-09-05,32.819
2000-09-06,49.311
2000-09-07,63.718
2000-09-08,46.835
2000-09-09,37.499
2000-09-10,32.684
2000-09-11,44.226
2000-09-12,44.621
2000-09-13,46.316
2000-09-14,38.598
2000-09-15,24.702
2000-09-16,26.066
2000-09-17,55.378
2000-09-18,65.516
2000-09-19,43.253
2000-09-20,52.815
2000-09-21,64.579
2000-09-22,72.08
2000-09-23,87.721
2000-09-24,76.292
2000-09-25,87.392
2000-09-26,99.652
2000-09-27,124.678
2000-09-28,175.948
2000-09-29,147.542
2000-09-30,144.224
2000-10-01,147.943
2000-10-02,174.194
2000-10-03,243.297
2000-10-04,199.855
2000-10-05,206.055
2000-10-06,281.541
2000-10-07,345.817
2000-10-08,278.775
2000-10-09,335.303
2000-10-10,385.303
2000-10-11,267.385
2000-10-12,210.16
2000-10-13,181.071
2000-10-14,213.027
2000-10-15,169.514
2000-10-16,121.58
2000-10-17,98.69
2000-10-18,135.997
2000-10-19,176.18
2000-10-20,159.901
2000-10-21,213.764
2000-10-22,310.068
2000-10-23,347.149
2000-10-24,356.74
2000-10-25,365.692
2000-10-26,277.008
2000-10-27,170.617
2000-10-28,137.082
2000-10-29,89.655
2000-10-30,57.515
2000-10-31,59.255
2000-11-01,66.617
2000-11-02,91.279
2000-11-03,95.079
2000-11-04,99.762
2000-11-05,121.961
2000-11-06,150.186
2000-11-07,180.74
2000-11-08,216.666
2000-11-09,226.209
2000-11-10,249.778
2000-11-11,237.339
2000-11-12,162.78
2000-11-13,114.782
2000-11-14,64.406
2000-11-15,58.716
2000-11-16,56.988
2000-11-17,60.442
2000-11-18,108.29
2000-11-19,119.119
2000-11-20,97.574
2000-11-21,92.566
2000-11-22,127.883
2000-11-23,153.727
2000-11-24,86.451
2000-11-25,85.555
2000-11-26,93.362
2000-11-27,105.397
2000-11-28,100.734
2000-11-29,88.63
2000-11-30,75.954
2000-12-01,80.703
2000-12-02,76.657
2000-12-03,66.673
2000-12-04,72.68
2000-12-05,73.108
2000-12-06,76.082
2000-12-07,69.243
2000-12-08,63.299
2000-12-09,61.706
2000-12-10,78.599
2000-12-11,60.221
2000-12-12,66.122
2000-12-13,102.298
2000-12-14,112.724
2000-12-15,83.938
2000-12-16,52.039
2000-12-17,44.76
2000-12-18,57.185
2000-12-19,76.613
2000-12-20,81.375
2000-12-21,80.904
2000-12-22,84.661
2000-12-23,78.24
2000-12-24,56.488
2000-12-25,65.118
2000-12-26,55.799
2000-12-27,52.754
2000-12-28,47.758
2000-12-29,41.811
2000-12-30,40.961
2000-12-31,61.747
2001-01-01,72.285
2001-01-02,55.225
2001-01-03,55.729
2001-01-04,64.545
2001-01-05,70.807
2001-01-06,69.976
2001-01-07,68.872
2001-01-08,63.883
2001-01-09,46.098
2001-01-10,37.359
2001-01-11,35.383
2001-01-12,34.8
2001-01-13,35.188
2001-01-14,37.585
2001-01-15,36.987
2001-01-16,39.07
2001-01-17,40.681
2001-01-18,39.946
2001-01-19,37.73
2001-01-20,33.893
2001-01-21,35.592
2001-01-22,51.184
2001-01-23,87.106
2001-01-24,93.632
2001-01-25,94.501
2001-01-26,98.115
2001-01-27,71.627
2001-01-28,52.284
2001-01-29,37.019
2001-01-30,30.449
2001-01-31,29.649
2001-02-01,29.294
2001-02-02,29.193
2001-02-03,36.132
2001-02-04,44.28
2001-02-05,38.464
2001-02-06,29.618
2001-02-07,32.128
2001-02-08,55.683
2001-02-09,75.755
2001-02-10,91.007
2001-02-11,77.036
2001-02-12,42.588
2001-02-13,50.405
2001-02-14,69.815
2001-02-15,52.92
2001-02-16,49.902
2001-02-17,65.942
2001-02-18,47.816
2001-02-19,29.138
2001-02-20,25.364
2001-02-21,25.45
2001-02-22,28.19
2001-02-23,28.733
2001-02-24,27.239
2001-02-25,25.889
2001-02-26,26.396
2001-02-27,26.186
2001-02-28,25.967
2001-03-01,34.279
2001-03-02,35.215
2001-03-03,24.605
2001-03-04,22.418
2001-03-05,21.95
2001-03-06,21.681
2001-03-07,21.676
2001-03-08,23.58
2001-03-09,43.588
2001-03-10,66.826
2001-03-11,90.787
2001-03-12,70.519
2001-03-13,98.472
2001-03-14,88.737
2001-03-15,75.177
2001-03-16,49.076
2001-03-17,37.793
2001-03-18,35.089
2001-03-19,23.757
2001-03-20,21.337
2001-03-21,37.741
2001-03-22,46.141
2001-03-23,38.559
2001-03-24,34.174
2001-03-25,32.309
2001-03-26,51.382
2001-03-27,107.86
2001-03-28,107.201
2001-03-29,95.448
2001-03-30,88.563
2001-03-31,172.425
2001-04-01,159.865
2001-04-02,114.29
2001-04-03,136.319
2001-04-04,126.975
2001-04-05,113.282
2001-04-06,117.82
2001-04-07,134.644
2001-04-08,174.863
2001-04-09,231.328
2001-04-10,215.168
2001-04-11,235.794
2001-04-12,215.856
2001-04-13,165.809
2001-04-14,121.355
2001-04-15,70.38
2001-04-16,47.19
2001-04-17,49.71
2001-04-18,77.708
2001-04-19,78.284
2001-04-20,67.938
2001-04-21,68.96
2001-04-22,78.138
2001-04-23,113.16
2001-04-24,141.49
2001-04-25,139.362
2001-04-26,166.156
2001-04-27,173.732
2001-04-28,191.117
2001-04-29,124.216
2001-04-30,120.879
2001-05-01,109.061
2001-05-02,88.869
2001-05-03,97.801
2001-05-04,113.558
2001-05-05,109.999
2001-05-06,109.349
2001-05-07,102.052
2001-05-08,138.361
2001-05-09,152.295
2001-05-10,97.314
2001-05-11,90.193
2001-05-12,110.13
2001-05-13,103.706
2001-05-14,132.192
2001-05-15,185.865
2001-05-16,203.618
2001-05-17,186.72
2001-05-18,165.989
2001-05-19,150.789
2001-05-20,143.681
2001-05-21,143.85
2001-05-22,109.288
2001-05-23,87.163
2001-05-24,80.171
2001-05-25,74.175
2001-05-26,108.482
2001-05-27,134.795
2001-05-28,115.449
2001-05-29,118.617
2001-05-30,173.712
2001-05-31,159.094
2001-06-01,129.908
2001-06-02,110.348
2001-06-03,84.801
2001-06-04,95.877
2001-06-05,125.304
2001-06-06,103.023
2001-06-07,88.912
2001-06-08,95.09
2001-06-09,95.733
2001-06-10,102.362
2001-06-11,121.576
2001-06-12,132.069
2001-06-13,111.39
2001-06-14,132.871
2001-06-15,123.65
2001-06-16,87.238
2001-06-17,97.661
2001-06-18,92.609
2001-06-19,80.707
2001-06-20,78.7
2001-06-21,80.772
2001-06-22,76.466
2001-06-23,68.595
2001-06-24,66.891
2001-06-25,67.444
2001-06-26,62.667
2001-06-27,79.191
2001-06-28,85.64
2001-06-29,76.509
2001-06-30,70.557
2001-07-01,80.629
2001-07-02,75.073
2001-07-03,78.573
2001-07-04,76.891
2001-07-05,75.344
2001-07-06,87.614
2001-07-07,79.765
2001-07-08,61.924
2001-07-09,55.314
2001-07-10,51.68
2001-07-11,49.168
2001-07-12,46.906
2001-07-13,49.113
2001-07-14,49.108
2001-07-15,50.344
2001-07-16,50.278
2001-07-17,48.616
2001-07-18,45.184
2001-07-19,47.72
2001-07-20,86.724
2001-07-21,63.852
2001-07-22,60.975
2001-07-23,71.637
2001-07-24,76.516
2001-07-25,93.733
2001-07-26,90.149
2001-07-27,96.793
2001-07-28,69.04
2001-07-29,43.164
2001-07-30,42.672
2001-07-31,51.825
2001-08-01,79.507
2001-08-02,99.6
2001-08-03,89.881
2001-08-04,52.226
2001-08-05,40.448
2001-08-06,44.686
2001-08-07,38.178
2001-08-08,36.486
2001-08-09,51.59
2001-08-10,47.682
2001-08-11,42.456
2001-08-12,41.044
2001-08-13,63.066
2001-08-14,96.291
2001-08-15,71.555
2001-08-16,106.873
2001-08-17,96.359
2001-08-18,90.425
2001-08-19,130.65
2001-08-20,69.861
2001-08-21,39.02
2001-08-22,37.982
2001-08-23,63.048
2001-08-24,70.019
2001-08-25,61.084
2001-08-26,43.911
2001-08-27,40.695
2001-08-28,34.253
2001-08-29,49.907
2001-08-30,57.665
2001-08-31,48.395
2001-09-01,81.331
2001-09-02,109.106
2001-09-03,78.414
2001-09-04,45.799
2001-09-05,35.298
2001-09-06,60.598
2001-09-07,113.502
2001-09-08,86.737
2001-09-09,55.067
2001-09-10,59.953
2001-09-11,85.887
2001-09-12,73.764
2001-09-13,57.64
2001-09-14,44.71
2001-09-15,33.744
2001-09-16,37.64
2001-09-17,79.754
2001-09-18,99.324
2001-09-19,113.633
2001-09-20,93.833
2001-09-21,113.989
2001-09-22,99.248
2001-09-23,73.63
2001-09-24,49.615
2001-09-25,51.968
2001-09-26,103.28
2001-09-27,147.211
2001-09-28,90.95
2001-09-29,88.988
2001-09-30,121.799
2001-10-01,139.103
2001-10-02,100.898
2001-10-03,117.311
2001-10-04,123.657
2001-10-05,167.453
2001-10-06,143.531
2001-10-07,125.57
2001-10-08,163.024
2001-10-09,156.859
2001-10-10,205.975
2001-10-11,205.177
2001-10-12,176.665
2001-10-13,175.751
2001-10-14,153.44
2001-10-15,116.692
2001-10-16,88.499
2001-10-17,82.267
2001-10-18,86.373
2001-10-19,55.706
2001-10-20,57.209
2001-10-21,54.272
2001-10-22,41.67
2001-10-23,41.788
2001-10-24,44.248
2001-10-25,47.795
2001-10-26,58.828
2001-10-27,57.24
2001-10-28,113.181
2001-10-29,165.178
2001-10-30,147.72
2001-10-31,210.325
2001-11-01,182.352
2001-11-02,160.084
2001-11-03,130.742
2001-11-04,166.348
2001-11-05,151.164
2001-11-06,192.033
2001-11-07,196.019
2001-11-08,316.287
2001-11-09,331.636
2001-11-10,276.83
2001-11-11,311.017
2001-11-12,317.065
2001-11-13,263.04
2001-11-14,186.456
2001-11-15,185.079
2001-11-16,196.876
2001-11-17,256.015
2001-11-18,243.065
2001-11-19,295.15
2001-11-20,406.885
2001-11-21,408.743
2001-11-22,278.64
2001-11-23,319.07
2001-11-24,287.567
2001-11-25,196.695
2001-11-26,144.719
2001-11-27,119.857
2001-11-28,113.965
2001-11-29,108.365
2001-11-30,118.762
2001-12-01,117.322
2001-12-02,112.43
2001-12-03,132.492
2001-12-04,121.535
2001-12-05,127.492
2001-12-06,114.918
2001-12-07,106.551
2001-12-08,106.988
2001-12-09,98.912
2001-12-10,107.141
2001-12-11,97.381
2001-12-12,88.023
2001-12-13,80.735
2001-12-14,75.361
2001-12-15,70.932
2001-12-16,74.93
2001-12-17,93.596
2001-12-18,92.431
2001-12-19,75.283
2001-12-20,61.397
2001-12-21,59.248
2001-12-22,57.526
2001-12-23,56.639
2001-12-24,55.426
2001-12-25,53.328
2001-12-26,52.467
2001-12-27,51.838
2001-12-28,51.465
2001-12-29,52.367
2001-12-30,51.466
2001-12-31,52.562
2002-01-01,63.962
2002-01-02,65.09
2002-01-03,54.065
2002-01-04,52.218
2002-01-05,52.492
2002-01-06,62.084
2002-01-07,80.316
2002-01-08,126.882
2002-01-09,103.534
2002-01-10,76.632
2002-01-11,56.541
2002-01-12,43.031
2002-01-13,40.358
2002-01-14,39.025
2002-01-15,38.228
2002-01-16,37.286
2002-01-17,36.485
2002-01-18,35.969
2002-01-19,36.159
2002-01-20,38.893
2002-01-21,38.499
2002-01-22,34.38
2002-01-23,33.642
2002-01-24,35.119
2002-01-25,44.208
2002-01-26,60.697
2002-01-27,63.663
2002-01-28,72.573
2002-01-29,63.52
2002-01-30,45.239
2002-01-31,31.167
2002-02-01,29.459
2002-02-02,28.696
2002-02-03,28.072
2002-02-04,27.492
2002-02-05,27.37
2002-02-06,27.051
2002-02-07,26.191
2002-02-08,25.647
2002-02-09,25.222
2002-02-10,24.991
2002-02-11,25.586
2002-02-12,25.255
2002-02-13,24.455
2002-02-14,24.208
2002-02-15,23.765
2002-02-16,23.792
2002-02-17,23.442
2002-02-18,22.102
2002-02-19,21.678
2002-02-20,25.355
2002-02-21,28.243
2002-02-22,26.395
2002-02-23,26.809
2002-02-24,23.174
2002-02-25,19.742
2002-02-26,19.25
2002-02-27,19.006
2002-02-28,19.589
2002-03-01,22.215
2002-03-02,23.757
2002-03-03,26.584
2002-03-04,31.851
2002-03-05,56.513
2002-03-06,41.895
2002-03-07,53.761
2002-03-08,74.622
2002-03-09,84.623
2002-03-10,72.117
2002-03-11,118.27
2002-03-12,131.645
2002-03-13,145.169
2002-03-14,112.48
2002-03-15,119.815
2002-03-16,107.211
2002-03-17,39.198
2002-03-18,32.862
2002-03-19,27.701
2002-03-20,31.316
2002-03-21,38.198
2002-03-22,92.255
2002-03-23,165.805
2002-03-24,111.852
2002-03-25,66.913
2002-03-26,38.791
2002-03-27,56.943
2002-03-28,101.912
2002-03-29,139.578
2002-03-30,104.571
2002-03-31,100.972
2002-04-01,91.952
2002-04-02,72.164
2002-04-03,83.735
2002-04-04,57.118
2002-04-05,91.255
2002-04-06,102.185
2002-04-07,101.232
2002-04-08,73.955
2002-04-09,56.647
2002-04-10,38.53
2002-04-11,20.993
2002-04-12,19.724
2002-04-13,25.905
2002-04-14,76.195
2002-04-15,127.924
2002-04-16,169.39
2002-04-17,197.63
2002-04-18,190.268
2002-04-19,183.412
2002-04-20,243.349
2002-04-21,163.356
2002-04-22,133.009
2002-04-23,94.976
2002-04-24,88.973
2002-04-25,100.268
2002-04-26,93.169
2002-04-27,93.368
2002-04-28,86.398
2002-04-29,87.252
2002-04-30,121.819
2002-05-01,224.49
2002-05-02,287.907
2002-05-03,291.462
2002-05-04,289.904
2002-05-05,269.41
2002-05-06,147.112
2002-05-07,136.487
2002-05-08,139.66
2002-05-09,217.015
2002-05-10,192.1
2002-05-11,168.584
2002-05-12,168.675
2002-05-13,189.393
2002-05-14,161.938
2002-05-15,119.766
2002-05-16,93.322
2002-05-17,69.043
2002-05-18,67.593
2002-05-19,71.455
2002-05-20,68.36
2002-05-21,94.04
2002-05-22,105.79
2002-05-23,91.015
2002-05-24,82.965
2002-05-25,101.339
2002-05-26,106.686
2002-05-27,89.453
2002-05-28,67.327
2002-05-29,62.412
2002-05-30,62.447
2002-05-31,73.761
2002-06-01,72.89
2002-06-02,56.21
2002-06-03,50.562
2002-06-04,48.876
2002-06-05,47.99
2002-06-06,47.499
2002-06-07,47.015
2002-06-08,46.876
2002-06-09,47.69
2002-06-10,49.683
2002-06-11,49.746
2002-06-12,51.615
2002-06-13,47.213
2002-06-14,43.67
2002-06-15,44.0
2002-06-16,43.517
2002-06-17,42.398
2002-06-18,39.095
2002-06-19,38.81
2002-06-20,39.628
2002-06-21,37.668
2002-06-22,39.655
2002-06-23,45.601
2002-06-24,43.668
2002-06-25,38.62
2002-06-26,35.93
2002-06-27,37.819
2002-06-28,39.785
2002-06-29,37.754
2002-06-30,40.202
2002-07-01,42.255
2002-07-02,43.335
2002-07-03,33.697
2002-07-04,31.428
2002-07-05,30.24
2002-07-06,30.901
2002-07-07,30.88
2002-07-08,29.948
2002-07-09,28.395
2002-07-10,27.715
2002-07-11,26.901
2002-07-12,26.254
2002-07-13,25.806
2002-07-14,25.449
2002-07-15,25.086
2002-07-16,24.603
2002-07-17,24.335
2002-07-18,24.346
2002-07-19,25.078
2002-07-20,31.81
2002-07-21,27.716
2002-07-22,23.53
2002-07-23,24.007
2002-07-24,23.178
2002-07-25,23.023
2002-07-26,21.875
2002-07-27,21.152
2002-07-28,20.72
2002-07-29,20.302
2002-07-30,19.958
2002-07-31,21.008
2002-08-01,26.348
2002-08-02,25.729
2002-08-03,28.972
2002-08-04,32.27
2002-08-05,30.495
2002-08-06,26.735
2002-08-07,32.727
2002-08-08,45.741
2002-08-09,39.105
2002-08-10,41.258
2002-08-11,33.866
2002-08-12,28.73
2002-08-13,22.199
2002-08-14,26.574
2002-08-15,35.348
2002-08-16,29.71
2002-08-17,19.119
2002-08-18,20.634
2002-08-19,19.562
2002-08-20,17.003
2002-08-21,16.33
2002-08-22,16.409
2002-08-23,18.126
2002-08-24,20.537
2002-08-25,43.364
2002-08-26,46.862
2002-08-27,43.377
2002-08-28,60.901
2002-08-29,48.51
2002-08-30,26.392
2002-08-31,17.005
2002-09-01,16.459
2002-09-02,27.101
2002-09-03,23.13
2002-09-04,28.337
2002-09-05,26.066
2002-09-06,23.787
2002-09-07,20.631
2002-09-08,25.197
2002-09-09,23.686
2002-09-10,18.245
2002-09-11,18.73
2002-09-12,36.319
2002-09-13,58.965
2002-09-14,43.687
2002-09-15,43.942
2002-09-16,77.29
2002-09-17,116.07
2002-09-18,98.76
2002-09-19,99.648
2002-09-20,110.356
2002-09-21,78.11
2002-09-22,31.882
2002-09-23,25.079
2002-09-24,33.945
2002-09-25,38.837
2002-09-26,32.778
2002-09-27,59.383
2002-09-28,51.42
2002-09-29,63.976
2002-09-30,54.421
2002-10-01,19.865
2002-10-02,28.286
2002-10-03,66.633
2002-10-04,75.315
2002-10-05,84.151
2002-10-06,87.098
2002-10-07,102.689
2002-10-08,101.361
2002-10-09,108.79
2002-10-10,90.473
2002-10-11,91.912
2002-10-12,62.99
2002-10-13,66.891
2002-10-14,89.916
2002-10-15,61.515
2002-10-16,92.998
2002-10-17,98.85
2002-10-18,71.32
2002-10-19,55.288
2002-10-20,74.833
2002-10-21,64.582
2002-10-22,50.43
2002-10-23,66.84
2002-10-24,74.461
2002-10-25,94.387
2002-10-26,107.872
2002-10-27,108.124
2002-10-28,135.767
2002-10-29,137.001
2002-10-30,151.574
2002-10-31,165.044
2002-11-01,119.679
2002-11-02,155.13
2002-11-03,164.939
2002-11-04,131.597
2002-11-05,109.76
2002-11-06,112.11
2002-11-07,272.387
2002-11-08,242.358
2002-11-09,166.477
2002-11-10,160.953
2002-11-11,189.105
2002-11-12,189.567
2002-11-13,142.135
2002-11-14,131.23
2002-11-15,137.28
2002-11-16,218.105
2002-11-17,234.662
2002-11-18,233.723
2002-11-19,235.176
2002-11-20,176.138
2002-11-21,111.26
2002-11-22,123.915
2002-11-23,97.804
2002-11-24,87.253
2002-11-25,125.135
2002-11-26,152.417
2002-11-27,166.258
2002-11-28,182.454
2002-11-29,199.897
2002-11-30,169.71
2002-12-01,105.288
2002-12-02,72.042
2002-12-03,70.655
2002-12-04,68.837
2002-12-05,68.042
2002-12-06,68.136
2002-12-07,69.713
2002-12-08,77.512
2002-12-09,79.482
2002-12-10,99.758
2002-12-11,90.287
2002-12-12,68.356
2002-12-13,115.599
2002-12-14,118.543
2002-12-15,132.638
2002-12-16,113.428
2002-12-17,122.68
2002-12-18,103.51
2002-12-19,101.666
2002-12-20,116.27
2002-12-21,134.55
2002-12-22,195.346
2002-12-23,262.11
2002-12-24,208.633
2002-12-25,146.067
2002-12-26,109.145
2002-12-27,71.549
2002-12-28,65.482
2002-12-29,61.963
2002-12-30,60.84
2002-12-31,59.761
2003-01-01,58.798
2003-01-02,59.312
2003-01-03,63.825
2003-01-04,70.69
2003-01-05,71.017
2003-01-06,61.498
2003-01-07,54.802
2003-01-08,53.915
2003-01-09,66.514
2003-01-10,58.286
2003-01-11,49.005
2003-01-12,47.563
2003-01-13,46.416
2003-01-14,45.245
2003-01-15,44.116
2003-01-16,43.154
2003-01-17,42.274
2003-01-18,41.315
2003-01-19,40.282
2003-01-20,39.837
2003-01-21,40.032
2003-01-22,41.062
2003-01-23,43.626
2003-01-24,43.353
2003-01-25,44.163
2003-01-26,37.581
2003-01-27,35.066
2003-01-28,33.98
2003-01-29,33.572
2003-01-30,33.373
2003-01-31,32.307
2003-02-01,30.844
2003-02-02,30.276
2003-02-03,29.52
2003-02-04,28.566
2003-02-05,27.828
2003-02-06,27.175
2003-02-07,26.479
2003-02-08,25.916
2003-02-09,25.519
2003-02-10,25.044
2003-02-11,25.135
2003-02-12,25.168
2003-02-13,25.008
2003-02-14,24.037
2003-02-15,22.713
2003-02-16,22.655
2003-02-17,23.226
2003-02-18,23.697
2003-02-19,25.635
2003-02-20,28.381
2003-02-21,26.53
2003-02-22,23.388
2003-02-23,23.003
2003-02-24,20.123
2003-02-25,18.582
2003-02-26,18.093
2003-02-27,18.116
2003-02-28,19.803
2003-03-01,28.024
2003-03-02,22.612
2003-03-03,19.834
2003-03-04,18.048
2003-03-05,16.542
2003-03-06,15.846
2003-03-07,15.667
2003-03-08,15.192
2003-03-09,14.802
2003-03-10,14.555
2003-03-11,14.444
2003-03-12,14.312
2003-03-13,15.019
2003-03-14,16.03
2003-03-15,26.196
2003-03-16,19.134
2003-03-17,16.878
2003-03-18,30.293
2003-03-19,19.977
2003-03-20,15.924
2003-03-21,14.196
2003-03-22,13.707
2003-03-23,22.35
2003-03-24,18.167
2003-03-25,28.988
2003-03-26,50.838
2003-03-27,42.886
2003-03-28,42.974
2003-03-29,69.565
2003-03-30,101.362
2003-03-31,133.228
2003-04-01,149.256
2003-04-02,114.532
2003-04-03,77.187
2003-04-04,58.121
2003-04-05,45.094
2003-04-06,33.838
2003-04-07,15.827
2003-04-08,19.122
2003-04-09,20.48
2003-04-10,14.366
2003-04-11,10.957
2003-04-12,9.835
2003-04-13,9.918
2003-04-14,10.398
2003-04-15,14.796
2003-04-16,38.643
2003-04-17,50.667
2003-04-18,44.347
2003-04-19,34.595
2003-04-20,28.16
2003-04-21,47.535
2003-04-22,116.901
2003-04-23,126.584
2003-04-24,109.316
2003-04-25,93.818
2003-04-26,63.204
2003-04-27,39.39
2003-04-28,46.879
2003-04-29,85.484
2003-04-30,177.751
2003-05-01,126.494
2003-05-02,129.5
2003-05-03,134.629
2003-05-04,67.718
2003-05-05,80.75
2003-05-06,102.308
2003-05-07,77.909
2003-05-08,53.173
2003-05-09,41.141
2003-05-10,48.325
2003-05-11,53.052
2003-05-12,49.545
2003-05-13,45.585
2003-05-14,25.015
2003-05-15,37.513
2003-05-16,68.743
2003-05-17,105.112
2003-05-18,117.274
2003-05-19,73.648
2003-05-20,37.639
2003-05-21,22.487
2003-05-22,20.545
2003-05-23,20.792
2003-05-24,20.283
2003-05-25,19.507
2003-05-26,19.844
2003-05-27,20.157
2003-05-28,23.575
2003-05-29,39.597
2003-05-30,32.138
2003-05-31,22.875
2003-06-01,39.14
2003-06-02,45.286
2003-06-03,50.154
2003-06-04,57.502
2003-06-05,45.289
2003-06-06,40.903
2003-06-07,42.998
2003-06-08,35.536
2003-06-09,29.333
2003-06-10,21.263
2003-06-11,19.703
2003-06-12,23.875
2003-06-13,49.846
2003-06-14,46.722
2003-06-15,41.122
2003-06-16,41.65
2003-06-17,38.493
2003-06-18,32.745
2003-06-19,29.488
2003-06-20,26.031
2003-06-21,38.834
2003-06-22,57.503
2003-06-23,57.04
2003-06-24,61.055
2003-06-25,51.365
2003-06-26,70.346
2003-06-27,97.763
2003-06-28,84.78
2003-06-29,56.878
2003-06-30,51.84
2003-07-01,62.96
2003-07-02,70.006
2003-07-03,55.77
2003-07-04,45.226
2003-07-05,36.487
2003-07-06,46.582
2003-07-07,66.904
2003-07-08,46.013
2003-07-09,56.779
2003-07-10,44.337
2003-07-11,29.932
2003-07-12,28.172
2003-07-13,30.048
2003-07-14,30.932
2003-07-15,28.387
2003-07-16,27.22
2003-07-17,26.94
2003-07-18,25.364
2003-07-19,30.458
2003-07-20,30.538
2003-07-21,36.925
2003-07-22,50.115
2003-07-23,59.82
2003-07-24,69.131
2003-07-25,70.658
2003-07-26,54.942
2003-07-27,39.04
2003-07-28,30.86
2003-07-29,26.987
2003-07-30,22.668
2003-07-31,22.414
2003-08-01,22.771
2003-08-02,22.66
2003-08-03,25.154
2003-08-04,22.302
2003-08-05,21.749
2003-08-06,23.031
2003-08-07,22.278
2003-08-08,24.634
2003-08-09,31.971
2003-08-10,30.468
2003-08-11,24.574
2003-08-12,21.892
2003-08-13,35.153
2003-08-14,33.54
2003-08-15,24.06
2003-08-16,43.105
2003-08-17,52.642
2003-08-18,33.742
2003-08-19,34.113
2003-08-20,41.165
2003-08-21,42.069
2003-08-22,46.016
2003-08-23,33.846
2003-08-24,48.904
2003-08-25,44.839
2003-08-26,60.592
2003-08-27,60.983
2003-08-28,66.152
2003-08-29,102.995
2003-08-30,93.607
2003-08-31,81.29
2003-09-01,83.885
2003-09-02,62.341
2003-09-03,45.283
2003-09-04,69.712
2003-09-05,91.541
2003-09-06,95.72
2003-09-07,64.455
2003-09-08,60.31
2003-09-09,63.768
2003-09-10,93.348
2003-09-11,113.228
2003-09-12,124.53
2003-09-13,90.186
2003-09-14,61.308
2003-09-15,53.605
2003-09-16,100.989
2003-09-17,184.41
2003-09-18,137.137
2003-09-19,97.501
2003-09-20,88.664
2003-09-21,70.111
2003-09-22,63.412
2003-09-23,55.819
2003-09-24,40.549
2003-09-25,27.997
2003-09-26,28.66
2003-09-27,35.335
2003-09-28,51.635
2003-09-29,56.678
2003-09-30,64.945
2003-10-01,34.309
2003-10-02,38.451
2003-10-03,36.755
2003-10-04,65.51
2003-10-05,87.887
2003-10-06,90.596
2003-10-07,66.859
2003-10-08,73.068
2003-10-09,90.368
2003-10-10,80.8
2003-10-11,93.097
2003-10-12,131.5
2003-10-13,112.975
2003-10-14,103.464
2003-10-15,125.385
2003-10-16,87.004
2003-10-17,70.06
2003-10-18,49.935
2003-10-19,58.279
2003-10-20,43.372
2003-10-21,88.744
2003-10-22,72.523
2003-10-23,57.39
2003-10-24,41.199
2003-10-25,26.342
2003-10-26,48.058
2003-10-27,52.681
2003-10-28,46.014
2003-10-29,47.075
2003-10-30,73.842
2003-10-31,108.622
2003-11-01,151.961
2003-11-02,170.662
2003-11-03,177.315
2003-11-04,128.786
2003-11-05,71.222
2003-11-06,99.709
2003-11-07,93.347
2003-11-08,85.79
2003-11-09,83.527
2003-11-10,70.302
2003-11-11,65.344
2003-11-12,79.873
2003-11-13,133.577
2003-11-14,116.891
2003-11-15,71.378
2003-11-16,49.849
2003-11-17,66.808
2003-11-18,114.175
2003-11-19,157.538
2003-11-20,114.082
2003-11-21,92.052
2003-11-22,74.921
2003-11-23,86.798
2003-11-24,103.128
2003-11-25,119.095
2003-11-26,116.452
2003-11-27,88.962
2003-11-28,66.54
2003-11-29,43.92
2003-11-30,81.382
2003-12-01,90.278
2003-12-02,130.787
2003-12-03,163.345
2003-12-04,131.479
2003-12-05,90.102
2003-12-06,73.817
2003-12-07,115.275
2003-12-08,140.341
2003-12-09,132.0
2003-12-10,166.836
2003-12-11,191.956
2003-12-12,187.543
2003-12-13,170.748
2003-12-14,128.161
2003-12-15,69.59
2003-12-16,56.921
2003-12-17,58.643
2003-12-18,53.548
2003-12-19,50.632
2003-12-20,50.601
2003-12-21,51.128
2003-12-22,49.269
2003-12-23,55.405
2003-12-24,57.094
2003-12-25,61.05
2003-12-26,57.905
2003-12-27,46.095
2003-12-28,42.027
2003-12-29,40.628
2003-12-30,39.59
2003-12-31,38.662
2004-01-01,37.832
2004-01-02,37.008
2004-01-03,36.273
2004-01-04,36.105
2004-01-05,36.668
2004-01-06,36.698
2004-01-07,35.922
2004-01-08,35.384
2004-01-09,33.297
2004-01-10,31.268
2004-01-11,30.655
2004-01-12,30.279
2004-01-13,29.353
2004-01-14,28.796
2004-01-15,28.383
2004-01-16,28.263
2004-01-17,28.966
2004-01-18,28.705
2004-01-19,28.41
2004-01-20,33.21
2004-01-21,36.448
2004-01-22,48.433
2004-01-23,40.328
2004-01-24,33.312
2004-01-25,29.127
2004-01-26,38.072
2004-01-27,32.293
2004-01-28,25.518
2004-01-29,22.868
2004-01-30,22.03
2004-01-31,21.292
2004-02-01,20.853
2004-02-02,20.374
2004-02-03,19.84
2004-02-04,19.396
2004-02-05,18.996
2004-02-06,18.644
2004-02-07,18.476
2004-02-08,18.16
2004-02-09,17.601
2004-02-10,17.267
2004-02-11,17.302
2004-02-12,17.135
2004-02-13,16.76
2004-02-14,16.16
2004-02-15,15.712
2004-02-16,15.506
2004-02-17,16.167
2004-02-18,18.31
2004-02-19,26.314
2004-02-20,21.033
2004-02-21,27.889
2004-02-22,22.439
2004-02-23,20.148
2004-02-24,16.728
2004-02-25,17.404
2004-02-26,49.458
2004-02-27,26.748
2004-02-28,15.846
2004-02-29,16.053
2004-03-01,31.613
2004-03-02,39.834
2004-03-03,28.663
2004-03-04,19.538
2004-03-05,13.597
2004-03-06,12.067
2004-03-07,11.798
2004-03-08,12.49
2004-03-09,15.612
2004-03-10,20.842
2004-03-11,19.03
2004-03-12,16.357
2004-03-13,18.688
2004-03-14,16.819
2004-03-15,16.818
2004-03-16,22.948
2004-03-17,17.747
2004-03-18,17.191
2004-03-19,14.022
2004-03-20,10.945
2004-03-21,10.36
2004-03-22,10.538
2004-03-23,10.39
2004-03-24,9.672
2004-03-25,9.438
2004-03-26,9.345
2004-03-27,9.301
2004-03-28,10.326
2004-03-29,11.592
2004-03-30,13.548
2004-03-31,19.33
2004-04-01,29.67
2004-04-02,39.668
2004-04-03,31.239
2004-04-04,22.118
2004-04-05,52.337
2004-04-06,97.457
2004-04-07,114.523
2004-04-08,130.334
2004-04-09,131.755
2004-04-10,93.296
2004-04-11,105.593
2004-04-12,198.758
2004-04-13,192.368
2004-04-14,169.238
2004-04-15,145.28
2004-04-16,170.039
2004-04-17,184.316
2004-04-18,114.571
2004-04-19,67.425
2004-04-20,94.527
2004-04-21,170.237
2004-04-22,87.773
2004-04-23,79.408
2004-04-24,74.387
2004-04-25,56.683
2004-04-26,66.052
2004-04-27,54.361
2004-04-28,106.801
2004-04-29,105.881
2004-04-30,73.4
2004-05-01,70.467
2004-05-02,153.581
2004-05-03,161.721
2004-05-04,172.35
2004-05-05,165.989
2004-05-06,178.633
2004-05-07,124.904
2004-05-08,77.298
2004-05-09,63.79
2004-05-10,83.412
2004-05-11,69.243
2004-05-12,80.259
2004-05-13,57.729
2004-05-14,85.592
2004-05-15,96.263
2004-05-16,80.407
2004-05-17,77.183
2004-05-18,54.221
2004-05-19,42.535
2004-05-20,32.476
2004-05-21,21.046
2004-05-22,19.182
2004-05-23,18.825
2004-05-24,18.9
2004-05-25,19.557
2004-05-26,19.399
2004-05-27,18.932
2004-05-28,19.784
2004-05-29,21.992
2004-05-30,29.692
2004-05-31,45.418
2004-06-01,49.883
2004-06-02,48.28
2004-06-03,70.811
2004-06-04,93.591
2004-06-05,77.825
2004-06-06,66.449
2004-06-07,55.504
2004-06-08,26.265
2004-06-09,39.29
2004-06-10,39.899
2004-06-11,33.493
2004-06-12,43.778
2004-06-13,48.887
2004-06-14,41.191
2004-06-15,34.969
2004-06-16,46.547
2004-06-17,42.531
2004-06-18,22.929
2004-06-19,31.617
2004-06-20,29.746
2004-06-21,23.555
2004-06-22,20.773
2004-06-23,26.425
2004-06-24,32.26
2004-06-25,51.062
2004-06-26,68.674
2004-06-27,60.548
2004-06-28,50.037
2004-06-29,56.026
2004-06-30,42.593
2004-07-01,20.395
2004-07-02,17.192
2004-07-03,16.686
2004-07-04,16.543
2004-07-05,16.945
2004-07-06,17.303
2004-07-07,16.857
2004-07-08,15.961
2004-07-09,15.548
2004-07-10,15.242
2004-07-11,15.074
2004-07-12,15.134
2004-07-13,15.329
2004-07-14,15.856
2004-07-15,16.479
2004-07-16,15.684
2004-07-17,16.457
2004-07-18,16.813
2004-07-19,19.715
2004-07-20,25.108
2004-07-21,43.685
2004-07-22,42.141
2004-07-23,34.385
2004-07-24,23.995
2004-07-25,18.129
2004-07-26,41.949
2004-07-27,39.88
2004-07-28,35.503
2004-07-29,48.521
2004-07-30,38.802
2004-07-31,24.396
2004-08-01,43.058
2004-08-02,30.21
2004-08-03,66.995
2004-08-04,31.848
2004-08-05,19.989
2004-08-06,27.385
2004-08-07,23.291
2004-08-08,19.22
2004-08-09,26.768
2004-08-10,49.231
2004-08-11,53.462
2004-08-12,66.817
2004-08-13,60.989
2004-08-14,88.82
2004-08-15,102.309
2004-08-16,85.263
2004-08-17,66.101
2004-08-18,54.952
2004-08-19,58.185
2004-08-20,43.275
2004-08-21,32.841
2004-08-22,21.928
2004-08-23,18.377
2004-08-24,34.908
2004-08-25,39.008
2004-08-26,46.417
2004-08-27,57.312
2004-08-28,46.944
2004-08-29,62.541
2004-08-30,48.187
2004-08-31,18.04
2004-09-01,14.36
2004-09-02,15.017
2004-09-03,16.48
2004-09-04,45.14
2004-09-05,46.04
2004-09-06,56.363
2004-09-07,59.63
2004-09-08,71.172
2004-09-09,44.412
2004-09-10,64.889
2004-09-11,97.345
2004-09-12,74.822
2004-09-13,44.303
2004-09-14,24.436
2004-09-15,44.25
2004-09-16,43.417
2004-09-17,33.42
2004-09-18,27.989
2004-09-19,33.545
2004-09-20,80.07
2004-09-21,82.307
2004-09-22,36.202
2004-09-23,83.716
2004-09-24,57.165
2004-09-25,51.578
2004-09-26,60.684
2004-09-27,71.742
2004-09-28,107.665
2004-09-29,152.748
2004-09-30,124.104
2004-10-01,92.877
2004-10-02,80.17
2004-10-03,68.749
2004-10-04,106.924
2004-10-05,104.423
2004-10-06,79.298
2004-10-07,97.712
2004-10-08,47.69
2004-10-09,35.27
2004-10-10,33.871
2004-10-11,30.28
2004-10-12,26.612
2004-10-13,26.994
2004-10-14,26.752
2004-10-15,28.828
2004-10-16,31.768
2004-10-17,55.512
2004-10-18,81.551
2004-10-19,125.291
2004-10-20,101.452
2004-10-21,81.522
2004-10-22,67.267
2004-10-23,116.439
2004-10-24,154.243
2004-10-25,132.355
2004-10-26,109.568
2004-10-27,93.093
2004-10-28,187.145
2004-10-29,302.091
2004-10-30,215.339
2004-10-31,167.561
2004-11-01,132.473
2004-11-02,120.458
2004-11-03,131.834
2004-11-04,162.517
2004-11-05,140.643
2004-11-06,154.43
2004-11-07,192.145
2004-11-08,199.415
2004-11-09,164.879
2004-11-10,120.443
2004-11-11,85.936
2004-11-12,85.725
2004-11-13,85.522
2004-11-14,77.23
2004-11-15,71.879
2004-11-16,100.949
2004-11-17,84.324
2004-11-18,75.831
2004-11-19,96.309
2004-11-20,121.612
2004-11-21,100.481
2004-11-22,131.707
2004-11-23,152.589
2004-11-24,157.985
2004-11-25,139.135
2004-11-26,111.993
2004-11-27,214.842
2004-11-28,217.056
2004-11-29,154.397
2004-11-30,152.896
2004-12-01,114.729
2004-12-02,61.34
2004-12-03,53.92
2004-12-04,60.712
2004-12-05,60.58
2004-12-06,59.052
2004-12-07,55.135
2004-12-08,49.264
2004-12-09,47.977
2004-12-10,49.147
2004-12-11,61.342
2004-12-12,67.96
2004-12-13,58.521
2004-12-14,50.602
2004-12-15,46.859
2004-12-16,45.575
2004-12-17,42.851
2004-12-18,40.886
2004-12-19,39.817
2004-12-20,52.644
2004-12-21,52.262
2004-12-22,51.313
2004-12-23,41.736
2004-12-24,47.306
2004-12-25,84.772
2004-12-26,74.142
2004-12-27,57.121
2004-12-28,46.185
2004-12-29,34.955
2004-12-30,30.897
2004-12-31,30.0
2005-01-01,29.413
2005-01-02,29.355
2005-01-03,29.656
2005-01-04,30.677
2005-01-05,29.956
2005-01-06,27.42
2005-01-07,26.5
2005-01-08,26.391
2005-01-09,26.218
2005-01-10,25.736
2005-01-11,25.745
2005-01-12,24.885
2005-01-13,23.492
2005-01-14,22.975
2005-01-15,22.565
2005-01-16,22.195
2005-01-17,22.169
2005-01-18,23.86
2005-01-19,27.282
2005-01-20,32.497
2005-01-21,27.703
2005-01-22,20.98
2005-01-23,19.664
2005-01-24,19.179
2005-01-25,18.807
2005-01-26,18.418
2005-01-27,18.0
2005-01-28,18.155
2005-01-29,19.229
2005-01-30,25.412
2005-01-31,24.772
2005-02-01,24.862
2005-02-02,26.363
2005-02-03,21.332
2005-02-04,18.19
2005-02-05,19.739
2005-02-06,17.207
2005-02-07,15.437
2005-02-08,14.903
2005-02-09,14.777
2005-02-10,15.438
2005-02-11,15.513
2005-02-12,15.676
2005-02-13,14.991
2005-02-14,13.956
2005-02-15,13.197
2005-02-16,12.891
2005-02-17,12.687
2005-02-18,12.445
2005-02-19,12.22
2005-02-20,11.991
2005-02-21,11.79
2005-02-22,11.509
2005-02-23,11.278
2005-02-24,11.085
2005-02-25,10.87
2005-02-26,10.672
2005-02-27,10.55
2005-02-28,11.459
2005-03-01,14.204
2005-03-02,14.062
2005-03-03,15.295
2005-03-04,21.651
2005-03-05,21.156
2005-03-06,20.194
2005-03-07,40.947
2005-03-08,25.042
2005-03-09,18.042
2005-03-10,14.336
2005-03-11,10.997
2005-03-12,10.191
2005-03-13,9.918
2005-03-14,9.405
2005-03-15,10.053
2005-03-16,18.803
2005-03-17,17.65
2005-03-18,30.201
2005-03-19,30.978
2005-03-20,42.178
2005-03-21,44.047
2005-03-22,53.848
2005-03-23,70.375
2005-03-24,71.873
2005-03-25,79.523
2005-03-26,110.088
2005-03-27,155.173
2005-03-28,86.53
2005-03-29,46.687
2005-03-30,35.87
2005-03-31,28.469
2005-04-01,18.041
2005-04-02,9.325
2005-04-03,8.679
2005-04-04,8.037
2005-04-05,7.449
2005-04-06,8.579
2005-04-07,13.417
2005-04-08,18.997
2005-04-09,20.614
2005-04-10,39.842
2005-04-11,58.996
2005-04-12,57.859
2005-04-13,62.225
2005-04-14,82.626
2005-04-15,98.06
2005-04-16,79.898
2005-04-17,56.673
2005-04-18,41.763
2005-04-19,46.327
2005-04-20,49.477
2005-04-21,46.048
2005-04-22,43.463
2005-04-23,55.874
2005-04-24,36.34
2005-04-25,13.75
2005-04-26,12.025
2005-04-27,9.62
2005-04-28,10.292
2005-04-29,19.529
2005-04-30,42.33
2005-05-01,43.403
2005-05-02,58.928
2005-05-03,62.489
2005-05-04,66.633
2005-05-05,70.668
2005-05-06,98.306
2005-05-07,159.239
2005-05-08,150.329
2005-05-09,116.171
2005-05-10,94.655
2005-05-11,107.699
2005-05-12,96.698
2005-05-13,82.303
2005-05-14,88.955
2005-05-15,107.29
2005-05-16,108.875
2005-05-17,98.761
2005-05-18,64.268
2005-05-19,55.262
2005-05-20,79.805
2005-05-21,77.744
2005-05-22,73.736
2005-05-23,124.27
2005-05-24,157.796
2005-05-25,141.463
2005-05-26,95.399
2005-05-27,115.492
2005-05-28,140.326
2005-05-29,99.405
2005-05-30,126.446
2005-05-31,108.509
2005-06-01,88.891
2005-06-02,49.357
2005-06-03,31.087
2005-06-04,25.238
2005-06-05,26.352
2005-06-06,26.579
2005-06-07,25.009
2005-06-08,23.886
2005-06-09,37.551
2005-06-10,72.732
2005-06-11,57.235
2005-06-12,75.903
2005-06-13,65.845
2005-06-14,36.092
2005-06-15,30.15
2005-06-16,23.869
2005-06-17,22.723
2005-06-18,24.037
2005-06-19,51.399
2005-06-20,58.339
2005-06-21,58.165
2005-06-22,121.018
2005-06-23,103.898
2005-06-24,90.556
2005-06-25,88.229
2005-06-26,99.509
2005-06-27,93.56
2005-06-28,84.559
2005-06-29,69.842
2005-06-30,38.652
2005-07-01,30.142
2005-07-02,35.295
2005-07-03,32.425
2005-07-04,34.355
2005-07-05,42.953
2005-07-06,40.962
2005-07-07,38.028
2005-07-08,48.668
2005-07-09,54.929
2005-07-10,44.811
2005-07-11,37.102
2005-07-12,37.053
2005-07-13,38.849
2005-07-14,47.36
2005-07-15,42.659
2005-07-16,33.933
2005-07-17,26.327
2005-07-18,24.997
2005-07-19,25.743
2005-07-20,26.514
2005-07-21,26.848
2005-07-22,27.73
2005-07-23,27.007
2005-07-24,27.057
2005-07-25,27.227
2005-07-26,29.034
2005-07-27,25.718
2005-07-28,25.603
2005-07-29,41.867
2005-07-30,37.67
2005-07-31,33.36
2005-08-01,67.153
2005-08-02,52.61
2005-08-03,34.551
2005-08-04,34.443
2005-08-05,62.563
2005-08-06,81.518
2005-08-07,94.829
2005-08-08,86.947
2005-08-09,85.109
2005-08-10,64.792
2005-08-11,77.269
2005-08-12,70.976
2005-08-13,47.787
2005-08-14,48.466
2005-08-15,80.055
2005-08-16,87.395
2005-08-17,113.099
2005-08-18,111.857
2005-08-19,101.824
2005-08-20,142.749
2005-08-21,209.59
2005-08-22,157.914
2005-08-23,138.895
2005-08-24,104.502
2005-08-25,110.208
2005-08-26,57.621
2005-08-27,60.988
2005-08-28,92.158
2005-08-29,132.97
2005-08-30,117.852
2005-08-31,92.507
2005-09-01,76.231
2005-09-02,78.57
2005-09-03,61.08
2005-09-04,38.086
2005-09-05,37.232
2005-09-06,45.976
2005-09-07,44.588
2005-09-08,59.389
2005-09-09,71.676
2005-09-10,96.015
2005-09-11,88.758
2005-09-12,122.607
2005-09-13,128.922
2005-09-14,148.381
2005-09-15,114.218
2005-09-16,94.272
2005-09-17,136.242
2005-09-18,174.48
2005-09-19,185.432
2005-09-20,201.47
2005-09-21,147.078
2005-09-22,87.293
2005-09-23,115.841
2005-09-24,86.136
2005-09-25,96.894
2005-09-26,95.185
2005-09-27,77.526
2005-09-28,69.472
2005-09-29,48.126
2005-09-30,45.628
2005-10-01,45.925
2005-10-02,63.008
2005-10-03,90.927
2005-10-04,51.755
2005-10-05,42.812
2005-10-06,37.124
2005-10-07,56.218
2005-10-08,102.486
2005-10-09,77.745
2005-10-10,114.252
2005-10-11,116.151
2005-10-12,74.384
2005-10-13,96.614
2005-10-14,97.316
2005-10-15,177.412
2005-10-16,208.98
2005-10-17,183.013
2005-10-18,179.847
2005-10-19,130.393
2005-10-20,116.394
2005-10-21,126.688
2005-10-22,166.735
2005-10-23,169.383
2005-10-24,143.33
2005-10-25,164.22
2005-10-26,196.756
2005-10-27,131.071
2005-10-28,157.028
2005-10-29,266.466
2005-10-30,268.837
2005-10-31,280.951
2005-11-01,235.974
2005-11-02,160.543
2005-11-03,118.657
2005-11-04,84.953
2005-11-05,87.341
2005-11-06,124.472
2005-11-07,89.642
2005-11-08,94.928
2005-11-09,108.246
2005-11-10,105.127
2005-11-11,81.774
2005-11-12,58.517
2005-11-13,62.011
2005-11-14,64.403
2005-11-15,64.55
2005-11-16,68.315
2005-11-17,64.861
2005-11-18,54.222
2005-11-19,72.816
2005-11-20,87.619
2005-11-21,86.365
2005-11-22,70.293
2005-11-23,65.623
2005-11-24,62.42
2005-11-25,55.209
2005-11-26,48.282
2005-11-27,49.994
2005-11-28,62.418
2005-11-29,55.042
2005-11-30,65.778
2005-12-01,59.285
2005-12-02,45.171
2005-12-03,39.789
2005-12-04,37.565
2005-12-05,39.129
2005-12-06,46.95
2005-12-07,53.62
2005-12-08,85.707
2005-12-09,105.614
2005-12-10,76.34
2005-12-11,49.617
2005-12-12,42.573
2005-12-13,32.976
2005-12-14,32.741
2005-12-15,34.221
2005-12-16,31.375
2005-12-17,29.567
2005-12-18,29.072
2005-12-19,28.563
2005-12-20,27.997
2005-12-21,27.565
2005-12-22,27.025
2005-12-23,26.435
2005-12-24,25.983
2005-12-25,25.752
2005-12-26,25.588
2005-12-27,25.424
2005-12-28,24.795
2005-12-29,23.796
2005-12-30,23.539
2005-12-31,23.58
2006-01-01,23.328
2006-01-02,22.585
2006-01-03,21.82
2006-01-04,21.135
2006-01-05,20.742
2006-01-06,20.513
2006-01-07,20.218
2006-01-08,19.732
2006-01-09,19.175
2006-01-10,18.805
2006-01-11,18.883
2006-01-12,19.359
2006-01-13,19.271
2006-01-14,19.53
2006-01-15,28.285
2006-01-16,23.37
2006-01-17,20.973
2006-01-18,19.078
2006-01-19,19.505
2006-01-20,19.506
2006-01-21,19.572
2006-01-22,26.135
2006-01-23,28.27
2006-01-24,20.938
2006-01-25,15.257
2006-01-26,14.707
2006-01-27,14.135
2006-01-28,13.864
2006-01-29,13.644
2006-01-30,13.485
2006-01-31,13.537
2006-02-01,13.047
2006-02-02,12.876
2006-02-03,13.438
2006-02-04,14.217
2006-02-05,14.657
2006-02-06,13.418
2006-02-07,12.505
2006-02-08,11.88
2006-02-09,11.276
2006-02-10,11.213
2006-02-11,11.038
2006-02-12,10.914
2006-02-13,10.855
2006-02-14,11.254
2006-02-15,13.049
2006-02-16,14.508
2006-02-17,15.901
2006-02-18,14.917
2006-02-19,16.653
2006-02-20,15.555
2006-02-21,14.469
2006-02-22,13.553
2006-02-23,17.578
2006-02-24,20.786
2006-02-25,25.984
2006-02-26,17.483
2006-02-27,34.159
2006-02-28,23.314
2006-03-01,69.461
2006-03-02,59.748
2006-03-03,79.179
2006-03-04,74.725
2006-03-05,45.414
2006-03-06,17.09
2006-03-07,11.347
2006-03-08,12.85
2006-03-09,29.514
2006-03-10,91.959
2006-03-11,63.241
2006-03-12,37.615
2006-03-13,18.046
2006-03-14,9.842
2006-03-15,25.037
2006-03-16,21.872
2006-03-17,20.439
2006-03-18,23.814
2006-03-19,24.318
2006-03-20,22.992
2006-03-21,15.262
2006-03-22,23.926
2006-03-23,25.217
2006-03-24,37.251
2006-03-25,42.189
2006-03-26,28.876
2006-03-27,33.531
2006-03-28,42.174
2006-03-29,56.932
2006-03-30,40.303
2006-03-31,46.045
2006-04-01,36.754
2006-04-02,29.045
2006-04-03,35.767
2006-04-04,59.161
2006-04-05,131.979
2006-04-06,169.748
2006-04-07,117.628
2006-04-08,99.598
2006-04-09,93.516
2006-04-10,97.322
2006-04-11,174.897
2006-04-12,179.02
2006-04-13,85.847
2006-04-14,68.815
2006-04-15,57.385
2006-04-16,49.593
2006-04-17,71.252
2006-04-18,74.018
2006-04-19,94.194
2006-04-20,84.191
2006-04-21,96.519
2006-04-22,113.442
2006-04-23,97.933
2006-04-24,113.467
2006-04-25,120.159
2006-04-26,125.737
2006-04-27,115.6
2006-04-28,70.113
2006-04-29,73.563
2006-04-30,111.62
2006-05-01,99.482
2006-05-02,82.414
2006-05-03,131.528
2006-05-04,148.138
2006-05-05,135.945
2006-05-06,122.647
2006-05-07,157.951
2006-05-08,95.061
2006-05-09,81.191
2006-05-10,111.32
2006-05-11,83.6
2006-05-12,118.776
2006-05-13,201.53
2006-05-14,259.956
2006-05-15,286.692
2006-05-16,293.023
2006-05-17,283.559
2006-05-18,262.812
2006-05-19,298.566
2006-05-20,318.231
2006-05-21,237.311
2006-05-22,113.801
2006-05-23,84.022
2006-05-24,82.421
2006-05-25,94.4
2006-05-26,90.888
2006-05-27,82.076
2006-05-28,75.112
2006-05-29,79.242
2006-05-30,80.303
2006-05-31,77.974
2006-06-01,103.954
2006-06-02,116.529
2006-06-03,126.189
2006-06-04,124.276
2006-06-05,83.147
2006-06-06,59.64
2006-06-07,67.965
2006-06-08,76.447
2006-06-09,74.477
2006-06-10,89.765
2006-06-11,84.577
2006-06-12,57.436
2006-06-13,63.163
2006-06-14,62.256
2006-06-15,63.908
2006-06-16,65.59
2006-06-17,72.974
2006-06-18,68.9
2006-06-19,56.7
2006-06-20,69.061
2006-06-21,88.697
2006-06-22,77.155
2006-06-23,73.49
2006-06-24,69.494
2006-06-25,55.183
2006-06-26,47.322
2006-06-27,44.061
2006-06-28,47.859
2006-06-29,49.21
2006-06-30,48.151
2006-07-01,46.956
2006-07-02,43.521
2006-07-03,40.324
2006-07-04,39.753
2006-07-05,39.794
2006-07-06,43.825
2006-07-07,42.084
2006-07-08,45.751
2006-07-09,53.409
2006-07-10,71.32
2006-07-11,63.036
2006-07-12,55.23
2006-07-13,47.458
2006-07-14,44.693
2006-07-15,43.825
2006-07-16,37.891
2006-07-17,33.721
2006-07-18,33.027
2006-07-19,31.674
2006-07-20,31.14
2006-07-21,31.085
2006-07-22,42.489
2006-07-23,46.48
2006-07-24,42.247
2006-07-25,68.635
2006-07-26,88.985
2006-07-27,82.193
2006-07-28,57.542
2006-07-29,43.894
2006-07-30,56.898
2006-07-31,76.601
2006-08-01,71.331
2006-08-02,80.117
2006-08-03,70.359
2006-08-04,74.681
2006-08-05,112.741
2006-08-06,141.048
2006-08-07,95.505
2006-08-08,106.915
2006-08-09,135.762
2006-08-10,123.763
2006-08-11,170.941
2006-08-12,170.082
2006-08-13,140.2
2006-08-14,112.469
2006-08-15,90.738
2006-08-16,49.56
2006-08-17,36.93
2006-08-18,39.987
2006-08-19,55.525
2006-08-20,57.577
2006-08-21,49.6
2006-08-22,58.255
2006-08-23,54.026
2006-08-24,36.851
2006-08-25,34.26
2006-08-26,35.921
2006-08-27,36.089
2006-08-28,48.398
2006-08-29,42.627
2006-08-30,70.488
2006-08-31,78.211
2006-09-01,53.331
2006-09-02,47.113
2006-09-03,45.34
2006-09-04,40.002
2006-09-05,67.893
2006-09-06,54.555
2006-09-07,48.653
2006-09-08,55.07
2006-09-09,46.658
2006-09-10,34.451
2006-09-11,33.398
2006-09-12,53.464
2006-09-13,67.98
2006-09-14,64.35
2006-09-15,94.6
2006-09-16,71.855
2006-09-17,61.229
2006-09-18,82.811
2006-09-19,76.802
2006-09-20,73.142
2006-09-21,60.621
2006-09-22,79.837
2006-09-23,150.357
2006-09-24,167.977
2006-09-25,160.528
2006-09-26,166.038
2006-09-27,135.229
2006-09-28,94.835
2006-09-29,95.421
2006-09-30,109.058
2006-10-01,137.895
2006-10-02,148.739
2006-10-03,168.967
2006-10-04,150.46
2006-10-05,126.882
2006-10-06,91.633
2006-10-07,75.633
2006-10-08,96.228
2006-10-09,121.087
2006-10-10,103.316
2006-10-11,69.935
2006-10-12,73.796
2006-10-13,78.949
2006-10-14,69.23
2006-10-15,61.936
2006-10-16,48.373
2006-10-17,38.687
2006-10-18,36.443
2006-10-19,43.64
2006-10-20,62.541
2006-10-21,102.312
2006-10-22,123.04
2006-10-23,115.741
2006-10-24,201.278
2006-10-25,191.607
2006-10-26,119.723
2006-10-27,83.557
2006-10-28,76.118
2006-10-29,73.087
2006-10-30,114.801
2006-10-31,90.461
2006-11-01,89.184
2006-11-02,101.842
2006-11-03,74.602
2006-11-04,67.14
2006-11-05,68.117
2006-11-06,67.047
2006-11-07,79.804
2006-11-08,88.26
2006-11-09,100.382
2006-11-10,115.162
2006-11-11,153.243
2006-11-12,160.243
2006-11-13,145.827
2006-11-14,184.401
2006-11-15,173.402
2006-11-16,229.58
2006-11-17,277.982
2006-11-18,247.029
2006-11-19,324.99
2006-11-20,347.382
2006-11-21,317.128
2006-11-22,238.888
2006-11-23,155.79
2006-11-24,167.722
2006-11-25,155.103
2006-11-26,169.726
2006-11-27,227.483
2006-11-28,190.953
2006-11-29,196.268
2006-11-30,175.497
2006-12-01,146.213
2006-12-02,136.138
2006-12-03,142.205
2006-12-04,162.539
2006-12-05,174.424
2006-12-06,159.75
2006-12-07,155.228
2006-12-08,164.835
2006-12-09,189.649
2006-12-10,169.574
2006-12-11,127.834
2006-12-12,125.023
2006-12-13,112.263
2006-12-14,96.997
2006-12-15,118.746
2006-12-16,169.588
2006-12-17,185.117
2006-12-18,164.757
2006-12-19,166.303
2006-12-20,161.662
2006-12-21,179.774
2006-12-22,148.661
2006-12-23,203.538
2006-12-24,163.527
2006-12-25,159.072
2006-12-26,105.561
2006-12-27,84.847
2006-12-28,78.013
2006-12-29,70.721
2006-12-30,69.204
2006-12-31,68.489
2007-01-01,66.607
2007-01-02,65.059
2007-01-03,62.563
2007-01-04,60.36
2007-01-05,58.641
2007-01-06,57.08
2007-01-07,60.437
2007-01-08,61.973
2007-01-09,60.238
2007-01-10,53.784
2007-01-11,50.616
2007-01-12,49.05
2007-01-13,46.028
2007-01-14,44.745
2007-01-15,43.402
2007-01-16,42.553
2007-01-17,42.208
2007-01-18,43.115
2007-01-19,50.536
2007-01-20,49.642
2007-01-21,42.144
2007-01-22,38.37
2007-01-23,37.464
2007-01-24,36.249
2007-01-25,35.391
2007-01-26,33.593
2007-01-27,32.775
2007-01-28,32.694
2007-01-29,32.828
2007-01-30,36.748
2007-01-31,42.611
2007-02-01,38.052
2007-02-02,34.404
2007-02-03,40.895
2007-02-04,39.895
2007-02-05,43.413
2007-02-06,50.231
2007-02-07,91.455
2007-02-08,93.785
2007-02-09,86.809
2007-02-10,74.771
2007-02-11,44.243
2007-02-12,28.336
2007-02-13,27.83
2007-02-14,39.385
2007-02-15,57.895
2007-02-16,44.367
2007-02-17,33.334
2007-02-18,34.245
2007-02-19,32.953
2007-02-20,29.659
2007-02-21,24.154
2007-02-22,22.817
2007-02-23,22.077
2007-02-24,21.687
2007-02-25,21.673
2007-02-26,21.905
2007-02-27,22.573
2007-02-28,23.645
2007-03-01,29.032
2007-03-02,28.64
2007-03-03,21.528
2007-03-04,22.053
2007-03-05,21.502
2007-03-06,24.094
2007-03-07,20.893
2007-03-08,18.97
2007-03-09,18.229
2007-03-10,17.742
2007-03-11,17.943
2007-03-12,19.121
2007-03-13,20.078
2007-03-14,20.684
2007-03-15,22.346
2007-03-16,19.131
2007-03-17,18.384
2007-03-18,23.355
2007-03-19,22.816
2007-03-20,24.298
2007-03-21,31.233
2007-03-22,36.022
2007-03-23,49.869
2007-03-24,35.088
2007-03-25,24.626
2007-03-26,21.445
2007-03-27,20.492
2007-03-28,25.103
2007-03-29,20.862
2007-03-30,22.453
2007-03-31,23.348
2007-04-01,17.573
2007-04-02,17.487
2007-04-03,16.375
2007-04-04,14.594
2007-04-05,12.888
2007-04-06,12.648
2007-04-07,12.44
2007-04-08,12.178
2007-04-09,12.026
2007-04-10,12.235
2007-04-11,13.775
2007-04-12,15.999
2007-04-13,16.64
2007-04-14,20.612
2007-04-15,43.952
2007-04-16,75.566
2007-04-17,74.86
2007-04-18,84.481
2007-04-19,53.029
2007-04-20,54.372
2007-04-21,38.319
2007-04-22,57.684
2007-04-23,36.225
2007-04-24,32.853
2007-04-25,24.304
2007-04-26,18.324
2007-04-27,39.43
2007-04-28,56.846
2007-04-29,113.389
2007-04-30,153.22
2007-05-01,94.856
2007-05-02,52.792
2007-05-03,29.619
2007-05-04,21.162
2007-05-05,16.978
2007-05-06,27.166
2007-05-07,31.018
2007-05-08,55.394
2007-05-09,62.08
2007-05-10,69.483
2007-05-11,66.064
2007-05-12,49.697
2007-05-13,25.797
2007-05-14,24.449
2007-05-15,30.599
2007-05-16,55.072
2007-05-17,84.518
2007-05-18,88.512
2007-05-19,97.315
2007-05-20,131.197
2007-05-21,105.454
2007-05-22,55.177
2007-05-23,17.443
2007-05-24,11.179
2007-05-25,11.24
2007-05-26,11.622
2007-05-27,15.162
2007-05-28,38.265
2007-05-29,36.77
2007-05-30,44.07
2007-05-31,36.043
2007-06-01,33.665
2007-06-02,34.008
2007-06-03,35.302
2007-06-04,55.771
2007-06-05,64.646
2007-06-06,103.82
2007-06-07,112.212
2007-06-08,93.691
2007-06-09,53.49
2007-06-10,49.84
2007-06-11,87.642
2007-06-12,85.454
2007-06-13,89.053
2007-06-14,64.722
2007-06-15,51.72
2007-06-16,74.434
2007-06-17,92.542
2007-06-18,75.187
2007-06-19,62.565
2007-06-20,55.37
2007-06-21,45.936
2007-06-22,31.662
2007-06-23,16.834
2007-06-24,15.716
2007-06-25,16.506
2007-06-26,18.382
2007-06-27,18.337
2007-06-28,20.447
2007-06-29,32.416
2007-06-30,29.599
2007-07-01,35.463
2007-07-02,44.352
2007-07-03,46.659
2007-07-04,70.772
2007-07-05,118.443
2007-07-06,152.799
2007-07-07,136.5
2007-07-08,116.438
2007-07-09,104.921
2007-07-10,100.25
2007-07-11,88.915
2007-07-12,68.212
2007-07-13,51.04
2007-07-14,43.918
2007-07-15,37.916
2007-07-16,52.692
2007-07-17,45.942
2007-07-18,34.347
2007-07-19,58.306
2007-07-20,84.176
2007-07-21,74.78
2007-07-22,48.113
2007-07-23,56.276
2007-07-24,72.648
2007-07-25,82.699
2007-07-26,58.655
2007-07-27,54.536
2007-07-28,44.492
2007-07-29,26.093
2007-07-30,31.058
2007-07-31,34.15
2007-08-01,84.825
2007-08-02,169.944
2007-08-03,153.25
2007-08-04,79.729
2007-08-05,102.685
2007-08-06,119.115
2007-08-07,221.054
2007-08-08,162.601
2007-08-09,175.619
2007-08-10,174.173
2007-08-11,99.9
2007-08-12,100.69
2007-08-13,111.62
2007-08-14,101.837
2007-08-15,133.379
2007-08-16,131.98
2007-08-17,166.888
2007-08-18,128.792
2007-08-19,131.562
2007-08-20,111.955
2007-08-21,124.509
2007-08-22,173.808
2007-08-23,146.172
2007-08-24,86.056
2007-08-25,82.987
2007-08-26,75.836
2007-08-27,80.922
2007-08-28,109.165
2007-08-29,93.677
2007-08-30,78.0
2007-08-31,59.701
2007-09-01,86.96
2007-09-02,129.839
2007-09-03,149.997
2007-09-04,158.248
2007-09-05,204.562
2007-09-06,238.252
2007-09-07,172.749
2007-09-08,95.069
2007-09-09,104.421
2007-09-10,141.746
2007-09-11,115.816
2007-09-12,134.019
2007-09-13,172.21
2007-09-14,129.139
2007-09-15,175.788
2007-09-16,165.538
2007-09-17,180.758
2007-09-18,171.115
2007-09-19,140.518
2007-09-20,120.33
2007-09-21,98.376
2007-09-22,138.27
2007-09-23,119.396
2007-09-24,115.464
2007-09-25,119.686
2007-09-26,116.971
2007-09-27,91.78
2007-09-28,93.073
2007-09-29,84.441
2007-09-30,69.183
2007-10-01,53.893
2007-10-02,63.791
2007-10-03,144.181
2007-10-04,135.926
2007-10-05,131.373
2007-10-06,129.004
2007-10-07,85.205
2007-10-08,85.321
2007-10-09,120.322
2007-10-10,142.474
2007-10-11,176.778
2007-10-12,177.756
2007-10-13,146.233
2007-10-14,139.79
2007-10-15,104.549
2007-10-16,120.511
2007-10-17,140.162
2007-10-18,125.99
2007-10-19,85.647
2007-10-20,76.173
2007-10-21,63.62
2007-10-22,82.676
2007-10-23,126.143
2007-10-24,107.024
2007-10-25,115.797
2007-10-26,109.382
2007-10-27,77.784
2007-10-28,70.045
2007-10-29,79.129
2007-10-30,66.49
2007-10-31,66.013
2007-11-01,61.885
2007-11-02,57.874
2007-11-03,56.772
2007-11-04,53.454
2007-11-05,83.845
2007-11-06,119.902
2007-11-07,136.505
2007-11-08,136.978
2007-11-09,84.101
2007-11-10,84.262
2007-11-11,80.358
2007-11-12,70.991
2007-11-13,67.28
2007-11-14,84.318
2007-11-15,126.012
2007-11-16,106.864
2007-11-17,73.605
2007-11-18,116.486
2007-11-19,176.924
2007-11-20,190.059
2007-11-21,162.663
2007-11-22,125.452
2007-11-23,88.798
2007-11-24,54.958
2007-11-25,61.705
2007-11-26,62.18
2007-11-27,53.419
2007-11-28,68.648
2007-11-29,61.66
2007-11-30,43.409
2007-12-01,41.481
2007-12-02,41.782
2007-12-03,44.543
2007-12-04,48.806
2007-12-05,52.135
2007-12-06,52.775
2007-12-07,41.822
2007-12-08,37.204
2007-12-09,38.038
2007-12-10,39.939
2007-12-11,64.395
2007-12-12,58.088
2007-12-13,52.742
2007-12-14,71.884
2007-12-15,66.836
2007-12-16,53.605
2007-12-17,43.462
2007-12-18,38.205
2007-12-19,32.017
2007-12-20,30.0
2007-12-21,29.287
2007-12-22,28.794
2007-12-23,28.504
2007-12-24,32.742
2007-12-25,32.721
2007-12-26,28.275
2007-12-27,26.802
2007-12-28,26.37
2007-12-29,26.053
2007-12-30,25.844
2007-12-31,25.085
2008-01-01,24.603
2008-01-02,24.181
2008-01-03,23.652
2008-01-04,24.529
2008-01-05,25.866
2008-01-06,25.937
2008-01-07,25.368
2008-01-08,24.873
2008-01-09,24.46
2008-01-10,24.387
2008-01-11,24.292
2008-01-12,23.71
2008-01-13,23.452
2008-01-14,23.425
2008-01-15,23.345
2008-01-16,25.627
2008-01-17,32.4
2008-01-18,37.22
2008-01-19,46.346
2008-01-20,63.209
2008-01-21,76.006
2008-01-22,59.024
2008-01-23,52.722
2008-01-24,53.48
2008-01-25,86.207
2008-01-26,52.856
2008-01-27,22.118
2008-01-28,23.621
2008-01-29,21.663
2008-01-30,23.382
2008-01-31,22.946
2008-02-01,19.225
2008-02-02,17.193
2008-02-03,16.821
2008-02-04,16.618
2008-02-05,16.354
2008-02-06,16.117
2008-02-07,16.361
2008-02-08,17.614
2008-02-09,20.68
2008-02-10,28.427
2008-02-11,22.096
2008-02-12,81.218
2008-02-13,85.879
2008-02-14,81.309
2008-02-15,35.998
2008-02-16,24.796
2008-02-17,22.123
2008-02-18,16.737
2008-02-19,15.608
2008-02-20,16.044
2008-02-21,20.737
2008-02-22,20.517
2008-02-23,17.92
2008-02-24,32.017
2008-02-25,28.639
2008-02-26,16.164
2008-02-27,13.93
2008-02-28,15.053
2008-02-29,14.897
2008-03-01,14.495
2008-03-02,14.569
2008-03-03,14.275
2008-03-04,13.378
2008-03-05,13.179
2008-03-06,12.944
2008-03-07,13.483
2008-03-08,13.428
2008-03-09,13.677
2008-03-10,14.465
2008-03-11,16.281
2008-03-12,13.599
2008-03-13,13.066
2008-03-14,13.21
2008-03-15,16.517
2008-03-16,24.796
2008-03-17,18.084
2008-03-18,19.754
2008-03-19,19.884
2008-03-20,28.438
2008-03-21,22.192
2008-03-22,35.355
2008-03-23,61.549
2008-03-24,99.608
2008-03-25,125.328
2008-03-26,74.509
2008-03-27,51.013
2008-03-28,47.327
2008-03-29,109.428
2008-03-30,121.568
2008-03-31,137.7
2008-04-01,93.68
2008-04-02,73.937
2008-04-03,81.248
2008-04-04,64.717
2008-04-05,51.124
2008-04-06,25.122
2008-04-07,12.76
2008-04-08,12.274
2008-04-09,18.372
2008-04-10,20.072
2008-04-11,26.33
2008-04-12,44.194
2008-04-13,102.035
2008-04-14,102.483
2008-04-15,97.75
2008-04-16,146.432
2008-04-17,112.941
2008-04-18,129.165
2008-04-19,101.041
2008-04-20,100.613
2008-04-21,132.203
2008-04-22,166.171
2008-04-23,192.802
2008-04-24,133.715
2008-04-25,136.17
2008-04-26,192.768
2008-04-27,193.727
2008-04-28,189.07
2008-04-29,154.637
2008-04-30,119.397
2008-05-01,91.229
2008-05-02,41.597
2008-05-03,36.695
2008-05-04,31.959
2008-05-05,41.043
2008-05-06,36.112
2008-05-07,27.501
2008-05-08,27.546
2008-05-09,26.87
2008-05-10,24.91
2008-05-11,24.495
2008-05-12,24.564
2008-05-13,24.79
2008-05-14,25.451
2008-05-15,26.568
2008-05-16,51.897
2008-05-17,46.919
2008-05-18,46.478
2008-05-19,53.408
2008-05-20,66.878
2008-05-21,90.096
2008-05-22,86.041
2008-05-23,86.522
2008-05-24,93.218
2008-05-25,79.713
2008-05-26,86.41
2008-05-27,96.153
2008-05-28,88.544
2008-05-29,92.001
2008-05-30,107.345
2008-05-31,86.327
2008-06-01,82.308
2008-06-02,72.439
2008-06-03,66.253
2008-06-04,76.814
2008-06-05,54.445
2008-06-06,50.077
2008-06-07,100.042
2008-06-08,208.615
2008-06-09,144.108
2008-06-10,155.514
2008-06-11,119.372
2008-06-12,84.69
2008-06-13,108.659
2008-06-14,92.923
2008-06-15,53.291
2008-06-16,62.757
2008-06-17,46.215
2008-06-18,40.491
2008-06-19,37.597
2008-06-20,37.121
2008-06-21,36.85
2008-06-22,34.798
2008-06-23,35.985
2008-06-24,38.998
2008-06-25,33.877
2008-06-26,35.386
2008-06-27,34.413
2008-06-28,32.447
2008-06-29,30.41
2008-06-30,29.856
2008-07-01,30.202
2008-07-02,29.465
2008-07-03,28.451
2008-07-04,28.713
2008-07-05,30.376
2008-07-06,41.635
2008-07-07,36.035
2008-07-08,32.183
2008-07-09,53.81
2008-07-10,46.74
2008-07-11,33.375
2008-07-12,28.448
2008-07-13,30.318
2008-07-14,40.229
2008-07-15,32.71
2008-07-16,28.758
2008-07-17,30.86
2008-07-18,34.438
2008-07-19,39.107
2008-07-20,54.299
2008-07-21,69.179
2008-07-22,53.395
2008-07-23,36.131
2008-07-24,35.023
2008-07-25,57.646
2008-07-26,57.558
2008-07-27,58.983
2008-07-28,57.831
2008-07-29,68.492
2008-07-30,59.25
2008-07-31,63.412
2008-08-01,44.302
2008-08-02,49.566
2008-08-03,63.198
2008-08-04,63.614
2008-08-05,66.692
2008-08-06,126.919
2008-08-07,119.601
2008-08-08,68.523
2008-08-09,35.893
2008-08-10,54.155
2008-08-11,45.722
2008-08-12,35.65
2008-08-13,30.186
2008-08-14,36.732
2008-08-15,47.403
2008-08-16,34.644
2008-08-17,50.178
2008-08-18,52.708
2008-08-19,46.446
2008-08-20,79.907
2008-08-21,70.652
2008-08-22,68.006
2008-08-23,62.062
2008-08-24,65.035
2008-08-25,51.642
2008-08-26,55.933
2008-08-27,78.46
2008-08-28,89.895
2008-08-29,65.235
2008-08-30,58.957
2008-08-31,91.638
2008-09-01,106.254
2008-09-02,82.86
2008-09-03,79.695
2008-09-04,74.98
2008-09-05,55.808
2008-09-06,53.111
2008-09-07,59.469
2008-09-08,81.782
2008-09-09,107.117
2008-09-10,83.754
2008-09-11,52.373
2008-09-12,42.93
2008-09-13,36.674
2008-09-14,53.192
2008-09-15,73.391
2008-09-16,89.756
2008-09-17,98.412
2008-09-18,105.423
2008-09-19,101.354
2008-09-20,99.233
2008-09-21,56.971
2008-09-22,45.441
2008-09-23,44.516
2008-09-24,55.371
2008-09-25,83.232
2008-09-26,101.647
2008-09-27,122.838
2008-09-28,103.652
2008-09-29,66.861
2008-09-30,41.723
2008-10-01,70.433
2008-10-02,80.825
2008-10-03,57.675
2008-10-04,85.86
2008-10-05,94.589
2008-10-06,106.822
2008-10-07,85.583
2008-10-08,83.734
2008-10-09,91.387
2008-10-10,126.395
2008-10-11,168.9
2008-10-12,136.175
2008-10-13,103.935
2008-10-14,105.973
2008-10-15,113.462
2008-10-16,126.481
2008-10-17,112.139
2008-10-18,83.205
2008-10-19,71.157
2008-10-20,102.795
2008-10-21,161.544
2008-10-22,210.253
2008-10-23,175.612
2008-10-24,140.404
2008-10-25,147.113
2008-10-26,146.582
2008-10-27,138.424
2008-10-28,213.161
2008-10-29,298.716
2008-10-30,194.663
2008-10-31,231.308
2008-11-01,238.874
2008-11-02,186.535
2008-11-03,190.745
2008-11-04,189.395
2008-11-05,151.374
2008-11-06,199.15
2008-11-07,183.37
2008-11-08,266.388
2008-11-09,296.579
2008-11-10,233.762
2008-11-11,191.52
2008-11-12,185.617
2008-11-13,198.969
2008-11-14,251.293
2008-11-15,218.46
2008-11-16,153.402
2008-11-17,123.135
2008-11-18,105.756
2008-11-19,100.731
2008-11-20,95.608
2008-11-21,98.684
2008-11-22,92.634
2008-11-23,81.127
2008-11-24,77.711
2008-11-25,71.606
2008-11-26,64.932
2008-11-27,62.563
2008-11-28,60.722
2008-11-29,58.841
2008-11-30,57.132
2008-12-01,55.834
2008-12-02,54.242
2008-12-03,52.552
2008-12-04,51.277
2008-12-05,50.429
2008-12-06,58.429
2008-12-07,57.628
2008-12-08,61.728
2008-12-09,59.792
2008-12-10,60.893
2008-12-11,50.57
2008-12-12,44.424
2008-12-13,45.939
2008-12-14,50.689
2008-12-15,46.161
2008-12-16,37.588
2008-12-17,36.168
2008-12-18,35.391
2008-12-19,34.806
2008-12-20,34.132
2008-12-21,34.187
2008-12-22,33.944
2008-12-23,34.537
2008-12-24,33.258
2008-12-25,30.994
2008-12-26,29.562
2008-12-27,28.737
2008-12-28,28.046
2008-12-29,27.418
2008-12-30,27.318
2008-12-31,27.0
2009-01-01,26.554
2009-01-02,26.099
2009-01-03,25.53
2009-01-04,24.402
2009-01-05,23.596
2009-01-06,23.13
2009-01-07,22.552
2009-01-08,22.045
2009-01-09,21.616
2009-01-10,21.424
2009-01-11,21.915
2009-01-12,23.826
2009-01-13,23.078
2009-01-14,19.667
2009-01-15,18.919
2009-01-16,18.643
2009-01-17,18.632
2009-01-18,18.458
2009-01-19,17.838
2009-01-20,17.218
2009-01-21,17.359
2009-01-22,18.217
2009-01-23,17.729
2009-01-24,17.403
2009-01-25,17.772
2009-01-26,19.964
2009-01-27,23.719
2009-01-28,31.258
2009-01-29,30.852
2009-01-30,48.37
2009-01-31,31.703
2009-02-01,22.846
2009-02-02,21.754
2009-02-03,23.918
2009-02-04,22.995
2009-02-05,15.125
2009-02-06,15.334
2009-02-07,15.151
2009-02-08,14.475
2009-02-09,14.481
2009-02-10,18.214
2009-02-11,18.63
2009-02-12,16.695
2009-02-13,16.686
2009-02-14,27.948
2009-02-15,24.294
2009-02-16,13.943
2009-02-17,11.979
2009-02-18,11.233
2009-02-19,11.376
2009-02-20,12.093
2009-02-21,12.798
2009-02-22,14.029
2009-02-23,12.754
2009-02-24,11.186
2009-02-25,10.853
2009-02-26,11.4
2009-02-27,11.691
2009-02-28,11.334
2009-03-01,11.435
2009-03-02,12.284
2009-03-03,13.853
2009-03-04,14.535
2009-03-05,16.082
2009-03-06,10.623
2009-03-07,9.66
2009-03-08,9.267
2009-03-09,9.351
2009-03-10,9.19
2009-03-11,9.046
2009-03-12,8.929
2009-03-13,8.65
2009-03-14,8.498
2009-03-15,8.533
2009-03-16,8.603
2009-03-17,10.105
2009-03-18,10.532
2009-03-19,11.647
2009-03-20,9.881
2009-03-21,9.177
2009-03-22,9.992
2009-03-23,8.95
2009-03-24,9.191
2009-03-25,8.732
2009-03-26,8.253
2009-03-27,7.73
2009-03-28,7.288
2009-03-29,7.087
2009-03-30,6.921
2009-03-31,7.293
2009-04-01,12.0
2009-04-02,20.692
2009-04-03,14.932
2009-04-04,25.981
2009-04-05,37.207
2009-04-06,47.916
2009-04-07,46.093
2009-04-08,60.957
2009-04-09,61.538
2009-04-10,37.136
2009-04-11,19.457
2009-04-12,13.413
2009-04-13,38.843
2009-04-14,48.24
2009-04-15,48.717
2009-04-16,45.442
2009-04-17,50.27
2009-04-18,65.844
2009-04-19,54.425
2009-04-20,37.572
2009-04-21,50.079
2009-04-22,82.169
2009-04-23,54.342
2009-04-24,49.533
2009-04-25,66.759
2009-04-26,70.145
2009-04-27,81.695
2009-04-28,50.997
2009-04-29,32.642
2009-04-30,49.504
2009-05-01,37.586
2009-05-02,55.784
2009-05-03,37.524
2009-05-04,15.865
2009-05-05,15.5
2009-05-06,14.76
2009-05-07,7.176
2009-05-08,6.525
2009-05-09,7.578
2009-05-10,8.523
2009-05-11,20.954
2009-05-12,36.505
2009-05-13,61.01
2009-05-14,52.739
2009-05-15,42.963
2009-05-16,44.372
2009-05-17,36.367
2009-05-18,24.035
2009-05-19,24.941
2009-05-20,29.215
2009-05-21,23.201
2009-05-22,17.067
2009-05-23,67.813
2009-05-24,134.242
2009-05-25,103.259
2009-05-26,86.525
2009-05-27,52.122
2009-05-28,23.525
2009-05-29,58.555
2009-05-30,75.255
2009-05-31,44.993
2009-06-01,34.967
2009-06-02,33.986
2009-06-03,24.448
2009-06-04,18.615
2009-06-05,20.959
2009-06-06,33.689
2009-06-07,37.312
2009-06-08,33.153
2009-06-09,17.375
2009-06-10,11.695
2009-06-11,17.442
2009-06-12,17.889
2009-06-13,15.81
2009-06-14,12.414
2009-06-15,10.439
2009-06-16,9.437
2009-06-17,12.74
2009-06-18,12.847
2009-06-19,13.032
2009-06-20,18.753
2009-06-21,17.561
2009-06-22,19.544
2009-06-23,12.085
2009-06-24,8.745
2009-06-25,8.61
2009-06-26,8.977
2009-06-27,8.174
2009-06-28,7.988
2009-06-29,8.93
2009-06-30,10.61
2009-07-01,17.839
2009-07-02,54.789
2009-07-03,33.121
2009-07-04,37.394
2009-07-05,31.053
2009-07-06,25.119
2009-07-07,18.262
2009-07-08,8.532
2009-07-09,7.199
2009-07-10,7.219
2009-07-11,8.132
2009-07-12,9.534
2009-07-13,11.086
2009-07-14,9.891
2009-07-15,16.109
2009-07-16,10.87
2009-07-17,8.286
2009-07-18,8.73
2009-07-19,8.111
2009-07-20,7.551
2009-07-21,7.053
2009-07-22,6.683
2009-07-23,6.55
2009-07-24,6.942
2009-07-25,8.8
2009-07-26,9.843
2009-07-27,35.34
2009-07-28,49.019
2009-07-29,26.615
2009-07-30,14.105
2009-07-31,9.206
2009-08-01,6.685
2009-08-02,13.118
2009-08-03,9.121
2009-08-04,7.908
2009-08-05,16.86
2009-08-06,18.1
2009-08-07,15.734
2009-08-08,12.118
2009-08-09,11.498
2009-08-10,12.152
2009-08-11,19.34
2009-08-12,22.617
2009-08-13,15.662
2009-08-14,15.288
2009-08-15,17.502
2009-08-16,23.619
2009-08-17,50.077
2009-08-18,43.141
2009-08-19,43.278
2009-08-20,35.193
2009-08-21,23.093
2009-08-22,12.332
2009-08-23,29.07
2009-08-24,28.159
2009-08-25,46.145
2009-08-26,114.392
2009-08-27,135.212
2009-08-28,60.03
2009-08-29,28.142
2009-08-30,18.151
2009-08-31,39.751
2009-09-01,33.725
2009-09-02,27.516
2009-09-03,31.288
2009-09-04,29.563
2009-09-05,22.558
2009-09-06,33.623
2009-09-07,44.979
2009-09-08,56.19
2009-09-09,43.76
2009-09-10,62.192
2009-09-11,44.248
2009-09-12,41.93
2009-09-13,49.472
2009-09-14,59.671
2009-09-15,62.164
2009-09-16,38.947
2009-09-17,27.077
2009-09-18,40.586
2009-09-19,47.529
2009-09-20,67.388
2009-09-21,110.25
2009-09-22,151.691
2009-09-23,139.611
2009-09-24,111.221
2009-09-25,97.317
2009-09-26,73.362
2009-09-27,50.808
2009-09-28,32.097
2009-09-29,37.705
2009-09-30,41.862
2009-10-01,83.838
2009-10-02,168.961
2009-10-03,130.763
2009-10-04,116.46
2009-10-05,103.608
2009-10-06,92.631
2009-10-07,63.285
2009-10-08,81.608
2009-10-09,96.899
2009-10-10,158.003
2009-10-11,230.662
2009-10-12,158.452
2009-10-13,105.098
2009-10-14,113.319
2009-10-15,92.805
2009-10-16,57.355
2009-10-17,48.793
2009-10-18,118.831
2009-10-19,166.566
2009-10-20,221.728
2009-10-21,143.84
2009-10-22,74.472
2009-10-23,101.213
2009-10-24,60.829
2009-10-25,41.56
2009-10-26,137.432
2009-10-27,195.373
2009-10-28,142.696
2009-10-29,99.755
2009-10-30,110.681
2009-10-31,91.058
2009-11-01,50.014
2009-11-02,46.138
2009-11-03,41.066
2009-11-04,33.246
2009-11-05,40.153
2009-11-06,47.642
2009-11-07,65.42
2009-11-08,82.285
2009-11-09,120.423
2009-11-10,124.138
2009-11-11,87.376
2009-11-12,69.296
2009-11-13,40.062
2009-11-14,45.371
2009-11-15,40.948
2009-11-16,39.708
2009-11-17,34.73
2009-11-18,75.431
2009-11-19,99.871
2009-11-20,84.502
2009-11-21,55.274
2009-11-22,41.211
2009-11-23,41.103
2009-11-24,57.524
2009-11-25,43.133
2009-11-26,28.625
2009-11-27,34.62
2009-11-28,54.107
2009-11-29,72.18
2009-11-30,53.095
2009-12-01,42.746
2009-12-02,83.65
2009-12-03,70.183
2009-12-04,35.807
2009-12-05,33.933
2009-12-06,33.113
2009-12-07,41.896
2009-12-08,63.101
2009-12-09,69.734
2009-12-10,89.705
2009-12-11,69.286
2009-12-12,73.178
2009-12-13,88.26
2009-12-14,98.914
2009-12-15,98.988
2009-12-16,107.959
2009-12-17,140.427
2009-12-18,161.195
2009-12-19,119.367
2009-12-20,95.895
2009-12-21,47.937
2009-12-22,32.998
2009-12-23,32.504
2009-12-24,32.624
2009-12-25,32.379
2009-12-26,36.412
2009-12-27,83.18
2009-12-28,94.537
2009-12-29,88.316
2009-12-30,104.916
2009-12-31,127.819
2010-01-01,139.802
2010-01-02,135.587
2010-01-03,143.273
2010-01-04,79.865
2010-01-05,87.534
2010-01-06,76.378
2010-01-07,60.478
2010-01-08,50.107
2010-01-09,66.375
2010-01-10,61.18
2010-01-11,45.354
2010-01-12,49.291
2010-01-13,47.512
2010-01-14,47.62
2010-01-15,45.668
2010-01-16,38.227
2010-01-17,44.878
2010-01-18,48.465
2010-01-19,49.609
2010-01-20,48.224
2010-01-21,37.771
2010-01-22,33.919
2010-01-23,33.968
2010-01-24,36.196
2010-01-25,41.116
2010-01-26,51.465
2010-01-27,52.565
2010-01-28,41.179
2010-01-29,32.45
2010-01-30,30.669
2010-01-31,30.092
2010-02-01,29.625
2010-02-02,29.287
2010-02-03,29.029
2010-02-04,28.555
2010-02-05,28.519
2010-02-06,30.44
2010-02-07,35.001
2010-02-08,53.723
2010-02-09,56.526
2010-02-10,50.738
2010-02-11,57.997
2010-02-12,47.408
2010-02-13,29.705
2010-02-14,26.531
2010-02-15,25.15
2010-02-16,24.539
2010-02-17,24.9
2010-02-18,30.311
2010-02-19,32.603
2010-02-20,35.848
2010-02-21,36.34
2010-02-22,84.575
2010-02-23,86.599
2010-02-24,73.143
2010-02-25,84.06
2010-02-26,78.316
2010-02-27,105.476
2010-02-28,89.133
2010-03-01,80.924
2010-03-02,84.744
2010-03-03,106.209
2010-03-04,80.772
2010-03-05,46.149
2010-03-06,69.555
2010-03-07,101.01
2010-03-08,101.572
2010-03-09,72.383
2010-03-10,99.812
2010-03-11,89.772
2010-03-12,46.286
2010-03-13,35.819
2010-03-14,28.614
2010-03-15,25.044
2010-03-16,23.45
2010-03-17,22.441
2010-03-18,24.769
2010-03-19,29.095
2010-03-20,31.465
2010-03-21,38.611
2010-03-22,55.701
2010-03-23,71.202
2010-03-24,69.089
2010-03-25,170.803
2010-03-26,128.635
2010-03-27,115.269
2010-03-28,151.87
2010-03-29,165.758
2010-03-30,139.923
2010-03-31,136.5
2010-04-01,116.105
2010-04-02,121.929
2010-04-03,117.282
2010-04-04,121.467
2010-04-05,86.594
2010-04-06,71.53
2010-04-07,50.641
2010-04-08,49.898
2010-04-09,45.61
2010-04-10,45.689
2010-04-11,42.748
2010-04-12,55.901
2010-04-13,49.556
2010-04-14,47.64
2010-04-15,102.946
2010-04-16,105.396
2010-04-17,112.94
2010-04-18,119.567
2010-04-19,123.158
2010-04-20,99.463
2010-04-21,87.808
2010-04-22,79.536
2010-04-23,99.071
2010-04-24,135.532
2010-04-25,300.594
2010-04-26,316.087
2010-04-27,266.18
2010-04-28,190.006
2010-04-29,156.579
2010-04-30,209.655
2010-05-01,226.306
2010-05-02,174.217
2010-05-03,206.58
2010-05-04,274.94
2010-05-05,228.832
2010-05-06,207.62
2010-05-07,190.423
2010-05-08,179.011
2010-05-09,172.263
2010-05-10,242.455
2010-05-11,264.84
2010-05-12,258.688
2010-05-13,222.088
2010-05-14,227.0
2010-05-15,217.355
2010-05-16,181.799
2010-05-17,194.646
2010-05-18,281.812
2010-05-19,267.726
2010-05-20,205.864
2010-05-21,237.619
2010-05-22,225.185
2010-05-23,183.91
2010-05-24,143.543
2010-05-25,111.317
2010-05-26,94.21
2010-05-27,102.502
2010-05-28,131.183
2010-05-29,154.953
2010-05-30,145.07
2010-05-31,103.87
2010-06-01,101.403
2010-06-02,110.958
2010-06-03,98.858
2010-06-04,98.299
2010-06-05,112.648
2010-06-06,106.027
2010-06-07,141.483
2010-06-08,162.332
2010-06-09,147.799
2010-06-10,115.766
2010-06-11,94.125
2010-06-12,84.715
2010-06-13,74.53
2010-06-14,85.82
2010-06-15,121.705
2010-06-16,109.925
2010-06-17,94.866
2010-06-18,91.894
2010-06-19,125.674
2010-06-20,120.215
2010-06-21,120.608
2010-06-22,121.99
2010-06-23,118.274
2010-06-24,84.539
2010-06-25,61.04
2010-06-26,74.867
2010-06-27,74.101
2010-06-28,65.214
2010-06-29,56.259
2010-06-30,54.816
2010-07-01,61.41
2010-07-02,60.982
2010-07-03,58.683
2010-07-04,53.432
2010-07-05,49.051
2010-07-06,47.736
2010-07-07,46.546
2010-07-08,45.572
2010-07-09,44.798
2010-07-10,44.199
2010-07-11,43.875
2010-07-12,43.118
2010-07-13,41.84
2010-07-14,40.685
2010-07-15,40.885
2010-07-16,41.579
2010-07-17,40.659
2010-07-18,39.149
2010-07-19,39.423
2010-07-20,40.945
2010-07-21,39.662
2010-07-22,37.106
2010-07-23,37.167
2010-07-24,36.942
2010-07-25,55.653
2010-07-26,63.5
2010-07-27,71.082
2010-07-28,59.734
2010-07-29,63.155
2010-07-30,54.005
2010-07-31,47.7
2010-08-01,48.368
2010-08-02,56.255
2010-08-03,46.799
2010-08-04,37.104
2010-08-05,44.085
2010-08-06,57.107
2010-08-07,46.862
2010-08-08,31.763
2010-08-09,27.306
2010-08-10,27.792
2010-08-11,30.996
2010-08-12,38.995
2010-08-13,70.174
2010-08-14,61.055
2010-08-15,51.885
2010-08-16,39.132
2010-08-17,26.221
2010-08-18,25.397
2010-08-19,25.848
2010-08-20,28.688
2010-08-21,25.897
2010-08-22,26.255
2010-08-23,29.903
2010-08-24,38.507
2010-08-25,43.771
2010-08-26,61.602
2010-08-27,39.613
2010-08-28,31.23
2010-08-29,31.665
2010-08-30,46.375
2010-08-31,115.587
2010-09-01,100.044
2010-09-02,69.449
2010-09-03,74.527
2010-09-04,78.025
2010-09-05,80.625
2010-09-06,68.813
2010-09-07,85.275
2010-09-08,83.762
2010-09-09,67.628
2010-09-10,82.37
2010-09-11,90.335
2010-09-12,43.383
2010-09-13,83.229
2010-09-14,109.895
2010-09-15,104.926
2010-09-16,106.569
2010-09-17,114.61
2010-09-18,95.927
2010-09-19,87.062
2010-09-20,74.991
2010-09-21,86.168
2010-09-22,163.795
2010-09-23,160.676
2010-09-24,141.786
2010-09-25,125.723
2010-09-26,160.189
2010-09-27,142.048
2010-09-28,78.691
2010-09-29,43.528
2010-09-30,33.727
2010-10-01,69.389
2010-10-02,115.493
2010-10-03,110.54
2010-10-04,107.596
2010-10-05,65.704
2010-10-06,38.313
2010-10-07,85.008
2010-10-08,107.498
2010-10-09,103.014
2010-10-10,117.352
2010-10-11,180.546
2010-10-12,143.088
2010-10-13,165.557
2010-10-14,155.622
2010-10-15,103.141
2010-10-16,147.418
2010-10-17,264.008
2010-10-18,259.835
2010-10-19,373.362
2010-10-20,371.981
2010-10-21,246.605
2010-10-22,200.435
2010-10-23,183.505
2010-10-24,203.427
2010-10-25,183.076
2010-10-26,219.056
2010-10-27,284.21
2010-10-28,232.164
2010-10-29,230.675
2010-10-30,197.034
2010-10-31,161.025
2010-11-01,130.96
2010-11-02,67.319
2010-11-03,49.866
2010-11-04,54.169
2010-11-05,65.81
2010-11-06,65.448
2010-11-07,76.899
2010-11-08,62.465
2010-11-09,76.853
2010-11-10,111.01
2010-11-11,135.751
2010-11-12,111.163
2010-11-13,88.117
2010-11-14,86.24
2010-11-15,122.62
2010-11-16,140.421
2010-11-17,164.597
2010-11-18,124.566
2010-11-19,103.226
2010-11-20,89.906
2010-11-21,74.678
2010-11-22,97.317
2010-11-23,107.461
2010-11-24,84.56
2010-11-25,115.867
2010-11-26,163.358
2010-11-27,136.813
2010-11-28,148.55
2010-11-29,117.824
2010-11-30,86.436
2010-12-01,78.769
2010-12-02,56.865
2010-12-03,63.17
2010-12-04,69.706
2010-12-05,63.766
2010-12-06,78.005
2010-12-07,73.355
2010-12-08,49.558
2010-12-09,46.922
2010-12-10,63.676
2010-12-11,82.254
2010-12-12,114.075
2010-12-13,133.236
2010-12-14,107.957
2010-12-15,100.787
2010-12-16,64.267
2010-12-17,55.661
2010-12-18,45.339
2010-12-19,41.105
2010-12-20,40.54
2010-12-21,40.085
2010-12-22,39.593
2010-12-23,39.19
2010-12-24,39.223
2010-12-25,39.458
2010-12-26,39.812
2010-12-27,43.635
2010-12-28,47.098
2010-12-29,68.959
2010-12-30,81.808
2010-12-31,94.617
2011-01-01,90.039
2011-01-02,83.485
2011-01-03,57.481
2011-01-04,40.658
2011-01-05,37.463
2011-01-06,35.338
2011-01-07,33.057
2011-01-08,32.112
2011-01-09,31.551
2011-01-10,31.059
2011-01-11,31.04
2011-01-12,33.575
2011-01-13,33.991
2011-01-14,30.572
2011-01-15,29.405
2011-01-16,29.694
2011-01-17,35.216
2011-01-18,48.175
2011-01-19,46.852
2011-01-20,41.758
2011-01-21,31.328
2011-01-22,26.372
2011-01-23,25.601
2011-01-24,25.24
2011-01-25,25.163
2011-01-26,26.077
2011-01-27,26.14
2011-01-28,24.06
2011-01-29,23.538
2011-01-30,23.014
2011-01-31,22.455
2011-02-01,22.207
2011-02-02,22.398
2011-02-03,24.036
2011-02-04,26.281
2011-02-05,34.6
2011-02-06,31.371
2011-02-07,21.433
2011-02-08,20.076
2011-02-09,19.44
2011-02-10,18.902
2011-02-11,18.632
2011-02-12,18.492
2011-02-13,18.492
2011-02-14,18.868
2011-02-15,18.963
2011-02-16,19.764
2011-02-17,20.767
2011-02-18,20.043
2011-02-19,17.629
2011-02-20,16.447
2011-02-21,16.197
2011-02-22,16.15
2011-02-23,16.302
2011-02-24,16.576
2011-02-25,17.183
2011-02-26,16.162
2011-02-27,15.08
2011-02-28,14.322
2011-03-01,13.872
2011-03-02,13.932
2011-03-03,14.225
2011-03-04,14.098
2011-03-05,13.638
2011-03-06,13.568
2011-03-07,13.933
2011-03-08,14.973
2011-03-09,15.232
2011-03-10,14.638
2011-03-11,13.786
2011-03-12,12.45
2011-03-13,11.816
2011-03-14,11.609
2011-03-15,11.527
2011-03-16,13.824
2011-03-17,19.739
2011-03-18,32.892
2011-03-19,47.302
2011-03-20,36.798
2011-03-21,50.701
2011-03-22,66.521
2011-03-23,117.127
2011-03-24,77.619
2011-03-25,30.028
2011-03-26,32.935
2011-03-27,33.518
2011-03-28,28.624
2011-03-29,25.223
2011-03-30,22.911
2011-03-31,29.293
2011-04-01,30.081
2011-04-02,32.042
2011-04-03,65.547
2011-04-04,104.619
2011-04-05,87.609
2011-04-06,49.882
2011-04-07,30.156
2011-04-08,23.491
2011-04-09,31.849
2011-04-10,39.902
2011-04-11,32.133
2011-04-12,28.996
2011-04-13,17.644
2011-04-14,10.923
2011-04-15,11.97
2011-04-16,17.513
2011-04-17,17.41
2011-04-18,15.358
2011-04-19,21.064
2011-04-20,33.057
2011-04-21,29.313
2011-04-22,36.347
2011-04-23,52.279
2011-04-24,63.743
2011-04-25,71.421
2011-04-26,48.831
2011-04-27,44.056
2011-04-28,43.636
2011-04-29,88.055
2011-04-30,79.663
2011-05-01,56.213
2011-05-02,67.123
2011-05-03,118.329
2011-05-04,133.801
2011-05-05,111.425
2011-05-06,72.923
2011-05-07,67.33
2011-05-08,84.823
2011-05-09,87.727
2011-05-10,109.064
2011-05-11,98.851
2011-05-12,115.405
2011-05-13,125.991
2011-05-14,101.928
2011-05-15,101.752
2011-05-16,72.92
2011-05-17,47.733
2011-05-18,51.751
2011-05-19,42.076
2011-05-20,43.004
2011-05-21,52.52
2011-05-22,54.391
2011-05-23,85.074
2011-05-24,68.98
2011-05-25,56.624
2011-05-26,64.464
2011-05-27,86.686
2011-05-28,98.28
2011-05-29,91.573
2011-05-30,89.994
2011-05-31,82.533
2011-06-01,64.721
2011-06-02,70.004
2011-06-03,78.282
2011-06-04,69.562
2011-06-05,59.301
2011-06-06,53.392
2011-06-07,42.563
2011-06-08,24.625
2011-06-09,22.292
2011-06-10,23.552
2011-06-11,26.866
2011-06-12,58.547
2011-06-13,80.295
2011-06-14,80.258
2011-06-15,67.285
2011-06-16,61.249
2011-06-17,50.727
2011-06-18,56.218
2011-06-19,46.711
2011-06-20,26.44
2011-06-21,32.688
2011-06-22,38.356
2011-06-23,44.37
2011-06-24,63.728
2011-06-25,78.788
2011-06-26,57.744
2011-06-27,46.478
2011-06-28,63.918
2011-06-29,77.389
2011-06-30,56.346
2011-07-01,78.314
2011-07-02,116.15
2011-07-03,118.886
2011-07-04,51.033
2011-07-05,28.004
2011-07-06,27.357
2011-07-07,26.271
2011-07-08,23.535
2011-07-09,22.184
2011-07-10,22.4
2011-07-11,21.805
2011-07-12,22.205
2011-07-13,21.88
2011-07-14,21.222
2011-07-15,21.376
2011-07-16,21.293
2011-07-17,20.589
2011-07-18,20.503
2011-07-19,20.685
2011-07-20,21.16
2011-07-21,27.159
2011-07-22,21.944
2011-07-23,65.008
2011-07-24,48.084
2011-07-25,44.09
2011-07-26,27.951
2011-07-27,31.156
2011-07-28,35.255
2011-07-29,37.445
2011-07-30,44.92
2011-07-31,63.945
2011-08-01,92.432
2011-08-02,58.23
2011-08-03,45.777
2011-08-04,32.286
2011-08-05,23.285
2011-08-06,59.778
2011-08-07,41.007
2011-08-08,52.985
2011-08-09,71.647
2011-08-10,69.435
2011-08-11,46.206
2011-08-12,77.453
2011-08-13,78.163
2011-08-14,49.587
2011-08-15,53.438
2011-08-16,80.752
2011-08-17,79.164
2011-08-18,73.76
2011-08-19,84.676
2011-08-20,66.55
2011-08-21,70.471
2011-08-22,72.62
2011-08-23,71.739
2011-08-24,61.592
2011-08-25,36.775
2011-08-26,37.72
2011-08-27,44.047
2011-08-28,57.076
2011-08-29,94.421
2011-08-30,126.164
2011-08-31,149.795
2011-09-01,137.818
2011-09-02,140.935
2011-09-03,115.96
2011-09-04,77.696
2011-09-05,63.418
2011-09-06,92.26
2011-09-07,104.358
2011-09-08,78.098
2011-09-09,132.076
2011-09-10,127.603
2011-09-11,117.715
2011-09-12,115.696
2011-09-13,125.086
2011-09-14,154.231
2011-09-15,149.471
2011-09-16,146.813
2011-09-17,261.706
2011-09-18,303.627
2011-09-19,258.048
2011-09-20,290.331
2011-09-21,267.591
2011-09-22,204.821
2011-09-23,119.23
2011-09-24,67.391
2011-09-25,62.668
2011-09-26,68.779
2011-09-27,75.375
2011-09-28,78.887
2011-09-29,130.33
2011-09-30,141.813
2011-10-01,134.41
2011-10-02,163.184
2011-10-03,157.853
2011-10-04,159.553
2011-10-05,188.734
2011-10-06,208.099
2011-10-07,121.385
2011-10-08,91.981
2011-10-09,120.6
2011-10-10,172.008
2011-10-11,132.16
2011-10-12,116.943
2011-10-13,107.691
2011-10-14,118.556
2011-10-15,116.603
2011-10-16,196.905
2011-10-17,178.806
2011-10-18,250.831
2011-10-19,258.404
2011-10-20,238.652
2011-10-21,297.255
2011-10-22,321.581
2011-10-23,313.003
2011-10-24,191.925
2011-10-25,150.331
2011-10-26,166.751
2011-10-27,216.078
2011-10-28,211.095
2011-10-29,231.469
2011-10-30,235.9
2011-10-31,206.797
2011-11-01,192.465
2011-11-02,172.524
2011-11-03,145.828
2011-11-04,167.04
2011-11-05,185.698
2011-11-06,161.474
2011-11-07,201.548
2011-11-08,140.772
2011-11-09,159.688
2011-11-10,207.646
2011-11-11,235.057
2011-11-12,238.024
2011-11-13,232.468
2011-11-14,294.446
2011-11-15,336.73
2011-11-16,178.895
2011-11-17,152.273
2011-11-18,128.696
2011-11-19,113.479
2011-11-20,124.062
2011-11-21,258.3
2011-11-22,418.073
2011-11-23,314.48
2011-11-24,218.423
2011-11-25,159.719
2011-11-26,137.552
2011-11-27,170.182
2011-11-28,145.732
2011-11-29,133.595
2011-11-30,141.219
2011-12-01,152.464
2011-12-02,173.47
2011-12-03,132.258
2011-12-04,114.819
2011-12-05,164.278
2011-12-06,200.096
2011-12-07,193.422
2011-12-08,145.643
2011-12-09,106.306
2011-12-10,88.857
2011-12-11,86.622
2011-12-12,84.721
2011-12-13,83.305
2011-12-14,81.582
2011-12-15,79.465
2011-12-16,77.851
2011-12-17,76.515
2011-12-18,76.133
2011-12-19,76.625
2011-12-20,104.86
2011-12-21,101.732
2011-12-22,85.694
2011-12-23,83.85
2011-12-24,78.492
2011-12-25,76.962
2011-12-26,63.406
2011-12-27,60.782
2011-12-28,60.223
2011-12-29,60.187
2011-12-30,59.065
2011-12-31,57.667
2012-01-01,53.145
2012-01-02,51.19
2012-01-03,50.951
2012-01-04,50.099
2012-01-05,47.637
2012-01-06,45.557
2012-01-07,44.111
2012-01-08,42.9
2012-01-09,41.757
2012-01-10,40.666
2012-01-11,39.754
2012-01-12,39.302
2012-01-13,38.131
2012-01-14,36.727
2012-01-15,35.687
2012-01-16,34.995
2012-01-17,34.096
2012-01-18,32.857
2012-01-19,31.902
2012-01-20,31.009
2012-01-21,30.19
2012-01-22,29.39
2012-01-23,28.628
2012-01-24,27.859
2012-01-25,27.12
2012-01-26,26.415
2012-01-27,25.693
2012-01-28,25.052
2012-01-29,24.504
2012-01-30,23.928
2012-01-31,23.35
2012-02-01,22.697
2012-02-02,22.162
2012-02-03,21.652
2012-02-04,21.152
2012-02-05,20.789
2012-02-06,20.329
2012-02-07,19.675
2012-02-08,19.13
2012-02-09,18.631
2012-02-10,18.178
2012-02-11,17.689
2012-02-12,17.233
2012-02-13,16.824
2012-02-14,16.407
2012-02-15,16.169
2012-02-16,16.021
2012-02-17,15.935
2012-02-18,15.387
2012-02-19,15.435
2012-02-20,17.073
2012-02-21,17.079
2012-02-22,16.577
2012-02-23,15.818
2012-02-24,15.046
2012-02-25,14.32
2012-02-26,14.035
2012-02-27,16.722
2012-02-28,20.238
2012-02-29,21.173
2012-03-01,17.927
2012-03-02,22.165
2012-03-03,25.873
2012-03-04,17.174
2012-03-05,13.113
2012-03-06,24.07
2012-03-07,29.037
2012-03-08,18.768
2012-03-09,14.516
2012-03-10,11.098
2012-03-11,10.95
2012-03-12,10.587
2012-03-13,10.288
2012-03-14,10.168
2012-03-15,10.043
2012-03-16,9.838
2012-03-17,9.477
2012-03-18,9.254
2012-03-19,9.015
2012-03-20,8.938
2012-03-21,8.768
2012-03-22,8.668
2012-03-23,8.656
2012-03-24,8.466
2012-03-25,8.26
2012-03-26,8.006
2012-03-27,8.166
2012-03-28,8.348
2012-03-29,8.466
2012-03-30,8.056
2012-03-31,7.962
2012-04-01,7.572
2012-04-02,7.955
2012-04-03,9.422
2012-04-04,8.873
2012-04-05,8.833
2012-04-06,18.235
2012-04-07,18.283
2012-04-08,18.043
2012-04-09,47.031
2012-04-10,60.46
2012-04-11,91.018
2012-04-12,88.916
2012-04-13,61.718
2012-04-14,67.735
2012-04-15,33.29
2012-04-16,42.21
2012-04-17,106.222
2012-04-18,118.415
2012-04-19,105.505
2012-04-20,73.887
2012-04-21,35.088
2012-04-22,50.158
2012-04-23,90.216
2012-04-24,69.424
2012-04-25,129.385
2012-04-26,217.034
2012-04-27,121.843
2012-04-28,100.825
2012-04-29,90.143
2012-04-30,68.152
2012-05-01,81.986
2012-05-02,85.841
2012-05-03,74.817
2012-05-04,60.945
2012-05-05,74.779
2012-05-06,66.818
2012-05-07,137.828
2012-05-08,122.949
2012-05-09,82.118
2012-05-10,62.105
2012-05-11,71.693
2012-05-12,157.46
2012-05-13,103.777
2012-05-14,102.54
2012-05-15,76.623
2012-05-16,57.105
2012-05-17,130.714
2012-05-18,117.135
2012-05-19,99.24
2012-05-20,84.546
2012-05-21,76.845
2012-05-22,62.302
2012-05-23,48.433
2012-05-24,32.417
2012-05-25,40.574
2012-05-26,35.02
2012-05-27,84.204
2012-05-28,111.098
2012-05-29,155.629
2012-05-30,152.433
2012-05-31,128.56
2012-06-01,82.12
2012-06-02,42.302
2012-06-03,22.63
2012-06-04,23.944
2012-06-05,28.535
2012-06-06,30.546
2012-06-07,45.729
2012-06-08,72.067
2012-06-09,87.607
2012-06-10,76.725
2012-06-11,56.015
2012-06-12,53.124
2012-06-13,112.145
2012-06-14,88.212
2012-06-15,70.146
2012-06-16,44.182
2012-06-17,25.333
2012-06-18,31.738
2012-06-19,68.527
2012-06-20,85.63
2012-06-21,93.317
2012-06-22,80.396
2012-06-23,74.411
2012-06-24,85.745
2012-06-25,137.615
2012-06-26,148.678
2012-06-27,111.872
2012-06-28,108.617
2012-06-29,75.933
2012-06-30,48.623
2012-07-01,27.381
2012-07-02,44.764
2012-07-03,60.796
2012-07-04,85.836
2012-07-05,78.091
2012-07-06,45.287
2012-07-07,27.093
2012-07-08,23.242
2012-07-09,25.025
2012-07-10,23.694
2012-07-11,31.696
2012-07-12,61.104
2012-07-13,45.425
2012-07-14,34.844
2012-07-15,29.98
2012-07-16,31.827
2012-07-17,34.018
2012-07-18,35.546
2012-07-19,60.929
2012-07-20,97.415
2012-07-21,65.573
2012-07-22,54.307
2012-07-23,63.539
2012-07-24,87.875
2012-07-25,88.024
2012-07-26,100.973
2012-07-27,76.977
2012-07-28,84.105
2012-07-29,81.564
2012-07-30,105.426
2012-07-31,90.264
2012-08-01,80.17
2012-08-02,86.798
2012-08-03,79.595
2012-08-04,107.874
2012-08-05,123.187
2012-08-06,93.022
2012-08-07,62.443
2012-08-08,51.055
2012-08-09,56.724
2012-08-10,71.154
2012-08-11,145.078
2012-08-12,115.533
2012-08-13,104.66
2012-08-14,105.905
2012-08-15,91.659
2012-08-16,50.535
2012-08-17,79.687
2012-08-18,77.444
2012-08-19,59.2
2012-08-20,108.908
2012-08-21,151.083
2012-08-22,131.035
2012-08-23,186.587
2012-08-24,118.678
2012-08-25,70.558
2012-08-26,59.364
2012-08-27,44.659
2012-08-28,48.005
2012-08-29,47.145
2012-08-30,41.332
2012-08-31,55.918
2012-09-01,134.55
2012-09-02,105.294
2012-09-03,137.547
2012-09-04,120.331
2012-09-05,78.883
2012-09-06,70.744
2012-09-07,81.161
2012-09-08,122.374
2012-09-09,113.642
2012-09-10,137.652
2012-09-11,131.639
2012-09-12,114.601
2012-09-13,124.582
2012-09-14,155.439
2012-09-15,144.801
2012-09-16,188.769
2012-09-17,180.736
2012-09-18,139.234
2012-09-19,136.137
2012-09-20,106.15
2012-09-21,77.034
2012-09-22,84.369
2012-09-23,85.68
2012-09-24,115.075
2012-09-25,109.547
2012-09-26,103.49
2012-09-27,178.475
2012-09-28,154.922
2012-09-29,124.335
2012-09-30,119.96
2012-10-01,78.158
2012-10-02,67.772
2012-10-03,72.926
2012-10-04,97.349
2012-10-05,92.596
2012-10-06,101.577
2012-10-07,105.118
2012-10-08,71.774
2012-10-09,77.878
2012-10-10,103.131
2012-10-11,110.532
2012-10-12,77.978
2012-10-13,59.357
2012-10-14,121.374
2012-10-15,129.61
2012-10-16,135.95
2012-10-17,112.077
2012-10-18,102.774
2012-10-19,108.514
2012-10-20,69.515
2012-10-21,49.788
2012-10-22,49.437
2012-10-23,52.097
2012-10-24,56.765
2012-10-25,68.944
2012-10-26,75.182
2012-10-27,76.9
2012-10-28,85.872
2012-10-29,102.373
2012-10-30,189.052
2012-10-31,188.614
2012-11-01,255.271
2012-11-02,232.128
2012-11-03,214.784
2012-11-04,190.428
2012-11-05,225.123
2012-11-06,254.192
2012-11-07,240.909
2012-11-08,185.375
2012-11-09,185.033
2012-11-10,191.527
2012-11-11,171.976
2012-11-12,170.658
2012-11-13,132.176
2012-11-14,134.668
2012-11-15,131.068
2012-11-16,99.521
2012-11-17,79.555
2012-11-18,78.119
2012-11-19,79.134
2012-11-20,85.531
2012-11-21,89.048
2012-11-22,90.443
2012-11-23,79.527
2012-11-24,77.006
2012-11-25,73.135
2012-11-26,94.747
2012-11-27,151.053
2012-11-28,115.261
2012-11-29,69.768
2012-11-30,103.938
2012-12-01,146.715
2012-12-02,154.118
2012-12-03,117.227
2012-12-04,84.858
2012-12-05,66.456
2012-12-06,57.728
2012-12-07,70.232
2012-12-08,75.476
2012-12-09,79.828
2012-12-10,77.489
2012-12-11,105.96
2012-12-12,107.825
2012-12-13,88.976
2012-12-14,69.622
2012-12-15,48.787
2012-12-16,48.389
2012-12-17,52.004
2012-12-18,58.301
2012-12-19,73.625
2012-12-20,79.809
2012-12-21,62.298
2012-12-22,79.452
2012-12-23,96.007
2012-12-24,85.927
2012-12-25,73.79
2012-12-26,122.863
2012-12-27,127.904
2012-12-28,161.377
2012-12-29,144.54
2012-12-30,98.242
2012-12-31,66.824
2013-01-01,43.169
2013-01-02,40.861
2013-01-03,40.322
2013-01-04,40.048
2013-01-05,41.165
2013-01-06,41.054
2013-01-07,38.195
2013-01-08,37.888
2013-01-09,39.951
2013-01-10,50.602
2013-01-11,51.456
2013-01-12,53.585
2013-01-13,46.661
2013-01-14,49.147
2013-01-15,57.052
2013-01-16,47.468
2013-01-17,35.455
2013-01-18,33.98
2013-01-19,33.635
2013-01-20,33.376
2013-01-21,32.874
2013-01-22,32.293
2013-01-23,31.812
2013-01-24,31.208
2013-01-25,30.585
2013-01-26,29.936
2013-01-27,29.409
2013-01-28,29.182
2013-01-29,29.5
2013-01-30,29.662
2013-01-31,30.704
2013-02-01,32.88
2013-02-02,40.037
2013-02-03,40.228
2013-02-04,40.62
2013-02-05,40.549
2013-02-06,47.391
2013-02-07,35.334
2013-02-08,25.303
2013-02-09,24.744
2013-02-10,24.725
2013-02-11,23.965
2013-02-12,23.073
2013-02-13,22.575
2013-02-14,23.045
2013-02-15,24.869
2013-02-16,34.61
2013-02-17,29.662
2013-02-18,30.933
2013-02-19,27.28
2013-02-20,21.339
2013-02-21,20.646
2013-02-22,20.585
2013-02-23,20.272
2013-02-24,20.687
2013-02-25,20.822
2013-02-26,19.913
2013-02-27,18.296
2013-02-28,17.659
2013-03-01,17.173
2013-03-02,16.877
2013-03-03,16.551
2013-03-04,16.378
2013-03-05,16.255
2013-03-06,16.094
2013-03-07,16.362
2013-03-08,17.353
2013-03-09,18.774
2013-03-10,22.615
2013-03-11,22.213
2013-03-12,25.405
2013-03-13,31.476
2013-03-14,48.856
2013-03-15,32.139
2013-03-16,25.337
2013-03-17,22.722
2013-03-18,20.854
2013-03-19,22.482
2013-03-20,19.934
2013-03-21,56.561
2013-03-22,91.632
2013-03-23,35.083
2013-03-24,51.97
2013-03-25,71.689
2013-03-26,66.878
2013-03-27,61.661
2013-03-28,108.667
2013-03-29,89.479
2013-03-30,79.103
2013-03-31,124.452
2013-04-01,166.828
2013-04-02,187.809
2013-04-03,72.253
2013-04-04,74.427
2013-04-05,67.92
2013-04-06,98.496
2013-04-07,104.442
2013-04-08,128.105
2013-04-09,173.207
2013-04-10,120.866
2013-04-11,110.854
2013-04-12,116.26
2013-04-13,123.642
2013-04-14,97.314
2013-04-15,106.688
2013-04-16,92.252
2013-04-17,54.933
2013-04-18,82.763
2013-04-19,75.759
2013-04-20,110.58
2013-04-21,158.514
2013-04-22,137.914
2013-04-23,111.559
2013-04-24,88.29
2013-04-25,96.814
2013-04-26,78.18
2013-04-27,79.98
2013-04-28,63.828
2013-04-29,95.709
2013-04-30,142.628
2013-05-01,198.117
2013-05-02,192.63
2013-05-03,177.215
2013-05-04,135.812
2013-05-05,120.697
2013-05-06,163.447
2013-05-07,222.668
2013-05-08,211.72
2013-05-09,151.295
2013-05-10,140.737
2013-05-11,167.524
2013-05-12,117.363
2013-05-13,116.899
2013-05-14,149.905
2013-05-15,179.497
2013-05-16,162.362
2013-05-17,120.929
2013-05-18,91.149
2013-05-19,61.486
2013-05-20,48.338
2013-05-21,47.277
2013-05-22,46.675
2013-05-23,46.018
2013-05-24,45.513
2013-05-25,45.102
2013-05-26,44.749
2013-05-27,44.821
2013-05-28,43.785
2013-05-29,42.457
2013-05-30,42.738
2013-05-31,43.108
2013-06-01,42.875
2013-06-02,48.901
2013-06-03,47.746
2013-06-04,41.517
2013-06-05,43.089
2013-06-06,40.837
2013-06-07,36.824
2013-06-08,36.921
2013-06-09,34.974
2013-06-10,33.815
2013-06-11,32.991
2013-06-12,32.457
2013-06-13,31.896
2013-06-14,31.31
2013-06-15,32.294
2013-06-16,33.287
2013-06-17,34.729
2013-06-18,34.067
2013-06-19,37.49
2013-06-20,36.074
2013-06-21,40.77
2013-06-22,40.732
2013-06-23,29.161
2013-06-24,32.691
2013-06-25,37.437
2013-06-26,31.822
2013-06-27,29.086
2013-06-28,25.935
2013-06-29,25.769
2013-06-30,26.605
2013-07-01,31.349
2013-07-02,31.995
2013-07-03,28.325
2013-07-04,25.07
2013-07-05,24.272
2013-07-06,23.966
2013-07-07,29.369
2013-07-08,23.493
2013-07-09,21.959
2013-07-10,28.744
2013-07-11,24.735
2013-07-12,21.066
2013-07-13,20.23
2013-07-14,19.518
2013-07-15,19.277
2013-07-16,19.047
2013-07-17,18.644
2013-07-18,18.456
2013-07-19,18.152
2013-07-20,17.784
2013-07-21,17.95
2013-07-22,18.979
2013-07-23,24.195
2013-07-24,22.03
2013-07-25,19.528
2013-07-26,17.104
2013-07-27,18.979
2013-07-28,24.546
2013-07-29,18.862
2013-07-30,24.236
2013-07-31,27.701
2013-08-01,41.008
2013-08-02,49.516
2013-08-03,49.052
2013-08-04,33.561
2013-08-05,39.498
2013-08-06,56.785
2013-08-07,69.82
2013-08-08,84.532
2013-08-09,54.8
2013-08-10,35.01
2013-08-11,51.085
2013-08-12,51.244
2013-08-13,57.562
2013-08-14,58.166
2013-08-15,43.297
2013-08-16,43.884
2013-08-17,43.005
2013-08-18,31.552
2013-08-19,42.034
2013-08-20,41.205
2013-08-21,75.802
2013-08-22,88.757
2013-08-23,61.906
2013-08-24,67.893
2013-08-25,78.106
2013-08-26,121.63
2013-08-27,125.212
2013-08-28,114.498
2013-08-29,88.212
2013-08-30,44.116
2013-08-31,27.998
2013-09-01,21.105
2013-09-02,27.096
2013-09-03,42.74
2013-09-04,46.151
2013-09-05,70.999
2013-09-06,64.186
2013-09-07,50.179
2013-09-08,41.183
2013-09-09,31.76
2013-09-10,38.392
2013-09-11,29.854
2013-09-12,39.025
2013-09-13,37.5
2013-09-14,43.388
2013-09-15,26.048
2013-09-16,19.822
2013-09-17,21.734
2013-09-18,31.775
2013-09-19,25.523
2013-09-20,28.911
2013-09-21,52.578
2013-09-22,74.97
2013-09-23,61.648
2013-09-24,74.649
2013-09-25,57.277
2013-09-26,125.542
2013-09-27,132.066
2013-09-28,113.02
2013-09-29,103.182
2013-09-30,156.253
2013-10-01,224.142
2013-10-02,114.322
2013-10-03,115.439
2013-10-04,134.318
2013-10-05,171.989
2013-10-06,149.067
2013-10-07,112.69
2013-10-08,87.065
2013-10-09,85.832
2013-10-10,87.668
2013-10-11,146.703
2013-10-12,127.836
2013-10-13,89.199
2013-10-14,114.888
2013-10-15,132.456
2013-10-16,80.998
2013-10-17,93.46
2013-10-18,93.537
2013-10-19,96.774
2013-10-20,92.458
2013-10-21,67.41
2013-10-22,47.556
2013-10-23,50.546
2013-10-24,49.878
2013-10-25,50.247
2013-10-26,38.484
2013-10-27,54.547
2013-10-28,76.625
2013-10-29,105.175
2013-10-30,108.509
2013-10-31,87.489
2013-11-01,64.819
2013-11-02,83.689
2013-11-03,80.993
2013-11-04,55.692
2013-11-05,41.905
2013-11-06,59.729
2013-11-07,104.475
2013-11-08,130.629
2013-11-09,164.511
2013-11-10,160.627
2013-11-11,228.127
2013-11-12,198.521
2013-11-13,127.597
2013-11-14,123.975
2013-11-15,92.242
2013-11-16,109.615
2013-11-17,198.081
2013-11-18,112.577
2013-11-19,99.068
2013-11-20,76.249
2013-11-21,57.582
2013-11-22,57.442
2013-11-23,61.153
2013-11-24,57.725
2013-11-25,63.992
2013-11-26,85.238
2013-11-27,105.334
2013-11-28,86.982
2013-11-29,69.21
2013-11-30,57.423
2013-12-01,61.122
2013-12-02,42.408
2013-12-03,34.255
2013-12-04,33.33
2013-12-05,33.992
2013-12-06,39.579
2013-12-07,45.503
2013-12-08,46.892
2013-12-09,41.815
2013-12-10,42.279
2013-12-11,37.638
2013-12-12,36.747
2013-12-13,32.569
2013-12-14,39.855
2013-12-15,59.456
2013-12-16,61.134
2013-12-17,68.225
2013-12-18,48.627
2013-12-19,35.929
2013-12-20,27.638
2013-12-21,26.387
2013-12-22,26.14
2013-12-23,25.884
2013-12-24,25.554
2013-12-25,25.234
2013-12-26,24.832
2013-12-27,24.415
2013-12-28,24.272
2013-12-29,24.202
2013-12-30,23.581
2013-12-31,23.153
2014-01-01,23.554
2014-01-02,27.375
2014-01-03,31.821
2014-01-04,31.206
2014-01-05,28.226
2014-01-06,23.586
2014-01-07,21.505
2014-01-08,21.049
2014-01-09,20.187
2014-01-10,19.713
2014-01-11,19.552
2014-01-12,19.812
2014-01-13,19.699
2014-01-14,19.106
2014-01-15,18.438
2014-01-16,17.905
2014-01-17,17.578
2014-01-18,17.258
2014-01-19,16.99
2014-01-20,16.698
2014-01-21,16.462
2014-01-22,16.249
2014-01-23,16.299
2014-01-24,17.342
2014-01-25,20.059
2014-01-26,20.1
2014-01-27,16.175
2014-01-28,15.642
2014-01-29,15.423
2014-01-30,14.881
2014-01-31,14.933
2014-02-01,14.78
2014-02-02,13.859
2014-02-03,13.492
2014-02-04,13.309
2014-02-05,13.34
2014-02-06,13.581
2014-02-07,13.471
2014-02-08,13.438
2014-02-09,13.398
2014-02-10,13.724
2014-02-11,12.839
2014-02-12,11.836
2014-02-13,11.445
2014-02-14,11.163
2014-02-15,10.933
2014-02-16,10.737
2014-02-17,10.589
2014-02-18,10.38
2014-02-19,10.172
2014-02-20,10.08
2014-02-21,10.084
2014-02-22,9.878
2014-02-23,9.773
2014-02-24,9.821
2014-02-25,10.302
2014-02-26,10.61
2014-02-27,10.662
2014-02-28,10.891
2014-03-01,9.932
2014-03-02,9.16
2014-03-03,8.65
2014-03-04,8.469
2014-03-05,8.74
2014-03-06,8.545
2014-03-07,8.14
2014-03-08,8.022
2014-03-09,8.456
2014-03-10,8.263
2014-03-11,7.81
2014-03-12,7.557
2014-03-13,8.137
2014-03-14,10.213
2014-03-15,14.267
2014-03-16,14.543
2014-03-17,12.509
2014-03-18,14.769
2014-03-19,13.138
2014-03-20,12.967
2014-03-21,9.927
2014-03-22,7.447
2014-03-23,7.331
2014-03-24,7.622
2014-03-25,10.52
2014-03-26,25.447
2014-03-27,49.44
2014-03-28,57.766
2014-03-29,65.435
2014-03-30,56.956
2014-03-31,38.11
2014-04-01,26.662
2014-04-02,37.8
2014-04-03,26.632
2014-04-04,20.603
2014-04-05,31.53
2014-04-06,151.682
2014-04-07,319.07
2014-04-08,139.432
2014-04-09,120.44
2014-04-10,94.578
2014-04-11,63.542
2014-04-12,50.649
2014-04-13,24.356
2014-04-14,15.311
2014-04-15,14.267
2014-04-16,23.532
2014-04-17,46.453
2014-04-18,69.495
2014-04-19,83.535
2014-04-20,98.385
2014-04-21,111.918
2014-04-22,106.446
2014-04-23,75.06
2014-04-24,93.132
2014-04-25,87.54
2014-04-26,60.39
2014-04-27,126.94
2014-04-28,91.888
2014-04-29,48.323
2014-04-30,27.182
2014-05-01,24.944
2014-05-02,19.222
2014-05-03,13.662
2014-05-04,20.669
2014-05-05,20.588
2014-05-06,16.024
2014-05-07,14.244
2014-05-08,11.839
2014-05-09,19.975
2014-05-10,61.477
2014-05-11,96.301
2014-05-12,104.32
2014-05-13,91.972
2014-05-14,106.13
2014-05-15,105.147
2014-05-16,122.493
2014-05-17,94.904
2014-05-18,45.669
2014-05-19,23.963
2014-05-20,17.002
2014-05-21,10.163
2014-05-22,8.343
2014-05-23,10.622
2014-05-24,19.885
2014-05-25,33.356
2014-05-26,43.854
2014-05-27,29.029
2014-05-28,12.094
2014-05-29,7.965
2014-05-30,9.642
2014-05-31,20.336
2014-06-01,66.452
2014-06-02,64.399
2014-06-03,36.476
2014-06-04,9.996
2014-06-05,8.339
2014-06-06,10.104
2014-06-07,20.648
2014-06-08,38.91
2014-06-09,34.498
2014-06-10,22.149
2014-06-11,30.773
2014-06-12,35.712
2014-06-13,43.41
2014-06-14,22.954
2014-06-15,23.031
2014-06-16,13.345
2014-06-17,11.399
2014-06-18,13.075
2014-06-19,30.751
2014-06-20,21.137
2014-06-21,17.08
2014-06-22,57.992
2014-06-23,62.11
2014-06-24,39.795
2014-06-25,50.941
2014-06-26,50.571
2014-06-27,18.77
2014-06-28,9.801
2014-06-29,9.308
2014-06-30,9.195
2014-07-01,9.637
2014-07-02,12.87
2014-07-03,13.2
2014-07-04,10.676
2014-07-05,8.434
2014-07-06,8.272
2014-07-07,8.784
2014-07-08,9.605
2014-07-09,9.099
2014-07-10,10.28
2014-07-11,13.656
2014-07-12,15.438
2014-07-13,11.939
2014-07-14,9.292
2014-07-15,10.364
2014-07-16,9.245
2014-07-17,10.955
2014-07-18,10.977
2014-07-19,10.192
2014-07-20,9.685
2014-07-21,10.885
2014-07-22,9.753
2014-07-23,20.068
2014-07-24,18.325
2014-07-25,11.972
2014-07-26,27.85
2014-07-27,23.994
2014-07-28,27.548
2014-07-29,36.421
2014-07-30,53.176
2014-07-31,33.408
2014-08-01,21.728
2014-08-02,14.614
2014-08-03,12.382
2014-08-04,13.468
2014-08-05,29.249
2014-08-06,78.202
2014-08-07,56.378
2014-08-08,82.49
2014-08-09,87.81
2014-08-10,56.535
2014-08-11,74.776
2014-08-12,137.65
2014-08-13,64.515
2014-08-14,85.795
2014-08-15,138.349
2014-08-16,105.022
2014-08-17,149.035
2014-08-18,97.49
2014-08-19,71.182
2014-08-20,55.152
2014-08-21,63.793
2014-08-22,51.359
2014-08-23,54.439
2014-08-24,60.975
2014-08-25,55.502
2014-08-26,56.802
2014-08-27,74.709
2014-08-28,106.288
2014-08-29,86.074
2014-08-30,61.014
2014-08-31,66.258
2014-09-01,76.316
2014-09-02,99.539
2014-09-03,96.706
2014-09-04,165.533
2014-09-05,143.074
2014-09-06,201.32
2014-09-07,297.427
2014-09-08,234.788
2014-09-09,186.942
2014-09-10,120.924
2014-09-11,59.22
2014-09-12,54.38
2014-09-13,54.424
2014-09-14,33.532
2014-09-15,30.596
2014-09-16,22.554
2014-09-17,29.676
2014-09-18,29.48
2014-09-19,27.117
2014-09-20,26.465
2014-09-21,27.243
2014-09-22,46.375
2014-09-23,50.212
2014-09-24,101.016
2014-09-25,119.375
2014-09-26,118.665
2014-09-27,120.512
2014-09-28,122.498
2014-09-29,130.048
2014-09-30,104.522
2014-10-01,84.294
2014-10-02,134.467
2014-10-03,138.448
2014-10-04,94.63
2014-10-05,131.364
2014-10-06,123.104
2014-10-07,149.255
2014-10-08,116.282
2014-10-09,57.482
2014-10-10,41.838
2014-10-11,72.16
2014-10-12,71.908
2014-10-13,53.119
2014-10-14,51.107
2014-10-15,69.178
2014-10-16,59.819
2014-10-17,99.883
2014-10-18,84.438
2014-10-19,83.062
2014-10-20,81.135
2014-10-21,167.964
2014-10-22,180.796
2014-10-23,216.087
2014-10-24,182.906
2014-10-25,175.608
2014-10-26,172.279
2014-10-27,175.622
2014-10-28,97.887
2014-10-29,57.055
2014-10-30,44.242
2014-10-31,41.729
2014-11-01,54.388
2014-11-02,45.748
2014-11-03,44.668
2014-11-04,76.447
2014-11-05,63.25
2014-11-06,63.658
2014-11-07,50.018
2014-11-08,34.714
2014-11-09,33.228
2014-11-10,38.042
2014-11-11,42.246
2014-11-12,41.085
2014-11-13,38.078
2014-11-14,32.848
2014-11-15,33.127
2014-11-16,46.694
2014-11-17,60.005
2014-11-18,103.159
2014-11-19,112.585
2014-11-20,96.775
2014-11-21,62.258
2014-11-22,34.391
2014-11-23,58.013
2014-11-24,46.125
2014-11-25,53.094
2014-11-26,67.461
2014-11-27,68.916
2014-11-28,84.324
2014-11-29,88.198
2014-11-30,68.562
2014-12-01,48.41
2014-12-02,78.164
2014-12-03,69.81
2014-12-04,66.999
2014-12-05,74.148
2014-12-06,51.778
2014-12-07,36.877
2014-12-08,40.386
2014-12-09,32.441
2014-12-10,23.989
2014-12-11,28.045
2014-12-12,32.322
2014-12-13,30.603
2014-12-14,24.086
2014-12-15,22.506
2014-12-16,21.804
2014-12-17,21.41
2014-12-18,20.999
2014-12-19,20.776
2014-12-20,20.659
2014-12-21,20.388
2014-12-22,20.184
2014-12-23,20.271
2014-12-24,20.358
2014-12-25,20.764
2014-12-26,21.698
2014-12-27,22.559
2014-12-28,28.51
2014-12-29,33.918
2014-12-30,35.122
2014-12-31,24.913
2015-01-01,17.79
2015-01-02,16.878
2015-01-03,15.966
2015-01-04,14.077
2015-01-05,9.32
2015-01-06,5.479
2015-01-07,4.631
2015-01-08,4.526
2015-01-09,4.441
2015-01-10,4.382
2015-01-11,4.309
2015-01-12,4.254
2015-01-13,4.202
2015-01-14,4.158
2015-01-15,4.064
2015-01-16,4.02
2015-01-17,3.951
2015-01-18,3.888
2015-01-19,3.785
2015-01-20,3.729
2015-01-21,3.644
2015-01-22,3.563
2015-01-23,3.487
2015-01-24,3.5
2015-01-25,3.842
2015-01-26,4.288
2015-01-27,4.185
2015-01-28,5.618
2015-01-29,4.982
2015-01-30,3.582
2015-01-31,3.238
2015-02-01,3.076
2015-02-02,3.032
2015-02-03,2.979
2015-02-04,2.903
2015-02-05,3.04
2015-02-06,3.298
2015-02-07,3.37
2015-02-08,3.452
2015-02-09,3.17
2015-02-10,2.785
2015-02-11,2.727
2015-02-12,2.912
2015-02-13,3.194
2015-02-14,2.956
2015-02-15,2.706
2015-02-16,2.47
2015-02-17,2.397
2015-02-18,2.584
2015-02-19,3.86
2015-02-20,4.442
2015-02-21,3.823
2015-02-22,3.655
2015-02-23,3.068
2015-02-24,2.406
2015-02-25,2.237
2015-02-26,2.19
2015-02-27,2.278
2015-02-28,2.946
2015-03-01,3.215
2015-03-02,3.031
2015-03-03,2.545
2015-03-04,2.177
2015-03-05,2.283
2015-03-06,2.474
2015-03-07,2.64
2015-03-08,2.463
2015-03-09,2.165
2015-03-10,1.994
2015-03-11,1.769
2015-03-12,1.693
2015-03-13,1.687
2015-03-14,1.665
2015-03-15,1.67
2015-03-16,1.835
2015-03-17,1.901
2015-03-18,1.783
2015-03-19,1.536
2015-03-20,1.456
2015-03-21,1.552
2015-03-22,1.68
2015-03-23,1.895
2015-03-24,2.34
2015-03-25,4.854
2015-03-26,11.528
2015-03-27,11.122
2015-03-28,14.644
2015-03-29,11.819
2015-03-30,23.923
2015-03-31,30.93
2015-04-01,68.347
2015-04-02,88.749
2015-04-03,75.716
2015-04-04,72.207
2015-04-05,58.29
2015-04-06,59.06
2015-04-07,51.73
2015-04-08,42.975
2015-04-09,52.844
2015-04-10,46.06
2015-04-11,56.012
2015-04-12,54.05
2015-04-13,46.985
2015-04-14,35.868
2015-04-15,9.791
2015-04-16,37.449
2015-04-17,69.104
2015-04-18,68.118
2015-04-19,135.942
2015-04-20,130.806
2015-04-21,101.815
2015-04-22,55.527
2015-04-23,40.078
2015-04-24,59.251
2015-04-25,55.479
2015-04-26,61.945
2015-04-27,39.402
2015-04-28,56.983
2015-04-29,64.405
2015-04-30,61.496
2015-05-01,49.561
2015-05-02,40.652
2015-05-03,71.721
2015-05-04,92.454
2015-05-05,73.442
2015-05-06,66.145
2015-05-07,97.272
2015-05-08,168.451
2015-05-09,125.971
2015-05-10,139.815
2015-05-11,169.984
2015-05-12,132.465
2015-05-13,109.549
2015-05-14,51.197
2015-05-15,12.865
2015-05-16,10.237
2015-05-17,16.287
2015-05-18,20.887
2015-05-19,24.515
2015-05-20,16.048
2015-05-21,23.655
2015-05-22,39.645
2015-05-23,37.981
2015-05-24,17.957
2015-05-25,16.864
2015-05-26,16.4
2015-05-27,18.59
2015-05-28,21.713
2015-05-29,53.711
2015-05-30,117.288
2015-05-31,119.926
2015-06-01,85.209
2015-06-02,66.423
2015-06-03,78.515
2015-06-04,97.64
2015-06-05,109.269
2015-06-06,145.325
2015-06-07,117.473
2015-06-08,91.515
2015-06-09,83.154
2015-06-10,35.212
2015-06-11,49.122
2015-06-12,49.077
2015-06-13,37.248
2015-06-14,50.575
2015-06-15,71.096
2015-06-16,46.315
2015-06-17,24.409
2015-06-18,20.649
2015-06-19,34.795
2015-06-20,39.71
2015-06-21,44.476
2015-06-22,36.371
2015-06-23,50.437
2015-06-24,60.254
2015-06-25,64.512
2015-06-26,43.371
2015-06-27,56.542
2015-06-28,76.991
2015-06-29,52.296
2015-06-30,37.972
2015-07-01,32.278
2015-07-02,32.422
2015-07-03,63.218
2015-07-04,64.764
2015-07-05,57.575
2015-07-06,55.948
2015-07-07,62.645
2015-07-08,54.971
2015-07-09,42.19
2015-07-10,17.399
2015-07-11,11.091
2015-07-12,10.66
2015-07-13,10.333
2015-07-14,9.932
2015-07-15,9.529
2015-07-16,9.155
2015-07-17,8.879
2015-07-18,8.767
2015-07-19,8.69
2015-07-20,8.558
2015-07-21,8.93
2015-07-22,11.456
2015-07-23,19.128
2015-07-24,35.075
2015-07-25,34.094
2015-07-26,20.931
2015-07-27,34.535
2015-07-28,41.103
2015-07-29,12.417
2015-07-30,16.19
2015-07-31,18.029
2015-08-01,17.58
2015-08-02,27.244
2015-08-03,26.998
2015-08-04,52.372
2015-08-05,22.156
2015-08-06,37.689
2015-08-07,57.221
2015-08-08,37.801
2015-08-09,15.764
2015-08-10,13.403
2015-08-11,31.954
2015-08-12,25.557
2015-08-13,12.993
2015-08-14,10.714
2015-08-15,8.253
2015-08-16,26.023
2015-08-17,28.402
2015-08-18,15.452
2015-08-19,9.494
2015-08-20,8.864
2015-08-21,8.423
2015-08-22,20.013
2015-08-23,28.745
2015-08-24,37.791
2015-08-25,19.244
2015-08-26,10.502
2015-08-27,9.13
2015-08-28,7.362
2015-08-29,7.414
2015-08-30,7.512
2015-08-31,11.285
2015-09-01,42.147
2015-09-02,32.935
2015-09-03,32.105
2015-09-04,55.092
2015-09-05,50.22
2015-09-06,40.385
2015-09-07,36.246
2015-09-08,31.168
2015-09-09,31.713
2015-09-10,36.195
2015-09-11,40.477
2015-09-12,68.938
2015-09-13,79.582
2015-09-14,59.57
2015-09-15,56.761
2015-09-16,33.092
2015-09-17,30.412
2015-09-18,41.753
2015-09-19,29.485
2015-09-20,23.634
2015-09-21,17.394
2015-09-22,17.701
2015-09-23,43.946
2015-09-24,18.778
2015-09-25,10.98
2015-09-26,21.44
2015-09-27,48.404
2015-09-28,76.628
2015-09-29,70.105
2015-09-30,37.478
2015-10-01,31.716
2015-10-02,26.013
2015-10-03,46.678
2015-10-04,64.947
2015-10-05,39.357
2015-10-06,28.305
2015-10-07,22.165
2015-10-08,16.805
2015-10-09,22.403
2015-10-10,16.917
2015-10-11,30.618
2015-10-12,54.732
2015-10-13,66.609
2015-10-14,42.692
2015-10-15,90.836
2015-10-16,99.8
2015-10-17,122.995
2015-10-18,126.351
2015-10-19,171.749
2015-10-20,249.361
2015-10-21,213.414
2015-10-22,196.39
2015-10-23,134.705
2015-10-24,101.557
2015-10-25,120.956
2015-10-26,107.298
2015-10-27,99.556
2015-10-28,146.043
2015-10-29,215.078
2015-10-30,326.349
2015-10-31,284.638
2015-11-01,249.69
2015-11-02,293.733
2015-11-03,246.45
2015-11-04,197.626
2015-11-05,174.571
2015-11-06,125.234
2015-11-07,121.646
2015-11-08,184.863
2015-11-09,211.592
2015-11-10,202.888
2015-11-11,241.271
2015-11-12,240.524
2015-11-13,169.468
2015-11-14,170.258
2015-11-15,122.476
2015-11-16,80.188
2015-11-17,113.355
2015-11-18,144.382
2015-11-19,105.775
2015-11-20,95.726
2015-11-21,103.877
2015-11-22,82.042
2015-11-23,112.736
2015-11-24,150.75
2015-11-25,138.198
2015-11-26,102.999
2015-11-27,75.066
2015-11-28,78.78
2015-11-29,65.784
2015-11-30,65.173
2015-12-01,85.264
2015-12-02,130.234
2015-12-03,127.93
2015-12-04,126.225
2015-12-05,132.046
2015-12-06,76.144
2015-12-07,57.964
2015-12-08,88.559
2015-12-09,80.247
2015-12-10,95.648
2015-12-11,145.446
2015-12-12,156.866
2015-12-13,124.612
2015-12-14,93.85
2015-12-15,70.745
2015-12-16,54.173
2015-12-17,50.592
2015-12-18,37.652
2015-12-19,36.828
2015-12-20,36.935
2015-12-21,44.314
2015-12-22,61.724
2015-12-23,69.447
2015-12-24,51.463
2015-12-25,34.919
2015-12-26,34.374
2015-12-27,39.581
2015-12-28,38.499
2015-12-29,38.605
2015-12-30,47.815
2015-12-31,64.112
2016-01-01,54.082
2016-01-02,31.814
2016-01-03,27.234
2016-01-04,26.31
2016-01-05,25.652
2016-01-06,25.136
2016-01-07,24.895
2016-01-08,24.681
2016-01-09,24.56
2016-01-10,24.082
2016-01-11,23.293
2016-01-12,22.799
2016-01-13,24.092
2016-01-14,30.091
2016-01-15,44.142
2016-01-16,40.951
2016-01-17,25.777
2016-01-18,27.965
2016-01-19,55.115
2016-01-20,36.368
2016-01-21,48.099
2016-01-22,46.768
2016-01-23,27.129
2016-01-24,43.997
2016-01-25,34.805
2016-01-26,46.709
2016-01-27,39.046
2016-01-28,19.535
2016-01-29,17.578
2016-01-30,16.502
2016-01-31,16.205
2016-02-01,16.061
2016-02-02,15.93
2016-02-03,15.663
2016-02-04,15.384
2016-02-05,15.2
2016-02-06,15.3
2016-02-07,16.564
2016-02-08,15.802
2016-02-09,14.187
2016-02-10,13.759
2016-02-11,13.582
2016-02-12,13.341
2016-02-13,13.138
2016-02-14,12.865
2016-02-15,12.651
2016-02-16,12.466
2016-02-17,12.295
2016-02-18,12.217
2016-02-19,12.316
2016-02-20,12.083
2016-02-21,11.788
2016-02-22,11.987
2016-02-23,13.259
2016-02-24,13.675
2016-02-25,12.655
2016-02-26,11.441
2016-02-27,10.582
2016-02-28,10.741
2016-02-29,11.41
2016-03-01,11.643
2016-03-02,10.907
2016-03-03,10.697
2016-03-04,10.156
2016-03-05,10.322
2016-03-06,9.945
2016-03-07,9.469
2016-03-08,9.116
2016-03-09,9.797
2016-03-10,16.0
2016-03-11,32.337
2016-03-12,20.886
2016-03-13,20.542
2016-03-14,13.631
2016-03-15,8.616
2016-03-16,8.345
2016-03-17,7.994
2016-03-18,7.72
2016-03-19,7.942
2016-03-20,8.515
2016-03-21,8.263
2016-03-22,8.086
2016-03-23,8.458
2016-03-24,11.4
2016-03-25,9.789
2016-03-26,8.125
2016-03-27,7.685
2016-03-28,7.457
2016-03-29,7.194
2016-03-30,6.692
2016-03-31,6.481
2016-04-01,7.022
2016-04-02,10.867
2016-04-03,40.223
2016-04-04,60.43
2016-04-05,59.282
2016-04-06,66.715
2016-04-07,55.849
2016-04-08,26.117
2016-04-09,22.551
2016-04-10,31.213
2016-04-11,39.491
2016-04-12,63.425
2016-04-13,57.56
2016-04-14,59.913
2016-04-15,86.225
2016-04-16,80.462
2016-04-17,99.004
2016-04-18,77.185
2016-04-19,100.639
2016-04-20,114.18
2016-04-21,104.878
2016-04-22,84.169
2016-04-23,45.399
2016-04-24,34.588
2016-04-25,43.553
2016-04-26,128.7
2016-04-27,127.595
2016-04-28,101.934
2016-04-29,107.735
2016-04-30,97.598
2016-05-01,50.515
2016-05-02,61.038
2016-05-03,96.957
2016-05-04,103.544
2016-05-05,176.921
2016-05-06,198.205
2016-05-07,182.451
2016-05-08,146.463
2016-05-09,138.959
2016-05-10,204.714
2016-05-11,264.18
2016-05-12,194.32
2016-05-13,126.525
2016-05-14,109.55
2016-05-15,90.598
2016-05-16,67.783
2016-05-17,49.691
2016-05-18,53.508
2016-05-19,63.742
2016-05-20,56.399
2016-05-21,31.316
2016-05-22,30.608
2016-05-23,24.781
2016-05-24,24.305
2016-05-25,22.784
2016-05-26,21.712
2016-05-27,21.557
2016-05-28,21.077
2016-05-29,27.91
2016-05-30,38.508
2016-05-31,32.613
2016-06-01,20.13
2016-06-02,18.248
2016-06-03,17.928
2016-06-04,17.885
2016-06-05,17.641
2016-06-06,17.383
2016-06-07,17.926
2016-06-08,17.869
2016-06-09,17.79
2016-06-10,17.429
2016-06-11,16.362
2016-06-12,15.562
2016-06-13,15.183
2016-06-14,14.962
2016-06-15,14.968
2016-06-16,15.125
2016-06-17,16.453
2016-06-18,18.285
2016-06-19,24.607
2016-06-20,22.323
2016-06-21,22.625
2016-06-22,43.964
2016-06-23,39.187
2016-06-24,37.494
2016-06-25,25.193
2016-06-26,16.532
2016-06-27,16.247
2016-06-28,19.084
2016-06-29,20.071
2016-06-30,16.074
2016-07-01,12.41
2016-07-02,11.593
2016-07-03,11.38
2016-07-04,11.266
2016-07-05,11.213
2016-07-06,11.237
2016-07-07,11.35
2016-07-08,11.681
2016-07-09,13.772
2016-07-10,37.692
2016-07-11,27.175
2016-07-12,15.092
2016-07-13,13.983
2016-07-14,14.113
2016-07-15,13.912
2016-07-16,14.475
2016-07-17,15.847
2016-07-18,11.14
2016-07-19,11.581
2016-07-20,12.777
2016-07-21,10.335
2016-07-22,12.28
2016-07-23,15.92
2016-07-24,25.652
2016-07-25,20.795
2016-07-26,41.613
2016-07-27,64.747
2016-07-28,34.516
2016-07-29,16.976
2016-07-30,28.448
2016-07-31,64.512
2016-08-01,52.938
2016-08-02,26.613
2016-08-03,37.164
2016-08-04,17.796
2016-08-05,16.509
2016-08-06,23.219
2016-08-07,18.108
2016-08-08,46.99
2016-08-09,65.635
2016-08-10,56.807
2016-08-11,40.421
2016-08-12,30.576
2016-08-13,20.571
2016-08-14,11.263
2016-08-15,29.282
2016-08-16,19.018
2016-08-17,15.58
2016-08-18,29.519
2016-08-19,26.018
2016-08-20,15.447
2016-08-21,8.73
2016-08-22,7.797
2016-08-23,8.008
2016-08-24,16.708
2016-08-25,45.256
2016-08-26,70.56
2016-08-27,41.79
2016-08-28,34.646
2016-08-29,22.378
2016-08-30,11.998
2016-08-31,9.857
2016-09-01,8.149
2016-09-02,14.044
2016-09-03,9.609
2016-09-04,7.871
2016-09-05,7.544
2016-09-06,8.0
2016-09-07,7.997
2016-09-08,8.263
2016-09-09,14.814
2016-09-10,25.514
2016-09-11,15.774
2016-09-12,74.533
2016-09-13,47.073
2016-09-14,46.055
2016-09-15,26.316
2016-09-16,38.289
2016-09-17,91.932
2016-09-18,65.188
2016-09-19,19.655
2016-09-20,18.812
2016-09-21,32.288
2016-09-22,24.299
2016-09-23,31.55
2016-09-24,44.289
2016-09-25,25.97
2016-09-26,23.692
2016-09-27,56.508
2016-09-28,62.481
2016-09-29,48.432
2016-09-30,95.844
2016-10-01,76.281
2016-10-02,51.283
2016-10-03,34.042
2016-10-04,50.96
2016-10-05,70.627
2016-10-06,90.798
2016-10-07,78.695
2016-10-08,60.956
2016-10-09,33.659
2016-10-10,23.245
2016-10-11,20.32
2016-10-12,18.219
2016-10-13,16.843
2016-10-14,15.94
2016-10-15,14.277
2016-10-16,13.531
2016-10-17,12.591
2016-10-18,12.778
2016-10-19,16.569
2016-10-20,20.732
2016-10-21,26.259
2016-10-22,63.007
2016-10-23,62.422
2016-10-24,44.902
2016-10-25,42.561
2016-10-26,48.999
2016-10-27,25.964
2016-10-28,14.424
2016-10-29,36.743
2016-10-30,31.658
2016-10-31,31.725
2016-11-01,37.219
2016-11-02,21.826
2016-11-03,15.417
2016-11-04,13.994
2016-11-05,28.178
2016-11-06,26.463
2016-11-07,44.716
2016-11-08,73.518
2016-11-09,66.463
2016-11-10,80.543
2016-11-11,54.658
2016-11-12,48.081
2016-11-13,30.321
2016-11-14,47.74
2016-11-15,33.443
2016-11-16,32.859
2016-11-17,31.744
2016-11-18,21.812
2016-11-19,48.055
2016-11-20,54.062
2016-11-21,45.306
2016-11-22,36.119
2016-11-23,37.24
2016-11-24,52.504
2016-11-25,92.905
2016-11-26,117.916
2016-11-27,120.018
2016-11-28,59.998
2016-11-29,61.961
2016-11-30,75.002
2016-12-01,63.54
2016-12-02,41.287
2016-12-03,25.981
2016-12-04,20.795
2016-12-05,20.007
2016-12-06,23.114
2016-12-07,28.475
2016-12-08,25.268
2016-12-09,17.851
2016-12-10,14.676
2016-12-11,17.021
2016-12-12,19.017
2016-12-13,18.474
2016-12-14,16.995
2016-12-15,19.152
2016-12-16,27.883
2016-12-17,42.498
2016-12-18,25.549
2016-12-19,12.787
2016-12-20,11.281
2016-12-21,10.807
2016-12-22,10.565
2016-12-23,10.298
2016-12-24,10.039
2016-12-25,9.8
2016-12-26,9.625
2016-12-27,9.392
2016-12-28,9.146
2016-12-29,8.916
2016-12-30,8.749
2016-12-31,8.581
2017-01-01,8.41
2017-01-02,8.895
2017-01-03,9.944
2017-01-04,10.086
2017-01-05,10.862
2017-01-06,9.981
2017-01-07,8.251
2017-01-08,7.296
2017-01-09,6.942
2017-01-10,6.772
2017-01-11,6.618
2017-01-12,6.5
2017-01-13,6.397
2017-01-14,6.299
2017-01-15,6.177
2017-01-16,6.009
2017-01-17,5.927
2017-01-18,5.841
2017-01-19,5.725
2017-01-20,5.603
2017-01-21,5.472
2017-01-22,5.389
2017-01-23,5.312
2017-01-24,5.483
2017-01-25,5.924
2017-01-26,5.687
2017-01-27,5.581
2017-01-28,5.418
2017-01-29,5.13
2017-01-30,5.808
2017-01-31,7.25
2017-02-01,7.974
2017-02-02,7.442
2017-02-03,7.262
2017-02-04,7.728
2017-02-05,9.504
2017-02-06,10.963
2017-02-07,8.857
2017-02-08,8.251
2017-02-09,6.922
2017-02-10,5.132
2017-02-11,4.991
2017-02-12,4.502
2017-02-13,4.049
2017-02-14,4.118
2017-02-15,3.999
2017-02-16,4.015
2017-02-17,4.028
2017-02-18,4.978
2017-02-19,11.56
2017-02-20,15.19
2017-02-21,11.812
2017-02-22,12.995
2017-02-23,7.2
2017-02-24,11.498
2017-02-25,16.14
2017-02-26,27.502
2017-02-27,16.523
2017-02-28,27.532
2017-03-01,59.949
2017-03-02,54.797
2017-03-03,29.147
2017-03-04,29.058
2017-03-05,22.631
2017-03-06,10.319
2017-03-07,7.094
2017-03-08,4.563
2017-03-09,4.365
2017-03-10,16.432
2017-03-11,31.154
2017-03-12,16.076
2017-03-13,18.08
2017-03-14,9.75
2017-03-15,3.512
2017-03-16,3.452
2017-03-17,6.355
2017-03-18,28.035
2017-03-19,23.225
2017-03-20,21.752
2017-03-21,15.252
2017-03-22,4.505
2017-03-23,3.591
2017-03-24,3.9
2017-03-25,4.627
2017-03-26,13.876
2017-03-27,32.627
2017-03-28,21.607
2017-03-29,20.744
2017-03-30,15.393
2017-03-31,14.078
2017-04-01,9.466
2017-04-02,7.817
2017-04-03,8.252
2017-04-04,8.163
2017-04-05,5.54
2017-04-06,3.393
2017-04-07,3.697
2017-04-08,4.561
2017-04-09,7.927
2017-04-10,14.757
2017-04-11,22.743
2017-04-12,19.54
2017-04-13,12.057
2017-04-14,11.963
2017-04-15,16.041
2017-04-16,9.403
2017-04-17,7.786
2017-04-18,18.618
2017-04-19,43.91
2017-04-20,46.902
2017-04-21,37.275
2017-04-22,57.573
2017-04-23,45.246
2017-04-24,24.254
2017-04-25,27.534
2017-04-26,29.295
2017-04-27,77.485
2017-04-28,54.806
2017-04-29,43.997
2017-04-30,33.965
2017-05-01,49.512
2017-05-02,47.146
2017-05-03,55.646
2017-05-04,50.546
2017-05-05,54.803
2017-05-06,73.331
2017-05-07,108.022
2017-05-08,122.573
2017-05-09,130.581
2017-05-10,105.012
2017-05-11,87.501
2017-05-12,94.889
2017-05-13,96.962
2017-05-14,95.102
2017-05-15,74.593
2017-05-16,45.133
2017-05-17,39.816
2017-05-18,26.606
2017-05-19,39.982
2017-05-20,60.751
2017-05-21,65.16
2017-05-22,61.742
2017-05-23,35.969
2017-05-24,23.836
2017-05-25,22.46
2017-05-26,16.75
2017-05-27,9.9
2017-05-28,6.461
2017-05-29,6.091
2017-05-30,10.607
2017-05-31,9.889
2017-06-01,12.965
2017-06-02,25.364
2017-06-03,21.196
2017-06-04,19.265
2017-06-05,13.593
2017-06-06,10.897
2017-06-07,11.493
2017-06-08,9.193
2017-06-09,7.472
2017-06-10,7.283
2017-06-11,6.822
2017-06-12,6.336
2017-06-13,6.271
2017-06-14,6.725
2017-06-15,6.717
2017-06-16,8.21
2017-06-17,12.962
2017-06-18,17.642
2017-06-19,46.22
2017-06-20,43.551
2017-06-21,28.598
2017-06-22,24.435
2017-06-23,17.028
2017-06-24,14.515
2017-06-25,45.47
2017-06-26,28.443
2017-06-27,13.164
2017-06-28,8.814
2017-06-29,7.211
2017-06-30,7.384
2017-07-01,22.859
2017-07-02,15.368
2017-07-03,9.155
2017-07-04,8.29
2017-07-05,7.46
2017-07-06,27.714
2017-07-07,53.118
2017-07-08,48.352
2017-07-09,37.77
2017-07-10,23.053
2017-07-11,12.395
2017-07-12,8.649
2017-07-13,10.08
2017-07-14,9.771
2017-07-15,19.652
2017-07-16,15.969
2017-07-17,44.353
2017-07-18,29.229
2017-07-19,12.714
2017-07-20,24.998
2017-07-21,40.702
2017-07-22,64.582
2017-07-23,32.413
2017-07-24,37.637
2017-07-25,34.394
2017-07-26,55.274
2017-07-27,97.255
2017-07-28,66.485
2017-07-29,29.162
2017-07-30,19.312
2017-07-31,15.921
2017-08-01,18.543
2017-08-02,41.721
2017-08-03,62.52
2017-08-04,47.52
2017-08-05,26.69
2017-08-06,21.029
2017-08-07,17.576
2017-08-08,31.167
2017-08-09,39.69
2017-08-10,38.026
2017-08-11,36.358
2017-08-12,51.569
2017-08-13,88.836
2017-08-14,70.401
2017-08-15,37.424
2017-08-16,59.484
2017-08-17,59.525
2017-08-18,63.375
2017-08-19,51.864
2017-08-20,29.93
2017-08-21,57.718
2017-08-22,49.04
2017-08-23,39.85
2017-08-24,54.166
2017-08-25,39.463
2017-08-26,33.017
2017-08-27,64.282
2017-08-28,90.46
2017-08-29,130.114
2017-08-30,135.496
2017-08-31,117.527
2017-09-01,130.386
2017-09-02,47.265
2017-09-03,43.743
2017-09-04,94.835
2017-09-05,124.236
2017-09-06,174.484
2017-09-07,105.873
2017-09-08,96.215
2017-09-09,74.591
2017-09-10,39.854
2017-09-11,57.795
2017-09-12,81.987
2017-09-13,64.85
2017-09-14,126.602
2017-09-15,178.312
2017-09-16,167.655
2017-09-17,148.196
2017-09-18,102.247
2017-09-19,78.782
2017-09-20,66.775
2017-09-21,49.935
2017-09-22,68.783
2017-09-23,66.945
2017-09-24,76.962
2017-09-25,81.113
2017-09-26,92.305
2017-09-27,122.143
2017-09-28,137.573
2017-09-29,94.078
2017-09-30,42.125
2017-10-01,51.594
2017-10-02,77.303
2017-10-03,74.902
2017-10-04,64.579
2017-10-05,73.307
2017-10-06,56.053
2017-10-07,28.662
2017-10-08,23.522
2017-10-09,28.096
2017-10-10,24.821
2017-10-11,41.099
2017-10-12,68.185
2017-10-13,88.561
2017-10-14,78.621
2017-10-15,68.413
2017-10-16,70.72
2017-10-17,56.019
2017-10-18,33.183
2017-10-19,38.792
2017-10-20,58.967
2017-10-21,92.882
2017-10-22,62.349
2017-10-23,58.574
2017-10-24,50.335
2017-10-25,38.893
2017-10-26,50.645
2017-10-27,89.513
2017-10-28,120.704
2017-10-29,81.544
2017-10-30,112.06
2017-10-31,103.418
2017-11-01,60.515
2017-11-02,62.147
2017-11-03,73.805
2017-11-04,47.855
2017-11-05,53.371
2017-11-06,76.029
2017-11-07,90.593
2017-11-08,128.378
2017-11-09,140.24
2017-11-10,101.42
2017-11-11,91.336
2017-11-12,70.595
2017-11-13,101.747
2017-11-14,182.041
2017-11-15,190.084
2017-11-16,187.505
2017-11-17,131.287
2017-11-18,86.363
2017-11-19,77.74
2017-11-20,47.104
2017-11-21,38.806
2017-11-22,37.243
2017-11-23,37.697
2017-11-24,41.881
2017-11-25,35.157
2017-11-26,33.952
2017-11-27,40.118
2017-11-28,44.435
2017-11-29,43.056
2017-11-30,36.854
2017-12-01,30.587
2017-12-02,29.435
2017-12-03,30.809
2017-12-04,30.392
2017-12-05,25.213
2017-12-06,23.831
2017-12-07,23.591
2017-12-08,25.194
2017-12-09,27.179
2017-12-10,25.533
2017-12-11,22.805
2017-12-12,21.525
2017-12-13,20.592
2017-12-14,19.598
2017-12-15,17.788
2017-12-16,17.172
2017-12-17,16.57
2017-12-18,16.649
2017-12-19,18.241
2017-12-20,17.802
2017-12-21,18.634
2017-12-22,17.087
2017-12-23,15.516
2017-12-24,16.168
2017-12-25,15.661
2017-12-26,14.044
2017-12-27,12.935
2017-12-28,14.992
2017-12-29,15.316
2017-12-30,14.005
2017-12-31,12.175
2018-01-01,12.202
2018-01-02,12.51
2018-01-03,14.007
2018-01-04,14.192
2018-01-05,12.992
2018-01-06,10.97
2018-01-07,10.262
2018-01-08,9.963
2018-01-09,9.766
2018-01-10,9.606
2018-01-11,9.426
2018-01-12,9.244
2018-01-13,9.098
2018-01-14,9.18
2018-01-15,10.462
2018-01-16,16.503
2018-01-17,19.644
2018-01-18,12.666
2018-01-19,10.465
2018-01-20,9.517
2018-01-21,8.483
2018-01-22,7.822
2018-01-23,7.753
2018-01-24,7.792
2018-01-25,8.489
2018-01-26,9.893
2018-01-27,10.358
2018-01-28,10.482
2018-01-29,9.904
2018-01-30,9.172
2018-01-31,8.543
2018-02-01,7.289
2018-02-02,6.927
2018-02-03,6.54
2018-02-04,6.317
2018-02-05,6.274
2018-02-06,6.198
2018-02-07,6.073
2018-02-08,5.987
2018-02-09,6.031
2018-02-10,5.899
2018-02-11,6.06
2018-02-12,6.543
2018-02-13,6.405
2018-02-14,6.195
2018-02-15,5.828
2018-02-16,5.615
2018-02-17,5.624
2018-02-18,5.381
2018-02-19,5.012
2018-02-20,4.999
2018-02-21,5.97
2018-02-22,7.664
2018-02-23,7.436
2018-02-24,7.735
2018-02-25,8.185
2018-02-26,7.733
2018-02-27,8.733
2018-02-28,9.237
2018-03-01,12.555
2018-03-02,20.315
2018-03-03,11.297
2018-03-04,15.355
2018-03-05,19.833
2018-03-06,22.313
2018-03-07,13.69
2018-03-08,46.136
2018-03-09,36.458
2018-03-10,22.443
2018-03-11,14.875
2018-03-12,25.052
2018-03-13,24.189
2018-03-14,29.313
2018-03-15,30.873
2018-03-16,41.257
2018-03-17,71.415
2018-03-18,58.784
2018-03-19,46.555
2018-03-20,49.046
2018-03-21,58.273
2018-03-22,60.84
2018-03-23,49.638
2018-03-24,35.597
2018-03-25,31.918
2018-03-26,25.434
2018-03-27,30.216
2018-03-28,21.488
2018-03-29,46.672
2018-03-30,75.134
2018-03-31,51.122
2018-04-01,50.188
2018-04-02,49.661
2018-04-03,42.826
2018-04-04,73.348
2018-04-05,172.058
2018-04-06,185.322
2018-04-07,231.495
2018-04-08,265.81
2018-04-09,163.647
2018-04-10,134.96
2018-04-11,82.975
2018-04-12,95.957
2018-04-13,181.883
2018-04-14,204.634
2018-04-15,247.193
2018-04-16,199.924
2018-04-17,169.945
2018-04-18,138.162
2018-04-19,51.025
2018-04-20,26.484
2018-04-21,48.469
2018-04-22,86.798
2018-04-23,175.992
2018-04-24,213.585
2018-04-25,137.42
2018-04-26,218.877
2018-04-27,235.148
2018-04-28,240.38
2018-04-29,226.29
2018-04-30,166.528
2018-05-01,143.136
2018-05-02,167.074
2018-05-03,140.045
2018-05-04,104.468
2018-05-05,68.46
2018-05-06,72.065
2018-05-07,120.841
2018-05-08,180.035
2018-05-09,203.54
2018-05-10,187.508
2018-05-11,120.792
2018-05-12,84.24
2018-05-13,106.898
2018-05-14,123.392
2018-05-15,113.584
2018-05-16,101.33
2018-05-17,97.496
2018-05-18,131.988
2018-05-19,128.735
2018-05-20,97.837
2018-05-21,81.459
2018-05-22,79.79
2018-05-23,81.128
2018-05-24,77.672
2018-05-25,93.38
2018-05-26,119.79
2018-05-27,142.28
2018-05-28,139.702
2018-05-29,144.105
2018-05-30,126.345
2018-05-31,106.742
2018-06-01,60.035
2018-06-02,43.114
2018-06-03,42.132
2018-06-04,43.039
2018-06-05,52.305
2018-06-06,72.298
2018-06-07,80.272
2018-06-08,91.607
2018-06-09,89.393
2018-06-10,96.08
2018-06-11,103.883
2018-06-12,80.968
2018-06-13,51.004
2018-06-14,38.812
2018-06-15,37.49
2018-06-16,36.932
2018-06-17,36.127
2018-06-18,35.49
2018-06-19,34.922
2018-06-20,34.728
2018-06-21,36.775
2018-06-22,47.185
2018-06-23,57.891
2018-06-24,48.196
2018-06-25,53.26
2018-06-26,45.216
2018-06-27,35.669
2018-06-28,42.707
2018-06-29,70.245
2018-06-30,68.769
2018-07-01,51.512
2018-07-02,41.387
2018-07-03,39.418
2018-07-04,41.875
2018-07-05,42.722
2018-07-06,39.883
2018-07-07,47.816
2018-07-08,46.787
2018-07-09,33.645
2018-07-10,25.892
2018-07-11,25.214
2018-07-12,26.054
2018-07-13,29.279
2018-07-14,31.542
2018-07-15,27.275
2018-07-16,24.941
2018-07-17,28.789
2018-07-18,30.147
2018-07-19,23.98
2018-07-20,22.1
2018-07-21,21.347
2018-07-22,20.967
2018-07-23,20.579
2018-07-24,20.199
2018-07-25,19.882
2018-07-26,19.49
2018-07-27,19.096
2018-07-28,18.781
2018-07-29,18.758
2018-07-30,20.256
2018-07-31,22.356
2018-08-01,22.774
2018-08-02,20.83
2018-08-03,25.163
2018-08-04,23.499
2018-08-05,18.414
2018-08-06,18.17
2018-08-07,18.264
2018-08-08,27.3
2018-08-09,22.632
2018-08-10,22.715
2018-08-11,19.123
2018-08-12,18.914
2018-08-13,18.008
2018-08-14,19.033
2018-08-15,23.707
2018-08-16,16.798
2018-08-17,17.163
2018-08-18,15.282
2018-08-19,15.628
2018-08-20,21.298
2018-08-21,21.432
2018-08-22,50.385
2018-08-23,68.818
2018-08-24,44.273
2018-08-25,57.698
2018-08-26,74.749
2018-08-27,102.609
2018-08-28,129.708
2018-08-29,108.829
2018-08-30,139.214
2018-08-31,119.522
2018-09-01,70.136
2018-09-02,83.892
2018-09-03,90.4
2018-09-04,101.911
2018-09-05,118.761
2018-09-06,127.82
2018-09-07,120.309
2018-09-08,94.752
2018-09-09,69.19
2018-09-10,50.262
2018-09-11,35.049
2018-09-12,26.249
2018-09-13,50.037
2018-09-14,101.045
2018-09-15,78.744
2018-09-16,97.07
2018-09-17,58.752
2018-09-18,42.952
2018-09-19,27.328
2018-09-20,36.487
2018-09-21,43.512
2018-09-22,35.965
2018-09-23,48.019
2018-09-24,39.736
2018-09-25,18.118
2018-09-26,18.071
2018-09-27,27.391
2018-09-28,33.171
2018-09-29,34.945
2018-09-30,23.578
2018-10-01,27.755
2018-10-02,33.877
2018-10-03,47.54
2018-10-04,60.844
2018-10-05,83.052
2018-10-06,62.312
2018-10-07,37.01
2018-10-08,27.114
2018-10-09,43.828
2018-10-10,35.718
2018-10-11,66.296
2018-10-12,127.9
2018-10-13,125.28
2018-10-14,109.802
2018-10-15,137.547
2018-10-16,217.985
2018-10-17,165.005
2018-10-18,112.687
2018-10-19,84.085
2018-10-20,116.678
2018-10-21,155.888
2018-10-22,140.915
2018-10-23,85.671
2018-10-24,40.881
2018-10-25,26.577
2018-10-26,31.495
2018-10-27,59.441
2018-10-28,92.992
2018-10-29,153.311
2018-10-30,105.135
2018-10-31,116.037
2018-11-01,88.96
2018-11-02,53.002
2018-11-03,87.252
2018-11-04,130.212
2018-11-05,192.533
2018-11-06,209.743
2018-11-07,136.375
2018-11-08,95.635
2018-11-09,91.96
2018-11-10,69.747
2018-11-11,53.457
2018-11-12,67.261
2018-11-13,77.93
2018-11-14,90.252
2018-11-15,163.67
2018-11-16,123.268
2018-11-17,141.003
2018-11-18,166.049
2018-11-19,124.412
2018-11-20,85.628
2018-11-21,66.168
2018-11-22,80.535
2018-11-23,48.034
2018-11-24,61.372
2018-11-25,46.103
2018-11-26,33.99
2018-11-27,32.82
2018-11-28,28.782
2018-11-29,27.679
2018-11-30,28.552
2018-12-01,31.417
2018-12-02,33.579
2018-12-03,26.368
2018-12-04,24.613
2018-12-05,40.36
2018-12-06,63.51
2018-12-07,46.449
2018-12-08,46.756
2018-12-09,37.929
2018-12-10,35.324
2018-12-11,32.237
2018-12-12,54.858
2018-12-13,45.129
2018-12-14,54.001
2018-12-15,52.446
2018-12-16,60.74
2018-12-17,85.283
2018-12-18,72.211
2018-12-19,58.327
2018-12-20,66.842
2018-12-21,49.968
2018-12-22,30.241
2018-12-23,23.776
2018-12-24,23.55
2018-12-25,29.278
2018-12-26,33.114
2018-12-27,29.573
2018-12-28,26.354
2018-12-29,22.649
2018-12-30,23.064
2018-12-31,21.455
2019-01-01,21.617
2019-01-02,23.147
2019-01-03,24.156
2019-01-04,21.993
2019-01-05,19.541
2019-01-06,19.902
2019-01-07,20.557
2019-01-08,26.259
2019-01-09,23.47
2019-01-10,29.592
2019-01-11,25.156
2019-01-12,22.962
2019-01-13,25.78
2019-01-14,23.135
2019-01-15,16.545
2019-01-16,16.007
2019-01-17,16.428
2019-01-18,27.837
2019-01-19,24.837
2019-01-20,20.307
2019-01-21,20.399
2019-01-22,17.357
2019-01-23,18.799
2019-01-24,19.267
2019-01-25,18.152
2019-01-26,17.062
2019-01-27,20.449
2019-01-28,18.495
2019-01-29,18.651
2019-01-30,16.764
2019-01-31,14.877
2019-02-01,13.099
2019-02-02,12.885
2019-02-03,12.731
2019-02-04,12.498
2019-02-05,12.404
2019-02-06,12.656
2019-02-07,12.57
2019-02-08,12.139
2019-02-09,11.896
2019-02-10,12.262
2019-02-11,12.287
2019-02-12,11.742
2019-02-13,11.052
2019-02-14,10.796
2019-02-15,10.737
2019-02-16,10.615
2019-02-17,10.416
2019-02-18,10.088
2019-02-19,10.109
2019-02-20,10.492
2019-02-21,10.9
2019-02-22,10.523
2019-02-23,10.282
2019-02-24,11.842
2019-02-25,13.515
2019-02-26,14.284
2019-02-27,15.315
2019-02-28,22.315
2019-03-01,15.946
2019-03-02,9.134
2019-03-03,9.124
2019-03-04,9.416
2019-03-05,9.698
2019-03-06,13.499
2019-03-07,12.881
2019-03-08,13.987
2019-03-09,14.111
2019-03-10,10.377
2019-03-11,8.635
2019-03-12,8.126
2019-03-13,8.35
2019-03-14,8.353
2019-03-15,8.787
2019-03-16,8.836
2019-03-17,8.704
2019-03-18,10.902
2019-03-19,8.776
2019-03-20,7.552
2019-03-21,7.312
2019-03-22,6.956
2019-03-23,6.964
2019-03-24,7.074
2019-03-25,6.886
2019-03-26,6.601
2019-03-27,6.969
2019-03-28,7.976
2019-03-29,15.569
2019-03-30,22.216
2019-03-31,16.702
2019-04-01,21.058
2019-04-02,15.684
2019-04-03,7.231
2019-04-04,7.077
2019-04-05,7.029
2019-04-06,7.818
2019-04-07,7.865
2019-04-08,9.617
2019-04-09,7.251
2019-04-10,6.385
2019-04-11,8.155
2019-04-12,11.383
2019-04-13,20.772
2019-04-14,51.675
2019-04-15,68.918
2019-04-16,31.571
2019-04-17,18.989
2019-04-18,25.811
2019-04-19,25.521
2019-04-20,17.958
2019-04-21,7.41
2019-04-22,6.019
2019-04-23,8.656
2019-04-24,15.351
2019-04-25,36.163
2019-04-26,24.679
2019-04-27,35.469
2019-04-28,87.355
2019-04-29,44.024
2019-04-30,51.761
2019-05-01,34.758
2019-05-02,40.801
2019-05-03,64.825
2019-05-04,54.245
2019-05-05,24.517
2019-05-06,14.815
2019-05-07,25.26
2019-05-08,29.017
2019-05-09,32.383
2019-05-10,29.996
2019-05-11,59.646
2019-05-12,88.329
2019-05-13,78.005
2019-05-14,107.28
2019-05-15,140.955
2019-05-16,90.356
2019-05-17,68.806
2019-05-18,53.317
2019-05-19,36.884
2019-05-20,26.927
2019-05-21,33.837
2019-05-22,49.295
2019-05-23,41.973
2019-05-24,53.37
2019-05-25,74.521
2019-05-26,72.529
2019-05-27,55.381
2019-05-28,39.881
2019-05-29,46.785
2019-05-30,76.925
2019-05-31,106.986
2019-06-01,67.015
2019-06-02,75.266
2019-06-03,78.564
2019-06-04,93.95
2019-06-05,95.892
2019-06-06,96.389
2019-06-07,79.249
2019-06-08,110.446
2019-06-09,223.624
2019-06-10,319.207
2019-06-11,180.994
2019-06-12,157.825
2019-06-13,113.482
2019-06-14,103.245
2019-06-15,45.1
2019-06-16,33.482
2019-06-17,59.933
2019-06-18,62.902
2019-06-19,43.269
2019-06-20,53.081
2019-06-21,55.642
2019-06-22,42.58
2019-06-23,45.607
2019-06-24,60.292
2019-06-25,62.962
2019-06-26,73.382
2019-06-27,154.352
2019-06-28,225.619
2019-06-29,220.122
2019-06-30,174.816
2019-07-01,144.414
2019-07-02,124.724
2019-07-03,100.417
2019-07-04,61.173
2019-07-05,46.081
2019-07-06,42.275
2019-07-07,43.87
2019-07-08,81.923
2019-07-09,87.118
2019-07-10,56.296
2019-07-11,57.209
2019-07-12,61.931
2019-07-13,59.933
2019-07-14,55.612
2019-07-15,75.311
2019-07-16,71.991
2019-07-17,56.804
2019-07-18,56.946
2019-07-19,47.687
2019-07-20,49.692
2019-07-21,58.717
2019-07-22,48.407
2019-07-23,46.858
2019-07-24,87.45
2019-07-25,69.996
2019-07-26,78.823
2019-07-27,59.61
2019-07-28,53.289
2019-07-29,73.045
2019-07-30,78.573
2019-07-31,73.176
2019-08-01,57.59
2019-08-02,58.344
2019-08-03,44.092
2019-08-04,55.724
2019-08-05,87.048
2019-08-06,77.125
2019-08-07,59.272
2019-08-08,38.058
2019-08-09,32.537
2019-08-10,49.06
2019-08-11,124.697
2019-08-12,108.864
2019-08-13,104.44
2019-08-14,122.619
2019-08-15,98.305
2019-08-16,82.552
2019-08-17,59.128
2019-08-18,74.155
2019-08-19,84.743
2019-08-20,72.815
2019-08-21,59.103
2019-08-22,71.014
2019-08-23,66.921
2019-08-24,91.291
2019-08-25,110.382
2019-08-26,107.853
2019-08-27,152.829
2019-08-28,132.812
2019-08-29,81.931
2019-08-30,88.195
2019-08-31,122.076
2019-09-01,133.3
2019-09-02,141.117
2019-09-03,115.055
2019-09-04,84.062
2019-09-05,62.403
2019-09-06,50.471
2019-09-07,65.517
2019-09-08,60.9
2019-09-09,140.334
2019-09-10,179.268
2019-09-11,166.78
2019-09-12,197.017
2019-09-13,187.38
2019-09-14,152.508
2019-09-15,106.993
2019-09-16,83.377
2019-09-17,70.668
2019-09-18,70.292
2019-09-19,81.614
2019-09-20,82.645
2019-09-21,62.266
2019-09-22,56.881
2019-09-23,57.069
2019-09-24,69.625
2019-09-25,58.13
2019-09-26,49.269
2019-09-27,77.682
2019-09-28,121.228
2019-09-29,123.182
2019-09-30,101.573
2019-10-01,202.003
2019-10-02,205.683
2019-10-03,121.358
2019-10-04,135.886
2019-10-05,152.508
2019-10-06,190.041
2019-10-07,188.38
2019-10-08,202.628
2019-10-09,210.347
2019-10-10,161.071
2019-10-11,149.019
2019-10-12,148.888
2019-10-13,131.535
2019-10-14,130.534
2019-10-15,178.716
2019-10-16,173.508
2019-10-17,152.448
2019-10-18,184.988
2019-10-19,240.829
2019-10-20,235.165
2019-10-21,261.44
2019-10-22,342.318
2019-10-23,291.022
2019-10-24,269.82
2019-10-25,318.091
2019-10-26,291.825
2019-10-27,246.874
2019-10-28,250.915
2019-10-29,259.057
2019-10-30,323.587
2019-10-31,272.106
2019-11-01,269.194
2019-11-02,239.584
2019-11-03,172.339
2019-11-04,136.898
2019-11-05,119.163
2019-11-06,127.605
2019-11-07,131.805
2019-11-08,122.802
2019-11-09,117.332
2019-11-10,146.477
2019-11-11,163.693
2019-11-12,144.447
2019-11-13,138.393
2019-11-14,173.295
2019-11-15,172.08
2019-11-16,163.486
2019-11-17,106.454
2019-11-18,88.806
2019-11-19,84.452
2019-11-20,192.448
2019-11-21,274.663
2019-11-22,131.528
2019-11-23,89.686
2019-11-24,111.313
2019-11-25,139.428
2019-11-26,145.511
2019-11-27,169.878
2019-11-28,161.385
2019-11-29,173.672
2019-11-30,184.527
2019-12-01,122.249
2019-12-02,78.828
2019-12-03,88.599
2019-12-04,181.652
2019-12-05,260.026
2019-12-06,259.664
2019-12-07,246.063
2019-12-08,272.885
2019-12-09,260.172
2019-12-10,203.924
2019-12-11,182.053
2019-12-12,190.506
2019-12-13,181.883
2019-12-14,197.936
2019-12-15,193.957
2019-12-16,189.184
2019-12-17,187.751
2019-12-18,242.138
2019-12-19,239.101
2019-12-20,188.403
2019-12-21,125.688
2019-12-22,99.681
2019-12-23,96.734
2019-12-24,94.646
2019-12-25,92.503
2019-12-26,94.28
2019-12-27,151.44
2019-12-28,153.236
2019-12-29,148.568
2019-12-30,126.677
2019-12-31,93.202
2020-01-01,84.532
2020-01-02,75.598
2020-01-03,73.224
2020-01-04,71.355
2020-01-05,69.324
2020-01-06,67.332
2020-01-07,66.258
2020-01-08,68.355
2020-01-09,69.615
2020-01-10,65.615
2020-01-11,62.613
2020-01-12,61.636
2020-01-13,62.378
2020-01-14,58.093
2020-01-15,52.994
2020-01-16,51.003
2020-01-17,51.094
2020-01-18,49.903
2020-01-19,46.855
2020-01-20,45.567
2020-01-21,46.992
2020-01-22,45.42
2020-01-23,44.355
2020-01-24,41.0
2020-01-25,39.557
2020-01-26,38.563
2020-01-27,37.907
2020-01-28,39.594
2020-01-29,45.542
2020-01-30,55.531
2020-01-31,49.473
2020-02-01,51.215
2020-02-02,49.192
2020-02-03,48.334
2020-02-04,61.237
2020-02-05,54.821
2020-02-06,136.889
2020-02-07,203.944
2020-02-08,114.506
2020-02-09,103.502
2020-02-10,68.344
2020-02-11,51.128
2020-02-12,31.439
2020-02-13,28.809
2020-02-14,28.127
2020-02-15,27.537
2020-02-16,27.105
2020-02-17,27.205
2020-02-18,28.034
2020-02-19,28.742
2020-02-20,30.601
2020-02-21,30.591
2020-02-22,31.767
2020-02-23,32.68
2020-02-24,34.935
2020-02-25,39.465
2020-02-26,32.787
2020-02-27,24.411
2020-02-28,23.062
2020-02-29,24.767
2020-03-01,26.145
2020-03-02,27.732
2020-03-03,33.086
2020-03-04,30.485
2020-03-05,32.074
2020-03-06,58.971
2020-03-07,60.372
2020-03-08,42.878
2020-03-09,35.767
2020-03-10,43.736
2020-03-11,81.877
2020-03-12,100.115
2020-03-13,135.116
2020-03-14,119.211
2020-03-15,64.202
2020-03-16,62.677
2020-03-17,55.608
2020-03-18,49.573
2020-03-19,112.949
2020-03-20,82.591
2020-03-21,89.205
2020-03-22,147.152
2020-03-23,115.559
2020-03-24,57.841
2020-03-25,47.878
2020-03-26,93.118
2020-03-27,145.608
2020-03-28,103.736
2020-03-29,86.907
2020-03-30,77.735
2020-03-31,80.875
2020-04-01,102.64
2020-04-02,88.05
2020-04-03,75.17
2020-04-04,38.65
2020-04-05,23.471
2020-04-06,21.05
2020-04-07,20.21
2020-04-08,20.422
2020-04-09,20.66
2020-04-10,20.906
2020-04-11,22.038
2020-04-12,23.052
2020-04-13,30.582
2020-04-14,36.468
2020-04-15,59.89
2020-04-16,51.614
2020-04-17,54.652
2020-04-18,102.706
2020-04-19,411.333
2020-04-20,493.183
2020-04-21,296.605
2020-04-22,221.539
2020-04-23,223.707
2020-04-24,188.136
2020-04-25,124.033
2020-04-26,127.113
2020-04-27,146.423
2020-04-28,141.771
2020-04-29,141.255
2020-04-30,142.196
2020-05-01,201.918
2020-05-02,194.445
2020-05-03,295.632
2020-05-04,365.613
2020-05-05,341.448
2020-05-06,250.138
2020-05-07,122.373
2020-05-08,87.644
2020-05-09,129.66
2020-05-10,180.522
2020-05-11,216.567
2020-05-12,297.881
2020-05-13,304.509
2020-05-14,292.774
2020-05-15,230.723
2020-05-16,191.987
2020-05-17,149.074
2020-05-18,120.118
2020-05-19,132.462
2020-05-20,140.835
2020-05-21,121.935
2020-05-22,99.623
2020-05-23,99.217
2020-05-24,94.607
2020-05-25,88.218
2020-05-26,81.09
2020-05-27,73.818
2020-05-28,71.48
2020-05-29,69.798
2020-05-30,68.923
2020-05-31,69.368
2020-06-01,68.926
2020-06-02,68.657
2020-06-03,69.681
2020-06-04,65.121
2020-06-05,63.509
2020-06-06,62.209
2020-06-07,65.105
2020-06-08,65.608
2020-06-09,66.31
2020-06-10,73.326
2020-06-11,67.834
2020-06-12,84.835
2020-06-13,79.372
2020-06-14,100.995
2020-06-15,142.008
2020-06-16,110.175
2020-06-17,88.498
2020-06-18,85.324
2020-06-19,64.851
2020-06-20,50.723
2020-06-21,43.704
2020-06-22,45.91
2020-06-23,48.08
2020-06-24,57.611
2020-06-25,49.853
2020-06-26,45.647
2020-06-27,49.055
2020-06-28,51.19
2020-06-29,56.142
2020-06-30,45.393
2020-07-01,45.637
2020-07-02,40.441
2020-07-03,38.442
2020-07-04,40.117
2020-07-05,35.089
2020-07-06,33.414
2020-07-07,33.015
2020-07-08,39.85
2020-07-09,53.312
2020-07-10,52.268
2020-07-11,40.035
2020-07-12,47.249
2020-07-13,73.788
2020-07-14,67.89
2020-07-15,83.402
2020-07-16,69.439
2020-07-17,72.918
2020-07-18,88.523
2020-07-19,73.921
2020-07-20,42.977
2020-07-21,34.21
2020-07-22,28.391
2020-07-23,28.623
2020-07-24,33.311
2020-07-25,41.25
2020-07-26,33.471
2020-07-27,32.553
2020-07-28,38.367
2020-07-29,49.571
2020-07-30,46.745
2020-07-31,32.596
2020-08-01,27.216
2020-08-02,27.52
2020-08-03,26.703
2020-08-04,25.273
2020-08-05,23.644
2020-08-06,23.354
2020-08-07,23.666
2020-08-08,24.22
2020-08-09,29.258
2020-08-10,38.721
2020-08-11,48.556
2020-08-12,44.248
2020-08-13,36.497
2020-08-14,29.215
2020-08-15,32.281
2020-08-16,52.403
2020-08-17,39.365
2020-08-18,31.727
2020-08-19,56.03
2020-08-20,77.818
2020-08-21,65.947
2020-08-22,83.862
2020-08-23,76.466
2020-08-24,72.502
2020-08-25,78.072
2020-08-26,123.45
2020-08-27,96.75
2020-08-28,91.223
2020-08-29,71.018
2020-08-30,42.769
2020-08-31,72.5
2020-09-01,68.03
2020-09-02,50.629
2020-09-03,57.437
2020-09-04,37.999
2020-09-05,50.785
2020-09-06,65.07
2020-09-07,63.115
2020-09-08,97.64
2020-09-09,108.914
2020-09-10,86.109
2020-09-11,89.178
2020-09-12,95.585
2020-09-13,95.792
2020-09-14,159.715
2020-09-15,141.185
2020-09-16,123.922
2020-09-17,124.313
2020-09-18,109.103
2020-09-19,91.955
2020-09-20,124.86
2020-09-21,87.575
2020-09-22,110.483
2020-09-23,137.445
2020-09-24,230.58
2020-09-25,211.818
2020-09-26,124.202
2020-09-27,149.739
2020-09-28,118.459
2020-09-29,198.17
2020-09-30,147.127
2020-10-01,87.132
2020-10-02,64.101
2020-10-03,74.937
2020-10-04,71.548
2020-10-05,84.019
2020-10-06,111.86
2020-10-07,133.312
2020-10-08,127.038
2020-10-09,102.223
2020-10-10,95.16
2020-10-11,121.91
2020-10-12,153.41
2020-10-13,130.506
2020-10-14,141.624
2020-10-15,95.747
2020-10-16,102.017
2020-10-17,135.209
2020-10-18,143.17
2020-10-19,147.709
2020-10-20,146.879
2020-10-21,171.282
2020-10-22,174.958
2020-10-23,125.318
2020-10-24,160.752
2020-10-25,286.469
2020-10-26,285.732
2020-10-27,271.558
2020-10-28,292.3
2020-10-29,233.18
2020-10-30,312.282
2020-10-31,382.34
2020-11-01,363.848
2020-11-02,274.468
2020-11-03,166.568
2020-11-04,113.614
2020-11-05,103.869
2020-11-06,78.111
2020-11-07,84.285
2020-11-08,148.081
2020-11-09,154.559
2020-11-10,173.5
2020-11-11,219.79
2020-11-12,212.587
2020-11-13,179.468
2020-11-14,164.939
2020-11-15,95.44
2020-11-16,125.008
2020-11-17,171.753
2020-11-18,147.498
2020-11-19,139.198
2020-11-20,117.687
2020-11-21,98.819
2020-11-22,81.815
2020-11-23,78.585
2020-11-24,84.894
2020-11-25,87.463
2020-11-26,77.201
2020-11-27,78.204
2020-11-28,76.594
2020-11-29,87.846
2020-11-30,160.948
2020-12-01,280.338
2020-12-02,288.099
2020-12-03,238.652
2020-12-04,134.425
2020-12-05,64.713
2020-12-06,61.985
2020-12-07,74.891
2020-12-08,75.412
2020-12-09,66.694
2020-12-10,61.189
2020-12-11,63.107
2020-12-12,61.44
2020-12-13,61.562
2020-12-14,58.59
2020-12-15,55.512
2020-12-16,52.786
2020-12-17,49.845
2020-12-18,48.643
2020-12-19,47.51
2020-12-20,46.585
2020-12-21,47.422
2020-12-22,47.904
2020-12-23,46.744
2020-12-24,45.725
2020-12-25,48.731
2020-12-26,49.429
2020-12-27,57.577
2020-12-28,59.922
2020-12-29,45.842
2020-12-30,39.601
2020-12-31,39.986
2021-01-01,38.41
2021-01-02,37.497
2021-01-03,49.415
2021-01-04,49.891
2021-01-05,54.94
2021-01-06,60.228
2021-01-07,51.445
2021-01-08,36.847
2021-01-09,32.32
2021-01-10,31.54
2021-01-11,30.93
2021-01-12,30.321
2021-01-13,29.963
2021-01-14,34.002
2021-01-15,35.357
2021-01-16,32.419
2021-01-17,30.068
2021-01-18,35.499
2021-01-19,36.771
2021-01-20,35.048
2021-01-21,29.249
2021-01-22,28.065
2021-01-23,41.225
2021-01-24,48.563
2021-01-25,37.036
2021-01-26,26.213
2021-01-27,25.335
2021-01-28,25.003
2021-01-29,24.408
2021-01-30,23.818
2021-01-31,23.575
2021-02-01,23.501
2021-02-02,23.465
2021-02-03,22.89
2021-02-04,22.406
2021-02-05,21.46
2021-02-06,21.268
2021-02-07,22.484
2021-02-08,21.998
2021-02-09,21.412
2021-02-10,20.25
2021-02-11,19.277
2021-02-12,18.939
2021-02-13,18.779
2021-02-14,18.918
2021-02-15,19.89
2021-02-16,27.818
2021-02-17,38.974
2021-02-18,26.598
2021-02-19,20.137
2021-02-20,20.594
2021-02-21,20.418
2021-02-22,22.035
2021-02-23,19.599
2021-02-24,16.148
2021-02-25,16.029
2021-02-26,16.518
2021-02-27,17.3
2021-02-28,17.152
2021-03-01,15.222
2021-03-02,14.848
2021-03-03,14.709
2021-03-04,14.972
2021-03-05,15.196
2021-03-06,16.03
2021-03-07,17.125
2021-03-08,19.388
2021-03-09,17.939
2021-03-10,16.345
2021-03-11,15.357
2021-03-12,14.143
2021-03-13,13.933
2021-03-14,13.143
2021-03-15,12.51
2021-03-16,12.28
2021-03-17,12.512
2021-03-18,13.963
2021-03-19,17.319
2021-03-20,18.451
2021-03-21,17.927
2021-03-22,19.478
2021-03-23,23.108
2021-03-24,18.78
2021-03-25,19.36
2021-03-26,19.274
2021-03-27,17.612
2021-03-28,12.275
2021-03-29,11.062
2021-03-30,11.053
2021-03-31,12.423
2021-04-01,16.43
2021-04-02,17.896
2021-04-03,24.389
2021-04-04,33.944
2021-04-05,32.296
2021-04-06,22.0
2021-04-07,33.642
2021-04-08,45.393
2021-04-09,52.089
2021-04-10,39.842
2021-04-11,25.942
2021-04-12,27.9
2021-04-13,25.352
2021-04-14,18.806
2021-04-15,31.563
2021-04-16,33.156
2021-04-17,22.129
2021-04-18,13.742
2021-04-19,12.02
2021-04-20,17.347
2021-04-21,25.255
2021-04-22,33.519
2021-04-23,34.798
2021-04-24,25.926
2021-04-25,31.873
2021-04-26,68.778
2021-04-27,215.451
2021-04-28,97.421
2021-04-29,45.704
2021-04-30,42.86
2021-05-01,33.976
2021-05-02,36.826
2021-05-03,32.618
2021-05-04,13.521
2021-05-05,29.543
2021-05-06,37.587
2021-05-07,52.044
2021-05-08,81.892
2021-05-09,117.157
2021-05-10,207.7
2021-05-11,382.604
2021-05-12,221.325
2021-05-13,137.626
2021-05-14,116.67
2021-05-15,80.104
2021-05-16,77.664
2021-05-17,88.761
2021-05-18,93.58
2021-05-19,141.43
2021-05-20,77.849
2021-05-21,29.534
2021-05-22,83.703
2021-05-23,108.17
2021-05-24,75.574
2021-05-25,34.734
2021-05-26,27.009
2021-05-27,30.285
2021-05-28,26.702
2021-05-29,19.711
2021-05-30,18.955
2021-05-31,19.226
2021-06-01,19.035
2021-06-02,18.541
2021-06-03,18.426
2021-06-04,18.182
2021-06-05,18.795
2021-06-06,22.526
2021-06-07,24.665
2021-06-08,25.172
2021-06-09,28.363
2021-06-10,22.167
2021-06-11,18.05
2021-06-12,16.888
2021-06-13,16.683
2021-06-14,16.736
2021-06-15,16.598
2021-06-16,16.249
2021-06-17,16.45
2021-06-18,18.66
2021-06-19,21.336
2021-06-20,36.204
2021-06-21,28.788
2021-06-22,28.415
2021-06-23,26.083
2021-06-24,22.115
2021-06-25,23.441
2021-06-26,20.27
2021-06-27,14.649
2021-06-28,13.84
2021-06-29,13.583
2021-06-30,13.471
2021-07-01,13.399
2021-07-02,13.898
2021-07-03,16.023
2021-07-04,14.305
2021-07-05,13.715
2021-07-06,13.825
2021-07-07,13.462
2021-07-08,13.522
2021-07-09,16.868
2021-07-10,32.005
2021-07-11,23.573
2021-07-12,16.059
2021-07-13,21.222
2021-07-14,29.091
2021-07-15,20.784
2021-07-16,28.135
2021-07-17,26.016
2021-07-18,28.852
2021-07-19,19.037
2021-07-20,14.376
2021-07-21,10.986
2021-07-22,10.588
2021-07-23,10.586
2021-07-24,10.626
2021-07-25,10.275
2021-07-26,9.97
2021-07-27,9.718
2021-07-28,9.553
2021-07-29,9.504
2021-07-30,9.667
2021-07-31,10.188
2021-08-01,11.045
2021-08-02,11.348
2021-08-03,10.311
2021-08-04,9.155
2021-08-05,9.165
2021-08-06,9.088
2021-08-07,8.803
2021-08-08,8.625
2021-08-09,9.557
2021-08-10,13.092
2021-08-11,15.192
2021-08-12,16.169
2021-08-13,26.452
2021-08-14,48.798
2021-08-15,46.148
2021-08-16,49.781
2021-08-17,39.471
2021-08-18,32.87
2021-08-19,21.62
2021-08-20,10.905
2021-08-21,21.575
2021-08-22,24.606
2021-08-23,14.323
2021-08-24,12.512
2021-08-25,13.915
2021-08-26,10.212
2021-08-27,8.901
2021-08-28,8.819
2021-08-29,8.222
2021-08-30,7.137
2021-08-31,6.86
2021-09-01,7.539
2021-09-02,9.897
2021-09-03,13.345
2021-09-04,13.081
2021-09-05,18.752
2021-09-06,30.734
2021-09-07,32.078
2021-09-08,26.377
2021-09-09,29.821
2021-09-10,21.76
2021-09-11,49.433
2021-09-12,65.034
2021-09-13,46.945
2021-09-14,39.771
2021-09-15,24.513
2021-09-16,25.903
2021-09-17,68.766
2021-09-18,134.834
2021-09-19,122.974
2021-09-20,83.473
2021-09-21,64.07
2021-09-22,36.862
2021-09-23,66.885
2021-09-24,60.577
2021-09-25,45.307
2021-09-26,58.595
2021-09-27,66.91
2021-09-28,85.485
2021-09-29,54.096
2021-09-30,48.347
2021-10-01,41.768
2021-10-02,28.64
2021-10-03,42.644
2021-10-04,58.721
2021-10-05,82.627
2021-10-06,68.002
2021-10-07,67.948
2021-10-08,57.8
2021-10-09,44.309
2021-10-10,22.11
2021-10-11,11.477
2021-10-12,12.304
2021-10-13,33.508
2021-10-14,41.253
2021-10-15,44.312
2021-10-16,71.48
2021-10-17,42.353
2021-10-18,56.622
2021-10-19,54.156
2021-10-20,68.32
2021-10-21,88.448
2021-10-22,95.367
2021-10-23,91.932
2021-10-24,65.277
2021-10-25,30.387
2021-10-26,14.021
2021-10-27,11.943
2021-10-28,12.15
2021-10-29,16.659
2021-10-30,18.754
2021-10-31,14.345
2021-11-01,33.382
2021-11-02,25.048
2021-11-03,22.95
2021-11-04,31.71
2021-11-05,38.533
2021-11-06,17.885
2021-11-07,17.6
2021-11-08,19.74
2021-11-09,14.307
2021-11-10,12.437
2021-11-11,11.847
2021-11-12,11.576
2021-11-13,16.175
2021-11-14,14.396
2021-11-15,10.565
2021-11-16,10.793
2021-11-17,10.424
2021-11-18,10.12
2021-11-19,10.276
2021-11-20,10.732
2021-11-21,10.954
2021-11-22,9.935
2021-11-23,10.209
2021-11-24,11.45
2021-11-25,9.766
2021-11-26,9.411
2021-11-27,8.431
2021-11-28,21.787
2021-11-29,14.081
2021-11-30,11.995
2021-12-01,14.461
2021-12-02,13.697
2021-12-03,18.449
2021-12-04,10.412
2021-12-05,8.516
2021-12-06,9.562
2021-12-07,9.846
2021-12-08,10.59
2021-12-09,9.647
2021-12-10,8.394
2021-12-11,7.758
2021-12-12,8.419
2021-12-13,8.418
2021-12-14,7.792
2021-12-15,7.238
2021-12-16,7.184
2021-12-17,7.66
2021-12-18,8.222
2021-12-19,8.149
2021-12-20,7.697
2021-12-21,7.309
2021-12-22,7.274
2021-12-23,7.676
2021-12-24,7.845
2021-12-25,9.232
2021-12-26,10.255
2021-12-27,13.94
2021-12-28,19.447
2021-12-29,24.403
2021-12-30,21.448
2021-12-31,12.776
2022-01-01,8.345
2022-01-02,7.343
2022-01-03,7.154
2022-01-04,7.077
2022-01-05,6.743
2022-01-06,6.119
2022-01-07,5.73
2022-01-08,5.62
2022-01-09,5.57
2022-01-10,5.529
2022-01-11,5.497
2022-01-12,5.416
2022-01-13,5.38
2022-01-14,5.368
2022-01-15,5.327
2022-01-16,5.641
2022-01-17,6.678
2022-01-18,10.567
2022-01-19,12.335
2022-01-20,11.72
2022-01-21,13.543
2022-01-22,12.338
2022-01-23,7.621
2022-01-24,5.231
2022-01-25,4.89
2022-01-26,4.782
2022-01-27,4.684
2022-01-28,4.684
2022-01-29,4.685
2022-01-30,4.637
2022-01-31,4.595
2022-02-01,4.54
2022-02-02,4.569
2022-02-03,4.93
2022-02-04,5.791
2022-02-05,5.267
2022-02-06,4.894
2022-02-07,4.885
2022-02-08,4.831
2022-02-09,11.662
2022-02-10,13.011
2022-02-11,5.292
2022-02-12,4.325
2022-02-13,4.571
2022-02-14,5.013
2022-02-15,5.599
2022-02-16,5.549
2022-02-17,4.63
2022-02-18,4.086
2022-02-19,4.453
2022-02-20,4.584
2022-02-21,4.888
2022-02-22,5.449
2022-02-23,7.075
2022-02-24,11.214
2022-02-25,10.169
2022-02-26,4.58
2022-02-27,4.524
2022-02-28,5.688
2022-03-01,6.622
2022-03-02,9.89
2022-03-03,5.776
2022-03-04,3.738
2022-03-05,3.765
2022-03-06,3.745
2022-03-07,3.588
2022-03-08,3.502
2022-03-09,3.795
2022-03-10,4.241
2022-03-11,4.39
2022-03-12,4.285
2022-03-13,4.406
2022-03-14,4.055
2022-03-15,3.575
2022-03-16,3.727
2022-03-17,3.676
2022-03-18,4.201
2022-03-19,3.839
2022-03-20,3.18
2022-03-21,3.121
2022-03-22,3.133
2022-03-23,4.316
2022-03-24,10.078
2022-03-25,7.839
2022-03-26,6.135
2022-03-27,8.802
2022-03-28,18.074
2022-03-29,23.825
2022-03-30,25.357
2022-03-31,47.713
2022-04-01,49.435
2022-04-02,23.137
2022-04-03,9.339
2022-04-04,4.169
2022-04-05,3.642
2022-04-06,3.49
2022-04-07,3.43
2022-04-08,3.95
2022-04-09,4.375
2022-04-10,4.55
2022-04-11,4.144
2022-04-12,4.258
2022-04-13,6.312
2022-04-14,9.082
2022-04-15,8.778
2022-04-16,13.934
2022-04-17,33.495
2022-04-18,32.22
2022-04-19,19.96
2022-04-20,14.856
2022-04-21,24.242
2022-04-22,88.232
2022-04-23,92.998
2022-04-24,54.161
2022-04-25,40.399
2022-04-26,113.525
2022-04-27,132.049
2022-04-28,218.079
2022-04-29,217.645
2022-04-30,125.848
2022-05-01,122.644
2022-05-02,137.46
2022-05-03,211.711
2022-05-04,171.693
2022-05-05,104.23
2022-05-06,95.818
2022-05-07,89.048
2022-05-08,79.226
2022-05-09,67.693
2022-05-10,50.905
2022-05-11,51.571
2022-05-12,47.554
2022-05-13,32.658
2022-05-14,12.545
2022-05-15,6.163
2022-05-16,6.27
2022-05-17,7.43
2022-05-18,6.673
2022-05-19,6.103
2022-05-20,7.509
2022-05-21,9.015
2022-05-22,13.28
2022-05-23,10.735
2022-05-24,9.436
2022-05-25,7.187
2022-05-26,16.038
2022-05-27,20.913
2022-05-28,19.538
2022-05-29,36.312
2022-05-30,40.923
2022-05-31,55.287
2022-06-01,66.072
2022-06-02,76.51
2022-06-03,56.058
2022-06-04,16.565
2022-06-05,6.72
2022-06-06,5.372
2022-06-07,4.719
2022-06-08,4.548
2022-06-09,4.981
2022-06-10,6.368
2022-06-11,6.962
2022-06-12,5.758
2022-06-13,5.085
2022-06-14,4.568
2022-06-15,4.65
2022-06-16,4.636
2022-06-17,4.357
2022-06-18,4.174
2022-06-19,4.168
2022-06-20,4.624
2022-06-21,7.26
2022-06-22,8.183
2022-06-23,7.476
2022-06-24,5.298
2022-06-25,4.859
2022-06-26,5.492
2022-06-27,6.062
2022-06-28,5.89
2022-06-29,5.223
2022-06-30,4.668
2022-07-01,4.135
2022-07-02,3.703
2022-07-03,3.613
2022-07-04,3.573
2022-07-05,3.562
2022-07-06,3.453
2022-07-07,3.437
2022-07-08,3.414
2022-07-09,3.37
2022-07-10,3.384
2022-07-11,3.365
2022-07-12,3.359
2022-07-13,3.312
2022-07-14,3.299
2022-07-15,3.319
2022-07-16,3.357
2022-07-17,3.279
2022-07-18,3.348
2022-07-19,3.458
2022-07-20,3.311
2022-07-21,3.216
2022-07-22,3.295
2022-07-23,3.421
2022-07-24,3.384
2022-07-25,3.11
2022-07-26,3.261
2022-07-27,3.207
2022-07-28,3.052
2022-07-29,4.006
2022-07-30,7.676
2022-07-31,13.245
2022-08-01,17.685
2022-08-02,27.542
2022-08-03,42.993
2022-08-04,25.076
2022-08-05,21.012
2022-08-06,12.728
2022-08-07,8.712
2022-08-08,3.578
2022-08-09,3.137
2022-08-10,2.905
2022-08-11,2.778
2022-08-12,2.644
2022-08-13,2.945
2022-08-14,4.663
2022-08-15,8.314
2022-08-16,23.304
2022-08-17,66.35
2022-08-18,63.114
2022-08-19,77.287
2022-08-20,93.644
2022-08-21,78.273
2022-08-22,36.964
2022-08-23,8.268
2022-08-24,4.262
2022-08-25,4.036
2022-08-26,5.093
2022-08-27,5.236
2022-08-28,5.682
2022-08-29,18.565
2022-08-30,40.41
2022-08-31,64.386
2022-09-01,52.548
2022-09-02,46.632
2022-09-03,78.53
2022-09-04,62.875
2022-09-05,39.89
2022-09-06,28.285
2022-09-07,11.971
2022-09-08,21.248
2022-09-09,31.967
2022-09-10,14.424
2022-09-11,32.441
2022-09-12,58.202
2022-09-13,103.842
2022-09-14,153.102
2022-09-15,139.727
2022-09-16,67.974
2022-09-17,63.045
2022-09-18,68.974
2022-09-19,79.902
2022-09-20,54.054
2022-09-21,17.216
2022-09-22,5.164
2022-09-23,3.966
2022-09-24,5.582
2022-09-25,32.109
2022-09-26,73.198
2022-09-27,38.65
2022-09-28,36.273
2022-09-29,44.385
2022-09-30,48.14
2022-10-01,38.323
2022-10-02,31.21
2022-10-03,56.277
2022-10-04,41.563
2022-10-05,26.449
2022-10-06,11.835
2022-10-07,18.604
2022-10-08,27.367
2022-10-09,24.317
2022-10-10,41.111
2022-10-11,60.19
2022-10-12,43.41
2022-10-13,38.289
2022-10-14,41.534
2022-10-15,17.481
2022-10-16,9.164
2022-10-17,6.485
2022-10-18,10.5
2022-10-19,8.603
2022-10-20,13.085
2022-10-21,48.772
2022-10-22,68.628
2022-10-23,35.698
2022-10-24,18.694
2022-10-25,9.85
2022-10-26,5.72
2022-10-27,5.063
2022-10-28,5.135
2022-10-29,5.138
2022-10-30,11.72
2022-10-31,8.614
2022-11-01,9.695
2022-11-02,11.641
2022-11-03,30.374
2022-11-04,16.832
2022-11-05,25.598
2022-11-06,41.001
2022-11-07,59.058
2022-11-08,61.099
2022-11-09,94.073
2022-11-10,128.574
2022-11-11,73.603
2022-11-12,56.09
2022-11-13,60.497
2022-11-14,120.55
2022-11-15,137.163
2022-11-16,114.641
2022-11-17,88.45
2022-11-18,117.326
2022-11-19,78.42
2022-11-20,90.15
2022-11-21,74.724
2022-11-22,80.071
2022-11-23,102.01
2022-11-24,107.005
2022-11-25,56.924
2022-11-26,55.225
2022-11-27,49.957
2022-11-28,39.485
2022-11-29,28.493
2022-11-30,52.33
2022-12-01,58.947
2022-12-02,59.144
2022-12-03,70.368
2022-12-04,77.85
2022-12-05,42.205
2022-12-06,16.96
2022-12-07,14.775
2022-12-08,15.48
2022-12-09,17.487
2022-12-10,20.512
2022-12-11,32.535
2022-12-12,69.032
2022-12-13,66.046
2022-12-14,79.855
2022-12-15,77.35
2022-12-16,46.952
2022-12-17,82.206
2022-12-18,57.395
2022-12-19,23.018
2022-12-20,18.576
2022-12-21,16.966
2022-12-22,15.038
2022-12-23,20.021
2022-12-24,16.434
2022-12-25,20.71
2022-12-26,23.753
2022-12-27,25.07
2022-12-28,18.387
2022-12-29,12.316
2022-12-30,11.574
2022-12-31,10.917
2023-01-01,10.415
2023-01-02,10.581
2023-01-03,10.47
2023-01-04,10.107
2023-01-05,9.703
2023-01-06,9.383
2023-01-07,9.276
2023-01-08,9.125
2023-01-09,8.874
2023-01-10,8.728
2023-01-11,8.56
2023-01-12,8.602
2023-01-13,8.853
2023-01-14,9.692
2023-01-15,9.31
2023-01-16,9.362
2023-01-17,8.894
2023-01-18,7.652
2023-01-19,7.392
2023-01-20,7.224
2023-01-21,7.027
2023-01-22,7.072
2023-01-23,6.968
2023-01-24,6.886
2023-01-25,6.743
2023-01-26,6.769
2023-01-27,7.345
2023-01-28,7.935
2023-01-29,7.187
2023-01-30,6.467
2023-01-31,6.225
2023-02-01,5.971
2023-02-02,5.711
2023-02-03,5.77
2023-02-04,5.731
2023-02-05,5.583
2023-02-06,5.519
2023-02-07,5.296
2023-02-08,5.13
2023-02-09,5.089
2023-02-10,5.194
2023-02-11,5.802
2023-02-12,6.539
2023-02-13,6.395
2023-02-14,5.525
2023-02-15,4.78
2023-02-16,4.558
2023-02-17,4.464
2023-02-18,4.355
2023-02-19,4.265
2023-02-20,4.202
2023-02-21,4.165
2023-02-22,4.099
2023-02-23,4.036
2023-02-24,4.062
2023-02-25,4.291
2023-02-26,5.27
2023-02-27,5.932
2023-02-28,5.709
2023-03-01,6.855
2023-03-02,7.125
2023-03-03,11.718
2023-03-04,22.187
2023-03-05,19.089
2023-03-06,14.752
2023-03-07,10.394
2023-03-08,4.998
2023-03-09,4.072
2023-03-10,4.059
2023-03-11,5.941
2023-03-12,7.215
2023-03-13,17.85
2023-03-14,44.832
2023-03-15,54.251
2023-03-16,113.169
2023-03-17,86.814
2023-03-18,77.794
2023-03-19,107.753
2023-03-20,124.568
2023-03-21,63.246
2023-03-22,46.101
2023-03-23,36.321
2023-03-24,34.706
2023-03-25,22.728
2023-03-26,29.898
2023-03-27,46.022
2023-03-28,93.312
2023-03-29,84.813
2023-03-30,94.388
2023-03-31,60.82
2023-04-01,87.307
2023-04-02,103.893
2023-04-03,49.364
2023-04-04,14.113
2023-04-05,42.356
2023-04-06,49.534
2023-04-07,83.863
2023-04-08,98.415
2023-04-09,35.69
2023-04-10,11.074
2023-04-11,7.858
2023-04-12,9.738
2023-04-13,11.263
2023-04-14,9.485
2023-04-15,7.472
2023-04-16,23.908
2023-04-17,60.952
2023-04-18,60.732
2023-04-19,136.816
2023-04-20,149.966
2023-04-21,114.723
2023-04-22,70.899
2023-04-23,31.191
2023-04-24,22.57
2023-04-25,120.47
2023-04-26,136.6
2023-04-27,198.241
2023-04-28,97.084
2023-04-29,120.049
2023-04-30,141.692
2023-05-01,136.684
2023-05-02,153.984
2023-05-03,155.428
2023-05-04,88.617
2023-05-05,70.368
2023-05-06,91.342
2023-05-07,47.375
2023-05-08,41.243
2023-05-09,42.669
2023-05-10,44.648
2023-05-11,47.827
2023-05-12,51.126
2023-05-13,58.166
2023-05-14,46.287
2023-05-15,20.396
2023-05-16,13.989
2023-05-17,12.888
2023-05-18,13.697
2023-05-19,25.417
2023-05-20,24.097
2023-05-21,24.85
2023-05-22,19.539
2023-05-23,14.6
2023-05-24,13.228
2023-05-25,13.277
2023-05-26,19.846
2023-05-27,26.286
2023-05-28,25.211
2023-05-29,20.494
2023-05-30,15.891
2023-05-31,13.013
2023-06-01,14.83
2023-06-02,19.705
2023-06-03,14.248
2023-06-04,11.71
2023-06-05,11.328
2023-06-06,11.165
2023-06-07,19.216
2023-06-08,22.743
2023-06-09,16.09
2023-06-10,10.538
2023-06-11,11.228
2023-06-12,12.181
2023-06-13,11.921
2023-06-14,14.155
2023-06-15,11.518
2023-06-16,10.273
2023-06-17,9.412
2023-06-18,24.066
2023-06-19,22.048
2023-06-20,15.185
2023-06-21,13.142
2023-06-22,27.071
2023-06-23,41.177
2023-06-24,50.889
2023-06-25,61.782
2023-06-26,50.53
2023-06-27,75.499
2023-06-28,147.501
2023-06-29,98.269
2023-06-30,43.807
2023-07-01,15.095
2023-07-02,24.01
2023-07-03,18.919
2023-07-04,12.264
2023-07-05,13.429
2023-07-06,24.505
2023-07-07,36.445
2023-07-08,25.036
2023-07-09,21.716
2023-07-10,18.78
2023-07-11,22.434
2023-07-12,15.91
2023-07-13,11.068
2023-07-14,27.071
2023-07-15,16.253
2023-07-16,12.767
2023-07-17,8.346
2023-07-18,7.768
2023-07-19,7.259
2023-07-20,7.102
2023-07-21,6.981
2023-07-22,6.87
2023-07-23,6.825
2023-07-24,6.803
2023-07-25,6.762
2023-07-26,6.803
2023-07-27,6.995
2023-07-28,7.971
2023-07-29,6.579
2023-07-30,6.435
2023-07-31,6.614
2023-08-01,6.954
2023-08-02,15.985
2023-08-03,24.163
2023-08-04,40.31
2023-08-05,17.957
2023-08-06,10.547
2023-08-07,9.84
2023-08-08,8.478
2023-08-09,9.109
2023-08-10,7.851
2023-08-11,8.056
2023-08-12,18.352
2023-08-13,20.06
2023-08-14,21.566
2023-08-15,13.072
2023-08-16,6.68
2023-08-17,5.85
2023-08-18,7.7
2023-08-19,44.992
2023-08-20,30.853
2023-08-21,15.858
2023-08-22,11.263
2023-08-23,8.89
2023-08-24,6.964
2023-08-25,7.261
2023-08-26,7.175
2023-08-27,6.668
2023-08-28,6.673
2023-08-29,10.523
2023-08-30,34.083
2023-08-31,17.481
2023-09-01,7.92
2023-09-02,18.475
2023-09-03,11.288
2023-09-04,6.463
2023-09-05,6.79
2023-09-06,20.125
2023-09-07,58.435
2023-09-08,25.484
2023-09-09,16.641
2023-09-10,14.849
2023-09-11,11.698
2023-09-12,41.213
2023-09-13,25.16
2023-09-14,42.134
2023-09-15,36.538
2023-09-16,48.326
2023-09-17,36.27
2023-09-18,67.596
2023-09-19,62.066
2023-09-20,50.572
2023-09-21,51.592
2023-09-22,45.736
2023-09-23,33.688
2023-09-24,48.25
2023-09-25,34.979
2023-09-26,22.942
2023-09-27,53.033
2023-09-28,54.567
2023-09-29,40.96
2023-09-30,28.406
2023-10-01,30.235
2023-10-02,20.813
2023-10-03,26.939
2023-10-04,24.113
2023-10-05,19.362
2023-10-06,21.228
2023-10-07,20.13
2023-10-08,32.979
2023-10-09,36.28
2023-10-10,42.369
2023-10-11,43.739
2023-10-12,42.099
2023-10-13,52.592
2023-10-14,33.241
2023-10-15,26.112
2023-10-16,20.699
2023-10-17,36.699
2023-10-18,49.722
2023-10-19,32.772
2023-10-20,49.722
2023-10-21,94.692
2023-10-22,95.415
2023-10-23,80.135
2023-10-24,43.756
2023-10-25,32.209
2023-10-26,45.459
2023-10-27,45.596
2023-10-28,51.81
2023-10-29,157.026
2023-10-30,111.548
2023-10-31,138.661
2023-11-01,118.663
2023-11-02,114.825
2023-11-03,154.57
2023-11-04,161.427
2023-11-05,197.528
2023-11-06,197.06
2023-11-07,176.851
2023-11-08,257.911
2023-11-09,255.119
2023-11-10,66.65
2023-11-11,38.134
2023-11-12,44.264
2023-11-13,48.794
2023-11-14,70.506
2023-11-15,123.679
2023-11-16,200.689
2023-11-17,212.805
2023-11-18,305.115
2023-11-19,537.11
2023-11-20,542.96
2023-11-21,430.805
2023-11-22,478.391
2023-11-23,334.377
2023-11-24,259.245
2023-11-25,177.117
2023-11-26,139.034
2023-11-27,163.502
2023-11-28,273.855
2023-11-29,213.572
2023-11-30,160.178
2023-12-01,173.127
2023-12-02,161.232
2023-12-03,100.573
2023-12-04,56.33
2023-12-05,62.042
2023-12-06,86.437
2023-12-07,93.276
2023-12-08,101.629
2023-12-09,140.559
2023-12-10,120.973
2023-12-11,119.166
2023-12-12,192.785
2023-12-13,136.242
2023-12-14,159.14
2023-12-15,133.159
2023-12-16,117.629
2023-12-17,66.33
2023-12-18,51.4
2023-12-19,66.502
2023-12-20,56.312
2023-12-21,44.094
2023-12-22,34.761
2023-12-23,32.851
2023-12-24,32.041
2023-12-25,31.655
2023-12-26,31.639
2023-12-27,32.589
2023-12-28,36.452
2023-12-29,33.514
2023-12-30,28.703
2023-12-31,27.631
2024-01-01,27.22
2024-01-02,27.732
2024-01-03,30.425
2024-01-04,40.442
2024-01-05,43.207
2024-01-06,38.474
2024-01-07,28.357
2024-01-08,23.527
2024-01-09,22.546
2024-01-10,22.015
2024-01-11,21.578
2024-01-12,21.221
2024-01-13,21.02
2024-01-14,20.882
2024-01-15,21.252
2024-01-16,22.572
2024-01-17,22.213
2024-01-18,21.735
2024-01-19,20.971
2024-01-20,20.248
2024-01-21,18.294
2024-01-22,17.76
2024-01-23,17.456
2024-01-24,17.15
2024-01-25,16.799
2024-01-26,16.471
2024-01-27,16.279
2024-01-28,16.026
2024-01-29,15.994
2024-01-30,15.938
2024-01-31,15.415
2024-02-01,15.065
2024-02-02,14.475
2024-02-03,14.189
2024-02-04,14.113
2024-02-05,14.092
2024-02-06,14.027
2024-02-07,14.275
2024-02-08,13.961
2024-02-09,13.556
2024-02-10,12.773
2024-02-11,12.748
2024-02-12,13.23
2024-02-13,12.903
2024-02-14,13.219
2024-02-15,13.342
2024-02-16,12.831
2024-02-17,13.945
2024-02-18,13.905
2024-02-19,13.811
2024-02-20,12.148
2024-02-21,10.774
2024-02-22,10.282
2024-02-23,10.16
2024-02-24,10.157
2024-02-25,9.972
2024-02-26,9.638
2024-02-27,9.788
2024-02-28,11.13
2024-02-29,13.325
2024-03-01,13.379
2024-03-02,13.843
2024-03-03,19.1
2024-03-04,21.226
2024-03-05,14.745
2024-03-06,13.066
2024-03-07,16.203
2024-03-08,16.408
2024-03-09,14.087
2024-03-10,12.426
2024-03-11,10.435
2024-03-12,12.493
2024-03-13,12.763
2024-03-14,15.685
2024-03-15,10.633
2024-03-16,7.649
2024-03-17,7.657
2024-03-18,8.028
2024-03-19,7.881
2024-03-20,7.352
2024-03-21,6.993
2024-03-22,6.877
2024-03-23,6.783
2024-03-24,6.602
2024-03-25,7.605
2024-03-26,11.661
2024-03-27,21.025
2024-03-28,19.565
2024-03-29,48.552
2024-03-30,31.861
2024-03-31,10.799
2024-04-01,22.175
2024-04-02,31.22
2024-04-03,32.208
2024-04-04,114.239
2024-04-05,126.145
2024-04-06,68.231
2024-04-07,56.416
2024-04-08,112.778
2024-04-09,170.036
2024-04-10,121.552
2024-04-11,66.154
2024-04-12,91.585
2024-04-13,73.353
2024-04-14,82.278
2024-04-15,116.949
2024-04-16,85.909
2024-04-17,47.218
2024-04-18,27.331
2024-04-19,22.533
2024-04-20,18.331
2024-04-21,14.768
2024-04-22,21.154
2024-04-23,18.643
2024-04-24,13.406
2024-04-25,34.124
2024-04-26,35.425
2024-04-27,46.212
2024-04-28,47.348
2024-04-29,37.61
2024-04-30,31.084
2024-05-01,17.746
2024-05-02,33.732
2024-05-03,22.945
2024-05-04,37.004
2024-05-05,47.028
2024-05-06,72.519
2024-05-07,45.53
2024-05-08,72.65
2024-05-09,40.938
2024-05-10,19.385
2024-05-11,56.084
2024-05-12,83.038
2024-05-13,99.971
2024-05-14,74.891
2024-05-15,35.505
2024-05-16,17.673
2024-05-17,17.297
2024-05-18,12.991
2024-05-19,7.957
2024-05-20,7.902
2024-05-21,9.647
2024-05-22,16.079
2024-05-23,20.033
2024-05-24,34.399
2024-05-25,59.824
2024-05-26,44.735
2024-05-27,29.82
2024-05-28,16.539
2024-05-29,18.965
2024-05-30,16.932
2024-05-31,8.054
2024-06-01,7.17
2024-06-02,9.737
2024-06-03,7.45
2024-06-04,7.105
2024-06-05,7.452
2024-06-06,8.143
2024-06-07,12.485
2024-06-08,23.625
2024-06-09,22.274
2024-06-10,14.949
2024-06-11,38.786
2024-06-12,28.084
2024-06-13,7.86
2024-06-14,9.461
2024-06-15,7.065
2024-06-16,6.307
2024-06-17,6.08
2024-06-18,6.37
2024-06-19,16.238
2024-06-20,14.51
2024-06-21,7.573
2024-06-22,7.25
2024-06-23,6.798
2024-06-24,7.722
2024-06-25,6.358
2024-06-26,5.593
2024-06-27,5.404
2024-06-28,5.332
2024-06-29,5.29
2024-06-30,5.254
2024-07-01,5.22
2024-07-02,5.124
2024-07-03,4.958
2024-07-04,4.887
2024-07-05,4.847
2024-07-06,4.81
2024-07-07,4.879
2024-07-08,5.268
2024-07-09,9.239
2024-07-10,6.546
2024-07-11,6.448
2024-07-12,8.488
2024-07-13,10.841
2024-07-14,13.147
2024-07-15,8.338
2024-07-16,6.873
2024-07-17,6.233
2024-07-18,21.963
2024-07-19,15.615
2024-07-20,25.705
2024-07-21,19.772
2024-07-22,37.682
2024-07-23,55.288
2024-07-24,86.322
2024-07-25,32.368
2024-07-26,32.635
2024-07-27,34.635
2024-07-28,10.812
2024-07-29,5.547
2024-07-30,6.168
2024-07-31,11.939
2024-08-01,26.392
2024-08-02,71.458
2024-08-03,32.93
2024-08-04,30.425
2024-08-05,18.255
2024-08-06,7.899
2024-08-07,7.065
2024-08-08,6.75
2024-08-09,5.416
2024-08-10,19.275
2024-08-11,32.864
2024-08-12,64.056
2024-08-13,30.838
2024-08-14,79.725
2024-08-15,32.722
2024-08-16,42.357
2024-08-17,37.482
2024-08-18,43.3
2024-08-19,57.231
2024-08-20,96.922
2024-08-21,39.24
2024-08-22,41.395
2024-08-23,45.146
2024-08-24,29.549
2024-08-25,11.108
2024-08-26,12.532
2024-08-27,19.29
2024-08-28,17.45
2024-08-29,14.985
2024-08-30,21.145
2024-08-31,23.702
2024-09-01,35.878
2024-09-02,37.515
2024-09-03,58.813
2024-09-04,52.57
2024-09-05,25.603
2024-09-06,30.945
2024-09-07,28.442
2024-09-08,52.592
2024-09-09,46.801
2024-09-10,39.527
2024-09-11,46.062
2024-09-12,26.0
2024-09-13,18.251
2024-09-14,32.944
2024-09-15,44.487
2024-09-16,35.265
2024-09-17,32.591
2024-09-18,18.563
2024-09-19,41.665
2024-09-20,24.19
2024-09-21,42.621
2024-09-22,80.94
2024-09-23,55.2
2024-09-24,55.209
2024-09-25,75.095
2024-09-26,65.676
2024-09-27,57.691
2024-09-28,53.301
2024-09-29,29.129
2024-09-30,21.575
2024-10-01,23.743
2024-10-02,35.019
2024-10-03,74.562
2024-10-04,85.978
2024-10-05,92.633
2024-10-06,49.81
2024-10-07,25.809
2024-10-08,19.672
2024-10-09,53.568
2024-10-10,93.014
2024-10-11,77.554
2024-10-12,84.598
2024-10-13,103.957
2024-10-14,86.446
2024-10-15,55.224
2024-10-16,48.255
2024-10-17,73.872
2024-10-18,83.045
2024-10-19,44.898
2024-10-20,75.115
2024-10-21,52.592
2024-10-22,89.011
2024-10-23,169.769
2024-10-24,144.054
2024-10-25,168.118
2024-10-26,125.123
2024-10-27,30.261
2024-10-28,25.235
2024-10-29,35.513
2024-10-30,52.204
2024-10-31,26.13
2024-11-01,19.425
2024-11-02,49.734
2024-11-03,130.1
2024-11-04,86.423
2024-11-05,100.28
2024-11-06,105.436
2024-11-07,97.111
2024-11-08,54.312
2024-11-09,36.741
2024-11-10,46.165
2024-11-11,40.99
2024-11-12,33.747
2024-11-13,34.037
2024-11-14,70.234
2024-11-15,35.95
2024-11-16,29.138
2024-11-17,27.578
2024-11-18,53.171
2024-11-19,45.181
2024-11-20,34.357
2024-11-21,30.036
2024-11-22,115.05
2024-11-23,227.911
2024-11-24,191.999
2024-11-25,231.395
2024-11-26,222.505
2024-11-27,181.802
2024-11-28,149.624
2024-11-29,409.044
2024-11-30,405.605
2024-12-01,445.565
2024-12-02,270.318
2024-12-03,80.055
2024-12-04,54.505
2024-12-05,37.255
2024-12-06,33.433
2024-12-07,30.401
2024-12-08,28.454
2024-12-09,26.735
2024-12-10,25.345
2024-12-11,24.158
2024-12-12,23.279
2024-12-13,22.345
2024-12-14,21.374
2024-12-15,20.636
2024-12-16,20.263
2024-12-17,20.214
2024-12-18,19.442
2024-12-19,18.789
2024-12-20,18.64
2024-12-21,19.385
2024-12-22,26.732
2024-12-23,28.595
2024-12-24,32.397
2024-12-25,34.461
2024-12-26,46.348
2024-12-27,54.366
2024-12-28,29.27
2024-12-29,19.84
2024-12-30,18.758
2024-12-31,14.307
2025-01-01,12.682083
2025-01-02,12.317917
2025-01-03,12.024167
2025-01-04,11.825001
2025-01-05,11.627083
2025-01-06,11.482082
2025-01-07,11.317082
2025-01-08,11.182918
2025-01-09,10.993751
2025-01-10,10.625417
2025-01-11,10.484165
2025-01-12,10.5704155
2025-01-13,10.935417
2025-01-14,10.9075
2025-01-15,10.531249
2025-01-16,9.83125
2025-01-17,9.401668
2025-01-18,9.041667
2025-01-19,8.851251
2025-01-20,8.722083
2025-01-21,8.596666
2025-01-22,8.473332
2025-01-23,8.402083
2025-01-24,8.648749
2025-01-25,9.315416
2025-01-26,10.921249
2025-01-27,10.020833
2025-01-28,8.945833
2025-01-29,8.36625
2025-01-30,7.4766674
2025-01-31,7.251667
2025-02-01,7.0850005
2025-02-02,7.0137496
2025-02-03,7.006666
2025-02-04,7.620001
2025-02-05,7.5891666
2025-02-06,7.456667
2025-02-07,6.794167
2025-02-08,6.6524997
2025-02-09,6.5674996
2025-02-10,6.6570835
2025-02-11,7.1916676
2025-02-12,7.7079163
2025-02-13,7.3541675
2025-02-14,6.6425
2025-02-15,6.304167
2025-02-16,6.1216674
2025-02-17,6.244167
2025-02-18,6.047499
2025-02-19,5.744167
2025-02-20,5.83625
2025-02-21,6.206249
2025-02-22,5.7808337
2025-02-23,5.2458334
2025-02-24,5.09
2025-02-25,4.985417
2025-02-26,4.9912505
2025-02-27,4.9224997
2025-02-28,4.879999
2025-03-01,4.791667
2025-03-02,4.6241665
2025-03-03,4.562083
2025-03-04,4.5354166
2025-03-05,4.452083
2025-03-06,4.5970836
2025-03-07,4.721667
2025-03-08,4.5754166
2025-03-09,4.444999
2025-03-10,4.6220837
2025-03-11,4.9324994
2025-03-12,5.835833
2025-03-13,6.340833
2025-03-14,6.0020833
2025-03-15,5.515417
2025-03-16,5.3195834
2025-03-17,5.1333337
2025-03-18,4.9358335
2025-03-19,5.567084
2025-03-20,7.325001
2025-03-21,13.72792
2025-03-22,14.547917
2025-03-23,12.702083
2025-03-24,11.001251
2025-03-25,7.440417
2025-03-26,7.0325
2025-03-27,6.1233344
2025-03-28,7.6225
2025-03-29,64.31667
2025-03-30,328.28543
2025-03-31,119.28918
2025-04-01,41.917084
2025-04-02,34.56625
2025-04-03,18.587917
2025-04-04,6.7412505
2025-04-05,6.0254173
2025-04-06,8.924583
2025-04-07,25.1775
2025-04-08,60.680832
2025-04-09,65.03208
2025-04-10,34.742085
2025-04-11,14.226668
2025-04-12,15.538333
2025-04-13,21.175417
2025-04-14,84.34667
2025-04-15,58.98083
2025-04-16,86.03167
2025-04-17,97.30457
2025-04-18,154.3229
2025-04-19,219.76625
2025-04-20,128.02876
2025-04-21,52.243336
2025-04-22,55.652084
2025-04-23,39.112915
2025-04-24,19.235003
2025-04-25,23.558752
2025-04-26,23.098333
2025-04-27,20.589998
2025-04-28,19.895418
2025-04-29,11.138751
2025-04-30,5.2441664
2025-05-01,6.5183334
2025-05-02,11.886668
2025-05-03,29.396248
2025-05-04,25.754168
2025-05-05,13.150416
2025-05-06,7.497083
2025-05-07,21.797499
2025-05-08,38.12417
2025-05-09,47.22333
2025-05-10,36.77125
2025-05-11,53.373753
2025-05-12,32.517498
2025-05-13,15.117499
2025-05-14,15.92625
2025-05-15,33.990414
2025-05-16,29.475838
2025-05-17,23.539167
2025-05-18,17.360834
2025-05-19,14.691249
2025-05-20,9.755835
2025-05-21,8.1825
2025-05-22,13.386665
2025-05-23,29.649582
2025-05-24,57.36417
2025-05-25,124.33541
2025-05-26,89.69918
2025-05-27,66.57082
2025-05-28,44.108753
2025-05-29,20.633749
2025-05-30,36.74125
2025-05-31,46.242085
2025-06-01,40.458332
2025-06-02,19.302916
2025-06-03,18.797916
2025-06-04,18.355
2025-06-05,13.789166
2025-06-06,10.7212515
2025-06-07,32.80333
2025-06-08,67.7725
2025-06-09,51.605
2025-06-10,57.24584
2025-06-11,50.36958
2025-06-12,34.52666
2025-06-13,20.356665
2025-06-14,9.93625
2025-06-15,6.4983335
2025-06-16,4.961667
2025-06-17,4.622083
2025-06-18,4.2149997
2025-06-19,4.173333
2025-06-20,5.0141673
2025-06-21,8.697499
2025-06-22,8.329583
2025-06-23,7.5779157
2025-06-24,6.1354165
2025-06-25,4.917917
2025-06-26,7.006666
2025-06-27,9.5575
2025-06-28,5.298333
2025-06-29,4.8291664
2025-06-30,5.56375
2025-07-01,26.0775
2025-07-02,13.701667
2025-07-03,6.249167
2025-07-04,6.0791664
2025-07-05,5.1891665
2025-07-06,5.7791667
2025-07-07,5.956667
2025-07-08,7.289167
2025-07-09,9.588333
2025-07-10,10.9470825
2025-07-11,25.990416
2025-07-12,28.117918
2025-07-13,40.516663
2025-07-14,30.060415
2025-07-15,32.582916
2025-07-16,31.920418
2025-07-17,54.56041
2025-07-18,54.58
2025-07-19,36.951252
2025-07-20,38.965
2025-07-21,37.44958
2025-07-22,15.288333
2025-07-23,15.669998
2025-07-24,44.87625
2025-07-25,19.146667
2025-07-26,5.9795833
2025-07-27,12.974584
2025-07-28,13.527916
2025-07-29,5.8291664
2025-07-30,4.148333
2025-07-31,3.9925003
2025-08-01,4.000834
2025-08-02,3.9870834
2025-08-03,3.9291668
2025-08-04,3.9954166
2025-08-05,5.2575
2025-08-06,5.21625
2025-08-07,7.4420834
2025-08-08,7.862499
2025-08-09,16.48042
2025-08-10,27.58875
2025-08-11,74.19708
2025-08-12,72.791664
2025-08-13,91.033325
2025-08-14,118.07958
2025-08-15,60.04291
2025-08-16,54.68334
2025-08-17,64.83375
2025-08-18,90.40624
2025-08-19,164.30167
2025-08-20,281.60504
2025-08-21,133.79124
2025-08-22,67.7025
2025-08-23,49.65666
2025-08-24,28.367083
2025-08-25,8.960417
2025-08-26,8.952499
2025-08-27,36.292084
2025-08-28,81.197914
2025-08-29,85.350006
2025-08-30,37.189583
2025-08-31,17.436665
2025-09-01,18.800833
2025-09-02,18.578747
2025-09-03,8.50875
2025-09-04,8.013333
2025-09-05,18.720417
2025-09-06,18.431252
2025-09-07,21.195417
2025-09-08,17.865
2025-09-09,12.436667
2025-09-10,17.939583
2025-09-11,22.187502
2025-09-12,33.326664
2025-09-13,31.274168
2025-09-14,32.72375
2025-09-15,35.870415
2025-09-16,16.921665
2025-09-17,15.227917
2025-09-18,35.037914
2025-09-19,41.80792
2025-09-20,68.45293
2025-09-21,37.903336
2025-09-22,14.755834
2025-09-23,10.724167
2025-09-24,24.683332
2025-09-25,13.470834
2025-09-26,28.16667
2025-09-27,41.06542
2025-09-28,25.997084
2025-09-29,34.665417
2025-09-30,54.453335
2025-10-01,45.062923
2025-10-02,65.729164
2025-10-03,95.341255
2025-10-04,30.561663
2025-10-05,54.38541
2025-10-06,47.4175
2025-10-07,103.91043
2025-10-08,141.0554
2025-10-09,130.16377
2025-10-10,58.960827
2025-10-11,59.111668
2025-10-12,40.812084
2025-10-13,25.245417
2025-10-14,21.816666
2025-10-15,14.081248
2025-10-16,16.19375
2025-10-17,20.077919
2025-10-18,28.963747
2025-10-19,76.38917
2025-10-20,48.895
2025-10-21,41.76167
2025-10-22,69.76958
2025-10-23,58.797924
2025-10-24,97.19625
2025-10-25,68.49875
2025-10-26,49.81583
2025-10-27,56.948742
2025-10-28,65.50292
2025-10-29,86.78458
2025-10-30,138.70958
2025-10-31,151.50499
2025-11-01,125.895836
2025-11-02,94.27625
2025-11-03,156.59917
2025-11-04,113.137505
2025-11-05,75.517494
2025-11-06,43.900005
2025-11-07,31.130835
2025-11-08,28.894163
2025-11-09,42.027916
2025-11-10,84.67916
2025-11-11,73.35458
2025-11-12,78.44918
2025-11-13,43.67917
2025-11-14,25.665833
2025-11-15,24.866669
2025-11-16,22.354998
2025-11-17,19.198332
2025-11-18,20.0025
2025-11-19,21.32208
2025-11-20,24.1075
2025-11-21,19.928335
2025-11-22,17.3825
2025-11-23,17.780832
2025-11-24,15.945831
2025-11-25,15.225833
2025-11-26,14.674998
2025-11-27,14.126666
2025-11-28,13.572499
2025-11-29,13.297082
2025-11-30,12.857915
2025-12-01,12.482082
2025-12-02,12.107083
2025-12-03,11.672084
2025-12-04,11.315
2025-12-05,11.019166
2025-12-06,10.734168
2025-12-07,10.575833
2025-12-08,10.806667
2025-12-09,11.419999
2025-12-10,11.415416
2025-12-11,10.465833
2025-12-12,10.073333
2025-12-13,10.027916
2025-12-14,10.754582
2025-12-15,12.202916
2025-12-16,11.555833
2025-12-17,14.6987505
2025-12-18,15.804166
2025-12-19,11.065834
2025-12-20,10.676666
2025-12-21,10.239583
2025-12-22,9.282499
2025-12-23,9.791249
2025-12-24,12.145833
2025-12-25,13.072498
2025-12-26,14.09125
2025-12-27,12.424167
2025-12-28,11.042085
2025-12-29,9.361666
2025-12-30,11.185417
2025-12-31,10.051251
2026-01-01,8.572084
2026-01-02,12.425418
2026-01-03,18.051664
2026-01-04,8.389167
2026-01-05,6.625
2026-01-06,6.6158338
2026-01-07,6.447084
2026-01-08,6.272501
2026-01-09,6.6483326
2026-01-10,6.752917
2026-01-11,6.075834
2026-01-12,5.834166
2026-01-13,7.0404162
2026-01-14,10.044583
2026-01-15,11.181667
2026-01-16,17.142916
2026-01-17,14.794169
2026-01-18,6.3233323
2026-01-19,5.1462502
2026-01-20,5.1079164
2026-01-21,5.17625
2026-01-22,5.4516673
2026-01-23,5.403333
2026-01-24,5.019584
2026-01-25,4.9224997
2026-01-26,4.905417
2026-01-27,5.063334
2026-01-28,4.915833
2026-01-29,4.6225
2026-01-30,5.00375
2026-01-31,5.1375
2026-02-01,4.993333
2026-02-02,4.5325
2026-02-03,4.424167
2026-02-04,4.4216666
2026-02-05,4.34625
2026-02-06,4.5258336
2026-02-07,5.2612495
2026-02-08,5.7537503
2026-02-09,7.522917
2026-02-10,9.993333
2026-02-11,23.433748
2026-02-12,16.829165
2026-02-13,10.202084
2026-02-14,6.918751
2026-02-15,12.7625
2026-02-16,20.952915
2026-02-17,12.9591675
2026-02-18,11.585416
2026-02-19,32.871666
2026-02-20,72.38042
2026-02-21,61.62084
2026-02-22,51.21667
2026-02-23,78.74917
2026-02-24,47.288754
2026-02-25,32.836666
2026-02-26,24.655
2026-02-27,18.459166
2026-02-28,6.2516665
2026-03-01,4.6337504
2026-03-02,11.676665
2026-03-03,16.410414
2026-03-04,11.765
2026-03-05,18.42125
2026-03-06,28.290415
2026-03-07,19.393751
2026-03-08,27.344168
2026-03-09,29.697084
2026-03-10,52.187496
2026-03-11,38.6375
2026-03-12,16.015
2026-03-13,10.396667
2026-03-14,9.315
2026-03-15,11.673749
2026-03-16,30.867086
2026-03-17,19.258337
2026-03-18,7.5499997
2026-03-19,6.8370833
2026-03-20,27.052086
2026-03-21,52.695835
2026-03-22,84.37333
2026-03-23,64.73043
2026-03-24,59.690414
2026-03-25,83.73167
2026-03-26,73.31833
2026-03-27,131.30669
2026-03-28,117.14417
2026-03-29,54.555832
2026-03-30,62.843338
2026-03-31,67.42375
2026-04-01,37.69333
2026-04-02,40.930416
2026-04-03,34.75458
2026-04-04,47.0125
2026-04-05,39.391666
2026-04-06,13.824166
2026-04-07,66.80751
2026-04-08,56.827923
2026-04-09,31.228746
2026-04-10,18.119999
2026-04-11,7.894584
2026-04-12,8.407084
2026-04-13,9.523751
2026-04-14,25.829582
2026-04-15,16.19875
2026-04-16,10.136666
2026-04-17,16.20875
2026-04-18,43.618748
2026-04-19,52.09875
2026-04-20,31.28083
2026-04-21,14.857082
