Datetime,Retrospective Discharge (m3/s)
1940-01-01,2.812
1940-01-02,6.47
1940-01-03,9.973
1940-01-04,15.123
1940-01-05,19.487
1940-01-06,20.731
1940-01-07,20.614
1940-01-08,20.52
1940-01-09,21.66
1940-01-10,21.816
1940-01-11,24.949
1940-01-12,25.001
1940-01-13,26.545
1940-01-14,22.466
1940-01-15,20.557
1940-01-16,18.497
1940-01-17,17.875
1940-01-18,17.57
1940-01-19,17.304
1940-01-20,17.033
1940-01-21,16.768
1940-01-22,16.502
1940-01-23,16.266
1940-01-24,16.291
1940-01-25,16.585
1940-01-26,19.138
1940-01-27,18.919
1940-01-28,18.804
1940-01-29,23.741
1940-01-30,21.66
1940-01-31,21.024
1940-02-01,21.846
1940-02-02,18.259
1940-02-03,21.42
1940-02-04,20.722
1940-02-05,18.017
1940-02-06,19.042
1940-02-07,17.747
1940-02-08,19.292
1940-02-09,17.562
1940-02-10,13.899
1940-02-11,12.906
1940-02-12,12.657
1940-02-13,12.514
1940-02-14,12.473
1940-02-15,12.718
1940-02-16,12.935
1940-02-17,13.172
1940-02-18,12.329
1940-02-19,11.733
1940-02-20,11.451
1940-02-21,11.299
1940-02-22,11.171
1940-02-23,10.992
1940-02-24,10.838
1940-02-25,10.819
1940-02-26,11.188
1940-02-27,11.672
1940-02-28,12.088
1940-02-29,12.568
1940-03-01,12.509
1940-03-02,11.648
1940-03-03,12.122
1940-03-04,11.955
1940-03-05,10.951
1940-03-06,10.598
1940-03-07,14.711
1940-03-08,21.975
1940-03-09,16.854
1940-03-10,12.309
1940-03-11,15.703
1940-03-12,16.453
1940-03-13,23.806
1940-03-14,52.672
1940-03-15,75.182
1940-03-16,45.845
1940-03-17,61.159
1940-03-18,57.451
1940-03-19,64.397
1940-03-20,69.415
1940-03-21,64.368
1940-03-22,102.91
1940-03-23,99.957
1940-03-24,61.769
1940-03-25,36.202
1940-03-26,25.481
1940-03-27,14.881
1940-03-28,10.665
1940-03-29,9.621
1940-03-30,9.008
1940-03-31,8.846
1940-04-01,8.961
1940-04-02,10.572
1940-04-03,13.917
1940-04-04,12.537
1940-04-05,13.165
1940-04-06,11.329
1940-04-07,10.061
1940-04-08,10.219
1940-04-09,11.215
1940-04-10,12.535
1940-04-11,16.573
1940-04-12,11.981
1940-04-13,8.784
1940-04-14,8.461
1940-04-15,8.457
1940-04-16,8.484
1940-04-17,8.618
1940-04-18,8.534
1940-04-19,8.549
1940-04-20,8.435
1940-04-21,8.744
1940-04-22,9.714
1940-04-23,9.423
1940-04-24,10.335
1940-04-25,10.46
1940-04-26,11.662
1940-04-27,11.042
1940-04-28,14.815
1940-04-29,15.839
1940-04-30,18.038
1940-05-01,18.797
1940-05-02,23.321
1940-05-03,18.544
1940-05-04,32.245
1940-05-05,39.832
1940-05-06,64.632
1940-05-07,64.622
1940-05-08,61.833
1940-05-09,39.713
1940-05-10,24.424
1940-05-11,21.967
1940-05-12,30.345
1940-05-13,24.554
1940-05-14,27.108
1940-05-15,25.089
1940-05-16,35.528
1940-05-17,26.086
1940-05-18,21.166
1940-05-19,15.502
1940-05-20,19.063
1940-05-21,17.156
1940-05-22,32.235
1940-05-23,36.075
1940-05-24,48.471
1940-05-25,58.186
1940-05-26,40.744
1940-05-27,26.585
1940-05-28,22.576
1940-05-29,21.322
1940-05-30,22.466
1940-05-31,15.225
1940-06-01,15.201
1940-06-02,15.22
1940-06-03,15.29
1940-06-04,16.894
1940-06-05,16.118
1940-06-06,15.772
1940-06-07,15.31
1940-06-08,15.115
1940-06-09,15.104
1940-06-10,14.84
1940-06-11,14.66
1940-06-12,14.592
1940-06-13,14.74
1940-06-14,14.665
1940-06-15,14.708
1940-06-16,14.565
1940-06-17,15.731
1940-06-18,17.778
1940-06-19,18.247
1940-06-20,20.101
1940-06-21,28.818
1940-06-22,29.17
1940-06-23,36.354
1940-06-24,37.38
1940-06-25,38.868
1940-06-26,32.435
1940-06-27,22.917
1940-06-28,15.37
1940-06-29,14.286
1940-06-30,14.535
1940-07-01,13.928
1940-07-02,13.08
1940-07-03,12.822
1940-07-04,14.122
1940-07-05,14.709
1940-07-06,17.219
1940-07-07,28.863
1940-07-08,42.05
1940-07-09,49.143
1940-07-10,56.449
1940-07-11,71.545
1940-07-12,55.746
1940-07-13,52.079
1940-07-14,38.835
1940-07-15,23.501
1940-07-16,26.115
1940-07-17,28.012
1940-07-18,25.127
1940-07-19,19.309
1940-07-20,25.323
1940-07-21,44.005
1940-07-22,59.542
1940-07-23,51.372
1940-07-24,44.96
1940-07-25,33.44
1940-07-26,44.088
1940-07-27,56.698
1940-07-28,34.543
1940-07-29,23.885
1940-07-30,37.091
1940-07-31,28.221
1940-08-01,31.968
1940-08-02,31.868
1940-08-03,30.352
1940-08-04,31.968
1940-08-05,30.829
1940-08-06,53.314
1940-08-07,66.609
1940-08-08,67.359
1940-08-09,49.357
1940-08-10,29.841
1940-08-11,22.759
1940-08-12,29.371
1940-08-13,45.599
1940-08-14,33.615
1940-08-15,54.25
1940-08-16,38.837
1940-08-17,40.437
1940-08-18,40.21
1940-08-19,43.972
1940-08-20,42.252
1940-08-21,36.837
1940-08-22,47.08
1940-08-23,36.887
1940-08-24,41.997
1940-08-25,51.102
1940-08-26,56.232
1940-08-27,77.073
1940-08-28,73.291
1940-08-29,79.877
1940-08-30,99.012
1940-08-31,107.068
1940-09-01,132.826
1940-09-02,161.821
1940-09-03,123.128
1940-09-04,109.776
1940-09-05,77.355
1940-09-06,72.989
1940-09-07,70.987
1940-09-08,80.51
1940-09-09,95.502
1940-09-10,93.051
1940-09-11,104.975
1940-09-12,122.111
1940-09-13,81.611
1940-09-14,113.544
1940-09-15,136.615
1940-09-16,155.038
1940-09-17,127.467
1940-09-18,85.905
1940-09-19,127.426
1940-09-20,126.721
1940-09-21,150.46
1940-09-22,155.884
1940-09-23,194.997
1940-09-24,217.726
1940-09-25,175.695
1940-09-26,170.782
1940-09-27,204.535
1940-09-28,177.902
1940-09-29,156.223
1940-09-30,211.353
1940-10-01,156.816
1940-10-02,120.677
1940-10-03,116.053
1940-10-04,112.56
1940-10-05,110.007
1940-10-06,107.454
1940-10-07,104.406
1940-10-08,101.398
1940-10-09,98.14
1940-10-10,95.045
1940-10-11,91.689
1940-10-12,88.671
1940-10-13,85.536
1940-10-14,82.309
1940-10-15,79.346
1940-10-16,76.595
1940-10-17,76.071
1940-10-18,77.683
1940-10-19,79.674
1940-10-20,75.406
1940-10-21,74.836
1940-10-22,72.726
1940-10-23,69.587
1940-10-24,74.474
1940-10-25,86.109
1940-10-26,67.221
1940-10-27,58.236
1940-10-28,57.272
1940-10-29,55.615
1940-10-30,52.7
1940-10-31,51.229
1940-11-01,51.917
1940-11-02,52.056
1940-11-03,51.898
1940-11-04,54.506
1940-11-05,51.289
1940-11-06,51.151
1940-11-07,48.781
1940-11-08,46.382
1940-11-09,44.491
1940-11-10,44.703
1940-11-11,45.153
1940-11-12,46.349
1940-11-13,63.582
1940-11-14,64.655
1940-11-15,67.807
1940-11-16,76.702
1940-11-17,62.797
1940-11-18,94.941
1940-11-19,105.122
1940-11-20,93.873
1940-11-21,110.435
1940-11-22,105.805
1940-11-23,101.014
1940-11-24,144.36
1940-11-25,104.359
1940-11-26,55.871
1940-11-27,64.624
1940-11-28,63.213
1940-11-29,61.465
1940-11-30,61.817
1940-12-01,53.967
1940-12-02,48.334
1940-12-03,48.207
1940-12-04,48.372
1940-12-05,48.551
1940-12-06,48.71
1940-12-07,49.478
1940-12-08,51.936
1940-12-09,48.315
1940-12-10,45.821
1940-12-11,44.867
1940-12-12,44.306
1940-12-13,43.76
1940-12-14,43.222
1940-12-15,42.633
1940-12-16,42.032
1940-12-17,41.485
1940-12-18,40.901
1940-12-19,40.275
1940-12-20,39.623
1940-12-21,38.942
1940-12-22,38.275
1940-12-23,37.632
1940-12-24,36.96
1940-12-25,36.3
1940-12-26,35.682
1940-12-27,35.021
1940-12-28,34.316
1940-12-29,33.659
1940-12-30,32.985
1940-12-31,32.377
1941-01-01,31.761
1941-01-02,31.268
1941-01-03,30.612
1941-01-04,29.927
1941-01-05,29.278
1941-01-06,28.706
1941-01-07,28.132
1941-01-08,27.563
1941-01-09,26.987
1941-01-10,26.418
1941-01-11,25.883
1941-01-12,25.316
1941-01-13,24.761
1941-01-14,24.253
1941-01-15,23.731
1941-01-16,23.214
1941-01-17,22.721
1941-01-18,22.249
1941-01-19,21.772
1941-01-20,21.321
1941-01-21,20.902
1941-01-22,20.604
1941-01-23,20.468
1941-01-24,20.155
1941-01-25,19.953
1941-01-26,19.473
1941-01-27,18.75
1941-01-28,18.274
1941-01-29,17.907
1941-01-30,17.527
1941-01-31,17.145
1941-02-01,16.8
1941-02-02,16.465
1941-02-03,16.11
1941-02-04,15.719
1941-02-05,15.402
1941-02-06,15.104
1941-02-07,14.809
1941-02-08,14.496
1941-02-09,14.21
1941-02-10,13.905
1941-02-11,13.675
1941-02-12,13.635
1941-02-13,13.279
1941-02-14,13.186
1941-02-15,12.935
1941-02-16,13.185
1941-02-17,13.392
1941-02-18,13.761
1941-02-19,13.687
1941-02-20,13.197
1941-02-21,12.745
1941-02-22,12.012
1941-02-23,11.523
1941-02-24,11.172
1941-02-25,10.838
1941-02-26,10.632
1941-02-27,10.671
1941-02-28,10.842
1941-03-01,10.891
1941-03-02,10.99
1941-03-03,10.753
1941-03-04,13.428
1941-03-05,12.236
1941-03-06,10.5
1941-03-07,10.629
1941-03-08,9.945
1941-03-09,9.916
1941-03-10,9.884
1941-03-11,9.458
1941-03-12,8.939
1941-03-13,8.711
1941-03-14,8.462
1941-03-15,8.371
1941-03-16,8.611
1941-03-17,8.672
1941-03-18,8.526
1941-03-19,8.719
1941-03-20,8.468
1941-03-21,7.85
1941-03-22,7.58
1941-03-23,7.307
1941-03-24,7.2
1941-03-25,7.131
1941-03-26,6.988
1941-03-27,6.97
1941-03-28,6.958
1941-03-29,6.819
1941-03-30,6.669
1941-03-31,6.6
1941-04-01,6.709
1941-04-02,8.528
1941-04-03,7.45
1941-04-04,7.369
1941-04-05,7.693
1941-04-06,7.876
1941-04-07,8.372
1941-04-08,9.108
1941-04-09,10.002
1941-04-10,11.45
1941-04-11,10.495
1941-04-12,10.906
1941-04-13,13.222
1941-04-14,15.9
1941-04-15,35.802
1941-04-16,37.505
1941-04-17,28.051
1941-04-18,31.655
1941-04-19,14.479
1941-04-20,8.807
1941-04-21,8.838
1941-04-22,14.712
1941-04-23,12.957
1941-04-24,13.856
1941-04-25,9.621
1941-04-26,5.772
1941-04-27,5.116
1941-04-28,4.931
1941-04-29,4.902
1941-04-30,5.009
1941-05-01,5.062
1941-05-02,5.455
1941-05-03,5.613
1941-05-04,5.476
1941-05-05,5.378
1941-05-06,5.486
1941-05-07,5.918
1941-05-08,6.111
1941-05-09,9.263
1941-05-10,17.436
1941-05-11,14.384
1941-05-12,17.546
1941-05-13,12.724
1941-05-14,13.072
1941-05-15,13.122
1941-05-16,7.156
1941-05-17,6.879
1941-05-18,7.227
1941-05-19,11.12
1941-05-20,8.302
1941-05-21,10.674
1941-05-22,13.461
1941-05-23,7.108
1941-05-24,6.924
1941-05-25,6.074
1941-05-26,5.106
1941-05-27,4.245
1941-05-28,4.043
1941-05-29,4.005
1941-05-30,4.058
1941-05-31,4.443
1941-06-01,5.398
1941-06-02,5.022
1941-06-03,5.321
1941-06-04,4.845
1941-06-05,4.469
1941-06-06,4.155
1941-06-07,4.411
1941-06-08,4.54
1941-06-09,4.23
1941-06-10,4.183
1941-06-11,4.206
1941-06-12,4.1
1941-06-13,3.907
1941-06-14,3.737
1941-06-15,3.641
1941-06-16,3.796
1941-06-17,3.995
1941-06-18,4.94
1941-06-19,5.18
1941-06-20,5.429
1941-06-21,5.293
1941-06-22,4.331
1941-06-23,4.319
1941-06-24,4.192
1941-06-25,3.966
1941-06-26,3.357
1941-06-27,3.242
1941-06-28,3.189
1941-06-29,3.134
1941-06-30,3.158
1941-07-01,4.083
1941-07-02,4.392
1941-07-03,4.266
1941-07-04,4.23
1941-07-05,3.641
1941-07-06,3.602
1941-07-07,3.493
1941-07-08,3.532
1941-07-09,3.334
1941-07-10,3.016
1941-07-11,2.95
1941-07-12,2.959
1941-07-13,3.568
1941-07-14,3.816
1941-07-15,3.811
1941-07-16,4.206
1941-07-17,4.278
1941-07-18,3.899
1941-07-19,4.1
1941-07-20,4.034
1941-07-21,3.797
1941-07-22,3.54
1941-07-23,3.589
1941-07-24,3.411
1941-07-25,2.927
1941-07-26,2.742
1941-07-27,2.667
1941-07-28,2.588
1941-07-29,2.509
1941-07-30,2.523
1941-07-31,2.51
1941-08-01,3.604
1941-08-02,4.418
1941-08-03,4.25
1941-08-04,4.723
1941-08-05,5.383
1941-08-06,4.586
1941-08-07,4.818
1941-08-08,4.929
1941-08-09,3.835
1941-08-10,3.41
1941-08-11,2.91
1941-08-12,2.693
1941-08-13,2.47
1941-08-14,2.408
1941-08-15,2.431
1941-08-16,2.305
1941-08-17,2.078
1941-08-18,2.013
1941-08-19,2.007
1941-08-20,2.37
1941-08-21,3.383
1941-08-22,3.44
1941-08-23,4.175
1941-08-24,4.697
1941-08-25,3.644
1941-08-26,10.256
1941-08-27,13.729
1941-08-28,14.246
1941-08-29,16.73
1941-08-30,20.196
1941-08-31,24.098
1941-09-01,17.937
1941-09-02,14.563
1941-09-03,15.886
1941-09-04,9.085
1941-09-05,3.907
1941-09-06,4.913
1941-09-07,3.633
1941-09-08,2.477
1941-09-09,2.173
1941-09-10,2.059
1941-09-11,2.035
1941-09-12,2.016
1941-09-13,1.958
1941-09-14,1.969
1941-09-15,2.079
1941-09-16,2.301
1941-09-17,2.206
1941-09-18,2.14
1941-09-19,2.294
1941-09-20,3.041
1941-09-21,6.225
1941-09-22,4.145
1941-09-23,3.784
1941-09-24,3.158
1941-09-25,2.327
1941-09-26,1.94
1941-09-27,1.847
1941-09-28,1.821
1941-09-29,1.812
1941-09-30,1.809
1941-10-01,1.815
1941-10-02,1.778
1941-10-03,1.806
1941-10-04,1.849
1941-10-05,1.699
1941-10-06,1.655
1941-10-07,1.708
1941-10-08,2.187
1941-10-09,2.526
1941-10-10,2.277
1941-10-11,2.442
1941-10-12,2.679
1941-10-13,3.558
1941-10-14,3.927
1941-10-15,4.508
1941-10-16,4.158
1941-10-17,3.402
1941-10-18,2.906
1941-10-19,2.067
1941-10-20,1.617
1941-10-21,1.515
1941-10-22,1.483
1941-10-23,1.532
1941-10-24,1.771
1941-10-25,2.334
1941-10-26,2.383
1941-10-27,2.066
1941-10-28,2.95
1941-10-29,3.506
1941-10-30,2.842
1941-10-31,6.367
1941-11-01,7.475
1941-11-02,7.593
1941-11-03,10.773
1941-11-04,4.021
1941-11-05,1.644
1941-11-06,2.852
1941-11-07,9.026
1941-11-08,22.375
1941-11-09,33.213
1941-11-10,60.291
1941-11-11,52.202
1941-11-12,52.421
1941-11-13,33.422
1941-11-14,24.713
1941-11-15,24.861
1941-11-16,22.36
1941-11-17,32.728
1941-11-18,37.612
1941-11-19,25.791
1941-11-20,22.575
1941-11-21,18.343
1941-11-22,24.97
1941-11-23,35.331
1941-11-24,17.29
1941-11-25,16.785
1941-11-26,24.139
1941-11-27,12.224
1941-11-28,15.354
1941-11-29,12.122
1941-11-30,6.49
1941-12-01,2.826
1941-12-02,2.832
1941-12-03,3.12
1941-12-04,5.037
1941-12-05,4.441
1941-12-06,5.82
1941-12-07,9.961
1941-12-08,9.052
1941-12-09,4.417
1941-12-10,2.711
1941-12-11,2.039
1941-12-12,1.84
1941-12-13,1.847
1941-12-14,1.864
1941-12-15,1.876
1941-12-16,2.033
1941-12-17,2.237
1941-12-18,2.312
1941-12-19,2.545
1941-12-20,2.402
1941-12-21,2.125
1941-12-22,1.955
1941-12-23,1.798
1941-12-24,1.795
1941-12-25,1.79
1941-12-26,1.78
1941-12-27,1.79
1941-12-28,1.79
1941-12-29,1.771
1941-12-30,1.761
1941-12-31,1.748
1942-01-01,1.728
1942-01-02,1.707
1942-01-03,1.704
1942-01-04,1.671
1942-01-05,1.656
1942-01-06,1.688
1942-01-07,1.671
1942-01-08,1.652
1942-01-09,1.648
1942-01-10,1.696
1942-01-11,1.676
1942-01-12,1.685
1942-01-13,1.644
1942-01-14,1.62
1942-01-15,1.603
1942-01-16,1.59
1942-01-17,1.568
1942-01-18,1.561
1942-01-19,1.581
1942-01-20,1.541
1942-01-21,1.527
1942-01-22,1.514
1942-01-23,1.524
1942-01-24,1.491
1942-01-25,1.463
1942-01-26,1.425
1942-01-27,1.434
1942-01-28,1.463
1942-01-29,1.429
1942-01-30,1.436
1942-01-31,1.418
1942-02-01,1.409
1942-02-02,1.4
1942-02-03,1.378
1942-02-04,1.351
1942-02-05,1.34
1942-02-06,1.335
1942-02-07,1.312
1942-02-08,1.29
1942-02-09,1.272
1942-02-10,1.25
1942-02-11,1.241
1942-02-12,1.23
1942-02-13,1.235
1942-02-14,1.248
1942-02-15,1.222
1942-02-16,1.312
1942-02-17,1.581
1942-02-18,1.781
1942-02-19,1.975
1942-02-20,1.683
1942-02-21,1.472
1942-02-22,1.247
1942-02-23,1.148
1942-02-24,1.128
1942-02-25,1.14
1942-02-26,1.122
1942-02-27,1.094
1942-02-28,1.1
1942-03-01,1.098
1942-03-02,1.094
1942-03-03,1.055
1942-03-04,1.038
1942-03-05,1.044
1942-03-06,1.194
1942-03-07,1.689
1942-03-08,2.509
1942-03-09,3.209
1942-03-10,5.184
1942-03-11,5.823
1942-03-12,13.261
1942-03-13,20.03
1942-03-14,50.222
1942-03-15,62.576
1942-03-16,34.56
1942-03-17,24.792
1942-03-18,27.484
1942-03-19,26.026
1942-03-20,20.597
1942-03-21,14.602
1942-03-22,5.233
1942-03-23,2.278
1942-03-24,2.91
1942-03-25,16.422
1942-03-26,14.878
1942-03-27,6.504
1942-03-28,3.632
1942-03-29,1.379
1942-03-30,0.957
1942-03-31,0.931
1942-04-01,0.924
1942-04-02,0.992
1942-04-03,1.019
1942-04-04,0.999
1942-04-05,1.1
1942-04-06,1.057
1942-04-07,1.191
1942-04-08,1.219
1942-04-09,1.374
1942-04-10,1.883
1942-04-11,2.242
1942-04-12,2.068
1942-04-13,3.552
1942-04-14,4.743
1942-04-15,5.732
1942-04-16,4.052
1942-04-17,8.787
1942-04-18,8.758
1942-04-19,15.977
1942-04-20,17.853
1942-04-21,10.644
1942-04-22,10.689
1942-04-23,10.553
1942-04-24,9.155
1942-04-25,5.248
1942-04-26,3.937
1942-04-27,4.042
1942-04-28,5.861
1942-04-29,17.373
1942-04-30,16.237
1942-05-01,11.992
1942-05-02,16.558
1942-05-03,16.238
1942-05-04,4.44
1942-05-05,1.765
1942-05-06,1.367
1942-05-07,1.09
1942-05-08,1.248
1942-05-09,1.957
1942-05-10,3.958
1942-05-11,3.572
1942-05-12,2.673
1942-05-13,5.172
1942-05-14,8.707
1942-05-15,10.117
1942-05-16,13.262
1942-05-17,10.129
1942-05-18,20.53
1942-05-19,22.5
1942-05-20,28.084
1942-05-21,22.905
1942-05-22,14.877
1942-05-23,7.538
1942-05-24,3.104
1942-05-25,1.35
1942-05-26,2.402
1942-05-27,4.438
1942-05-28,8.666
1942-05-29,12.412
1942-05-30,16.9
1942-05-31,19.221
1942-06-01,11.56
1942-06-02,6.372
1942-06-03,10.048
1942-06-04,10.325
1942-06-05,5.178
1942-06-06,2.585
1942-06-07,2.215
1942-06-08,2.06
1942-06-09,1.55
1942-06-10,1.154
1942-06-11,1.406
1942-06-12,2.456
1942-06-13,2.353
1942-06-14,2.997
1942-06-15,4.065
1942-06-16,10.712
1942-06-17,20.068
1942-06-18,10.604
1942-06-19,7.198
1942-06-20,13.516
1942-06-21,24.912
1942-06-22,20.114
1942-06-23,16.417
1942-06-24,10.21
1942-06-25,9.464
1942-06-26,15.199
1942-06-27,28.452
1942-06-28,17.085
1942-06-29,6.271
1942-06-30,6.601
1942-07-01,5.522
1942-07-02,4.952
1942-07-03,11.635
1942-07-04,5.328
1942-07-05,8.439
1942-07-06,12.508
1942-07-07,12.538
1942-07-08,5.945
1942-07-09,3.383
1942-07-10,3.69
1942-07-11,7.918
1942-07-12,16.124
1942-07-13,7.018
1942-07-14,5.195
1942-07-15,10.771
1942-07-16,10.221
1942-07-17,8.666
1942-07-18,12.44
1942-07-19,13.096
1942-07-20,9.733
1942-07-21,3.705
1942-07-22,4.838
1942-07-23,5.66
1942-07-24,8.316
1942-07-25,10.61
1942-07-26,14.812
1942-07-27,6.83
1942-07-28,4.325
1942-07-29,2.845
1942-07-30,2.26
1942-07-31,2.191
1942-08-01,2.577
1942-08-02,2.575
1942-08-03,2.587
1942-08-04,2.746
1942-08-05,2.493
1942-08-06,2.332
1942-08-07,2.274
1942-08-08,2.275
1942-08-09,2.188
1942-08-10,2.147
1942-08-11,2.12
1942-08-12,2.11
1942-08-13,2.088
1942-08-14,2.073
1942-08-15,2.066
1942-08-16,2.039
1942-08-17,2.062
1942-08-18,2.133
1942-08-19,2.366
1942-08-20,2.317
1942-08-21,2.237
1942-08-22,2.12
1942-08-23,2.017
1942-08-24,2.029
1942-08-25,2.018
1942-08-26,2.01
1942-08-27,2.016
1942-08-28,1.942
1942-08-29,2.033
1942-08-30,2.143
1942-08-31,2.246
1942-09-01,2.548
1942-09-02,2.877
1942-09-03,2.859
1942-09-04,3.145
1942-09-05,2.49
1942-09-06,2.442
1942-09-07,2.414
1942-09-08,2.009
1942-09-09,1.789
1942-09-10,1.79
1942-09-11,1.759
1942-09-12,1.718
1942-09-13,1.805
1942-09-14,1.849
1942-09-15,1.76
1942-09-16,1.765
1942-09-17,1.768
1942-09-18,1.753
1942-09-19,1.692
1942-09-20,1.696
1942-09-21,1.643
1942-09-22,1.53
1942-09-23,1.515
1942-09-24,1.511
1942-09-25,1.489
1942-09-26,1.454
1942-09-27,1.45
1942-09-28,1.424
1942-09-29,1.422
1942-09-30,1.426
1942-10-01,1.395
1942-10-02,1.38
1942-10-03,1.384
1942-10-04,1.37
1942-10-05,1.349
1942-10-06,1.332
1942-10-07,1.321
1942-10-08,1.32
1942-10-09,1.284
1942-10-10,1.259
1942-10-11,1.243
1942-10-12,1.234
1942-10-13,1.273
1942-10-14,1.385
1942-10-15,1.354
1942-10-16,1.319
1942-10-17,1.322
1942-10-18,1.322
1942-10-19,1.284
1942-10-20,1.458
1942-10-21,1.34
1942-10-22,1.201
1942-10-23,1.172
1942-10-24,1.12
1942-10-25,1.163
1942-10-26,1.265
1942-10-27,1.27
1942-10-28,1.347
1942-10-29,1.224
1942-10-30,1.183
1942-10-31,1.61
1942-11-01,2.384
1942-11-02,2.359
1942-11-03,2.334
1942-11-04,1.719
1942-11-05,1.072
1942-11-06,0.93
1942-11-07,0.863
1942-11-08,0.909
1942-11-09,1.07
1942-11-10,2.584
1942-11-11,8.745
1942-11-12,4.599
1942-11-13,2.754
1942-11-14,1.681
1942-11-15,1.028
1942-11-16,0.86
1942-11-17,0.851
1942-11-18,0.812
1942-11-19,0.791
1942-11-20,0.765
1942-11-21,0.75
1942-11-22,0.722
1942-11-23,0.683
1942-11-24,0.686
1942-11-25,0.713
1942-11-26,0.712
1942-11-27,0.701
1942-11-28,0.705
1942-11-29,0.684
1942-11-30,0.691
1942-12-01,0.684
1942-12-02,0.74
1942-12-03,0.826
1942-12-04,0.768
1942-12-05,0.706
1942-12-06,0.712
1942-12-07,0.864
1942-12-08,0.82
1942-12-09,0.757
1942-12-10,0.708
1942-12-11,0.638
1942-12-12,0.619
1942-12-13,0.64
1942-12-14,0.646
1942-12-15,0.651
1942-12-16,0.696
1942-12-17,0.661
1942-12-18,0.601
1942-12-19,0.599
1942-12-20,0.615
1942-12-21,0.547
1942-12-22,0.54
1942-12-23,0.572
1942-12-24,0.561
1942-12-25,0.567
1942-12-26,0.564
1942-12-27,0.555
1942-12-28,0.57
1942-12-29,0.566
1942-12-30,0.56
1942-12-31,0.538
1943-01-01,0.525
1943-01-02,0.513
1943-01-03,0.513
1943-01-04,0.502
1943-01-05,0.508
1943-01-06,0.491
1943-01-07,0.5
1943-01-08,0.504
1943-01-09,0.478
1943-01-10,0.463
1943-01-11,0.45
1943-01-12,0.457
1943-01-13,0.47
1943-01-14,0.475
1943-01-15,0.5
1943-01-16,0.491
1943-01-17,0.457
1943-01-18,0.464
1943-01-19,0.475
1943-01-20,0.487
1943-01-21,0.459
1943-01-22,0.422
1943-01-23,0.4
1943-01-24,0.389
1943-01-25,0.385
1943-01-26,0.366
1943-01-27,0.372
1943-01-28,0.376
1943-01-29,0.366
1943-01-30,0.349
1943-01-31,0.384
1943-02-01,0.407
1943-02-02,0.379
1943-02-03,0.367
1943-02-04,0.348
1943-02-05,0.316
1943-02-06,0.277
1943-02-07,0.288
1943-02-08,0.288
1943-02-09,0.29
1943-02-10,0.29
1943-02-11,0.29
1943-02-12,0.285
1943-02-13,0.28
1943-02-14,0.295
1943-02-15,0.327
1943-02-16,0.336
1943-02-17,0.329
1943-02-18,0.3
1943-02-19,0.285
1943-02-20,0.28
1943-02-21,0.291
1943-02-22,0.285
1943-02-23,0.276
1943-02-24,0.274
1943-02-25,0.286
1943-02-26,0.284
1943-02-27,0.264
1943-02-28,0.269
1943-03-01,0.268
1943-03-02,0.274
1943-03-03,0.334
1943-03-04,0.464
1943-03-05,0.57
1943-03-06,0.987
1943-03-07,1.483
1943-03-08,1.883
1943-03-09,1.913
1943-03-10,1.603
1943-03-11,0.591
1943-03-12,0.399
1943-03-13,0.317
1943-03-14,0.25
1943-03-15,0.249
1943-03-16,0.252
1943-03-17,0.234
1943-03-18,0.243
1943-03-19,0.243
1943-03-20,0.233
1943-03-21,0.24
1943-03-22,0.239
1943-03-23,0.225
1943-03-24,0.23
1943-03-25,0.259
1943-03-26,0.32
1943-03-27,0.366
1943-03-28,0.43
1943-03-29,0.478
1943-03-30,0.282
1943-03-31,0.308
1943-04-01,0.448
1943-04-02,0.461
1943-04-03,0.505
1943-04-04,0.328
1943-04-05,0.22
1943-04-06,0.208
1943-04-07,0.209
1943-04-08,0.2
1943-04-09,0.195
1943-04-10,0.352
1943-04-11,0.444
1943-04-12,0.356
1943-04-13,0.321
1943-04-14,0.198
1943-04-15,0.182
1943-04-16,0.165
1943-04-17,0.175
1943-04-18,0.159
1943-04-19,0.15
1943-04-20,0.148
1943-04-21,0.169
1943-04-22,0.155
1943-04-23,0.178
1943-04-24,0.171
1943-04-25,0.153
1943-04-26,0.17
1943-04-27,0.172
1943-04-28,0.196
1943-04-29,0.23
1943-04-30,0.195
1943-05-01,0.178
1943-05-02,0.172
1943-05-03,0.272
1943-05-04,0.386
1943-05-05,0.596
1943-05-06,0.65
1943-05-07,0.842
1943-05-08,1.013
1943-05-09,0.499
1943-05-10,0.212
1943-05-11,0.172
1943-05-12,0.21
1943-05-13,0.342
1943-05-14,0.687
1943-05-15,1.168
1943-05-16,1.905
1943-05-17,2.571
1943-05-18,3.246
1943-05-19,4.644
1943-05-20,2.756
1943-05-21,3.327
1943-05-22,6.185
1943-05-23,11.78
1943-05-24,10.064
1943-05-25,10.893
1943-05-26,5.378
1943-05-27,1.699
1943-05-28,0.723
1943-05-29,0.556
1943-05-30,0.319
1943-05-31,0.161
1943-06-01,0.141
1943-06-02,0.155
1943-06-03,0.15
1943-06-04,0.173
1943-06-05,0.229
1943-06-06,0.227
1943-06-07,0.314
1943-06-08,0.285
1943-06-09,0.22
1943-06-10,0.357
1943-06-11,0.253
1943-06-12,0.099
1943-06-13,0.091
1943-06-14,0.089
1943-06-15,0.085
1943-06-16,0.07
1943-06-17,0.071
1943-06-18,0.057
1943-06-19,0.054
1943-06-20,0.058
1943-06-21,0.051
1943-06-22,0.086
1943-06-23,0.2
1943-06-24,0.119
1943-06-25,0.144
1943-06-26,0.361
1943-06-27,0.336
1943-06-28,0.332
1943-06-29,0.417
1943-06-30,0.656
1943-07-01,0.78
1943-07-02,0.941
1943-07-03,0.695
1943-07-04,0.567
1943-07-05,1.047
1943-07-06,1.675
1943-07-07,1.424
1943-07-08,1.917
1943-07-09,2.935
1943-07-10,2.459
1943-07-11,2.854
1943-07-12,14.713
1943-07-13,12.161
1943-07-14,8.696
1943-07-15,7.022
1943-07-16,4.787
1943-07-17,1.228
1943-07-18,0.402
1943-07-19,0.443
1943-07-20,0.578
1943-07-21,0.769
1943-07-22,0.857
1943-07-23,0.622
1943-07-24,1.253
1943-07-25,5.134
1943-07-26,11.219
1943-07-27,4.032
1943-07-28,0.979
1943-07-29,0.248
1943-07-30,0.132
1943-07-31,1.251
1943-08-01,6.388
1943-08-02,1.635
1943-08-03,1.709
1943-08-04,4.191
1943-08-05,4.615
1943-08-06,2.046
1943-08-07,6.018
1943-08-08,21.252
1943-08-09,11.6
1943-08-10,3.264
1943-08-11,6.102
1943-08-12,8.438
1943-08-13,6.808
1943-08-14,5.226
1943-08-15,4.49
1943-08-16,11.332
1943-08-17,6.173
1943-08-18,2.806
1943-08-19,4.804
1943-08-20,40.283
1943-08-21,42.532
1943-08-22,26.111
1943-08-23,23.851
1943-08-24,24.383
1943-08-25,19.958
1943-08-26,16.651
1943-08-27,48.398
1943-08-28,42.78
1943-08-29,42.152
1943-08-30,22.11
1943-08-31,15.386
1943-09-01,18.535
1943-09-02,32.834
1943-09-03,52.992
1943-09-04,55.082
1943-09-05,46.967
1943-09-06,46.582
1943-09-07,43.029
1943-09-08,53.765
1943-09-09,60.55
1943-09-10,46.69
1943-09-11,31.883
1943-09-12,27.618
1943-09-13,45.048
1943-09-14,47.283
1943-09-15,22.115
1943-09-16,31.928
1943-09-17,39.828
1943-09-18,45.303
1943-09-19,68.485
1943-09-20,68.102
1943-09-21,90.222
1943-09-22,81.281
1943-09-23,66.042
1943-09-24,38.67
1943-09-25,17.696
1943-09-26,14.673
1943-09-27,3.236
1943-09-28,1.755
1943-09-29,1.714
1943-09-30,2.417
1943-10-01,5.977
1943-10-02,2.485
1943-10-03,2.007
1943-10-04,1.853
1943-10-05,1.4
1943-10-06,1.388
1943-10-07,1.26
1943-10-08,1.066
1943-10-09,1.012
1943-10-10,1.119
1943-10-11,1.236
1943-10-12,1.121
1943-10-13,1.066
1943-10-14,1.132
1943-10-15,1.135
1943-10-16,1.522
1943-10-17,3.305
1943-10-18,3.999
1943-10-19,8.088
1943-10-20,8.732
1943-10-21,6.984
1943-10-22,7.107
1943-10-23,6.624
1943-10-24,4.779
1943-10-25,2.792
1943-10-26,1.838
1943-10-27,1.264
1943-10-28,1.009
1943-10-29,0.967
1943-10-30,0.963
1943-10-31,0.956
1943-11-01,0.932
1943-11-02,0.944
1943-11-03,0.97
1943-11-04,1.01
1943-11-05,1.018
1943-11-06,1.004
1943-11-07,0.963
1943-11-08,0.942
1943-11-09,0.932
1943-11-10,0.906
1943-11-11,0.896
1943-11-12,0.891
1943-11-13,0.91
1943-11-14,0.92
1943-11-15,0.925
1943-11-16,0.927
1943-11-17,0.967
1943-11-18,0.949
1943-11-19,0.955
1943-11-20,0.967
1943-11-21,1.065
1943-11-22,1.26
1943-11-23,1.486
1943-11-24,1.368
1943-11-25,1.125
1943-11-26,0.839
1943-11-27,0.774
1943-11-28,0.761
1943-11-29,0.887
1943-11-30,0.952
1943-12-01,1.045
1943-12-02,0.909
1943-12-03,0.811
1943-12-04,0.765
1943-12-05,0.709
1943-12-06,0.693
1943-12-07,0.683
1943-12-08,0.719
1943-12-09,0.779
1943-12-10,0.709
1943-12-11,0.74
1943-12-12,0.72
1943-12-13,0.71
1943-12-14,0.717
1943-12-15,0.703
1943-12-16,0.68
1943-12-17,0.68
1943-12-18,0.67
1943-12-19,0.665
1943-12-20,0.66
1943-12-21,0.652
1943-12-22,0.645
1943-12-23,0.63
1943-12-24,0.629
1943-12-25,0.621
1943-12-26,0.605
1943-12-27,0.606
1943-12-28,0.583
1943-12-29,0.578
1943-12-30,0.573
1943-12-31,0.588
1944-01-01,0.649
1944-01-02,1.217
1944-01-03,1.723
1944-01-04,1.908
1944-01-05,1.808
1944-01-06,1.654
1944-01-07,1.591
1944-01-08,1.564
1944-01-09,1.53
1944-01-10,1.506
1944-01-11,1.491
1944-01-12,1.458
1944-01-13,1.428
1944-01-14,1.403
1944-01-15,1.377
1944-01-16,1.351
1944-01-17,1.36
1944-01-18,1.402
1944-01-19,1.503
1944-01-20,1.435
1944-01-21,1.424
1944-01-22,1.408
1944-01-23,1.34
1944-01-24,1.504
1944-01-25,1.575
1944-01-26,1.689
1944-01-27,1.429
1944-01-28,1.221
1944-01-29,1.209
1944-01-30,1.191
1944-01-31,1.184
1944-02-01,1.173
1944-02-02,1.155
1944-02-03,1.124
1944-02-04,1.094
1944-02-05,1.061
1944-02-06,1.053
1944-02-07,1.065
1944-02-08,1.074
1944-02-09,1.088
1944-02-10,1.072
1944-02-11,1.057
1944-02-12,1.023
1944-02-13,1.034
1944-02-14,1.016
1944-02-15,0.952
1944-02-16,0.924
1944-02-17,0.916
1944-02-18,0.942
1944-02-19,0.94
1944-02-20,0.916
1944-02-21,0.911
1944-02-22,0.901
1944-02-23,0.89
1944-02-24,0.938
1944-02-25,1.205
1944-02-26,1.133
1944-02-27,1.333
1944-02-28,1.125
1944-02-29,0.865
1944-03-01,0.811
1944-03-02,0.794
1944-03-03,0.787
1944-03-04,0.775
1944-03-05,0.769
1944-03-06,0.762
1944-03-07,0.756
1944-03-08,0.742
1944-03-09,0.783
1944-03-10,0.876
1944-03-11,1.098
1944-03-12,0.92
1944-03-13,0.768
1944-03-14,0.739
1944-03-15,0.752
1944-03-16,0.738
1944-03-17,0.72
1944-03-18,0.705
1944-03-19,0.689
1944-03-20,0.653
1944-03-21,0.631
1944-03-22,0.63
1944-03-23,0.629
1944-03-24,0.631
1944-03-25,0.625
1944-03-26,0.602
1944-03-27,0.598
1944-03-28,0.588
1944-03-29,0.594
1944-03-30,0.587
1944-03-31,0.608
1944-04-01,0.611
1944-04-02,0.587
1944-04-03,0.582
1944-04-04,0.84
1944-04-05,1.326
1944-04-06,1.903
1944-04-07,3.708
1944-04-08,5.847
1944-04-09,3.365
1944-04-10,1.512
1944-04-11,0.987
1944-04-12,0.637
1944-04-13,0.544
1944-04-14,0.517
1944-04-15,0.503
1944-04-16,0.469
1944-04-17,0.45
1944-04-18,0.447
1944-04-19,0.437
1944-04-20,0.434
1944-04-21,0.426
1944-04-22,0.425
1944-04-23,0.441
1944-04-24,0.441
1944-04-25,0.488
1944-04-26,0.628
1944-04-27,0.815
1944-04-28,1.298
1944-04-29,1.367
1944-04-30,1.955
1944-05-01,2.928
1944-05-02,3.082
1944-05-03,6.605
1944-05-04,18.229
1944-05-05,32.94
1944-05-06,26.62
1944-05-07,22.991
1944-05-08,26.924
1944-05-09,26.65
1944-05-10,24.204
1944-05-11,37.902
1944-05-12,33.468
1944-05-13,34.209
1944-05-14,29.338
1944-05-15,8.48
1944-05-16,8.224
1944-05-17,19.986
1944-05-18,49.419
1944-05-19,64.982
1944-05-20,83.453
1944-05-21,57.223
1944-05-22,27.964
1944-05-23,7.073
1944-05-24,2.352
1944-05-25,0.643
1944-05-26,0.535
1944-05-27,0.528
1944-05-28,1.331
1944-05-29,1.323
1944-05-30,2.895
1944-05-31,2.416
1944-06-01,3.111
1944-06-02,8.7
1944-06-03,8.09
1944-06-04,4.558
1944-06-05,5.783
1944-06-06,5.914
1944-06-07,5.55
1944-06-08,6.051
1944-06-09,2.475
1944-06-10,0.628
1944-06-11,0.447
1944-06-12,0.414
1944-06-13,0.402
1944-06-14,0.392
1944-06-15,0.445
1944-06-16,0.631
1944-06-17,0.519
1944-06-18,0.45
1944-06-19,0.403
1944-06-20,0.381
1944-06-21,0.372
1944-06-22,0.409
1944-06-23,0.434
1944-06-24,0.429
1944-06-25,0.464
1944-06-26,0.69
1944-06-27,1.623
1944-06-28,3.23
1944-06-29,4.521
1944-06-30,5.732
1944-07-01,9.495
1944-07-02,7.963
1944-07-03,12.8
1944-07-04,13.558
1944-07-05,7.007
1944-07-06,4.808
1944-07-07,2.348
1944-07-08,1.365
1944-07-09,1.134
1944-07-10,0.463
1944-07-11,0.392
1944-07-12,0.454
1944-07-13,0.443
1944-07-14,0.337
1944-07-15,0.359
1944-07-16,0.629
1944-07-17,0.762
1944-07-18,0.658
1944-07-19,0.546
1944-07-20,0.498
1944-07-21,0.565
1944-07-22,0.697
1944-07-23,0.444
1944-07-24,0.503
1944-07-25,0.593
1944-07-26,0.467
1944-07-27,0.407
1944-07-28,0.355
1944-07-29,0.358
1944-07-30,0.51
1944-07-31,0.866
1944-08-01,0.843
1944-08-02,1.269
1944-08-03,1.463
1944-08-04,1.321
1944-08-05,2.315
1944-08-06,2.739
1944-08-07,2.189
1944-08-08,1.869
1944-08-09,1.054
1944-08-10,0.527
1944-08-11,0.409
1944-08-12,0.443
1944-08-13,0.408
1944-08-14,0.4
1944-08-15,0.58
1944-08-16,0.461
1944-08-17,0.338
1944-08-18,0.357
1944-08-19,0.377
1944-08-20,0.431
1944-08-21,0.874
1944-08-22,1.954
1944-08-23,1.075
1944-08-24,0.939
1944-08-25,0.746
1944-08-26,0.459
1944-08-27,0.6
1944-08-28,0.747
1944-08-29,0.643
1944-08-30,0.459
1944-08-31,0.381
1944-09-01,0.31
1944-09-02,0.274
1944-09-03,0.27
1944-09-04,0.296
1944-09-05,0.341
1944-09-06,0.324
1944-09-07,0.273
1944-09-08,0.27
1944-09-09,0.423
1944-09-10,0.64
1944-09-11,0.425
1944-09-12,0.339
1944-09-13,0.245
1944-09-14,0.211
1944-09-15,0.21
1944-09-16,0.233
1944-09-17,0.239
1944-09-18,0.283
1944-09-19,0.542
1944-09-20,0.522
1944-09-21,0.525
1944-09-22,0.432
1944-09-23,0.839
1944-09-24,1.439
1944-09-25,1.218
1944-09-26,1.594
1944-09-27,2.539
1944-09-28,3.869
1944-09-29,2.22
1944-09-30,0.917
1944-10-01,0.485
1944-10-02,0.248
1944-10-03,0.229
1944-10-04,0.218
1944-10-05,0.222
1944-10-06,0.246
1944-10-07,0.281
1944-10-08,0.249
1944-10-09,0.22
1944-10-10,0.202
1944-10-11,0.207
1944-10-12,0.222
1944-10-13,0.222
1944-10-14,0.207
1944-10-15,0.216
1944-10-16,0.23
1944-10-17,0.224
1944-10-18,0.253
1944-10-19,0.216
1944-10-20,0.215
1944-10-21,0.385
1944-10-22,0.577
1944-10-23,0.623
1944-10-24,0.613
1944-10-25,0.464
1944-10-26,0.671
1944-10-27,0.867
1944-10-28,0.896
1944-10-29,0.708
1944-10-30,0.536
1944-10-31,0.444
1944-11-01,0.485
1944-11-02,0.435
1944-11-03,0.486
1944-11-04,0.725
1944-11-05,0.967
1944-11-06,1.104
1944-11-07,1.138
1944-11-08,0.925
1944-11-09,0.725
1944-11-10,0.848
1944-11-11,0.986
1944-11-12,0.734
1944-11-13,0.537
1944-11-14,0.391
1944-11-15,0.227
1944-11-16,0.187
1944-11-17,0.178
1944-11-18,0.209
1944-11-19,0.168
1944-11-20,0.131
1944-11-21,0.167
1944-11-22,0.301
1944-11-23,0.849
1944-11-24,0.985
1944-11-25,2.456
1944-11-26,5.016
1944-11-27,5.818
1944-11-28,9.54
1944-11-29,3.451
1944-11-30,1.291
1944-12-01,0.78
1944-12-02,0.389
1944-12-03,0.26
1944-12-04,0.175
1944-12-05,0.286
1944-12-06,0.324
1944-12-07,0.563
1944-12-08,0.628
1944-12-09,0.368
1944-12-10,0.154
1944-12-11,0.101
1944-12-12,0.097
1944-12-13,0.084
1944-12-14,0.141
1944-12-15,0.663
1944-12-16,3.476
1944-12-17,1.832
1944-12-18,0.451
1944-12-19,0.35
1944-12-20,1.068
1944-12-21,1.857
1944-12-22,2.73
1944-12-23,2.48
1944-12-24,2.623
1944-12-25,2.153
1944-12-26,0.84
1944-12-27,0.423
1944-12-28,0.549
1944-12-29,0.335
1944-12-30,0.145
1944-12-31,0.126
1945-01-01,0.109
1945-01-02,0.081
1945-01-03,0.074
1945-01-04,0.085
1945-01-05,0.075
1945-01-06,0.073
1945-01-07,0.065
1945-01-08,0.075
1945-01-09,0.068
1945-01-10,0.052
1945-01-11,0.061
1945-01-12,0.06
1945-01-13,0.073
1945-01-14,0.073
1945-01-15,0.087
1945-01-16,0.19
1945-01-17,0.444
1945-01-18,0.448
1945-01-19,0.166
1945-01-20,0.06
1945-01-21,0.056
1945-01-22,0.06
1945-01-23,0.064
1945-01-24,0.073
1945-01-25,0.052
1945-01-26,0.065
1945-01-27,0.077
1945-01-28,0.053
1945-01-29,0.055
1945-01-30,0.043
1945-01-31,0.047
1945-02-01,0.06
1945-02-02,0.057
1945-02-03,0.04
1945-02-04,0.047
1945-02-05,0.061
1945-02-06,0.091
1945-02-07,0.085
1945-02-08,0.054
1945-02-09,0.064
1945-02-10,0.09
1945-02-11,0.143
1945-02-12,0.191
1945-02-13,0.312
1945-02-14,0.805
1945-02-15,1.092
1945-02-16,1.58
1945-02-17,1.109
1945-02-18,0.524
1945-02-19,0.154
1945-02-20,0.068
1945-02-21,0.08
1945-02-22,0.08
1945-02-23,0.078
1945-02-24,0.068
1945-02-25,0.094
1945-02-26,0.254
1945-02-27,0.258
1945-02-28,0.594
1945-03-01,0.757
1945-03-02,0.508
1945-03-03,0.371
1945-03-04,0.225
1945-03-05,0.245
1945-03-06,0.152
1945-03-07,0.07
1945-03-08,0.09
1945-03-09,0.107
1945-03-10,0.082
1945-03-11,0.09
1945-03-12,0.151
1945-03-13,0.177
1945-03-14,0.374
1945-03-15,0.478
1945-03-16,0.689
1945-03-17,1.098
1945-03-18,0.465
1945-03-19,0.149
1945-03-20,0.037
1945-03-21,0.024
1945-03-22,0.023
1945-03-23,0.057
1945-03-24,0.35
1945-03-25,3.105
1945-03-26,29.39
1945-03-27,22.332
1945-03-28,15.39
1945-03-29,10.892
1945-03-30,3.87
1945-03-31,0.59
1945-04-01,0.45
1945-04-02,1.017
1945-04-03,1.713
1945-04-04,5.36
1945-04-05,4.528
1945-04-06,6.567
1945-04-07,3.58
1945-04-08,1.546
1945-04-09,0.71
1945-04-10,0.193
1945-04-11,0.051
1945-04-12,0.122
1945-04-13,0.128
1945-04-14,0.065
1945-04-15,0.181
1945-04-16,0.472
1945-04-17,2.447
1945-04-18,1.388
1945-04-19,0.36
1945-04-20,0.207
1945-04-21,0.577
1945-04-22,1.004
1945-04-23,3.042
1945-04-24,4.24
1945-04-25,3.663
1945-04-26,2.161
1945-04-27,2.938
1945-04-28,2.356
1945-04-29,1.162
1945-04-30,0.84
1945-05-01,0.641
1945-05-02,1.813
1945-05-03,6.913
1945-05-04,6.033
1945-05-05,2.311
1945-05-06,2.562
1945-05-07,5.413
1945-05-08,8.433
1945-05-09,5.294
1945-05-10,7.711
1945-05-11,10.416
1945-05-12,28.078
1945-05-13,28.451
1945-05-14,23.572
1945-05-15,10.521
1945-05-16,3.164
1945-05-17,1.443
1945-05-18,1.64
1945-05-19,1.947
1945-05-20,3.156
1945-05-21,5.705
1945-05-22,7.626
1945-05-23,6.342
1945-05-24,10.403
1945-05-25,9.782
1945-05-26,14.294
1945-05-27,13.334
1945-05-28,14.661
1945-05-29,16.914
1945-05-30,16.468
1945-05-31,18.498
1945-06-01,15.31
1945-06-02,17.378
1945-06-03,22.405
1945-06-04,9.324
1945-06-05,9.805
1945-06-06,11.065
1945-06-07,5.99
1945-06-08,3.529
1945-06-09,1.911
1945-06-10,0.635
1945-06-11,0.228
1945-06-12,0.157
1945-06-13,0.68
1945-06-14,0.737
1945-06-15,1.074
1945-06-16,1.14
1945-06-17,1.459
1945-06-18,1.553
1945-06-19,0.732
1945-06-20,0.216
1945-06-21,0.38
1945-06-22,1.226
1945-06-23,0.929
1945-06-24,0.385
1945-06-25,0.324
1945-06-26,0.595
1945-06-27,1.069
1945-06-28,1.341
1945-06-29,3.832
1945-06-30,4.427
1945-07-01,1.988
1945-07-02,1.51
1945-07-03,1.004
1945-07-04,1.066
1945-07-05,1.054
1945-07-06,2.489
1945-07-07,3.554
1945-07-08,3.752
1945-07-09,4.135
1945-07-10,5.945
1945-07-11,6.408
1945-07-12,2.393
1945-07-13,1.268
1945-07-14,3.313
1945-07-15,3.763
1945-07-16,1.567
1945-07-17,1.072
1945-07-18,0.845
1945-07-19,0.667
1945-07-20,0.375
1945-07-21,0.305
1945-07-22,0.19
1945-07-23,0.175
1945-07-24,0.145
1945-07-25,0.141
1945-07-26,0.175
1945-07-27,0.501
1945-07-28,0.742
1945-07-29,1.64
1945-07-30,0.947
1945-07-31,0.969
1945-08-01,0.843
1945-08-02,0.548
1945-08-03,0.172
1945-08-04,0.235
1945-08-05,0.51
1945-08-06,0.43
1945-08-07,0.636
1945-08-08,1.093
1945-08-09,1.088
1945-08-10,1.515
1945-08-11,1.423
1945-08-12,1.285
1945-08-13,1.018
1945-08-14,0.595
1945-08-15,1.168
1945-08-16,1.262
1945-08-17,1.305
1945-08-18,0.84
1945-08-19,0.255
1945-08-20,0.222
1945-08-21,0.26
1945-08-22,0.225
1945-08-23,0.119
1945-08-24,0.081
1945-08-25,0.107
1945-08-26,0.388
1945-08-27,0.569
1945-08-28,0.768
1945-08-29,0.686
1945-08-30,0.606
1945-08-31,0.675
1945-09-01,0.277
1945-09-02,0.111
1945-09-03,0.081
1945-09-04,0.169
1945-09-05,0.424
1945-09-06,0.195
1945-09-07,0.135
1945-09-08,0.157
1945-09-09,0.228
1945-09-10,0.653
1945-09-11,1.049
1945-09-12,1.044
1945-09-13,1.496
1945-09-14,1.278
1945-09-15,0.907
1945-09-16,0.578
1945-09-17,0.253
1945-09-18,0.145
1945-09-19,0.12
1945-09-20,0.134
1945-09-21,0.257
1945-09-22,0.405
1945-09-23,0.34
1945-09-24,0.642
1945-09-25,0.596
1945-09-26,0.796
1945-09-27,0.762
1945-09-28,0.714
1945-09-29,0.348
1945-09-30,0.265
1945-10-01,0.13
1945-10-02,0.055
1945-10-03,0.036
1945-10-04,0.037
1945-10-05,0.03
1945-10-06,0.03
1945-10-07,0.04
1945-10-08,0.035
1945-10-09,0.042
1945-10-10,0.054
1945-10-11,0.047
1945-10-12,0.05
1945-10-13,0.058
1945-10-14,0.118
1945-10-15,0.215
1945-10-16,0.344
1945-10-17,0.701
1945-10-18,0.91
1945-10-19,1.226
1945-10-20,1.912
1945-10-21,4.98
1945-10-22,6.352
1945-10-23,5.004
1945-10-24,3.85
1945-10-25,1.105
1945-10-26,0.47
1945-10-27,0.252
1945-10-28,0.1
1945-10-29,0.055
1945-10-30,0.034
1945-10-31,0.043
1945-11-01,0.04
1945-11-02,0.077
1945-11-03,0.126
1945-11-04,0.094
1945-11-05,0.064
1945-11-06,0.056
1945-11-07,0.05
1945-11-08,0.06
1945-11-09,0.055
1945-11-10,0.071
1945-11-11,0.075
1945-11-12,0.091
1945-11-13,0.164
1945-11-14,0.233
1945-11-15,0.253
1945-11-16,0.137
1945-11-17,0.044
1945-11-18,0.041
1945-11-19,0.05
1945-11-20,0.056
1945-11-21,0.051
1945-11-22,0.053
1945-11-23,0.043
1945-11-24,0.043
1945-11-25,0.079
1945-11-26,0.22
1945-11-27,0.173
1945-11-28,0.449
1945-11-29,0.567
1945-11-30,0.894
1945-12-01,1.35
1945-12-02,5.705
1945-12-03,7.444
1945-12-04,13.129
1945-12-05,5.402
1945-12-06,1.39
1945-12-07,0.987
1945-12-08,0.65
1945-12-09,0.117
1945-12-10,0.059
1945-12-11,0.051
1945-12-12,0.047
1945-12-13,0.047
1945-12-14,0.031
1945-12-15,0.023
1945-12-16,0.023
1945-12-17,0.04
1945-12-18,0.042
1945-12-19,0.044
1945-12-20,0.039
1945-12-21,0.037
1945-12-22,0.035
1945-12-23,0.04
1945-12-24,0.024
1945-12-25,0.03
1945-12-26,0.037
1945-12-27,0.031
1945-12-28,0.038
1945-12-29,0.04
1945-12-30,0.03
1945-12-31,0.023
1946-01-01,0.025
1946-01-02,0.02
1946-01-03,0.022
1946-01-04,0.032
1946-01-05,0.041
1946-01-06,0.041
1946-01-07,0.04
1946-01-08,0.035
1946-01-09,0.044
1946-01-10,0.045
1946-01-11,0.04
1946-01-12,0.033
1946-01-13,0.031
1946-01-14,0.053
1946-01-15,0.034
1946-01-16,0.024
1946-01-17,0.03
1946-01-18,0.03
1946-01-19,0.017
1946-01-20,0.028
1946-01-21,0.034
1946-01-22,0.03
1946-01-23,0.03
1946-01-24,0.027
1946-01-25,0.023
1946-01-26,0.03
1946-01-27,0.03
1946-01-28,0.02
1946-01-29,0.024
1946-01-30,0.03
1946-01-31,0.03
1946-02-01,0.03
1946-02-02,0.03
1946-02-03,0.023
1946-02-04,0.025
1946-02-05,0.021
1946-02-06,0.015
1946-02-07,0.02
1946-02-08,0.02
1946-02-09,0.02
1946-02-10,0.017
1946-02-11,0.02
1946-02-12,0.018
1946-02-13,0.01
1946-02-14,0.023
1946-02-15,0.021
1946-02-16,0.002
1946-02-17,0.0
1946-02-18,0.014
1946-02-19,0.02
1946-02-20,0.02
1946-02-21,0.015
1946-02-22,0.011
1946-02-23,0.021
1946-02-24,0.013
1946-02-25,0.016
1946-02-26,0.01
1946-02-27,0.111
1946-02-28,0.28
1946-03-01,0.21
1946-03-02,0.3
1946-03-03,0.181
1946-03-04,0.102
1946-03-05,0.033
1946-03-06,0.01
1946-03-07,0.01
1946-03-08,0.01
1946-03-09,0.018
1946-03-10,0.025
1946-03-11,0.015
1946-03-12,0.02
1946-03-13,0.035
1946-03-14,0.055
1946-03-15,0.044
1946-03-16,0.025
1946-03-17,0.012
1946-03-18,0.015
1946-03-19,0.02
1946-03-20,0.02
1946-03-21,0.019
1946-03-22,0.01
1946-03-23,0.01
1946-03-24,0.017
1946-03-25,0.012
1946-03-26,0.01
1946-03-27,0.01
1946-03-28,0.01
1946-03-29,0.017
1946-03-30,0.011
1946-03-31,0.01
1946-04-01,0.01
1946-04-02,0.01
1946-04-03,0.003
1946-04-04,0.035
1946-04-05,0.255
1946-04-06,0.503
1946-04-07,0.648
1946-04-08,0.583
1946-04-09,0.288
1946-04-10,0.247
1946-04-11,0.18
1946-04-12,0.308
1946-04-13,0.615
1946-04-14,1.186
1946-04-15,3.556
1946-04-16,5.573
1946-04-17,7.941
1946-04-18,9.494
1946-04-19,8.934
1946-04-20,15.097
1946-04-21,18.295
1946-04-22,38.376
1946-04-23,24.785
1946-04-24,5.749
1946-04-25,9.722
1946-04-26,6.927
1946-04-27,3.241
1946-04-28,3.631
1946-04-29,2.603
1946-04-30,10.102
1946-05-01,9.387
1946-05-02,7.402
1946-05-03,8.564
1946-05-04,8.395
1946-05-05,5.585
1946-05-06,11.113
1946-05-07,14.402
1946-05-08,3.943
1946-05-09,0.511
1946-05-10,0.966
1946-05-11,4.003
1946-05-12,4.148
1946-05-13,4.061
1946-05-14,16.806
1946-05-15,16.072
1946-05-16,16.088
1946-05-17,12.91
1946-05-18,13.452
1946-05-19,18.452
1946-05-20,20.605
1946-05-21,37.749
1946-05-22,46.32
1946-05-23,17.032
1946-05-24,4.434
1946-05-25,1.276
1946-05-26,0.612
1946-05-27,0.626
1946-05-28,1.132
1946-05-29,3.735
1946-05-30,5.747
1946-05-31,6.789
1946-06-01,12.892
1946-06-02,13.132
1946-06-03,8.758
1946-06-04,10.913
1946-06-05,11.545
1946-06-06,6.87
1946-06-07,15.298
1946-06-08,10.118
1946-06-09,1.479
1946-06-10,1.104
1946-06-11,1.441
1946-06-12,2.411
1946-06-13,4.98
1946-06-14,5.023
1946-06-15,7.324
1946-06-16,9.127
1946-06-17,4.06
1946-06-18,3.768
1946-06-19,6.388
1946-06-20,6.422
1946-06-21,7.024
1946-06-22,10.535
1946-06-23,4.672
1946-06-24,2.629
1946-06-25,4.193
1946-06-26,7.268
1946-06-27,12.458
1946-06-28,18.579
1946-06-29,19.278
1946-06-30,25.967
1946-07-01,29.578
1946-07-02,17.973
1946-07-03,10.921
1946-07-04,7.335
1946-07-05,5.9
1946-07-06,3.013
1946-07-07,2.233
1946-07-08,3.34
1946-07-09,14.84
1946-07-10,25.086
1946-07-11,132.596
1946-07-12,179.26
1946-07-13,82.27
1946-07-14,61.094
1946-07-15,27.062
1946-07-16,6.023
1946-07-17,1.602
1946-07-18,1.022
1946-07-19,0.672
1946-07-20,0.549
1946-07-21,0.23
1946-07-22,0.214
1946-07-23,0.298
1946-07-24,0.229
1946-07-25,0.24
1946-07-26,0.245
1946-07-27,0.239
1946-07-28,0.262
1946-07-29,0.757
1946-07-30,3.014
1946-07-31,4.098
1946-08-01,7.94
1946-08-02,6.867
1946-08-03,6.583
1946-08-04,3.822
1946-08-05,5.362
1946-08-06,1.872
1946-08-07,0.744
1946-08-08,0.735
1946-08-09,0.553
1946-08-10,1.584
1946-08-11,2.989
1946-08-12,7.48
1946-08-13,19.619
1946-08-14,24.95
1946-08-15,22.96
1946-08-16,12.892
1946-08-17,13.99
1946-08-18,12.371
1946-08-19,7.405
1946-08-20,3.904
1946-08-21,2.955
1946-08-22,2.356
1946-08-23,2.328
1946-08-24,2.616
1946-08-25,2.499
1946-08-26,1.194
1946-08-27,0.557
1946-08-28,0.478
1946-08-29,0.532
1946-08-30,0.468
1946-08-31,0.58
1946-09-01,0.452
1946-09-02,6.496
1946-09-03,15.185
1946-09-04,8.103
1946-09-05,8.034
1946-09-06,21.151
1946-09-07,30.013
1946-09-08,25.859
1946-09-09,15.698
1946-09-10,13.345
1946-09-11,9.035
1946-09-12,2.607
1946-09-13,1.677
1946-09-14,1.612
1946-09-15,7.441
1946-09-16,9.06
1946-09-17,12.772
1946-09-18,8.626
1946-09-19,4.016
1946-09-20,0.896
1946-09-21,0.92
1946-09-22,0.924
1946-09-23,0.73
1946-09-24,0.35
1946-09-25,0.158
1946-09-26,0.153
1946-09-27,0.154
1946-09-28,0.15
1946-09-29,0.15
1946-09-30,0.159
1946-10-01,0.343
1946-10-02,4.147
1946-10-03,6.008
1946-10-04,7.573
1946-10-05,9.46
1946-10-06,5.014
1946-10-07,2.186
1946-10-08,6.988
1946-10-09,8.074
1946-10-10,13.838
1946-10-11,12.396
1946-10-12,23.082
1946-10-13,49.422
1946-10-14,82.494
1946-10-15,79.043
1946-10-16,91.928
1946-10-17,147.46
1946-10-18,150.311
1946-10-19,143.513
1946-10-20,127.837
1946-10-21,57.097
1946-10-22,26.793
1946-10-23,16.211
1946-10-24,9.895
1946-10-25,7.782
1946-10-26,22.862
1946-10-27,25.733
1946-10-28,21.446
1946-10-29,5.899
1946-10-30,0.83
1946-10-31,0.652
1946-11-01,0.563
1946-11-02,0.582
1946-11-03,0.871
1946-11-04,1.533
1946-11-05,1.751
1946-11-06,2.156
1946-11-07,4.7
1946-11-08,7.579
1946-11-09,6.148
1946-11-10,15.055
1946-11-11,19.725
1946-11-12,19.955
1946-11-13,43.13
1946-11-14,41.72
1946-11-15,46.816
1946-11-16,24.706
1946-11-17,10.91
1946-11-18,13.115
1946-11-19,5.132
1946-11-20,3.986
1946-11-21,18.502
1946-11-22,48.984
1946-11-23,37.997
1946-11-24,23.835
1946-11-25,9.115
1946-11-26,8.209
1946-11-27,3.637
1946-11-28,1.702
1946-11-29,2.441
1946-11-30,1.758
1946-12-01,1.675
1946-12-02,1.73
1946-12-03,2.234
1946-12-04,2.84
1946-12-05,5.438
1946-12-06,5.319
1946-12-07,4.003
1946-12-08,3.544
1946-12-09,2.419
1946-12-10,2.286
1946-12-11,2.265
1946-12-12,2.042
1946-12-13,2.167
1946-12-14,2.55
1946-12-15,2.765
1946-12-16,2.42
1946-12-17,2.205
1946-12-18,1.611
1946-12-19,1.38
1946-12-20,1.431
1946-12-21,1.527
1946-12-22,1.383
1946-12-23,1.311
1946-12-24,1.273
1946-12-25,1.257
1946-12-26,1.261
1946-12-27,1.263
1946-12-28,1.28
1946-12-29,1.272
1946-12-30,1.27
1946-12-31,1.24
1947-01-01,1.222
1947-01-02,1.215
1947-01-03,1.206
1947-01-04,1.215
1947-01-05,1.203
1947-01-06,1.187
1947-01-07,1.207
1947-01-08,1.89
1947-01-09,5.517
1947-01-10,4.514
1947-01-11,4.752
1947-01-12,4.548
1947-01-13,2.429
1947-01-14,1.755
1947-01-15,1.423
1947-01-16,2.262
1947-01-17,7.153
1947-01-18,5.482
1947-01-19,3.806
1947-01-20,3.657
1947-01-21,2.554
1947-01-22,4.867
1947-01-23,10.853
1947-01-24,11.514
1947-01-25,14.089
1947-01-26,19.87
1947-01-27,8.436
1947-01-28,1.604
1947-01-29,1.075
1947-01-30,1.044
1947-01-31,1.033
1947-02-01,1.029
1947-02-02,1.025
1947-02-03,1.027
1947-02-04,1.11
1947-02-05,1.121
1947-02-06,1.158
1947-02-07,1.22
1947-02-08,1.3
1947-02-09,1.555
1947-02-10,1.812
1947-02-11,4.335
1947-02-12,4.488
1947-02-13,6.701
1947-02-14,5.573
1947-02-15,9.189
1947-02-16,15.843
1947-02-17,14.819
1947-02-18,19.948
1947-02-19,33.405
1947-02-20,27.495
1947-02-21,30.256
1947-02-22,23.907
1947-02-23,6.857
1947-02-24,1.36
1947-02-25,1.432
1947-02-26,4.252
1947-02-27,5.672
1947-02-28,8.871
1947-03-01,13.306
1947-03-02,17.626
1947-03-03,11.57
1947-03-04,12.859
1947-03-05,18.567
1947-03-06,62.092
1947-03-07,73.549
1947-03-08,38.09
1947-03-09,38.769
1947-03-10,32.789
1947-03-11,11.033
1947-03-12,3.743
1947-03-13,3.789
1947-03-14,9.527
1947-03-15,9.507
1947-03-16,4.373
1947-03-17,27.007
1947-03-18,43.132
1947-03-19,50.077
1947-03-20,94.614
1947-03-21,63.82
1947-03-22,33.451
1947-03-23,30.164
1947-03-24,17.231
1947-03-25,37.517
1947-03-26,55.57
1947-03-27,70.665
1947-03-28,85.693
1947-03-29,144.598
1947-03-30,137.656
1947-03-31,77.92
1947-04-01,53.395
1947-04-02,36.112
1947-04-03,41.627
1947-04-04,36.326
1947-04-05,50.945
1947-04-06,59.964
1947-04-07,49.183
1947-04-08,24.64
1947-04-09,16.338
1947-04-10,13.102
1947-04-11,25.737
1947-04-12,22.42
1947-04-13,34.173
1947-04-14,44.008
1947-04-15,41.727
1947-04-16,44.836
1947-04-17,41.392
1947-04-18,56.523
1947-04-19,74.034
1947-04-20,52.228
1947-04-21,37.583
1947-04-22,31.812
1947-04-23,42.111
1947-04-24,74.378
1947-04-25,62.03
1947-04-26,45.035
1947-04-27,55.135
1947-04-28,42.082
1947-04-29,24.714
1947-04-30,16.35
1947-05-01,24.477
1947-05-02,34.438
1947-05-03,25.087
1947-05-04,22.809
1947-05-05,25.816
1947-05-06,32.746
1947-05-07,44.609
1947-05-08,63.793
1947-05-09,74.206
1947-05-10,51.254
1947-05-11,40.956
1947-05-12,54.946
1947-05-13,74.68
1947-05-14,65.706
1947-05-15,92.72
1947-05-16,51.471
1947-05-17,52.385
1947-05-18,61.058
1947-05-19,45.134
1947-05-20,49.775
1947-05-21,48.934
1947-05-22,62.712
1947-05-23,62.206
1947-05-24,62.21
1947-05-25,64.904
1947-05-26,51.94
1947-05-27,53.154
1947-05-28,60.061
1947-05-29,46.26
1947-05-30,41.352
1947-05-31,63.893
1947-06-01,54.998
1947-06-02,94.233
1947-06-03,103.977
1947-06-04,86.704
1947-06-05,105.88
1947-06-06,97.746
1947-06-07,85.38
1947-06-08,81.12
1947-06-09,57.963
1947-06-10,47.26
1947-06-11,56.103
1947-06-12,57.821
1947-06-13,55.137
1947-06-14,48.386
1947-06-15,40.875
1947-06-16,39.566
1947-06-17,39.244
1947-06-18,39.18
1947-06-19,38.812
1947-06-20,38.307
1947-06-21,37.689
1947-06-22,37.067
1947-06-23,36.735
1947-06-24,36.995
1947-06-25,37.486
1947-06-26,37.332
1947-06-27,37.601
1947-06-28,35.897
1947-06-29,33.635
1947-06-30,32.433
1947-07-01,32.117
1947-07-02,32.292
1947-07-03,34.484
1947-07-04,33.263
1947-07-05,33.184
1947-07-06,35.927
1947-07-07,35.224
1947-07-08,37.477
1947-07-09,47.658
1947-07-10,44.754
1947-07-11,40.012
1947-07-12,33.139
1947-07-13,33.575
1947-07-14,40.248
1947-07-15,69.462
1947-07-16,68.013
1947-07-17,70.583
1947-07-18,50.957
1947-07-19,55.421
1947-07-20,43.67
1947-07-21,55.715
1947-07-22,48.098
1947-07-23,46.352
1947-07-24,30.905
1947-07-25,25.385
1947-07-26,23.826
1947-07-27,23.375
1947-07-28,23.263
1947-07-29,23.13
1947-07-30,23.682
1947-07-31,28.224
1947-08-01,41.572
1947-08-02,38.423
1947-08-03,32.914
1947-08-04,48.864
1947-08-05,40.633
1947-08-06,37.867
1947-08-07,40.74
1947-08-08,27.026
1947-08-09,21.708
1947-08-10,21.158
1947-08-11,21.422
1947-08-12,26.322
1947-08-13,35.723
1947-08-14,41.655
1947-08-15,43.312
1947-08-16,49.389
1947-08-17,45.74
1947-08-18,51.777
1947-08-19,43.23
1947-08-20,46.932
1947-08-21,35.117
1947-08-22,23.802
1947-08-23,31.115
1947-08-24,39.051
1947-08-25,47.643
1947-08-26,47.285
1947-08-27,35.298
1947-08-28,35.977
1947-08-29,39.73
1947-08-30,33.699
1947-08-31,28.333
1947-09-01,24.057
1947-09-02,21.621
1947-09-03,21.705
1947-09-04,24.517
1947-09-05,23.665
1947-09-06,21.745
1947-09-07,20.803
1947-09-08,20.51
1947-09-09,20.652
1947-09-10,20.439
1947-09-11,20.255
1947-09-12,20.738
1947-09-13,20.316
1947-09-14,20.065
1947-09-15,19.57
1947-09-16,19.293
1947-09-17,19.206
1947-09-18,19.026
1947-09-19,18.871
1947-09-20,18.579
1947-09-21,18.36
1947-09-22,18.13
1947-09-23,17.939
1947-09-24,17.647
1947-09-25,17.512
1947-09-26,17.938
1947-09-27,18.135
1947-09-28,18.38
1947-09-29,18.539
1947-09-30,17.517
1947-10-01,17.296
1947-10-02,16.914
1947-10-03,16.292
1947-10-04,15.686
1947-10-05,15.225
1947-10-06,14.985
1947-10-07,14.8
1947-10-08,14.491
1947-10-09,14.232
1947-10-10,14.013
1947-10-11,13.775
1947-10-12,13.522
1947-10-13,13.281
1947-10-14,13.072
1947-10-15,12.845
1947-10-16,12.605
1947-10-17,12.365
1947-10-18,12.131
1947-10-19,11.929
1947-10-20,11.726
1947-10-21,11.577
1947-10-22,11.371
1947-10-23,11.14
1947-10-24,10.888
1947-10-25,10.67
1947-10-26,10.45
1947-10-27,10.235
1947-10-28,10.02
1947-10-29,9.813
1947-10-30,9.604
1947-10-31,9.416
1947-11-01,9.192
1947-11-02,9.008
1947-11-03,8.81
1947-11-04,8.645
1947-11-05,8.453
1947-11-06,8.344
1947-11-07,8.222
1947-11-08,8.124
1947-11-09,8.211
1947-11-10,8.244
1947-11-11,8.322
1947-11-12,8.146
1947-11-13,8.107
1947-11-14,7.848
1947-11-15,7.537
1947-11-16,7.148
1947-11-17,6.908
1947-11-18,6.75
1947-11-19,6.621
1947-11-20,6.486
1947-11-21,6.427
1947-11-22,6.363
1947-11-23,6.319
1947-11-24,6.264
1947-11-25,6.232
1947-11-26,6.134
1947-11-27,6.203
1947-11-28,6.111
1947-11-29,5.88
1947-11-30,5.82
1947-12-01,5.847
1947-12-02,7.577
1947-12-03,7.183
1947-12-04,7.328
1947-12-05,7.552
1947-12-06,7.458
1947-12-07,8.325
1947-12-08,6.992
1947-12-09,6.198
1947-12-10,8.31
1947-12-11,7.146
1947-12-12,5.817
1947-12-13,5.127
1947-12-14,4.917
1947-12-15,4.756
1947-12-16,4.576
1947-12-17,4.47
1947-12-18,4.436
1947-12-19,4.383
1947-12-20,4.297
1947-12-21,4.244
1947-12-22,4.188
1947-12-23,4.102
1947-12-24,4.032
1947-12-25,4.018
1947-12-26,4.0
1947-12-27,3.991
1947-12-28,3.893
1947-12-29,3.825
1947-12-30,3.791
1947-12-31,3.742
1948-01-01,3.683
1948-01-02,3.615
1948-01-03,3.574
1948-01-04,3.504
1948-01-05,3.42
1948-01-06,3.388
1948-01-07,3.521
1948-01-08,4.075
1948-01-09,3.664
1948-01-10,3.496
1948-01-11,3.372
1948-01-12,3.219
1948-01-13,3.134
1948-01-14,3.041
1948-01-15,2.99
1948-01-16,2.966
1948-01-17,2.952
1948-01-18,2.922
1948-01-19,2.916
1948-01-20,2.887
1948-01-21,2.827
1948-01-22,3.046
1948-01-23,2.979
1948-01-24,3.11
1948-01-25,3.24
1948-01-26,2.864
1948-01-27,2.744
1948-01-28,2.946
1948-01-29,3.047
1948-01-30,3.44
1948-01-31,3.749
1948-02-01,3.392
1948-02-02,2.956
1948-02-03,2.743
1948-02-04,3.563
1948-02-05,6.258
1948-02-06,5.482
1948-02-07,4.485
1948-02-08,3.74
1948-02-09,2.791
1948-02-10,2.864
1948-02-11,3.97
1948-02-12,9.049
1948-02-13,24.824
1948-02-14,23.527
1948-02-15,19.687
1948-02-16,11.323
1948-02-17,4.442
1948-02-18,2.449
1948-02-19,2.203
1948-02-20,2.126
1948-02-21,2.067
1948-02-22,2.036
1948-02-23,2.003
1948-02-24,2.123
1948-02-25,2.601
1948-02-26,2.82
1948-02-27,2.717
1948-02-28,2.884
1948-02-29,2.603
1948-03-01,2.057
1948-03-02,1.908
1948-03-03,1.905
1948-03-04,1.923
1948-03-05,1.945
1948-03-06,2.156
1948-03-07,2.136
1948-03-08,2.701
1948-03-09,2.681
1948-03-10,3.6
1948-03-11,4.662
1948-03-12,12.784
1948-03-13,11.554
1948-03-14,4.386
1948-03-15,4.665
1948-03-16,7.565
1948-03-17,21.51
1948-03-18,14.18
1948-03-19,9.192
1948-03-20,8.149
1948-03-21,4.379
1948-03-22,1.86
1948-03-23,1.626
1948-03-24,1.575
1948-03-25,1.586
1948-03-26,1.604
1948-03-27,1.698
1948-03-28,2.07
1948-03-29,4.062
1948-03-30,5.132
1948-03-31,3.285
1948-04-01,3.032
1948-04-02,2.658
1948-04-03,2.038
1948-04-04,1.578
1948-04-05,1.602
1948-04-06,1.865
1948-04-07,1.846
1948-04-08,1.942
1948-04-09,1.912
1948-04-10,3.596
1948-04-11,2.073
1948-04-12,1.647
1948-04-13,1.454
1948-04-14,1.3
1948-04-15,1.291
1948-04-16,1.303
1948-04-17,1.306
1948-04-18,1.373
1948-04-19,1.509
1948-04-20,1.824
1948-04-21,2.144
1948-04-22,2.921
1948-04-23,4.45
1948-04-24,5.098
1948-04-25,11.078
1948-04-26,16.735
1948-04-27,17.144
1948-04-28,24.44
1948-04-29,22.006
1948-04-30,19.147
1948-05-01,11.5
1948-05-02,7.38
1948-05-03,4.172
1948-05-04,4.574
1948-05-05,4.435
1948-05-06,9.33
1948-05-07,11.92
1948-05-08,13.902
1948-05-09,19.93
1948-05-10,16.513
1948-05-11,11.694
1948-05-12,15.228
1948-05-13,14.219
1948-05-14,17.89
1948-05-15,44.344
1948-05-16,44.802
1948-05-17,45.597
1948-05-18,57.45
1948-05-19,42.361
1948-05-20,15.731
1948-05-21,3.863
1948-05-22,1.385
1948-05-23,1.136
1948-05-24,1.111
1948-05-25,1.251
1948-05-26,1.731
1948-05-27,1.688
1948-05-28,2.298
1948-05-29,3.184
1948-05-30,4.731
1948-05-31,5.0
1948-06-01,8.531
1948-06-02,13.105
1948-06-03,7.598
1948-06-04,4.127
1948-06-05,4.31
1948-06-06,9.085
1948-06-07,4.3
1948-06-08,3.296
1948-06-09,4.255
1948-06-10,4.68
1948-06-11,4.921
1948-06-12,3.502
1948-06-13,2.082
1948-06-14,1.717
1948-06-15,1.605
1948-06-16,1.282
1948-06-17,1.509
1948-06-18,2.493
1948-06-19,4.504
1948-06-20,11.039
1948-06-21,12.575
1948-06-22,13.811
1948-06-23,14.985
1948-06-24,16.122
1948-06-25,29.023
1948-06-26,22.758
1948-06-27,12.632
1948-06-28,17.092
1948-06-29,26.912
1948-06-30,13.581
1948-07-01,9.405
1948-07-02,18.959
1948-07-03,18.885
1948-07-04,14.01
1948-07-05,11.912
1948-07-06,5.645
1948-07-07,3.38
1948-07-08,2.955
1948-07-09,3.333
1948-07-10,3.338
1948-07-11,2.412
1948-07-12,2.902
1948-07-13,4.298
1948-07-14,4.093
1948-07-15,3.383
1948-07-16,2.949
1948-07-17,3.305
1948-07-18,2.858
1948-07-19,1.92
1948-07-20,1.796
1948-07-21,1.855
1948-07-22,2.252
1948-07-23,2.971
1948-07-24,2.966
1948-07-25,4.12
1948-07-26,6.56
1948-07-27,13.542
1948-07-28,13.7
1948-07-29,5.624
1948-07-30,4.556
1948-07-31,11.022
1948-08-01,12.244
1948-08-02,9.316
1948-08-03,15.972
1948-08-04,33.092
1948-08-05,25.782
1948-08-06,26.51
1948-08-07,23.98
1948-08-08,20.681
1948-08-09,15.046
1948-08-10,18.179
1948-08-11,37.479
1948-08-12,41.849
1948-08-13,43.929
1948-08-14,62.062
1948-08-15,57.001
1948-08-16,53.232
1948-08-17,70.691
1948-08-18,73.333
1948-08-19,50.438
1948-08-20,30.613
1948-08-21,32.625
1948-08-22,27.815
1948-08-23,55.068
1948-08-24,42.381
1948-08-25,26.043
1948-08-26,16.795
1948-08-27,13.312
1948-08-28,13.163
1948-08-29,11.861
1948-08-30,11.893
1948-08-31,10.963
1948-09-01,11.226
1948-09-02,10.564
1948-09-03,10.798
1948-09-04,11.652
1948-09-05,15.411
1948-09-06,20.708
1948-09-07,21.129
1948-09-08,30.918
1948-09-09,33.057
1948-09-10,29.343
1948-09-11,36.117
1948-09-12,25.896
1948-09-13,20.253
1948-09-14,25.575
1948-09-15,28.014
1948-09-16,25.033
1948-09-17,20.07
1948-09-18,14.002
1948-09-19,14.285
1948-09-20,13.342
1948-09-21,11.835
1948-09-22,13.993
1948-09-23,20.889
1948-09-24,26.139
1948-09-25,19.587
1948-09-26,29.165
1948-09-27,29.613
1948-09-28,21.776
1948-09-29,16.062
1948-09-30,13.518
1948-10-01,12.76
1948-10-02,12.389
1948-10-03,11.634
1948-10-04,11.16
1948-10-05,10.932
1948-10-06,11.157
1948-10-07,12.075
1948-10-08,14.566
1948-10-09,20.613
1948-10-10,32.89
1948-10-11,42.655
1948-10-12,34.754
1948-10-13,21.51
1948-10-14,18.394
1948-10-15,15.732
1948-10-16,14.439
1948-10-17,14.159
1948-10-18,13.798
1948-10-19,15.372
1948-10-20,26.944
1948-10-21,35.58
1948-10-22,48.553
1948-10-23,66.103
1948-10-24,54.209
1948-10-25,118.815
1948-10-26,88.264
1948-10-27,79.756
1948-10-28,80.855
1948-10-29,64.199
1948-10-30,56.925
1948-10-31,47.651
1948-11-01,73.876
1948-11-02,68.454
1948-11-03,45.67
1948-11-04,40.979
1948-11-05,33.965
1948-11-06,24.535
1948-11-07,23.633
1948-11-08,22.236
1948-11-09,21.705
1948-11-10,21.845
1948-11-11,22.0
1948-11-12,22.013
1948-11-13,21.976
1948-11-14,21.802
1948-11-15,21.599
1948-11-16,21.45
1948-11-17,21.292
1948-11-18,21.072
1948-11-19,21.065
1948-11-20,21.07
1948-11-21,21.442
1948-11-22,21.942
1948-11-23,21.998
1948-11-24,21.323
1948-11-25,21.165
1948-11-26,20.483
1948-11-27,21.349
1948-11-28,20.316
1948-11-29,20.352
1948-11-30,19.065
1948-12-01,18.242
1948-12-02,17.843
1948-12-03,17.559
1948-12-04,17.286
1948-12-05,16.992
1948-12-06,16.723
1948-12-07,16.448
1948-12-08,16.189
1948-12-09,15.927
1948-12-10,15.666
1948-12-11,15.405
1948-12-12,15.16
1948-12-13,14.887
1948-12-14,14.66
1948-12-15,14.423
1948-12-16,14.15
1948-12-17,13.899
1948-12-18,13.659
1948-12-19,13.411
1948-12-20,13.19
1948-12-21,12.928
1948-12-22,12.889
1948-12-23,12.612
1948-12-24,12.521
1948-12-25,12.768
1948-12-26,12.946
1948-12-27,12.176
1948-12-28,11.524
1948-12-29,11.29
1948-12-30,11.067
1948-12-31,10.879
1949-01-01,11.022
1949-01-02,13.127
1949-01-03,14.76
1949-01-04,15.104
1949-01-05,14.588
1949-01-06,13.66
1949-01-07,13.296
1949-01-08,13.064
1949-01-09,12.825
1949-01-10,12.627
1949-01-11,12.403
1949-01-12,12.14
1949-01-13,11.912
1949-01-14,11.732
1949-01-15,11.554
1949-01-16,11.338
1949-01-17,11.166
1949-01-18,10.978
1949-01-19,10.754
1949-01-20,10.561
1949-01-21,10.348
1949-01-22,10.165
1949-01-23,9.972
1949-01-24,9.806
1949-01-25,9.682
1949-01-26,9.543
1949-01-27,9.501
1949-01-28,9.308
1949-01-29,9.068
1949-01-30,8.984
1949-01-31,9.161
1949-02-01,9.324
1949-02-02,10.379
1949-02-03,11.612
1949-02-04,16.065
1949-02-05,12.705
1949-02-06,8.429
1949-02-07,7.886
1949-02-08,7.828
1949-02-09,7.827
1949-02-10,7.589
1949-02-11,7.362
1949-02-12,7.212
1949-02-13,7.062
1949-02-14,6.963
1949-02-15,6.884
1949-02-16,6.859
1949-02-17,6.785
1949-02-18,6.789
1949-02-19,6.824
1949-02-20,6.714
1949-02-21,7.2
1949-02-22,7.443
1949-02-23,6.908
1949-02-24,6.719
1949-02-25,6.312
1949-02-26,6.007
1949-02-27,5.808
1949-02-28,5.682
1949-03-01,5.663
1949-03-02,5.584
1949-03-03,5.554
1949-03-04,5.483
1949-03-05,5.302
1949-03-06,5.197
1949-03-07,5.115
1949-03-08,5.205
1949-03-09,5.407
1949-03-10,6.385
1949-03-11,6.163
1949-03-12,5.95
1949-03-13,5.829
1949-03-14,6.149
1949-03-15,5.556
1949-03-16,5.788
1949-03-17,5.148
1949-03-18,4.834
1949-03-19,5.978
1949-03-20,7.595
1949-03-21,6.202
1949-03-22,4.749
1949-03-23,4.392
1949-03-24,4.218
1949-03-25,4.005
1949-03-26,3.89
1949-03-27,3.887
1949-03-28,3.968
1949-03-29,4.087
1949-03-30,6.291
1949-03-31,10.806
1949-04-01,9.334
1949-04-02,11.028
1949-04-03,17.841
1949-04-04,28.692
1949-04-05,45.778
1949-04-06,37.084
1949-04-07,17.768
1949-04-08,12.813
1949-04-09,84.054
1949-04-10,118.854
1949-04-11,56.102
1949-04-12,337.573
1949-04-13,437.818
1949-04-14,226.541
1949-04-15,118.225
1949-04-16,86.289
1949-04-17,94.593
1949-04-18,54.76
1949-04-19,25.009
1949-04-20,16.904
1949-04-21,18.268
1949-04-22,13.343
1949-04-23,7.606
1949-04-24,9.055
1949-04-25,10.105
1949-04-26,32.172
1949-04-27,46.448
1949-04-28,29.116
1949-04-29,55.439
1949-04-30,67.117
1949-05-01,60.192
1949-05-02,32.871
1949-05-03,36.76
1949-05-04,38.492
1949-05-05,29.69
1949-05-06,30.163
1949-05-07,23.847
1949-05-08,26.554
1949-05-09,35.325
1949-05-10,22.776
1949-05-11,31.447
1949-05-12,42.738
1949-05-13,47.976
1949-05-14,78.23
1949-05-15,95.288
1949-05-16,53.11
1949-05-17,38.681
1949-05-18,67.079
1949-05-19,115.664
1949-05-20,94.815
1949-05-21,83.69
1949-05-22,75.043
1949-05-23,52.109
1949-05-24,51.693
1949-05-25,76.52
1949-05-26,65.29
1949-05-27,51.744
1949-05-28,47.649
1949-05-29,35.554
1949-05-30,42.808
1949-05-31,56.336
1949-06-01,64.236
1949-06-02,44.244
1949-06-03,51.958
1949-06-04,88.755
1949-06-05,67.068
1949-06-06,56.542
1949-06-07,61.45
1949-06-08,48.231
1949-06-09,31.771
1949-06-10,23.573
1949-06-11,23.297
1949-06-12,27.801
1949-06-13,42.285
1949-06-14,53.512
1949-06-15,43.553
1949-06-16,55.046
1949-06-17,82.595
1949-06-18,84.089
1949-06-19,98.209
1949-06-20,97.46
1949-06-21,129.291
1949-06-22,118.156
1949-06-23,99.969
1949-06-24,80.816
1949-06-25,69.224
1949-06-26,84.029
1949-06-27,92.109
1949-06-28,73.801
1949-06-29,58.834
1949-06-30,58.234
1949-07-01,55.096
1949-07-02,79.796
1949-07-03,84.231
1949-07-04,70.204
1949-07-05,58.158
1949-07-06,59.36
1949-07-07,63.285
1949-07-08,56.874
1949-07-09,51.26
1949-07-10,49.649
1949-07-11,54.7
1949-07-12,69.411
1949-07-13,71.45
1949-07-14,91.09
1949-07-15,90.77
1949-07-16,88.73
1949-07-17,83.175
1949-07-18,98.824
1949-07-19,96.622
1949-07-20,94.997
1949-07-21,80.746
1949-07-22,60.05
1949-07-23,47.62
1949-07-24,47.06
1949-07-25,46.055
1949-07-26,45.06
1949-07-27,44.873
1949-07-28,44.617
1949-07-29,44.561
1949-07-30,44.785
1949-07-31,44.457
1949-08-01,43.275
1949-08-02,42.466
1949-08-03,41.202
1949-08-04,40.618
1949-08-05,40.51
1949-08-06,41.726
1949-08-07,42.185
1949-08-08,42.99
1949-08-09,40.945
1949-08-10,39.807
1949-08-11,38.719
1949-08-12,37.951
1949-08-13,37.299
1949-08-14,38.43
1949-08-15,37.44
1949-08-16,36.293
1949-08-17,36.083
1949-08-18,35.8
1949-08-19,34.288
1949-08-20,33.79
1949-08-21,35.721
1949-08-22,35.239
1949-08-23,44.639
1949-08-24,43.05
1949-08-25,34.776
1949-08-26,32.698
1949-08-27,53.65
1949-08-28,65.796
1949-08-29,55.919
1949-08-30,38.724
1949-08-31,38.058
1949-09-01,49.246
1949-09-02,45.025
1949-09-03,41.005
1949-09-04,37.906
1949-09-05,32.04
1949-09-06,33.865
1949-09-07,42.762
1949-09-08,46.033
1949-09-09,80.358
1949-09-10,82.581
1949-09-11,69.43
1949-09-12,55.302
1949-09-13,40.445
1949-09-14,65.821
1949-09-15,78.318
1949-09-16,111.255
1949-09-17,73.31
1949-09-18,57.264
1949-09-19,53.039
1949-09-20,71.651
1949-09-21,61.637
1949-09-22,54.903
1949-09-23,53.52
1949-09-24,81.098
1949-09-25,122.731
1949-09-26,108.603
1949-09-27,87.279
1949-09-28,80.849
1949-09-29,59.592
1949-09-30,46.46
1949-10-01,52.106
1949-10-02,55.047
1949-10-03,74.091
1949-10-04,56.653
1949-10-05,53.893
1949-10-06,42.913
1949-10-07,32.836
1949-10-08,32.028
1949-10-09,31.947
1949-10-10,31.849
1949-10-11,32.483
1949-10-12,33.238
1949-10-13,32.659
1949-10-14,34.008
1949-10-15,32.214
1949-10-16,32.684
1949-10-17,31.705
1949-10-18,31.214
1949-10-19,31.908
1949-10-20,32.088
1949-10-21,30.214
1949-10-22,29.41
1949-10-23,28.715
1949-10-24,28.277
1949-10-25,27.994
1949-10-26,27.91
1949-10-27,27.584
1949-10-28,27.71
1949-10-29,28.893
1949-10-30,28.175
1949-10-31,28.839
1949-11-01,27.19
1949-11-02,25.33
1949-11-03,24.812
1949-11-04,24.475
1949-11-05,24.116
1949-11-06,23.798
1949-11-07,23.521
1949-11-08,23.193
1949-11-09,22.887
1949-11-10,22.437
1949-11-11,22.04
1949-11-12,21.751
1949-11-13,21.924
1949-11-14,21.646
1949-11-15,21.86
1949-11-16,21.084
1949-11-17,20.32
1949-11-18,19.925
1949-11-19,20.279
1949-11-20,23.298
1949-11-21,21.636
1949-11-22,22.09
1949-11-23,21.681
1949-11-24,21.753
1949-11-25,20.55
1949-11-26,23.011
1949-11-27,24.029
1949-11-28,20.211
1949-11-29,18.824
1949-11-30,18.135
1949-12-01,17.13
1949-12-02,16.657
1949-12-03,16.831
1949-12-04,24.544
1949-12-05,31.617
1949-12-06,44.332
1949-12-07,34.482
1949-12-08,21.935
1949-12-09,20.261
1949-12-10,16.666
1949-12-11,16.025
1949-12-12,15.254
1949-12-13,14.677
1949-12-14,14.392
1949-12-15,14.232
1949-12-16,14.152
1949-12-17,14.108
1949-12-18,14.096
1949-12-19,16.47
1949-12-20,14.975
1949-12-21,14.498
1949-12-22,13.915
1949-12-23,13.484
1949-12-24,14.103
1949-12-25,13.965
1949-12-26,13.826
1949-12-27,13.597
1949-12-28,12.973
1949-12-29,12.656
1949-12-30,12.838
1949-12-31,12.686
1950-01-01,12.355
1950-01-02,12.23
1950-01-03,12.015
1950-01-04,11.773
1950-01-05,11.549
1950-01-06,11.397
1950-01-07,11.209
1950-01-08,11.095
1950-01-09,10.948
1950-01-10,10.783
1950-01-11,10.653
1950-01-12,10.584
1950-01-13,10.603
1950-01-14,10.722
1950-01-15,11.451
1950-01-16,10.715
1950-01-17,10.193
1950-01-18,10.288
1950-01-19,10.217
1950-01-20,9.9
1950-01-21,9.925
1950-01-22,9.801
1950-01-23,10.216
1950-01-24,9.936
1950-01-25,9.331
1950-01-26,8.969
1950-01-27,8.814
1950-01-28,9.074
1950-01-29,10.248
1950-01-30,10.889
1950-01-31,10.785
1950-02-01,10.086
1950-02-02,8.833
1950-02-03,8.192
1950-02-04,7.937
1950-02-05,8.883
1950-02-06,11.037
1950-02-07,12.587
1950-02-08,16.586
1950-02-09,19.884
1950-02-10,34.467
1950-02-11,24.401
1950-02-12,11.568
1950-02-13,7.463
1950-02-14,7.1
1950-02-15,7.027
1950-02-16,6.96
1950-02-17,6.859
1950-02-18,6.774
1950-02-19,6.686
1950-02-20,6.6
1950-02-21,6.511
1950-02-22,6.476
1950-02-23,6.418
1950-02-24,6.348
1950-02-25,6.285
1950-02-26,6.153
1950-02-27,6.03
1950-02-28,5.999
1950-03-01,5.893
1950-03-02,5.786
1950-03-03,5.709
1950-03-04,5.628
1950-03-05,5.567
1950-03-06,5.489
1950-03-07,5.705
1950-03-08,8.679
1950-03-09,15.249
1950-03-10,9.831
1950-03-11,12.251
1950-03-12,9.299
1950-03-13,9.339
1950-03-14,22.028
1950-03-15,36.989
1950-03-16,30.462
1950-03-17,38.427
1950-03-18,48.122
1950-03-19,55.867
1950-03-20,71.203
1950-03-21,122.836
1950-03-22,83.79
1950-03-23,73.65
1950-03-24,65.128
1950-03-25,47.583
1950-03-26,15.385
1950-03-27,22.159
1950-03-28,40.661
1950-03-29,28.9
1950-03-30,21.724
1950-03-31,26.982
1950-04-01,13.979
1950-04-02,11.137
1950-04-03,6.864
1950-04-04,8.248
1950-04-05,16.468
1950-04-06,15.848
1950-04-07,17.188
1950-04-08,16.73
1950-04-09,28.45
1950-04-10,22.825
1950-04-11,22.985
1950-04-12,24.144
1950-04-13,32.732
1950-04-14,66.188
1950-04-15,53.582
1950-04-16,47.05
1950-04-17,78.555
1950-04-18,131.277
1950-04-19,120.374
1950-04-20,95.915
1950-04-21,70.754
1950-04-22,39.235
1950-04-23,30.673
1950-04-24,62.071
1950-04-25,84.636
1950-04-26,102.16
1950-04-27,94.813
1950-04-28,113.732
1950-04-29,108.68
1950-04-30,70.32
1950-05-01,82.709
1950-05-02,148.58
1950-05-03,206.684
1950-05-04,202.345
1950-05-05,159.232
1950-05-06,142.268
1950-05-07,94.067
1950-05-08,68.913
1950-05-09,66.976
1950-05-10,75.847
1950-05-11,70.857
1950-05-12,75.268
1950-05-13,71.857
1950-05-14,92.678
1950-05-15,105.794
1950-05-16,128.932
1950-05-17,148.055
1950-05-18,139.155
1950-05-19,147.515
1950-05-20,162.641
1950-05-21,158.921
1950-05-22,141.754
1950-05-23,109.787
1950-05-24,100.27
1950-05-25,163.286
1950-05-26,189.143
1950-05-27,247.108
1950-05-28,261.577
1950-05-29,244.316
1950-05-30,233.173
1950-05-31,177.161
1950-06-01,158.77
1950-06-02,151.902
1950-06-03,145.732
1950-06-04,142.56
1950-06-05,139.547
1950-06-06,135.616
1950-06-07,131.945
1950-06-08,131.594
1950-06-09,155.028
1950-06-10,146.542
1950-06-11,120.963
1950-06-12,109.665
1950-06-13,114.309
1950-06-14,146.001
1950-06-15,149.237
1950-06-16,149.56
1950-06-17,139.241
1950-06-18,145.197
1950-06-19,117.711
1950-06-20,115.727
1950-06-21,113.707
1950-06-22,104.751
1950-06-23,109.225
1950-06-24,100.101
1950-06-25,97.378
1950-06-26,94.119
1950-06-27,97.942
1950-06-28,113.016
1950-06-29,114.04
1950-06-30,117.813
1950-07-01,95.656
1950-07-02,84.982
1950-07-03,83.635
1950-07-04,83.426
1950-07-05,85.357
1950-07-06,90.871
1950-07-07,84.708
1950-07-08,80.327
1950-07-09,79.952
1950-07-10,100.308
1950-07-11,185.75
1950-07-12,215.552
1950-07-13,208.094
1950-07-14,175.008
1950-07-15,136.566
1950-07-16,121.02
1950-07-17,123.019
1950-07-18,129.409
1950-07-19,106.632
1950-07-20,86.161
1950-07-21,82.018
1950-07-22,80.14
1950-07-23,90.724
1950-07-24,88.413
1950-07-25,87.163
1950-07-26,83.105
1950-07-27,77.807
1950-07-28,76.199
1950-07-29,75.463
1950-07-30,74.25
1950-07-31,73.405
1950-08-01,73.229
1950-08-02,72.606
1950-08-03,71.871
1950-08-04,71.965
1950-08-05,72.07
1950-08-06,72.451
1950-08-07,71.14
1950-08-08,73.302
1950-08-09,84.755
1950-08-10,78.599
1950-08-11,73.281
1950-08-12,75.758
1950-08-13,69.433
1950-08-14,63.036
1950-08-15,62.43
1950-08-16,64.135
1950-08-17,61.267
1950-08-18,59.797
1950-08-19,62.295
1950-08-20,58.718
1950-08-21,60.386
1950-08-22,60.628
1950-08-23,66.602
1950-08-24,84.748
1950-08-25,94.458
1950-08-26,87.632
1950-08-27,75.509
1950-08-28,71.93
1950-08-29,69.847
1950-08-30,76.078
1950-08-31,91.07
1950-09-01,87.583
1950-09-02,83.83
1950-09-03,76.1
1950-09-04,88.331
1950-09-05,114.123
1950-09-06,127.21
1950-09-07,116.787
1950-09-08,77.138
1950-09-09,66.729
1950-09-10,71.162
1950-09-11,59.018
1950-09-12,58.332
1950-09-13,57.036
1950-09-14,55.857
1950-09-15,58.955
1950-09-16,69.205
1950-09-17,81.73
1950-09-18,102.77
1950-09-19,165.207
1950-09-20,213.714
1950-09-21,241.202
1950-09-22,246.98
1950-09-23,246.218
1950-09-24,177.12
1950-09-25,135.175
1950-09-26,134.035
1950-09-27,149.554
1950-09-28,152.128
1950-09-29,129.899
1950-09-30,130.283
1950-10-01,130.786
1950-10-02,119.262
1950-10-03,119.492
1950-10-04,124.549
1950-10-05,121.342
1950-10-06,123.529
1950-10-07,119.205
1950-10-08,105.45
1950-10-09,100.626
1950-10-10,98.579
1950-10-11,96.822
1950-10-12,95.237
1950-10-13,93.527
1950-10-14,93.906
1950-10-15,97.153
1950-10-16,126.578
1950-10-17,158.188
1950-10-18,129.134
1950-10-19,105.265
1950-10-20,99.615
1950-10-21,108.16
1950-10-22,116.733
1950-10-23,160.212
1950-10-24,145.445
1950-10-25,144.995
1950-10-26,139.518
1950-10-27,114.186
1950-10-28,106.311
1950-10-29,97.641
1950-10-30,79.073
1950-10-31,72.772
1950-11-01,71.714
1950-11-02,70.989
1950-11-03,71.722
1950-11-04,70.658
1950-11-05,71.188
1950-11-06,69.645
1950-11-07,68.249
1950-11-08,66.515
1950-11-09,68.335
1950-11-10,70.034
1950-11-11,71.612
1950-11-12,76.218
1950-11-13,72.586
1950-11-14,65.832
1950-11-15,64.616
1950-11-16,62.946
1950-11-17,59.13
1950-11-18,59.145
1950-11-19,60.707
1950-11-20,57.546
1950-11-21,58.775
1950-11-22,66.697
1950-11-23,96.233
1950-11-24,76.824
1950-11-25,67.589
1950-11-26,56.508
1950-11-27,54.052
1950-11-28,51.41
1950-11-29,50.355
1950-11-30,49.22
1950-12-01,48.404
1950-12-02,47.743
1950-12-03,47.374
1950-12-04,46.887
1950-12-05,46.333
1950-12-06,45.708
1950-12-07,45.754
1950-12-08,47.905
1950-12-09,45.636
1950-12-10,46.038
1950-12-11,43.875
1950-12-12,41.615
1950-12-13,40.66
1950-12-14,39.992
1950-12-15,39.338
1950-12-16,38.694
1950-12-17,38.034
1950-12-18,37.382
1950-12-19,36.734
1950-12-20,36.066
1950-12-21,35.417
1950-12-22,34.785
1950-12-23,34.148
1950-12-24,33.516
1950-12-25,32.92
1950-12-26,32.314
1950-12-27,31.696
1950-12-28,31.088
1950-12-29,30.479
1950-12-30,29.854
1950-12-31,29.248
1951-01-01,28.642
1951-01-02,28.06
1951-01-03,27.47
1951-01-04,26.94
1951-01-05,26.353
1951-01-06,25.806
1951-01-07,25.295
1951-01-08,24.739
1951-01-09,24.205
1951-01-10,23.719
1951-01-11,23.205
1951-01-12,22.795
1951-01-13,22.863
1951-01-14,23.22
1951-01-15,23.175
1951-01-16,23.665
1951-01-17,23.92
1951-01-18,22.448
1951-01-19,20.716
1951-01-20,20.194
1951-01-21,19.75
1951-01-22,19.238
1951-01-23,18.828
1951-01-24,18.442
1951-01-25,18.047
1951-01-26,17.741
1951-01-27,17.402
1951-01-28,17.118
1951-01-29,16.765
1951-01-30,16.438
1951-01-31,16.24
1951-02-01,18.828
1951-02-02,16.709
1951-02-03,16.586
1951-02-04,16.944
1951-02-05,15.508
1951-02-06,14.992
1951-02-07,14.53
1951-02-08,15.169
1951-02-09,16.598
1951-02-10,20.424
1951-02-11,25.358
1951-02-12,25.706
1951-02-13,30.449
1951-02-14,18.403
1951-02-15,13.098
1951-02-16,12.667
1951-02-17,14.19
1951-02-18,13.819
1951-02-19,14.263
1951-02-20,13.467
1951-02-21,12.379
1951-02-22,11.867
1951-02-23,11.438
1951-02-24,11.178
1951-02-25,10.862
1951-02-26,10.645
1951-02-27,10.627
1951-02-28,11.161
1951-03-01,10.792
1951-03-02,10.868
1951-03-03,10.462
1951-03-04,9.892
1951-03-05,9.584
1951-03-06,9.501
1951-03-07,9.41
1951-03-08,9.661
1951-03-09,12.119
1951-03-10,16.955
1951-03-11,15.287
1951-03-12,23.346
1951-03-13,14.435
1951-03-14,12.698
1951-03-15,12.245
1951-03-16,10.984
1951-03-17,11.4
1951-03-18,26.026
1951-03-19,18.65
1951-03-20,19.222
1951-03-21,21.654
1951-03-22,24.95
1951-03-23,31.902
1951-03-24,33.646
1951-03-25,42.583
1951-03-26,39.499
1951-03-27,37.006
1951-03-28,44.993
1951-03-29,44.458
1951-03-30,99.953
1951-03-31,74.925
1951-04-01,81.082
1951-04-02,83.99
1951-04-03,58.321
1951-04-04,56.329
1951-04-05,66.477
1951-04-06,55.105
1951-04-07,51.907
1951-04-08,73.081
1951-04-09,76.82
1951-04-10,53.474
1951-04-11,72.554
1951-04-12,89.638
1951-04-13,57.986
1951-04-14,50.445
1951-04-15,58.97
1951-04-16,109.318
1951-04-17,179.09
1951-04-18,182.282
1951-04-19,120.157
1951-04-20,123.072
1951-04-21,109.485
1951-04-22,131.446
1951-04-23,109.199
1951-04-24,74.002
1951-04-25,58.326
1951-04-26,75.115
1951-04-27,118.215
1951-04-28,124.735
1951-04-29,123.312
1951-04-30,128.545
1951-05-01,116.259
1951-05-02,108.142
1951-05-03,123.241
1951-05-04,121.638
1951-05-05,113.236
1951-05-06,108.922
1951-05-07,114.99
1951-05-08,151.095
1951-05-09,156.51
1951-05-10,164.257
1951-05-11,188.851
1951-05-12,210.364
1951-05-13,206.166
1951-05-14,219.793
1951-05-15,214.129
1951-05-16,198.74
1951-05-17,220.112
1951-05-18,179.01
1951-05-19,170.216
1951-05-20,178.952
1951-05-21,180.333
1951-05-22,175.835
1951-05-23,162.853
1951-05-24,179.071
1951-05-25,190.624
1951-05-26,194.306
1951-05-27,209.796
1951-05-28,244.967
1951-05-29,258.084
1951-05-30,257.828
1951-05-31,220.249
1951-06-01,197.361
1951-06-02,193.442
1951-06-03,195.383
1951-06-04,177.591
1951-06-05,170.906
1951-06-06,173.581
1951-06-07,176.328
1951-06-08,179.929
1951-06-09,176.081
1951-06-10,159.97
1951-06-11,160.075
1951-06-12,153.28
1951-06-13,150.674
1951-06-14,177.465
1951-06-15,178.015
1951-06-16,174.399
1951-06-17,178.625
1951-06-18,166.736
1951-06-19,151.071
1951-06-20,174.014
1951-06-21,168.115
1951-06-22,151.705
1951-06-23,146.302
1951-06-24,138.762
1951-06-25,127.618
1951-06-26,123.329
1951-06-27,121.045
1951-06-28,118.882
1951-06-29,116.762
1951-06-30,114.536
1951-07-01,112.218
1951-07-02,110.023
1951-07-03,108.191
1951-07-04,106.543
1951-07-05,104.055
1951-07-06,100.839
1951-07-07,98.194
1951-07-08,95.909
1951-07-09,94.146
1951-07-10,92.189
1951-07-11,90.604
1951-07-12,88.248
1951-07-13,87.587
1951-07-14,89.083
1951-07-15,94.617
1951-07-16,91.182
1951-07-17,83.766
1951-07-18,79.133
1951-07-19,75.624
1951-07-20,73.199
1951-07-21,71.717
1951-07-22,72.763
1951-07-23,87.783
1951-07-24,109.097
1951-07-25,103.607
1951-07-26,79.808
1951-07-27,65.625
1951-07-28,62.981
1951-07-29,61.385
1951-07-30,60.405
1951-07-31,59.526
1951-08-01,58.552
1951-08-02,57.51
1951-08-03,56.365
1951-08-04,55.332
1951-08-05,54.965
1951-08-06,54.419
1951-08-07,52.437
1951-08-08,51.519
1951-08-09,50.867
1951-08-10,49.852
1951-08-11,50.443
1951-08-12,48.608
1951-08-13,47.873
1951-08-14,50.355
1951-08-15,50.679
1951-08-16,46.869
1951-08-17,44.287
1951-08-18,47.35
1951-08-19,57.535
1951-08-20,57.555
1951-08-21,53.631
1951-08-22,48.633
1951-08-23,44.458
1951-08-24,46.579
1951-08-25,45.195
1951-08-26,47.063
1951-08-27,46.178
1951-08-28,44.186
1951-08-29,44.958
1951-08-30,40.325
1951-08-31,36.758
1951-09-01,34.986
1951-09-02,34.353
1951-09-03,33.905
1951-09-04,34.04
1951-09-05,33.809
1951-09-06,33.426
1951-09-07,32.665
1951-09-08,32.461
1951-09-09,33.375
1951-09-10,33.26
1951-09-11,33.077
1951-09-12,32.171
1951-09-13,31.863
1951-09-14,30.172
1951-09-15,28.775
1951-09-16,28.215
1951-09-17,28.03
1951-09-18,27.57
1951-09-19,27.404
1951-09-20,26.842
1951-09-21,26.433
1951-09-22,26.13
1951-09-23,26.514
1951-09-24,30.016
1951-09-25,26.098
1951-09-26,28.127
1951-09-27,34.264
1951-09-28,31.77
1951-09-29,27.655
1951-09-30,25.024
1951-10-01,23.353
1951-10-02,23.214
1951-10-03,24.515
1951-10-04,24.548
1951-10-05,24.232
1951-10-06,24.702
1951-10-07,29.89
1951-10-08,23.897
1951-10-09,23.638
1951-10-10,21.238
1951-10-11,20.393
1951-10-12,22.918
1951-10-13,30.764
1951-10-14,28.82
1951-10-15,30.241
1951-10-16,39.042
1951-10-17,43.335
1951-10-18,84.528
1951-10-19,116.669
1951-10-20,83.915
1951-10-21,77.968
1951-10-22,54.197
1951-10-23,59.561
1951-10-24,48.101
1951-10-25,44.876
1951-10-26,58.977
1951-10-27,93.58
1951-10-28,79.985
1951-10-29,74.23
1951-10-30,45.962
1951-10-31,23.278
1951-11-01,24.757
1951-11-02,37.314
1951-11-03,57.779
1951-11-04,79.322
1951-11-05,101.854
1951-11-06,102.368
1951-11-07,145.275
1951-11-08,128.359
1951-11-09,112.961
1951-11-10,108.578
1951-11-11,119.994
1951-11-12,96.063
1951-11-13,67.508
1951-11-14,74.853
1951-11-15,79.178
1951-11-16,95.123
1951-11-17,111.013
1951-11-18,80.76
1951-11-19,106.037
1951-11-20,131.896
1951-11-21,96.565
1951-11-22,84.718
1951-11-23,97.312
1951-11-24,125.762
1951-11-25,102.645
1951-11-26,72.527
1951-11-27,67.647
1951-11-28,67.454
1951-11-29,66.971
1951-11-30,66.258
1951-12-01,65.452
1951-12-02,67.082
1951-12-03,79.235
1951-12-04,89.682
1951-12-05,106.49
1951-12-06,96.469
1951-12-07,117.981
1951-12-08,153.823
1951-12-09,212.242
1951-12-10,205.5
1951-12-11,157.47
1951-12-12,113.208
1951-12-13,96.904
1951-12-14,84.735
1951-12-15,82.533
1951-12-16,74.247
1951-12-17,73.689
1951-12-18,73.993
1951-12-19,74.676
1951-12-20,76.381
1951-12-21,73.992
1951-12-22,74.052
1951-12-23,80.517
1951-12-24,78.071
1951-12-25,79.088
1951-12-26,71.999
1951-12-27,67.968
1951-12-28,67.314
1951-12-29,66.024
1951-12-30,66.229
1951-12-31,65.912
1952-01-01,64.967
1952-01-02,64.09
1952-01-03,60.691
1952-01-04,58.273
1952-01-05,56.819
1952-01-06,55.636
1952-01-07,54.498
1952-01-08,53.331
1952-01-09,52.2
1952-01-10,51.225
1952-01-11,50.384
1952-01-12,49.365
1952-01-13,48.34
1952-01-14,47.246
1952-01-15,46.113
1952-01-16,44.95
1952-01-17,44.046
1952-01-18,43.012
1952-01-19,41.968
1952-01-20,41.011
1952-01-21,40.055
1952-01-22,39.025
1952-01-23,38.043
1952-01-24,37.116
1952-01-25,36.208
1952-01-26,35.354
1952-01-27,34.45
1952-01-28,33.595
1952-01-29,32.694
1952-01-30,31.889
1952-01-31,31.153
1952-02-01,30.388
1952-02-02,29.63
1952-02-03,29.016
1952-02-04,28.529
1952-02-05,27.914
1952-02-06,27.359
1952-02-07,26.648
1952-02-08,25.951
1952-02-09,25.434
1952-02-10,24.877
1952-02-11,25.358
1952-02-12,27.185
1952-02-13,27.717
1952-02-14,26.172
1952-02-15,28.288
1952-02-16,31.443
1952-02-17,27.785
1952-02-18,27.086
1952-02-19,25.9
1952-02-20,26.227
1952-02-21,22.628
1952-02-22,20.328
1952-02-23,19.529
1952-02-24,19.15
1952-02-25,18.791
1952-02-26,18.461
1952-02-27,18.195
1952-02-28,18.066
1952-02-29,19.533
1952-03-01,18.38
1952-03-02,17.82
1952-03-03,17.208
1952-03-04,16.661
1952-03-05,16.38
1952-03-06,17.199
1952-03-07,17.316
1952-03-08,17.686
1952-03-09,17.783
1952-03-10,19.851
1952-03-11,21.804
1952-03-12,35.36
1952-03-13,35.705
1952-03-14,49.969
1952-03-15,59.653
1952-03-16,40.828
1952-03-17,27.078
1952-03-18,18.547
1952-03-19,14.238
1952-03-20,13.18
1952-03-21,13.186
1952-03-22,13.678
1952-03-23,13.701
1952-03-24,13.799
1952-03-25,13.167
1952-03-26,14.305
1952-03-27,16.592
1952-03-28,17.614
1952-03-29,17.628
1952-03-30,14.76
1952-03-31,17.003
1952-04-01,33.615
1952-04-02,29.398
1952-04-03,23.661
1952-04-04,22.33
1952-04-05,23.295
1952-04-06,26.467
1952-04-07,47.435
1952-04-08,33.932
1952-04-09,34.53
1952-04-10,39.613
1952-04-11,54.61
1952-04-12,101.218
1952-04-13,125.091
1952-04-14,96.577
1952-04-15,93.664
1952-04-16,108.132
1952-04-17,76.389
1952-04-18,57.155
1952-04-19,73.195
1952-04-20,49.912
1952-04-21,57.275
1952-04-22,77.879
1952-04-23,53.498
1952-04-24,59.775
1952-04-25,65.84
1952-04-26,66.011
1952-04-27,82.821
1952-04-28,169.404
1952-04-29,134.077
1952-04-30,118.708
1952-05-01,142.167
1952-05-02,127.453
1952-05-03,123.273
1952-05-04,116.512
1952-05-05,127.299
1952-05-06,145.823
1952-05-07,148.802
1952-05-08,126.15
1952-05-09,133.174
1952-05-10,220.237
1952-05-11,273.853
1952-05-12,277.172
1952-05-13,213.135
1952-05-14,190.57
1952-05-15,170.723
1952-05-16,143.86
1952-05-17,162.334
1952-05-18,220.193
1952-05-19,219.546
1952-05-20,169.607
1952-05-21,147.986
1952-05-22,133.285
1952-05-23,140.051
1952-05-24,127.56
1952-05-25,156.246
1952-05-26,159.929
1952-05-27,175.296
1952-05-28,183.668
1952-05-29,149.512
1952-05-30,148.345
1952-05-31,145.591
1952-06-01,149.082
1952-06-02,168.433
1952-06-03,193.06
1952-06-04,198.846
1952-06-05,196.367
1952-06-06,183.505
1952-06-07,192.334
1952-06-08,303.78
1952-06-09,320.935
1952-06-10,274.875
1952-06-11,230.086
1952-06-12,199.694
1952-06-13,190.915
1952-06-14,188.509
1952-06-15,186.255
1952-06-16,185.385
1952-06-17,190.026
1952-06-18,188.652
1952-06-19,199.681
1952-06-20,207.675
1952-06-21,204.426
1952-06-22,208.302
1952-06-23,259.428
1952-06-24,267.399
1952-06-25,260.478
1952-06-26,268.835
1952-06-27,247.36
1952-06-28,204.274
1952-06-29,205.087
1952-06-30,218.386
1952-07-01,184.623
1952-07-02,168.675
1952-07-03,166.554
1952-07-04,165.039
1952-07-05,165.215
1952-07-06,164.03
1952-07-07,159.178
1952-07-08,154.441
1952-07-09,156.842
1952-07-10,155.271
1952-07-11,154.724
1952-07-12,154.544
1952-07-13,165.103
1952-07-14,157.108
1952-07-15,158.337
1952-07-16,163.11
1952-07-17,176.878
1952-07-18,151.297
1952-07-19,128.98
1952-07-20,122.755
1952-07-21,117.972
1952-07-22,114.144
1952-07-23,119.566
1952-07-24,131.631
1952-07-25,126.054
1952-07-26,135.219
1952-07-27,170.124
1952-07-28,162.447
1952-07-29,133.464
1952-07-30,128.132
1952-07-31,113.612
1952-08-01,113.924
1952-08-02,121.089
1952-08-03,113.111
1952-08-04,104.17
1952-08-05,126.284
1952-08-06,145.9
1952-08-07,121.448
1952-08-08,104.371
1952-08-09,111.578
1952-08-10,108.444
1952-08-11,132.152
1952-08-12,132.185
1952-08-13,117.08
1952-08-14,115.307
1952-08-15,122.951
1952-08-16,121.277
1952-08-17,112.248
1952-08-18,108.009
1952-08-19,104.574
1952-08-20,93.163
1952-08-21,116.468
1952-08-22,161.052
1952-08-23,193.732
1952-08-24,166.244
1952-08-25,152.008
1952-08-26,158.974
1952-08-27,153.555
1952-08-28,150.66
1952-08-29,149.819
1952-08-30,142.744
1952-08-31,146.023
1952-09-01,122.835
1952-09-02,112.392
1952-09-03,110.837
1952-09-04,108.13
1952-09-05,104.769
1952-09-06,107.091
1952-09-07,106.765
1952-09-08,102.117
1952-09-09,100.079
1952-09-10,99.459
1952-09-11,96.321
1952-09-12,94.026
1952-09-13,92.321
1952-09-14,90.657
1952-09-15,89.002
1952-09-16,87.212
1952-09-17,85.485
1952-09-18,84.689
1952-09-19,87.569
1952-09-20,94.346
1952-09-21,116.819
1952-09-22,104.239
1952-09-23,98.572
1952-09-24,82.359
1952-09-25,75.068
1952-09-26,72.679
1952-09-27,71.441
1952-09-28,70.994
1952-09-29,69.12
1952-09-30,65.904
1952-10-01,64.098
1952-10-02,62.595
1952-10-03,61.348
1952-10-04,60.254
1952-10-05,59.452
1952-10-06,58.771
1952-10-07,58.777
1952-10-08,57.126
1952-10-09,55.551
1952-10-10,54.41
1952-10-11,53.044
1952-10-12,51.678
1952-10-13,50.376
1952-10-14,48.747
1952-10-15,47.566
1952-10-16,46.645
1952-10-17,46.285
1952-10-18,46.608
1952-10-19,49.061
1952-10-20,44.797
1952-10-21,43.109
1952-10-22,41.849
1952-10-23,40.698
1952-10-24,39.674
1952-10-25,39.01
1952-10-26,37.83
1952-10-27,36.877
1952-10-28,36.115
1952-10-29,35.425
1952-10-30,34.973
1952-10-31,35.595
1952-11-01,34.374
1952-11-02,33.746
1952-11-03,32.469
1952-11-04,31.894
1952-11-05,32.882
1952-11-06,32.029
1952-11-07,33.14
1952-11-08,31.894
1952-11-09,30.687
1952-11-10,30.476
1952-11-11,31.824
1952-11-12,38.678
1952-11-13,37.981
1952-11-14,45.942
1952-11-15,51.137
1952-11-16,43.939
1952-11-17,33.598
1952-11-18,28.005
1952-11-19,25.211
1952-11-20,24.227
1952-11-21,23.782
1952-11-22,23.585
1952-11-23,25.329
1952-11-24,33.87
1952-11-25,31.514
1952-11-26,34.605
1952-11-27,32.696
1952-11-28,28.394
1952-11-29,27.77
1952-11-30,33.044
1952-12-01,32.816
1952-12-02,27.171
1952-12-03,31.372
1952-12-04,33.929
1952-12-05,31.69
1952-12-06,28.842
1952-12-07,23.065
1952-12-08,20.553
1952-12-09,20.161
1952-12-10,19.905
1952-12-11,19.732
1952-12-12,19.512
1952-12-13,19.27
1952-12-14,19.049
1952-12-15,18.86
1952-12-16,18.654
1952-12-17,18.412
1952-12-18,18.135
1952-12-19,17.883
1952-12-20,17.646
1952-12-21,17.445
1952-12-22,17.21
1952-12-23,16.972
1952-12-24,16.706
1952-12-25,16.441
1952-12-26,16.225
1952-12-27,16.01
1952-12-28,15.791
1952-12-29,15.597
1952-12-30,15.323
1952-12-31,15.097
1953-01-01,15.026
1953-01-02,14.99
1953-01-03,15.776
1953-01-04,18.632
1953-01-05,23.5
1953-01-06,24.717
1953-01-07,18.402
1953-01-08,14.579
1953-01-09,13.775
1953-01-10,13.324
1953-01-11,13.12
1953-01-12,12.917
1953-01-13,12.75
1953-01-14,12.796
1953-01-15,12.91
1953-01-16,14.078
1953-01-17,16.396
1953-01-18,24.539
1953-01-19,17.613
1953-01-20,12.343
1953-01-21,11.61
1953-01-22,11.391
1953-01-23,11.36
1953-01-24,12.005
1953-01-25,11.927
1953-01-26,12.37
1953-01-27,13.917
1953-01-28,12.164
1953-01-29,14.93
1953-01-30,13.706
1953-01-31,11.024
1953-02-01,11.083
1953-02-02,14.057
1953-02-03,17.525
1953-02-04,19.646
1953-02-05,34.148
1953-02-06,22.715
1953-02-07,22.887
1953-02-08,14.486
1953-02-09,10.262
1953-02-10,9.855
1953-02-11,9.595
1953-02-12,9.793
1953-02-13,9.674
1953-02-14,9.637
1953-02-15,9.402
1953-02-16,9.121
1953-02-17,9.037
1953-02-18,8.962
1953-02-19,8.969
1953-02-20,8.9
1953-02-21,9.104
1953-02-22,9.189
1953-02-23,11.525
1953-02-24,12.375
1953-02-25,21.29
1953-02-26,23.919
1953-02-27,29.058
1953-02-28,21.329
1953-03-01,34.493
1953-03-02,38.349
1953-03-03,27.08
1953-03-04,23.524
1953-03-05,15.538
1953-03-06,22.17
1953-03-07,30.181
1953-03-08,47.115
1953-03-09,33.363
1953-03-10,13.504
1953-03-11,10.555
1953-03-12,10.355
1953-03-13,10.553
1953-03-14,11.662
1953-03-15,16.18
1953-03-16,12.31
1953-03-17,9.748
1953-03-18,9.91
1953-03-19,10.655
1953-03-20,13.915
1953-03-21,20.382
1953-03-22,40.527
1953-03-23,82.805
1953-03-24,110.909
1953-03-25,160.348
1953-03-26,135.629
1953-03-27,80.762
1953-03-28,41.98
1953-03-29,45.292
1953-03-30,38.346
1953-03-31,18.012
1953-04-01,14.658
1953-04-02,14.8
1953-04-03,15.117
1953-04-04,15.61
1953-04-05,15.736
1953-04-06,18.155
1953-04-07,229.535
1953-04-08,590.766
1953-04-09,412.861
1953-04-10,250.71
1953-04-11,91.74
1953-04-12,60.252
1953-04-13,93.741
1953-04-14,133.689
1953-04-15,132.686
1953-04-16,124.385
1953-04-17,107.249
1953-04-18,57.087
1953-04-19,47.541
1953-04-20,74.787
1953-04-21,68.36
1953-04-22,56.894
1953-04-23,55.121
1953-04-24,49.835
1953-04-25,56.838
1953-04-26,81.222
1953-04-27,90.16
1953-04-28,72.383
1953-04-29,72.43
1953-04-30,105.567
1953-05-01,114.231
1953-05-02,124.378
1953-05-03,147.415
1953-05-04,179.087
1953-05-05,148.459
1953-05-06,122.995
1953-05-07,105.435
1953-05-08,111.667
1953-05-09,93.672
1953-05-10,122.51
1953-05-11,128.55
1953-05-12,107.434
1953-05-13,88.17
1953-05-14,72.002
1953-05-15,85.466
1953-05-16,90.27
1953-05-17,64.93
1953-05-18,63.056
1953-05-19,83.346
1953-05-20,106.256
1953-05-21,156.935
1953-05-22,185.246
1953-05-23,227.23
1953-05-24,257.698
1953-05-25,269.317
1953-05-26,335.283
1953-05-27,417.829
1953-05-28,595.029
1953-05-29,696.0
1953-05-30,905.934
1953-05-31,457.98
1953-06-01,276.829
1953-06-02,244.002
1953-06-03,220.593
1953-06-04,194.138
1953-06-05,191.88
1953-06-06,210.183
1953-06-07,185.442
1953-06-08,159.77
1953-06-09,157.803
1953-06-10,172.843
1953-06-11,191.226
1953-06-12,191.876
1953-06-13,208.424
1953-06-14,174.819
1953-06-15,136.718
1953-06-16,121.559
1953-06-17,118.829
1953-06-18,116.431
1953-06-19,119.396
1953-06-20,146.141
1953-06-21,160.051
1953-06-22,131.771
1953-06-23,127.808
1953-06-24,125.026
1953-06-25,131.352
1953-06-26,121.596
1953-06-27,125.527
1953-06-28,142.993
1953-06-29,160.304
1953-06-30,166.76
1953-07-01,130.92
1953-07-02,108.795
1953-07-03,110.165
1953-07-04,144.058
1953-07-05,161.636
1953-07-06,159.672
1953-07-07,160.214
1953-07-08,173.976
1953-07-09,193.261
1953-07-10,192.721
1953-07-11,165.204
1953-07-12,147.867
1953-07-13,136.196
1953-07-14,124.444
1953-07-15,148.215
1953-07-16,174.223
1953-07-17,194.843
1953-07-18,207.013
1953-07-19,211.396
1953-07-20,186.225
1953-07-21,174.025
1953-07-22,161.323
1953-07-23,166.48
1953-07-24,155.83
1953-07-25,157.659
1953-07-26,139.878
1953-07-27,133.5
1953-07-28,132.36
1953-07-29,133.165
1953-07-30,132.932
1953-07-31,136.961
1953-08-01,137.182
1953-08-02,136.972
1953-08-03,139.761
1953-08-04,144.477
1953-08-05,132.294
1953-08-06,118.632
1953-08-07,114.922
1953-08-08,118.577
1953-08-09,146.513
1953-08-10,154.7
1953-08-11,145.233
1953-08-12,130.473
1953-08-13,116.005
1953-08-14,104.532
1953-08-15,101.686
1953-08-16,100.155
1953-08-17,100.019
1953-08-18,108.425
1953-08-19,109.157
1953-08-20,110.82
1953-08-21,106.601
1953-08-22,112.329
1953-08-23,105.656
1953-08-24,102.702
1953-08-25,96.977
1953-08-26,89.965
1953-08-27,87.3
1953-08-28,85.474
1953-08-29,87.64
1953-08-30,82.516
1953-08-31,80.821
1953-09-01,79.358
1953-09-02,78.002
1953-09-03,76.316
1953-09-04,74.452
1953-09-05,72.909
1953-09-06,71.438
1953-09-07,69.943
1953-09-08,68.453
1953-09-09,66.993
1953-09-10,65.532
1953-09-11,64.043
1953-09-12,63.85
1953-09-13,78.233
1953-09-14,82.047
1953-09-15,75.742
1953-09-16,84.76
1953-09-17,104.048
1953-09-18,87.852
1953-09-19,106.588
1953-09-20,101.768
1953-09-21,93.739
1953-09-22,74.235
1953-09-23,65.046
1953-09-24,56.668
1953-09-25,50.521
1953-09-26,49.401
1953-09-27,49.297
1953-09-28,48.8
1953-09-29,48.506
1953-09-30,46.704
1953-10-01,45.721
1953-10-02,44.873
1953-10-03,44.115
1953-10-04,43.394
1953-10-05,42.675
1953-10-06,42.022
1953-10-07,41.343
1953-10-08,40.565
1953-10-09,39.874
1953-10-10,39.251
1953-10-11,38.574
1953-10-12,37.961
1953-10-13,39.506
1953-10-14,40.05
1953-10-15,52.886
1953-10-16,60.929
1953-10-17,54.875
1953-10-18,59.767
1953-10-19,82.753
1953-10-20,67.854
1953-10-21,69.465
1953-10-22,73.175
1953-10-23,87.549
1953-10-24,89.888
1953-10-25,66.788
1953-10-26,60.762
1953-10-27,55.649
1953-10-28,87.156
1953-10-29,80.823
1953-10-30,57.899
1953-10-31,79.052
1953-11-01,117.042
1953-11-02,109.633
1953-11-03,97.057
1953-11-04,98.227
1953-11-05,110.324
1953-11-06,129.167
1953-11-07,131.963
1953-11-08,122.184
1953-11-09,161.412
1953-11-10,173.999
1953-11-11,179.567
1953-11-12,164.316
1953-11-13,123.555
1953-11-14,86.473
1953-11-15,73.843
1953-11-16,71.682
1953-11-17,73.515
1953-11-18,85.61
1953-11-19,95.174
1953-11-20,97.224
1953-11-21,93.658
1953-11-22,89.686
1953-11-23,93.442
1953-11-24,97.298
1953-11-25,80.219
1953-11-26,77.189
1953-11-27,73.343
1953-11-28,75.17
1953-11-29,93.613
1953-11-30,117.464
1953-12-01,130.005
1953-12-02,125.802
1953-12-03,113.289
1953-12-04,127.298
1953-12-05,109.365
1953-12-06,87.262
1953-12-07,84.817
1953-12-08,84.194
1953-12-09,83.108
1953-12-10,81.817
1953-12-11,80.338
1953-12-12,78.753
1953-12-13,77.272
1953-12-14,79.527
1953-12-15,99.333
1953-12-16,96.321
1953-12-17,84.212
1953-12-18,85.703
1953-12-19,74.182
1953-12-20,75.287
1953-12-21,84.134
1953-12-22,74.708
1953-12-23,82.269
1953-12-24,72.131
1953-12-25,63.779
1953-12-26,59.412
1953-12-27,57.624
1953-12-28,56.59
1953-12-29,55.342
1953-12-30,54.331
1953-12-31,53.306
1954-01-01,51.817
1954-01-02,48.118
1954-01-03,44.371
1954-01-04,37.954
1954-01-05,32.317
1954-01-06,30.595
1954-01-07,30.079
1954-01-08,29.68
1954-01-09,29.282
1954-01-10,28.83
1954-01-11,28.341
1954-01-12,27.895
1954-01-13,27.494
1954-01-14,27.096
1954-01-15,26.672
1954-01-16,26.228
1954-01-17,25.832
1954-01-18,25.444
1954-01-19,25.06
1954-01-20,24.623
1954-01-21,24.27
1954-01-22,23.954
1954-01-23,23.542
1954-01-24,23.417
1954-01-25,23.107
1954-01-26,22.52
1954-01-27,22.111
1954-01-28,21.863
1954-01-29,21.695
1954-01-30,21.624
1954-01-31,23.823
1954-02-01,23.53
1954-02-02,22.765
1954-02-03,20.43
1954-02-04,19.477
1954-02-05,18.988
1954-02-06,18.658
1954-02-07,18.357
1954-02-08,18.062
1954-02-09,17.719
1954-02-10,17.399
1954-02-11,17.095
1954-02-12,16.793
1954-02-13,16.585
1954-02-14,16.439
1954-02-15,16.154
1954-02-16,15.91
1954-02-17,15.64
1954-02-18,15.251
1954-02-19,14.975
1954-02-20,14.753
1954-02-21,14.512
1954-02-22,14.201
1954-02-23,14.381
1954-02-24,18.175
1954-02-25,18.571
1954-02-26,19.25
1954-02-27,28.26
1954-02-28,30.266
1954-03-01,37.18
1954-03-02,42.878
1954-03-03,24.186
1954-03-04,14.792
1954-03-05,14.124
1954-03-06,12.85
1954-03-07,18.4
1954-03-08,27.935
1954-03-09,33.295
1954-03-10,23.075
1954-03-11,25.33
1954-03-12,26.054
1954-03-13,15.779
1954-03-14,11.291
1954-03-15,10.902
1954-03-16,10.817
1954-03-17,11.095
1954-03-18,11.258
1954-03-19,16.424
1954-03-20,26.398
1954-03-21,20.174
1954-03-22,25.904
1954-03-23,17.236
1954-03-24,11.731
1954-03-25,10.986
1954-03-26,11.605
1954-03-27,12.988
1954-03-28,17.151
1954-03-29,18.265
1954-03-30,30.936
1954-03-31,59.381
1954-04-01,73.442
1954-04-02,85.808
1954-04-03,98.144
1954-04-04,110.705
1954-04-05,132.114
1954-04-06,75.288
1954-04-07,55.894
1954-04-08,31.056
1954-04-09,33.265
1954-04-10,42.25
1954-04-11,34.634
1954-04-12,37.342
1954-04-13,31.71
1954-04-14,32.362
1954-04-15,56.417
1954-04-16,53.83
1954-04-17,36.475
1954-04-18,34.228
1954-04-19,35.872
1954-04-20,35.085
1954-04-21,23.243
1954-04-22,14.782
1954-04-23,13.494
1954-04-24,12.975
1954-04-25,14.792
1954-04-26,20.158
1954-04-27,23.782
1954-04-28,24.865
1954-04-29,29.756
1954-04-30,23.119
1954-05-01,34.076
1954-05-02,40.205
1954-05-03,40.214
1954-05-04,50.663
1954-05-05,60.358
1954-05-06,43.043
1954-05-07,44.675
1954-05-08,53.84
1954-05-09,87.003
1954-05-10,106.52
1954-05-11,107.836
1954-05-12,75.267
1954-05-13,80.014
1954-05-14,66.893
1954-05-15,46.478
1954-05-16,43.732
1954-05-17,48.196
1954-05-18,45.946
1954-05-19,68.175
1954-05-20,93.952
1954-05-21,105.062
1954-05-22,104.539
1954-05-23,93.331
1954-05-24,66.458
1954-05-25,51.016
1954-05-26,48.803
1954-05-27,76.282
1954-05-28,86.882
1954-05-29,86.429
1954-05-30,102.411
1954-05-31,96.493
1954-06-01,63.765
1954-06-02,66.913
1954-06-03,66.507
1954-06-04,62.664
1954-06-05,61.572
1954-06-06,56.701
1954-06-07,58.354
1954-06-08,65.617
1954-06-09,56.632
1954-06-10,61.077
1954-06-11,76.988
1954-06-12,73.562
1954-06-13,58.661
1954-06-14,54.405
1954-06-15,49.551
1954-06-16,48.67
1954-06-17,48.181
1954-06-18,47.854
1954-06-19,47.784
1954-06-20,48.36
1954-06-21,49.243
1954-06-22,49.169
1954-06-23,48.891
1954-06-24,47.618
1954-06-25,45.678
1954-06-26,44.933
1954-06-27,44.462
1954-06-28,44.332
1954-06-29,43.864
1954-06-30,42.346
1954-07-01,41.775
1954-07-02,41.095
1954-07-03,40.29
1954-07-04,39.569
1954-07-05,38.858
1954-07-06,38.353
1954-07-07,37.796
1954-07-08,37.609
1954-07-09,37.39
1954-07-10,40.746
1954-07-11,39.209
1954-07-12,37.445
1954-07-13,36.175
1954-07-14,35.046
1954-07-15,36.961
1954-07-16,50.99
1954-07-17,60.763
1954-07-18,56.598
1954-07-19,60.708
1954-07-20,53.567
1954-07-21,41.984
1954-07-22,33.595
1954-07-23,32.91
1954-07-24,30.757
1954-07-25,30.323
1954-07-26,30.648
1954-07-27,32.717
1954-07-28,44.622
1954-07-29,49.7
1954-07-30,42.334
1954-07-31,34.33
1954-08-01,33.636
1954-08-02,38.911
1954-08-03,33.422
1954-08-04,33.945
1954-08-05,34.656
1954-08-06,46.558
1954-08-07,51.207
1954-08-08,37.115
1954-08-09,28.059
1954-08-10,26.857
1954-08-11,26.449
1954-08-12,26.351
1954-08-13,26.176
1954-08-14,27.833
1954-08-15,38.126
1954-08-16,43.953
1954-08-17,70.097
1954-08-18,211.121
1954-08-19,199.274
1954-08-20,71.58
1954-08-21,63.074
1954-08-22,87.779
1954-08-23,89.421
1954-08-24,83.363
1954-08-25,69.813
1954-08-26,50.133
1954-08-27,60.085
1954-08-28,83.895
1954-08-29,80.748
1954-08-30,70.3
1954-08-31,57.48
1954-09-01,89.939
1954-09-02,90.224
1954-09-03,79.435
1954-09-04,76.972
1954-09-05,79.935
1954-09-06,68.852
1954-09-07,63.209
1954-09-08,62.408
1954-09-09,68.713
1954-09-10,62.234
1954-09-11,67.421
1954-09-12,80.744
1954-09-13,132.316
1954-09-14,137.37
1954-09-15,111.759
1954-09-16,77.717
1954-09-17,108.657
1954-09-18,107.579
1954-09-19,80.212
1954-09-20,70.22
1954-09-21,61.523
1954-09-22,60.098
1954-09-23,57.312
1954-09-24,56.752
1954-09-25,56.17
1954-09-26,55.579
1954-09-27,55.027
1954-09-28,54.404
1954-09-29,54.144
1954-09-30,53.966
1954-10-01,58.325
1954-10-02,65.298
1954-10-03,71.171
1954-10-04,73.924
1954-10-05,74.761
1954-10-06,71.668
1954-10-07,77.215
1954-10-08,55.132
1954-10-09,46.44
1954-10-10,45.334
1954-10-11,44.603
1954-10-12,43.866
1954-10-13,43.117
1954-10-14,42.392
1954-10-15,41.67
1954-10-16,40.935
1954-10-17,40.216
1954-10-18,39.611
1954-10-19,38.944
1954-10-20,38.073
1954-10-21,37.368
1954-10-22,37.742
1954-10-23,40.053
1954-10-24,39.54
1954-10-25,37.591
1954-10-26,35.838
1954-10-27,44.171
1954-10-28,50.655
1954-10-29,40.728
1954-10-30,36.96
1954-10-31,38.812
1954-11-01,40.777
1954-11-02,40.287
1954-11-03,33.082
1954-11-04,29.577
1954-11-05,28.96
1954-11-06,28.433
1954-11-07,27.998
1954-11-08,27.566
1954-11-09,27.108
1954-11-10,26.658
1954-11-11,26.213
1954-11-12,25.8
1954-11-13,25.354
1954-11-14,24.917
1954-11-15,24.487
1954-11-16,24.09
1954-11-17,23.657
1954-11-18,23.259
1954-11-19,22.844
1954-11-20,22.449
1954-11-21,22.02
1954-11-22,21.585
1954-11-23,21.21
1954-11-24,20.853
1954-11-25,20.443
1954-11-26,20.077
1954-11-27,19.707
1954-11-28,19.374
1954-11-29,19.031
1954-11-30,18.785
1954-12-01,18.661
1954-12-02,20.682
1954-12-03,23.512
1954-12-04,22.935
1954-12-05,24.391
1954-12-06,21.132
1954-12-07,18.007
1954-12-08,18.342
1954-12-09,17.691
1954-12-10,17.132
1954-12-11,16.738
1954-12-12,16.043
1954-12-13,15.535
1954-12-14,15.42
1954-12-15,15.195
1954-12-16,15.021
1954-12-17,14.543
1954-12-18,14.217
1954-12-19,13.987
1954-12-20,13.816
1954-12-21,13.599
1954-12-22,13.372
1954-12-23,13.157
1954-12-24,12.931
1954-12-25,12.732
1954-12-26,12.54
1954-12-27,12.273
1954-12-28,12.068
1954-12-29,11.845
1954-12-30,11.732
1954-12-31,11.706
1955-01-01,11.674
1955-01-02,11.436
1955-01-03,11.17
1955-01-04,10.952
1955-01-05,10.735
1955-01-06,10.535
1955-01-07,10.346
1955-01-08,10.195
1955-01-09,10.04
1955-01-10,9.923
1955-01-11,9.75
1955-01-12,9.579
1955-01-13,9.418
1955-01-14,9.33
1955-01-15,9.175
1955-01-16,8.999
1955-01-17,8.867
1955-01-18,8.733
1955-01-19,8.83
1955-01-20,8.754
1955-01-21,8.683
1955-01-22,8.536
1955-01-23,8.293
1955-01-24,8.063
1955-01-25,8.019
1955-01-26,7.986
1955-01-27,8.102
1955-01-28,8.742
1955-01-29,8.527
1955-01-30,8.391
1955-01-31,8.405
1955-02-01,7.929
1955-02-02,9.258
1955-02-03,8.941
1955-02-04,7.995
1955-02-05,7.516
1955-02-06,8.246
1955-02-07,8.806
1955-02-08,7.752
1955-02-09,7.453
1955-02-10,6.824
1955-02-11,6.424
1955-02-12,6.316
1955-02-13,6.19
1955-02-14,6.105
1955-02-15,6.029
1955-02-16,5.936
1955-02-17,5.895
1955-02-18,5.795
1955-02-19,5.741
1955-02-20,5.65
1955-02-21,5.572
1955-02-22,5.503
1955-02-23,5.431
1955-02-24,5.357
1955-02-25,5.282
1955-02-26,5.526
1955-02-27,5.981
1955-02-28,5.892
1955-03-01,5.66
1955-03-02,5.155
1955-03-03,4.85
1955-03-04,4.767
1955-03-05,4.744
1955-03-06,5.008
1955-03-07,6.926
1955-03-08,12.796
1955-03-09,10.199
1955-03-10,7.173
1955-03-11,5.701
1955-03-12,6.927
1955-03-13,6.453
1955-03-14,8.646
1955-03-15,7.145
1955-03-16,8.422
1955-03-17,5.47
1955-03-18,4.18
1955-03-19,3.995
1955-03-20,3.92
1955-03-21,3.956
1955-03-22,4.01
1955-03-23,4.127
1955-03-24,4.393
1955-03-25,71.972
1955-03-26,58.98
1955-03-27,11.185
1955-03-28,12.228
1955-03-29,30.658
1955-03-30,23.717
1955-03-31,33.947
1955-04-01,27.082
1955-04-02,15.888
1955-04-03,4.773
1955-04-04,3.577
1955-04-05,3.477
1955-04-06,3.519
1955-04-07,3.661
1955-04-08,6.62
1955-04-09,13.097
1955-04-10,5.712
1955-04-11,5.906
1955-04-12,12.027
1955-04-13,12.256
1955-04-14,15.122
1955-04-15,11.443
1955-04-16,9.226
1955-04-17,8.918
1955-04-18,6.059
1955-04-19,4.286
1955-04-20,3.409
1955-04-21,3.127
1955-04-22,3.174
1955-04-23,5.4
1955-04-24,5.403
1955-04-25,5.499
1955-04-26,5.492
1955-04-27,6.536
1955-04-28,9.964
1955-04-29,17.899
1955-04-30,20.733
1955-05-01,15.645
1955-05-02,16.985
1955-05-03,23.2
1955-05-04,42.826
1955-05-05,35.274
1955-05-06,21.515
1955-05-07,20.409
1955-05-08,14.772
1955-05-09,53.481
1955-05-10,69.392
1955-05-11,69.942
1955-05-12,69.831
1955-05-13,44.212
1955-05-14,13.935
1955-05-15,8.289
1955-05-16,7.106
1955-05-17,7.904
1955-05-18,10.117
1955-05-19,11.758
1955-05-20,13.223
1955-05-21,7.836
1955-05-22,6.19
1955-05-23,9.582
1955-05-24,9.801
1955-05-25,10.304
1955-05-26,8.113
1955-05-27,5.15
1955-05-28,4.44
1955-05-29,4.327
1955-05-30,4.515
1955-05-31,4.885
1955-06-01,9.535
1955-06-02,8.587
1955-06-03,13.82
1955-06-04,9.921
1955-06-05,4.984
1955-06-06,4.652
1955-06-07,4.938
1955-06-08,5.258
1955-06-09,5.102
1955-06-10,4.912
1955-06-11,4.625
1955-06-12,4.715
1955-06-13,5.042
1955-06-14,5.29
1955-06-15,5.775
1955-06-16,5.225
1955-06-17,5.465
1955-06-18,5.804
1955-06-19,8.02
1955-06-20,6.987
1955-06-21,5.427
1955-06-22,4.905
1955-06-23,5.727
1955-06-24,7.871
1955-06-25,13.945
1955-06-26,8.824
1955-06-27,5.431
1955-06-28,5.372
1955-06-29,5.402
1955-06-30,6.316
1955-07-01,9.482
1955-07-02,15.355
1955-07-03,25.101
1955-07-04,26.955
1955-07-05,22.994
1955-07-06,23.226
1955-07-07,21.65
1955-07-08,19.028
1955-07-09,16.86
1955-07-10,14.652
1955-07-11,12.344
1955-07-12,8.741
1955-07-13,9.831
1955-07-14,17.969
1955-07-15,11.885
1955-07-16,7.675
1955-07-17,8.995
1955-07-18,13.985
1955-07-19,12.392
1955-07-20,21.237
1955-07-21,26.472
1955-07-22,19.919
1955-07-23,14.944
1955-07-24,27.173
1955-07-25,29.866
1955-07-26,39.571
1955-07-27,48.906
1955-07-28,105.653
1955-07-29,156.335
1955-07-30,127.968
1955-07-31,92.961
1955-08-01,60.669
1955-08-02,50.655
1955-08-03,43.417
1955-08-04,33.79
1955-08-05,38.219
1955-08-06,45.387
1955-08-07,34.949
1955-08-08,47.661
1955-08-09,84.09
1955-08-10,82.256
1955-08-11,50.246
1955-08-12,34.785
1955-08-13,18.298
1955-08-14,16.407
1955-08-15,32.405
1955-08-16,54.41
1955-08-17,36.159
1955-08-18,26.052
1955-08-19,20.225
1955-08-20,15.46
1955-08-21,12.51
1955-08-22,14.422
1955-08-23,21.72
1955-08-24,20.285
1955-08-25,31.466
1955-08-26,57.084
1955-08-27,57.29
1955-08-28,47.27
1955-08-29,51.937
1955-08-30,127.122
1955-08-31,172.943
1955-09-01,153.797
1955-09-02,77.756
1955-09-03,63.695
1955-09-04,104.175
1955-09-05,71.141
1955-09-06,49.825
1955-09-07,60.254
1955-09-08,53.298
1955-09-09,85.263
1955-09-10,78.768
1955-09-11,69.183
1955-09-12,64.168
1955-09-13,54.103
1955-09-14,50.393
1955-09-15,92.945
1955-09-16,200.158
1955-09-17,153.451
1955-09-18,180.207
1955-09-19,80.573
1955-09-20,67.006
1955-09-21,71.994
1955-09-22,83.422
1955-09-23,83.426
1955-09-24,91.962
1955-09-25,167.405
1955-09-26,253.237
1955-09-27,219.145
1955-09-28,197.208
1955-09-29,161.452
1955-09-30,133.888
1955-10-01,120.112
1955-10-02,124.172
1955-10-03,204.211
1955-10-04,192.464
1955-10-05,199.824
1955-10-06,193.964
1955-10-07,138.477
1955-10-08,116.416
1955-10-09,113.117
1955-10-10,107.765
1955-10-11,104.251
1955-10-12,101.352
1955-10-13,98.942
1955-10-14,95.994
1955-10-15,92.773
1955-10-16,89.621
1955-10-17,86.174
1955-10-18,83.212
1955-10-19,81.521
1955-10-20,78.569
1955-10-21,76.488
1955-10-22,74.228
1955-10-23,72.822
1955-10-24,69.773
1955-10-25,68.073
1955-10-26,65.08
1955-10-27,62.27
1955-10-28,63.024
1955-10-29,60.518
1955-10-30,59.314
1955-10-31,58.863
1955-11-01,57.36
1955-11-02,104.245
1955-11-03,113.771
1955-11-04,111.405
1955-11-05,108.22
1955-11-06,154.987
1955-11-07,138.968
1955-11-08,116.055
1955-11-09,66.209
1955-11-10,61.303
1955-11-11,64.1
1955-11-12,62.817
1955-11-13,76.657
1955-11-14,56.712
1955-11-15,58.114
1955-11-16,46.418
1955-11-17,40.941
1955-11-18,40.008
1955-11-19,39.43
1955-11-20,38.878
1955-11-21,38.357
1955-11-22,37.807
1955-11-23,37.238
1955-11-24,36.695
1955-11-25,36.124
1955-11-26,35.559
1955-11-27,34.982
1955-11-28,34.368
1955-11-29,33.796
1955-11-30,33.238
1955-12-01,32.671
1955-12-02,32.134
1955-12-03,31.545
1955-12-04,30.941
1955-12-05,30.308
1955-12-06,29.728
1955-12-07,29.22
1955-12-08,28.703
1955-12-09,28.129
1955-12-10,27.64
1955-12-11,27.031
1955-12-12,26.366
1955-12-13,26.133
1955-12-14,27.472
1955-12-15,26.851
1955-12-16,27.223
1955-12-17,27.627
1955-12-18,25.812
1955-12-19,23.867
1955-12-20,23.285
1955-12-21,22.627
1955-12-22,22.066
1955-12-23,21.553
1955-12-24,21.2
1955-12-25,20.759
1955-12-26,20.368
1955-12-27,20.004
1955-12-28,19.68
1955-12-29,19.375
1955-12-30,19.444
1955-12-31,19.789
1956-01-01,19.726
1956-01-02,19.695
1956-01-03,18.985
1956-01-04,17.987
1956-01-05,17.272
1956-01-06,16.973
1956-01-07,17.02
1956-01-08,16.732
1956-01-09,16.337
1956-01-10,15.955
1956-01-11,15.558
1956-01-12,15.294
1956-01-13,15.028
1956-01-14,14.762
1956-01-15,14.728
1956-01-16,14.901
1956-01-17,14.898
1956-01-18,14.973
1956-01-19,14.903
1956-01-20,14.71
1956-01-21,14.467
1956-01-22,13.365
1956-01-23,12.912
1956-01-24,12.682
1956-01-25,12.555
1956-01-26,12.276
1956-01-27,12.115
1956-01-28,11.912
1956-01-29,11.726
1956-01-30,11.538
1956-01-31,11.393
1956-02-01,11.228
1956-02-02,11.122
1956-02-03,11.228
1956-02-04,11.272
1956-02-05,10.925
1956-02-06,10.515
1956-02-07,10.239
1956-02-08,10.091
1956-02-09,9.901
1956-02-10,9.715
1956-02-11,9.589
1956-02-12,9.443
1956-02-13,9.278
1956-02-14,9.102
1956-02-15,9.03
1956-02-16,9.075
1956-02-17,9.147
1956-02-18,9.282
1956-02-19,9.809
1956-02-20,10.693
1956-02-21,10.007
1956-02-22,10.241
1956-02-23,9.608
1956-02-24,8.655
1956-02-25,8.095
1956-02-26,7.98
1956-02-27,7.748
1956-02-28,7.628
1956-02-29,7.471
1956-03-01,7.4
1956-03-02,7.319
1956-03-03,7.171
1956-03-04,7.042
1956-03-05,6.9
1956-03-06,6.787
1956-03-07,6.74
1956-03-08,6.74
1956-03-09,6.636
1956-03-10,6.435
1956-03-11,6.312
1956-03-12,6.201
1956-03-13,6.092
1956-03-14,6.001
1956-03-15,5.93
1956-03-16,5.86
1956-03-17,5.76
1956-03-18,5.661
1956-03-19,5.618
1956-03-20,5.773
1956-03-21,6.793
1956-03-22,6.341
1956-03-23,6.088
1956-03-24,5.979
1956-03-25,7.851
1956-03-26,5.85
1956-03-27,5.384
1956-03-28,5.425
1956-03-29,6.224
1956-03-30,9.589
1956-03-31,13.132
1956-04-01,17.987
1956-04-02,38.337
1956-04-03,25.932
1956-04-04,23.42
1956-04-05,25.476
1956-04-06,9.603
1956-04-07,4.718
1956-04-08,4.468
1956-04-09,4.399
1956-04-10,4.449
1956-04-11,5.47
1956-04-12,7.982
1956-04-13,8.949
1956-04-14,23.066
1956-04-15,28.021
1956-04-16,41.135
1956-04-17,41.194
1956-04-18,40.891
1956-04-19,57.218
1956-04-20,64.241
1956-04-21,92.467
1956-04-22,111.249
1956-04-23,103.012
1956-04-24,75.1
1956-04-25,71.375
1956-04-26,55.616
1956-04-27,60.673
1956-04-28,68.534
1956-04-29,66.693
1956-04-30,59.577
1956-05-01,36.865
1956-05-02,46.357
1956-05-03,54.716
1956-05-04,44.226
1956-05-05,48.629
1956-05-06,31.744
1956-05-07,49.406
1956-05-08,42.146
1956-05-09,43.417
1956-05-10,51.535
1956-05-11,46.561
1956-05-12,56.856
1956-05-13,64.525
1956-05-14,79.842
1956-05-15,82.569
1956-05-16,87.947
1956-05-17,74.201
1956-05-18,59.763
1956-05-19,78.715
1956-05-20,84.446
1956-05-21,90.805
1956-05-22,102.267
1956-05-23,89.457
1956-05-24,75.876
1956-05-25,76.001
1956-05-26,54.513
1956-05-27,30.745
1956-05-28,44.345
1956-05-29,85.932
1956-05-30,100.076
1956-05-31,73.589
1956-06-01,50.916
1956-06-02,49.715
1956-06-03,69.864
1956-06-04,78.144
1956-06-05,52.528
1956-06-06,45.618
1956-06-07,37.434
1956-06-08,31.788
1956-06-09,28.889
1956-06-10,28.937
1956-06-11,28.137
1956-06-12,31.668
1956-06-13,33.31
1956-06-14,34.332
1956-06-15,36.254
1956-06-16,29.518
1956-06-17,27.41
1956-06-18,26.497
1956-06-19,26.28
1956-06-20,26.483
1956-06-21,27.868
1956-06-22,40.055
1956-06-23,44.825
1956-06-24,36.386
1956-06-25,30.525
1956-06-26,32.975
1956-06-27,33.404
1956-06-28,41.559
1956-06-29,59.01
1956-06-30,67.41
1956-07-01,55.621
1956-07-02,36.521
1956-07-03,26.77
1956-07-04,26.186
1956-07-05,27.953
1956-07-06,36.918
1956-07-07,45.773
1956-07-08,61.259
1956-07-09,60.132
1956-07-10,64.328
1956-07-11,91.922
1956-07-12,52.378
1956-07-13,57.083
1956-07-14,67.149
1956-07-15,47.866
1956-07-16,39.951
1956-07-17,35.38
1956-07-18,31.205
1956-07-19,35.546
1956-07-20,44.338
1956-07-21,50.834
1956-07-22,61.139
1956-07-23,62.058
1956-07-24,55.205
1956-07-25,64.961
1956-07-26,60.784
1956-07-27,45.88
1956-07-28,62.911
1956-07-29,67.461
1956-07-30,60.792
1956-07-31,51.278
1956-08-01,52.097
1956-08-02,52.866
1956-08-03,56.492
1956-08-04,52.501
1956-08-05,71.765
1956-08-06,68.978
1956-08-07,55.058
1956-08-08,47.418
1956-08-09,46.692
1956-08-10,48.622
1956-08-11,55.325
1956-08-12,61.888
1956-08-13,83.402
1956-08-14,86.312
1956-08-15,101.315
1956-08-16,88.635
1956-08-17,68.572
1956-08-18,74.269
1956-08-19,74.865
1956-08-20,63.298
1956-08-21,64.62
1956-08-22,69.452
1956-08-23,86.877
1956-08-24,110.0
1956-08-25,98.685
1956-08-26,125.718
1956-08-27,119.529
1956-08-28,101.173
1956-08-29,110.102
1956-08-30,106.033
1956-08-31,101.292
1956-09-01,91.187
1956-09-02,107.862
1956-09-03,96.84
1956-09-04,88.539
1956-09-05,101.962
1956-09-06,95.84
1956-09-07,94.749
1956-09-08,91.986
1956-09-09,114.435
1956-09-10,111.744
1956-09-11,93.51
1956-09-12,95.254
1956-09-13,78.678
1956-09-14,74.029
1956-09-15,73.137
1956-09-16,72.407
1956-09-17,71.534
1956-09-18,70.62
1956-09-19,69.543
1956-09-20,68.392
1956-09-21,67.233
1956-09-22,66.34
1956-09-23,65.6
1956-09-24,65.451
1956-09-25,65.62
1956-09-26,64.314
1956-09-27,63.038
1956-09-28,61.592
1956-09-29,60.774
1956-09-30,58.14
1956-10-01,59.393
1956-10-02,55.946
1956-10-03,53.59
1956-10-04,51.958
1956-10-05,49.841
1956-10-06,48.506
1956-10-07,47.55
1956-10-08,48.332
1956-10-09,46.62
1956-10-10,45.046
1956-10-11,44.394
1956-10-12,43.587
1956-10-13,44.268
1956-10-14,41.963
1956-10-15,40.017
1956-10-16,38.971
1956-10-17,38.1
1956-10-18,37.299
1956-10-19,36.914
1956-10-20,36.415
1956-10-21,35.439
1956-10-22,34.613
1956-10-23,33.75
1956-10-24,33.082
1956-10-25,33.971
1956-10-26,38.182
1956-10-27,33.856
1956-10-28,33.127
1956-10-29,34.49
1956-10-30,41.138
1956-10-31,52.714
1956-11-01,43.948
1956-11-02,46.358
1956-11-03,49.539
1956-11-04,32.785
1956-11-05,26.224
1956-11-06,25.515
1956-11-07,25.048
1956-11-08,24.605
1956-11-09,24.187
1956-11-10,24.667
1956-11-11,24.432
1956-11-12,22.942
1956-11-13,22.43
1956-11-14,22.058
1956-11-15,21.677
1956-11-16,21.291
1956-11-17,20.885
1956-11-18,20.485
1956-11-19,20.043
1956-11-20,19.616
1956-11-21,19.232
1956-11-22,18.898
1956-11-23,18.525
1956-11-24,18.134
1956-11-25,17.77
1956-11-26,17.426
1956-11-27,17.049
1956-11-28,16.73
1956-11-29,16.445
1956-11-30,16.376
1956-12-01,18.356
1956-12-02,17.915
1956-12-03,18.296
1956-12-04,17.192
1956-12-05,15.501
1956-12-06,14.827
1956-12-07,14.489
1956-12-08,14.149
1956-12-09,13.841
1956-12-10,13.577
1956-12-11,13.594
1956-12-12,13.568
1956-12-13,13.322
1956-12-14,12.961
1956-12-15,12.508
1956-12-16,12.226
1956-12-17,11.999
1956-12-18,11.822
1956-12-19,11.623
1956-12-20,11.42
1956-12-21,11.23
1956-12-22,11.018
1956-12-23,10.832
1956-12-24,10.642
1956-12-25,10.432
1956-12-26,10.232
1956-12-27,10.039
1956-12-28,9.827
1956-12-29,9.646
1956-12-30,9.482
1956-12-31,9.393
1957-01-01,9.27
1957-01-02,9.12
1957-01-03,9.024
1957-01-04,8.847
1957-01-05,8.77
1957-01-06,8.697
1957-01-07,8.766
1957-01-08,8.689
1957-01-09,8.612
1957-01-10,9.545
1957-01-11,8.627
1957-01-12,8.118
1957-01-13,8.339
1957-01-14,7.938
1957-01-15,7.375
1957-01-16,7.238
1957-01-17,7.111
1957-01-18,6.984
1957-01-19,6.919
1957-01-20,6.862
1957-01-21,6.798
1957-01-22,6.818
1957-01-23,6.667
1957-01-24,7.076
1957-01-25,8.948
1957-01-26,7.344
1957-01-27,6.099
1957-01-28,5.881
1957-01-29,5.833
1957-01-30,6.106
1957-01-31,7.923
1957-02-01,12.221
1957-02-02,13.978
1957-02-03,17.267
1957-02-04,8.18
1957-02-05,5.629
1957-02-06,5.227
1957-02-07,5.131
1957-02-08,5.073
1957-02-09,5.018
1957-02-10,4.939
1957-02-11,4.889
1957-02-12,4.84
1957-02-13,4.775
1957-02-14,4.698
1957-02-15,4.651
1957-02-16,4.608
1957-02-17,4.508
1957-02-18,4.41
1957-02-19,4.357
1957-02-20,4.322
1957-02-21,4.45
1957-02-22,4.413
1957-02-23,4.396
1957-02-24,4.163
1957-02-25,4.049
1957-02-26,3.957
1957-02-27,3.958
1957-02-28,4.708
1957-03-01,4.515
1957-03-02,5.485
1957-03-03,8.594
1957-03-04,8.994
1957-03-05,10.616
1957-03-06,9.716
1957-03-07,7.165
1957-03-08,5.938
1957-03-09,4.908
1957-03-10,4.972
1957-03-11,95.223
1957-03-12,264.172
1957-03-13,434.278
1957-03-14,356.486
1957-03-15,33.122
1957-03-16,7.77
1957-03-17,4.006
1957-03-18,3.821
1957-03-19,3.471
1957-03-20,3.287
1957-03-21,3.208
1957-03-22,3.237
1957-03-23,4.078
1957-03-24,4.61
1957-03-25,4.557
1957-03-26,5.63
1957-03-27,16.122
1957-03-28,31.103
1957-03-29,28.08
1957-03-30,104.7
1957-03-31,166.21
1957-04-01,43.935
1957-04-02,17.081
1957-04-03,12.895
1957-04-04,10.331
1957-04-05,7.658
1957-04-06,7.666
1957-04-07,9.222
1957-04-08,21.866
1957-04-09,14.666
1957-04-10,6.339
1957-04-11,7.527
1957-04-12,7.38
1957-04-13,8.552
1957-04-14,5.916
1957-04-15,8.533
1957-04-16,7.745
1957-04-17,10.272
1957-04-18,11.341
1957-04-19,12.186
1957-04-20,59.512
1957-04-21,57.88
1957-04-22,85.351
1957-04-23,89.525
1957-04-24,78.976
1957-04-25,37.751
1957-04-26,27.752
1957-04-27,44.83
1957-04-28,30.852
1957-04-29,39.966
1957-04-30,35.346
1957-05-01,18.436
1957-05-02,27.974
1957-05-03,18.728
1957-05-04,30.76
1957-05-05,34.287
1957-05-06,38.244
1957-05-07,32.967
1957-05-08,21.578
1957-05-09,15.05
1957-05-10,11.692
1957-05-11,8.266
1957-05-12,11.768
1957-05-13,12.028
1957-05-14,10.146
1957-05-15,11.96
1957-05-16,10.792
1957-05-17,12.313
1957-05-18,19.338
1957-05-19,31.938
1957-05-20,18.155
1957-05-21,29.147
1957-05-22,52.875
1957-05-23,35.91
1957-05-24,26.274
1957-05-25,19.245
1957-05-26,9.055
1957-05-27,7.972
1957-05-28,8.39
1957-05-29,13.118
1957-05-30,19.465
1957-05-31,15.809
1957-06-01,36.065
1957-06-02,69.011
1957-06-03,47.894
1957-06-04,28.113
1957-06-05,22.348
1957-06-06,45.049
1957-06-07,69.434
1957-06-08,29.085
1957-06-09,18.088
1957-06-10,17.125
1957-06-11,11.853
1957-06-12,10.906
1957-06-13,10.09
1957-06-14,9.452
1957-06-15,11.372
1957-06-16,10.455
1957-06-17,10.407
1957-06-18,12.238
1957-06-19,9.868
1957-06-20,9.098
1957-06-21,9.217
1957-06-22,9.915
1957-06-23,9.984
1957-06-24,9.683
1957-06-25,9.499
1957-06-26,10.076
1957-06-27,13.432
1957-06-28,13.011
1957-06-29,14.84
1957-06-30,14.867
1957-07-01,16.502
1957-07-02,15.242
1957-07-03,16.646
1957-07-04,12.894
1957-07-05,10.471
1957-07-06,13.837
1957-07-07,24.578
1957-07-08,25.025
1957-07-09,30.077
1957-07-10,37.376
1957-07-11,26.397
1957-07-12,26.806
1957-07-13,21.236
1957-07-14,15.038
1957-07-15,16.777
1957-07-16,16.209
1957-07-17,16.906
1957-07-18,23.069
1957-07-19,19.146
1957-07-20,17.556
1957-07-21,25.588
1957-07-22,17.486
1957-07-23,11.73
1957-07-24,11.773
1957-07-25,12.672
1957-07-26,13.011
1957-07-27,14.264
1957-07-28,12.66
1957-07-29,20.19
1957-07-30,24.19
1957-07-31,26.243
1957-08-01,32.514
1957-08-02,29.092
1957-08-03,38.777
1957-08-04,34.793
1957-08-05,55.205
1957-08-06,58.922
1957-08-07,50.144
1957-08-08,50.335
1957-08-09,37.364
1957-08-10,33.95
1957-08-11,30.956
1957-08-12,21.088
1957-08-13,18.698
1957-08-14,16.97
1957-08-15,21.121
1957-08-16,25.802
1957-08-17,29.061
1957-08-18,23.076
1957-08-19,18.995
1957-08-20,16.995
1957-08-21,16.523
1957-08-22,16.421
1957-08-23,16.876
1957-08-24,16.844
1957-08-25,18.642
1957-08-26,19.768
1957-08-27,19.232
1957-08-28,22.241
1957-08-29,26.771
1957-08-30,24.917
1957-08-31,21.547
1957-09-01,20.167
1957-09-02,20.15
1957-09-03,17.169
1957-09-04,16.089
1957-09-05,15.904
1957-09-06,15.673
1957-09-07,15.618
1957-09-08,15.677
1957-09-09,15.487
1957-09-10,15.347
1957-09-11,15.133
1957-09-12,14.976
1957-09-13,17.166
1957-09-14,16.753
1957-09-15,16.351
1957-09-16,16.367
1957-09-17,17.436
1957-09-18,16.463
1957-09-19,16.107
1957-09-20,14.626
1957-09-21,13.728
1957-09-22,13.437
1957-09-23,13.237
1957-09-24,12.968
1957-09-25,12.731
1957-09-26,12.807
1957-09-27,12.575
1957-09-28,12.322
1957-09-29,13.439
1957-09-30,16.103
1957-10-01,15.418
1957-10-02,13.059
1957-10-03,12.165
1957-10-04,11.473
1957-10-05,11.179
1957-10-06,11.027
1957-10-07,10.744
1957-10-08,10.531
1957-10-09,10.482
1957-10-10,10.26
1957-10-11,9.926
1957-10-12,9.712
1957-10-13,9.683
1957-10-14,9.458
1957-10-15,9.342
1957-10-16,9.157
1957-10-17,8.904
1957-10-18,10.085
1957-10-19,17.721
1957-10-20,14.787
1957-10-21,12.284
1957-10-22,10.116
1957-10-23,10.117
1957-10-24,14.997
1957-10-25,25.211
1957-10-26,13.523
1957-10-27,13.949
1957-10-28,15.194
1957-10-29,10.502
1957-10-30,14.232
1957-10-31,13.482
1957-11-01,9.013
1957-11-02,7.241
1957-11-03,6.784
1957-11-04,9.507
1957-11-05,21.826
1957-11-06,31.364
1957-11-07,36.524
1957-11-08,58.091
1957-11-09,23.55
1957-11-10,25.967
1957-11-11,14.328
1957-11-12,10.618
1957-11-13,13.469
1957-11-14,9.605
1957-11-15,7.971
1957-11-16,6.272
1957-11-17,5.661
1957-11-18,5.517
1957-11-19,5.503
1957-11-20,5.435
1957-11-21,5.326
1957-11-22,5.218
1957-11-23,5.151
1957-11-24,5.083
1957-11-25,5.044
1957-11-26,5.039
1957-11-27,5.001
1957-11-28,4.887
1957-11-29,4.856
1957-11-30,4.837
1957-12-01,6.289
1957-12-02,9.718
1957-12-03,18.003
1957-12-04,16.157
1957-12-05,15.87
1957-12-06,8.309
1957-12-07,5.058
1957-12-08,4.515
1957-12-09,6.387
1957-12-10,5.056
1957-12-11,4.761
1957-12-12,4.607
1957-12-13,4.315
1957-12-14,4.15
1957-12-15,4.047
1957-12-16,3.92
1957-12-17,3.945
1957-12-18,3.866
1957-12-19,3.774
1957-12-20,3.732
1957-12-21,3.696
1957-12-22,3.775
1957-12-23,3.671
1957-12-24,3.633
1957-12-25,3.645
1957-12-26,3.51
1957-12-27,3.431
1957-12-28,3.367
1957-12-29,3.325
1957-12-30,3.313
1957-12-31,3.298
1958-01-01,3.23
1958-01-02,3.163
1958-01-03,3.152
1958-01-04,3.081
1958-01-05,3.006
1958-01-06,2.982
1958-01-07,2.938
1958-01-08,2.911
1958-01-09,2.859
1958-01-10,2.82
1958-01-11,2.758
1958-01-12,2.739
1958-01-13,2.694
1958-01-14,2.636
1958-01-15,2.623
1958-01-16,2.621
1958-01-17,2.515
1958-01-18,2.509
1958-01-19,2.478
1958-01-20,2.428
1958-01-21,2.365
1958-01-22,2.359
1958-01-23,2.392
1958-01-24,2.476
1958-01-25,2.636
1958-01-26,2.783
1958-01-27,3.621
1958-01-28,3.341
1958-01-29,2.563
1958-01-30,2.382
1958-01-31,2.371
1958-02-01,2.244
1958-02-02,2.12
1958-02-03,2.132
1958-02-04,2.055
1958-02-05,2.035
1958-02-06,2.15
1958-02-07,2.106
1958-02-08,2.073
1958-02-09,2.097
1958-02-10,2.258
1958-02-11,3.872
1958-02-12,3.635
1958-02-13,3.752
1958-02-14,6.17
1958-02-15,5.149
1958-02-16,2.41
1958-02-17,2.607
1958-02-18,2.47
1958-02-19,1.867
1958-02-20,1.678
1958-02-21,1.71
1958-02-22,1.708
1958-02-23,1.638
1958-02-24,1.619
1958-02-25,1.596
1958-02-26,1.58
1958-02-27,1.542
1958-02-28,1.529
1958-03-01,1.512
1958-03-02,1.527
1958-03-03,1.499
1958-03-04,1.472
1958-03-05,1.428
1958-03-06,1.411
1958-03-07,1.515
1958-03-08,1.953
1958-03-09,2.04
1958-03-10,2.22
1958-03-11,1.92
1958-03-12,1.58
1958-03-13,1.508
1958-03-14,1.457
1958-03-15,1.646
1958-03-16,2.189
1958-03-17,5.163
1958-03-18,5.587
1958-03-19,5.876
1958-03-20,8.35
1958-03-21,8.067
1958-03-22,2.966
1958-03-23,3.789
1958-03-24,3.45
1958-03-25,1.797
1958-03-26,1.555
1958-03-27,1.74
1958-03-28,1.969
1958-03-29,1.882
1958-03-30,1.791
1958-03-31,1.67
1958-04-01,1.238
1958-04-02,1.045
1958-04-03,1.009
1958-04-04,0.998
1958-04-05,1.012
1958-04-06,1.238
1958-04-07,1.252
1958-04-08,1.28
1958-04-09,1.34
1958-04-10,2.188
1958-04-11,8.055
1958-04-12,7.15
1958-04-13,5.075
1958-04-14,1.541
1958-04-15,1.045
1958-04-16,1.441
1958-04-17,5.435
1958-04-18,16.147
1958-04-19,14.37
1958-04-20,12.527
1958-04-21,14.028
1958-04-22,27.228
1958-04-23,25.301
1958-04-24,50.89
1958-04-25,93.57
1958-04-26,83.094
1958-04-27,71.392
1958-04-28,55.598
1958-04-29,45.065
1958-04-30,73.375
1958-05-01,50.352
1958-05-02,38.781
1958-05-03,27.55
1958-05-04,14.662
1958-05-05,10.326
1958-05-06,22.47
1958-05-07,33.505
1958-05-08,41.734
1958-05-09,64.902
1958-05-10,37.987
1958-05-11,55.335
1958-05-12,64.628
1958-05-13,132.62
1958-05-14,146.827
1958-05-15,103.4
1958-05-16,53.287
1958-05-17,31.891
1958-05-18,16.7
1958-05-19,15.569
1958-05-20,24.038
1958-05-21,13.997
1958-05-22,4.52
1958-05-23,4.691
1958-05-24,5.015
1958-05-25,5.073
1958-05-26,5.852
1958-05-27,11.065
1958-05-28,10.242
1958-05-29,6.237
1958-05-30,4.283
1958-05-31,3.981
1958-06-01,5.446
1958-06-02,9.408
1958-06-03,21.499
1958-06-04,32.266
1958-06-05,55.18
1958-06-06,41.702
1958-06-07,45.038
1958-06-08,53.703
1958-06-09,53.86
1958-06-10,49.957
1958-06-11,21.076
1958-06-12,7.91
1958-06-13,5.54
1958-06-14,4.849
1958-06-15,4.947
1958-06-16,4.367
1958-06-17,4.37
1958-06-18,4.497
1958-06-19,4.5
1958-06-20,5.141
1958-06-21,6.42
1958-06-22,6.11
1958-06-23,6.928
1958-06-24,7.823
1958-06-25,32.422
1958-06-26,29.41
1958-06-27,32.97
1958-06-28,41.727
1958-06-29,22.448
1958-06-30,18.726
1958-07-01,22.463
1958-07-02,20.694
1958-07-03,23.864
1958-07-04,10.517
1958-07-05,7.083
1958-07-06,7.145
1958-07-07,8.979
1958-07-08,11.075
1958-07-09,10.367
1958-07-10,9.642
1958-07-11,8.513
1958-07-12,6.809
1958-07-13,8.788
1958-07-14,12.867
1958-07-15,12.396
1958-07-16,13.551
1958-07-17,18.918
1958-07-18,19.0
1958-07-19,22.718
1958-07-20,23.353
1958-07-21,31.289
1958-07-22,71.07
1958-07-23,70.502
1958-07-24,94.556
1958-07-25,99.578
1958-07-26,62.35
1958-07-27,51.181
1958-07-28,95.318
1958-07-29,117.071
1958-07-30,110.107
1958-07-31,60.659
1958-08-01,41.106
1958-08-02,25.19
1958-08-03,19.774
1958-08-04,25.782
1958-08-05,47.218
1958-08-06,49.46
1958-08-07,54.608
1958-08-08,51.723
1958-08-09,59.079
1958-08-10,77.692
1958-08-11,64.552
1958-08-12,62.066
1958-08-13,76.083
1958-08-14,110.402
1958-08-15,161.346
1958-08-16,152.396
1958-08-17,120.925
1958-08-18,88.437
1958-08-19,110.581
1958-08-20,120.139
1958-08-21,110.661
1958-08-22,107.662
1958-08-23,119.486
1958-08-24,136.284
1958-08-25,141.349
1958-08-26,130.782
1958-08-27,90.418
1958-08-28,90.013
1958-08-29,81.104
1958-08-30,95.257
1958-08-31,97.632
1958-09-01,91.229
1958-09-02,68.062
1958-09-03,66.478
1958-09-04,84.653
1958-09-05,90.1
1958-09-06,92.81
1958-09-07,82.974
1958-09-08,69.789
1958-09-09,62.961
1958-09-10,56.33
1958-09-11,54.679
1958-09-12,56.924
1958-09-13,59.23
1958-09-14,76.517
1958-09-15,85.292
1958-09-16,73.69
1958-09-17,66.942
1958-09-18,62.848
1958-09-19,56.953
1958-09-20,49.823
1958-09-21,48.359
1958-09-22,47.515
1958-09-23,46.308
1958-09-24,45.873
1958-09-25,45.297
1958-09-26,44.8
1958-09-27,43.854
1958-09-28,42.536
1958-09-29,41.585
1958-09-30,40.802
1958-10-01,40.081
1958-10-02,39.181
1958-10-03,38.498
1958-10-04,37.815
1958-10-05,37.663
1958-10-06,37.583
1958-10-07,37.842
1958-10-08,40.181
1958-10-09,42.437
1958-10-10,48.768
1958-10-11,45.708
1958-10-12,43.109
1958-10-13,37.825
1958-10-14,48.717
1958-10-15,42.957
1958-10-16,33.326
1958-10-17,32.104
1958-10-18,30.787
1958-10-19,28.849
1958-10-20,28.284
1958-10-21,27.785
1958-10-22,27.3
1958-10-23,26.891
1958-10-24,26.414
1958-10-25,25.984
1958-10-26,25.554
1958-10-27,25.088
1958-10-28,24.628
1958-10-29,24.211
1958-10-30,23.775
1958-10-31,23.352
1958-11-01,22.976
1958-11-02,22.577
1958-11-03,22.066
1958-11-04,21.608
1958-11-05,21.213
1958-11-06,20.8
1958-11-07,20.372
1958-11-08,19.96
1958-11-09,19.545
1958-11-10,19.182
1958-11-11,18.857
1958-11-12,18.515
1958-11-13,18.116
1958-11-14,17.855
1958-11-15,17.387
1958-11-16,17.03
1958-11-17,16.719
1958-11-18,16.3
1958-11-19,16.012
1958-11-20,15.657
1958-11-21,15.284
1958-11-22,14.94
1958-11-23,14.616
1958-11-24,14.487
1958-11-25,14.547
1958-11-26,14.202
1958-11-27,14.205
1958-11-28,15.339
1958-11-29,13.85
1958-11-30,13.354
1958-12-01,12.759
1958-12-02,12.119
1958-12-03,11.801
1958-12-04,11.54
1958-12-05,11.324
1958-12-06,11.095
1958-12-07,10.835
1958-12-08,10.603
1958-12-09,10.362
1958-12-10,10.191
1958-12-11,10.019
1958-12-12,9.791
1958-12-13,9.657
1958-12-14,9.541
1958-12-15,11.066
1958-12-16,12.222
1958-12-17,17.0
1958-12-18,21.952
1958-12-19,19.389
1958-12-20,17.377
1958-12-21,25.06
1958-12-22,22.582
1958-12-23,27.123
1958-12-24,17.098
1958-12-25,8.382
1958-12-26,7.922
1958-12-27,7.869
1958-12-28,7.917
1958-12-29,7.837
1958-12-30,7.319
1958-12-31,7.155
1959-01-01,7.096
1959-01-02,7.414
1959-01-03,7.715
1959-01-04,8.072
1959-01-05,8.479
1959-01-06,8.638
1959-01-07,8.542
1959-01-08,8.442
1959-01-09,8.318
1959-01-10,8.175
1959-01-11,8.016
1959-01-12,7.88
1959-01-13,7.713
1959-01-14,7.614
1959-01-15,7.517
1959-01-16,7.408
1959-01-17,7.276
1959-01-18,7.233
1959-01-19,7.176
1959-01-20,7.099
1959-01-21,6.961
1959-01-22,6.876
1959-01-23,6.742
1959-01-24,6.908
1959-01-25,7.865
1959-01-26,8.585
1959-01-27,9.649
1959-01-28,10.355
1959-01-29,11.856
1959-01-30,7.352
1959-01-31,6.158
1959-02-01,6.015
1959-02-02,6.189
1959-02-03,6.02
1959-02-04,5.837
1959-02-05,5.732
1959-02-06,5.641
1959-02-07,6.111
1959-02-08,6.679
1959-02-09,6.921
1959-02-10,8.123
1959-02-11,7.288
1959-02-12,6.682
1959-02-13,7.368
1959-02-14,6.063
1959-02-15,5.364
1959-02-16,5.243
1959-02-17,5.301
1959-02-18,4.987
1959-02-19,4.767
1959-02-20,4.672
1959-02-21,4.572
1959-02-22,4.517
1959-02-23,4.486
1959-02-24,4.763
1959-02-25,5.43
1959-02-26,6.13
1959-02-27,6.03
1959-02-28,5.496
1959-03-01,4.888
1959-03-02,4.409
1959-03-03,4.571
1959-03-04,5.719
1959-03-05,5.087
1959-03-06,6.149
1959-03-07,7.867
1959-03-08,5.918
1959-03-09,4.032
1959-03-10,3.795
1959-03-11,3.731
1959-03-12,3.671
1959-03-13,3.613
1959-03-14,3.56
1959-03-15,3.528
1959-03-16,3.5
1959-03-17,3.434
1959-03-18,3.404
1959-03-19,4.362
1959-03-20,11.6
1959-03-21,15.324
1959-03-22,11.65
1959-03-23,13.275
1959-03-24,16.964
1959-03-25,22.89
1959-03-26,12.272
1959-03-27,21.275
1959-03-28,18.739
1959-03-29,33.906
1959-03-30,31.995
1959-03-31,21.902
1959-04-01,8.974
1959-04-02,3.696
1959-04-03,3.122
1959-04-04,3.124
1959-04-05,3.028
1959-04-06,2.928
1959-04-07,2.889
1959-04-08,2.875
1959-04-09,2.77
1959-04-10,2.783
1959-04-11,3.224
1959-04-12,3.86
1959-04-13,7.723
1959-04-14,6.622
1959-04-15,8.88
1959-04-16,8.662
1959-04-17,14.725
1959-04-18,17.817
1959-04-19,23.223
1959-04-20,44.176
1959-04-21,42.267
1959-04-22,23.356
1959-04-23,18.697
1959-04-24,17.761
1959-04-25,10.763
1959-04-26,19.363
1959-04-27,22.32
1959-04-28,20.109
1959-04-29,25.133
1959-04-30,44.222
1959-05-01,60.021
1959-05-02,50.99
1959-05-03,69.808
1959-05-04,91.075
1959-05-05,60.728
1959-05-06,33.924
1959-05-07,36.286
1959-05-08,14.227
1959-05-09,5.358
1959-05-10,6.145
1959-05-11,7.373
1959-05-12,8.906
1959-05-13,11.506
1959-05-14,46.428
1959-05-15,61.183
1959-05-16,63.127
1959-05-17,74.596
1959-05-18,50.192
1959-05-19,32.941
1959-05-20,37.554
1959-05-21,41.733
1959-05-22,37.007
1959-05-23,28.344
1959-05-24,18.437
1959-05-25,15.241
1959-05-26,15.432
1959-05-27,40.42
1959-05-28,76.243
1959-05-29,94.242
1959-05-30,70.399
1959-05-31,47.033
1959-06-01,38.725
1959-06-02,16.148
1959-06-03,10.767
1959-06-04,16.18
1959-06-05,40.017
1959-06-06,46.425
1959-06-07,43.595
1959-06-08,44.065
1959-06-09,15.363
1959-06-10,9.835
1959-06-11,11.584
1959-06-12,20.322
1959-06-13,43.491
1959-06-14,49.185
1959-06-15,56.616
1959-06-16,44.401
1959-06-17,18.46
1959-06-18,23.569
1959-06-19,31.309
1959-06-20,29.083
1959-06-21,28.595
1959-06-22,33.982
1959-06-23,25.611
1959-06-24,25.762
1959-06-25,26.981
1959-06-26,26.264
1959-06-27,19.065
1959-06-28,17.952
1959-06-29,24.269
1959-06-30,61.212
1959-07-01,55.729
1959-07-02,51.373
1959-07-03,45.518
1959-07-04,73.681
1959-07-05,79.722
1959-07-06,89.795
1959-07-07,89.142
1959-07-08,73.209
1959-07-09,45.044
1959-07-10,34.91
1959-07-11,31.787
1959-07-12,30.692
1959-07-13,30.989
1959-07-14,31.325
1959-07-15,31.408
1959-07-16,31.549
1959-07-17,33.14
1959-07-18,32.634
1959-07-19,33.89
1959-07-20,51.364
1959-07-21,107.468
1959-07-22,124.542
1959-07-23,153.994
1959-07-24,143.631
1959-07-25,84.768
1959-07-26,90.521
1959-07-27,143.046
1959-07-28,133.415
1959-07-29,173.179
1959-07-30,168.682
1959-07-31,113.793
1959-08-01,245.238
1959-08-02,178.957
1959-08-03,118.307
1959-08-04,121.178
1959-08-05,151.128
1959-08-06,153.667
1959-08-07,140.436
1959-08-08,113.584
1959-08-09,136.924
1959-08-10,162.749
1959-08-11,163.772
1959-08-12,167.655
1959-08-13,138.401
1959-08-14,117.225
1959-08-15,130.205
1959-08-16,121.877
1959-08-17,113.007
1959-08-18,124.191
1959-08-19,128.617
1959-08-20,143.978
1959-08-21,146.769
1959-08-22,161.447
1959-08-23,174.008
1959-08-24,206.72
1959-08-25,179.722
1959-08-26,185.776
1959-08-27,189.801
1959-08-28,159.769
1959-08-29,167.949
1959-08-30,149.978
1959-08-31,127.558
1959-09-01,112.033
1959-09-02,127.329
1959-09-03,158.956
1959-09-04,176.742
1959-09-05,195.02
1959-09-06,269.037
1959-09-07,281.343
1959-09-08,279.535
1959-09-09,211.356
1959-09-10,175.033
1959-09-11,160.968
1959-09-12,167.625
1959-09-13,164.815
1959-09-14,162.455
1959-09-15,154.739
1959-09-16,153.133
1959-09-17,156.905
1959-09-18,148.036
1959-09-19,129.419
1959-09-20,123.599
1959-09-21,118.115
1959-09-22,115.166
1959-09-23,110.519
1959-09-24,106.342
1959-09-25,104.027
1959-09-26,111.748
1959-09-27,103.34
1959-09-28,101.11
1959-09-29,96.732
1959-09-30,95.977
1959-10-01,96.524
1959-10-02,96.511
1959-10-03,94.476
1959-10-04,90.754
1959-10-05,90.528
1959-10-06,99.564
1959-10-07,129.051
1959-10-08,141.545
1959-10-09,125.494
1959-10-10,140.628
1959-10-11,125.96
1959-10-12,102.251
1959-10-13,75.115
1959-10-14,66.154
1959-10-15,64.527
1959-10-16,63.32
1959-10-17,62.229
1959-10-18,61.197
1959-10-19,60.175
1959-10-20,60.121
1959-10-21,64.437
1959-10-22,88.101
1959-10-23,105.412
1959-10-24,163.015
1959-10-25,118.212
1959-10-26,87.715
1959-10-27,65.667
1959-10-28,56.608
1959-10-29,53.798
1959-10-30,52.618
1959-10-31,58.968
1959-11-01,61.845
1959-11-02,115.308
1959-11-03,150.665
1959-11-04,138.752
1959-11-05,132.452
1959-11-06,111.406
1959-11-07,98.528
1959-11-08,97.62
1959-11-09,63.438
1959-11-10,55.131
1959-11-11,54.382
1959-11-12,53.908
1959-11-13,53.305
1959-11-14,52.667
1959-11-15,52.128
1959-11-16,51.625
1959-11-17,50.752
1959-11-18,49.668
1959-11-19,48.87
1959-11-20,49.859
1959-11-21,56.991
1959-11-22,54.596
1959-11-23,51.187
1959-11-24,47.803
1959-11-25,45.111
1959-11-26,44.202
1959-11-27,43.868
1959-11-28,209.638
1959-11-29,90.498
1959-11-30,59.643
1959-12-01,51.412
1959-12-02,52.533
1959-12-03,45.712
1959-12-04,42.49
1959-12-05,39.067
1959-12-06,37.455
1959-12-07,36.839
1959-12-08,36.305
1959-12-09,35.801
1959-12-10,35.256
1959-12-11,34.728
1959-12-12,34.254
1959-12-13,33.763
1959-12-14,33.243
1959-12-15,32.689
1959-12-16,32.088
1959-12-17,31.533
1959-12-18,30.985
1959-12-19,30.434
1959-12-20,29.885
1959-12-21,29.36
1959-12-22,28.848
1959-12-23,28.32
1959-12-24,27.79
1959-12-25,27.287
1959-12-26,26.77
1959-12-27,26.269
1959-12-28,25.786
1959-12-29,25.534
1959-12-30,25.299
1959-12-31,25.397
1960-01-01,24.71
1960-01-02,23.721
1960-01-03,23.051
1960-01-04,22.565
1960-01-05,22.09
1960-01-06,21.681
1960-01-07,21.259
1960-01-08,20.822
1960-01-09,20.415
1960-01-10,19.992
1960-01-11,19.702
1960-01-12,19.38
1960-01-13,18.992
1960-01-14,18.73
1960-01-15,18.485
1960-01-16,18.279
1960-01-17,17.69
1960-01-18,17.396
1960-01-19,17.048
1960-01-20,16.652
1960-01-21,16.287
1960-01-22,16.003
1960-01-23,15.734
1960-01-24,15.457
1960-01-25,15.242
1960-01-26,14.939
1960-01-27,14.828
1960-01-28,14.569
1960-01-29,14.375
1960-01-30,14.067
1960-01-31,13.742
1960-02-01,13.525
1960-02-02,13.314
1960-02-03,13.042
1960-02-04,12.832
1960-02-05,12.664
1960-02-06,12.421
1960-02-07,12.185
1960-02-08,11.972
1960-02-09,11.74
1960-02-10,11.515
1960-02-11,11.299
1960-02-12,11.121
1960-02-13,11.196
1960-02-14,11.42
1960-02-15,11.468
1960-02-16,11.877
1960-02-17,14.388
1960-02-18,12.948
1960-02-19,11.033
1960-02-20,10.501
1960-02-21,10.032
1960-02-22,9.606
1960-02-23,9.357
1960-02-24,9.261
1960-02-25,9.538
1960-02-26,9.34
1960-02-27,9.71
1960-02-28,9.692
1960-02-29,9.492
1960-03-01,9.802
1960-03-02,9.977
1960-03-03,16.531
1960-03-04,16.376
1960-03-05,14.611
1960-03-06,11.174
1960-03-07,9.637
1960-03-08,7.925
1960-03-09,7.524
1960-03-10,7.623
1960-03-11,7.599
1960-03-12,7.674
1960-03-13,7.64
1960-03-14,11.508
1960-03-15,18.015
1960-03-16,14.288
1960-03-17,15.447
1960-03-18,21.092
1960-03-19,36.677
1960-03-20,81.373
1960-03-21,80.847
1960-03-22,122.007
1960-03-23,164.323
1960-03-24,116.709
1960-03-25,42.411
1960-03-26,15.905
1960-03-27,10.203
1960-03-28,9.437
1960-03-29,15.339
1960-03-30,10.825
1960-03-31,14.551
1960-04-01,31.782
1960-04-02,38.054
1960-04-03,78.265
1960-04-04,70.626
1960-04-05,88.443
1960-04-06,60.778
1960-04-07,56.187
1960-04-08,28.905
1960-04-09,10.202
1960-04-10,7.073
1960-04-11,8.472
1960-04-12,11.25
1960-04-13,15.202
1960-04-14,14.346
1960-04-15,14.391
1960-04-16,14.961
1960-04-17,20.633
1960-04-18,22.59
1960-04-19,29.022
1960-04-20,28.239
1960-04-21,25.963
1960-04-22,13.509
1960-04-23,9.786
1960-04-24,11.478
1960-04-25,11.652
1960-04-26,11.227
1960-04-27,24.181
1960-04-28,58.737
1960-04-29,85.34
1960-04-30,96.773
1960-05-01,87.553
1960-05-02,67.16
1960-05-03,43.2
1960-05-04,47.62
1960-05-05,39.87
1960-05-06,45.314
1960-05-07,47.459
1960-05-08,36.202
1960-05-09,21.646
1960-05-10,16.668
1960-05-11,23.316
1960-05-12,25.887
1960-05-13,28.045
1960-05-14,30.124
1960-05-15,30.178
1960-05-16,44.916
1960-05-17,39.697
1960-05-18,25.449
1960-05-19,37.799
1960-05-20,47.61
1960-05-21,51.96
1960-05-22,58.038
1960-05-23,59.756
1960-05-24,73.058
1960-05-25,65.023
1960-05-26,93.658
1960-05-27,105.592
1960-05-28,100.183
1960-05-29,95.855
1960-05-30,96.542
1960-05-31,43.439
1960-06-01,33.406
1960-06-02,32.87
1960-06-03,30.84
1960-06-04,29.814
1960-06-05,27.974
1960-06-06,27.368
1960-06-07,30.167
1960-06-08,34.154
1960-06-09,43.875
1960-06-10,48.365
1960-06-11,58.798
1960-06-12,49.83
1960-06-13,39.502
1960-06-14,59.825
1960-06-15,54.326
1960-06-16,49.758
1960-06-17,36.98
1960-06-18,31.339
1960-06-19,27.538
1960-06-20,27.037
1960-06-21,27.02
1960-06-22,27.751
1960-06-23,27.615
1960-06-24,27.0
1960-06-25,32.993
1960-06-26,42.037
1960-06-27,36.632
1960-06-28,47.987
1960-06-29,78.224
1960-06-30,104.691
1960-07-01,150.74
1960-07-02,137.984
1960-07-03,138.749
1960-07-04,123.646
1960-07-05,78.524
1960-07-06,73.125
1960-07-07,62.412
1960-07-08,59.646
1960-07-09,53.641
1960-07-10,47.378
1960-07-11,45.977
1960-07-12,54.061
1960-07-13,91.008
1960-07-14,90.611
1960-07-15,78.652
1960-07-16,66.682
1960-07-17,80.053
1960-07-18,78.156
1960-07-19,69.401
1960-07-20,89.013
1960-07-21,98.676
1960-07-22,106.468
1960-07-23,130.277
1960-07-24,135.919
1960-07-25,141.516
1960-07-26,87.689
1960-07-27,65.821
1960-07-28,52.989
1960-07-29,56.76
1960-07-30,74.496
1960-07-31,94.58
1960-08-01,163.528
1960-08-02,117.162
1960-08-03,94.622
1960-08-04,81.557
1960-08-05,69.817
1960-08-06,70.526
1960-08-07,78.957
1960-08-08,87.512
1960-08-09,83.433
1960-08-10,78.737
1960-08-11,75.641
1960-08-12,69.046
1960-08-13,64.533
1960-08-14,58.442
1960-08-15,58.731
1960-08-16,75.032
1960-08-17,121.819
1960-08-18,158.504
1960-08-19,192.85
1960-08-20,170.896
1960-08-21,143.222
1960-08-22,111.897
1960-08-23,100.201
1960-08-24,143.882
1960-08-25,255.744
1960-08-26,350.346
1960-08-27,399.431
1960-08-28,309.42
1960-08-29,195.509
1960-08-30,173.95
1960-08-31,148.283
1960-09-01,146.049
1960-09-02,156.869
1960-09-03,157.082
1960-09-04,187.7
1960-09-05,195.608
1960-09-06,177.646
1960-09-07,169.469
1960-09-08,164.435
1960-09-09,181.452
1960-09-10,162.316
1960-09-11,154.665
1960-09-12,146.233
1960-09-13,134.008
1960-09-14,129.284
1960-09-15,127.128
1960-09-16,146.294
1960-09-17,166.328
1960-09-18,167.465
1960-09-19,178.928
1960-09-20,135.578
1960-09-21,118.708
1960-09-22,117.029
1960-09-23,108.332
1960-09-24,103.666
1960-09-25,101.107
1960-09-26,98.916
1960-09-27,96.678
1960-09-28,96.886
1960-09-29,96.584
1960-09-30,96.024
1960-10-01,111.519
1960-10-02,143.261
1960-10-03,165.846
1960-10-04,139.788
1960-10-05,129.842
1960-10-06,95.932
1960-10-07,82.917
1960-10-08,81.896
1960-10-09,92.695
1960-10-10,87.821
1960-10-11,78.143
1960-10-12,74.05
1960-10-13,72.918
1960-10-14,74.604
1960-10-15,74.738
1960-10-16,81.107
1960-10-17,73.213
1960-10-18,68.078
1960-10-19,65.311
1960-10-20,66.82
1960-10-21,62.952
1960-10-22,62.096
1960-10-23,61.284
1960-10-24,58.902
1960-10-25,57.246
1960-10-26,56.322
1960-10-27,56.049
1960-10-28,54.595
1960-10-29,53.733
1960-10-30,54.04
1960-10-31,55.132
1960-11-01,59.243
1960-11-02,54.467
1960-11-03,51.35
1960-11-04,50.264
1960-11-05,48.86
1960-11-06,48.272
1960-11-07,62.527
1960-11-08,61.014
1960-11-09,63.114
1960-11-10,53.073
1960-11-11,44.858
1960-11-12,45.128
1960-11-13,42.321
1960-11-14,40.759
1960-11-15,38.878
1960-11-16,40.214
1960-11-17,49.592
1960-11-18,47.953
1960-11-19,44.277
1960-11-20,45.887
1960-11-21,38.451
1960-11-22,34.023
1960-11-23,33.388
1960-11-24,32.72
1960-11-25,32.221
1960-11-26,31.684
1960-11-27,31.111
1960-11-28,30.37
1960-11-29,29.713
1960-11-30,29.135
1960-12-01,28.603
1960-12-02,28.042
1960-12-03,27.46
1960-12-04,26.896
1960-12-05,26.388
1960-12-06,25.832
1960-12-07,25.278
1960-12-08,24.733
1960-12-09,24.209
1960-12-10,23.735
1960-12-11,23.18
1960-12-12,22.654
1960-12-13,22.132
1960-12-14,21.6
1960-12-15,21.094
1960-12-16,20.587
1960-12-17,20.109
1960-12-18,19.762
1960-12-19,19.893
1960-12-20,19.722
1960-12-21,20.571
1960-12-22,20.294
1960-12-23,19.154
1960-12-24,18.088
1960-12-25,17.61
1960-12-26,17.172
1960-12-27,16.9
1960-12-28,16.401
1960-12-29,15.831
1960-12-30,15.445
1960-12-31,15.11
1961-01-01,14.8
1961-01-02,14.471
1961-01-03,14.135
1961-01-04,13.814
1961-01-05,13.56
1961-01-06,13.211
1961-01-07,12.932
1961-01-08,12.638
1961-01-09,12.334
1961-01-10,12.05
1961-01-11,11.758
1961-01-12,11.56
1961-01-13,11.34
1961-01-14,11.118
1961-01-15,10.93
1961-01-16,10.694
1961-01-17,10.456
1961-01-18,10.264
1961-01-19,10.061
1961-01-20,9.87
1961-01-21,9.647
1961-01-22,9.453
1961-01-23,9.272
1961-01-24,9.135
1961-01-25,9.109
1961-01-26,8.912
1961-01-27,8.7
1961-01-28,8.47
1961-01-29,8.31
1961-01-30,8.284
1961-01-31,8.1
1961-02-01,8.053
1961-02-02,7.978
1961-02-03,7.815
1961-02-04,7.978
1961-02-05,8.295
1961-02-06,8.748
1961-02-07,9.044
1961-02-08,11.504
1961-02-09,9.882
1961-02-10,7.378
1961-02-11,6.858
1961-02-12,6.751
1961-02-13,6.696
1961-02-14,6.68
1961-02-15,6.429
1961-02-16,6.255
1961-02-17,6.134
1961-02-18,5.998
1961-02-19,5.895
1961-02-20,5.836
1961-02-21,5.788
1961-02-22,5.666
1961-02-23,5.583
1961-02-24,5.451
1961-02-25,5.378
1961-02-26,5.328
1961-02-27,5.318
1961-02-28,5.265
1961-03-01,5.49
1961-03-02,5.485
1961-03-03,5.797
1961-03-04,5.854
1961-03-05,5.358
1961-03-06,4.855
1961-03-07,4.62
1961-03-08,4.522
1961-03-09,4.41
1961-03-10,4.305
1961-03-11,4.215
1961-03-12,4.127
1961-03-13,4.062
1961-03-14,4.105
1961-03-15,4.398
1961-03-16,4.669
1961-03-17,5.033
1961-03-18,6.113
1961-03-19,5.855
1961-03-20,5.21
1961-03-21,6.494
1961-03-22,10.441
1961-03-23,8.559
1961-03-24,5.932
1961-03-25,4.214
1961-03-26,3.806
1961-03-27,3.752
1961-03-28,3.63
1961-03-29,3.462
1961-03-30,5.061
1961-03-31,6.65
1961-04-01,5.366
1961-04-02,5.206
1961-04-03,5.208
1961-04-04,4.127
1961-04-05,4.457
1961-04-06,4.618
1961-04-07,3.585
1961-04-08,5.474
1961-04-09,7.748
1961-04-10,6.916
1961-04-11,7.266
1961-04-12,12.024
1961-04-13,9.235
1961-04-14,13.675
1961-04-15,18.031
1961-04-16,7.644
1961-04-17,3.633
1961-04-18,3.448
1961-04-19,3.584
1961-04-20,3.864
1961-04-21,5.661
1961-04-22,5.991
1961-04-23,3.841
1961-04-24,2.831
1961-04-25,2.978
1961-04-26,3.129
1961-04-27,3.062
1961-04-28,3.165
1961-04-29,2.76
1961-04-30,3.079
1961-05-01,5.08
1961-05-02,6.792
1961-05-03,7.364
1961-05-04,8.358
1961-05-05,14.48
1961-05-06,50.629
1961-05-07,32.922
1961-05-08,60.982
1961-05-09,84.662
1961-05-10,42.925
1961-05-11,14.389
1961-05-12,18.878
1961-05-13,25.133
1961-05-14,18.31
1961-05-15,23.734
1961-05-16,18.943
1961-05-17,6.23
1961-05-18,2.53
1961-05-19,2.356
1961-05-20,3.295
1961-05-21,8.317
1961-05-22,8.37
1961-05-23,7.837
1961-05-24,11.962
1961-05-25,18.59
1961-05-26,17.129
1961-05-27,25.905
1961-05-28,14.231
1961-05-29,22.893
1961-05-30,43.608
1961-05-31,23.041
1961-06-01,5.934
1961-06-02,12.444
1961-06-03,18.922
1961-06-04,24.184
1961-06-05,22.733
1961-06-06,20.34
1961-06-07,10.582
1961-06-08,8.642
1961-06-09,9.122
1961-06-10,18.479
1961-06-11,28.485
1961-06-12,37.655
1961-06-13,28.892
1961-06-14,23.702
1961-06-15,18.378
1961-06-16,10.097
1961-06-17,7.98
1961-06-18,5.886
1961-06-19,6.604
1961-06-20,12.896
1961-06-21,25.086
1961-06-22,29.408
1961-06-23,33.557
1961-06-24,24.531
1961-06-25,39.117
1961-06-26,59.807
1961-06-27,72.342
1961-06-28,108.289
1961-06-29,107.92
1961-06-30,89.408
1961-07-01,81.914
1961-07-02,121.621
1961-07-03,104.85
1961-07-04,84.005
1961-07-05,69.595
1961-07-06,34.462
1961-07-07,20.141
1961-07-08,14.188
1961-07-09,27.06
1961-07-10,45.307
1961-07-11,73.77
1961-07-12,63.059
1961-07-13,48.454
1961-07-14,35.311
1961-07-15,30.329
1961-07-16,54.753
1961-07-17,47.236
1961-07-18,42.136
1961-07-19,40.431
1961-07-20,73.462
1961-07-21,81.055
1961-07-22,84.788
1961-07-23,86.601
1961-07-24,97.329
1961-07-25,137.609
1961-07-26,172.13
1961-07-27,145.955
1961-07-28,136.075
1961-07-29,120.407
1961-07-30,78.268
1961-07-31,76.591
1961-08-01,74.153
1961-08-02,62.93
1961-08-03,60.87
1961-08-04,65.608
1961-08-05,75.885
1961-08-06,109.978
1961-08-07,110.476
1961-08-08,94.852
1961-08-09,117.662
1961-08-10,170.849
1961-08-11,242.393
1961-08-12,307.695
1961-08-13,416.721
1961-08-14,335.168
1961-08-15,283.611
1961-08-16,290.048
1961-08-17,309.255
1961-08-18,332.78
1961-08-19,332.335
1961-08-20,309.491
1961-08-21,334.915
1961-08-22,324.125
1961-08-23,287.151
1961-08-24,261.763
1961-08-25,281.588
1961-08-26,312.343
1961-08-27,254.93
1961-08-28,220.02
1961-08-29,272.364
1961-08-30,309.278
1961-08-31,268.218
1961-09-01,243.565
1961-09-02,247.988
1961-09-03,238.993
1961-09-04,303.712
1961-09-05,295.325
1961-09-06,327.432
1961-09-07,284.588
1961-09-08,211.699
1961-09-09,159.119
1961-09-10,151.845
1961-09-11,155.466
1961-09-12,164.565
1961-09-13,177.569
1961-09-14,170.602
1961-09-15,149.215
1961-09-16,137.286
1961-09-17,138.95
1961-09-18,179.68
1961-09-19,201.835
1961-09-20,180.305
1961-09-21,167.145
1961-09-22,200.796
1961-09-23,149.78
1961-09-24,136.123
1961-09-25,123.602
1961-09-26,116.368
1961-09-27,116.917
1961-09-28,124.893
1961-09-29,121.308
1961-09-30,124.317
1961-10-01,124.657
1961-10-02,122.352
1961-10-03,144.977
1961-10-04,167.679
1961-10-05,160.899
1961-10-06,186.859
1961-10-07,172.096
1961-10-08,188.956
1961-10-09,194.752
1961-10-10,138.769
1961-10-11,120.915
1961-10-12,121.554
1961-10-13,121.904
1961-10-14,110.726
1961-10-15,117.34
1961-10-16,117.075
1961-10-17,111.862
1961-10-18,107.585
1961-10-19,106.3
1961-10-20,115.952
1961-10-21,112.046
1961-10-22,97.633
1961-10-23,95.008
1961-10-24,94.063
1961-10-25,95.51
1961-10-26,100.347
1961-10-27,103.411
1961-10-28,107.892
1961-10-29,96.662
1961-10-30,89.667
1961-10-31,89.81
1961-11-01,89.884
1961-11-02,92.16
1961-11-03,97.846
1961-11-04,97.735
1961-11-05,89.857
1961-11-06,82.838
1961-11-07,80.449
1961-11-08,79.997
1961-11-09,106.375
1961-11-10,254.453
1961-11-11,383.018
1961-11-12,370.652
1961-11-13,208.692
1961-11-14,141.125
1961-11-15,133.967
1961-11-16,161.576
1961-11-17,200.4
1961-11-18,241.708
1961-11-19,270.029
1961-11-20,255.704
1961-11-21,234.976
1961-11-22,235.633
1961-11-23,207.787
1961-11-24,197.782
1961-11-25,186.751
1961-11-26,211.257
1961-11-27,225.913
1961-11-28,238.56
1961-11-29,229.36
1961-11-30,217.31
1961-12-01,197.456
1961-12-02,172.998
1961-12-03,163.346
1961-12-04,158.742
1961-12-05,153.892
1961-12-06,148.714
1961-12-07,143.685
1961-12-08,138.765
1961-12-09,134.001
1961-12-10,129.633
1961-12-11,129.158
1961-12-12,124.311
1961-12-13,127.228
1961-12-14,119.416
1961-12-15,117.587
1961-12-16,111.787
1961-12-17,106.739
1961-12-18,102.724
1961-12-19,100.42
1961-12-20,97.663
1961-12-21,94.506
1961-12-22,91.422
1961-12-23,88.965
1961-12-24,86.757
1961-12-25,84.435
1961-12-26,82.352
1961-12-27,80.471
1961-12-28,78.228
1961-12-29,76.327
1961-12-30,74.788
1961-12-31,72.593
1962-01-01,71.073
1962-01-02,69.314
1962-01-03,67.288
1962-01-04,65.488
1962-01-05,63.873
1962-01-06,62.351
1962-01-07,60.882
1962-01-08,59.878
1962-01-09,59.209
1962-01-10,58.202
1962-01-11,58.187
1962-01-12,56.175
1962-01-13,54.166
1962-01-14,52.61
1962-01-15,51.22
1962-01-16,50.025
1962-01-17,48.99
1962-01-18,47.962
1962-01-19,46.98
1962-01-20,46.017
1962-01-21,45.037
1962-01-22,44.122
1962-01-23,43.209
1962-01-24,42.277
1962-01-25,41.51
1962-01-26,40.68
1962-01-27,39.891
1962-01-28,39.12
1962-01-29,38.245
1962-01-30,37.436
1962-01-31,36.656
1962-02-01,35.881
1962-02-02,35.131
1962-02-03,34.36
1962-02-04,33.652
1962-02-05,32.928
1962-02-06,32.221
1962-02-07,31.55
1962-02-08,30.884
1962-02-09,30.287
1962-02-10,29.851
1962-02-11,29.107
1962-02-12,28.515
1962-02-13,27.903
1962-02-14,27.333
1962-02-15,26.777
1962-02-16,26.233
1962-02-17,25.707
1962-02-18,25.336
1962-02-19,25.069
1962-02-20,24.604
1962-02-21,24.008
1962-02-22,23.413
1962-02-23,22.95
1962-02-24,22.501
1962-02-25,22.125
1962-02-26,21.726
1962-02-27,21.401
1962-02-28,21.027
1962-03-01,21.14
1962-03-02,21.951
1962-03-03,23.562
1962-03-04,25.3
1962-03-05,60.9
1962-03-06,73.592
1962-03-07,22.814
1962-03-08,19.126
1962-03-09,22.494
1962-03-10,22.251
1962-03-11,21.733
1962-03-12,21.952
1962-03-13,22.077
1962-03-14,25.766
1962-03-15,31.864
1962-03-16,28.713
1962-03-17,23.401
1962-03-18,25.789
1962-03-19,63.625
1962-03-20,55.566
1962-03-21,84.743
1962-03-22,104.709
1962-03-23,102.598
1962-03-24,120.992
1962-03-25,58.511
1962-03-26,42.19
1962-03-27,55.211
1962-03-28,32.509
1962-03-29,17.126
1962-03-30,16.032
1962-03-31,15.774
1962-04-01,15.925
1962-04-02,16.01
1962-04-03,15.946
1962-04-04,17.035
1962-04-05,21.518
1962-04-06,33.049
1962-04-07,56.617
1962-04-08,73.386
1962-04-09,75.946
1962-04-10,66.16
1962-04-11,49.808
1962-04-12,54.684
1962-04-13,88.366
1962-04-14,92.382
1962-04-15,75.198
1962-04-16,52.277
1962-04-17,60.739
1962-04-18,95.342
1962-04-19,66.31
1962-04-20,29.465
1962-04-21,20.084
1962-04-22,22.758
1962-04-23,38.483
1962-04-24,35.714
1962-04-25,42.813
1962-04-26,75.033
1962-04-27,77.947
1962-04-28,62.707
1962-04-29,66.808
1962-04-30,74.145
1962-05-01,53.937
1962-05-02,63.278
1962-05-03,52.734
1962-05-04,64.183
1962-05-05,99.498
1962-05-06,117.067
1962-05-07,134.791
1962-05-08,114.712
1962-05-09,114.964
1962-05-10,107.337
1962-05-11,118.32
1962-05-12,139.851
1962-05-13,148.228
1962-05-14,120.861
1962-05-15,119.172
1962-05-16,109.295
1962-05-17,95.526
1962-05-18,88.736
1962-05-19,93.527
1962-05-20,86.122
1962-05-21,95.353
1962-05-22,116.557
1962-05-23,98.993
1962-05-24,83.664
1962-05-25,80.762
1962-05-26,79.041
1962-05-27,77.687
1962-05-28,76.68
1962-05-29,77.892
1962-05-30,96.325
1962-05-31,126.965
1962-06-01,104.659
1962-06-02,128.746
1962-06-03,146.152
1962-06-04,147.768
1962-06-05,145.497
1962-06-06,170.182
1962-06-07,132.614
1962-06-08,109.637
1962-06-09,105.727
1962-06-10,86.463
1962-06-11,78.561
1962-06-12,80.018
1962-06-13,83.42
1962-06-14,90.388
1962-06-15,138.656
1962-06-16,161.148
1962-06-17,181.949
1962-06-18,139.163
1962-06-19,117.313
1962-06-20,134.758
1962-06-21,145.112
1962-06-22,128.137
1962-06-23,130.426
1962-06-24,126.287
1962-06-25,112.988
1962-06-26,107.876
1962-06-27,116.237
1962-06-28,107.192
1962-06-29,112.451
1962-06-30,147.148
1962-07-01,179.83
1962-07-02,174.314
1962-07-03,170.916
1962-07-04,165.582
1962-07-05,147.427
1962-07-06,129.0
1962-07-07,124.104
1962-07-08,122.442
1962-07-09,124.727
1962-07-10,132.297
1962-07-11,128.837
1962-07-12,124.323
1962-07-13,130.912
1962-07-14,130.796
1962-07-15,140.605
1962-07-16,129.816
1962-07-17,118.376
1962-07-18,119.34
1962-07-19,116.807
1962-07-20,115.76
1962-07-21,115.76
1962-07-22,115.935
1962-07-23,115.368
1962-07-24,113.37
1962-07-25,111.674
1962-07-26,109.835
1962-07-27,109.752
1962-07-28,119.282
1962-07-29,131.914
1962-07-30,133.112
1962-07-31,135.475
1962-08-01,133.554
1962-08-02,108.52
1962-08-03,116.341
1962-08-04,117.605
1962-08-05,118.906
1962-08-06,120.646
1962-08-07,106.289
1962-08-08,94.456
1962-08-09,90.122
1962-08-10,91.062
1962-08-11,91.11
1962-08-12,85.99
1962-08-13,85.798
1962-08-14,82.915
1962-08-15,80.961
1962-08-16,80.156
1962-08-17,82.778
1962-08-18,84.158
1962-08-19,87.656
1962-08-20,84.22
1962-08-21,80.915
1962-08-22,75.675
1962-08-23,73.949
1962-08-24,73.38
1962-08-25,73.403
1962-08-26,71.231
1962-08-27,68.955
1962-08-28,69.392
1962-08-29,78.482
1962-08-30,85.711
1962-08-31,82.298
1962-09-01,78.187
1962-09-02,71.788
1962-09-03,66.469
1962-09-04,68.343
1962-09-05,72.45
1962-09-06,109.554
1962-09-07,112.261
1962-09-08,108.005
1962-09-09,97.548
1962-09-10,104.372
1962-09-11,133.363
1962-09-12,157.457
1962-09-13,134.619
1962-09-14,122.864
1962-09-15,123.911
1962-09-16,97.56
1962-09-17,91.615
1962-09-18,93.178
1962-09-19,97.945
1962-09-20,102.652
1962-09-21,111.803
1962-09-22,136.853
1962-09-23,169.234
1962-09-24,150.314
1962-09-25,148.559
1962-09-26,123.455
1962-09-27,93.344
1962-09-28,83.225
1962-09-29,81.404
1962-09-30,81.418
1962-10-01,83.937
1962-10-02,80.688
1962-10-03,76.808
1962-10-04,75.362
1962-10-05,74.287
1962-10-06,73.404
1962-10-07,72.351
1962-10-08,71.337
1962-10-09,70.405
1962-10-10,70.111
1962-10-11,69.328
1962-10-12,216.907
1962-10-13,700.894
1962-10-14,567.526
1962-10-15,368.368
1962-10-16,201.713
1962-10-17,159.098
1962-10-18,175.873
1962-10-19,216.179
1962-10-20,257.057
1962-10-21,263.488
1962-10-22,195.629
1962-10-23,210.888
1962-10-24,201.155
1962-10-25,155.407
1962-10-26,163.198
1962-10-27,185.299
1962-10-28,183.015
1962-10-29,243.734
1962-10-30,247.658
1962-10-31,249.893
1962-11-01,194.692
1962-11-02,162.015
1962-11-03,158.657
1962-11-04,156.161
1962-11-05,154.01
1962-11-06,175.081
1962-11-07,215.024
1962-11-08,265.503
1962-11-09,249.71
1962-11-10,233.417
1962-11-11,179.117
1962-11-12,140.402
1962-11-13,131.92
1962-11-14,128.717
1962-11-15,126.196
1962-11-16,123.658
1962-11-17,121.088
1962-11-18,118.405
1962-11-19,115.837
1962-11-20,113.063
1962-11-21,110.395
1962-11-22,107.712
1962-11-23,105.322
1962-11-24,105.424
1962-11-25,104.901
1962-11-26,111.77
1962-11-27,121.628
1962-11-28,126.401
1962-11-29,109.727
1962-11-30,107.809
1962-12-01,133.418
1962-12-02,161.663
1962-12-03,152.951
1962-12-04,139.097
1962-12-05,102.907
1962-12-06,82.492
1962-12-07,78.403
1962-12-08,76.98
1962-12-09,75.738
1962-12-10,74.405
1962-12-11,73.058
1962-12-12,71.686
1962-12-13,70.276
1962-12-14,68.9
1962-12-15,67.518
1962-12-16,66.136
1962-12-17,64.793
1962-12-18,63.398
1962-12-19,62.052
1962-12-20,60.724
1962-12-21,59.399
1962-12-22,58.14
1962-12-23,56.876
1962-12-24,55.567
1962-12-25,54.283
1962-12-26,53.468
1962-12-27,53.28
1962-12-28,52.319
1962-12-29,51.606
1962-12-30,53.104
1962-12-31,56.91
1963-01-01,59.419
1963-01-02,62.471
1963-01-03,55.302
1963-01-04,50.036
1963-01-05,48.635
1963-01-06,67.6
1963-01-07,76.239
1963-01-08,92.954
1963-01-09,88.67
1963-01-10,53.354
1963-01-11,41.803
1963-01-12,40.589
1963-01-13,40.306
1963-01-14,39.784
1963-01-15,38.695
1963-01-16,37.604
1963-01-17,36.942
1963-01-18,36.466
1963-01-19,35.949
1963-01-20,35.398
1963-01-21,34.884
1963-01-22,34.508
1963-01-23,34.245
1963-01-24,33.877
1963-01-25,33.466
1963-01-26,33.02
1963-01-27,33.024
1963-01-28,32.789
1963-01-29,33.807
1963-01-30,32.944
1963-01-31,32.164
1963-02-01,31.31
1963-02-02,29.857
1963-02-03,29.186
1963-02-04,28.737
1963-02-05,28.351
1963-02-06,27.909
1963-02-07,27.66
1963-02-08,28.523
1963-02-09,28.634
1963-02-10,33.018
1963-02-11,52.62
1963-02-12,41.472
1963-02-13,37.732
1963-02-14,42.611
1963-02-15,37.848
1963-02-16,36.658
1963-02-17,38.33
1963-02-18,37.047
1963-02-19,31.609
1963-02-20,26.41
1963-02-21,24.308
1963-02-22,23.004
1963-02-23,22.656
1963-02-24,22.373
1963-02-25,22.231
1963-02-26,22.032
1963-02-27,21.756
1963-02-28,21.658
1963-03-01,21.461
1963-03-02,21.168
1963-03-03,22.384
1963-03-04,31.342
1963-03-05,31.86
1963-03-06,29.601
1963-03-07,40.894
1963-03-08,41.549
1963-03-09,29.978
1963-03-10,24.028
1963-03-11,19.722
1963-03-12,18.893
1963-03-13,18.658
1963-03-14,21.524
1963-03-15,32.336
1963-03-16,32.657
1963-03-17,61.037
1963-03-18,61.144
1963-03-19,54.108
1963-03-20,65.809
1963-03-21,44.227
1963-03-22,37.172
1963-03-23,63.431
1963-03-24,60.0
1963-03-25,28.091
1963-03-26,17.547
1963-03-27,21.24
1963-03-28,29.585
1963-03-29,75.031
1963-03-30,91.92
1963-03-31,105.991
1963-04-01,59.565
1963-04-02,49.222
1963-04-03,28.035
1963-04-04,32.335
1963-04-05,58.548
1963-04-06,30.925
1963-04-07,17.093
1963-04-08,16.115
1963-04-09,15.905
1963-04-10,16.849
1963-04-11,29.116
1963-04-12,38.38
1963-04-13,42.097
1963-04-14,67.062
1963-04-15,83.855
1963-04-16,99.217
1963-04-17,106.647
1963-04-18,105.351
1963-04-19,131.089
1963-04-20,156.853
1963-04-21,152.835
1963-04-22,109.639
1963-04-23,82.541
1963-04-24,73.263
1963-04-25,57.132
1963-04-26,84.505
1963-04-27,145.844
1963-04-28,138.355
1963-04-29,173.339
1963-04-30,148.431
1963-05-01,129.153
1963-05-02,136.191
1963-05-03,119.303
1963-05-04,131.308
1963-05-05,127.786
1963-05-06,152.769
1963-05-07,152.86
1963-05-08,140.685
1963-05-09,110.41
1963-05-10,111.653
1963-05-11,119.589
1963-05-12,113.983
1963-05-13,122.841
1963-05-14,132.852
1963-05-15,117.638
1963-05-16,108.59
1963-05-17,116.091
1963-05-18,124.555
1963-05-19,113.776
1963-05-20,108.982
1963-05-21,107.171
1963-05-22,106.273
1963-05-23,105.383
1963-05-24,113.42
1963-05-25,152.769
1963-05-26,200.672
1963-05-27,194.386
1963-05-28,200.982
1963-05-29,183.168
1963-05-30,168.256
1963-05-31,146.459
1963-06-01,118.311
1963-06-02,113.116
1963-06-03,116.492
1963-06-04,114.595
1963-06-05,138.774
1963-06-06,152.177
1963-06-07,137.285
1963-06-08,144.305
1963-06-09,143.158
1963-06-10,133.652
1963-06-11,130.737
1963-06-12,119.711
1963-06-13,120.992
1963-06-14,122.04
1963-06-15,116.911
1963-06-16,109.122
1963-06-17,106.197
1963-06-18,104.53
1963-06-19,103.268
1963-06-20,102.074
1963-06-21,101.673
1963-06-22,101.028
1963-06-23,103.36
1963-06-24,103.795
1963-06-25,99.197
1963-06-26,102.68
1963-06-27,94.158
1963-06-28,90.089
1963-06-29,90.442
1963-06-30,96.225
1963-07-01,93.39
1963-07-02,86.885
1963-07-03,94.659
1963-07-04,93.002
1963-07-05,86.132
1963-07-06,81.644
1963-07-07,89.192
1963-07-08,121.403
1963-07-09,121.113
1963-07-10,119.158
1963-07-11,126.179
1963-07-12,156.109
1963-07-13,148.108
1963-07-14,115.37
1963-07-15,99.252
1963-07-16,100.255
1963-07-17,108.685
1963-07-18,94.199
1963-07-19,98.635
1963-07-20,82.382
1963-07-21,77.903
1963-07-22,88.637
1963-07-23,86.786
1963-07-24,91.355
1963-07-25,148.214
1963-07-26,140.099
1963-07-27,111.379
1963-07-28,92.038
1963-07-29,82.936
1963-07-30,79.914
1963-07-31,79.555
1963-08-01,81.814
1963-08-02,79.918
1963-08-03,77.572
1963-08-04,77.351
1963-08-05,77.56
1963-08-06,78.981
1963-08-07,77.09
1963-08-08,74.44
1963-08-09,74.818
1963-08-10,76.131
1963-08-11,75.838
1963-08-12,77.643
1963-08-13,135.692
1963-08-14,190.164
1963-08-15,179.694
1963-08-16,125.67
1963-08-17,116.012
1963-08-18,106.008
1963-08-19,93.044
1963-08-20,95.91
1963-08-21,98.291
1963-08-22,88.728
1963-08-23,105.06
1963-08-24,145.773
1963-08-25,152.265
1963-08-26,146.754
1963-08-27,189.636
1963-08-28,149.265
1963-08-29,114.26
1963-08-30,98.195
1963-08-31,96.683
1963-09-01,105.451
1963-09-02,123.756
1963-09-03,116.392
1963-09-04,112.227
1963-09-05,105.885
1963-09-06,96.818
1963-09-07,93.768
1963-09-08,91.669
1963-09-09,89.925
1963-09-10,88.938
1963-09-11,88.04
1963-09-12,87.087
1963-09-13,86.052
1963-09-14,84.597
1963-09-15,83.164
1963-09-16,81.891
1963-09-17,80.732
1963-09-18,79.658
1963-09-19,77.599
1963-09-20,75.086
1963-09-21,73.396
1963-09-22,71.745
1963-09-23,70.15
1963-09-24,68.594
1963-09-25,67.75
1963-09-26,67.117
1963-09-27,66.933
1963-09-28,67.882
1963-09-29,67.771
1963-09-30,64.385
1963-10-01,59.255
1963-10-02,56.911
1963-10-03,55.454
1963-10-04,54.19
1963-10-05,53.096
1963-10-06,52.399
1963-10-07,51.872
1963-10-08,52.59
1963-10-09,54.807
1963-10-10,57.114
1963-10-11,58.188
1963-10-12,78.772
1963-10-13,82.328
1963-10-14,108.614
1963-10-15,154.164
1963-10-16,130.596
1963-10-17,90.61
1963-10-18,59.97
1963-10-19,44.498
1963-10-20,40.349
1963-10-21,39.163
1963-10-22,38.242
1963-10-23,37.872
1963-10-24,37.54
1963-10-25,36.732
1963-10-26,36.451
1963-10-27,35.427
1963-10-28,34.572
1963-10-29,34.149
1963-10-30,33.629
1963-10-31,35.253
1963-11-01,64.809
1963-11-02,88.625
1963-11-03,116.637
1963-11-04,124.007
1963-11-05,103.045
1963-11-06,73.192
1963-11-07,42.85
1963-11-08,31.065
1963-11-09,29.856
1963-11-10,29.495
1963-11-11,29.237
1963-11-12,33.522
1963-11-13,58.287
1963-11-14,58.475
1963-11-15,146.291
1963-11-16,143.432
1963-11-17,100.146
1963-11-18,95.618
1963-11-19,67.176
1963-11-20,72.607
1963-11-21,95.302
1963-11-22,117.18
1963-11-23,166.19
1963-11-24,151.211
1963-11-25,110.258
1963-11-26,75.887
1963-11-27,81.012
1963-11-28,72.919
1963-11-29,65.435
1963-11-30,98.341
1963-12-01,103.02
1963-12-02,95.403
1963-12-03,104.725
1963-12-04,88.81
1963-12-05,93.529
1963-12-06,126.496
1963-12-07,145.815
1963-12-08,145.24
1963-12-09,195.104
1963-12-10,220.211
1963-12-11,218.579
1963-12-12,164.182
1963-12-13,126.431
1963-12-14,125.544
1963-12-15,125.35
1963-12-16,116.004
1963-12-17,113.687
1963-12-18,111.504
1963-12-19,108.966
1963-12-20,106.08
1963-12-21,103.075
1963-12-22,100.009
1963-12-23,97.074
1963-12-24,94.521
1963-12-25,91.561
1963-12-26,88.988
1963-12-27,86.547
1963-12-28,84.014
1963-12-29,81.46
1963-12-30,81.403
1963-12-31,79.035
1964-01-01,76.452
1964-01-02,69.122
1964-01-03,60.341
1964-01-04,47.522
1964-01-05,38.409
1964-01-06,36.74
1964-01-07,36.143
1964-01-08,35.4
1964-01-09,34.446
1964-01-10,33.939
1964-01-11,33.374
1964-01-12,32.754
1964-01-13,32.207
1964-01-14,31.655
1964-01-15,31.074
1964-01-16,30.499
1964-01-17,29.937
1964-01-18,29.353
1964-01-19,28.76
1964-01-20,28.201
1964-01-21,27.802
1964-01-22,27.373
1964-01-23,26.864
1964-01-24,26.091
1964-01-25,25.469
1964-01-26,24.922
1964-01-27,24.378
1964-01-28,23.877
1964-01-29,23.388
1964-01-30,22.905
1964-01-31,22.412
1964-02-01,21.94
1964-02-02,21.443
1964-02-03,21.159
1964-02-04,21.462
1964-02-05,21.274
1964-02-06,20.838
1964-02-07,20.42
1964-02-08,19.657
1964-02-09,19.395
1964-02-10,19.162
1964-02-11,18.567
1964-02-12,18.448
1964-02-13,17.796
1964-02-14,17.222
1964-02-15,16.939
1964-02-16,16.627
1964-02-17,16.463
1964-02-18,15.943
1964-02-19,15.985
1964-02-20,16.091
1964-02-21,15.53
1964-02-22,15.2
1964-02-23,15.696
1964-02-24,17.005
1964-02-25,20.59
1964-02-26,21.306
1964-02-27,25.218
1964-02-28,20.053
1964-02-29,14.471
1964-03-01,14.004
1964-03-02,14.313
1964-03-03,15.374
1964-03-04,24.657
1964-03-05,33.966
1964-03-06,23.257
1964-03-07,15.277
1964-03-08,13.256
1964-03-09,11.848
1964-03-10,11.631
1964-03-11,11.442
1964-03-12,11.648
1964-03-13,13.563
1964-03-14,12.509
1964-03-15,12.846
1964-03-16,12.104
1964-03-17,11.347
1964-03-18,11.56
1964-03-19,11.629
1964-03-20,11.895
1964-03-21,10.639
1964-03-22,10.323
1964-03-23,10.06
1964-03-24,10.147
1964-03-25,10.55
1964-03-26,10.397
1964-03-27,12.331
1964-03-28,18.853
1964-03-29,13.931
1964-03-30,9.904
1964-03-31,9.326
1964-04-01,8.932
1964-04-02,9.228
1964-04-03,16.304
1964-04-04,31.037
1964-04-05,31.167
1964-04-06,35.844
1964-04-07,26.312
1964-04-08,23.406
1964-04-09,31.003
1964-04-10,37.342
1964-04-11,21.025
1964-04-12,16.277
1964-04-13,24.996
1964-04-14,39.596
1964-04-15,19.019
1964-04-16,29.412
1964-04-17,67.917
1964-04-18,104.789
1964-04-19,117.233
1964-04-20,126.337
1964-04-21,109.295
1964-04-22,69.583
1964-04-23,36.342
1964-04-24,33.152
1964-04-25,41.581
1964-04-26,47.183
1964-04-27,21.751
1964-04-28,12.44
1964-04-29,9.804
1964-04-30,8.455
1964-05-01,8.372
1964-05-02,8.444
1964-05-03,9.162
1964-05-04,12.705
1964-05-05,14.102
1964-05-06,19.072
1964-05-07,37.289
1964-05-08,47.214
1964-05-09,68.832
1964-05-10,89.988
1964-05-11,154.871
1964-05-12,159.606
1964-05-13,118.595
1964-05-14,113.928
1964-05-15,73.589
1964-05-16,45.967
1964-05-17,35.135
1964-05-18,33.777
1964-05-19,41.651
1964-05-20,37.693
1964-05-21,24.167
1964-05-22,21.41
1964-05-23,27.318
1964-05-24,34.706
1964-05-25,40.615
1964-05-26,30.59
1964-05-27,19.652
1964-05-28,18.979
1964-05-29,22.782
1964-05-30,19.818
1964-05-31,22.124
1964-06-01,29.004
1964-06-02,26.922
1964-06-03,28.012
1964-06-04,33.648
1964-06-05,47.118
1964-06-06,48.854
1964-06-07,33.055
1964-06-08,20.999
1964-06-09,21.02
1964-06-10,21.005
1964-06-11,25.626
1964-06-12,34.624
1964-06-13,37.027
1964-06-14,35.242
1964-06-15,30.82
1964-06-16,25.348
1964-06-17,27.228
1964-06-18,26.708
1964-06-19,31.963
1964-06-20,32.343
1964-06-21,36.358
1964-06-22,44.85
1964-06-23,44.329
1964-06-24,38.605
1964-06-25,27.754
1964-06-26,29.502
1964-06-27,34.082
1964-06-28,33.58
1964-06-29,35.09
1964-06-30,30.6
1964-07-01,27.426
1964-07-02,27.46
1964-07-03,30.916
1964-07-04,31.018
1964-07-05,31.484
1964-07-06,31.503
1964-07-07,31.447
1964-07-08,34.843
1964-07-09,31.797
1964-07-10,30.785
1964-07-11,34.732
1964-07-12,30.91
1964-07-13,27.079
1964-07-14,26.739
1964-07-15,26.409
1964-07-16,25.635
1964-07-17,25.424
1964-07-18,25.027
1964-07-19,24.775
1964-07-20,24.525
1964-07-21,24.378
1964-07-22,24.392
1964-07-23,24.138
1964-07-24,23.736
1964-07-25,23.835
1964-07-26,24.383
1964-07-27,26.217
1964-07-28,26.269
1964-07-29,29.6
1964-07-30,37.578
1964-07-31,44.618
1964-08-01,52.085
1964-08-02,64.633
1964-08-03,66.734
1964-08-04,72.765
1964-08-05,62.931
1964-08-06,53.655
1964-08-07,45.791
1964-08-08,56.55
1964-08-09,41.611
1964-08-10,32.28
1964-08-11,32.631
1964-08-12,30.548
1964-08-13,30.463
1964-08-14,31.027
1964-08-15,30.381
1964-08-16,30.175
1964-08-17,31.335
1964-08-18,34.89
1964-08-19,53.042
1964-08-20,61.722
1964-08-21,61.86
1964-08-22,42.404
1964-08-23,33.785
1964-08-24,29.066
1964-08-25,27.265
1964-08-26,39.152
1964-08-27,42.588
1964-08-28,50.562
1964-08-29,181.785
1964-08-30,224.901
1964-08-31,110.637
1964-09-01,61.882
1964-09-02,58.5
1964-09-03,73.554
1964-09-04,81.162
1964-09-05,115.866
1964-09-06,111.511
1964-09-07,142.848
1964-09-08,129.091
1964-09-09,115.408
1964-09-10,88.26
1964-09-11,74.153
1964-09-12,70.291
1964-09-13,66.418
1964-09-14,83.637
1964-09-15,103.893
1964-09-16,108.975
1964-09-17,96.471
1964-09-18,92.117
1964-09-19,147.038
1964-09-20,140.514
1964-09-21,117.784
1964-09-22,104.06
1964-09-23,113.344
1964-09-24,102.33
1964-09-25,86.59
1964-09-26,89.437
1964-09-27,105.523
1964-09-28,124.145
1964-09-29,156.725
1964-09-30,140.123
1964-10-01,100.84
1964-10-02,96.902
1964-10-03,87.776
1964-10-04,94.872
1964-10-05,122.532
1964-10-06,172.211
1964-10-07,154.032
1964-10-08,166.211
1964-10-09,201.427
1964-10-10,182.904
1964-10-11,168.199
1964-10-12,164.677
1964-10-13,180.241
1964-10-14,187.648
1964-10-15,273.483
1964-10-16,362.945
1964-10-17,308.319
1964-10-18,298.525
1964-10-19,283.555
1964-10-20,294.104
1964-10-21,258.74
1964-10-22,221.202
1964-10-23,212.908
1964-10-24,192.809
1964-10-25,177.0
1964-10-26,165.244
1964-10-27,154.852
1964-10-28,146.766
1964-10-29,143.982
1964-10-30,134.833
1964-10-31,128.288
1964-11-01,121.288
1964-11-02,111.983
1964-11-03,105.36
1964-11-04,100.394
1964-11-05,95.93
1964-11-06,91.754
1964-11-07,87.801
1964-11-08,84.078
1964-11-09,80.604
1964-11-10,77.316
1964-11-11,74.222
1964-11-12,71.36
1964-11-13,68.899
1964-11-14,67.26
1964-11-15,65.978
1964-11-16,72.125
1964-11-17,90.848
1964-11-18,102.764
1964-11-19,110.631
1964-11-20,94.802
1964-11-21,57.647
1964-11-22,52.231
1964-11-23,50.865
1964-11-24,49.665
1964-11-25,48.55
1964-11-26,47.567
1964-11-27,46.592
1964-11-28,45.593
1964-11-29,44.532
1964-11-30,43.174
1964-12-01,42.155
1964-12-02,41.065
1964-12-03,39.856
1964-12-04,38.925
1964-12-05,37.999
1964-12-06,37.124
1964-12-07,36.292
1964-12-08,35.412
1964-12-09,34.619
1964-12-10,33.804
1964-12-11,32.985
1964-12-12,32.27
1964-12-13,31.504
1964-12-14,30.726
1964-12-15,30.022
1964-12-16,29.375
1964-12-17,29.012
1964-12-18,28.55
1964-12-19,28.455
1964-12-20,28.531
1964-12-21,27.802
1964-12-22,27.142
1964-12-23,27.025
1964-12-24,26.373
1964-12-25,25.372
1964-12-26,24.308
1964-12-27,23.649
1964-12-28,23.167
1964-12-29,22.713
1964-12-30,22.292
1964-12-31,21.808
1965-01-01,21.453
1965-01-02,21.642
1965-01-03,22.59
1965-01-04,22.021
1965-01-05,23.333
1965-01-06,22.639
1965-01-07,20.877
1965-01-08,19.314
1965-01-09,18.615
1965-01-10,18.218
1965-01-11,17.944
1965-01-12,17.665
1965-01-13,17.332
1965-01-14,17.023
1965-01-15,16.592
1965-01-16,16.209
1965-01-17,15.901
1965-01-18,15.605
1965-01-19,15.287
1965-01-20,14.971
1965-01-21,14.645
1965-01-22,14.314
1965-01-23,14.065
1965-01-24,13.708
1965-01-25,13.44
1965-01-26,13.221
1965-01-27,12.926
1965-01-28,12.616
1965-01-29,12.347
1965-01-30,12.08
1965-01-31,11.802
1965-02-01,11.53
1965-02-02,11.302
1965-02-03,11.253
1965-02-04,11.258
1965-02-05,10.818
1965-02-06,10.636
1965-02-07,10.402
1965-02-08,10.754
1965-02-09,10.197
1965-02-10,9.618
1965-02-11,9.403
1965-02-12,9.23
1965-02-13,9.018
1965-02-14,8.791
1965-02-15,8.637
1965-02-16,8.486
1965-02-17,8.323
1965-02-18,8.15
1965-02-19,8.03
1965-02-20,8.331
1965-02-21,8.282
1965-02-22,8.221
1965-02-23,8.01
1965-02-24,7.624
1965-02-25,7.224
1965-02-26,7.002
1965-02-27,6.865
1965-02-28,6.783
1965-03-01,6.621
1965-03-02,6.436
1965-03-03,6.33
1965-03-04,6.282
1965-03-05,6.126
1965-03-06,6.005
1965-03-07,5.887
1965-03-08,5.803
1965-03-09,5.637
1965-03-10,5.502
1965-03-11,5.412
1965-03-12,5.362
1965-03-13,5.277
1965-03-14,5.236
1965-03-15,5.697
1965-03-16,5.836
1965-03-17,5.453
1965-03-18,5.909
1965-03-19,5.744
1965-03-20,5.389
1965-03-21,5.356
1965-03-22,5.972
1965-03-23,5.69
1965-03-24,7.052
1965-03-25,12.325
1965-03-26,32.52
1965-03-27,20.139
1965-03-28,29.787
1965-03-29,18.787
1965-03-30,14.34
1965-03-31,18.542
1965-04-01,8.828
1965-04-02,4.195
1965-04-03,3.956
1965-04-04,4.06
1965-04-05,4.18
1965-04-06,4.657
1965-04-07,4.505
1965-04-08,4.316
1965-04-09,4.035
1965-04-10,3.728
1965-04-11,3.68
1965-04-12,3.725
1965-04-13,6.339
1965-04-14,6.237
1965-04-15,10.1
1965-04-16,14.092
1965-04-17,11.768
1965-04-18,7.978
1965-04-19,5.459
1965-04-20,7.722
1965-04-21,7.044
1965-04-22,13.66
1965-04-23,12.943
1965-04-24,17.55
1965-04-25,20.988
1965-04-26,13.753
1965-04-27,9.772
1965-04-28,16.197
1965-04-29,29.889
1965-04-30,23.365
1965-05-01,17.084
1965-05-02,35.994
1965-05-03,48.023
1965-05-04,41.602
1965-05-05,58.203
1965-05-06,44.353
1965-05-07,60.86
1965-05-08,46.601
1965-05-09,43.192
1965-05-10,38.452
1965-05-11,25.465
1965-05-12,18.121
1965-05-13,10.801
1965-05-14,8.234
1965-05-15,7.553
1965-05-16,6.66
1965-05-17,9.648
1965-05-18,12.394
1965-05-19,21.633
1965-05-20,28.986
1965-05-21,24.032
1965-05-22,40.947
1965-05-23,37.243
1965-05-24,50.196
1965-05-25,39.6
1965-05-26,28.747
1965-05-27,20.592
1965-05-28,12.307
1965-05-29,6.45
1965-05-30,3.797
1965-05-31,4.242
1965-06-01,7.203
1965-06-02,7.995
1965-06-03,5.881
1965-06-04,5.24
1965-06-05,11.452
1965-06-06,9.124
1965-06-07,10.836
1965-06-08,12.002
1965-06-09,5.938
1965-06-10,3.935
1965-06-11,3.508
1965-06-12,3.221
1965-06-13,3.133
1965-06-14,3.344
1965-06-15,3.68
1965-06-16,3.557
1965-06-17,3.58
1965-06-18,3.757
1965-06-19,3.53
1965-06-20,3.298
1965-06-21,3.552
1965-06-22,3.687
1965-06-23,3.805
1965-06-24,4.204
1965-06-25,5.012
1965-06-26,7.423
1965-06-27,8.145
1965-06-28,4.919
1965-06-29,3.828
1965-06-30,3.753
1965-07-01,3.776
1965-07-02,3.433
1965-07-03,3.325
1965-07-04,3.63
1965-07-05,4.155
1965-07-06,4.127
1965-07-07,3.822
1965-07-08,4.042
1965-07-09,4.12
1965-07-10,4.05
1965-07-11,4.177
1965-07-12,4.093
1965-07-13,3.995
1965-07-14,3.778
1965-07-15,3.561
1965-07-16,3.929
1965-07-17,4.102
1965-07-18,4.481
1965-07-19,4.975
1965-07-20,5.525
1965-07-21,5.849
1965-07-22,4.514
1965-07-23,4.651
1965-07-24,7.124
1965-07-25,7.064
1965-07-26,4.848
1965-07-27,4.771
1965-07-28,4.947
1965-07-29,4.583
1965-07-30,4.139
1965-07-31,3.934
1965-08-01,3.673
1965-08-02,3.59
1965-08-03,3.952
1965-08-04,4.292
1965-08-05,3.74
1965-08-06,3.221
1965-08-07,3.401
1965-08-08,3.759
1965-08-09,4.311
1965-08-10,4.95
1965-08-11,5.013
1965-08-12,7.318
1965-08-13,14.013
1965-08-14,9.34
1965-08-15,5.129
1965-08-16,4.932
1965-08-17,4.742
1965-08-18,6.877
1965-08-19,8.901
1965-08-20,7.26
1965-08-21,4.773
1965-08-22,4.007
1965-08-23,3.532
1965-08-24,3.299
1965-08-25,4.748
1965-08-26,5.556
1965-08-27,5.44
1965-08-28,5.642
1965-08-29,4.438
1965-08-30,4.465
1965-08-31,8.366
1965-09-01,13.833
1965-09-02,9.325
1965-09-03,7.418
1965-09-04,4.695
1965-09-05,3.821
1965-09-06,3.278
1965-09-07,3.134
1965-09-08,3.557
1965-09-09,4.329
1965-09-10,6.986
1965-09-11,12.205
1965-09-12,7.778
1965-09-13,3.362
1965-09-14,3.062
1965-09-15,3.26
1965-09-16,2.865
1965-09-17,2.767
1965-09-18,2.747
1965-09-19,2.899
1965-09-20,3.061
1965-09-21,2.868
1965-09-22,2.926
1965-09-23,3.142
1965-09-24,2.915
1965-09-25,2.818
1965-09-26,2.618
1965-09-27,2.672
1965-09-28,2.622
1965-09-29,2.757
1965-09-30,2.511
1965-10-01,2.5
1965-10-02,2.49
1965-10-03,2.707
1965-10-04,4.574
1965-10-05,7.559
1965-10-06,4.514
1965-10-07,5.854
1965-10-08,3.882
1965-10-09,2.563
1965-10-10,2.442
1965-10-11,3.255
1965-10-12,5.016
1965-10-13,5.847
1965-10-14,6.144
1965-10-15,5.515
1965-10-16,5.38
1965-10-17,6.211
1965-10-18,36.588
1965-10-19,29.105
1965-10-20,27.48
1965-10-21,22.089
1965-10-22,31.548
1965-10-23,52.307
1965-10-24,51.741
1965-10-25,40.832
1965-10-26,33.439
1965-10-27,31.772
1965-10-28,34.772
1965-10-29,42.595
1965-10-30,52.319
1965-10-31,35.708
1965-11-01,40.103
1965-11-02,29.373
1965-11-03,23.995
1965-11-04,45.506
1965-11-05,56.067
1965-11-06,95.457
1965-11-07,73.476
1965-11-08,99.136
1965-11-09,68.797
1965-11-10,23.542
1965-11-11,12.448
1965-11-12,6.623
1965-11-13,6.005
1965-11-14,6.403
1965-11-15,6.42
1965-11-16,7.038
1965-11-17,6.905
1965-11-18,6.489
1965-11-19,6.598
1965-11-20,6.765
1965-11-21,6.812
1965-11-22,6.412
1965-11-23,6.276
1965-11-24,6.143
1965-11-25,6.168
1965-11-26,6.205
1965-11-27,6.058
1965-11-28,6.209
1965-11-29,6.098
1965-11-30,6.556
1965-12-01,6.637
1965-12-02,7.359
1965-12-03,13.457
1965-12-04,24.155
1965-12-05,42.322
1965-12-06,39.782
1965-12-07,65.761
1965-12-08,64.485
1965-12-09,35.808
1965-12-10,12.276
1965-12-11,6.659
1965-12-12,6.711
1965-12-13,6.884
1965-12-14,8.158
1965-12-15,9.312
1965-12-16,10.401
1965-12-17,28.196
1965-12-18,29.172
1965-12-19,52.637
1965-12-20,53.92
1965-12-21,55.688
1965-12-22,63.701
1965-12-23,27.596
1965-12-24,11.251
1965-12-25,7.323
1965-12-26,7.126
1965-12-27,7.171
1965-12-28,7.222
1965-12-29,7.222
1965-12-30,7.284
1965-12-31,7.327
1966-01-01,7.236
1966-01-02,7.107
1966-01-03,6.993
1966-01-04,6.937
1966-01-05,6.885
1966-01-06,6.842
1966-01-07,6.822
1966-01-08,6.784
1966-01-09,6.791
1966-01-10,6.733
1966-01-11,6.604
1966-01-12,6.545
1966-01-13,6.691
1966-01-14,6.562
1966-01-15,6.482
1966-01-16,6.253
1966-01-17,6.117
1966-01-18,6.061
1966-01-19,5.93
1966-01-20,5.849
1966-01-21,5.818
1966-01-22,6.297
1966-01-23,6.546
1966-01-24,6.368
1966-01-25,6.535
1966-01-26,6.023
1966-01-27,5.635
1966-01-28,5.852
1966-01-29,6.301
1966-01-30,6.29
1966-01-31,5.986
1966-02-01,5.587
1966-02-02,5.664
1966-02-03,6.055
1966-02-04,6.275
1966-02-05,6.268
1966-02-06,5.903
1966-02-07,5.194
1966-02-08,4.96
1966-02-09,5.932
1966-02-10,10.336
1966-02-11,14.726
1966-02-12,19.234
1966-02-13,19.858
1966-02-14,11.99
1966-02-15,6.51
1966-02-16,4.881
1966-02-17,12.373
1966-02-18,30.63
1966-02-19,19.186
1966-02-20,11.018
1966-02-21,6.457
1966-02-22,6.352
1966-02-23,12.748
1966-02-24,19.458
1966-02-25,29.589
1966-02-26,25.176
1966-02-27,19.303
1966-02-28,20.992
1966-03-01,33.415
1966-03-02,16.555
1966-03-03,13.436
1966-03-04,12.746
1966-03-05,9.712
1966-03-06,5.631
1966-03-07,5.032
1966-03-08,5.027
1966-03-09,5.278
1966-03-10,6.582
1966-03-11,10.164
1966-03-12,16.392
1966-03-13,28.169
1966-03-14,20.255
1966-03-15,15.745
1966-03-16,14.571
1966-03-17,19.97
1966-03-18,22.408
1966-03-19,17.607
1966-03-20,26.07
1966-03-21,36.582
1966-03-22,36.177
1966-03-23,32.048
1966-03-24,65.267
1966-03-25,57.375
1966-03-26,39.478
1966-03-27,20.398
1966-03-28,7.703
1966-03-29,6.611
1966-03-30,6.781
1966-03-31,7.301
1966-04-01,7.582
1966-04-02,8.53
1966-04-03,8.312
1966-04-04,7.563
1966-04-05,7.005
1966-04-06,6.525
1966-04-07,6.625
1966-04-08,8.492
1966-04-09,7.767
1966-04-10,8.69
1966-04-11,11.2
1966-04-12,14.42
1966-04-13,19.284
1966-04-14,12.244
1966-04-15,14.688
1966-04-16,23.696
1966-04-17,19.856
1966-04-18,35.436
1966-04-19,40.396
1966-04-20,38.723
1966-04-21,63.589
1966-04-22,60.001
1966-04-23,54.985
1966-04-24,56.438
1966-04-25,59.497
1966-04-26,40.395
1966-04-27,35.841
1966-04-28,45.245
1966-04-29,40.169
1966-04-30,30.403
1966-05-01,24.787
1966-05-02,16.154
1966-05-03,16.885
1966-05-04,12.316
1966-05-05,18.355
1966-05-06,14.493
1966-05-07,12.05
1966-05-08,13.979
1966-05-09,27.555
1966-05-10,26.277
1966-05-11,25.862
1966-05-12,19.06
1966-05-13,21.822
1966-05-14,18.674
1966-05-15,17.498
1966-05-16,31.637
1966-05-17,18.338
1966-05-18,8.872
1966-05-19,8.475
1966-05-20,8.739
1966-05-21,9.055
1966-05-22,8.758
1966-05-23,9.093
1966-05-24,13.243
1966-05-25,27.894
1966-05-26,50.471
1966-05-27,74.808
1966-05-28,60.651
1966-05-29,61.283
1966-05-30,38.028
1966-05-31,17.974
1966-06-01,16.108
1966-06-02,20.348
1966-06-03,23.105
1966-06-04,19.859
1966-06-05,14.439
1966-06-06,8.671
1966-06-07,8.031
1966-06-08,8.242
1966-06-09,8.732
1966-06-10,8.955
1966-06-11,9.154
1966-06-12,9.227
1966-06-13,11.978
1966-06-14,12.878
1966-06-15,13.258
1966-06-16,22.913
1966-06-17,25.66
1966-06-18,17.158
1966-06-19,13.503
1966-06-20,10.4
1966-06-21,8.385
1966-06-22,8.325
1966-06-23,10.542
1966-06-24,13.884
1966-06-25,15.83
1966-06-26,21.968
1966-06-27,15.656
1966-06-28,15.095
1966-06-29,14.732
1966-06-30,12.535
1966-07-01,9.21
1966-07-02,7.976
1966-07-03,7.533
1966-07-04,7.35
1966-07-05,7.452
1966-07-06,7.485
1966-07-07,7.642
1966-07-08,8.018
1966-07-09,8.585
1966-07-10,8.327
1966-07-11,9.01
1966-07-12,10.554
1966-07-13,12.292
1966-07-14,15.907
1966-07-15,27.784
1966-07-16,19.195
1966-07-17,11.229
1966-07-18,9.158
1966-07-19,10.914
1966-07-20,11.829
1966-07-21,8.248
1966-07-22,7.405
1966-07-23,7.64
1966-07-24,8.212
1966-07-25,13.686
1966-07-26,20.186
1966-07-27,15.589
1966-07-28,16.103
1966-07-29,13.693
1966-07-30,12.665
1966-07-31,11.372
1966-08-01,12.466
1966-08-02,14.083
1966-08-03,11.326
1966-08-04,10.013
1966-08-05,11.393
1966-08-06,11.602
1966-08-07,8.672
1966-08-08,8.02
1966-08-09,8.341
1966-08-10,8.516
1966-08-11,8.039
1966-08-12,8.147
1966-08-13,8.624
1966-08-14,8.579
1966-08-15,13.343
1966-08-16,16.751
1966-08-17,20.586
1966-08-18,31.102
1966-08-19,49.743
1966-08-20,41.23
1966-08-21,31.036
1966-08-22,28.993
1966-08-23,16.403
1966-08-24,14.825
1966-08-25,15.7
1966-08-26,33.038
1966-08-27,52.547
1966-08-28,61.699
1966-08-29,57.361
1966-08-30,32.315
1966-08-31,18.355
1966-09-01,14.784
1966-09-02,22.583
1966-09-03,39.269
1966-09-04,69.868
1966-09-05,57.297
1966-09-06,37.143
1966-09-07,233.162
1966-09-08,293.018
1966-09-09,281.037
1966-09-10,195.679
1966-09-11,110.454
1966-09-12,116.401
1966-09-13,98.264
1966-09-14,103.556
1966-09-15,68.81
1966-09-16,49.525
1966-09-17,48.725
1966-09-18,48.391
1966-09-19,51.317
1966-09-20,65.057
1966-09-21,52.506
1966-09-22,50.43
1966-09-23,46.105
1966-09-24,41.198
1966-09-25,39.435
1966-09-26,43.39
1966-09-27,53.039
1966-09-28,65.614
1966-09-29,71.427
1966-09-30,72.592
1966-10-01,71.193
1966-10-02,84.186
1966-10-03,91.934
1966-10-04,83.7
1966-10-05,43.537
1966-10-06,30.322
1966-10-07,29.19
1966-10-08,29.318
1966-10-09,30.07
1966-10-10,34.888
1966-10-11,36.057
1966-10-12,39.938
1966-10-13,33.5
1966-10-14,28.642
1966-10-15,26.269
1966-10-16,28.802
1966-10-17,40.067
1966-10-18,38.102
1966-10-19,33.846
1966-10-20,28.92
1966-10-21,27.531
1966-10-22,31.589
1966-10-23,56.192
1966-10-24,67.556
1966-10-25,75.233
1966-10-26,49.023
1966-10-27,31.248
1966-10-28,24.968
1966-10-29,24.508
1966-10-30,23.024
1966-10-31,22.631
1966-11-01,25.75
1966-11-02,31.073
1966-11-03,37.592
1966-11-04,60.283
1966-11-05,90.812
1966-11-06,98.132
1966-11-07,138.37
1966-11-08,169.594
1966-11-09,147.485
1966-11-10,104.623
1966-11-11,50.41
1966-11-12,33.285
1966-11-13,34.596
1966-11-14,47.069
1966-11-15,71.226
1966-11-16,70.847
1966-11-17,72.28
1966-11-18,101.023
1966-11-19,73.42
1966-11-20,43.187
1966-11-21,38.353
1966-11-22,38.039
1966-11-23,37.926
1966-11-24,37.711
1966-11-25,37.363
1966-11-26,36.961
1966-11-27,36.462
1966-11-28,35.934
1966-11-29,35.353
1966-11-30,34.74
1966-12-01,34.077
1966-12-02,33.431
1966-12-03,32.74
1966-12-04,32.048
1966-12-05,31.386
1966-12-06,30.682
1966-12-07,29.998
1966-12-08,29.324
1966-12-09,28.663
1966-12-10,27.948
1966-12-11,27.237
1966-12-12,26.53
1966-12-13,25.82
1966-12-14,25.155
1966-12-15,24.497
1966-12-16,23.868
1966-12-17,23.246
1966-12-18,22.613
1966-12-19,21.982
1966-12-20,21.355
1966-12-21,20.742
1966-12-22,20.17
1966-12-23,19.687
1966-12-24,19.162
1966-12-25,18.624
1966-12-26,18.11
1966-12-27,17.573
1966-12-28,17.103
1966-12-29,16.636
1966-12-30,16.192
1966-12-31,15.822
1967-01-01,15.358
1967-01-02,14.922
1967-01-03,14.525
1967-01-04,14.145
1967-01-05,13.778
1967-01-06,13.423
1967-01-07,13.083
1967-01-08,12.706
1967-01-09,12.37
1967-01-10,12.032
1967-01-11,11.723
1967-01-12,11.448
1967-01-13,11.208
1967-01-14,10.919
1967-01-15,10.63
1967-01-16,10.396
1967-01-17,10.166
1967-01-18,9.892
1967-01-19,9.635
1967-01-20,9.401
1967-01-21,9.213
1967-01-22,9.008
1967-01-23,8.853
1967-01-24,8.652
1967-01-25,8.474
1967-01-26,8.328
1967-01-27,8.089
1967-01-28,7.911
1967-01-29,7.735
1967-01-30,7.559
1967-01-31,7.375
1967-02-01,7.208
1967-02-02,7.066
1967-02-03,6.931
1967-02-04,6.802
1967-02-05,6.639
1967-02-06,6.496
1967-02-07,6.398
1967-02-08,6.281
1967-02-09,6.143
1967-02-10,6.21
1967-02-11,6.305
1967-02-12,6.158
1967-02-13,5.812
1967-02-14,5.554
1967-02-15,5.446
1967-02-16,5.374
1967-02-17,5.307
1967-02-18,5.198
1967-02-19,5.086
1967-02-20,5.045
1967-02-21,4.965
1967-02-22,4.874
1967-02-23,4.775
1967-02-24,4.675
1967-02-25,4.562
1967-02-26,4.496
1967-02-27,4.424
1967-02-28,4.317
1967-03-01,4.255
1967-03-02,4.26
1967-03-03,4.37
1967-03-04,4.298
1967-03-05,4.301
1967-03-06,4.252
1967-03-07,4.15
1967-03-08,4.086
1967-03-09,3.981
1967-03-10,3.928
1967-03-11,3.746
1967-03-12,3.612
1967-03-13,3.59
1967-03-14,3.912
1967-03-15,6.79
1967-03-16,7.709
1967-03-17,8.243
1967-03-18,8.556
1967-03-19,12.092
1967-03-20,5.912
1967-03-21,4.113
1967-03-22,3.532
1967-03-23,6.808
1967-03-24,7.59
1967-03-25,6.762
1967-03-26,12.781
1967-03-27,18.375
1967-03-28,20.018
1967-03-29,24.389
1967-03-30,7.504
1967-03-31,6.234
1967-04-01,7.668
1967-04-02,7.54
1967-04-03,12.892
1967-04-04,17.353
1967-04-05,13.643
1967-04-06,11.913
1967-04-07,17.72
1967-04-08,18.722
1967-04-09,9.058
1967-04-10,7.514
1967-04-11,12.992
1967-04-12,18.926
1967-04-13,18.341
1967-04-14,24.782
1967-04-15,33.255
1967-04-16,40.036
1967-04-17,69.286
1967-04-18,101.682
1967-04-19,42.142
1967-04-20,31.956
1967-04-21,38.895
1967-04-22,25.474
1967-04-23,8.739
1967-04-24,5.009
1967-04-25,15.365
1967-04-26,48.958
1967-04-27,46.965
1967-04-28,51.293
1967-04-29,42.446
1967-04-30,13.797
1967-05-01,15.801
1967-05-02,30.757
1967-05-03,31.623
1967-05-04,27.335
1967-05-05,33.163
1967-05-06,34.389
1967-05-07,42.771
1967-05-08,43.314
1967-05-09,44.535
1967-05-10,53.988
1967-05-11,49.056
1967-05-12,25.142
1967-05-13,18.929
1967-05-14,23.328
1967-05-15,40.176
1967-05-16,33.091
1967-05-17,68.591
1967-05-18,99.84
1967-05-19,93.533
1967-05-20,85.463
1967-05-21,87.715
1967-05-22,62.662
1967-05-23,48.224
1967-05-24,29.025
1967-05-25,24.142
1967-05-26,26.218
1967-05-27,19.245
1967-05-28,16.909
1967-05-29,29.634
1967-05-30,48.957
1967-05-31,45.363
1967-06-01,41.595
1967-06-02,55.423
1967-06-03,55.814
1967-06-04,26.877
1967-06-05,30.162
1967-06-06,46.6
1967-06-07,25.702
1967-06-08,14.852
1967-06-09,14.626
1967-06-10,16.081
1967-06-11,16.157
1967-06-12,16.716
1967-06-13,19.331
1967-06-14,19.957
1967-06-15,18.573
1967-06-16,19.005
1967-06-17,19.41
1967-06-18,18.666
1967-06-19,17.881
1967-06-20,24.322
1967-06-21,23.897
1967-06-22,22.353
1967-06-23,22.995
1967-06-24,22.721
1967-06-25,17.914
1967-06-26,18.042
1967-06-27,17.978
1967-06-28,19.916
1967-06-29,21.238
1967-06-30,19.927
1967-07-01,18.486
1967-07-02,19.892
1967-07-03,22.055
1967-07-04,27.528
1967-07-05,32.508
1967-07-06,42.882
1967-07-07,44.609
1967-07-08,69.323
1967-07-09,77.478
1967-07-10,69.538
1967-07-11,97.906
1967-07-12,92.194
1967-07-13,60.727
1967-07-14,44.424
1967-07-15,42.595
1967-07-16,35.355
1967-07-17,39.242
1967-07-18,56.835
1967-07-19,60.525
1967-07-20,59.986
1967-07-21,61.152
1967-07-22,75.54
1967-07-23,68.501
1967-07-24,55.005
1967-07-25,50.836
1967-07-26,67.88
1967-07-27,93.38
1967-07-28,72.291
1967-07-29,62.723
1967-07-30,81.701
1967-07-31,131.383
1967-08-01,171.101
1967-08-02,124.539
1967-08-03,124.183
1967-08-04,78.206
1967-08-05,89.477
1967-08-06,108.497
1967-08-07,88.138
1967-08-08,88.839
1967-08-09,78.871
1967-08-10,74.99
1967-08-11,83.639
1967-08-12,76.43
1967-08-13,67.204
1967-08-14,61.776
1967-08-15,63.504
1967-08-16,67.006
1967-08-17,67.195
1967-08-18,75.438
1967-08-19,89.036
1967-08-20,87.25
1967-08-21,89.835
1967-08-22,87.712
1967-08-23,80.193
1967-08-24,78.012
1967-08-25,55.607
1967-08-26,52.452
1967-08-27,72.388
1967-08-28,73.03
1967-08-29,64.89
1967-08-30,56.822
1967-08-31,52.298
1967-09-01,49.831
1967-09-02,46.71
1967-09-03,46.093
1967-09-04,50.62
1967-09-05,51.517
1967-09-06,47.571
1967-09-07,45.379
1967-09-08,58.14
1967-09-09,52.9
1967-09-10,51.693
1967-09-11,46.482
1967-09-12,44.185
1967-09-13,41.142
1967-09-14,39.028
1967-09-15,39.221
1967-09-16,38.891
1967-09-17,38.809
1967-09-18,45.955
1967-09-19,77.555
1967-09-20,73.55
1967-09-21,69.078
1967-09-22,59.646
1967-09-23,63.299
1967-09-24,60.088
1967-09-25,67.27
1967-09-26,55.859
1967-09-27,42.249
1967-09-28,38.222
1967-09-29,66.495
1967-09-30,107.936
1967-10-01,104.571
1967-10-02,89.572
1967-10-03,71.705
1967-10-04,78.832
1967-10-05,86.115
1967-10-06,57.562
1967-10-07,50.11
1967-10-08,49.302
1967-10-09,50.495
1967-10-10,77.33
1967-10-11,76.194
1967-10-12,84.207
1967-10-13,78.341
1967-10-14,55.102
1967-10-15,45.375
1967-10-16,46.217
1967-10-17,49.611
1967-10-18,49.828
1967-10-19,60.764
1967-10-20,88.65
1967-10-21,115.636
1967-10-22,157.516
1967-10-23,172.767
1967-10-24,156.717
1967-10-25,200.99
1967-10-26,228.979
1967-10-27,208.812
1967-10-28,175.172
1967-10-29,147.37
1967-10-30,106.53
1967-10-31,98.888
1967-11-01,90.726
1967-11-02,83.282
1967-11-03,80.904
1967-11-04,79.612
1967-11-05,77.341
1967-11-06,76.279
1967-11-07,75.181
1967-11-08,75.078
1967-11-09,73.111
1967-11-10,71.844
1967-11-11,74.608
1967-11-12,107.446
1967-11-13,121.706
1967-11-14,105.751
1967-11-15,135.336
1967-11-16,132.394
1967-11-17,90.305
1967-11-18,87.23
1967-11-19,98.696
1967-11-20,105.625
1967-11-21,96.558
1967-11-22,86.378
1967-11-23,103.424
1967-11-24,109.865
1967-11-25,82.827
1967-11-26,72.403
1967-11-27,89.029
1967-11-28,142.083
1967-11-29,166.577
1967-11-30,151.888
1967-12-01,133.422
1967-12-02,107.956
1967-12-03,104.64
1967-12-04,98.024
1967-12-05,93.22
1967-12-06,96.75
1967-12-07,96.081
1967-12-08,84.516
1967-12-09,78.036
1967-12-10,74.444
1967-12-11,71.255
1967-12-12,68.256
1967-12-13,65.399
1967-12-14,62.769
1967-12-15,60.27
1967-12-16,57.885
1967-12-17,55.678
1967-12-18,53.661
1967-12-19,51.717
1967-12-20,49.942
1967-12-21,48.252
1967-12-22,46.622
1967-12-23,45.03
1967-12-24,43.547
1967-12-25,42.088
1967-12-26,40.741
1967-12-27,39.432
1967-12-28,38.221
1967-12-29,37.14
1967-12-30,36.121
1967-12-31,34.946
1968-01-01,33.884
1968-01-02,32.887
1968-01-03,31.94
1968-01-04,30.999
1968-01-05,30.138
1968-01-06,29.305
1968-01-07,28.479
1968-01-08,27.707
1968-01-09,26.895
1968-01-10,26.158
1968-01-11,25.463
1968-01-12,24.742
1968-01-13,24.095
1968-01-14,23.5
1968-01-15,22.887
1968-01-16,22.303
1968-01-17,21.729
1968-01-18,21.222
1968-01-19,20.697
1968-01-20,20.174
1968-01-21,19.715
1968-01-22,19.258
1968-01-23,18.808
1968-01-24,18.387
1968-01-25,18.066
1968-01-26,17.864
1968-01-27,17.573
1968-01-28,17.3
1968-01-29,16.879
1968-01-30,16.405
1968-01-31,15.887
1968-02-01,15.405
1968-02-02,15.055
1968-02-03,14.724
1968-02-04,14.442
1968-02-05,14.173
1968-02-06,13.907
1968-02-07,13.6
1968-02-08,13.328
1968-02-09,13.07
1968-02-10,12.83
1968-02-11,12.618
1968-02-12,12.391
1968-02-13,12.3
1968-02-14,12.399
1968-02-15,12.713
1968-02-16,12.987
1968-02-17,12.78
1968-02-18,12.25
1968-02-19,11.598
1968-02-20,11.1
1968-02-21,10.867
1968-02-22,11.087
1968-02-23,13.052
1968-02-24,25.124
1968-02-25,22.836
1968-02-26,22.159
1968-02-27,19.205
1968-02-28,16.785
1968-02-29,14.639
1968-03-01,25.408
1968-03-02,25.639
1968-03-03,35.212
1968-03-04,25.58
1968-03-05,10.488
1968-03-06,13.842
1968-03-07,20.417
1968-03-08,25.288
1968-03-09,28.532
1968-03-10,23.605
1968-03-11,31.223
1968-03-12,37.84
1968-03-13,35.486
1968-03-14,41.408
1968-03-15,35.282
1968-03-16,35.888
1968-03-17,20.316
1968-03-18,33.343
1968-03-19,49.378
1968-03-20,45.793
1968-03-21,38.777
1968-03-22,23.059
1968-03-23,16.28
1968-03-24,15.279
1968-03-25,15.746
1968-03-26,13.484
1968-03-27,14.165
1968-03-28,11.527
1968-03-29,9.045
1968-03-30,8.818
1968-03-31,9.382
1968-04-01,14.748
1968-04-02,16.681
1968-04-03,19.066
1968-04-04,18.663
1968-04-05,16.871
1968-04-06,10.162
1968-04-07,9.142
1968-04-08,9.311
1968-04-09,9.369
1968-04-10,11.695
1968-04-11,20.039
1968-04-12,23.544
1968-04-13,28.068
1968-04-14,23.25
1968-04-15,19.751
1968-04-16,14.082
1968-04-17,11.892
1968-04-18,17.607
1968-04-19,29.27
1968-04-20,33.574
1968-04-21,46.91
1968-04-22,71.934
1968-04-23,65.812
1968-04-24,96.261
1968-04-25,107.814
1968-04-26,82.471
1968-04-27,36.353
1968-04-28,29.308
1968-04-29,38.716
1968-04-30,43.878
1968-05-01,66.47
1968-05-02,61.998
1968-05-03,54.556
1968-05-04,42.855
1968-05-05,32.89
1968-05-06,32.092
1968-05-07,26.419
1968-05-08,37.122
1968-05-09,75.004
1968-05-10,78.431
1968-05-11,81.524
1968-05-12,89.199
1968-05-13,41.775
1968-05-14,42.144
1968-05-15,64.543
1968-05-16,62.958
1968-05-17,58.381
1968-05-18,51.888
1968-05-19,73.961
1968-05-20,97.957
1968-05-21,104.326
1968-05-22,123.713
1968-05-23,145.599
1968-05-24,116.886
1968-05-25,109.039
1968-05-26,98.062
1968-05-27,123.495
1968-05-28,98.206
1968-05-29,95.951
1968-05-30,74.978
1968-05-31,91.923
1968-06-01,114.635
1968-06-02,80.611
1968-06-03,77.998
1968-06-04,79.561
1968-06-05,63.398
1968-06-06,59.418
1968-06-07,59.164
1968-06-08,59.985
1968-06-09,58.78
1968-06-10,58.586
1968-06-11,57.912
1968-06-12,57.256
1968-06-13,59.829
1968-06-14,60.808
1968-06-15,67.834
1968-06-16,62.928
1968-06-17,54.145
1968-06-18,53.152
1968-06-19,53.772
1968-06-20,60.19
1968-06-21,67.28
1968-06-22,59.75
1968-06-23,54.954
1968-06-24,54.201
1968-06-25,54.244
1968-06-26,62.09
1968-06-27,55.049
1968-06-28,59.562
1968-06-29,71.189
1968-06-30,70.431
1968-07-01,75.986
1968-07-02,71.147
1968-07-03,60.753
1968-07-04,67.998
1968-07-05,100.062
1968-07-06,88.549
1968-07-07,99.381
1968-07-08,103.215
1968-07-09,133.365
1968-07-10,136.54
1968-07-11,121.906
1968-07-12,109.218
1968-07-13,107.217
1968-07-14,91.953
1968-07-15,77.783
1968-07-16,60.391
1968-07-17,59.195
1968-07-18,62.617
1968-07-19,64.795
1968-07-20,63.089
1968-07-21,62.117
1968-07-22,62.622
1968-07-23,65.062
1968-07-24,76.286
1968-07-25,82.763
1968-07-26,117.077
1968-07-27,174.142
1968-07-28,163.855
1968-07-29,145.029
1968-07-30,113.357
1968-07-31,80.927
1968-08-01,64.658
1968-08-02,63.562
1968-08-03,69.429
1968-08-04,67.285
1968-08-05,66.458
1968-08-06,65.678
1968-08-07,83.471
1968-08-08,134.37
1968-08-09,125.758
1968-08-10,100.985
1968-08-11,81.885
1968-08-12,82.709
1968-08-13,75.926
1968-08-14,70.743
1968-08-15,70.959
1968-08-16,66.582
1968-08-17,74.231
1968-08-18,87.363
1968-08-19,118.626
1968-08-20,113.473
1968-08-21,101.6
1968-08-22,106.614
1968-08-23,100.623
1968-08-24,88.369
1968-08-25,80.478
1968-08-26,77.697
1968-08-27,74.89
1968-08-28,73.397
1968-08-29,72.646
1968-08-30,71.63
1968-08-31,70.632
1968-09-01,69.619
1968-09-02,68.562
1968-09-03,67.387
1968-09-04,66.163
1968-09-05,65.463
1968-09-06,66.252
1968-09-07,70.402
1968-09-08,68.825
1968-09-09,65.978
1968-09-10,63.03
1968-09-11,60.997
1968-09-12,61.495
1968-09-13,63.17
1968-09-14,57.392
1968-09-15,53.902
1968-09-16,52.118
1968-09-17,51.172
1968-09-18,50.66
1968-09-19,49.466
1968-09-20,48.197
1968-09-21,47.962
1968-09-22,46.332
1968-09-23,44.496
1968-09-24,43.21
1968-09-25,42.142
1968-09-26,41.248
1968-09-27,40.381
1968-09-28,39.323
1968-09-29,38.325
1968-09-30,37.395
1968-10-01,36.483
1968-10-02,35.74
1968-10-03,35.079
1968-10-04,34.121
1968-10-05,33.266
1968-10-06,32.595
1968-10-07,31.969
1968-10-08,31.653
1968-10-09,31.365
1968-10-10,30.625
1968-10-11,29.906
1968-10-12,28.932
1968-10-13,27.933
1968-10-14,27.225
1968-10-15,26.882
1968-10-16,26.377
1968-10-17,25.677
1968-10-18,25.003
1968-10-19,24.437
1968-10-20,24.231
1968-10-21,24.165
1968-10-22,23.821
1968-10-23,23.385
1968-10-24,23.148
1968-10-25,29.423
1968-10-26,31.214
1968-10-27,31.05
1968-10-28,35.228
1968-10-29,29.508
1968-10-30,35.134
1968-10-31,37.465
1968-11-01,26.069
1968-11-02,20.173
1968-11-03,18.593
1968-11-04,18.276
1968-11-05,17.971
1968-11-06,17.989
1968-11-07,17.665
1968-11-08,17.389
1968-11-09,16.931
1968-11-10,16.412
1968-11-11,16.04
1968-11-12,15.768
1968-11-13,15.499
1968-11-14,15.268
1968-11-15,15.047
1968-11-16,14.795
1968-11-17,14.598
1968-11-18,14.333
1968-11-19,13.955
1968-11-20,13.638
1968-11-21,13.416
1968-11-22,13.192
1968-11-23,13.114
1968-11-24,15.905
1968-11-25,15.989
1968-11-26,16.922
1968-11-27,17.218
1968-11-28,14.707
1968-11-29,12.679
1968-11-30,11.867
1968-12-01,11.699
1968-12-02,11.82
1968-12-03,16.599
1968-12-04,26.054
1968-12-05,24.552
1968-12-06,28.013
1968-12-07,56.99
1968-12-08,68.242
1968-12-09,84.219
1968-12-10,55.067
1968-12-11,47.521
1968-12-12,48.612
1968-12-13,55.819
1968-12-14,44.831
1968-12-15,20.66
1968-12-16,11.454
1968-12-17,10.059
1968-12-18,9.976
1968-12-19,9.904
1968-12-20,9.798
1968-12-21,9.701
1968-12-22,9.579
1968-12-23,9.487
1968-12-24,9.421
1968-12-25,9.34
1968-12-26,9.247
1968-12-27,9.143
1968-12-28,9.057
1968-12-29,9.009
1968-12-30,9.065
1968-12-31,9.403
1969-01-01,9.226
1969-01-02,9.227
1969-01-03,9.078
1969-01-04,8.982
1969-01-05,9.066
1969-01-06,9.024
1969-01-07,8.95
1969-01-08,8.895
1969-01-09,8.79
1969-01-10,8.67
1969-01-11,8.526
1969-01-12,8.419
1969-01-13,8.313
1969-01-14,8.215
1969-01-15,8.114
1969-01-16,8.003
1969-01-17,7.918
1969-01-18,7.842
1969-01-19,7.737
1969-01-20,7.608
1969-01-21,7.485
1969-01-22,7.806
1969-01-23,9.191
1969-01-24,10.829
1969-01-25,12.649
1969-01-26,12.279
1969-01-27,9.264
1969-01-28,8.588
1969-01-29,7.961
1969-01-30,7.893
1969-01-31,7.374
1969-02-01,6.864
1969-02-02,6.673
1969-02-03,6.612
1969-02-04,6.617
1969-02-05,6.576
1969-02-06,6.495
1969-02-07,6.368
1969-02-08,6.313
1969-02-09,6.284
1969-02-10,6.252
1969-02-11,6.179
1969-02-12,6.05
1969-02-13,5.972
1969-02-14,5.9
1969-02-15,5.823
1969-02-16,5.777
1969-02-17,5.72
1969-02-18,5.698
1969-02-19,5.686
1969-02-20,5.585
1969-02-21,5.475
1969-02-22,5.455
1969-02-23,5.734
1969-02-24,6.501
1969-02-25,7.467
1969-02-26,8.793
1969-02-27,10.485
1969-02-28,9.995
1969-03-01,8.896
1969-03-02,9.259
1969-03-03,7.463
1969-03-04,5.273
1969-03-05,5.012
1969-03-06,4.916
1969-03-07,4.833
1969-03-08,4.764
1969-03-09,4.73
1969-03-10,4.707
1969-03-11,4.845
1969-03-12,5.028
1969-03-13,5.326
1969-03-14,5.589
1969-03-15,5.091
1969-03-16,5.192
1969-03-17,4.959
1969-03-18,5.834
1969-03-19,7.094
1969-03-20,7.065
1969-03-21,6.63
1969-03-22,5.893
1969-03-23,11.262
1969-03-24,32.942
1969-03-25,23.3
1969-03-26,14.683
1969-03-27,18.72
1969-03-28,10.386
1969-03-29,6.879
1969-03-30,4.291
1969-03-31,3.903
1969-04-01,3.86
1969-04-02,3.789
1969-04-03,3.753
1969-04-04,3.709
1969-04-05,3.769
1969-04-06,4.332
1969-04-07,4.225
1969-04-08,4.049
1969-04-09,3.792
1969-04-10,3.629
1969-04-11,3.689
1969-04-12,3.761
1969-04-13,3.554
1969-04-14,3.416
1969-04-15,3.334
1969-04-16,3.286
1969-04-17,3.219
1969-04-18,3.286
1969-04-19,3.345
1969-04-20,3.295
1969-04-21,3.309
1969-04-22,3.175
1969-04-23,3.231
1969-04-24,3.341
1969-04-25,3.366
1969-04-26,3.405
1969-04-27,3.195
1969-04-28,3.297
1969-04-29,3.347
1969-04-30,3.285
1969-05-01,3.273
1969-05-02,3.508
1969-05-03,3.995
1969-05-04,5.724
1969-05-05,12.264
1969-05-06,12.266
1969-05-07,22.792
1969-05-08,51.474
1969-05-09,33.879
1969-05-10,23.251
1969-05-11,34.531
1969-05-12,18.709
1969-05-13,23.92
1969-05-14,44.151
1969-05-15,49.579
1969-05-16,35.358
1969-05-17,32.388
1969-05-18,19.018
1969-05-19,28.879
1969-05-20,31.281
1969-05-21,54.496
1969-05-22,96.215
1969-05-23,53.738
1969-05-24,23.339
1969-05-25,23.443
1969-05-26,30.819
1969-05-27,31.776
1969-05-28,24.75
1969-05-29,20.294
1969-05-30,11.938
1969-05-31,4.731
1969-06-01,2.65
1969-06-02,2.492
1969-06-03,2.495
1969-06-04,2.54
1969-06-05,2.585
1969-06-06,2.584
1969-06-07,3.146
1969-06-08,4.703
1969-06-09,7.63
1969-06-10,12.986
1969-06-11,12.363
1969-06-12,18.402
1969-06-13,27.504
1969-06-14,16.921
1969-06-15,12.02
1969-06-16,22.912
1969-06-17,23.17
1969-06-18,18.221
1969-06-19,16.638
1969-06-20,30.159
1969-06-21,37.079
1969-06-22,38.011
1969-06-23,27.682
1969-06-24,29.857
1969-06-25,25.615
1969-06-26,37.298
1969-06-27,79.415
1969-06-28,63.326
1969-06-29,58.202
1969-06-30,23.613
1969-07-01,6.416
1969-07-02,3.698
1969-07-03,3.471
1969-07-04,4.156
1969-07-05,5.196
1969-07-06,6.029
1969-07-07,6.18
1969-07-08,6.201
1969-07-09,16.015
1969-07-10,13.144
1969-07-11,8.902
1969-07-12,13.215
1969-07-13,14.996
1969-07-14,10.611
1969-07-15,5.62
1969-07-16,5.411
1969-07-17,6.129
1969-07-18,5.321
1969-07-19,5.101
1969-07-20,4.724
1969-07-21,4.978
1969-07-22,6.93
1969-07-23,6.626
1969-07-24,10.936
1969-07-25,9.338
1969-07-26,10.501
1969-07-27,11.272
1969-07-28,16.18
1969-07-29,26.364
1969-07-30,9.91
1969-07-31,10.138
1969-08-01,25.88
1969-08-02,36.628
1969-08-03,25.149
1969-08-04,18.0
1969-08-05,22.292
1969-08-06,13.807
1969-08-07,8.226
1969-08-08,9.74
1969-08-09,7.553
1969-08-10,6.027
1969-08-11,5.529
1969-08-12,5.243
1969-08-13,5.921
1969-08-14,6.818
1969-08-15,6.561
1969-08-16,6.925
1969-08-17,12.089
1969-08-18,12.07
1969-08-19,8.248
1969-08-20,6.452
1969-08-21,5.391
1969-08-22,5.424
1969-08-23,5.91
1969-08-24,6.361
1969-08-25,6.74
1969-08-26,9.439
1969-08-27,8.022
1969-08-28,5.67
1969-08-29,5.583
1969-08-30,5.656
1969-08-31,5.566
1969-09-01,5.375
1969-09-02,5.262
1969-09-03,5.354
1969-09-04,5.844
1969-09-05,6.053
1969-09-06,9.62
1969-09-07,15.94
1969-09-08,19.175
1969-09-09,21.064
1969-09-10,23.545
1969-09-11,16.237
1969-09-12,10.955
1969-09-13,9.364
1969-09-14,22.677
1969-09-15,25.571
1969-09-16,17.702
1969-09-17,20.812
1969-09-18,24.204
1969-09-19,11.846
1969-09-20,5.739
1969-09-21,4.727
1969-09-22,4.596
1969-09-23,4.63
1969-09-24,4.593
1969-09-25,4.594
1969-09-26,4.621
1969-09-27,4.539
1969-09-28,4.474
1969-09-29,4.429
1969-09-30,4.442
1969-10-01,4.375
1969-10-02,4.353
1969-10-03,4.312
1969-10-04,4.239
1969-10-05,4.23
1969-10-06,4.2
1969-10-07,4.157
1969-10-08,4.132
1969-10-09,4.356
1969-10-10,4.692
1969-10-11,7.013
1969-10-12,4.764
1969-10-13,4.567
1969-10-14,4.764
1969-10-15,4.673
1969-10-16,4.759
1969-10-17,5.582
1969-10-18,9.048
1969-10-19,6.588
1969-10-20,5.968
1969-10-21,8.384
1969-10-22,18.209
1969-10-23,23.197
1969-10-24,26.055
1969-10-25,14.367
1969-10-26,5.295
1969-10-27,4.565
1969-10-28,5.063
1969-10-29,9.037
1969-10-30,13.152
1969-10-31,38.624
1969-11-01,35.175
1969-11-02,36.198
1969-11-03,32.898
1969-11-04,14.143
1969-11-05,7.025
1969-11-06,3.659
1969-11-07,5.857
1969-11-08,16.386
1969-11-09,20.345
1969-11-10,19.787
1969-11-11,11.853
1969-11-12,5.258
1969-11-13,3.818
1969-11-14,4.032
1969-11-15,3.908
1969-11-16,4.424
1969-11-17,3.875
1969-11-18,3.293
1969-11-19,3.146
1969-11-20,3.952
1969-11-21,7.974
1969-11-22,10.847
1969-11-23,15.688
1969-11-24,9.616
1969-11-25,20.401
1969-11-26,16.815
1969-11-27,8.286
1969-11-28,4.68
1969-11-29,4.057
1969-11-30,4.394
1969-12-01,6.672
1969-12-02,6.835
1969-12-03,4.79
1969-12-04,10.639
1969-12-05,5.143
1969-12-06,3.154
1969-12-07,2.99
1969-12-08,3.04
1969-12-09,3.978
1969-12-10,5.454
1969-12-11,5.34
1969-12-12,3.363
1969-12-13,2.955
1969-12-14,2.836
1969-12-15,2.79
1969-12-16,2.772
1969-12-17,2.76
1969-12-18,2.733
1969-12-19,2.704
1969-12-20,2.663
1969-12-21,2.638
1969-12-22,2.613
1969-12-23,2.607
1969-12-24,2.596
1969-12-25,2.565
1969-12-26,2.568
1969-12-27,2.698
1969-12-28,2.67
1969-12-29,2.665
1969-12-30,2.579
1969-12-31,2.498
1970-01-01,2.486
1970-01-02,2.463
1970-01-03,2.442
1970-01-04,2.398
1970-01-05,2.398
1970-01-06,2.472
1970-01-07,2.938
1970-01-08,3.187
1970-01-09,3.104
1970-01-10,2.723
1970-01-11,2.445
1970-01-12,2.308
1970-01-13,2.243
1970-01-14,2.225
1970-01-15,2.323
1970-01-16,2.601
1970-01-17,2.855
1970-01-18,2.779
1970-01-19,4.727
1970-01-20,7.68
1970-01-21,9.304
1970-01-22,4.848
1970-01-23,4.22
1970-01-24,4.287
1970-01-25,4.056
1970-01-26,3.499
1970-01-27,3.51
1970-01-28,4.418
1970-01-29,8.385
1970-01-30,4.479
1970-01-31,2.682
1970-02-01,2.566
1970-02-02,2.391
1970-02-03,2.185
1970-02-04,1.938
1970-02-05,1.808
1970-02-06,1.819
1970-02-07,1.797
1970-02-08,1.774
1970-02-09,1.748
1970-02-10,1.764
1970-02-11,1.886
1970-02-12,1.927
1970-02-13,2.026
1970-02-14,2.0
1970-02-15,2.25
1970-02-16,1.994
1970-02-17,1.845
1970-02-18,1.658
1970-02-19,1.742
1970-02-20,2.077
1970-02-21,2.052
1970-02-22,2.182
1970-02-23,3.112
1970-02-24,2.86
1970-02-25,3.111
1970-02-26,2.69
1970-02-27,1.875
1970-02-28,1.6
1970-03-01,1.522
1970-03-02,1.503
1970-03-03,1.572
1970-03-04,1.897
1970-03-05,1.753
1970-03-06,1.793
1970-03-07,1.649
1970-03-08,1.646
1970-03-09,4.712
1970-03-10,10.045
1970-03-11,13.805
1970-03-12,11.5
1970-03-13,10.846
1970-03-14,4.63
1970-03-15,2.455
1970-03-16,2.884
1970-03-17,2.916
1970-03-18,2.147
1970-03-19,1.798
1970-03-20,1.707
1970-03-21,1.7
1970-03-22,3.547
1970-03-23,7.804
1970-03-24,8.047
1970-03-25,15.24
1970-03-26,19.303
1970-03-27,52.9
1970-03-28,63.491
1970-03-29,76.652
1970-03-30,79.605
1970-03-31,64.654
1970-04-01,58.894
1970-04-02,92.277
1970-04-03,78.099
1970-04-04,23.968
1970-04-05,3.665
1970-04-06,5.935
1970-04-07,5.63
1970-04-08,9.436
1970-04-09,15.393
1970-04-10,31.046
1970-04-11,26.662
1970-04-12,34.322
1970-04-13,28.226
1970-04-14,69.062
1970-04-15,81.217
1970-04-16,38.713
1970-04-17,8.501
1970-04-18,4.662
1970-04-19,5.56
1970-04-20,6.485
1970-04-21,5.658
1970-04-22,8.396
1970-04-23,15.166
1970-04-24,38.541
1970-04-25,48.648
1970-04-26,51.042
1970-04-27,38.653
1970-04-28,15.683
1970-04-29,18.231
1970-04-30,9.625
1970-05-01,29.346
1970-05-02,82.065
1970-05-03,85.951
1970-05-04,78.556
1970-05-05,53.279
1970-05-06,75.148
1970-05-07,84.462
1970-05-08,73.935
1970-05-09,50.328
1970-05-10,58.729
1970-05-11,74.645
1970-05-12,84.143
1970-05-13,57.572
1970-05-14,51.473
1970-05-15,69.496
1970-05-16,48.452
1970-05-17,29.336
1970-05-18,27.207
1970-05-19,22.192
1970-05-20,16.141
1970-05-21,17.714
1970-05-22,22.369
1970-05-23,20.618
1970-05-24,20.287
1970-05-25,21.802
1970-05-26,28.562
1970-05-27,36.255
1970-05-28,36.066
1970-05-29,46.715
1970-05-30,47.151
1970-05-31,31.077
1970-06-01,31.032
1970-06-02,25.943
1970-06-03,21.366
1970-06-04,24.602
1970-06-05,46.885
1970-06-06,52.21
1970-06-07,25.101
1970-06-08,17.943
1970-06-09,13.47
1970-06-10,13.342
1970-06-11,16.692
1970-06-12,12.66
1970-06-13,10.66
1970-06-14,10.478
1970-06-15,10.375
1970-06-16,10.429
1970-06-17,11.522
1970-06-18,11.562
1970-06-19,15.868
1970-06-20,29.058
1970-06-21,28.227
1970-06-22,15.824
1970-06-23,21.245
1970-06-24,25.282
1970-06-25,22.571
1970-06-26,16.272
1970-06-27,15.95
1970-06-28,15.017
1970-06-29,19.226
1970-06-30,29.569
1970-07-01,62.679
1970-07-02,91.281
1970-07-03,88.256
1970-07-04,74.468
1970-07-05,61.482
1970-07-06,31.307
1970-07-07,28.625
1970-07-08,15.79
1970-07-09,10.829
1970-07-10,9.967
1970-07-11,9.364
1970-07-12,9.209
1970-07-13,9.736
1970-07-14,12.473
1970-07-15,15.1
1970-07-16,15.36
1970-07-17,19.074
1970-07-18,18.132
1970-07-19,14.501
1970-07-20,12.986
1970-07-21,19.595
1970-07-22,17.288
1970-07-23,11.299
1970-07-24,12.166
1970-07-25,12.732
1970-07-26,11.815
1970-07-27,14.655
1970-07-28,18.537
1970-07-29,22.116
1970-07-30,20.393
1970-07-31,28.899
1970-08-01,17.665
1970-08-02,11.202
1970-08-03,11.225
1970-08-04,13.367
1970-08-05,14.182
1970-08-06,18.463
1970-08-07,16.496
1970-08-08,14.583
1970-08-09,17.401
1970-08-10,22.284
1970-08-11,394.968
1970-08-12,545.8
1970-08-13,438.489
1970-08-14,177.963
1970-08-15,78.251
1970-08-16,93.211
1970-08-17,93.116
1970-08-18,114.007
1970-08-19,125.15
1970-08-20,111.436
1970-08-21,119.325
1970-08-22,159.16
1970-08-23,157.726
1970-08-24,254.83
1970-08-25,224.685
1970-08-26,113.668
1970-08-27,96.88
1970-08-28,96.677
1970-08-29,104.582
1970-08-30,92.617
1970-08-31,63.317
1970-09-01,62.076
1970-09-02,51.99
1970-09-03,50.522
1970-09-04,57.192
1970-09-05,61.017
1970-09-06,58.924
1970-09-07,57.9
1970-09-08,69.263
1970-09-09,101.612
1970-09-10,95.105
1970-09-11,79.052
1970-09-12,74.005
1970-09-13,88.408
1970-09-14,102.018
1970-09-15,78.515
1970-09-16,57.414
1970-09-17,52.53
1970-09-18,51.548
1970-09-19,51.307
1970-09-20,50.227
1970-09-21,49.368
1970-09-22,48.191
1970-09-23,46.32
1970-09-24,45.357
1970-09-25,44.928
1970-09-26,44.963
1970-09-27,45.623
1970-09-28,44.81
1970-09-29,43.199
1970-09-30,41.643
1970-10-01,40.153
1970-10-02,39.197
1970-10-03,38.263
1970-10-04,37.996
1970-10-05,37.395
1970-10-06,36.081
1970-10-07,35.085
1970-10-08,34.131
1970-10-09,33.303
1970-10-10,32.528
1970-10-11,32.161
1970-10-12,31.927
1970-10-13,31.852
1970-10-14,31.966
1970-10-15,35.321
1970-10-16,39.041
1970-10-17,46.387
1970-10-18,58.794
1970-10-19,49.334
1970-10-20,39.518
1970-10-21,32.536
1970-10-22,27.694
1970-10-23,26.072
1970-10-24,24.838
1970-10-25,24.076
1970-10-26,23.767
1970-10-27,24.312
1970-10-28,25.515
1970-10-29,26.105
1970-10-30,25.522
1970-10-31,23.492
1970-11-01,22.735
1970-11-02,21.725
1970-11-03,20.884
1970-11-04,25.218
1970-11-05,43.88
1970-11-06,30.047
1970-11-07,24.582
1970-11-08,21.948
1970-11-09,19.558
1970-11-10,18.684
1970-11-11,18.255
1970-11-12,17.967
1970-11-13,17.678
1970-11-14,17.373
1970-11-15,17.082
1970-11-16,16.809
1970-11-17,16.525
1970-11-18,16.209
1970-11-19,15.903
1970-11-20,15.611
1970-11-21,15.326
1970-11-22,15.05
1970-11-23,14.751
1970-11-24,14.572
1970-11-25,14.376
1970-11-26,14.132
1970-11-27,13.86
1970-11-28,13.466
1970-11-29,13.172
1970-11-30,12.924
1970-12-01,12.67
1970-12-02,12.421
1970-12-03,12.15
1970-12-04,11.953
1970-12-05,11.755
1970-12-06,11.488
1970-12-07,11.209
1970-12-08,10.93
1970-12-09,10.732
1970-12-10,10.54
1970-12-11,10.366
1970-12-12,10.205
1970-12-13,9.995
1970-12-14,9.813
1970-12-15,9.67
1970-12-16,9.503
1970-12-17,9.291
1970-12-18,9.117
1970-12-19,8.932
1970-12-20,8.811
1970-12-21,8.68
1970-12-22,8.596
1970-12-23,8.43
1970-12-24,8.269
1970-12-25,8.115
1970-12-26,7.965
1970-12-27,7.83
1970-12-28,7.913
1970-12-29,7.98
1970-12-30,8.195
1970-12-31,8.129
1971-01-01,7.756
1971-01-02,7.282
1971-01-03,7.056
1971-01-04,6.88
1971-01-05,6.772
1971-01-06,6.692
1971-01-07,6.592
1971-01-08,6.486
1971-01-09,6.409
1971-01-10,6.32
1971-01-11,6.176
1971-01-12,6.037
1971-01-13,5.903
1971-01-14,5.847
1971-01-15,5.759
1971-01-16,5.678
1971-01-17,5.665
1971-01-18,5.612
1971-01-19,5.521
1971-01-20,5.39
1971-01-21,5.262
1971-01-22,5.181
1971-01-23,5.095
1971-01-24,5.005
1971-01-25,4.876
1971-01-26,4.833
1971-01-27,4.767
1971-01-28,4.68
1971-01-29,4.608
1971-01-30,4.55
1971-01-31,4.477
1971-02-01,4.41
1971-02-02,4.335
1971-02-03,4.281
1971-02-04,4.242
1971-02-05,4.197
1971-02-06,4.153
1971-02-07,4.087
1971-02-08,3.972
1971-02-09,3.898
1971-02-10,3.869
1971-02-11,3.805
1971-02-12,3.76
1971-02-13,3.706
1971-02-14,3.629
1971-02-15,3.568
1971-02-16,3.49
1971-02-17,3.425
1971-02-18,3.381
1971-02-19,3.363
1971-02-20,3.367
1971-02-21,3.44
1971-02-22,3.512
1971-02-23,3.689
1971-02-24,3.602
1971-02-25,3.595
1971-02-26,3.318
1971-02-27,3.04
1971-02-28,2.896
1971-03-01,2.823
1971-03-02,2.797
1971-03-03,2.784
1971-03-04,2.736
1971-03-05,2.7
1971-03-06,2.647
1971-03-07,2.609
1971-03-08,2.576
1971-03-09,2.551
1971-03-10,2.639
1971-03-11,2.69
1971-03-12,2.726
1971-03-13,2.549
1971-03-14,2.397
1971-03-15,2.357
1971-03-16,2.315
1971-03-17,2.275
1971-03-18,2.253
1971-03-19,2.21
1971-03-20,2.168
1971-03-21,2.105
1971-03-22,2.087
1971-03-23,2.026
1971-03-24,2.024
1971-03-25,2.011
1971-03-26,2.015
1971-03-27,2.013
1971-03-28,2.037
1971-03-29,2.303
1971-03-30,2.585
1971-03-31,2.657
1971-04-01,2.663
1971-04-02,3.101
1971-04-03,4.086
1971-04-04,4.218
1971-04-05,3.231
1971-04-06,3.633
1971-04-07,43.346
1971-04-08,185.0
1971-04-09,63.49
1971-04-10,71.115
1971-04-11,20.703
1971-04-12,26.436
1971-04-13,60.115
1971-04-14,86.789
1971-04-15,125.38
1971-04-16,115.421
1971-04-17,86.461
1971-04-18,73.697
1971-04-19,39.097
1971-04-20,21.397
1971-04-21,17.073
1971-04-22,13.554
1971-04-23,8.208
1971-04-24,8.918
1971-04-25,22.991
1971-04-26,43.203
1971-04-27,60.501
1971-04-28,105.657
1971-04-29,108.283
1971-04-30,97.637
1971-05-01,94.052
1971-05-02,80.112
1971-05-03,100.764
1971-05-04,93.509
1971-05-05,64.756
1971-05-06,32.742
1971-05-07,25.446
1971-05-08,57.428
1971-05-09,82.967
1971-05-10,76.203
1971-05-11,59.246
1971-05-12,53.287
1971-05-13,97.192
1971-05-14,110.47
1971-05-15,111.392
1971-05-16,116.723
1971-05-17,78.539
1971-05-18,37.562
1971-05-19,16.115
1971-05-20,27.284
1971-05-21,86.056
1971-05-22,101.126
1971-05-23,97.459
1971-05-24,127.458
1971-05-25,95.255
1971-05-26,42.32
1971-05-27,31.18
1971-05-28,48.75
1971-05-29,59.562
1971-05-30,62.721
1971-05-31,69.431
1971-06-01,57.617
1971-06-02,50.668
1971-06-03,45.637
1971-06-04,47.183
1971-06-05,52.298
1971-06-06,78.5
1971-06-07,50.711
1971-06-08,67.822
1971-06-09,98.133
1971-06-10,76.392
1971-06-11,87.327
1971-06-12,98.67
1971-06-13,81.785
1971-06-14,45.858
1971-06-15,34.707
1971-06-16,50.821
1971-06-17,54.325
1971-06-18,64.107
1971-06-19,87.401
1971-06-20,82.36
1971-06-21,77.88
1971-06-22,75.96
1971-06-23,45.588
1971-06-24,34.733
1971-06-25,34.387
1971-06-26,55.742
1971-06-27,60.294
1971-06-28,51.144
1971-06-29,60.98
1971-06-30,72.465
1971-07-01,67.795
1971-07-02,77.876
1971-07-03,81.978
1971-07-04,82.122
1971-07-05,87.612
1971-07-06,87.735
1971-07-07,74.018
1971-07-08,72.65
1971-07-09,78.209
1971-07-10,82.798
1971-07-11,84.403
1971-07-12,66.723
1971-07-13,70.33
1971-07-14,56.641
1971-07-15,56.7
1971-07-16,75.527
1971-07-17,91.06
1971-07-18,129.723
1971-07-19,150.146
1971-07-20,176.51
1971-07-21,189.205
1971-07-22,237.295
1971-07-23,202.186
1971-07-24,177.844
1971-07-25,172.331
1971-07-26,161.075
1971-07-27,160.919
1971-07-28,144.511
1971-07-29,134.428
1971-07-30,134.688
1971-07-31,131.725
1971-08-01,126.768
1971-08-02,124.765
1971-08-03,126.635
1971-08-04,123.827
1971-08-05,115.241
1971-08-06,107.095
1971-08-07,152.646
1971-08-08,167.762
1971-08-09,166.519
1971-08-10,171.51
1971-08-11,152.105
1971-08-12,133.636
1971-08-13,168.002
1971-08-14,162.971
1971-08-15,142.615
1971-08-16,168.322
1971-08-17,161.11
1971-08-18,193.921
1971-08-19,193.236
1971-08-20,170.482
1971-08-21,159.095
1971-08-22,179.578
1971-08-23,190.063
1971-08-24,189.083
1971-08-25,213.714
1971-08-26,228.7
1971-08-27,254.742
1971-08-28,271.395
1971-08-29,241.366
1971-08-30,204.138
1971-08-31,195.516
1971-09-01,279.177
1971-09-02,390.949
1971-09-03,441.853
1971-09-04,429.302
1971-09-05,346.578
1971-09-06,353.312
1971-09-07,346.77
1971-09-08,290.358
1971-09-09,266.8
1971-09-10,256.7
1971-09-11,245.995
1971-09-12,243.48
1971-09-13,233.495
1971-09-14,222.945
1971-09-15,205.934
1971-09-16,187.487
1971-09-17,176.825
1971-09-18,168.313
1971-09-19,160.918
1971-09-20,154.975
1971-09-21,149.255
1971-09-22,143.304
1971-09-23,137.189
1971-09-24,131.38
1971-09-25,126.526
1971-09-26,121.595
1971-09-27,118.707
1971-09-28,127.381
1971-09-29,156.28
1971-09-30,143.339
1971-10-01,129.156
1971-10-02,157.252
1971-10-03,146.448
1971-10-04,154.323
1971-10-05,149.821
1971-10-06,106.704
1971-10-07,88.94
1971-10-08,86.894
1971-10-09,85.102
1971-10-10,84.09
1971-10-11,82.069
1971-10-12,78.818
1971-10-13,76.87
1971-10-14,76.313
1971-10-15,74.723
1971-10-16,73.787
1971-10-17,72.102
1971-10-18,69.856
1971-10-19,80.655
1971-10-20,106.122
1971-10-21,106.151
1971-10-22,105.078
1971-10-23,131.132
1971-10-24,110.096
1971-10-25,105.218
1971-10-26,82.382
1971-10-27,90.787
1971-10-28,74.354
1971-10-29,61.637
1971-10-30,57.665
1971-10-31,57.151
1971-11-01,56.45
1971-11-02,53.879
1971-11-03,53.035
1971-11-04,52.426
1971-11-05,51.938
1971-11-06,57.611
1971-11-07,62.604
1971-11-08,62.282
1971-11-09,69.581
1971-11-10,64.738
1971-11-11,56.731
1971-11-12,54.27
1971-11-13,50.502
1971-11-14,47.845
1971-11-15,46.738
1971-11-16,47.25
1971-11-17,46.046
1971-11-18,43.315
1971-11-19,42.579
1971-11-20,41.984
1971-11-21,41.392
1971-11-22,40.782
1971-11-23,40.164
1971-11-24,39.541
1971-11-25,39.006
1971-11-26,38.389
1971-11-27,37.937
1971-11-28,37.675
1971-11-29,39.098
1971-11-30,37.929
1971-12-01,37.964
1971-12-02,36.426
1971-12-03,34.883
1971-12-04,33.836
1971-12-05,33.028
1971-12-06,32.428
1971-12-07,31.858
1971-12-08,31.269
1971-12-09,30.67
1971-12-10,30.071
1971-12-11,29.479
1971-12-12,28.897
1971-12-13,28.305
1971-12-14,27.698
1971-12-15,27.142
1971-12-16,26.549
1971-12-17,25.928
1971-12-18,25.324
1971-12-19,24.853
1971-12-20,24.352
1971-12-21,23.739
1971-12-22,23.204
1971-12-23,22.667
1971-12-24,22.186
1971-12-25,21.74
1971-12-26,21.286
1971-12-27,20.872
1971-12-28,20.507
1971-12-29,20.157
1971-12-30,19.791
1971-12-31,19.56
1972-01-01,19.098
1972-01-02,18.774
1972-01-03,18.346
1972-01-04,17.88
1972-01-05,17.465
1972-01-06,17.08
1972-01-07,16.691
1972-01-08,16.342
1972-01-09,16.287
1972-01-10,15.899
1972-01-11,15.585
1972-01-12,15.068
1972-01-13,14.61
1972-01-14,14.364
1972-01-15,14.018
1972-01-16,13.622
1972-01-17,13.268
1972-01-18,12.97
1972-01-19,12.725
1972-01-20,12.388
1972-01-21,12.142
1972-01-22,11.843
1972-01-23,11.587
1972-01-24,11.294
1972-01-25,11.028
1972-01-26,10.784
1972-01-27,10.507
1972-01-28,10.316
1972-01-29,10.091
1972-01-30,9.894
1972-01-31,9.698
1972-02-01,9.503
1972-02-02,9.547
1972-02-03,9.59
1972-02-04,9.518
1972-02-05,9.64
1972-02-06,9.412
1972-02-07,9.206
1972-02-08,8.927
1972-02-09,8.516
1972-02-10,8.452
1972-02-11,8.4
1972-02-12,8.383
1972-02-13,8.217
1972-02-14,8.17
1972-02-15,7.762
1972-02-16,7.522
1972-02-17,7.413
1972-02-18,7.38
1972-02-19,7.355
1972-02-20,7.451
1972-02-21,7.078
1972-02-22,6.807
1972-02-23,6.868
1972-02-24,6.922
1972-02-25,6.9
1972-02-26,6.825
1972-02-27,6.417
1972-02-28,6.228
1972-02-29,6.19
1972-03-01,6.221
1972-03-02,6.632
1972-03-03,7.218
1972-03-04,7.17
1972-03-05,7.354
1972-03-06,6.283
1972-03-07,5.766
1972-03-08,5.695
1972-03-09,5.682
1972-03-10,5.534
1972-03-11,5.824
1972-03-12,5.775
1972-03-13,5.539
1972-03-14,5.782
1972-03-15,5.714
1972-03-16,5.935
1972-03-17,5.982
1972-03-18,5.679
1972-03-19,5.136
1972-03-20,4.909
1972-03-21,4.835
1972-03-22,4.692
1972-03-23,4.578
1972-03-24,4.47
1972-03-25,4.535
1972-03-26,4.747
1972-03-27,5.362
1972-03-28,4.682
1972-03-29,4.197
1972-03-30,4.067
1972-03-31,4.008
1972-04-01,3.93
1972-04-02,3.854
1972-04-03,3.895
1972-04-04,3.878
1972-04-05,3.943
1972-04-06,3.778
1972-04-07,4.791
1972-04-08,4.892
1972-04-09,5.728
1972-04-10,10.796
1972-04-11,16.759
1972-04-12,15.005
1972-04-13,16.073
1972-04-14,11.407
1972-04-15,21.4
1972-04-16,23.315
1972-04-17,10.388
1972-04-18,12.042
1972-04-19,12.625
1972-04-20,15.181
1972-04-21,23.944
1972-04-22,24.099
1972-04-23,11.822
1972-04-24,9.855
1972-04-25,7.27
1972-04-26,6.525
1972-04-27,9.653
1972-04-28,10.515
1972-04-29,22.534
1972-04-30,37.331
1972-05-01,30.143
1972-05-02,35.765
1972-05-03,30.489
1972-05-04,13.208
1972-05-05,13.766
1972-05-06,6.282
1972-05-07,4.294
1972-05-08,8.815
1972-05-09,9.912
1972-05-10,27.708
1972-05-11,33.474
1972-05-12,12.11
1972-05-13,4.202
1972-05-14,3.856
1972-05-15,5.44
1972-05-16,8.712
1972-05-17,15.9
1972-05-18,13.772
1972-05-19,27.394
1972-05-20,43.089
1972-05-21,47.977
1972-05-22,50.703
1972-05-23,45.242
1972-05-24,16.89
1972-05-25,12.834
1972-05-26,27.177
1972-05-27,34.885
1972-05-28,35.466
1972-05-29,29.519
1972-05-30,18.351
1972-05-31,9.376
1972-06-01,15.29
1972-06-02,22.928
1972-06-03,13.568
1972-06-04,34.603
1972-06-05,60.486
1972-06-06,66.921
1972-06-07,51.163
1972-06-08,23.744
1972-06-09,9.03
1972-06-10,4.759
1972-06-11,4.648
1972-06-12,7.144
1972-06-13,5.68
1972-06-14,10.861
1972-06-15,13.109
1972-06-16,10.924
1972-06-17,15.134
1972-06-18,19.771
1972-06-19,23.497
1972-06-20,34.478
1972-06-21,28.072
1972-06-22,29.023
1972-06-23,34.652
1972-06-24,32.48
1972-06-25,28.58
1972-06-26,50.567
1972-06-27,106.375
1972-06-28,130.886
1972-06-29,102.101
1972-06-30,55.002
1972-07-01,39.712
1972-07-02,26.332
1972-07-03,22.155
1972-07-04,33.04
1972-07-05,33.392
1972-07-06,25.075
1972-07-07,28.412
1972-07-08,36.965
1972-07-09,55.576
1972-07-10,56.472
1972-07-11,44.837
1972-07-12,45.403
1972-07-13,37.865
1972-07-14,32.01
1972-07-15,25.166
1972-07-16,22.132
1972-07-17,81.555
1972-07-18,146.964
1972-07-19,129.558
1972-07-20,116.23
1972-07-21,99.208
1972-07-22,96.446
1972-07-23,93.051
1972-07-24,70.496
1972-07-25,52.846
1972-07-26,52.769
1972-07-27,50.648
1972-07-28,48.11
1972-07-29,55.158
1972-07-30,65.025
1972-07-31,98.598
1972-08-01,112.965
1972-08-02,113.352
1972-08-03,145.262
1972-08-04,182.462
1972-08-05,158.022
1972-08-06,162.269
1972-08-07,159.349
1972-08-08,246.493
1972-08-09,297.651
1972-08-10,238.588
1972-08-11,170.338
1972-08-12,147.786
1972-08-13,132.483
1972-08-14,105.264
1972-08-15,116.082
1972-08-16,182.584
1972-08-17,193.376
1972-08-18,221.012
1972-08-19,191.462
1972-08-20,138.095
1972-08-21,116.43
1972-08-22,117.195
1972-08-23,117.95
1972-08-24,116.636
1972-08-25,111.393
1972-08-26,122.891
1972-08-27,102.756
1972-08-28,87.635
1972-08-29,85.642
1972-08-30,84.46
1972-08-31,83.199
1972-09-01,81.638
1972-09-02,79.858
1972-09-03,78.104
1972-09-04,76.428
1972-09-05,74.897
1972-09-06,73.06
1972-09-07,72.668
1972-09-08,73.64
1972-09-09,77.436
1972-09-10,86.261
1972-09-11,81.274
1972-09-12,80.43
1972-09-13,76.422
1972-09-14,63.105
1972-09-15,58.701
1972-09-16,57.347
1972-09-17,56.242
1972-09-18,55.027
1972-09-19,53.889
1972-09-20,52.281
1972-09-21,50.808
1972-09-22,49.714
1972-09-23,49.231
1972-09-24,49.803
1972-09-25,53.726
1972-09-26,61.126
1972-09-27,81.985
1972-09-28,82.739
1972-09-29,81.861
1972-09-30,125.161
1972-10-01,99.017
1972-10-02,89.52
1972-10-03,92.881
1972-10-04,73.035
1972-10-05,47.971
1972-10-06,39.311
1972-10-07,38.26
1972-10-08,37.669
1972-10-09,37.103
1972-10-10,36.633
1972-10-11,37.551
1972-10-12,46.664
1972-10-13,47.124
1972-10-14,58.639
1972-10-15,52.357
1972-10-16,50.822
1972-10-17,63.346
1972-10-18,80.633
1972-10-19,104.848
1972-10-20,113.88
1972-10-21,101.265
1972-10-22,133.236
1972-10-23,120.19
1972-10-24,147.878
1972-10-25,188.821
1972-10-26,173.883
1972-10-27,153.609
1972-10-28,86.404
1972-10-29,63.785
1972-10-30,59.701
1972-10-31,76.793
1972-11-01,87.705
1972-11-02,78.879
1972-11-03,64.088
1972-11-04,54.033
1972-11-05,73.625
1972-11-06,120.376
1972-11-07,155.593
1972-11-08,169.436
1972-11-09,106.405
1972-11-10,109.246
1972-11-11,149.62
1972-11-12,172.902
1972-11-13,151.002
1972-11-14,121.644
1972-11-15,131.708
1972-11-16,135.473
1972-11-17,141.042
1972-11-18,197.922
1972-11-19,168.199
1972-11-20,172.061
1972-11-21,143.424
1972-11-22,101.875
1972-11-23,101.097
1972-11-24,106.541
1972-11-25,97.172
1972-11-26,93.121
1972-11-27,91.91
1972-11-28,90.885
1972-11-29,89.676
1972-11-30,88.699
1972-12-01,86.526
1972-12-02,84.026
1972-12-03,82.297
1972-12-04,80.693
1972-12-05,79.243
1972-12-06,78.785
1972-12-07,76.512
1972-12-08,75.128
1972-12-09,73.402
1972-12-10,71.281
1972-12-11,69.362
1972-12-12,67.781
1972-12-13,66.283
1972-12-14,64.82
1972-12-15,63.378
1972-12-16,61.898
1972-12-17,60.484
1972-12-18,59.114
1972-12-19,57.779
1972-12-20,56.591
1972-12-21,55.967
1972-12-22,54.649
1972-12-23,53.438
1972-12-24,51.967
1972-12-25,50.623
1972-12-26,49.445
1972-12-27,48.348
1972-12-28,47.272
1972-12-29,46.164
1972-12-30,45.072
1972-12-31,43.979
1973-01-01,42.97
1973-01-02,41.902
1973-01-03,40.865
1973-01-04,39.844
1973-01-05,38.876
1973-01-06,37.926
1973-01-07,37.061
1973-01-08,36.206
1973-01-09,35.394
1973-01-10,34.476
1973-01-11,33.654
1973-01-12,32.918
1973-01-13,32.243
1973-01-14,31.769
1973-01-15,31.09
1973-01-16,30.537
1973-01-17,29.6
1973-01-18,28.665
1973-01-19,27.874
1973-01-20,27.166
1973-01-21,26.56
1973-01-22,25.949
1973-01-23,25.361
1973-01-24,24.748
1973-01-25,24.19
1973-01-26,23.616
1973-01-27,23.083
1973-01-28,22.604
1973-01-29,22.063
1973-01-30,21.522
1973-01-31,21.046
1973-02-01,20.605
1973-02-02,20.21
1973-02-03,19.719
1973-02-04,19.234
1973-02-05,18.775
1973-02-06,18.328
1973-02-07,17.918
1973-02-08,17.495
1973-02-09,17.102
1973-02-10,16.766
1973-02-11,16.43
1973-02-12,16.115
1973-02-13,15.812
1973-02-14,15.513
1973-02-15,15.247
1973-02-16,15.287
1973-02-17,18.323
1973-02-18,16.157
1973-02-19,15.431
1973-02-20,15.317
1973-02-21,14.635
1973-02-22,14.335
1973-02-23,14.935
1973-02-24,15.034
1973-02-25,15.014
1973-02-26,15.489
1973-02-27,14.422
1973-02-28,12.695
1973-03-01,12.093
1973-03-02,11.852
1973-03-03,11.605
1973-03-04,11.316
1973-03-05,11.128
1973-03-06,11.01
1973-03-07,10.86
1973-03-08,10.64
1973-03-09,10.42
1973-03-10,10.185
1973-03-11,9.983
1973-03-12,9.762
1973-03-13,9.579
1973-03-14,9.386
1973-03-15,9.177
1973-03-16,8.984
1973-03-17,8.809
1973-03-18,8.878
1973-03-19,8.802
1973-03-20,9.007
1973-03-21,8.66
1973-03-22,8.192
1973-03-23,7.942
1973-03-24,7.742
1973-03-25,7.635
1973-03-26,7.498
1973-03-27,7.295
1973-03-28,7.13
1973-03-29,6.997
1973-03-30,6.845
1973-03-31,6.723
1973-04-01,6.601
1973-04-02,6.438
1973-04-03,6.451
1973-04-04,6.392
1973-04-05,6.472
1973-04-06,6.27
1973-04-07,6.094
1973-04-08,5.897
1973-04-09,5.803
1973-04-10,5.703
1973-04-11,5.682
1973-04-12,5.635
1973-04-13,5.895
1973-04-14,6.273
1973-04-15,6.618
1973-04-16,6.277
1973-04-17,9.38
1973-04-18,16.252
1973-04-19,27.42
1973-04-20,48.23
1973-04-21,32.247
1973-04-22,12.143
1973-04-23,12.943
1973-04-24,18.654
1973-04-25,35.292
1973-04-26,31.702
1973-04-27,18.919
1973-04-28,18.662
1973-04-29,17.974
1973-04-30,19.647
1973-05-01,8.6
1973-05-02,11.444
1973-05-03,12.173
1973-05-04,12.355
1973-05-05,11.825
1973-05-06,14.908
1973-05-07,27.362
1973-05-08,22.098
1973-05-09,22.455
1973-05-10,25.096
1973-05-11,46.534
1973-05-12,77.399
1973-05-13,47.355
1973-05-14,45.778
1973-05-15,78.452
1973-05-16,70.602
1973-05-17,78.092
1973-05-18,83.857
1973-05-19,48.007
1973-05-20,20.615
1973-05-21,20.278
1973-05-22,52.826
1973-05-23,48.59
1973-05-24,67.615
1973-05-25,90.955
1973-05-26,61.072
1973-05-27,45.206
1973-05-28,58.781
1973-05-29,44.107
1973-05-30,46.137
1973-05-31,42.17
1973-06-01,32.949
1973-06-02,21.641
1973-06-03,31.226
1973-06-04,34.267
1973-06-05,27.088
1973-06-06,30.266
1973-06-07,31.822
1973-06-08,21.577
1973-06-09,17.878
1973-06-10,17.398
1973-06-11,13.002
1973-06-12,9.04
1973-06-13,7.69
1973-06-14,11.8
1973-06-15,18.364
1973-06-16,27.958
1973-06-17,42.55
1973-06-18,29.368
1973-06-19,14.155
1973-06-20,8.237
1973-06-21,6.488
1973-06-22,6.206
1973-06-23,6.55
1973-06-24,14.801
1973-06-25,40.592
1973-06-26,48.119
1973-06-27,49.749
1973-06-28,32.393
1973-06-29,21.657
1973-06-30,17.989
1973-07-01,17.692
1973-07-02,17.152
1973-07-03,17.596
1973-07-04,17.952
1973-07-05,20.259
1973-07-06,14.364
1973-07-07,15.678
1973-07-08,14.323
1973-07-09,10.702
1973-07-10,10.294
1973-07-11,9.732
1973-07-12,8.737
1973-07-13,8.694
1973-07-14,8.65
1973-07-15,9.8
1973-07-16,16.793
1973-07-17,17.695
1973-07-18,21.877
1973-07-19,17.381
1973-07-20,13.47
1973-07-21,18.432
1973-07-22,13.455
1973-07-23,13.493
1973-07-24,20.967
1973-07-25,17.06
1973-07-26,12.46
1973-07-27,10.162
1973-07-28,10.139
1973-07-29,18.496
1973-07-30,19.044
1973-07-31,22.694
1973-08-01,26.689
1973-08-02,22.473
1973-08-03,23.32
1973-08-04,20.143
1973-08-05,23.885
1973-08-06,25.216
1973-08-07,44.855
1973-08-08,37.928
1973-08-09,37.263
1973-08-10,82.439
1973-08-11,93.85
1973-08-12,78.211
1973-08-13,54.669
1973-08-14,51.429
1973-08-15,74.757
1973-08-16,67.312
1973-08-17,62.676
1973-08-18,55.66
1973-08-19,55.024
1973-08-20,49.375
1973-08-21,31.068
1973-08-22,39.391
1973-08-23,31.133
1973-08-24,33.21
1973-08-25,36.158
1973-08-26,35.202
1973-08-27,24.708
1973-08-28,21.076
1973-08-29,20.254
1973-08-30,20.561
1973-08-31,21.585
1973-09-01,24.234
1973-09-02,25.345
1973-09-03,29.39
1973-09-04,28.468
1973-09-05,23.143
1973-09-06,37.288
1973-09-07,120.371
1973-09-08,211.168
1973-09-09,240.896
1973-09-10,247.596
1973-09-11,52.349
1973-09-12,28.035
1973-09-13,24.724
1973-09-14,27.141
1973-09-15,25.49
1973-09-16,23.27
1973-09-17,26.13
1973-09-18,33.048
1973-09-19,51.661
1973-09-20,46.673
1973-09-21,39.242
1973-09-22,32.643
1973-09-23,30.336
1973-09-24,34.212
1973-09-25,45.98
1973-09-26,51.316
1973-09-27,50.426
1973-09-28,54.567
1973-09-29,64.263
1973-09-30,67.199
1973-10-01,54.307
1973-10-02,35.443
1973-10-03,30.906
1973-10-04,28.835
1973-10-05,28.668
1973-10-06,28.567
1973-10-07,27.779
1973-10-08,27.291
1973-10-09,28.209
1973-10-10,31.617
1973-10-11,51.061
1973-10-12,50.028
1973-10-13,43.741
1973-10-14,33.919
1973-10-15,27.765
1973-10-16,25.658
1973-10-17,25.403
1973-10-18,26.391
1973-10-19,29.392
1973-10-20,27.933
1973-10-21,32.376
1973-10-22,30.415
1973-10-23,28.06
1973-10-24,24.484
1973-10-25,22.934
1973-10-26,22.568
1973-10-27,22.36
1973-10-28,22.06
1973-10-29,22.151
1973-10-30,22.927
1973-10-31,25.296
1973-11-01,26.1
1973-11-02,26.858
1973-11-03,24.698
1973-11-04,21.734
1973-11-05,22.867
1973-11-06,23.176
1973-11-07,25.208
1973-11-08,33.375
1973-11-09,60.253
1973-11-10,96.436
1973-11-11,76.702
1973-11-12,74.58
1973-11-13,36.296
1973-11-14,18.478
1973-11-15,16.921
1973-11-16,16.6
1973-11-17,16.456
1973-11-18,16.555
1973-11-19,16.725
1973-11-20,17.107
1973-11-21,21.187
1973-11-22,28.794
1973-11-23,26.06
1973-11-24,27.599
1973-11-25,34.51
1973-11-26,21.209
1973-11-27,16.121
1973-11-28,14.862
1973-11-29,14.277
1973-11-30,13.971
1973-12-01,13.784
1973-12-02,13.567
1973-12-03,13.386
1973-12-04,13.21
1973-12-05,13.026
1973-12-06,12.865
1973-12-07,12.65
1973-12-08,12.462
1973-12-09,12.28
1973-12-10,12.101
1973-12-11,11.919
1973-12-12,11.747
1973-12-13,11.585
1973-12-14,11.382
1973-12-15,11.175
1973-12-16,10.967
1973-12-17,10.768
1973-12-18,10.579
1973-12-19,10.41
1973-12-20,10.282
1973-12-21,10.115
1973-12-22,9.914
1973-12-23,9.754
1973-12-24,9.632
1973-12-25,9.493
1973-12-26,9.3
1973-12-27,9.13
1973-12-28,9.011
1973-12-29,8.985
1973-12-30,9.08
1973-12-31,8.933
1974-01-01,8.827
1974-01-02,8.913
1974-01-03,8.705
1974-01-04,8.77
1974-01-05,8.879
1974-01-06,8.845
1974-01-07,8.725
1974-01-08,8.614
1974-01-09,8.669
1974-01-10,8.559
1974-01-11,8.35
1974-01-12,8.216
1974-01-13,7.954
1974-01-14,7.731
1974-01-15,7.73
1974-01-16,7.899
1974-01-17,7.614
1974-01-18,7.49
1974-01-19,7.175
1974-01-20,6.948
1974-01-21,6.834
1974-01-22,6.751
1974-01-23,6.636
1974-01-24,6.499
1974-01-25,6.351
1974-01-26,6.275
1974-01-27,6.166
1974-01-28,6.069
1974-01-29,5.972
1974-01-30,5.793
1974-01-31,5.62
1974-02-01,5.486
1974-02-02,5.38
1974-02-03,5.248
1974-02-04,5.116
1974-02-05,5.043
1974-02-06,4.983
1974-02-07,4.87
1974-02-08,4.769
1974-02-09,4.666
1974-02-10,4.6
1974-02-11,4.522
1974-02-12,4.458
1974-02-13,4.415
1974-02-14,4.319
1974-02-15,4.212
1974-02-16,4.163
1974-02-17,4.18
1974-02-18,4.236
1974-02-19,4.317
1974-02-20,4.198
1974-02-21,3.967
1974-02-22,3.788
1974-02-23,3.722
1974-02-24,3.635
1974-02-25,3.548
1974-02-26,3.466
1974-02-27,3.393
1974-02-28,3.403
1974-03-01,3.578
1974-03-02,4.029
1974-03-03,4.173
1974-03-04,3.861
1974-03-05,3.827
1974-03-06,3.871
1974-03-07,3.309
1974-03-08,3.022
1974-03-09,2.945
1974-03-10,3.012
1974-03-11,2.922
1974-03-12,2.842
1974-03-13,2.74
1974-03-14,2.651
1974-03-15,2.635
1974-03-16,2.622
1974-03-17,2.583
1974-03-18,2.568
1974-03-19,2.522
1974-03-20,2.651
1974-03-21,2.667
1974-03-22,2.787
1974-03-23,3.175
1974-03-24,3.236
1974-03-25,4.275
1974-03-26,5.75
1974-03-27,5.22
1974-03-28,7.189
1974-03-29,14.741
1974-03-30,15.924
1974-03-31,22.214
1974-04-01,27.271
1974-04-02,51.329
1974-04-03,70.42
1974-04-04,36.345
1974-04-05,16.76
1974-04-06,23.258
1974-04-07,28.438
1974-04-08,20.314
1974-04-09,18.99
1974-04-10,25.704
1974-04-11,30.756
1974-04-12,18.506
1974-04-13,7.767
1974-04-14,6.328
1974-04-15,13.04
1974-04-16,11.923
1974-04-17,10.357
1974-04-18,8.048
1974-04-19,4.502
1974-04-20,3.443
1974-04-21,3.424
1974-04-22,2.824
1974-04-23,2.667
1974-04-24,4.157
1974-04-25,3.136
1974-04-26,2.487
1974-04-27,2.191
1974-04-28,1.973
1974-04-29,1.933
1974-04-30,1.944
1974-05-01,2.508
1974-05-02,4.244
1974-05-03,10.196
1974-05-04,10.381
1974-05-05,12.958
1974-05-06,15.994
1974-05-07,28.42
1974-05-08,34.052
1974-05-09,18.691
1974-05-10,38.927
1974-05-11,51.336
1974-05-12,54.963
1974-05-13,45.569
1974-05-14,50.532
1974-05-15,34.123
1974-05-16,18.803
1974-05-17,16.503
1974-05-18,25.168
1974-05-19,13.209
1974-05-20,5.518
1974-05-21,3.945
1974-05-22,4.407
1974-05-23,5.773
1974-05-24,6.737
1974-05-25,5.563
1974-05-26,7.016
1974-05-27,8.31
1974-05-28,8.368
1974-05-29,13.167
1974-05-30,32.727
1974-05-31,45.018
1974-06-01,30.396
1974-06-02,18.411
1974-06-03,17.665
1974-06-04,15.495
1974-06-05,23.646
1974-06-06,37.43
1974-06-07,20.276
1974-06-08,7.62
1974-06-09,5.29
1974-06-10,3.907
1974-06-11,3.208
1974-06-12,3.239
1974-06-13,3.24
1974-06-14,4.061
1974-06-15,6.753
1974-06-16,8.17
1974-06-17,13.701
1974-06-18,16.295
1974-06-19,25.895
1974-06-20,42.658
1974-06-21,33.792
1974-06-22,37.192
1974-06-23,33.271
1974-06-24,34.0
1974-06-25,39.129
1974-06-26,40.379
1974-06-27,47.562
1974-06-28,34.546
1974-06-29,14.183
1974-06-30,20.722
1974-07-01,53.2
1974-07-02,56.195
1974-07-03,51.978
1974-07-04,79.927
1974-07-05,91.669
1974-07-06,72.546
1974-07-07,57.379
1974-07-08,54.974
1974-07-09,63.455
1974-07-10,67.152
1974-07-11,78.22
1974-07-12,80.385
1974-07-13,52.732
1974-07-14,42.679
1974-07-15,44.763
1974-07-16,52.682
1974-07-17,48.324
1974-07-18,48.875
1974-07-19,40.921
1974-07-20,32.805
1974-07-21,30.444
1974-07-22,33.336
1974-07-23,34.986
1974-07-24,43.536
1974-07-25,45.119
1974-07-26,39.717
1974-07-27,34.821
1974-07-28,33.145
1974-07-29,32.221
1974-07-30,32.475
1974-07-31,32.554
1974-08-01,43.244
1974-08-02,59.457
1974-08-03,55.904
1974-08-04,55.673
1974-08-05,64.892
1974-08-06,68.746
1974-08-07,65.42
1974-08-08,54.325
1974-08-09,41.654
1974-08-10,35.032
1974-08-11,32.153
1974-08-12,31.143
1974-08-13,28.588
1974-08-14,27.887
1974-08-15,27.642
1974-08-16,28.674
1974-08-17,36.409
1974-08-18,28.745
1974-08-19,28.732
1974-08-20,29.584
1974-08-21,32.867
1974-08-22,31.972
1974-08-23,41.267
1974-08-24,40.522
1974-08-25,48.928
1974-08-26,51.278
1974-08-27,81.053
1974-08-28,62.869
1974-08-29,44.882
1974-08-30,40.007
1974-08-31,53.693
1974-09-01,62.71
1974-09-02,70.328
1974-09-03,67.036
1974-09-04,75.97
1974-09-05,77.938
1974-09-06,51.023
1974-09-07,39.742
1974-09-08,37.274
1974-09-09,59.933
1974-09-10,101.865
1974-09-11,92.956
1974-09-12,90.138
1974-09-13,60.294
1974-09-14,35.948
1974-09-15,34.293
1974-09-16,39.464
1974-09-17,41.373
1974-09-18,41.746
1974-09-19,40.068
1974-09-20,46.025
1974-09-21,69.258
1974-09-22,59.29
1974-09-23,56.42
1974-09-24,49.792
1974-09-25,36.518
1974-09-26,34.362
1974-09-27,36.896
1974-09-28,34.104
1974-09-29,31.543
1974-09-30,31.077
1974-10-01,36.957
1974-10-02,36.063
1974-10-03,43.349
1974-10-04,48.258
1974-10-05,45.092
1974-10-06,46.872
1974-10-07,65.308
1974-10-08,54.155
1974-10-09,43.274
1974-10-10,34.743
1974-10-11,28.412
1974-10-12,27.642
1974-10-13,27.331
1974-10-14,27.204
1974-10-15,28.578
1974-10-16,28.66
1974-10-17,28.252
1974-10-18,27.894
1974-10-19,27.695
1974-10-20,28.796
1974-10-21,27.619
1974-10-22,29.819
1974-10-23,36.083
1974-10-24,34.307
1974-10-25,28.705
1974-10-26,24.66
1974-10-27,23.159
1974-10-28,22.717
1974-10-29,22.48
1974-10-30,22.237
1974-10-31,21.971
1974-11-01,21.45
1974-11-02,21.087
1974-11-03,21.518
1974-11-04,23.242
1974-11-05,22.719
1974-11-06,25.728
1974-11-07,22.745
1974-11-08,19.517
1974-11-09,18.785
1974-11-10,20.235
1974-11-11,18.893
1974-11-12,18.214
1974-11-13,17.723
1974-11-14,17.245
1974-11-15,16.873
1974-11-16,16.546
1974-11-17,16.249
1974-11-18,16.004
1974-11-19,15.71
1974-11-20,15.597
1974-11-21,16.902
1974-11-22,15.755
1974-11-23,14.709
1974-11-24,14.346
1974-11-25,14.038
1974-11-26,13.708
1974-11-27,13.43
1974-11-28,14.047
1974-11-29,13.431
1974-11-30,12.805
1974-12-01,12.319
1974-12-02,12.001
1974-12-03,11.738
1974-12-04,11.484
1974-12-05,11.268
1974-12-06,11.035
1974-12-07,10.87
1974-12-08,10.66
1974-12-09,10.424
1974-12-10,10.17
1974-12-11,9.932
1974-12-12,9.838
1974-12-13,9.826
1974-12-14,9.719
1974-12-15,9.67
1974-12-16,9.295
1974-12-17,9.069
1974-12-18,8.782
1974-12-19,8.448
1974-12-20,8.268
1974-12-21,8.103
1974-12-22,7.938
1974-12-23,7.76
1974-12-24,7.604
1974-12-25,7.406
1974-12-26,7.275
1974-12-27,7.162
1974-12-28,7.092
1974-12-29,7.055
1974-12-30,6.886
1974-12-31,6.957
1975-01-01,6.663
1975-01-02,6.34
1975-01-03,6.182
1975-01-04,6.092
1975-01-05,5.985
1975-01-06,5.853
1975-01-07,5.743
1975-01-08,5.622
1975-01-09,5.537
1975-01-10,5.468
1975-01-11,5.459
1975-01-12,5.52
1975-01-13,5.525
1975-01-14,5.227
1975-01-15,4.955
1975-01-16,4.865
1975-01-17,4.767
1975-01-18,4.689
1975-01-19,4.607
1975-01-20,4.489
1975-01-21,4.395
1975-01-22,4.328
1975-01-23,4.282
1975-01-24,4.216
1975-01-25,4.147
1975-01-26,4.082
1975-01-27,3.95
1975-01-28,3.873
1975-01-29,3.847
1975-01-30,3.811
1975-01-31,3.762
1975-02-01,3.743
1975-02-02,3.655
1975-02-03,3.535
1975-02-04,3.463
1975-02-05,3.43
1975-02-06,3.362
1975-02-07,3.326
1975-02-08,3.379
1975-02-09,3.215
1975-02-10,3.152
1975-02-11,3.115
1975-02-12,2.998
1975-02-13,3.15
1975-02-14,3.279
1975-02-15,3.275
1975-02-16,3.123
1975-02-17,2.916
1975-02-18,2.782
1975-02-19,2.716
1975-02-20,2.645
1975-02-21,2.592
1975-02-22,2.56
1975-02-23,2.533
1975-02-24,2.536
1975-02-25,2.579
1975-02-26,2.773
1975-02-27,2.866
1975-02-28,3.043
1975-03-01,3.144
1975-03-02,2.891
1975-03-03,2.506
1975-03-04,2.269
1975-03-05,2.269
1975-03-06,2.59
1975-03-07,2.882
1975-03-08,3.298
1975-03-09,3.863
1975-03-10,4.425
1975-03-11,5.143
1975-03-12,3.515
1975-03-13,2.209
1975-03-14,1.995
1975-03-15,2.036
1975-03-16,2.583
1975-03-17,2.707
1975-03-18,3.864
1975-03-19,4.217
1975-03-20,3.12
1975-03-21,9.307
1975-03-22,13.321
1975-03-23,10.903
1975-03-24,12.215
1975-03-25,5.145
1975-03-26,2.161
1975-03-27,1.837
1975-03-28,1.898
1975-03-29,2.035
1975-03-30,2.286
1975-03-31,18.825
1975-04-01,32.2
1975-04-02,28.07
1975-04-03,21.287
1975-04-04,9.709
1975-04-05,4.912
1975-04-06,2.89
1975-04-07,3.527
1975-04-08,10.654
1975-04-09,10.447
1975-04-10,18.143
1975-04-11,16.432
1975-04-12,10.644
1975-04-13,18.975
1975-04-14,16.88
1975-04-15,23.501
1975-04-16,26.842
1975-04-17,55.619
1975-04-18,99.883
1975-04-19,81.082
1975-04-20,61.019
1975-04-21,59.424
1975-04-22,55.698
1975-04-23,71.192
1975-04-24,107.657
1975-04-25,57.507
1975-04-26,24.525
1975-04-27,27.798
1975-04-28,13.38
1975-04-29,3.255
1975-04-30,1.668
1975-05-01,1.6
1975-05-02,1.605
1975-05-03,1.593
1975-05-04,1.925
1975-05-05,2.523
1975-05-06,3.168
1975-05-07,3.204
1975-05-08,3.613
1975-05-09,3.21
1975-05-10,5.167
1975-05-11,4.414
1975-05-12,3.642
1975-05-13,6.815
1975-05-14,10.531
1975-05-15,24.599
1975-05-16,50.515
1975-05-17,40.359
1975-05-18,38.875
1975-05-19,29.91
1975-05-20,19.226
1975-05-21,16.888
1975-05-22,12.847
1975-05-23,7.082
1975-05-24,16.336
1975-05-25,31.086
1975-05-26,22.707
1975-05-27,20.675
1975-05-28,42.856
1975-05-29,43.66
1975-05-30,34.151
1975-05-31,14.154
1975-06-01,7.405
1975-06-02,29.074
1975-06-03,29.25
1975-06-04,42.178
1975-06-05,48.957
1975-06-06,56.266
1975-06-07,44.331
1975-06-08,19.624
1975-06-09,18.253
1975-06-10,18.906
1975-06-11,10.826
1975-06-12,13.972
1975-06-13,24.688
1975-06-14,23.713
1975-06-15,20.783
1975-06-16,15.538
1975-06-17,9.973
1975-06-18,13.557
1975-06-19,18.578
1975-06-20,28.609
1975-06-21,28.13
1975-06-22,34.488
1975-06-23,54.743
1975-06-24,36.808
1975-06-25,15.293
1975-06-26,8.61
1975-06-27,8.18
1975-06-28,20.657
1975-06-29,30.51
1975-06-30,27.131
1975-07-01,16.293
1975-07-02,16.318
1975-07-03,11.344
1975-07-04,7.918
1975-07-05,7.758
1975-07-06,8.038
1975-07-07,8.052
1975-07-08,7.824
1975-07-09,9.235
1975-07-10,11.365
1975-07-11,16.246
1975-07-12,34.663
1975-07-13,48.294
1975-07-14,40.292
1975-07-15,51.196
1975-07-16,71.357
1975-07-17,61.045
1975-07-18,56.281
1975-07-19,64.813
1975-07-20,83.9
1975-07-21,64.054
1975-07-22,77.782
1975-07-23,125.363
1975-07-24,97.754
1975-07-25,84.936
1975-07-26,79.91
1975-07-27,56.301
1975-07-28,75.972
1975-07-29,67.816
1975-07-30,34.075
1975-07-31,30.997
1975-08-01,24.805
1975-08-02,24.317
1975-08-03,28.002
1975-08-04,67.689
1975-08-05,90.647
1975-08-06,72.141
1975-08-07,61.184
1975-08-08,82.752
1975-08-09,93.0
1975-08-10,89.836
1975-08-11,70.863
1975-08-12,61.946
1975-08-13,143.559
1975-08-14,152.215
1975-08-15,124.867
1975-08-16,102.948
1975-08-17,70.122
1975-08-18,48.732
1975-08-19,45.735
1975-08-20,53.232
1975-08-21,107.312
1975-08-22,168.74
1975-08-23,181.772
1975-08-24,144.394
1975-08-25,123.548
1975-08-26,105.229
1975-08-27,94.83
1975-08-28,81.178
1975-08-29,74.663
1975-08-30,76.94
1975-08-31,92.473
1975-09-01,107.175
1975-09-02,175.504
1975-09-03,182.769
1975-09-04,159.775
1975-09-05,160.755
1975-09-06,191.979
1975-09-07,191.75
1975-09-08,175.037
1975-09-09,174.517
1975-09-10,167.393
1975-09-11,186.13
1975-09-12,172.01
1975-09-13,148.319
1975-09-14,168.023
1975-09-15,163.182
1975-09-16,143.858
1975-09-17,132.787
1975-09-18,124.013
1975-09-19,147.877
1975-09-20,139.76
1975-09-21,133.861
1975-09-22,119.71
1975-09-23,96.536
1975-09-24,92.175
1975-09-25,89.851
1975-09-26,88.053
1975-09-27,85.443
1975-09-28,87.497
1975-09-29,87.633
1975-09-30,87.516
1975-10-01,93.74
1975-10-02,130.721
1975-10-03,229.476
1975-10-04,305.201
1975-10-05,307.555
1975-10-06,245.472
1975-10-07,150.833
1975-10-08,99.799
1975-10-09,91.217
1975-10-10,94.145
1975-10-11,87.181
1975-10-12,83.766
1975-10-13,82.248
1975-10-14,81.048
1975-10-15,81.21
1975-10-16,78.412
1975-10-17,75.142
1975-10-18,73.271
1975-10-19,71.811
1975-10-20,70.228
1975-10-21,69.944
1975-10-22,72.964
1975-10-23,78.892
1975-10-24,79.643
1975-10-25,75.943
1975-10-26,65.252
1975-10-27,59.901
1975-10-28,58.234
1975-10-29,57.298
1975-10-30,57.254
1975-10-31,57.24
1975-11-01,58.7
1975-11-02,54.926
1975-11-03,52.041
1975-11-04,49.615
1975-11-05,47.754
1975-11-06,46.558
1975-11-07,45.551
1975-11-08,44.627
1975-11-09,43.483
1975-11-10,42.429
1975-11-11,41.182
1975-11-12,40.104
1975-11-13,39.4
1975-11-14,39.038
1975-11-15,37.935
1975-11-16,37.152
1975-11-17,36.982
1975-11-18,37.912
1975-11-19,35.333
1975-11-20,34.541
1975-11-21,33.099
1975-11-22,31.281
1975-11-23,30.455
1975-11-24,29.663
1975-11-25,28.888
1975-11-26,28.146
1975-11-27,27.409
1975-11-28,26.632
1975-11-29,25.891
1975-11-30,25.165
1975-12-01,24.469
1975-12-02,23.785
1975-12-03,23.213
1975-12-04,22.69
1975-12-05,22.285
1975-12-06,22.966
1975-12-07,24.198
1975-12-08,25.219
1975-12-09,22.963
1975-12-10,21.169
1975-12-11,20.505
1975-12-12,19.547
1975-12-13,18.715
1975-12-14,18.44
1975-12-15,17.82
1975-12-16,17.282
1975-12-17,16.811
1975-12-18,16.431
1975-12-19,16.055
1975-12-20,15.69
1975-12-21,15.309
1975-12-22,14.963
1975-12-23,14.582
1975-12-24,14.219
1975-12-25,13.905
1975-12-26,13.569
1975-12-27,13.275
1975-12-28,12.935
1975-12-29,12.648
1975-12-30,12.353
1975-12-31,12.042
1976-01-01,11.755
1976-01-02,11.494
1976-01-03,11.386
1976-01-04,11.533
1976-01-05,11.545
1976-01-06,11.415
1976-01-07,10.606
1976-01-08,10.195
1976-01-09,9.945
1976-01-10,9.734
1976-01-11,9.555
1976-01-12,9.359
1976-01-13,9.175
1976-01-14,8.938
1976-01-15,8.727
1976-01-16,8.552
1976-01-17,8.33
1976-01-18,8.103
1976-01-19,7.934
1976-01-20,7.803
1976-01-21,7.628
1976-01-22,7.492
1976-01-23,7.361
1976-01-24,7.233
1976-01-25,7.026
1976-01-26,6.839
1976-01-27,6.696
1976-01-28,6.552
1976-01-29,6.422
1976-01-30,6.26
1976-01-31,6.14
1976-02-01,6.064
1976-02-02,5.994
1976-02-03,5.871
1976-02-04,5.746
1976-02-05,5.753
1976-02-06,5.659
1976-02-07,5.819
1976-02-08,6.677
1976-02-09,6.562
1976-02-10,7.2
1976-02-11,6.842
1976-02-12,5.46
1976-02-13,6.07
1976-02-14,5.646
1976-02-15,5.334
1976-02-16,5.137
1976-02-17,4.992
1976-02-18,4.993
1976-02-19,5.239
1976-02-20,6.769
1976-02-21,5.598
1976-02-22,4.755
1976-02-23,4.518
1976-02-24,4.405
1976-02-25,4.338
1976-02-26,4.966
1976-02-27,4.479
1976-02-28,4.761
1976-02-29,4.506
1976-03-01,4.109
1976-03-02,3.924
1976-03-03,3.838
1976-03-04,3.777
1976-03-05,3.726
1976-03-06,3.789
1976-03-07,3.865
1976-03-08,3.91
1976-03-09,3.876
1976-03-10,4.001
1976-03-11,3.66
1976-03-12,3.443
1976-03-13,3.52
1976-03-14,3.465
1976-03-15,3.403
1976-03-16,3.201
1976-03-17,3.027
1976-03-18,3.038
1976-03-19,3.125
1976-03-20,3.025
1976-03-21,3.038
1976-03-22,2.985
1976-03-23,2.893
1976-03-24,3.304
1976-03-25,3.448
1976-03-26,4.125
1976-03-27,3.764
1976-03-28,4.049
1976-03-29,3.749
1976-03-30,2.952
1976-03-31,2.722
1976-04-01,2.48
1976-04-02,2.426
1976-04-03,2.455
1976-04-04,2.442
1976-04-05,2.464
1976-04-06,3.239
1976-04-07,4.001
1976-04-08,3.919
1976-04-09,5.985
1976-04-10,5.797
1976-04-11,10.977
1976-04-12,9.951
1976-04-13,16.344
1976-04-14,15.413
1976-04-15,17.092
1976-04-16,19.472
1976-04-17,8.088
1976-04-18,5.626
1976-04-19,3.45
1976-04-20,3.358
1976-04-21,2.708
1976-04-22,3.362
1976-04-23,8.001
1976-04-24,14.165
1976-04-25,10.429
1976-04-26,6.572
1976-04-27,7.34
1976-04-28,8.668
1976-04-29,13.439
1976-04-30,12.522
1976-05-01,27.718
1976-05-02,12.365
1976-05-03,3.991
1976-05-04,18.012
1976-05-05,23.264
1976-05-06,19.745
1976-05-07,15.835
1976-05-08,8.246
1976-05-09,11.4
1976-05-10,10.416
1976-05-11,23.205
1976-05-12,45.513
1976-05-13,48.755
1976-05-14,45.549
1976-05-15,20.087
1976-05-16,9.993
1976-05-17,12.418
1976-05-18,34.603
1976-05-19,24.16
1976-05-20,49.977
1976-05-21,49.113
1976-05-22,35.025
1976-05-23,64.985
1976-05-24,66.857
1976-05-25,60.774
1976-05-26,56.553
1976-05-27,55.261
1976-05-28,76.67
1976-05-29,90.146
1976-05-30,83.023
1976-05-31,83.268
1976-06-01,40.085
1976-06-02,15.23
1976-06-03,8.27
1976-06-04,4.963
1976-06-05,5.089
1976-06-06,10.521
1976-06-07,11.955
1976-06-08,9.763
1976-06-09,10.904
1976-06-10,6.914
1976-06-11,7.641
1976-06-12,5.645
1976-06-13,4.115
1976-06-14,5.974
1976-06-15,8.67
1976-06-16,11.045
1976-06-17,12.857
1976-06-18,11.787
1976-06-19,18.256
1976-06-20,22.956
1976-06-21,31.976
1976-06-22,33.024
1976-06-23,41.742
1976-06-24,28.323
1976-06-25,16.671
1976-06-26,11.373
1976-06-27,19.737
1976-06-28,25.866
1976-06-29,18.729
1976-06-30,8.981
1976-07-01,9.822
1976-07-02,7.609
1976-07-03,4.273
1976-07-04,5.815
1976-07-05,8.018
1976-07-06,11.935
1976-07-07,20.285
1976-07-08,26.348
1976-07-09,20.787
1976-07-10,21.118
1976-07-11,21.68
1976-07-12,26.149
1976-07-13,44.358
1976-07-14,42.353
1976-07-15,49.605
1976-07-16,57.82
1976-07-17,61.587
1976-07-18,53.38
1976-07-19,41.825
1976-07-20,44.213
1976-07-21,36.146
1976-07-22,51.289
1976-07-23,69.922
1976-07-24,48.668
1976-07-25,29.191
1976-07-26,24.097
1976-07-27,17.31
1976-07-28,20.23
1976-07-29,18.793
1976-07-30,27.807
1976-07-31,29.619
1976-08-01,51.962
1976-08-02,52.899
1976-08-03,53.813
1976-08-04,71.164
1976-08-05,63.011
1976-08-06,67.493
1976-08-07,71.978
1976-08-08,45.667
1976-08-09,46.788
1976-08-10,66.623
1976-08-11,76.767
1976-08-12,70.048
1976-08-13,60.21
1976-08-14,68.494
1976-08-15,69.822
1976-08-16,66.443
1976-08-17,62.65
1976-08-18,58.747
1976-08-19,43.167
1976-08-20,39.547
1976-08-21,38.144
1976-08-22,35.196
1976-08-23,35.146
1976-08-24,34.379
1976-08-25,35.73
1976-08-26,43.255
1976-08-27,58.956
1976-08-28,91.485
1976-08-29,84.535
1976-08-30,89.866
1976-08-31,115.733
1976-09-01,115.185
1976-09-02,98.605
1976-09-03,75.979
1976-09-04,69.417
1976-09-05,70.018
1976-09-06,99.445
1976-09-07,126.366
1976-09-08,139.003
1976-09-09,107.293
1976-09-10,89.556
1976-09-11,82.304
1976-09-12,83.933
1976-09-13,76.376
1976-09-14,53.246
1976-09-15,49.382
1976-09-16,49.429
1976-09-17,48.794
1976-09-18,48.405
1976-09-19,47.615
1976-09-20,46.678
1976-09-21,45.737
1976-09-22,44.898
1976-09-23,44.075
1976-09-24,44.672
1976-09-25,47.067
1976-09-26,46.361
1976-09-27,45.157
1976-09-28,43.301
1976-09-29,40.207
1976-09-30,38.166
1976-10-01,37.068
1976-10-02,36.201
1976-10-03,35.347
1976-10-04,34.801
1976-10-05,34.151
1976-10-06,33.517
1976-10-07,33.004
1976-10-08,31.991
1976-10-09,30.715
1976-10-10,29.845
1976-10-11,29.185
1976-10-12,28.535
1976-10-13,27.632
1976-10-14,26.895
1976-10-15,26.218
1976-10-16,25.51
1976-10-17,24.855
1976-10-18,25.282
1976-10-19,27.178
1976-10-20,28.59
1976-10-21,28.795
1976-10-22,30.705
1976-10-23,25.159
1976-10-24,22.385
1976-10-25,20.954
1976-10-26,20.073
1976-10-27,19.575
1976-10-28,19.085
1976-10-29,18.705
1976-10-30,18.219
1976-10-31,17.753
1976-11-01,17.445
1976-11-02,17.164
1976-11-03,16.715
1976-11-04,16.235
1976-11-05,15.935
1976-11-06,15.608
1976-11-07,15.489
1976-11-08,15.235
1976-11-09,14.853
1976-11-10,14.578
1976-11-11,14.175
1976-11-12,14.087
1976-11-13,15.606
1976-11-14,14.071
1976-11-15,12.655
1976-11-16,12.858
1976-11-17,12.541
1976-11-18,12.534
1976-11-19,12.748
1976-11-20,14.107
1976-11-21,12.123
1976-11-22,11.252
1976-11-23,11.492
1976-11-24,12.295
1976-11-25,10.898
1976-11-26,10.609
1976-11-27,10.759
1976-11-28,11.579
1976-11-29,13.41
1976-11-30,13.845
1976-12-01,13.155
1976-12-02,11.394
1976-12-03,10.302
1976-12-04,9.262
1976-12-05,8.387
1976-12-06,8.15
1976-12-07,8.001
1976-12-08,7.878
1976-12-09,7.714
1976-12-10,7.636
1976-12-11,7.548
1976-12-12,7.442
1976-12-13,7.361
1976-12-14,7.235
1976-12-15,7.061
1976-12-16,6.888
1976-12-17,6.791
1976-12-18,6.626
1976-12-19,6.5
1976-12-20,6.323
1976-12-21,6.234
1976-12-22,6.169
1976-12-23,6.179
1976-12-24,6.08
1976-12-25,6.057
1976-12-26,5.879
1976-12-27,5.715
1976-12-28,5.626
1976-12-29,5.54
1976-12-30,5.605
1976-12-31,6.018
1977-01-01,6.849
1977-01-02,8.752
1977-01-03,7.745
1977-01-04,7.035
1977-01-05,5.763
1977-01-06,5.498
1977-01-07,5.281
1977-01-08,5.193
1977-01-09,4.926
1977-01-10,4.686
1977-01-11,4.589
1977-01-12,4.464
1977-01-13,4.343
1977-01-14,4.255
1977-01-15,4.178
1977-01-16,4.145
1977-01-17,4.411
1977-01-18,4.592
1977-01-19,4.668
1977-01-20,5.192
1977-01-21,4.897
1977-01-22,4.388
1977-01-23,4.143
1977-01-24,3.971
1977-01-25,4.009
1977-01-26,4.193
1977-01-27,5.974
1977-01-28,5.506
1977-01-29,4.159
1977-01-30,3.571
1977-01-31,3.375
1977-02-01,3.318
1977-02-02,3.287
1977-02-03,3.27
1977-02-04,3.576
1977-02-05,4.639
1977-02-06,4.08
1977-02-07,3.463
1977-02-08,3.292
1977-02-09,3.242
1977-02-10,3.127
1977-02-11,3.23
1977-02-12,4.195
1977-02-13,4.361
1977-02-14,3.921
1977-02-15,3.157
1977-02-16,2.836
1977-02-17,2.746
1977-02-18,2.748
1977-02-19,2.784
1977-02-20,2.825
1977-02-21,3.168
1977-02-22,2.99
1977-02-23,2.834
1977-02-24,3.154
1977-02-25,3.2
1977-02-26,2.758
1977-02-27,2.455
1977-02-28,2.331
1977-03-01,2.259
1977-03-02,2.369
1977-03-03,2.789
1977-03-04,3.751
1977-03-05,2.855
1977-03-06,2.508
1977-03-07,2.249
1977-03-08,2.305
1977-03-09,2.41
1977-03-10,2.655
1977-03-11,2.758
1977-03-12,3.979
1977-03-13,2.739
1977-03-14,2.242
1977-03-15,2.037
1977-03-16,1.871
1977-03-17,1.838
1977-03-18,1.809
1977-03-19,1.824
1977-03-20,2.068
1977-03-21,2.867
1977-03-22,2.387
1977-03-23,3.476
1977-03-24,2.354
1977-03-25,3.146
1977-03-26,4.819
1977-03-27,14.319
1977-03-28,15.913
1977-03-29,17.236
1977-03-30,15.462
1977-03-31,14.18
1977-04-01,13.818
1977-04-02,16.212
1977-04-03,39.588
1977-04-04,65.254
1977-04-05,86.534
1977-04-06,85.076
1977-04-07,96.476
1977-04-08,114.416
1977-04-09,84.869
1977-04-10,70.117
1977-04-11,91.104
1977-04-12,56.794
1977-04-13,15.562
1977-04-14,16.556
1977-04-15,11.69
1977-04-16,12.465
1977-04-17,12.997
1977-04-18,18.416
1977-04-19,7.099
1977-04-20,5.971
1977-04-21,7.483
1977-04-22,6.985
1977-04-23,2.661
1977-04-24,2.363
1977-04-25,2.558
1977-04-26,3.268
1977-04-27,4.077
1977-04-28,6.303
1977-04-29,24.181
1977-04-30,25.5
1977-05-01,44.239
1977-05-02,63.252
1977-05-03,69.348
1977-05-04,72.875
1977-05-05,59.182
1977-05-06,69.096
1977-05-07,87.517
1977-05-08,49.929
1977-05-09,42.308
1977-05-10,52.126
1977-05-11,33.006
1977-05-12,16.826
1977-05-13,9.81
1977-05-14,12.365
1977-05-15,13.628
1977-05-16,6.841
1977-05-17,6.327
1977-05-18,9.088
1977-05-19,10.928
1977-05-20,17.369
1977-05-21,26.892
1977-05-22,46.518
1977-05-23,58.368
1977-05-24,51.76
1977-05-25,34.451
1977-05-26,14.117
1977-05-27,10.567
1977-05-28,11.499
1977-05-29,10.502
1977-05-30,9.884
1977-05-31,8.546
1977-06-01,9.654
1977-06-02,14.923
1977-06-03,8.921
1977-06-04,8.414
1977-06-05,7.379
1977-06-06,8.858
1977-06-07,15.767
1977-06-08,19.045
1977-06-09,15.156
1977-06-10,11.929
1977-06-11,10.866
1977-06-12,14.583
1977-06-13,13.842
1977-06-14,20.398
1977-06-15,38.242
1977-06-16,48.525
1977-06-17,62.67
1977-06-18,41.12
1977-06-19,24.815
1977-06-20,25.243
1977-06-21,28.424
1977-06-22,19.312
1977-06-23,19.041
1977-06-24,32.668
1977-06-25,32.812
1977-06-26,21.203
1977-06-27,19.425
1977-06-28,17.112
1977-06-29,20.6
1977-06-30,18.335
1977-07-01,21.287
1977-07-02,30.738
1977-07-03,28.867
1977-07-04,27.231
1977-07-05,32.137
1977-07-06,47.627
1977-07-07,41.558
1977-07-08,134.022
1977-07-09,212.542
1977-07-10,71.84
1977-07-11,22.207
1977-07-12,27.68
1977-07-13,28.556
1977-07-14,32.252
1977-07-15,32.57
1977-07-16,38.628
1977-07-17,36.77
1977-07-18,35.863
1977-07-19,42.427
1977-07-20,30.443
1977-07-21,29.062
1977-07-22,27.81
1977-07-23,24.89
1977-07-24,23.334
1977-07-25,23.825
1977-07-26,24.17
1977-07-27,22.947
1977-07-28,22.842
1977-07-29,24.096
1977-07-30,24.559
1977-07-31,24.348
1977-08-01,27.006
1977-08-02,36.166
1977-08-03,41.419
1977-08-04,35.441
1977-08-05,43.254
1977-08-06,102.175
1977-08-07,165.117
1977-08-08,73.991
1977-08-09,43.819
1977-08-10,40.346
1977-08-11,35.22
1977-08-12,29.25
1977-08-13,29.068
1977-08-14,40.693
1977-08-15,45.361
1977-08-16,39.267
1977-08-17,34.958
1977-08-18,32.81
1977-08-19,29.1
1977-08-20,27.082
1977-08-21,26.801
1977-08-22,25.564
1977-08-23,25.193
1977-08-24,25.475
1977-08-25,27.263
1977-08-26,45.745
1977-08-27,51.005
1977-08-28,83.896
1977-08-29,95.88
1977-08-30,133.011
1977-08-31,104.942
1977-09-01,62.591
1977-09-02,36.8
1977-09-03,29.581
1977-09-04,26.397
1977-09-05,26.745
1977-09-06,26.864
1977-09-07,27.125
1977-09-08,27.102
1977-09-09,27.233
1977-09-10,31.642
1977-09-11,27.904
1977-09-12,27.915
1977-09-13,29.005
1977-09-14,27.316
1977-09-15,26.058
1977-09-16,27.585
1977-09-17,28.12
1977-09-18,35.605
1977-09-19,32.604
1977-09-20,36.353
1977-09-21,46.185
1977-09-22,43.072
1977-09-23,47.263
1977-09-24,33.105
1977-09-25,22.975
1977-09-26,22.149
1977-09-27,21.905
1977-09-28,21.647
1977-09-29,21.366
1977-09-30,21.101
1977-10-01,20.812
1977-10-02,20.512
1977-10-03,20.214
1977-10-04,19.922
1977-10-05,19.732
1977-10-06,19.489
1977-10-07,19.089
1977-10-08,18.757
1977-10-09,18.784
1977-10-10,18.545
1977-10-11,18.301
1977-10-12,17.853
1977-10-13,17.54
1977-10-14,19.098
1977-10-15,18.71
1977-10-16,21.507
1977-10-17,23.376
1977-10-18,24.075
1977-10-19,28.855
1977-10-20,32.947
1977-10-21,52.808
1977-10-22,57.982
1977-10-23,65.737
1977-10-24,66.176
1977-10-25,40.668
1977-10-26,51.622
1977-10-27,58.072
1977-10-28,41.97
1977-10-29,38.776
1977-10-30,46.428
1977-10-31,32.106
1977-11-01,29.489
1977-11-02,45.552
1977-11-03,33.52
1977-11-04,38.71
1977-11-05,49.751
1977-11-06,45.24
1977-11-07,56.695
1977-11-08,42.36
1977-11-09,38.485
1977-11-10,43.728
1977-11-11,28.04
1977-11-12,22.474
1977-11-13,21.585
1977-11-14,20.782
1977-11-15,21.28
1977-11-16,23.086
1977-11-17,22.439
1977-11-18,28.008
1977-11-19,33.626
1977-11-20,30.959
1977-11-21,40.045
1977-11-22,46.475
1977-11-23,42.548
1977-11-24,35.738
1977-11-25,40.995
1977-11-26,38.815
1977-11-27,26.394
1977-11-28,29.183
1977-11-29,28.142
1977-11-30,23.05
1977-12-01,21.17
1977-12-02,20.934
1977-12-03,20.848
1977-12-04,20.757
1977-12-05,20.671
1977-12-06,20.552
1977-12-07,20.366
1977-12-08,20.266
1977-12-09,20.258
1977-12-10,20.098
1977-12-11,20.221
1977-12-12,19.868
1977-12-13,19.519
1977-12-14,19.322
1977-12-15,19.575
1977-12-16,19.599
1977-12-17,19.553
1977-12-18,19.166
1977-12-19,18.625
1977-12-20,18.063
1977-12-21,17.778
1977-12-22,17.528
1977-12-23,17.489
1977-12-24,17.51
1977-12-25,17.372
1977-12-26,17.003
1977-12-27,16.779
1977-12-28,16.353
1977-12-29,16.011
1977-12-30,15.709
1977-12-31,15.417
1978-01-01,15.295
1978-01-02,15.006
1978-01-03,14.734
1978-01-04,14.512
1978-01-05,14.242
1978-01-06,14.031
1978-01-07,13.755
1978-01-08,13.47
1978-01-09,13.235
1978-01-10,13.029
1978-01-11,12.891
1978-01-12,12.678
1978-01-13,12.48
1978-01-14,12.083
1978-01-15,11.789
1978-01-16,11.58
1978-01-17,11.384
1978-01-18,11.645
1978-01-19,12.169
1978-01-20,12.448
1978-01-21,16.315
1978-01-22,19.254
1978-01-23,15.906
1978-01-24,16.676
1978-01-25,15.225
1978-01-26,12.135
1978-01-27,9.983
1978-01-28,9.673
1978-01-29,9.387
1978-01-30,9.241
1978-01-31,9.077
1978-02-01,8.9
1978-02-02,8.728
1978-02-03,8.6
1978-02-04,8.468
1978-02-05,8.335
1978-02-06,8.192
1978-02-07,8.048
1978-02-08,7.962
1978-02-09,7.818
1978-02-10,7.678
1978-02-11,7.658
1978-02-12,7.762
1978-02-13,7.362
1978-02-14,7.218
1978-02-15,7.068
1978-02-16,7.141
1978-02-17,7.907
1978-02-18,8.292
1978-02-19,9.181
1978-02-20,14.777
1978-02-21,21.38
1978-02-22,14.597
1978-02-23,16.532
1978-02-24,20.64
1978-02-25,30.753
1978-02-26,32.93
1978-02-27,52.184
1978-02-28,60.766
1978-03-01,33.894
1978-03-02,15.785
1978-03-03,10.324
1978-03-04,8.924
1978-03-05,8.588
1978-03-06,10.993
1978-03-07,8.812
1978-03-08,15.545
1978-03-09,12.44
1978-03-10,29.367
1978-03-11,29.261
1978-03-12,23.373
1978-03-13,24.367
1978-03-14,83.383
1978-03-15,121.618
1978-03-16,100.174
1978-03-17,99.574
1978-03-18,68.818
1978-03-19,17.785
1978-03-20,7.405
1978-03-21,6.818
1978-03-22,8.81
1978-03-23,20.48
1978-03-24,15.89
1978-03-25,29.095
1978-03-26,52.435
1978-03-27,40.382
1978-03-28,29.843
1978-03-29,17.047
1978-03-30,8.549
1978-03-31,7.825
1978-04-01,8.997
1978-04-02,9.901
1978-04-03,13.488
1978-04-04,19.143
1978-04-05,24.955
1978-04-06,15.587
1978-04-07,11.379
1978-04-08,27.882
1978-04-09,38.956
1978-04-10,42.007
1978-04-11,28.677
1978-04-12,12.11
1978-04-13,9.595
1978-04-14,12.681
1978-04-15,79.05
1978-04-16,101.04
1978-04-17,70.742
1978-04-18,34.567
1978-04-19,22.603
1978-04-20,15.598
1978-04-21,11.422
1978-04-22,10.326
1978-04-23,10.506
1978-04-24,13.151
1978-04-25,18.87
1978-04-26,29.157
1978-04-27,23.076
1978-04-28,17.22
1978-04-29,16.455
1978-04-30,25.592
1978-05-01,27.56
1978-05-02,27.803
1978-05-03,43.314
1978-05-04,39.638
1978-05-05,32.612
1978-05-06,32.903
1978-05-07,29.901
1978-05-08,45.169
1978-05-09,54.655
1978-05-10,57.288
1978-05-11,65.935
1978-05-12,59.419
1978-05-13,39.06
1978-05-14,37.372
1978-05-15,34.602
1978-05-16,31.718
1978-05-17,36.828
1978-05-18,35.491
1978-05-19,21.889
1978-05-20,19.938
1978-05-21,19.595
1978-05-22,20.481
1978-05-23,21.448
1978-05-24,23.413
1978-05-25,24.955
1978-05-26,22.808
1978-05-27,19.446
1978-05-28,18.659
1978-05-29,18.313
1978-05-30,18.326
1978-05-31,17.892
1978-06-01,17.517
1978-06-02,17.145
1978-06-03,16.876
1978-06-04,16.617
1978-06-05,16.438
1978-06-06,16.582
1978-06-07,16.533
1978-06-08,16.97
1978-06-09,17.099
1978-06-10,21.415
1978-06-11,27.177
1978-06-12,36.785
1978-06-13,29.819
1978-06-14,24.467
1978-06-15,41.226
1978-06-16,36.142
1978-06-17,19.689
1978-06-18,16.985
1978-06-19,21.781
1978-06-20,25.543
1978-06-21,24.215
1978-06-22,21.631
1978-06-23,24.825
1978-06-24,34.798
1978-06-25,36.97
1978-06-26,46.299
1978-06-27,36.288
1978-06-28,24.233
1978-06-29,20.118
1978-06-30,33.967
1978-07-01,37.628
1978-07-02,30.111
1978-07-03,52.573
1978-07-04,68.171
1978-07-05,64.48
1978-07-06,34.688
1978-07-07,21.823
1978-07-08,22.649
1978-07-09,24.145
1978-07-10,43.924
1978-07-11,37.508
1978-07-12,25.925
1978-07-13,27.562
1978-07-14,24.399
1978-07-15,42.786
1978-07-16,42.69
1978-07-17,34.248
1978-07-18,42.986
1978-07-19,47.806
1978-07-20,49.115
1978-07-21,33.888
1978-07-22,21.399
1978-07-23,17.232
1978-07-24,17.376
1978-07-25,17.73
1978-07-26,17.892
1978-07-27,18.947
1978-07-28,18.791
1978-07-29,19.147
1978-07-30,20.232
1978-07-31,21.605
1978-08-01,21.529
1978-08-02,25.257
1978-08-03,43.28
1978-08-04,42.582
1978-08-05,47.652
1978-08-06,61.622
1978-08-07,65.057
1978-08-08,39.801
1978-08-09,36.687
1978-08-10,30.54
1978-08-11,23.803
1978-08-12,22.662
1978-08-13,24.62
1978-08-14,38.347
1978-08-15,62.363
1978-08-16,80.553
1978-08-17,92.546
1978-08-18,68.494
1978-08-19,83.622
1978-08-20,106.244
1978-08-21,105.386
1978-08-22,97.596
1978-08-23,76.186
1978-08-24,61.881
1978-08-25,48.971
1978-08-26,40.302
1978-08-27,40.278
1978-08-28,39.169
1978-08-29,38.71
1978-08-30,39.056
1978-08-31,39.518
1978-09-01,45.603
1978-09-02,46.648
1978-09-03,54.817
1978-09-04,64.751
1978-09-05,48.325
1978-09-06,43.424
1978-09-07,44.912
1978-09-08,43.187
1978-09-09,40.153
1978-09-10,43.631
1978-09-11,38.108
1978-09-12,38.047
1978-09-13,38.15
1978-09-14,37.561
1978-09-15,36.822
1978-09-16,34.923
1978-09-17,33.891
1978-09-18,33.44
1978-09-19,32.898
1978-09-20,32.471
1978-09-21,31.9
1978-09-22,31.351
1978-09-23,31.262
1978-09-24,32.511
1978-09-25,33.41
1978-09-26,31.163
1978-09-27,31.976
1978-09-28,31.905
1978-09-29,31.202
1978-09-30,35.361
1978-10-01,34.017
1978-10-02,29.381
1978-10-03,29.094
1978-10-04,28.511
1978-10-05,27.574
1978-10-06,26.659
1978-10-07,24.871
1978-10-08,24.217
1978-10-09,25.71
1978-10-10,28.858
1978-10-11,36.998
1978-10-12,47.219
1978-10-13,53.114
1978-10-14,38.545
1978-10-15,26.333
1978-10-16,21.528
1978-10-17,21.008
1978-10-18,20.704
1978-10-19,20.474
1978-10-20,21.076
1978-10-21,22.947
1978-10-22,23.576
1978-10-23,23.345
1978-10-24,28.07
1978-10-25,29.017
1978-10-26,36.7
1978-10-27,42.85
1978-10-28,50.226
1978-10-29,55.986
1978-10-30,45.896
1978-10-31,45.103
1978-11-01,47.632
1978-11-02,46.003
1978-11-03,61.741
1978-11-04,38.844
1978-11-05,19.247
1978-11-06,17.82
1978-11-07,17.502
1978-11-08,17.338
1978-11-09,17.166
1978-11-10,16.956
1978-11-11,16.906
1978-11-12,18.932
1978-11-13,24.732
1978-11-14,20.563
1978-11-15,21.678
1978-11-16,36.744
1978-11-17,27.877
1978-11-18,19.362
1978-11-19,25.73
1978-11-20,28.883
1978-11-21,26.7
1978-11-22,30.382
1978-11-23,27.951
1978-11-24,25.67
1978-11-25,20.35
1978-11-26,18.421
1978-11-27,18.872
1978-11-28,17.145
1978-11-29,16.457
1978-11-30,16.329
1978-12-01,16.151
1978-12-02,15.987
1978-12-03,15.852
1978-12-04,15.637
1978-12-05,15.428
1978-12-06,15.263
1978-12-07,15.107
1978-12-08,14.92
1978-12-09,14.734
1978-12-10,14.551
1978-12-11,15.417
1978-12-12,15.52
1978-12-13,15.43
1978-12-14,14.344
1978-12-15,14.078
1978-12-16,14.34
1978-12-17,14.056
1978-12-18,13.267
1978-12-19,13.49
1978-12-20,16.287
1978-12-21,14.603
1978-12-22,12.698
1978-12-23,12.168
1978-12-24,11.989
1978-12-25,13.849
1978-12-26,13.344
1978-12-27,13.063
1978-12-28,12.888
1978-12-29,12.96
1978-12-30,11.959
1978-12-31,10.905
1979-01-01,10.504
1979-01-02,9.301
1979-01-03,8.964
1979-01-04,8.958
1979-01-05,9.115
1979-01-06,8.968
1979-01-07,8.789
1979-01-08,8.618
1979-01-09,8.437
1979-01-10,8.304
1979-01-11,8.165
1979-01-12,8.008
1979-01-13,7.884
1979-01-14,7.772
1979-01-15,7.633
1979-01-16,7.573
1979-01-17,7.482
1979-01-18,7.385
1979-01-19,7.193
1979-01-20,6.969
1979-01-21,6.814
1979-01-22,6.7
1979-01-23,7.243
1979-01-24,7.952
1979-01-25,8.853
1979-01-26,9.28
1979-01-27,7.887
1979-01-28,7.094
1979-01-29,8.337
1979-01-30,13.669
1979-01-31,9.932
1979-02-01,12.462
1979-02-02,14.041
1979-02-03,10.911
1979-02-04,8.341
1979-02-05,7.219
1979-02-06,7.382
1979-02-07,6.662
1979-02-08,6.004
1979-02-09,7.003
1979-02-10,7.91
1979-02-11,6.123
1979-02-12,5.965
1979-02-13,6.335
1979-02-14,6.338
1979-02-15,9.011
1979-02-16,6.727
1979-02-17,6.304
1979-02-18,5.211
1979-02-19,5.015
1979-02-20,9.305
1979-02-21,8.838
1979-02-22,14.039
1979-02-23,10.916
1979-02-24,8.181
1979-02-25,16.003
1979-02-26,15.22
1979-02-27,10.493
1979-02-28,7.093
1979-03-01,5.102
1979-03-02,4.44
1979-03-03,4.282
1979-03-04,4.213
1979-03-05,4.178
1979-03-06,4.1
1979-03-07,4.041
1979-03-08,4.03
1979-03-09,4.037
1979-03-10,3.99
1979-03-11,4.16
1979-03-12,4.32
1979-03-13,4.672
1979-03-14,6.4
1979-03-15,6.001
1979-03-16,6.547
1979-03-17,5.156
1979-03-18,7.027
1979-03-19,12.068
1979-03-20,13.609
1979-03-21,13.317
1979-03-22,11.199
1979-03-23,16.036
1979-03-24,8.181
1979-03-25,5.472
1979-03-26,6.859
1979-03-27,8.29
1979-03-28,6.568
1979-03-29,4.544
1979-03-30,11.09
1979-03-31,11.783
1979-04-01,11.908
1979-04-02,16.146
1979-04-03,25.308
1979-04-04,31.692
1979-04-05,27.401
1979-04-06,39.892
1979-04-07,77.434
1979-04-08,290.333
1979-04-09,182.616
1979-04-10,114.592
1979-04-11,47.661
1979-04-12,49.112
1979-04-13,46.564
1979-04-14,62.82
1979-04-15,36.079
1979-04-16,12.937
1979-04-17,10.327
1979-04-18,8.623
1979-04-19,7.53
1979-04-20,7.363
1979-04-21,7.352
1979-04-22,7.427
1979-04-23,7.806
1979-04-24,7.698
1979-04-25,7.721
1979-04-26,8.015
1979-04-27,11.214
1979-04-28,23.325
1979-04-29,16.787
1979-04-30,36.213
1979-05-01,40.975
1979-05-02,33.386
1979-05-03,29.17
1979-05-04,18.143
1979-05-05,21.732
1979-05-06,25.784
1979-05-07,41.326
1979-05-08,27.935
1979-05-09,17.845
1979-05-10,19.13
1979-05-11,76.913
1979-05-12,67.518
1979-05-13,29.502
1979-05-14,39.684
1979-05-15,41.682
1979-05-16,30.985
1979-05-17,20.774
1979-05-18,13.722
1979-05-19,12.049
1979-05-20,11.345
1979-05-21,11.485
1979-05-22,11.916
1979-05-23,12.043
1979-05-24,13.109
1979-05-25,13.248
1979-05-26,12.853
1979-05-27,13.19
1979-05-28,15.242
1979-05-29,16.603
1979-05-30,14.186
1979-05-31,20.985
1979-06-01,16.34
1979-06-02,12.298
1979-06-03,12.06
1979-06-04,15.548
1979-06-05,22.29
1979-06-06,22.76
1979-06-07,32.253
1979-06-08,41.3
1979-06-09,27.685
1979-06-10,47.135
1979-06-11,50.27
1979-06-12,25.61
1979-06-13,16.066
1979-06-14,28.562
1979-06-15,27.617
1979-06-16,20.778
1979-06-17,19.856
1979-06-18,15.418
1979-06-19,12.823
1979-06-20,12.91
1979-06-21,13.301
1979-06-22,13.268
1979-06-23,14.651
1979-06-24,16.977
1979-06-25,17.759
1979-06-26,15.321
1979-06-27,12.103
1979-06-28,16.523
1979-06-29,21.456
1979-06-30,18.918
1979-07-01,17.856
1979-07-02,13.475
1979-07-03,11.545
1979-07-04,15.747
1979-07-05,15.061
1979-07-06,14.732
1979-07-07,20.345
1979-07-08,22.205
1979-07-09,17.86
1979-07-10,22.849
1979-07-11,16.875
1979-07-12,12.003
1979-07-13,11.54
1979-07-14,18.499
1979-07-15,18.271
1979-07-16,15.565
1979-07-17,13.799
1979-07-18,10.903
1979-07-19,11.95
1979-07-20,10.497
1979-07-21,9.025
1979-07-22,8.838
1979-07-23,8.67
1979-07-24,8.598
1979-07-25,9.102
1979-07-26,9.836
1979-07-27,10.68
1979-07-28,11.506
1979-07-29,10.717
1979-07-30,10.68
1979-07-31,9.862
1979-08-01,9.592
1979-08-02,11.247
1979-08-03,10.921
1979-08-04,10.171
1979-08-05,10.84
1979-08-06,11.57
1979-08-07,15.333
1979-08-08,26.915
1979-08-09,35.072
1979-08-10,37.029
1979-08-11,37.228
1979-08-12,30.105
1979-08-13,22.064
1979-08-14,16.83
1979-08-15,15.093
1979-08-16,19.814
1979-08-17,29.127
1979-08-18,16.122
1979-08-19,8.78
1979-08-20,8.111
1979-08-21,7.428
1979-08-22,6.987
1979-08-23,6.892
1979-08-24,6.886
1979-08-25,6.94
1979-08-26,6.914
1979-08-27,6.927
1979-08-28,6.859
1979-08-29,6.767
1979-08-30,6.733
1979-08-31,6.804
1979-09-01,6.984
1979-09-02,7.206
1979-09-03,6.918
1979-09-04,6.658
1979-09-05,6.861
1979-09-06,6.769
1979-09-07,7.079
1979-09-08,7.029
1979-09-09,7.018
1979-09-10,6.625
1979-09-11,6.2
1979-09-12,6.028
1979-09-13,5.916
1979-09-14,5.744
1979-09-15,5.618
1979-09-16,5.548
1979-09-17,5.549
1979-09-18,5.752
1979-09-19,5.651
1979-09-20,5.571
1979-09-21,5.53
1979-09-22,5.743
1979-09-23,5.746
1979-09-24,6.123
1979-09-25,6.657
1979-09-26,6.736
1979-09-27,6.52
1979-09-28,7.779
1979-09-29,10.485
1979-09-30,7.984
1979-10-01,8.798
1979-10-02,8.924
1979-10-03,6.771
1979-10-04,5.901
1979-10-05,5.064
1979-10-06,4.626
1979-10-07,4.502
1979-10-08,4.382
1979-10-09,4.313
1979-10-10,4.266
1979-10-11,4.217
1979-10-12,4.105
1979-10-13,4.057
1979-10-14,4.022
1979-10-15,3.977
1979-10-16,3.989
1979-10-17,3.934
1979-10-18,3.982
1979-10-19,4.01
1979-10-20,3.889
1979-10-21,3.743
1979-10-22,3.616
1979-10-23,3.63
1979-10-24,4.548
1979-10-25,6.331
1979-10-26,6.823
1979-10-27,7.206
1979-10-28,5.358
1979-10-29,3.902
1979-10-30,3.549
1979-10-31,3.663
1979-11-01,3.829
1979-11-02,3.513
1979-11-03,5.179
1979-11-04,12.17
1979-11-05,15.492
1979-11-06,11.467
1979-11-07,7.813
1979-11-08,8.529
1979-11-09,6.412
1979-11-10,4.407
1979-11-11,4.641
1979-11-12,4.043
1979-11-13,3.276
1979-11-14,3.332
1979-11-15,3.024
1979-11-16,2.71
1979-11-17,2.642
1979-11-18,2.598
1979-11-19,2.544
1979-11-20,2.512
1979-11-21,2.492
1979-11-22,3.052
1979-11-23,4.283
1979-11-24,3.875
1979-11-25,4.187
1979-11-26,3.779
1979-11-27,3.632
1979-11-28,2.78
1979-11-29,2.329
1979-11-30,2.212
1979-12-01,2.241
1979-12-02,2.219
1979-12-03,2.187
1979-12-04,2.183
1979-12-05,2.238
1979-12-06,2.128
1979-12-07,2.076
1979-12-08,2.057
1979-12-09,2.265
1979-12-10,2.895
1979-12-11,3.589
1979-12-12,3.394
1979-12-13,2.595
1979-12-14,2.22
1979-12-15,2.052
1979-12-16,1.943
1979-12-17,1.955
1979-12-18,2.527
1979-12-19,2.406
1979-12-20,1.954
1979-12-21,1.911
1979-12-22,1.97
1979-12-23,1.902
1979-12-24,1.939
1979-12-25,2.25
1979-12-26,2.207
1979-12-27,3.021
1979-12-28,2.641
1979-12-29,2.279
1979-12-30,2.834
1979-12-31,3.463
1980-01-01,5.862
1980-01-02,6.339
1980-01-03,4.017
1980-01-04,1.815
1980-01-05,1.491
1980-01-06,1.483
1980-01-07,1.48
1980-01-08,1.464
1980-01-09,1.44
1980-01-10,1.427
1980-01-11,1.409
1980-01-12,1.394
1980-01-13,1.376
1980-01-14,1.394
1980-01-15,1.38
1980-01-16,1.34
1980-01-17,1.334
1980-01-18,1.328
1980-01-19,1.304
1980-01-20,1.285
1980-01-21,1.284
1980-01-22,1.25
1980-01-23,1.213
1980-01-24,1.237
1980-01-25,1.523
1980-01-26,1.525
1980-01-27,1.678
1980-01-28,1.648
1980-01-29,1.265
1980-01-30,1.131
1980-01-31,1.133
1980-02-01,1.245
1980-02-02,1.533
1980-02-03,1.529
1980-02-04,1.266
1980-02-05,1.077
1980-02-06,0.971
1980-02-07,0.97
1980-02-08,0.97
1980-02-09,0.954
1980-02-10,0.968
1980-02-11,1.055
1980-02-12,1.026
1980-02-13,0.94
1980-02-14,0.927
1980-02-15,1.044
1980-02-16,1.063
1980-02-17,1.008
1980-02-18,0.896
1980-02-19,0.86
1980-02-20,0.842
1980-02-21,0.826
1980-02-22,0.828
1980-02-23,0.827
1980-02-24,0.824
1980-02-25,0.828
1980-02-26,0.84
1980-02-27,0.83
1980-02-28,0.93
1980-02-29,0.99
1980-03-01,1.135
1980-03-02,1.594
1980-03-03,1.946
1980-03-04,2.163
1980-03-05,2.574
1980-03-06,2.425
1980-03-07,1.629
1980-03-08,1.064
1980-03-09,1.56
1980-03-10,1.549
1980-03-11,1.244
1980-03-12,1.121
1980-03-13,1.445
1980-03-14,1.742
1980-03-15,1.903
1980-03-16,1.95
1980-03-17,1.37
1980-03-18,0.791
1980-03-19,0.676
1980-03-20,0.648
1980-03-21,0.591
1980-03-22,0.572
1980-03-23,0.581
1980-03-24,0.565
1980-03-25,0.598
1980-03-26,0.8
1980-03-27,1.658
1980-03-28,2.753
1980-03-29,1.807
1980-03-30,1.551
1980-03-31,1.957
1980-04-01,1.338
1980-04-02,1.705
1980-04-03,2.044
1980-04-04,0.742
1980-04-05,0.693
1980-04-06,0.722
1980-04-07,0.924
1980-04-08,3.633
1980-04-09,5.411
1980-04-10,13.892
1980-04-11,9.444
1980-04-12,6.283
1980-04-13,4.399
1980-04-14,10.643
1980-04-15,33.149
1980-04-16,25.754
1980-04-17,53.666
1980-04-18,74.966
1980-04-19,38.817
1980-04-20,14.436
1980-04-21,20.968
1980-04-22,22.333
1980-04-23,15.767
1980-04-24,18.818
1980-04-25,13.96
1980-04-26,2.365
1980-04-27,0.852
1980-04-28,0.694
1980-04-29,0.83
1980-04-30,0.86
1980-05-01,1.157
1980-05-02,3.708
1980-05-03,8.375
1980-05-04,28.655
1980-05-05,46.985
1980-05-06,50.65
1980-05-07,51.849
1980-05-08,39.074
1980-05-09,34.436
1980-05-10,43.232
1980-05-11,39.91
1980-05-12,47.085
1980-05-13,68.089
1980-05-14,118.955
1980-05-15,82.166
1980-05-16,69.505
1980-05-17,47.494
1980-05-18,12.168
1980-05-19,9.318
1980-05-20,7.701
1980-05-21,15.286
1980-05-22,36.236
1980-05-23,59.048
1980-05-24,83.538
1980-05-25,67.653
1980-05-26,54.687
1980-05-27,51.986
1980-05-28,27.001
1980-05-29,3.719
1980-05-30,7.062
1980-05-31,11.849
1980-06-01,12.485
1980-06-02,22.463
1980-06-03,12.954
1980-06-04,6.185
1980-06-05,2.916
1980-06-06,1.84
1980-06-07,1.649
1980-06-08,1.851
1980-06-09,4.09
1980-06-10,10.601
1980-06-11,15.101
1980-06-12,10.146
1980-06-13,5.259
1980-06-14,3.982
1980-06-15,3.36
1980-06-16,3.596
1980-06-17,8.095
1980-06-18,7.377
1980-06-19,3.768
1980-06-20,6.428
1980-06-21,10.32
1980-06-22,16.126
1980-06-23,22.511
1980-06-24,19.919
1980-06-25,16.953
1980-06-26,10.899
1980-06-27,16.552
1980-06-28,13.27
1980-06-29,9.288
1980-06-30,17.838
1980-07-01,24.498
1980-07-02,32.731
1980-07-03,38.514
1980-07-04,48.711
1980-07-05,73.914
1980-07-06,27.691
1980-07-07,24.999
1980-07-08,26.081
1980-07-09,19.677
1980-07-10,11.67
1980-07-11,8.475
1980-07-12,16.881
1980-07-13,19.153
1980-07-14,16.368
1980-07-15,14.744
1980-07-16,11.493
1980-07-17,12.796
1980-07-18,8.513
1980-07-19,3.323
1980-07-20,2.664
1980-07-21,2.846
1980-07-22,2.957
1980-07-23,3.099
1980-07-24,3.712
1980-07-25,3.802
1980-07-26,3.729
1980-07-27,3.532
1980-07-28,3.301
1980-07-29,3.266
1980-07-30,3.533
1980-07-31,4.061
1980-08-01,3.819
1980-08-02,3.68
1980-08-03,3.742
1980-08-04,5.926
1980-08-05,6.584
1980-08-06,7.475
1980-08-07,25.643
1980-08-08,38.778
1980-08-09,40.913
1980-08-10,25.925
1980-08-11,19.549
1980-08-12,15.06
1980-08-13,8.407
1980-08-14,4.696
1980-08-15,6.73
1980-08-16,7.445
1980-08-17,6.31
1980-08-18,5.58
1980-08-19,4.227
1980-08-20,4.324
1980-08-21,4.61
1980-08-22,4.83
1980-08-23,4.584
1980-08-24,4.392
1980-08-25,7.065
1980-08-26,8.318
1980-08-27,9.275
1980-08-28,12.231
1980-08-29,15.327
1980-08-30,10.578
1980-08-31,6.274
1980-09-01,4.497
1980-09-02,3.395
1980-09-03,3.141
1980-09-04,3.65
1980-09-05,5.007
1980-09-06,7.275
1980-09-07,23.946
1980-09-08,27.055
1980-09-09,16.442
1980-09-10,7.596
1980-09-11,5.341
1980-09-12,4.976
1980-09-13,5.026
1980-09-14,6.218
1980-09-15,6.527
1980-09-16,4.934
1980-09-17,5.482
1980-09-18,4.443
1980-09-19,3.455
1980-09-20,3.428
1980-09-21,6.744
1980-09-22,6.671
1980-09-23,9.744
1980-09-24,13.329
1980-09-25,8.675
1980-09-26,5.316
1980-09-27,4.988
1980-09-28,5.195
1980-09-29,4.669
1980-09-30,3.5
1980-10-01,3.188
1980-10-02,3.438
1980-10-03,3.009
1980-10-04,2.894
1980-10-05,2.898
1980-10-06,2.974
1980-10-07,3.774
1980-10-08,3.773
1980-10-09,3.475
1980-10-10,3.316
1980-10-11,3.028
1980-10-12,2.962
1980-10-13,3.157
1980-10-14,4.749
1980-10-15,13.576
1980-10-16,11.302
1980-10-17,11.172
1980-10-18,6.775
1980-10-19,6.289
1980-10-20,14.267
1980-10-21,13.417
1980-10-22,12.021
1980-10-23,6.661
1980-10-24,3.322
1980-10-25,2.808
1980-10-26,2.72
1980-10-27,2.874
1980-10-28,2.952
1980-10-29,3.05
1980-10-30,3.576
1980-10-31,3.155
1980-11-01,3.296
1980-11-02,3.141
1980-11-03,3.021
1980-11-04,2.678
1980-11-05,2.771
1980-11-06,4.975
1980-11-07,5.046
1980-11-08,4.73
1980-11-09,3.32
1980-11-10,2.794
1980-11-11,4.233
1980-11-12,10.12
1980-11-13,12.439
1980-11-14,12.813
1980-11-15,9.415
1980-11-16,9.732
1980-11-17,15.168
1980-11-18,14.793
1980-11-19,18.672
1980-11-20,11.018
1980-11-21,7.852
1980-11-22,6.038
1980-11-23,5.322
1980-11-24,5.108
1980-11-25,4.209
1980-11-26,2.895
1980-11-27,2.755
1980-11-28,4.3
1980-11-29,3.593
1980-11-30,3.288
1980-12-01,2.886
1980-12-02,2.728
1980-12-03,2.671
1980-12-04,2.665
1980-12-05,2.659
1980-12-06,2.675
1980-12-07,3.088
1980-12-08,4.74
1980-12-09,3.907
1980-12-10,3.335
1980-12-11,2.905
1980-12-12,2.875
1980-12-13,2.924
1980-12-14,2.887
1980-12-15,2.596
1980-12-16,2.513
1980-12-17,2.475
1980-12-18,2.435
1980-12-19,2.375
1980-12-20,2.365
1980-12-21,2.395
1980-12-22,2.397
1980-12-23,2.359
1980-12-24,2.301
1980-12-25,2.235
1980-12-26,2.239
1980-12-27,2.245
1980-12-28,2.232
1980-12-29,2.206
1980-12-30,2.194
1980-12-31,2.161
1981-01-01,2.129
1981-01-02,2.125
1981-01-03,2.197
1981-01-04,2.357
1981-01-05,2.37
1981-01-06,2.36
1981-01-07,2.307
1981-01-08,2.341
1981-01-09,2.425
1981-01-10,2.171
1981-01-11,1.934
1981-01-12,1.897
1981-01-13,1.883
1981-01-14,1.835
1981-01-15,1.785
1981-01-16,1.785
1981-01-17,1.764
1981-01-18,1.77
1981-01-19,1.76
1981-01-20,1.733
1981-01-21,1.707
1981-01-22,1.688
1981-01-23,1.678
1981-01-24,1.666
1981-01-25,1.654
1981-01-26,1.648
1981-01-27,1.633
1981-01-28,1.594
1981-01-29,1.573
1981-01-30,1.577
1981-01-31,1.593
1981-02-01,1.561
1981-02-02,1.499
1981-02-03,1.459
1981-02-04,1.434
1981-02-05,1.417
1981-02-06,1.434
1981-02-07,1.395
1981-02-08,1.322
1981-02-09,1.3
1981-02-10,1.299
1981-02-11,1.281
1981-02-12,1.262
1981-02-13,1.235
1981-02-14,1.245
1981-02-15,1.236
1981-02-16,1.448
1981-02-17,1.953
1981-02-18,2.192
1981-02-19,2.907
1981-02-20,6.766
1981-02-21,3.579
1981-02-22,3.842
1981-02-23,1.743
1981-02-24,1.117
1981-02-25,1.055
1981-02-26,1.06
1981-02-27,1.06
1981-02-28,1.089
1981-03-01,1.072
1981-03-02,1.018
1981-03-03,0.978
1981-03-04,0.977
1981-03-05,1.033
1981-03-06,1.053
1981-03-07,1.032
1981-03-08,1.016
1981-03-09,0.98
1981-03-10,1.043
1981-03-11,1.128
1981-03-12,1.061
1981-03-13,1.632
1981-03-14,2.067
1981-03-15,1.992
1981-03-16,2.835
1981-03-17,3.497
1981-03-18,5.493
1981-03-19,8.834
1981-03-20,12.746
1981-03-21,16.889
1981-03-22,14.839
1981-03-23,10.955
1981-03-24,10.105
1981-03-25,15.472
1981-03-26,22.081
1981-03-27,50.677
1981-03-28,32.562
1981-03-29,34.923
1981-03-30,55.431
1981-03-31,58.282
1981-04-01,47.66
1981-04-02,26.485
1981-04-03,30.433
1981-04-04,40.415
1981-04-05,22.753
1981-04-06,21.585
1981-04-07,17.793
1981-04-08,16.309
1981-04-09,7.895
1981-04-10,6.71
1981-04-11,9.925
1981-04-12,26.73
1981-04-13,57.19
1981-04-14,81.306
1981-04-15,87.53
1981-04-16,64.745
1981-04-17,56.962
1981-04-18,12.967
1981-04-19,10.346
1981-04-20,18.015
1981-04-21,23.936
1981-04-22,26.592
1981-04-23,42.126
1981-04-24,26.61
1981-04-25,15.449
1981-04-26,26.281
1981-04-27,19.921
1981-04-28,14.999
1981-04-29,12.605
1981-04-30,10.672
1981-05-01,7.248
1981-05-02,5.87
1981-05-03,10.477
1981-05-04,7.547
1981-05-05,9.415
1981-05-06,19.639
1981-05-07,36.9
1981-05-08,43.225
1981-05-09,67.098
1981-05-10,46.822
1981-05-11,30.941
1981-05-12,29.125
1981-05-13,18.536
1981-05-14,9.647
1981-05-15,15.683
1981-05-16,25.912
1981-05-17,47.641
1981-05-18,52.356
1981-05-19,51.221
1981-05-20,29.179
1981-05-21,12.215
1981-05-22,6.671
1981-05-23,6.323
1981-05-24,6.241
1981-05-25,5.559
1981-05-26,5.272
1981-05-27,5.675
1981-05-28,5.343
1981-05-29,5.488
1981-05-30,5.111
1981-05-31,10.023
1981-06-01,13.606
1981-06-02,12.676
1981-06-03,9.134
1981-06-04,11.228
1981-06-05,11.764
1981-06-06,8.833
1981-06-07,7.403
1981-06-08,6.494
1981-06-09,6.352
1981-06-10,7.676
1981-06-11,9.646
1981-06-12,6.835
1981-06-13,6.52
1981-06-14,5.586
1981-06-15,4.67
1981-06-16,4.685
1981-06-17,4.599
1981-06-18,4.629
1981-06-19,4.695
1981-06-20,4.783
1981-06-21,8.026
1981-06-22,9.748
1981-06-23,8.377
1981-06-24,6.775
1981-06-25,9.709
1981-06-26,34.042
1981-06-27,43.637
1981-06-28,30.766
1981-06-29,15.79
1981-06-30,16.581
1981-07-01,24.954
1981-07-02,31.696
1981-07-03,27.552
1981-07-04,31.132
1981-07-05,26.39
1981-07-06,22.738
1981-07-07,9.485
1981-07-08,4.578
1981-07-09,4.369
1981-07-10,6.126
1981-07-11,16.236
1981-07-12,18.759
1981-07-13,20.641
1981-07-14,24.901
1981-07-15,16.723
1981-07-16,18.397
1981-07-17,37.945
1981-07-18,51.698
1981-07-19,60.771
1981-07-20,66.305
1981-07-21,71.783
1981-07-22,57.968
1981-07-23,29.157
1981-07-24,45.254
1981-07-25,50.824
1981-07-26,43.287
1981-07-27,45.257
1981-07-28,38.16
1981-07-29,25.787
1981-07-30,19.062
1981-07-31,20.875
1981-08-01,22.437
1981-08-02,37.917
1981-08-03,55.323
1981-08-04,93.518
1981-08-05,106.343
1981-08-06,101.87
1981-08-07,73.458
1981-08-08,44.23
1981-08-09,34.027
1981-08-10,37.635
1981-08-11,46.985
1981-08-12,31.721
1981-08-13,31.555
1981-08-14,57.572
1981-08-15,76.765
1981-08-16,86.33
1981-08-17,77.84
1981-08-18,74.427
1981-08-19,61.997
1981-08-20,41.277
1981-08-21,36.356
1981-08-22,43.574
1981-08-23,47.397
1981-08-24,62.433
1981-08-25,55.678
1981-08-26,36.728
1981-08-27,33.408
1981-08-28,39.671
1981-08-29,68.141
1981-08-30,76.98
1981-08-31,58.056
1981-09-01,57.795
1981-09-02,68.462
1981-09-03,77.748
1981-09-04,59.49
1981-09-05,53.79
1981-09-06,47.526
1981-09-07,47.4
1981-09-08,57.584
1981-09-09,55.863
1981-09-10,56.08
1981-09-11,48.89
1981-09-12,56.222
1981-09-13,60.069
1981-09-14,53.802
1981-09-15,54.361
1981-09-16,51.192
1981-09-17,48.18
1981-09-18,58.955
1981-09-19,55.807
1981-09-20,74.061
1981-09-21,87.699
1981-09-22,73.045
1981-09-23,56.433
1981-09-24,49.622
1981-09-25,42.565
1981-09-26,46.31
1981-09-27,42.14
1981-09-28,49.022
1981-09-29,59.064
1981-09-30,69.254
1981-10-01,54.7
1981-10-02,46.516
1981-10-03,46.754
1981-10-04,47.109
1981-10-05,40.382
1981-10-06,36.796
1981-10-07,35.795
1981-10-08,35.19
1981-10-09,34.745
1981-10-10,34.405
1981-10-11,34.198
1981-10-12,33.709
1981-10-13,33.334
1981-10-14,33.038
1981-10-15,32.168
1981-10-16,31.456
1981-10-17,31.028
1981-10-18,30.854
1981-10-19,31.2
1981-10-20,31.988
1981-10-21,32.941
1981-10-22,35.362
1981-10-23,43.428
1981-10-24,35.857
1981-10-25,32.277
1981-10-26,54.212
1981-10-27,55.973
1981-10-28,55.242
1981-10-29,43.33
1981-10-30,29.345
1981-10-31,24.948
1981-11-01,24.925
1981-11-02,26.262
1981-11-03,25.725
1981-11-04,25.839
1981-11-05,24.831
1981-11-06,23.265
1981-11-07,22.771
1981-11-08,23.119
1981-11-09,24.395
1981-11-10,24.151
1981-11-11,23.425
1981-11-12,22.832
1981-11-13,21.247
1981-11-14,19.957
1981-11-15,19.368
1981-11-16,19.079
1981-11-17,18.796
1981-11-18,18.532
1981-11-19,18.195
1981-11-20,17.927
1981-11-21,17.699
1981-11-22,20.176
1981-11-23,41.506
1981-11-24,57.502
1981-11-25,54.56
1981-11-26,35.063
1981-11-27,19.123
1981-11-28,16.386
1981-11-29,15.599
1981-11-30,15.431
1981-12-01,15.228
1981-12-02,14.774
1981-12-03,14.406
1981-12-04,14.13
1981-12-05,13.891
1981-12-06,14.128
1981-12-07,15.628
1981-12-08,13.983
1981-12-09,13.444
1981-12-10,12.957
1981-12-11,12.62
1981-12-12,12.388
1981-12-13,12.172
1981-12-14,11.94
1981-12-15,11.725
1981-12-16,11.499
1981-12-17,11.41
1981-12-18,11.542
1981-12-19,11.488
1981-12-20,11.713
1981-12-21,11.085
1981-12-22,10.658
1981-12-23,10.398
1981-12-24,10.078
1981-12-25,9.844
1981-12-26,9.7
1981-12-27,9.538
1981-12-28,9.427
1981-12-29,9.318
1981-12-30,9.122
1981-12-31,8.881
1982-01-01,8.747
1982-01-02,8.647
1982-01-03,8.591
1982-01-04,8.404
1982-01-05,8.258
1982-01-06,8.174
1982-01-07,7.927
1982-01-08,7.692
1982-01-09,7.514
1982-01-10,7.35
1982-01-11,7.19
1982-01-12,7.069
1982-01-13,7.023
1982-01-14,7.029
1982-01-15,6.955
1982-01-16,6.927
1982-01-17,7.223
1982-01-18,6.925
1982-01-19,6.752
1982-01-20,6.472
1982-01-21,6.093
1982-01-22,5.935
1982-01-23,5.811
1982-01-24,5.729
1982-01-25,5.661
1982-01-26,5.565
1982-01-27,5.418
1982-01-28,5.323
1982-01-29,5.24
1982-01-30,5.25
1982-01-31,5.386
1982-02-01,5.465
1982-02-02,6.015
1982-02-03,5.751
1982-02-04,5.382
1982-02-05,5.486
1982-02-06,5.335
1982-02-07,4.675
1982-02-08,4.449
1982-02-09,4.35
1982-02-10,4.293
1982-02-11,4.232
1982-02-12,4.155
1982-02-13,4.111
1982-02-14,4.008
1982-02-15,3.941
1982-02-16,3.888
1982-02-17,3.841
1982-02-18,3.873
1982-02-19,3.988
1982-02-20,3.906
1982-02-21,3.898
1982-02-22,3.702
1982-02-23,3.52
1982-02-24,3.409
1982-02-25,3.366
1982-02-26,3.338
1982-02-27,3.385
1982-02-28,3.553
1982-03-01,3.393
1982-03-02,3.596
1982-03-03,3.556
1982-03-04,3.449
1982-03-05,3.63
1982-03-06,3.642
1982-03-07,3.383
1982-03-08,3.445
1982-03-09,3.429
1982-03-10,5.272
1982-03-11,4.005
1982-03-12,2.875
1982-03-13,2.662
1982-03-14,2.577
1982-03-15,2.533
1982-03-16,2.509
1982-03-17,2.497
1982-03-18,2.45
1982-03-19,2.415
1982-03-20,2.37
1982-03-21,2.555
1982-03-22,2.865
1982-03-23,2.872
1982-03-24,2.742
1982-03-25,2.47
1982-03-26,2.239
1982-03-27,2.147
1982-03-28,2.125
1982-03-29,2.504
1982-03-30,2.425
1982-03-31,3.562
1982-04-01,7.819
1982-04-02,6.238
1982-04-03,4.57
1982-04-04,4.164
1982-04-05,3.23
1982-04-06,2.504
1982-04-07,2.469
1982-04-08,3.542
1982-04-09,4.66
1982-04-10,5.221
1982-04-11,6.473
1982-04-12,3.372
1982-04-13,2.419
1982-04-14,2.688
1982-04-15,3.588
1982-04-16,5.406
1982-04-17,11.691
1982-04-18,9.058
1982-04-19,16.357
1982-04-20,34.188
1982-04-21,25.532
1982-04-22,34.646
1982-04-23,39.782
1982-04-24,18.927
1982-04-25,17.9
1982-04-26,25.774
1982-04-27,51.641
1982-04-28,68.478
1982-04-29,38.526
1982-04-30,19.135
1982-05-01,12.574
1982-05-02,10.726
1982-05-03,14.466
1982-05-04,9.042
1982-05-05,4.961
1982-05-06,10.596
1982-05-07,13.767
1982-05-08,26.601
1982-05-09,38.514
1982-05-10,117.617
1982-05-11,125.328
1982-05-12,82.11
1982-05-13,81.245
1982-05-14,89.638
1982-05-15,105.269
1982-05-16,91.782
1982-05-17,88.401
1982-05-18,75.505
1982-05-19,38.738
1982-05-20,21.502
1982-05-21,24.898
1982-05-22,13.309
1982-05-23,15.375
1982-05-24,8.71
1982-05-25,3.953
1982-05-26,5.134
1982-05-27,9.648
1982-05-28,23.34
1982-05-29,27.91
1982-05-30,13.02
1982-05-31,13.046
1982-06-01,37.248
1982-06-02,33.298
1982-06-03,22.44
1982-06-04,16.479
1982-06-05,7.8
1982-06-06,4.268
1982-06-07,3.376
1982-06-08,7.455
1982-06-09,5.217
1982-06-10,4.777
1982-06-11,6.175
1982-06-12,5.607
1982-06-13,10.448
1982-06-14,18.308
1982-06-15,12.632
1982-06-16,11.678
1982-06-17,12.575
1982-06-18,18.948
1982-06-19,34.292
1982-06-20,38.259
1982-06-21,71.851
1982-06-22,67.834
1982-06-23,33.57
1982-06-24,24.523
1982-06-25,31.104
1982-06-26,43.465
1982-06-27,46.235
1982-06-28,44.658
1982-06-29,37.154
1982-06-30,18.307
1982-07-01,16.621
1982-07-02,9.772
1982-07-03,7.083
1982-07-04,8.283
1982-07-05,11.087
1982-07-06,16.042
1982-07-07,17.374
1982-07-08,14.312
1982-07-09,11.959
1982-07-10,14.006
1982-07-11,11.265
1982-07-12,7.751
1982-07-13,7.367
1982-07-14,7.496
1982-07-15,10.916
1982-07-16,19.455
1982-07-17,25.254
1982-07-18,22.025
1982-07-19,21.641
1982-07-20,19.15
1982-07-21,11.558
1982-07-22,8.354
1982-07-23,9.756
1982-07-24,14.746
1982-07-25,20.74
1982-07-26,32.434
1982-07-27,45.656
1982-07-28,47.609
1982-07-29,32.295
1982-07-30,16.505
1982-07-31,16.876
1982-08-01,15.328
1982-08-02,12.18
1982-08-03,12.372
1982-08-04,19.505
1982-08-05,28.745
1982-08-06,38.361
1982-08-07,25.635
1982-08-08,17.338
1982-08-09,14.599
1982-08-10,14.155
1982-08-11,13.126
1982-08-12,13.095
1982-08-13,14.957
1982-08-14,24.418
1982-08-15,23.699
1982-08-16,20.442
1982-08-17,23.339
1982-08-18,29.913
1982-08-19,36.794
1982-08-20,30.575
1982-08-21,37.745
1982-08-22,32.025
1982-08-23,79.847
1982-08-24,73.706
1982-08-25,28.312
1982-08-26,19.141
1982-08-27,19.702
1982-08-28,28.772
1982-08-29,18.388
1982-08-30,15.186
1982-08-31,14.794
1982-09-01,14.83
1982-09-02,14.899
1982-09-03,14.978
1982-09-04,15.178
1982-09-05,15.443
1982-09-06,15.693
1982-09-07,15.515
1982-09-08,15.228
1982-09-09,14.722
1982-09-10,14.48
1982-09-11,14.398
1982-09-12,14.324
1982-09-13,14.264
1982-09-14,14.3
1982-09-15,14.905
1982-09-16,15.028
1982-09-17,16.364
1982-09-18,15.629
1982-09-19,15.125
1982-09-20,15.307
1982-09-21,17.004
1982-09-22,24.298
1982-09-23,17.625
1982-09-24,16.072
1982-09-25,17.173
1982-09-26,20.688
1982-09-27,21.482
1982-09-28,14.765
1982-09-29,13.404
1982-09-30,13.59
1982-10-01,15.613
1982-10-02,17.09
1982-10-03,13.952
1982-10-04,13.418
1982-10-05,12.95
1982-10-06,13.026
1982-10-07,12.501
1982-10-08,12.365
1982-10-09,12.772
1982-10-10,15.158
1982-10-11,17.996
1982-10-12,20.863
1982-10-13,27.603
1982-10-14,38.109
1982-10-15,27.572
1982-10-16,22.597
1982-10-17,38.002
1982-10-18,49.357
1982-10-19,42.057
1982-10-20,40.35
1982-10-21,43.544
1982-10-22,40.886
1982-10-23,18.571
1982-10-24,11.477
1982-10-25,11.354
1982-10-26,11.9
1982-10-27,23.705
1982-10-28,22.772
1982-10-29,38.942
1982-10-30,33.708
1982-10-31,31.231
1982-11-01,29.125
1982-11-02,30.825
1982-11-03,51.644
1982-11-04,73.274
1982-11-05,76.092
1982-11-06,49.853
1982-11-07,31.032
1982-11-08,24.245
1982-11-09,20.488
1982-11-10,31.483
1982-11-11,41.972
1982-11-12,41.32
1982-11-13,36.663
1982-11-14,32.654
1982-11-15,28.268
1982-11-16,24.289
1982-11-17,20.774
1982-11-18,20.562
1982-11-19,20.459
1982-11-20,20.149
1982-11-21,20.035
1982-11-22,20.262
1982-11-23,20.667
1982-11-24,25.079
1982-11-25,34.924
1982-11-26,27.828
1982-11-27,31.304
1982-11-28,41.156
1982-11-29,35.677
1982-11-30,27.447
1982-12-01,32.419
1982-12-02,33.045
1982-12-03,24.112
1982-12-04,21.696
1982-12-05,24.37
1982-12-06,21.925
1982-12-07,19.14
1982-12-08,18.782
1982-12-09,18.815
1982-12-10,18.592
1982-12-11,18.175
1982-12-12,17.924
1982-12-13,18.1
1982-12-14,18.737
1982-12-15,22.595
1982-12-16,25.904
1982-12-17,20.643
1982-12-18,17.39
1982-12-19,16.808
1982-12-20,16.61
1982-12-21,16.429
1982-12-22,16.265
1982-12-23,16.074
1982-12-24,15.885
1982-12-25,15.732
1982-12-26,15.523
1982-12-27,15.305
1982-12-28,15.15
1982-12-29,14.961
1982-12-30,14.794
1982-12-31,14.603
1983-01-01,14.459
1983-01-02,14.284
1983-01-03,14.099
1983-01-04,13.892
1983-01-05,13.715
1983-01-06,13.64
1983-01-07,13.834
1983-01-08,13.766
1983-01-09,13.498
1983-01-10,13.41
1983-01-11,12.978
1983-01-12,12.578
1983-01-13,12.338
1983-01-14,12.137
1983-01-15,11.994
1983-01-16,11.835
1983-01-17,11.631
1983-01-18,11.519
1983-01-19,11.379
1983-01-20,11.238
1983-01-21,11.074
1983-01-22,10.901
1983-01-23,10.734
1983-01-24,10.598
1983-01-25,10.427
1983-01-26,10.278
1983-01-27,10.153
1983-01-28,10.05
1983-01-29,9.958
1983-01-30,9.838
1983-01-31,9.812
1983-02-01,9.676
1983-02-02,9.552
1983-02-03,9.596
1983-02-04,9.59
1983-02-05,9.296
1983-02-06,8.957
1983-02-07,8.679
1983-02-08,8.529
1983-02-09,8.39
1983-02-10,8.224
1983-02-11,8.08
1983-02-12,7.955
1983-02-13,7.816
1983-02-14,7.696
1983-02-15,7.577
1983-02-16,7.479
1983-02-17,7.488
1983-02-18,7.592
1983-02-19,7.491
1983-02-20,7.699
1983-02-21,7.805
1983-02-22,7.791
1983-02-23,7.744
1983-02-24,7.062
1983-02-25,6.586
1983-02-26,6.426
1983-02-27,6.305
1983-02-28,6.215
1983-03-01,6.125
1983-03-02,6.006
1983-03-03,5.858
1983-03-04,5.785
1983-03-05,5.71
1983-03-06,5.615
1983-03-07,5.494
1983-03-08,5.4
1983-03-09,5.291
1983-03-10,5.281
1983-03-11,5.207
1983-03-12,5.095
1983-03-13,5.191
1983-03-14,5.281
1983-03-15,5.226
1983-03-16,5.427
1983-03-17,5.48
1983-03-18,5.796
1983-03-19,6.228
1983-03-20,5.96
1983-03-21,5.485
1983-03-22,4.814
1983-03-23,4.392
1983-03-24,4.34
1983-03-25,4.406
1983-03-26,4.411
1983-03-27,4.377
1983-03-28,4.286
1983-03-29,4.156
1983-03-30,3.991
1983-03-31,4.055
1983-04-01,4.368
1983-04-02,5.88
1983-04-03,8.387
1983-04-04,5.837
1983-04-05,5.777
1983-04-06,8.303
1983-04-07,14.81
1983-04-08,12.643
1983-04-09,11.23
1983-04-10,9.456
1983-04-11,5.676
1983-04-12,4.208
1983-04-13,3.829
1983-04-14,3.82
1983-04-15,5.666
1983-04-16,13.403
1983-04-17,16.55
1983-04-18,17.683
1983-04-19,15.32
1983-04-20,17.432
1983-04-21,7.912
1983-04-22,4.126
1983-04-23,5.259
1983-04-24,6.765
1983-04-25,5.581
1983-04-26,6.209
1983-04-27,9.705
1983-04-28,14.138
1983-04-29,9.707
1983-04-30,15.35
1983-05-01,12.472
1983-05-02,7.13
1983-05-03,6.944
1983-05-04,6.609
1983-05-05,4.958
1983-05-06,9.798
1983-05-07,22.729
1983-05-08,20.362
1983-05-09,24.96
1983-05-10,34.493
1983-05-11,30.955
1983-05-12,38.709
1983-05-13,21.553
1983-05-14,9.579
1983-05-15,7.525
1983-05-16,7.573
1983-05-17,5.385
1983-05-18,6.595
1983-05-19,4.681
1983-05-20,4.193
1983-05-21,5.925
1983-05-22,10.53
1983-05-23,25.451
1983-05-24,24.904
1983-05-25,27.77
1983-05-26,32.197
1983-05-27,19.59
1983-05-28,15.83
1983-05-29,20.198
1983-05-30,18.898
1983-05-31,16.191
1983-06-01,9.342
1983-06-02,6.032
1983-06-03,5.45
1983-06-04,4.538
1983-06-05,4.123
1983-06-06,4.726
1983-06-07,4.769
1983-06-08,5.494
1983-06-09,5.742
1983-06-10,4.258
1983-06-11,4.202
1983-06-12,5.273
1983-06-13,5.84
1983-06-14,6.475
1983-06-15,7.097
1983-06-16,8.502
1983-06-17,7.96
1983-06-18,8.465
1983-06-19,9.103
1983-06-20,10.127
1983-06-21,20.588
1983-06-22,43.838
1983-06-23,69.801
1983-06-24,59.322
1983-06-25,58.067
1983-06-26,46.102
1983-06-27,35.505
1983-06-28,39.725
1983-06-29,37.221
1983-06-30,46.987
1983-07-01,39.231
1983-07-02,29.196
1983-07-03,42.494
1983-07-04,26.133
1983-07-05,15.492
1983-07-06,9.4
1983-07-07,7.454
1983-07-08,7.509
1983-07-09,7.633
1983-07-10,7.97
1983-07-11,7.831
1983-07-12,7.704
1983-07-13,7.69
1983-07-14,7.969
1983-07-15,8.786
1983-07-16,9.335
1983-07-17,9.916
1983-07-18,27.394
1983-07-19,58.428
1983-07-20,59.262
1983-07-21,65.229
1983-07-22,49.73
1983-07-23,20.262
1983-07-24,10.481
1983-07-25,8.94
1983-07-26,10.332
1983-07-27,25.017
1983-07-28,31.947
1983-07-29,81.797
1983-07-30,104.212
1983-07-31,102.93
1983-08-01,75.455
1983-08-02,65.432
1983-08-03,84.085
1983-08-04,43.063
1983-08-05,19.519
1983-08-06,23.185
1983-08-07,20.54
1983-08-08,23.397
1983-08-09,19.78
1983-08-10,20.993
1983-08-11,32.023
1983-08-12,53.28
1983-08-13,51.081
1983-08-14,95.202
1983-08-15,116.926
1983-08-16,186.193
1983-08-17,612.834
1983-08-18,385.951
1983-08-19,101.848
1983-08-20,114.901
1983-08-21,107.487
1983-08-22,70.878
1983-08-23,67.237
1983-08-24,99.753
1983-08-25,116.802
1983-08-26,119.965
1983-08-27,114.755
1983-08-28,134.46
1983-08-29,142.498
1983-08-30,139.348
1983-08-31,114.862
1983-09-01,117.77
1983-09-02,147.715
1983-09-03,152.855
1983-09-04,160.329
1983-09-05,218.043
1983-09-06,169.399
1983-09-07,131.79
1983-09-08,111.886
1983-09-09,147.039
1983-09-10,174.951
1983-09-11,164.677
1983-09-12,141.373
1983-09-13,118.618
1983-09-14,103.882
1983-09-15,100.316
1983-09-16,98.322
1983-09-17,110.84
1983-09-18,106.815
1983-09-19,132.817
1983-09-20,160.475
1983-09-21,226.327
1983-09-22,215.362
1983-09-23,178.104
1983-09-24,162.332
1983-09-25,99.453
1983-09-26,84.124
1983-09-27,84.622
1983-09-28,92.656
1983-09-29,91.596
1983-09-30,115.928
1983-10-01,94.568
1983-10-02,83.151
1983-10-03,84.145
1983-10-04,102.491
1983-10-05,94.192
1983-10-06,274.721
1983-10-07,620.235
1983-10-08,513.504
1983-10-09,614.912
1983-10-10,1169.781
1983-10-11,589.07
1983-10-12,207.345
1983-10-13,204.966
1983-10-14,156.039
1983-10-15,138.425
1983-10-16,132.729
1983-10-17,128.773
1983-10-18,137.585
1983-10-19,151.437
1983-10-20,146.92
1983-10-21,131.575
1983-10-22,109.857
1983-10-23,103.288
1983-10-24,115.586
1983-10-25,115.405
1983-10-26,145.993
1983-10-27,145.332
1983-10-28,95.741
1983-10-29,82.941
1983-10-30,86.389
1983-10-31,84.88
1983-11-01,81.255
1983-11-02,77.352
1983-11-03,74.013
1983-11-04,69.039
1983-11-05,66.459
1983-11-06,64.788
1983-11-07,64.105
1983-11-08,62.744
1983-11-09,60.397
1983-11-10,59.069
1983-11-11,57.141
1983-11-12,55.109
1983-11-13,53.228
1983-11-14,52.757
1983-11-15,63.337
1983-11-16,63.312
1983-11-17,66.378
1983-11-18,67.002
1983-11-19,69.723
1983-11-20,64.192
1983-11-21,60.336
1983-11-22,53.064
1983-11-23,43.095
1983-11-24,41.346
1983-11-25,41.478
1983-11-26,40.569
1983-11-27,39.79
1983-11-28,38.48
1983-11-29,38.204
1983-11-30,37.862
1983-12-01,36.456
1983-12-02,35.358
1983-12-03,34.41
1983-12-04,33.718
1983-12-05,32.991
1983-12-06,32.251
1983-12-07,31.556
1983-12-08,30.826
1983-12-09,30.164
1983-12-10,29.474
1983-12-11,28.795
1983-12-12,28.137
1983-12-13,27.509
1983-12-14,26.91
1983-12-15,26.302
1983-12-16,25.735
1983-12-17,25.141
1983-12-18,24.543
1983-12-19,24.067
1983-12-20,23.732
1983-12-21,23.453
1983-12-22,24.504
1983-12-23,22.744
1983-12-24,21.95
1983-12-25,21.32
1983-12-26,20.808
1983-12-27,20.314
1983-12-28,19.878
1983-12-29,19.463
1983-12-30,18.97
1983-12-31,18.506
1984-01-01,18.126
1984-01-02,17.776
1984-01-03,17.41
1984-01-04,17.048
1984-01-05,16.708
1984-01-06,16.343
1984-01-07,16.01
1984-01-08,15.686
1984-01-09,15.358
1984-01-10,15.212
1984-01-11,16.338
1984-01-12,15.562
1984-01-13,14.975
1984-01-14,14.45
1984-01-15,13.85
1984-01-16,13.45
1984-01-17,13.24
1984-01-18,12.948
1984-01-19,12.613
1984-01-20,12.35
1984-01-21,12.071
1984-01-22,11.858
1984-01-23,11.657
1984-01-24,11.437
1984-01-25,11.179
1984-01-26,10.979
1984-01-27,10.814
1984-01-28,10.618
1984-01-29,10.427
1984-01-30,10.234
1984-01-31,10.054
1984-02-01,9.896
1984-02-02,9.78
1984-02-03,9.658
1984-02-04,9.395
1984-02-05,9.181
1984-02-06,9.014
1984-02-07,8.87
1984-02-08,8.732
1984-02-09,8.633
1984-02-10,8.531
1984-02-11,8.41
1984-02-12,8.227
1984-02-13,7.972
1984-02-14,7.77
1984-02-15,7.621
1984-02-16,7.498
1984-02-17,7.358
1984-02-18,7.21
1984-02-19,7.07
1984-02-20,6.965
1984-02-21,6.854
1984-02-22,6.72
1984-02-23,6.622
1984-02-24,6.485
1984-02-25,6.376
1984-02-26,6.269
1984-02-27,6.177
1984-02-28,6.14
1984-02-29,6.362
1984-03-01,6.718
1984-03-02,6.425
1984-03-03,6.559
1984-03-04,6.32
1984-03-05,5.695
1984-03-06,5.453
1984-03-07,5.366
1984-03-08,5.301
1984-03-09,5.172
1984-03-10,5.07
1984-03-11,4.984
1984-03-12,4.942
1984-03-13,5.095
1984-03-14,5.638
1984-03-15,6.347
1984-03-16,8.262
1984-03-17,8.265
1984-03-18,6.126
1984-03-19,5.099
1984-03-20,4.647
1984-03-21,4.304
1984-03-22,4.237
1984-03-23,4.175
1984-03-24,4.084
1984-03-25,4.06
1984-03-26,4.055
1984-03-27,4.242
1984-03-28,5.531
1984-03-29,6.024
1984-03-30,5.442
1984-03-31,4.85
1984-04-01,4.895
1984-04-02,5.857
1984-04-03,6.645
1984-04-04,5.951
1984-04-05,10.886
1984-04-06,15.15
1984-04-07,13.451
1984-04-08,7.813
1984-04-09,4.91
1984-04-10,14.948
1984-04-11,24.579
1984-04-12,23.552
1984-04-13,26.542
1984-04-14,16.849
1984-04-15,15.615
1984-04-16,18.795
1984-04-17,16.761
1984-04-18,28.914
1984-04-19,22.09
1984-04-20,8.331
1984-04-21,8.242
1984-04-22,9.595
1984-04-23,12.775
1984-04-24,16.318
1984-04-25,53.277
1984-04-26,51.545
1984-04-27,41.354
1984-04-28,52.959
1984-04-29,33.641
1984-04-30,12.895
1984-05-01,4.041
1984-05-02,3.622
1984-05-03,3.377
1984-05-04,3.587
1984-05-05,3.842
1984-05-06,3.298
1984-05-07,3.392
1984-05-08,4.157
1984-05-09,7.054
1984-05-10,18.227
1984-05-11,21.389
1984-05-12,25.581
1984-05-13,24.678
1984-05-14,20.542
1984-05-15,13.998
1984-05-16,9.068
1984-05-17,9.98
1984-05-18,7.859
1984-05-19,12.358
1984-05-20,14.64
1984-05-21,12.527
1984-05-22,7.98
1984-05-23,5.072
1984-05-24,3.93
1984-05-25,3.436
1984-05-26,3.374
1984-05-27,3.313
1984-05-28,3.5
1984-05-29,4.292
1984-05-30,3.523
1984-05-31,6.433
1984-06-01,5.769
1984-06-02,5.272
1984-06-03,7.791
1984-06-04,8.17
1984-06-05,6.489
1984-06-06,4.065
1984-06-07,3.666
1984-06-08,4.401
1984-06-09,3.962
1984-06-10,2.943
1984-06-11,4.427
1984-06-12,3.92
1984-06-13,3.499
1984-06-14,3.708
1984-06-15,3.341
1984-06-16,5.488
1984-06-17,10.493
1984-06-18,10.201
1984-06-19,16.678
1984-06-20,29.42
1984-06-21,48.82
1984-06-22,27.971
1984-06-23,17.478
1984-06-24,17.509
1984-06-25,17.759
1984-06-26,12.412
1984-06-27,18.867
1984-06-28,16.964
1984-06-29,4.855
1984-06-30,2.825
1984-07-01,2.83
1984-07-02,2.773
1984-07-03,2.742
1984-07-04,3.354
1984-07-05,4.208
1984-07-06,5.749
1984-07-07,6.357
1984-07-08,5.889
1984-07-09,4.754
1984-07-10,3.663
1984-07-11,4.266
1984-07-12,4.784
1984-07-13,7.65
1984-07-14,13.41
1984-07-15,22.531
1984-07-16,28.647
1984-07-17,21.526
1984-07-18,118.238
1984-07-19,322.885
1984-07-20,277.553
1984-07-21,362.125
1984-07-22,184.506
1984-07-23,94.037
1984-07-24,88.613
1984-07-25,56.276
1984-07-26,32.3
1984-07-27,21.73
1984-07-28,18.915
1984-07-29,15.696
1984-07-30,12.008
1984-07-31,11.667
1984-08-01,16.26
1984-08-02,16.642
1984-08-03,12.547
1984-08-04,13.057
1984-08-05,11.258
1984-08-06,11.888
1984-08-07,13.96
1984-08-08,17.457
1984-08-09,16.87
1984-08-10,20.319
1984-08-11,20.017
1984-08-12,14.26
1984-08-13,11.745
1984-08-14,11.535
1984-08-15,11.724
1984-08-16,13.917
1984-08-17,13.799
1984-08-18,22.757
1984-08-19,22.49
1984-08-20,23.638
1984-08-21,28.19
1984-08-22,40.347
1984-08-23,20.798
1984-08-24,12.654
1984-08-25,10.969
1984-08-26,10.75
1984-08-27,10.683
1984-08-28,10.784
1984-08-29,11.462
1984-08-30,12.619
1984-08-31,14.758
1984-09-01,15.539
1984-09-02,16.141
1984-09-03,11.821
1984-09-04,16.116
1984-09-05,29.489
1984-09-06,44.02
1984-09-07,54.619
1984-09-08,74.564
1984-09-09,42.775
1984-09-10,52.339
1984-09-11,49.953
1984-09-12,37.814
1984-09-13,25.502
1984-09-14,13.05
1984-09-15,11.282
1984-09-16,11.304
1984-09-17,11.166
1984-09-18,11.15
1984-09-19,10.725
1984-09-20,10.551
1984-09-21,10.526
1984-09-22,10.575
1984-09-23,10.455
1984-09-24,10.564
1984-09-25,10.51
1984-09-26,10.341
1984-09-27,10.288
1984-09-28,10.061
1984-09-29,9.924
1984-09-30,10.029
1984-10-01,10.27
1984-10-02,10.568
1984-10-03,11.125
1984-10-04,10.98
1984-10-05,10.686
1984-10-06,10.276
1984-10-07,11.868
1984-10-08,10.814
1984-10-09,10.227
1984-10-10,11.109
1984-10-11,14.373
1984-10-12,18.271
1984-10-13,23.082
1984-10-14,21.83
1984-10-15,18.905
1984-10-16,9.605
1984-10-17,8.285
1984-10-18,8.632
1984-10-19,8.522
1984-10-20,9.072
1984-10-21,9.475
1984-10-22,9.102
1984-10-23,7.887
1984-10-24,7.755
1984-10-25,7.662
1984-10-26,7.571
1984-10-27,7.462
1984-10-28,7.212
1984-10-29,7.077
1984-10-30,6.97
1984-10-31,6.889
1984-11-01,6.798
1984-11-02,6.728
1984-11-03,6.869
1984-11-04,7.63
1984-11-05,7.25
1984-11-06,6.961
1984-11-07,6.444
1984-11-08,8.95
1984-11-09,8.155
1984-11-10,9.656
1984-11-11,9.524
1984-11-12,10.721
1984-11-13,14.237
1984-11-14,8.17
1984-11-15,14.155
1984-11-16,17.55
1984-11-17,22.832
1984-11-18,24.408
1984-11-19,14.232
1984-11-20,9.096
1984-11-21,12.037
1984-11-22,9.263
1984-11-23,6.697
1984-11-24,6.418
1984-11-25,5.804
1984-11-26,5.677
1984-11-27,7.471
1984-11-28,9.768
1984-11-29,9.304
1984-11-30,13.935
1984-12-01,8.661
1984-12-02,5.484
1984-12-03,5.574
1984-12-04,6.037
1984-12-05,6.084
1984-12-06,5.805
1984-12-07,5.593
1984-12-08,5.518
1984-12-09,5.259
1984-12-10,5.497
1984-12-11,5.827
1984-12-12,7.076
1984-12-13,15.192
1984-12-14,23.173
1984-12-15,10.149
1984-12-16,5.396
1984-12-17,4.833
1984-12-18,4.711
1984-12-19,4.635
1984-12-20,4.608
1984-12-21,4.604
1984-12-22,4.532
1984-12-23,4.461
1984-12-24,4.437
1984-12-25,4.43
1984-12-26,4.381
1984-12-27,4.333
1984-12-28,4.332
1984-12-29,4.272
1984-12-30,4.227
1984-12-31,4.179
1985-01-01,4.139
1985-01-02,4.055
1985-01-03,3.987
1985-01-04,3.945
1985-01-05,3.909
1985-01-06,3.803
1985-01-07,3.736
1985-01-08,3.704
1985-01-09,3.705
1985-01-10,3.643
1985-01-11,3.57
1985-01-12,3.503
1985-01-13,3.474
1985-01-14,3.464
1985-01-15,3.417
1985-01-16,3.358
1985-01-17,3.329
1985-01-18,3.289
1985-01-19,3.239
1985-01-20,3.198
1985-01-21,3.075
1985-01-22,2.984
1985-01-23,2.948
1985-01-24,2.956
1985-01-25,3.061
1985-01-26,3.423
1985-01-27,3.551
1985-01-28,3.596
1985-01-29,3.763
1985-01-30,3.932
1985-01-31,3.815
1985-02-01,3.819
1985-02-02,3.528
1985-02-03,4.314
1985-02-04,5.282
1985-02-05,4.41
1985-02-06,5.298
1985-02-07,6.148
1985-02-08,5.457
1985-02-09,5.462
1985-02-10,3.768
1985-02-11,2.912
1985-02-12,2.515
1985-02-13,2.407
1985-02-14,2.323
1985-02-15,2.345
1985-02-16,2.308
1985-02-17,2.295
1985-02-18,2.262
1985-02-19,2.222
1985-02-20,2.239
1985-02-21,2.231
1985-02-22,2.169
1985-02-23,2.15
1985-02-24,2.123
1985-02-25,2.091
1985-02-26,2.096
1985-02-27,2.187
1985-02-28,2.241
1985-03-01,2.547
1985-03-02,2.66
1985-03-03,2.821
1985-03-04,3.014
1985-03-05,3.009
1985-03-06,4.07
1985-03-07,3.713
1985-03-08,2.629
1985-03-09,2.033
1985-03-10,1.841
1985-03-11,1.828
1985-03-12,1.783
1985-03-13,1.722
1985-03-14,1.714
1985-03-15,1.685
1985-03-16,1.685
1985-03-17,1.676
1985-03-18,1.625
1985-03-19,1.625
1985-03-20,3.087
1985-03-21,4.983
1985-03-22,3.171
1985-03-23,5.031
1985-03-24,5.938
1985-03-25,10.281
1985-03-26,4.968
1985-03-27,21.899
1985-03-28,25.43
1985-03-29,28.027
1985-03-30,25.332
1985-03-31,22.189
1985-04-01,27.547
1985-04-02,23.71
1985-04-03,17.174
1985-04-04,14.527
1985-04-05,16.045
1985-04-06,16.859
1985-04-07,9.558
1985-04-08,11.503
1985-04-09,13.418
1985-04-10,24.203
1985-04-11,15.088
1985-04-12,23.867
1985-04-13,44.04
1985-04-14,54.267
1985-04-15,90.292
1985-04-16,93.933
1985-04-17,38.613
1985-04-18,25.198
1985-04-19,17.806
1985-04-20,18.874
1985-04-21,24.626
1985-04-22,37.403
1985-04-23,38.417
1985-04-24,19.565
1985-04-25,17.475
1985-04-26,30.982
1985-04-27,36.48
1985-04-28,29.519
1985-04-29,23.461
1985-04-30,9.695
1985-05-01,6.258
1985-05-02,5.21
1985-05-03,3.446
1985-05-04,7.968
1985-05-05,27.918
1985-05-06,61.783
1985-05-07,51.133
1985-05-08,37.574
1985-05-09,38.584
1985-05-10,42.527
1985-05-11,29.647
1985-05-12,17.937
1985-05-13,29.637
1985-05-14,46.225
1985-05-15,54.58
1985-05-16,45.324
1985-05-17,49.854
1985-05-18,31.808
1985-05-19,25.094
1985-05-20,30.093
1985-05-21,15.73
1985-05-22,10.379
1985-05-23,11.033
1985-05-24,18.07
1985-05-25,35.707
1985-05-26,41.668
1985-05-27,39.887
1985-05-28,23.148
1985-05-29,18.092
1985-05-30,24.624
1985-05-31,27.178
1985-06-01,23.271
1985-06-02,23.641
1985-06-03,48.527
1985-06-04,62.899
1985-06-05,55.242
1985-06-06,36.72
1985-06-07,29.838
1985-06-08,22.453
1985-06-09,13.763
1985-06-10,12.295
1985-06-11,11.638
1985-06-12,11.831
1985-06-13,11.756
1985-06-14,13.628
1985-06-15,34.427
1985-06-16,41.272
1985-06-17,43.627
1985-06-18,94.236
1985-06-19,113.323
1985-06-20,59.947
1985-06-21,53.019
1985-06-22,47.922
1985-06-23,44.394
1985-06-24,35.504
1985-06-25,36.209
1985-06-26,25.839
1985-06-27,20.274
1985-06-28,20.637
1985-06-29,21.943
1985-06-30,24.72
1985-07-01,28.484
1985-07-02,29.89
1985-07-03,23.892
1985-07-04,23.087
1985-07-05,29.909
1985-07-06,45.602
1985-07-07,43.796
1985-07-08,39.014
1985-07-09,30.848
1985-07-10,30.457
1985-07-11,30.26
1985-07-12,41.725
1985-07-13,41.61
1985-07-14,40.632
1985-07-15,59.205
1985-07-16,62.894
1985-07-17,96.015
1985-07-18,94.338
1985-07-19,72.146
1985-07-20,52.211
1985-07-21,44.821
1985-07-22,43.233
1985-07-23,47.359
1985-07-24,55.254
1985-07-25,61.715
1985-07-26,54.923
1985-07-27,60.746
1985-07-28,50.805
1985-07-29,44.376
1985-07-30,50.803
1985-07-31,55.119
1985-08-01,57.857
1985-08-02,65.57
1985-08-03,86.967
1985-08-04,109.338
1985-08-05,87.666
1985-08-06,63.133
1985-08-07,59.655
1985-08-08,61.192
1985-08-09,61.098
1985-08-10,48.897
1985-08-11,48.471
1985-08-12,58.499
1985-08-13,60.943
1985-08-14,82.748
1985-08-15,68.896
1985-08-16,59.717
1985-08-17,52.203
1985-08-18,55.447
1985-08-19,77.318
1985-08-20,91.017
1985-08-21,92.522
1985-08-22,97.001
1985-08-23,79.127
1985-08-24,53.239
1985-08-25,43.825
1985-08-26,45.855
1985-08-27,48.044
1985-08-28,45.824
1985-08-29,45.364
1985-08-30,47.337
1985-08-31,53.027
1985-09-01,48.782
1985-09-02,47.121
1985-09-03,53.168
1985-09-04,54.865
1985-09-05,50.647
1985-09-06,44.445
1985-09-07,41.65
1985-09-08,41.322
1985-09-09,41.799
1985-09-10,41.828
1985-09-11,38.56
1985-09-12,37.02
1985-09-13,36.691
1985-09-14,36.63
1985-09-15,36.302
1985-09-16,36.765
1985-09-17,36.044
1985-09-18,35.45
1985-09-19,35.373
1985-09-20,41.232
1985-09-21,52.902
1985-09-22,46.042
1985-09-23,51.176
1985-09-24,48.316
1985-09-25,43.132
1985-09-26,38.003
1985-09-27,34.286
1985-09-28,30.747
1985-09-29,29.155
1985-09-30,29.555
1985-10-01,28.422
1985-10-02,27.738
1985-10-03,27.427
1985-10-04,26.908
1985-10-05,26.433
1985-10-06,26.087
1985-10-07,25.932
1985-10-08,26.79
1985-10-09,26.501
1985-10-10,26.41
1985-10-11,26.71
1985-10-12,26.898
1985-10-13,26.379
1985-10-14,29.819
1985-10-15,28.048
1985-10-16,27.56
1985-10-17,26.076
1985-10-18,22.462
1985-10-19,21.644
1985-10-20,21.211
1985-10-21,20.94
1985-10-22,20.523
1985-10-23,20.64
1985-10-24,20.347
1985-10-25,19.604
1985-10-26,19.178
1985-10-27,18.81
1985-10-28,18.828
1985-10-29,18.217
1985-10-30,17.579
1985-10-31,17.235
1985-11-01,16.908
1985-11-02,16.535
1985-11-03,16.171
1985-11-04,16.088
1985-11-05,16.86
1985-11-06,17.668
1985-11-07,19.81
1985-11-08,22.852
1985-11-09,29.582
1985-11-10,27.202
1985-11-11,33.074
1985-11-12,30.168
1985-11-13,47.764
1985-11-14,52.668
1985-11-15,49.042
1985-11-16,36.077
1985-11-17,22.092
1985-11-18,13.712
1985-11-19,12.809
1985-11-20,12.729
1985-11-21,13.09
1985-11-22,12.991
1985-11-23,12.893
1985-11-24,12.495
1985-11-25,12.19
1985-11-26,11.882
1985-11-27,11.625
1985-11-28,11.469
1985-11-29,11.34
1985-11-30,11.179
1985-12-01,11.01
1985-12-02,10.85
1985-12-03,10.674
1985-12-04,10.811
1985-12-05,11.19
1985-12-06,11.122
1985-12-07,10.779
1985-12-08,10.252
1985-12-09,9.869
1985-12-10,9.685
1985-12-11,9.755
1985-12-12,9.74
1985-12-13,9.64
1985-12-14,9.453
1985-12-15,9.151
1985-12-16,8.841
1985-12-17,8.648
1985-12-18,8.51
1985-12-19,8.345
1985-12-20,8.335
1985-12-21,8.411
1985-12-22,8.241
1985-12-23,8.38
1985-12-24,8.075
1985-12-25,7.606
1985-12-26,7.378
1985-12-27,7.28
1985-12-28,7.2
1985-12-29,7.201
1985-12-30,7.172
1985-12-31,6.895
1986-01-01,6.772
1986-01-02,6.82
1986-01-03,6.7
1986-01-04,6.57
1986-01-05,6.499
1986-01-06,6.4
1986-01-07,6.304
1986-01-08,6.15
1986-01-09,6.813
1986-01-10,6.345
1986-01-11,5.812
1986-01-12,5.641
1986-01-13,5.508
1986-01-14,5.421
1986-01-15,5.374
1986-01-16,5.27
1986-01-17,5.207
1986-01-18,5.147
1986-01-19,5.023
1986-01-20,4.922
1986-01-21,4.854
1986-01-22,4.8
1986-01-23,4.719
1986-01-24,4.705
1986-01-25,4.601
1986-01-26,4.466
1986-01-27,4.371
1986-01-28,4.316
1986-01-29,4.232
1986-01-30,4.155
1986-01-31,4.088
1986-02-01,3.982
1986-02-02,3.927
1986-02-03,3.912
1986-02-04,3.888
1986-02-05,4.039
1986-02-06,5.033
1986-02-07,6.047
1986-02-08,5.547
1986-02-09,4.653
1986-02-10,4.028
1986-02-11,3.926
1986-02-12,3.992
1986-02-13,4.058
1986-02-14,4.682
1986-02-15,6.116
1986-02-16,5.738
1986-02-17,4.33
1986-02-18,3.895
1986-02-19,3.737
1986-02-20,4.075
1986-02-21,4.001
1986-02-22,3.347
1986-02-23,3.037
1986-02-24,2.993
1986-02-25,2.952
1986-02-26,2.916
1986-02-27,2.918
1986-02-28,3.194
1986-03-01,3.306
1986-03-02,3.163
1986-03-03,3.197
1986-03-04,3.371
1986-03-05,5.167
1986-03-06,6.804
1986-03-07,22.086
1986-03-08,50.196
1986-03-09,36.974
1986-03-10,25.428
1986-03-11,10.327
1986-03-12,3.382
1986-03-13,2.669
1986-03-14,2.499
1986-03-15,2.634
1986-03-16,2.876
1986-03-17,4.586
1986-03-18,5.363
1986-03-19,7.869
1986-03-20,12.152
1986-03-21,10.925
1986-03-22,6.525
1986-03-23,4.875
1986-03-24,4.262
1986-03-25,3.083
1986-03-26,2.305
1986-03-27,2.222
1986-03-28,2.228
1986-03-29,2.19
1986-03-30,2.366
1986-03-31,2.695
1986-04-01,3.142
1986-04-02,4.39
1986-04-03,4.158
1986-04-04,7.465
1986-04-05,7.48
1986-04-06,4.927
1986-04-07,6.49
1986-04-08,38.04
1986-04-09,45.822
1986-04-10,87.809
1986-04-11,75.452
1986-04-12,113.925
1986-04-13,62.452
1986-04-14,12.745
1986-04-15,12.392
1986-04-16,16.175
1986-04-17,5.592
1986-04-18,2.505
1986-04-19,2.311
1986-04-20,2.473
1986-04-21,7.733
1986-04-22,21.838
1986-04-23,18.304
1986-04-24,19.279
1986-04-25,41.725
1986-04-26,58.739
1986-04-27,61.799
1986-04-28,30.679
1986-04-29,19.203
1986-04-30,8.088
1986-05-01,5.067
1986-05-02,11.333
1986-05-03,13.908
1986-05-04,12.153
1986-05-05,29.46
1986-05-06,37.425
1986-05-07,56.745
1986-05-08,45.327
1986-05-09,24.233
1986-05-10,9.384
1986-05-11,4.392
1986-05-12,7.48
1986-05-13,9.832
1986-05-14,13.339
1986-05-15,24.365
1986-05-16,32.258
1986-05-17,28.17
1986-05-18,25.216
1986-05-19,23.545
1986-05-20,33.458
1986-05-21,39.367
1986-05-22,30.716
1986-05-23,25.395
1986-05-24,30.752
1986-05-25,39.792
1986-05-26,28.271
1986-05-27,28.106
1986-05-28,34.179
1986-05-29,25.97
1986-05-30,27.605
1986-05-31,23.576
1986-06-01,29.317
1986-06-02,69.658
1986-06-03,55.137
1986-06-04,52.222
1986-06-05,60.179
1986-06-06,75.502
1986-06-07,57.982
1986-06-08,41.844
1986-06-09,24.438
1986-06-10,17.737
1986-06-11,20.651
1986-06-12,27.775
1986-06-13,37.41
1986-06-14,55.028
1986-06-15,74.508
1986-06-16,47.494
1986-06-17,30.21
1986-06-18,19.881
1986-06-19,21.146
1986-06-20,43.973
1986-06-21,47.337
1986-06-22,36.061
1986-06-23,20.044
1986-06-24,27.965
1986-06-25,47.955
1986-06-26,60.714
1986-06-27,83.037
1986-06-28,47.867
1986-06-29,26.081
1986-06-30,17.888
1986-07-01,16.538
1986-07-02,19.193
1986-07-03,25.195
1986-07-04,48.769
1986-07-05,37.18
1986-07-06,26.239
1986-07-07,40.917
1986-07-08,56.08
1986-07-09,63.517
1986-07-10,45.923
1986-07-11,22.125
1986-07-12,21.254
1986-07-13,24.75
1986-07-14,24.76
1986-07-15,29.047
1986-07-16,50.887
1986-07-17,61.999
1986-07-18,47.851
1986-07-19,42.517
1986-07-20,60.658
1986-07-21,43.22
1986-07-22,22.676
1986-07-23,21.207
1986-07-24,27.259
1986-07-25,27.357
1986-07-26,29.649
1986-07-27,26.243
1986-07-28,27.483
1986-07-29,30.788
1986-07-30,40.448
1986-07-31,47.997
1986-08-01,46.408
1986-08-02,48.064
1986-08-03,49.101
1986-08-04,35.272
1986-08-05,24.358
1986-08-06,23.292
1986-08-07,23.25
1986-08-08,23.03
1986-08-09,23.472
1986-08-10,26.396
1986-08-11,26.277
1986-08-12,33.388
1986-08-13,58.741
1986-08-14,48.051
1986-08-15,46.129
1986-08-16,42.91
1986-08-17,33.988
1986-08-18,33.422
1986-08-19,34.453
1986-08-20,24.79
1986-08-21,23.338
1986-08-22,23.685
1986-08-23,23.832
1986-08-24,23.508
1986-08-25,23.1
1986-08-26,22.719
1986-08-27,22.285
1986-08-28,22.045
1986-08-29,21.902
1986-08-30,21.987
1986-08-31,21.721
1986-09-01,22.231
1986-09-02,24.419
1986-09-03,30.383
1986-09-04,28.72
1986-09-05,31.853
1986-09-06,27.037
1986-09-07,21.509
1986-09-08,20.242
1986-09-09,19.914
1986-09-10,20.502
1986-09-11,23.072
1986-09-12,29.9
1986-09-13,39.599
1986-09-14,31.918
1986-09-15,47.652
1986-09-16,42.199
1986-09-17,28.448
1986-09-18,24.752
1986-09-19,27.236
1986-09-20,36.996
1986-09-21,59.62
1986-09-22,83.997
1986-09-23,132.89
1986-09-24,330.263
1986-09-25,200.903
1986-09-26,35.473
1986-09-27,18.742
1986-09-28,18.392
1986-09-29,19.423
1986-09-30,19.067
1986-10-01,18.815
1986-10-02,18.553
1986-10-03,18.073
1986-10-04,17.886
1986-10-05,17.569
1986-10-06,17.448
1986-10-07,17.285
1986-10-08,17.571
1986-10-09,18.17
1986-10-10,17.944
1986-10-11,18.273
1986-10-12,18.703
1986-10-13,18.402
1986-10-14,19.841
1986-10-15,18.715
1986-10-16,17.239
1986-10-17,16.114
1986-10-18,15.599
1986-10-19,15.307
1986-10-20,15.15
1986-10-21,15.033
1986-10-22,14.99
1986-10-23,14.942
1986-10-24,14.983
1986-10-25,16.152
1986-10-26,20.007
1986-10-27,17.921
1986-10-28,20.935
1986-10-29,20.232
1986-10-30,16.78
1986-10-31,15.98
1986-11-01,14.672
1986-11-02,15.382
1986-11-03,18.312
1986-11-04,18.64
1986-11-05,16.983
1986-11-06,16.547
1986-11-07,15.373
1986-11-08,14.903
1986-11-09,13.58
1986-11-10,12.979
1986-11-11,13.542
1986-11-12,16.995
1986-11-13,23.557
1986-11-14,26.489
1986-11-15,25.702
1986-11-16,15.897
1986-11-17,11.7
1986-11-18,11.24
1986-11-19,11.19
1986-11-20,11.898
1986-11-21,12.273
1986-11-22,11.69
1986-11-23,11.029
1986-11-24,10.675
1986-11-25,10.494
1986-11-26,10.296
1986-11-27,10.242
1986-11-28,10.12
1986-11-29,9.966
1986-11-30,9.892
1986-12-01,9.957
1986-12-02,10.235
1986-12-03,10.122
1986-12-04,10.318
1986-12-05,9.89
1986-12-06,9.435
1986-12-07,9.393
1986-12-08,9.097
1986-12-09,9.045
1986-12-10,10.443
1986-12-11,9.588
1986-12-12,9.403
1986-12-13,9.519
1986-12-14,9.635
1986-12-15,9.401
1986-12-16,8.781
1986-12-17,10.559
1986-12-18,9.397
1986-12-19,8.435
1986-12-20,11.239
1986-12-21,9.395
1986-12-22,8.604
1986-12-23,8.258
1986-12-24,7.683
1986-12-25,7.414
1986-12-26,7.158
1986-12-27,7.053
1986-12-28,6.978
1986-12-29,6.851
1986-12-30,6.759
1986-12-31,6.676
1987-01-01,6.59
1987-01-02,6.507
1987-01-03,6.416
1987-01-04,6.363
1987-01-05,6.361
1987-01-06,6.183
1987-01-07,6.002
1987-01-08,5.927
1987-01-09,5.876
1987-01-10,5.774
1987-01-11,5.684
1987-01-12,5.577
1987-01-13,5.437
1987-01-14,5.403
1987-01-15,5.294
1987-01-16,5.213
1987-01-17,5.198
1987-01-18,5.078
1987-01-19,4.956
1987-01-20,4.885
1987-01-21,4.805
1987-01-22,4.733
1987-01-23,4.671
1987-01-24,4.56
1987-01-25,4.502
1987-01-26,4.539
1987-01-27,4.546
1987-01-28,4.497
1987-01-29,4.435
1987-01-30,4.418
1987-01-31,4.348
1987-02-01,4.346
1987-02-02,3.979
1987-02-03,3.856
1987-02-04,3.796
1987-02-05,3.687
1987-02-06,3.572
1987-02-07,3.49
1987-02-08,3.41
1987-02-09,3.362
1987-02-10,3.33
1987-02-11,3.311
1987-02-12,3.418
1987-02-13,3.393
1987-02-14,3.591
1987-02-15,3.62
1987-02-16,3.351
1987-02-17,3.098
1987-02-18,2.994
1987-02-19,3.143
1987-02-20,3.764
1987-02-21,5.18
1987-02-22,11.404
1987-02-23,10.976
1987-02-24,10.024
1987-02-25,5.605
1987-02-26,3.88
1987-02-27,3.056
1987-02-28,2.715
1987-03-01,2.678
1987-03-02,2.79
1987-03-03,2.854
1987-03-04,2.733
1987-03-05,2.538
1987-03-06,2.5
1987-03-07,2.628
1987-03-08,2.963
1987-03-09,3.413
1987-03-10,5.739
1987-03-11,7.391
1987-03-12,8.79
1987-03-13,14.712
1987-03-14,20.14
1987-03-15,15.315
1987-03-16,23.963
1987-03-17,18.367
1987-03-18,44.035
1987-03-19,24.082
1987-03-20,14.81
1987-03-21,11.361
1987-03-22,22.455
1987-03-23,28.802
1987-03-24,9.052
1987-03-25,3.365
1987-03-26,6.646
1987-03-27,4.074
1987-03-28,5.099
1987-03-29,3.937
1987-03-30,2.495
1987-03-31,2.444
1987-04-01,2.324
1987-04-02,2.264
1987-04-03,2.056
1987-04-04,1.987
1987-04-05,2.193
1987-04-06,4.242
1987-04-07,13.928
1987-04-08,13.141
1987-04-09,22.303
1987-04-10,19.251
1987-04-11,19.752
1987-04-12,13.558
1987-04-13,7.05
1987-04-14,4.43
1987-04-15,2.505
1987-04-16,1.985
1987-04-17,2.008
1987-04-18,2.179
1987-04-19,2.54
1987-04-20,3.131
1987-04-21,3.585
1987-04-22,5.303
1987-04-23,6.245
1987-04-24,8.968
1987-04-25,5.459
1987-04-26,2.271
1987-04-27,2.318
1987-04-28,1.906
1987-04-29,1.931
1987-04-30,5.121
1987-05-01,13.912
1987-05-02,14.796
1987-05-03,20.726
1987-05-04,14.303
1987-05-05,11.647
1987-05-06,13.345
1987-05-07,25.733
1987-05-08,21.702
1987-05-09,34.162
1987-05-10,50.793
1987-05-11,56.352
1987-05-12,45.607
1987-05-13,22.566
1987-05-14,23.307
1987-05-15,32.366
1987-05-16,21.972
1987-05-17,26.452
1987-05-18,52.09
1987-05-19,37.514
1987-05-20,17.022
1987-05-21,10.369
1987-05-22,14.37
1987-05-23,40.412
1987-05-24,45.819
1987-05-25,40.614
1987-05-26,38.914
1987-05-27,51.854
1987-05-28,48.718
1987-05-29,28.336
1987-05-30,26.336
1987-05-31,40.118
1987-06-01,79.517
1987-06-02,49.553
1987-06-03,67.86
1987-06-04,83.839
1987-06-05,42.963
1987-06-06,10.382
1987-06-07,14.152
1987-06-08,25.681
1987-06-09,19.62
1987-06-10,18.445
1987-06-11,15.789
1987-06-12,26.752
1987-06-13,61.648
1987-06-14,43.772
1987-06-15,30.021
1987-06-16,17.307
1987-06-17,15.674
1987-06-18,12.009
1987-06-19,9.219
1987-06-20,13.416
1987-06-21,77.16
1987-06-22,193.59
1987-06-23,111.767
1987-06-24,108.172
1987-06-25,47.943
1987-06-26,15.754
1987-06-27,9.935
1987-06-28,9.732
1987-06-29,10.716
1987-06-30,11.099
1987-07-01,12.538
1987-07-02,15.436
1987-07-03,16.226
1987-07-04,15.585
1987-07-05,16.526
1987-07-06,16.365
1987-07-07,13.227
1987-07-08,12.432
1987-07-09,12.545
1987-07-10,14.499
1987-07-11,13.508
1987-07-12,10.506
1987-07-13,9.89
1987-07-14,9.655
1987-07-15,9.554
1987-07-16,9.482
1987-07-17,9.422
1987-07-18,9.362
1987-07-19,9.291
1987-07-20,9.4
1987-07-21,9.465
1987-07-22,9.542
1987-07-23,9.958
1987-07-24,13.425
1987-07-25,12.705
1987-07-26,12.406
1987-07-27,11.855
1987-07-28,9.637
1987-07-29,8.676
1987-07-30,8.387
1987-07-31,8.227
1987-08-01,8.123
1987-08-02,7.978
1987-08-03,7.84
1987-08-04,7.7
1987-08-05,7.569
1987-08-06,7.488
1987-08-07,7.636
1987-08-08,7.52
1987-08-09,7.508
1987-08-10,7.582
1987-08-11,8.144
1987-08-12,8.873
1987-08-13,10.905
1987-08-14,16.085
1987-08-15,30.111
1987-08-16,34.025
1987-08-17,30.283
1987-08-18,22.485
1987-08-19,13.119
1987-08-20,9.813
1987-08-21,12.5
1987-08-22,14.991
1987-08-23,13.503
1987-08-24,18.229
1987-08-25,13.052
1987-08-26,10.385
1987-08-27,13.229
1987-08-28,18.368
1987-08-29,25.715
1987-08-30,41.171
1987-08-31,28.304
1987-09-01,24.09
1987-09-02,13.827
1987-09-03,6.351
1987-09-04,5.697
1987-09-05,5.652
1987-09-06,5.645
1987-09-07,5.636
1987-09-08,5.784
1987-09-09,5.772
1987-09-10,5.765
1987-09-11,5.548
1987-09-12,5.483
1987-09-13,5.623
1987-09-14,5.779
1987-09-15,5.654
1987-09-16,7.225
1987-09-17,11.341
1987-09-18,11.529
1987-09-19,8.571
1987-09-20,6.891
1987-09-21,5.679
1987-09-22,6.521
1987-09-23,9.14
1987-09-24,8.903
1987-09-25,8.808
1987-09-26,6.456
1987-09-27,5.902
1987-09-28,7.93
1987-09-29,9.475
1987-09-30,9.372
1987-10-01,12.808
1987-10-02,19.093
1987-10-03,16.693
1987-10-04,6.879
1987-10-05,5.038
1987-10-06,4.784
1987-10-07,4.828
1987-10-08,4.794
1987-10-09,4.585
1987-10-10,4.564
1987-10-11,4.701
1987-10-12,4.987
1987-10-13,5.085
1987-10-14,4.884
1987-10-15,4.51
1987-10-16,4.163
1987-10-17,4.238
1987-10-18,4.206
1987-10-19,4.393
1987-10-20,4.176
1987-10-21,4.077
1987-10-22,4.617
1987-10-23,6.575
1987-10-24,5.206
1987-10-25,4.67
1987-10-26,4.814
1987-10-27,4.357
1987-10-28,4.25
1987-10-29,3.975
1987-10-30,3.754
1987-10-31,3.767
1987-11-01,3.907
1987-11-02,4.653
1987-11-03,4.262
1987-11-04,4.228
1987-11-05,7.248
1987-11-06,22.649
1987-11-07,27.277
1987-11-08,18.553
1987-11-09,24.399
1987-11-10,50.238
1987-11-11,40.328
1987-11-12,52.005
1987-11-13,61.288
1987-11-14,77.971
1987-11-15,83.353
1987-11-16,50.577
1987-11-17,21.447
1987-11-18,8.282
1987-11-19,7.939
1987-11-20,6.517
1987-11-21,4.591
1987-11-22,4.783
1987-11-23,5.036
1987-11-24,5.027
1987-11-25,4.832
1987-11-26,4.673
1987-11-27,4.572
1987-11-28,4.546
1987-11-29,4.528
1987-11-30,4.547
1987-12-01,4.49
1987-12-02,4.408
1987-12-03,4.397
1987-12-04,4.383
1987-12-05,4.886
1987-12-06,5.498
1987-12-07,5.67
1987-12-08,5.561
1987-12-09,7.14
1987-12-10,15.414
1987-12-11,6.422
1987-12-12,5.156
1987-12-13,4.75
1987-12-14,4.307
1987-12-15,4.068
1987-12-16,3.953
1987-12-17,3.926
1987-12-18,3.924
1987-12-19,3.87
1987-12-20,3.851
1987-12-21,3.858
1987-12-22,3.925
1987-12-23,3.909
1987-12-24,3.796
1987-12-25,3.74
1987-12-26,3.672
1987-12-27,3.588
1987-12-28,3.584
1987-12-29,3.526
1987-12-30,3.5
1987-12-31,3.435
1988-01-01,3.417
1988-01-02,3.417
1988-01-03,3.33
1988-01-04,3.293
1988-01-05,3.25
1988-01-06,3.285
1988-01-07,3.282
1988-01-08,3.293
1988-01-09,3.738
1988-01-10,4.061
1988-01-11,4.772
1988-01-12,4.482
1988-01-13,3.609
1988-01-14,3.185
1988-01-15,3.018
1988-01-16,2.964
1988-01-17,2.966
1988-01-18,3.042
1988-01-19,2.997
1988-01-20,3.008
1988-01-21,3.019
1988-01-22,2.945
1988-01-23,3.265
1988-01-24,3.232
1988-01-25,3.14
1988-01-26,2.848
1988-01-27,2.708
1988-01-28,2.613
1988-01-29,2.569
1988-01-30,2.57
1988-01-31,2.566
1988-02-01,2.641
1988-02-02,2.842
1988-02-03,2.827
1988-02-04,2.933
1988-02-05,2.914
1988-02-06,2.488
1988-02-07,2.33
1988-02-08,2.338
1988-02-09,2.315
1988-02-10,2.3
1988-02-11,2.412
1988-02-12,2.448
1988-02-13,2.479
1988-02-14,2.489
1988-02-15,2.639
1988-02-16,2.79
1988-02-17,2.646
1988-02-18,2.649
1988-02-19,2.298
1988-02-20,2.073
1988-02-21,2.03
1988-02-22,2.027
1988-02-23,1.997
1988-02-24,1.957
1988-02-25,1.933
1988-02-26,1.93
1988-02-27,1.893
1988-02-28,1.832
1988-02-29,1.816
1988-03-01,1.8
1988-03-02,1.76
1988-03-03,1.817
1988-03-04,1.935
1988-03-05,1.963
1988-03-06,2.748
1988-03-07,3.328
1988-03-08,5.913
1988-03-09,4.696
1988-03-10,5.237
1988-03-11,3.915
1988-03-12,2.467
1988-03-13,2.176
1988-03-14,1.99
1988-03-15,1.895
1988-03-16,2.574
1988-03-17,9.879
1988-03-18,8.716
1988-03-19,9.522
1988-03-20,32.35
1988-03-21,24.009
1988-03-22,30.368
1988-03-23,42.069
1988-03-24,24.926
1988-03-25,9.342
1988-03-26,3.364
1988-03-27,2.253
1988-03-28,1.915
1988-03-29,2.187
1988-03-30,2.355
1988-03-31,1.895
1988-04-01,1.503
1988-04-02,1.952
1988-04-03,3.143
1988-04-04,1.834
1988-04-05,1.942
1988-04-06,2.181
1988-04-07,5.273
1988-04-08,8.747
1988-04-09,6.863
1988-04-10,12.115
1988-04-11,10.871
1988-04-12,4.734
1988-04-13,4.079
1988-04-14,6.005
1988-04-15,12.19
1988-04-16,22.977
1988-04-17,26.716
1988-04-18,47.735
1988-04-19,61.245
1988-04-20,46.538
1988-04-21,53.884
1988-04-22,47.128
1988-04-23,23.377
1988-04-24,25.071
1988-04-25,45.975
1988-04-26,75.959
1988-04-27,67.744
1988-04-28,54.625
1988-04-29,52.437
1988-04-30,40.075
1988-05-01,47.45
1988-05-02,29.942
1988-05-03,43.744
1988-05-04,54.426
1988-05-05,30.763
1988-05-06,16.47
1988-05-07,15.216
1988-05-08,23.367
1988-05-09,50.39
1988-05-10,45.054
1988-05-11,40.567
1988-05-12,37.262
1988-05-13,28.757
1988-05-14,17.928
1988-05-15,20.494
1988-05-16,14.163
1988-05-17,12.501
1988-05-18,17.887
1988-05-19,29.942
1988-05-20,31.652
1988-05-21,35.742
1988-05-22,73.724
1988-05-23,50.616
1988-05-24,47.126
1988-05-25,42.168
1988-05-26,17.11
1988-05-27,7.103
1988-05-28,6.122
1988-05-29,6.172
1988-05-30,6.319
1988-05-31,6.468
1988-06-01,6.491
1988-06-02,6.515
1988-06-03,6.51
1988-06-04,7.606
1988-06-05,10.212
1988-06-06,13.014
1988-06-07,11.554
1988-06-08,10.66
1988-06-09,10.067
1988-06-10,12.431
1988-06-11,27.223
1988-06-12,42.25
1988-06-13,41.079
1988-06-14,33.131
1988-06-15,19.744
1988-06-16,9.771
1988-06-17,8.575
1988-06-18,7.747
1988-06-19,7.654
1988-06-20,7.488
1988-06-21,7.098
1988-06-22,7.559
1988-06-23,7.174
1988-06-24,6.963
1988-06-25,6.745
1988-06-26,6.739
1988-06-27,6.751
1988-06-28,7.185
1988-06-29,9.035
1988-06-30,8.684
1988-07-01,9.831
1988-07-02,12.892
1988-07-03,16.485
1988-07-04,11.447
1988-07-05,11.837
1988-07-06,9.474
1988-07-07,7.902
1988-07-08,10.603
1988-07-09,10.844
1988-07-10,7.67
1988-07-11,8.316
1988-07-12,9.637
1988-07-13,12.005
1988-07-14,20.51
1988-07-15,24.211
1988-07-16,18.008
1988-07-17,17.918
1988-07-18,16.997
1988-07-19,19.57
1988-07-20,19.293
1988-07-21,22.632
1988-07-22,25.839
1988-07-23,22.827
1988-07-24,14.06
1988-07-25,16.652
1988-07-26,16.094
1988-07-27,15.693
1988-07-28,14.515
1988-07-29,25.056
1988-07-30,33.712
1988-07-31,39.71
1988-08-01,33.889
1988-08-02,27.175
1988-08-03,20.713
1988-08-04,25.028
1988-08-05,23.728
1988-08-06,23.991
1988-08-07,40.884
1988-08-08,41.982
1988-08-09,44.03
1988-08-10,74.28
1988-08-11,98.456
1988-08-12,63.173
1988-08-13,55.98
1988-08-14,60.419
1988-08-15,62.485
1988-08-16,74.231
1988-08-17,58.651
1988-08-18,41.425
1988-08-19,29.021
1988-08-20,26.222
1988-08-21,26.21
1988-08-22,29.239
1988-08-23,31.156
1988-08-24,32.523
1988-08-25,33.84
1988-08-26,57.928
1988-08-27,58.286
1988-08-28,51.721
1988-08-29,35.053
1988-08-30,27.38
1988-08-31,26.515
1988-09-01,25.99
1988-09-02,25.203
1988-09-03,28.395
1988-09-04,31.839
1988-09-05,27.967
1988-09-06,34.653
1988-09-07,55.487
1988-09-08,45.291
1988-09-09,33.94
1988-09-10,27.961
1988-09-11,24.425
1988-09-12,23.612
1988-09-13,23.502
1988-09-14,24.252
1988-09-15,25.711
1988-09-16,32.705
1988-09-17,26.459
1988-09-18,25.185
1988-09-19,33.605
1988-09-20,54.228
1988-09-21,78.67
1988-09-22,86.815
1988-09-23,79.946
1988-09-24,114.821
1988-09-25,113.548
1988-09-26,93.358
1988-09-27,134.954
1988-09-28,186.308
1988-09-29,124.19
1988-09-30,101.405
1988-10-01,79.077
1988-10-02,97.487
1988-10-03,118.906
1988-10-04,106.798
1988-10-05,89.08
1988-10-06,101.477
1988-10-07,95.672
1988-10-08,121.819
1988-10-09,119.61
1988-10-10,76.13
1988-10-11,50.538
1988-10-12,49.492
1988-10-13,49.865
1988-10-14,52.64
1988-10-15,65.098
1988-10-16,64.735
1988-10-17,65.421
1988-10-18,63.959
1988-10-19,63.022
1988-10-20,49.848
1988-10-21,44.151
1988-10-22,43.048
1988-10-23,42.333
1988-10-24,41.66
1988-10-25,40.807
1988-10-26,39.938
1988-10-27,39.051
1988-10-28,38.423
1988-10-29,37.41
1988-10-30,36.507
1988-10-31,37.438
1988-11-01,40.657
1988-11-02,38.53
1988-11-03,45.164
1988-11-04,57.598
1988-11-05,51.765
1988-11-06,44.712
1988-11-07,52.576
1988-11-08,47.042
1988-11-09,30.918
1988-11-10,29.163
1988-11-11,28.55
1988-11-12,28.17
1988-11-13,28.868
1988-11-14,33.401
1988-11-15,30.304
1988-11-16,28.207
1988-11-17,26.526
1988-11-18,25.238
1988-11-19,24.59
1988-11-20,23.821
1988-11-21,23.533
1988-11-22,24.813
1988-11-23,26.114
1988-11-24,26.081
1988-11-25,22.451
1988-11-26,21.285
1988-11-27,20.79
1988-11-28,20.389
1988-11-29,19.957
1988-11-30,19.556
1988-12-01,19.175
1988-12-02,18.821
1988-12-03,18.451
1988-12-04,18.037
1988-12-05,17.605
1988-12-06,17.274
1988-12-07,16.92
1988-12-08,16.554
1988-12-09,16.26
1988-12-10,16.025
1988-12-11,15.701
1988-12-12,15.368
1988-12-13,15.041
1988-12-14,14.711
1988-12-15,14.377
1988-12-16,14.079
1988-12-17,13.82
1988-12-18,13.551
1988-12-19,13.312
1988-12-20,13.072
1988-12-21,12.925
1988-12-22,12.687
1988-12-23,12.48
1988-12-24,12.162
1988-12-25,11.753
1988-12-26,11.483
1988-12-27,11.324
1988-12-28,11.347
1988-12-29,11.064
1988-12-30,10.903
1988-12-31,11.589
1989-01-01,12.01
1989-01-02,10.782
1989-01-03,9.897
1989-01-04,9.771
1989-01-05,9.673
1989-01-06,9.5
1989-01-07,9.591
1989-01-08,9.396
1989-01-09,8.882
1989-01-10,8.63
1989-01-11,8.505
1989-01-12,8.315
1989-01-13,8.155
1989-01-14,8.011
1989-01-15,7.859
1989-01-16,7.721
1989-01-17,7.584
1989-01-18,7.429
1989-01-19,7.27
1989-01-20,7.138
1989-01-21,6.973
1989-01-22,6.82
1989-01-23,6.647
1989-01-24,6.476
1989-01-25,6.4
1989-01-26,6.295
1989-01-27,6.135
1989-01-28,6.007
1989-01-29,5.862
1989-01-30,5.79
1989-01-31,5.648
1989-02-01,5.505
1989-02-02,5.477
1989-02-03,5.324
1989-02-04,5.27
1989-02-05,5.416
1989-02-06,6.025
1989-02-07,6.579
1989-02-08,8.241
1989-02-09,7.521
1989-02-10,7.695
1989-02-11,8.061
1989-02-12,5.834
1989-02-13,5.104
1989-02-14,4.655
1989-02-15,4.492
1989-02-16,4.393
1989-02-17,4.338
1989-02-18,4.269
1989-02-19,4.201
1989-02-20,4.149
1989-02-21,4.093
1989-02-22,4.111
1989-02-23,4.123
1989-02-24,4.086
1989-02-25,3.925
1989-02-26,3.738
1989-02-27,3.616
1989-02-28,3.548
1989-03-01,3.505
1989-03-02,3.484
1989-03-03,3.426
1989-03-04,3.344
1989-03-05,3.272
1989-03-06,3.253
1989-03-07,3.616
1989-03-08,3.541
1989-03-09,3.495
1989-03-10,3.28
1989-03-11,3.186
1989-03-12,3.048
1989-03-13,3.121
1989-03-14,3.414
1989-03-15,3.587
1989-03-16,3.594
1989-03-17,4.356
1989-03-18,5.215
1989-03-19,5.041
1989-03-20,5.593
1989-03-21,6.038
1989-03-22,7.127
1989-03-23,6.833
1989-03-24,6.956
1989-03-25,12.235
1989-03-26,20.591
1989-03-27,23.277
1989-03-28,40.405
1989-03-29,39.453
1989-03-30,32.362
1989-03-31,33.901
1989-04-01,32.188
1989-04-02,24.953
1989-04-03,7.765
1989-04-04,3.426
1989-04-05,2.469
1989-04-06,2.444
1989-04-07,7.751
1989-04-08,18.706
1989-04-09,23.808
1989-04-10,44.08
1989-04-11,27.344
1989-04-12,19.911
1989-04-13,25.888
1989-04-14,10.642
1989-04-15,2.725
1989-04-16,2.15
1989-04-17,2.234
1989-04-18,2.176
1989-04-19,2.28
1989-04-20,2.185
1989-04-21,2.225
1989-04-22,2.323
1989-04-23,2.867
1989-04-24,3.654
1989-04-25,3.941
1989-04-26,4.199
1989-04-27,3.78
1989-04-28,3.399
1989-04-29,4.195
1989-04-30,5.537
1989-05-01,4.854
1989-05-02,11.107
1989-05-03,14.366
1989-05-04,7.066
1989-05-05,9.74
1989-05-06,6.747
1989-05-07,6.422
1989-05-08,12.909
1989-05-09,8.731
1989-05-10,13.447
1989-05-11,34.795
1989-05-12,21.732
1989-05-13,20.933
1989-05-14,19.287
1989-05-15,30.824
1989-05-16,34.001
1989-05-17,21.083
1989-05-18,18.379
1989-05-19,29.581
1989-05-20,21.763
1989-05-21,16.065
1989-05-22,23.499
1989-05-23,24.569
1989-05-24,21.011
1989-05-25,22.049
1989-05-26,25.642
1989-05-27,6.721
1989-05-28,3.195
1989-05-29,3.987
1989-05-30,11.246
1989-05-31,8.549
1989-06-01,9.375
1989-06-02,5.309
1989-06-03,2.54
1989-06-04,2.539
1989-06-05,3.098
1989-06-06,4.58
1989-06-07,6.426
1989-06-08,4.058
1989-06-09,6.395
1989-06-10,10.676
1989-06-11,7.797
1989-06-12,7.249
1989-06-13,13.01
1989-06-14,9.916
1989-06-15,7.176
1989-06-16,8.597
1989-06-17,6.122
1989-06-18,4.136
1989-06-19,5.103
1989-06-20,4.565
1989-06-21,5.095
1989-06-22,8.853
1989-06-23,15.714
1989-06-24,7.083
1989-06-25,3.032
1989-06-26,2.713
1989-06-27,2.387
1989-06-28,2.334
1989-06-29,2.354
1989-06-30,2.414
1989-07-01,2.543
1989-07-02,2.467
1989-07-03,2.485
1989-07-04,2.818
1989-07-05,3.894
1989-07-06,4.019
1989-07-07,4.069
1989-07-08,4.856
1989-07-09,5.105
1989-07-10,5.988
1989-07-11,5.555
1989-07-12,5.497
1989-07-13,8.336
1989-07-14,15.576
1989-07-15,8.088
1989-07-16,7.524
1989-07-17,8.736
1989-07-18,8.433
1989-07-19,6.879
1989-07-20,5.247
1989-07-21,18.763
1989-07-22,17.396
1989-07-23,30.015
1989-07-24,75.505
1989-07-25,71.86
1989-07-26,20.567
1989-07-27,4.306
1989-07-28,6.114
1989-07-29,10.309
1989-07-30,5.156
1989-07-31,8.218
1989-08-01,21.191
1989-08-02,17.956
1989-08-03,4.875
1989-08-04,2.796
1989-08-05,2.794
1989-08-06,2.818
1989-08-07,5.442
1989-08-08,9.21
1989-08-09,6.105
1989-08-10,5.054
1989-08-11,5.041
1989-08-12,4.387
1989-08-13,6.173
1989-08-14,6.76
1989-08-15,11.556
1989-08-16,28.345
1989-08-17,28.973
1989-08-18,29.258
1989-08-19,17.356
1989-08-20,12.34
1989-08-21,18.199
1989-08-22,10.088
1989-08-23,4.175
1989-08-24,3.258
1989-08-25,3.638
1989-08-26,3.348
1989-08-27,3.15
1989-08-28,5.184
1989-08-29,6.65
1989-08-30,5.393
1989-08-31,5.788
1989-09-01,6.536
1989-09-02,7.93
1989-09-03,11.33
1989-09-04,16.875
1989-09-05,22.617
1989-09-06,17.99
1989-09-07,7.512
1989-09-08,12.575
1989-09-09,12.027
1989-09-10,12.322
1989-09-11,11.748
1989-09-12,6.442
1989-09-13,3.757
1989-09-14,3.274
1989-09-15,3.249
1989-09-16,3.245
1989-09-17,3.313
1989-09-18,10.429
1989-09-19,7.62
1989-09-20,15.656
1989-09-21,17.574
1989-09-22,19.876
1989-09-23,13.594
1989-09-24,16.015
1989-09-25,19.647
1989-09-26,58.854
1989-09-27,75.204
1989-09-28,74.685
1989-09-29,66.035
1989-09-30,41.1
1989-10-01,37.773
1989-10-02,17.817
1989-10-03,9.05
1989-10-04,4.798
1989-10-05,4.444
1989-10-06,4.709
1989-10-07,5.732
1989-10-08,10.995
1989-10-09,16.607
1989-10-10,16.1
1989-10-11,18.517
1989-10-12,14.005
1989-10-13,12.762
1989-10-14,22.457
1989-10-15,16.666
1989-10-16,19.965
1989-10-17,22.585
1989-10-18,8.984
1989-10-19,7.497
1989-10-20,7.34
1989-10-21,7.706
1989-10-22,8.75
1989-10-23,8.636
1989-10-24,5.379
1989-10-25,5.121
1989-10-26,5.136
1989-10-27,5.236
1989-10-28,5.07
1989-10-29,4.932
1989-10-30,4.916
1989-10-31,5.449
1989-11-01,6.228
1989-11-02,8.078
1989-11-03,9.402
1989-11-04,6.705
1989-11-05,5.066
1989-11-06,4.841
1989-11-07,4.793
1989-11-08,4.767
1989-11-09,4.764
1989-11-10,4.732
1989-11-11,4.71
1989-11-12,4.726
1989-11-13,4.695
1989-11-14,4.691
1989-11-15,4.633
1989-11-16,4.564
1989-11-17,4.735
1989-11-18,6.063
1989-11-19,6.685
1989-11-20,6.952
1989-11-21,10.729
1989-11-22,18.992
1989-11-23,10.499
1989-11-24,5.716
1989-11-25,7.31
1989-11-26,5.423
1989-11-27,4.578
1989-11-28,5.846
1989-11-29,6.405
1989-11-30,5.939
1989-12-01,6.287
1989-12-02,4.751
1989-12-03,4.531
1989-12-04,4.235
1989-12-05,4.018
1989-12-06,4.033
1989-12-07,4.364
1989-12-08,4.725
1989-12-09,4.872
1989-12-10,4.297
1989-12-11,4.136
1989-12-12,4.274
1989-12-13,4.501
1989-12-14,3.938
1989-12-15,3.814
1989-12-16,3.747
1989-12-17,3.729
1989-12-18,3.76
1989-12-19,3.782
1989-12-20,3.588
1989-12-21,3.551
1989-12-22,3.505
1989-12-23,3.561
1989-12-24,3.555
1989-12-25,5.464
1989-12-26,11.477
1989-12-27,7.208
1989-12-28,6.932
1989-12-29,5.722
1989-12-30,5.302
1989-12-31,5.89
1990-01-01,14.58
1990-01-02,18.254
1990-01-03,21.596
1990-01-04,24.435
1990-01-05,14.521
1990-01-06,13.09
1990-01-07,10.479
1990-01-08,8.203
1990-01-09,5.068
1990-01-10,3.466
1990-01-11,3.253
1990-01-12,3.217
1990-01-13,3.19
1990-01-14,3.147
1990-01-15,3.086
1990-01-16,3.098
1990-01-17,3.144
1990-01-18,3.32
1990-01-19,3.566
1990-01-20,3.738
1990-01-21,3.554
1990-01-22,3.266
1990-01-23,3.053
1990-01-24,2.953
1990-01-25,2.875
1990-01-26,2.848
1990-01-27,2.837
1990-01-28,2.802
1990-01-29,2.781
1990-01-30,2.74
1990-01-31,2.735
1990-02-01,2.733
1990-02-02,2.718
1990-02-03,2.749
1990-02-04,2.82
1990-02-05,2.848
1990-02-06,2.834
1990-02-07,2.899
1990-02-08,2.842
1990-02-09,3.551
1990-02-10,4.378
1990-02-11,8.345
1990-02-12,11.785
1990-02-13,6.202
1990-02-14,2.919
1990-02-15,2.768
1990-02-16,2.95
1990-02-17,2.826
1990-02-18,2.946
1990-02-19,2.707
1990-02-20,3.435
1990-02-21,7.622
1990-02-22,13.604
1990-02-23,21.654
1990-02-24,28.218
1990-02-25,44.756
1990-02-26,44.695
1990-02-27,43.123
1990-02-28,40.24
1990-03-01,21.383
1990-03-02,8.135
1990-03-03,3.615
1990-03-04,3.013
1990-03-05,4.023
1990-03-06,4.648
1990-03-07,5.359
1990-03-08,4.153
1990-03-09,3.41
1990-03-10,4.011
1990-03-11,2.675
1990-03-12,2.944
1990-03-13,3.12
1990-03-14,3.185
1990-03-15,5.584
1990-03-16,9.31
1990-03-17,10.502
1990-03-18,13.469
1990-03-19,11.052
1990-03-20,10.488
1990-03-21,6.538
1990-03-22,3.99
1990-03-23,3.254
1990-03-24,4.015
1990-03-25,3.394
1990-03-26,3.035
1990-03-27,2.76
1990-03-28,2.832
1990-03-29,3.302
1990-03-30,5.165
1990-03-31,13.265
1990-04-01,28.053
1990-04-02,16.285
1990-04-03,14.721
1990-04-04,39.342
1990-04-05,35.985
1990-04-06,63.753
1990-04-07,44.656
1990-04-08,32.218
1990-04-09,38.265
1990-04-10,28.109
1990-04-11,22.409
1990-04-12,23.534
1990-04-13,19.302
1990-04-14,22.026
1990-04-15,17.691
1990-04-16,14.005
1990-04-17,12.363
1990-04-18,10.024
1990-04-19,19.845
1990-04-20,30.51
1990-04-21,24.931
1990-04-22,13.91
1990-04-23,16.394
1990-04-24,17.325
1990-04-25,14.803
1990-04-26,10.73
1990-04-27,11.192
1990-04-28,16.146
1990-04-29,11.483
1990-04-30,7.85
1990-05-01,7.229
1990-05-02,7.162
1990-05-03,6.496
1990-05-04,6.125
1990-05-05,6.103
1990-05-06,6.118
1990-05-07,6.273
1990-05-08,7.547
1990-05-09,9.1
1990-05-10,7.443
1990-05-11,12.929
1990-05-12,32.787
1990-05-13,16.66
1990-05-14,12.899
1990-05-15,18.876
1990-05-16,20.347
1990-05-17,17.378
1990-05-18,13.188
1990-05-19,11.106
1990-05-20,17.785
1990-05-21,15.555
1990-05-22,12.586
1990-05-23,11.814
1990-05-24,13.845
1990-05-25,27.081
1990-05-26,23.472
1990-05-27,34.865
1990-05-28,28.674
1990-05-29,24.348
1990-05-30,11.911
1990-05-31,12.899
1990-06-01,11.028
1990-06-02,14.802
1990-06-03,36.623
1990-06-04,32.175
1990-06-05,13.461
1990-06-06,11.547
1990-06-07,14.294
1990-06-08,16.052
1990-06-09,13.73
1990-06-10,12.163
1990-06-11,12.896
1990-06-12,11.596
1990-06-13,8.696
1990-06-14,6.84
1990-06-15,6.385
1990-06-16,6.352
1990-06-17,6.308
1990-06-18,6.294
1990-06-19,6.259
1990-06-20,6.296
1990-06-21,6.239
1990-06-22,6.195
1990-06-23,6.37
1990-06-24,7.019
1990-06-25,7.424
1990-06-26,7.97
1990-06-27,9.221
1990-06-28,9.19
1990-06-29,7.143
1990-06-30,7.137
1990-07-01,7.218
1990-07-02,8.528
1990-07-03,10.094
1990-07-04,7.393
1990-07-05,6.948
1990-07-06,6.894
1990-07-07,6.75
1990-07-08,7.591
1990-07-09,7.751
1990-07-10,11.961
1990-07-11,9.66
1990-07-12,7.898
1990-07-13,7.728
1990-07-14,9.643
1990-07-15,8.994
1990-07-16,8.949
1990-07-17,12.592
1990-07-18,12.823
1990-07-19,16.315
1990-07-20,19.611
1990-07-21,46.927
1990-07-22,48.013
1990-07-23,64.163
1990-07-24,69.112
1990-07-25,46.258
1990-07-26,19.87
1990-07-27,9.869
1990-07-28,7.328
1990-07-29,7.177
1990-07-30,6.7
1990-07-31,6.263
1990-08-01,6.251
1990-08-02,6.9
1990-08-03,7.361
1990-08-04,22.401
1990-08-05,18.928
1990-08-06,14.242
1990-08-07,43.84
1990-08-08,41.945
1990-08-09,26.922
1990-08-10,18.371
1990-08-11,11.162
1990-08-12,10.219
1990-08-13,18.596
1990-08-14,37.543
1990-08-15,33.507
1990-08-16,26.311
1990-08-17,21.772
1990-08-18,24.752
1990-08-19,30.081
1990-08-20,28.509
1990-08-21,19.698
1990-08-22,23.29
1990-08-23,31.343
1990-08-24,29.43
1990-08-25,24.884
1990-08-26,22.734
1990-08-27,14.662
1990-08-28,10.998
1990-08-29,12.059
1990-08-30,10.06
1990-08-31,13.316
1990-09-01,12.559
1990-09-02,16.4
1990-09-03,13.51
1990-09-04,12.26
1990-09-05,16.254
1990-09-06,15.778
1990-09-07,12.253
1990-09-08,14.823
1990-09-09,13.123
1990-09-10,11.679
1990-09-11,10.917
1990-09-12,10.108
1990-09-13,9.476
1990-09-14,9.265
1990-09-15,9.152
1990-09-16,9.098
1990-09-17,9.123
1990-09-18,9.515
1990-09-19,11.957
1990-09-20,11.641
1990-09-21,12.212
1990-09-22,15.022
1990-09-23,21.945
1990-09-24,15.113
1990-09-25,19.397
1990-09-26,12.48
1990-09-27,10.782
1990-09-28,9.619
1990-09-29,8.945
1990-09-30,9.03
1990-10-01,12.064
1990-10-02,14.188
1990-10-03,25.649
1990-10-04,20.407
1990-10-05,12.842
1990-10-06,8.85
1990-10-07,7.973
1990-10-08,7.725
1990-10-09,7.625
1990-10-10,7.699
1990-10-11,7.93
1990-10-12,8.272
1990-10-13,7.827
1990-10-14,7.427
1990-10-15,7.769
1990-10-16,7.633
1990-10-17,8.06
1990-10-18,12.229
1990-10-19,32.684
1990-10-20,51.172
1990-10-21,60.043
1990-10-22,42.842
1990-10-23,13.673
1990-10-24,8.288
1990-10-25,13.982
1990-10-26,13.856
1990-10-27,39.99
1990-10-28,54.511
1990-10-29,65.343
1990-10-30,85.103
1990-10-31,71.985
1990-11-01,51.957
1990-11-02,20.964
1990-11-03,8.647
1990-11-04,9.192
1990-11-05,15.912
1990-11-06,17.471
1990-11-07,28.396
1990-11-08,26.11
1990-11-09,26.733
1990-11-10,22.046
1990-11-11,19.82
1990-11-12,20.344
1990-11-13,10.641
1990-11-14,7.75
1990-11-15,7.758
1990-11-16,7.858
1990-11-17,8.988
1990-11-18,7.448
1990-11-19,7.08
1990-11-20,6.99
1990-11-21,6.943
1990-11-22,6.9
1990-11-23,6.825
1990-11-24,6.778
1990-11-25,6.721
1990-11-26,6.665
1990-11-27,6.624
1990-11-28,6.589
1990-11-29,6.586
1990-11-30,6.496
1990-12-01,6.511
1990-12-02,6.804
1990-12-03,7.051
1990-12-04,7.105
1990-12-05,7.028
1990-12-06,6.517
1990-12-07,6.071
1990-12-08,5.997
1990-12-09,6.05
1990-12-10,6.028
1990-12-11,7.356
1990-12-12,14.969
1990-12-13,30.95
1990-12-14,48.134
1990-12-15,30.903
1990-12-16,26.61
1990-12-17,14.718
1990-12-18,8.592
1990-12-19,6.383
1990-12-20,5.565
1990-12-21,5.59
1990-12-22,5.586
1990-12-23,5.57
1990-12-24,5.485
1990-12-25,5.438
1990-12-26,5.41
1990-12-27,5.362
1990-12-28,5.319
1990-12-29,5.226
1990-12-30,5.195
1990-12-31,5.195
1991-01-01,5.411
1991-01-02,6.345
1991-01-03,7.272
1991-01-04,7.148
1991-01-05,6.421
1991-01-06,5.31
1991-01-07,5.199
1991-01-08,5.585
1991-01-09,6.468
1991-01-10,7.44
1991-01-11,6.488
1991-01-12,5.242
1991-01-13,4.819
1991-01-14,4.682
1991-01-15,4.624
1991-01-16,4.537
1991-01-17,4.477
1991-01-18,4.405
1991-01-19,4.344
1991-01-20,4.318
1991-01-21,4.293
1991-01-22,4.22
1991-01-23,4.16
1991-01-24,4.113
1991-01-25,4.192
1991-01-26,4.978
1991-01-27,5.223
1991-01-28,5.66
1991-01-29,6.638
1991-01-30,5.968
1991-01-31,5.565
1991-02-01,4.514
1991-02-02,3.912
1991-02-03,3.758
1991-02-04,3.68
1991-02-05,3.62
1991-02-06,3.602
1991-02-07,3.587
1991-02-08,3.548
1991-02-09,3.649
1991-02-10,3.832
1991-02-11,4.212
1991-02-12,4.463
1991-02-13,3.919
1991-02-14,3.688
1991-02-15,3.647
1991-02-16,3.94
1991-02-17,5.546
1991-02-18,4.123
1991-02-19,3.418
1991-02-20,3.232
1991-02-21,3.177
1991-02-22,3.162
1991-02-23,3.121
1991-02-24,3.187
1991-02-25,3.261
1991-02-26,3.289
1991-02-27,3.838
1991-02-28,7.924
1991-03-01,7.45
1991-03-02,5.296
1991-03-03,3.517
1991-03-04,3.377
1991-03-05,3.224
1991-03-06,3.004
1991-03-07,3.937
1991-03-08,3.272
1991-03-09,3.208
1991-03-10,2.924
1991-03-11,2.713
1991-03-12,2.773
1991-03-13,3.494
1991-03-14,13.353
1991-03-15,9.529
1991-03-16,5.531
1991-03-17,3.583
1991-03-18,2.55
1991-03-19,2.324
1991-03-20,2.29
1991-03-21,2.291
1991-03-22,2.257
1991-03-23,2.198
1991-03-24,2.188
1991-03-25,2.17
1991-03-26,2.645
1991-03-27,3.092
1991-03-28,4.876
1991-03-29,9.107
1991-03-30,16.085
1991-03-31,13.92
1991-04-01,18.955
1991-04-02,35.98
1991-04-03,24.614
1991-04-04,25.138
1991-04-05,25.218
1991-04-06,31.744
1991-04-07,32.579
1991-04-08,46.479
1991-04-09,27.554
1991-04-10,19.75
1991-04-11,13.361
1991-04-12,14.211
1991-04-13,15.056
1991-04-14,18.481
1991-04-15,13.61
1991-04-16,10.795
1991-04-17,4.11
1991-04-18,2.9
1991-04-19,3.032
1991-04-20,3.424
1991-04-21,3.682
1991-04-22,4.533
1991-04-23,4.066
1991-04-24,8.869
1991-04-25,14.82
1991-04-26,12.085
1991-04-27,12.171
1991-04-28,21.57
1991-04-29,18.556
1991-04-30,21.552
1991-05-01,20.951
1991-05-02,30.298
1991-05-03,37.197
1991-05-04,57.677
1991-05-05,69.971
1991-05-06,61.36
1991-05-07,26.034
1991-05-08,10.605
1991-05-09,5.442
1991-05-10,6.18
1991-05-11,13.672
1991-05-12,25.791
1991-05-13,23.875
1991-05-14,37.427
1991-05-15,50.857
1991-05-16,60.909
1991-05-17,55.752
1991-05-18,25.296
1991-05-19,15.678
1991-05-20,35.104
1991-05-21,30.59
1991-05-22,31.584
1991-05-23,54.014
1991-05-24,52.581
1991-05-25,50.113
1991-05-26,54.978
1991-05-27,69.116
1991-05-28,45.661
1991-05-29,37.25
1991-05-30,43.961
1991-05-31,19.464
1991-06-01,15.979
1991-06-02,20.103
1991-06-03,17.604
1991-06-04,18.785
1991-06-05,26.553
1991-06-06,37.679
1991-06-07,33.98
1991-06-08,49.405
1991-06-09,38.728
1991-06-10,27.769
1991-06-11,16.027
1991-06-12,22.376
1991-06-13,21.263
1991-06-14,20.847
1991-06-15,38.3
1991-06-16,58.315
1991-06-17,58.349
1991-06-18,70.89
1991-06-19,43.02
1991-06-20,22.19
1991-06-21,13.701
1991-06-22,12.676
1991-06-23,13.054
1991-06-24,13.47
1991-06-25,13.841
1991-06-26,14.22
1991-06-27,15.732
1991-06-28,16.725
1991-06-29,24.574
1991-06-30,25.76
1991-07-01,24.442
1991-07-02,28.914
1991-07-03,28.005
1991-07-04,30.133
1991-07-05,24.829
1991-07-06,29.413
1991-07-07,90.138
1991-07-08,99.852
1991-07-09,82.72
1991-07-10,65.218
1991-07-11,39.414
1991-07-12,34.893
1991-07-13,38.964
1991-07-14,50.577
1991-07-15,49.763
1991-07-16,38.066
1991-07-17,40.784
1991-07-18,88.684
1991-07-19,166.686
1991-07-20,165.254
1991-07-21,319.88
1991-07-22,349.963
1991-07-23,119.945
1991-07-24,52.29
1991-07-25,47.958
1991-07-26,46.657
1991-07-27,40.838
1991-07-28,39.46
1991-07-29,48.035
1991-07-30,57.142
1991-07-31,54.648
1991-08-01,49.982
1991-08-02,65.881
1991-08-03,99.485
1991-08-04,89.173
1991-08-05,91.854
1991-08-06,112.877
1991-08-07,91.747
1991-08-08,98.295
1991-08-09,144.867
1991-08-10,111.627
1991-08-11,103.183
1991-08-12,93.574
1991-08-13,88.66
1991-08-14,70.832
1991-08-15,75.004
1991-08-16,65.413
1991-08-17,63.255
1991-08-18,59.97
1991-08-19,57.911
1991-08-20,70.59
1991-08-21,105.528
1991-08-22,102.135
1991-08-23,296.606
1991-08-24,362.313
1991-08-25,174.578
1991-08-26,152.043
1991-08-27,200.712
1991-08-28,177.757
1991-08-29,132.152
1991-08-30,115.06
1991-08-31,154.545
1991-09-01,173.168
1991-09-02,195.218
1991-09-03,226.348
1991-09-04,205.68
1991-09-05,174.615
1991-09-06,158.602
1991-09-07,134.322
1991-09-08,120.233
1991-09-09,114.869
1991-09-10,113.368
1991-09-11,109.266
1991-09-12,104.956
1991-09-13,99.038
1991-09-14,94.435
1991-09-15,91.647
1991-09-16,87.779
1991-09-17,84.192
1991-09-18,80.736
1991-09-19,77.491
1991-09-20,74.435
1991-09-21,71.475
1991-09-22,68.634
1991-09-23,65.912
1991-09-24,63.655
1991-09-25,61.379
1991-09-26,58.853
1991-09-27,57.058
1991-09-28,59.26
1991-09-29,59.566
1991-09-30,57.082
1991-10-01,127.571
1991-10-02,202.473
1991-10-03,80.49
1991-10-04,45.31
1991-10-05,42.727
1991-10-06,41.409
1991-10-07,40.145
1991-10-08,38.94
1991-10-09,37.932
1991-10-10,37.808
1991-10-11,39.569
1991-10-12,45.052
1991-10-13,71.177
1991-10-14,109.534
1991-10-15,114.17
1991-10-16,91.553
1991-10-17,73.785
1991-10-18,70.286
1991-10-19,76.383
1991-10-20,111.759
1991-10-21,79.33
1991-10-22,56.015
1991-10-23,67.77
1991-10-24,62.295
1991-10-25,66.71
1991-10-26,62.92
1991-10-27,58.58
1991-10-28,62.052
1991-10-29,83.862
1991-10-30,82.143
1991-10-31,41.676
1991-11-01,28.056
1991-11-02,26.929
1991-11-03,26.728
1991-11-04,26.742
1991-11-05,26.71
1991-11-06,26.333
1991-11-07,25.92
1991-11-08,25.578
1991-11-09,25.362
1991-11-10,25.658
1991-11-11,27.32
1991-11-12,26.451
1991-11-13,24.85
1991-11-14,23.892
1991-11-15,23.48
1991-11-16,23.145
1991-11-17,22.853
1991-11-18,22.538
1991-11-19,22.217
1991-11-20,21.978
1991-11-21,21.768
1991-11-22,22.002
1991-11-23,22.092
1991-11-24,22.052
1991-11-25,21.718
1991-11-26,21.757
1991-11-27,21.032
1991-11-28,19.722
1991-11-29,19.122
1991-11-30,18.749
1991-12-01,18.426
1991-12-02,18.177
1991-12-03,18.289
1991-12-04,18.186
1991-12-05,18.218
1991-12-06,17.698
1991-12-07,17.01
1991-12-08,16.484
1991-12-09,16.126
1991-12-10,15.855
1991-12-11,15.525
1991-12-12,15.196
1991-12-13,14.898
1991-12-14,14.611
1991-12-15,14.343
1991-12-16,14.091
1991-12-17,13.813
1991-12-18,13.559
1991-12-19,13.293
1991-12-20,13.03
1991-12-21,12.755
1991-12-22,12.576
1991-12-23,12.539
1991-12-24,12.604
1991-12-25,12.431
1991-12-26,11.79
1991-12-27,11.513
1991-12-28,11.328
1991-12-29,11.112
1991-12-30,10.875
1991-12-31,10.677
1992-01-01,10.492
1992-01-02,10.305
1992-01-03,10.105
1992-01-04,9.919
1992-01-05,9.76
1992-01-06,9.601
1992-01-07,9.451
1992-01-08,9.265
1992-01-09,9.107
1992-01-10,8.954
1992-01-11,8.79
1992-01-12,8.64
1992-01-13,8.483
1992-01-14,8.319
1992-01-15,8.182
1992-01-16,8.059
1992-01-17,7.901
1992-01-18,7.778
1992-01-19,7.623
1992-01-20,7.435
1992-01-21,7.317
1992-01-22,7.176
1992-01-23,7.047
1992-01-24,6.871
1992-01-25,6.8
1992-01-26,6.686
1992-01-27,6.547
1992-01-28,6.467
1992-01-29,6.305
1992-01-30,6.223
1992-01-31,6.137
1992-02-01,6.04
1992-02-02,5.908
1992-02-03,5.827
1992-02-04,5.756
1992-02-05,5.693
1992-02-06,5.63
1992-02-07,5.597
1992-02-08,5.472
1992-02-09,5.437
1992-02-10,5.362
1992-02-11,5.184
1992-02-12,5.053
1992-02-13,4.895
1992-02-14,4.829
1992-02-15,4.812
1992-02-16,4.739
1992-02-17,4.64
1992-02-18,4.597
1992-02-19,4.558
1992-02-20,4.531
1992-02-21,4.513
1992-02-22,4.563
1992-02-23,4.476
1992-02-24,4.499
1992-02-25,4.222
1992-02-26,4.23
1992-02-27,4.329
1992-02-28,4.615
1992-02-29,4.271
1992-03-01,3.875
1992-03-02,3.807
1992-03-03,3.744
1992-03-04,3.675
1992-03-05,3.59
1992-03-06,3.48
1992-03-07,3.402
1992-03-08,3.368
1992-03-09,3.359
1992-03-10,3.317
1992-03-11,3.245
1992-03-12,3.202
1992-03-13,3.13
1992-03-14,3.094
1992-03-15,3.06
1992-03-16,2.98
1992-03-17,2.915
1992-03-18,2.92
1992-03-19,3.03
1992-03-20,2.892
1992-03-21,2.88
1992-03-22,2.753
1992-03-23,2.655
1992-03-24,2.613
1992-03-25,2.677
1992-03-26,2.673
1992-03-27,2.598
1992-03-28,2.576
1992-03-29,2.485
1992-03-30,3.227
1992-03-31,8.669
1992-04-01,5.918
1992-04-02,7.338
1992-04-03,6.208
1992-04-04,8.308
1992-04-05,7.333
1992-04-06,16.077
1992-04-07,7.252
1992-04-08,9.692
1992-04-09,13.446
1992-04-10,33.435
1992-04-11,15.33
1992-04-12,16.902
1992-04-13,6.166
1992-04-14,3.255
1992-04-15,2.39
1992-04-16,1.972
1992-04-17,1.918
1992-04-18,1.912
1992-04-19,2.922
1992-04-20,3.978
1992-04-21,3.136
1992-04-22,2.643
1992-04-23,2.382
1992-04-24,2.304
1992-04-25,2.148
1992-04-26,2.089
1992-04-27,2.073
1992-04-28,2.456
1992-04-29,4.484
1992-04-30,15.47
1992-05-01,18.891
1992-05-02,25.058
1992-05-03,20.652
1992-05-04,32.536
1992-05-05,27.636
1992-05-06,17.771
1992-05-07,25.405
1992-05-08,15.292
1992-05-09,6.693
1992-05-10,8.897
1992-05-11,33.4
1992-05-12,37.847
1992-05-13,55.539
1992-05-14,53.924
1992-05-15,30.284
1992-05-16,11.312
1992-05-17,9.123
1992-05-18,8.291
1992-05-19,13.889
1992-05-20,11.185
1992-05-21,3.329
1992-05-22,2.003
1992-05-23,1.937
1992-05-24,6.985
1992-05-25,20.344
1992-05-26,27.278
1992-05-27,18.031
1992-05-28,9.23
1992-05-29,6.642
1992-05-30,5.176
1992-05-31,2.156
1992-06-01,1.697
1992-06-02,1.784
1992-06-03,2.069
1992-06-04,2.105
1992-06-05,3.063
1992-06-06,2.23
1992-06-07,2.847
1992-06-08,5.053
1992-06-09,7.685
1992-06-10,9.365
1992-06-11,9.033
1992-06-12,8.512
1992-06-13,8.53
1992-06-14,13.363
1992-06-15,21.075
1992-06-16,30.787
1992-06-17,35.214
1992-06-18,31.365
1992-06-19,25.912
1992-06-20,18.375
1992-06-21,12.437
1992-06-22,21.294
1992-06-23,27.122
1992-06-24,21.194
1992-06-25,14.98
1992-06-26,7.634
1992-06-27,5.853
1992-06-28,5.112
1992-06-29,5.633
1992-06-30,6.649
1992-07-01,11.188
1992-07-02,13.76
1992-07-03,32.073
1992-07-04,49.963
1992-07-05,38.216
1992-07-06,31.784
1992-07-07,23.913
1992-07-08,22.22
1992-07-09,19.724
1992-07-10,9.998
1992-07-11,6.629
1992-07-12,6.763
1992-07-13,11.962
1992-07-14,22.409
1992-07-15,32.234
1992-07-16,31.646
1992-07-17,39.307
1992-07-18,43.507
1992-07-19,67.225
1992-07-20,79.999
1992-07-21,30.954
1992-07-22,9.028
1992-07-23,9.089
1992-07-24,11.555
1992-07-25,16.471
1992-07-26,23.437
1992-07-27,29.215
1992-07-28,33.555
1992-07-29,41.402
1992-07-30,27.604
1992-07-31,23.719
1992-08-01,32.487
1992-08-02,38.737
1992-08-03,62.276
1992-08-04,40.703
1992-08-05,24.616
1992-08-06,25.483
1992-08-07,27.478
1992-08-08,34.82
1992-08-09,98.611
1992-08-10,112.039
1992-08-11,102.63
1992-08-12,66.445
1992-08-13,42.329
1992-08-14,31.401
1992-08-15,25.969
1992-08-16,24.173
1992-08-17,24.699
1992-08-18,24.59
1992-08-19,25.701
1992-08-20,29.248
1992-08-21,28.546
1992-08-22,26.711
1992-08-23,25.972
1992-08-24,25.058
1992-08-25,24.247
1992-08-26,24.138
1992-08-27,22.626
1992-08-28,22.03
1992-08-29,21.603
1992-08-30,22.715
1992-08-31,29.655
1992-09-01,31.35
1992-09-02,30.092
1992-09-03,25.72
1992-09-04,32.75
1992-09-05,30.45
1992-09-06,22.942
1992-09-07,20.463
1992-09-08,18.767
1992-09-09,18.135
1992-09-10,18.019
1992-09-11,23.635
1992-09-12,31.802
1992-09-13,33.293
1992-09-14,50.351
1992-09-15,43.612
1992-09-16,34.765
1992-09-17,42.492
1992-09-18,23.036
1992-09-19,15.555
1992-09-20,14.932
1992-09-21,14.757
1992-09-22,14.514
1992-09-23,14.39
1992-09-24,14.77
1992-09-25,14.553
1992-09-26,14.787
1992-09-27,15.367
1992-09-28,14.389
1992-09-29,14.644
1992-09-30,17.701
1992-10-01,20.674
1992-10-02,25.07
1992-10-03,32.459
1992-10-04,35.008
1992-10-05,34.121
1992-10-06,54.946
1992-10-07,72.051
1992-10-08,73.214
1992-10-09,76.519
1992-10-10,44.74
1992-10-11,24.504
1992-10-12,16.274
1992-10-13,19.76
1992-10-14,43.272
1992-10-15,36.859
1992-10-16,35.664
1992-10-17,37.686
1992-10-18,42.279
1992-10-19,52.663
1992-10-20,81.856
1992-10-21,92.643
1992-10-22,91.163
1992-10-23,83.822
1992-10-24,76.235
1992-10-25,66.579
1992-10-26,89.12
1992-10-27,86.001
1992-10-28,61.358
1992-10-29,60.804
1992-10-30,43.347
1992-10-31,28.685
1992-11-01,26.608
1992-11-02,26.642
1992-11-03,27.215
1992-11-04,28.488
1992-11-05,28.978
1992-11-06,29.829
1992-11-07,29.963
1992-11-08,29.139
1992-11-09,27.61
1992-11-10,26.07
1992-11-11,25.395
1992-11-12,26.62
1992-11-13,25.614
1992-11-14,31.073
1992-11-15,44.573
1992-11-16,70.527
1992-11-17,57.491
1992-11-18,46.412
1992-11-19,32.414
1992-11-20,25.574
1992-11-21,22.98
1992-11-22,21.864
1992-11-23,21.367
1992-11-24,21.066
1992-11-25,20.786
1992-11-26,20.501
1992-11-27,20.204
1992-11-28,19.929
1992-11-29,19.695
1992-11-30,19.482
1992-12-01,19.641
1992-12-02,19.745
1992-12-03,22.074
1992-12-04,19.894
1992-12-05,19.084
1992-12-06,19.318
1992-12-07,18.379
1992-12-08,18.837
1992-12-09,18.058
1992-12-10,18.031
1992-12-11,17.45
1992-12-12,16.646
1992-12-13,16.238
1992-12-14,15.765
1992-12-15,15.5
1992-12-16,15.255
1992-12-17,15.135
1992-12-18,15.152
1992-12-19,16.092
1992-12-20,16.685
1992-12-21,15.982
1992-12-22,16.088
1992-12-23,15.487
1992-12-24,14.238
1992-12-25,13.458
1992-12-26,13.128
1992-12-27,12.977
1992-12-28,12.895
1992-12-29,12.872
1992-12-30,12.626
1992-12-31,12.345
1993-01-01,11.98
1993-01-02,11.733
1993-01-03,11.52
1993-01-04,11.315
1993-01-05,11.156
1993-01-06,10.947
1993-01-07,10.777
1993-01-08,10.696
1993-01-09,11.01
1993-01-10,11.899
1993-01-11,11.559
1993-01-12,11.495
1993-01-13,10.96
1993-01-14,10.058
1993-01-15,9.655
1993-01-16,9.388
1993-01-17,9.219
1993-01-18,9.132
1993-01-19,9.005
1993-01-20,8.987
1993-01-21,8.809
1993-01-22,8.543
1993-01-23,8.37
1993-01-24,8.235
1993-01-25,8.119
1993-01-26,8.02
1993-01-27,7.955
1993-01-28,7.969
1993-01-29,8.02
1993-01-30,7.686
1993-01-31,7.418
1993-02-01,7.265
1993-02-02,7.153
1993-02-03,7.088
1993-02-04,6.97
1993-02-05,6.832
1993-02-06,6.757
1993-02-07,6.661
1993-02-08,6.482
1993-02-09,6.405
1993-02-10,6.423
1993-02-11,6.476
1993-02-12,6.768
1993-02-13,7.022
1993-02-14,6.952
1993-02-15,6.405
1993-02-16,5.958
1993-02-17,5.801
1993-02-18,5.671
1993-02-19,5.547
1993-02-20,5.426
1993-02-21,5.328
1993-02-22,5.244
1993-02-23,5.16
1993-02-24,5.097
1993-02-25,5.148
1993-02-26,5.358
1993-02-27,5.499
1993-02-28,5.385
1993-03-01,5.145
1993-03-02,5.482
1993-03-03,5.36
1993-03-04,5.442
1993-03-05,5.033
1993-03-06,4.5
1993-03-07,4.272
1993-03-08,4.33
1993-03-09,4.933
1993-03-10,6.883
1993-03-11,5.964
1993-03-12,4.628
1993-03-13,4.296
1993-03-14,4.14
1993-03-15,4.202
1993-03-16,3.917
1993-03-17,3.763
1993-03-18,3.738
1993-03-19,3.855
1993-03-20,3.865
1993-03-21,3.979
1993-03-22,4.05
1993-03-23,3.677
1993-03-24,5.511
1993-03-25,4.625
1993-03-26,4.52
1993-03-27,4.115
1993-03-28,3.47
1993-03-29,3.206
1993-03-30,3.138
1993-03-31,3.195
1993-04-01,3.078
1993-04-02,3.015
1993-04-03,3.01
1993-04-04,3.021
1993-04-05,2.972
1993-04-06,2.925
1993-04-07,2.887
1993-04-08,2.952
1993-04-09,3.02
1993-04-10,3.036
1993-04-11,2.9
1993-04-12,2.684
1993-04-13,2.6
1993-04-14,2.82
1993-04-15,3.913
1993-04-16,5.966
1993-04-17,7.732
1993-04-18,6.777
1993-04-19,5.787
1993-04-20,6.168
1993-04-21,4.355
1993-04-22,3.148
1993-04-23,3.055
1993-04-24,3.675
1993-04-25,9.107
1993-04-26,19.186
1993-04-27,28.408
1993-04-28,31.768
1993-04-29,29.212
1993-04-30,14.688
1993-05-01,18.002
1993-05-02,23.368
1993-05-03,19.526
1993-05-04,45.203
1993-05-05,55.372
1993-05-06,48.774
1993-05-07,73.554
1993-05-08,81.245
1993-05-09,64.051
1993-05-10,46.278
1993-05-11,18.74
1993-05-12,34.221
1993-05-13,40.369
1993-05-14,57.869
1993-05-15,105.85
1993-05-16,57.099
1993-05-17,36.042
1993-05-18,37.22
1993-05-19,12.607
1993-05-20,9.958
1993-05-21,14.201
1993-05-22,8.302
1993-05-23,8.467
1993-05-24,9.584
1993-05-25,12.256
1993-05-26,12.737
1993-05-27,10.468
1993-05-28,9.295
1993-05-29,9.423
1993-05-30,10.303
1993-05-31,7.357
1993-06-01,6.245
1993-06-02,9.331
1993-06-03,11.894
1993-06-04,24.15
1993-06-05,35.758
1993-06-06,35.555
1993-06-07,46.749
1993-06-08,68.695
1993-06-09,58.703
1993-06-10,35.978
1993-06-11,21.538
1993-06-12,18.865
1993-06-13,10.862
1993-06-14,22.341
1993-06-15,27.541
1993-06-16,27.192
1993-06-17,45.23
1993-06-18,23.353
1993-06-19,6.911
1993-06-20,5.172
1993-06-21,5.22
1993-06-22,5.192
1993-06-23,5.26
1993-06-24,5.63
1993-06-25,12.511
1993-06-26,8.817
1993-06-27,7.792
1993-06-28,9.099
1993-06-29,9.18
1993-06-30,8.278
1993-07-01,7.042
1993-07-02,7.364
1993-07-03,6.897
1993-07-04,7.89
1993-07-05,8.098
1993-07-06,7.854
1993-07-07,8.449
1993-07-08,8.749
1993-07-09,7.61
1993-07-10,7.28
1993-07-11,6.31
1993-07-12,7.18
1993-07-13,12.771
1993-07-14,13.538
1993-07-15,14.765
1993-07-16,14.633
1993-07-17,8.695
1993-07-18,8.189
1993-07-19,8.484
1993-07-20,7.562
1993-07-21,9.138
1993-07-22,7.721
1993-07-23,6.596
1993-07-24,7.091
1993-07-25,8.174
1993-07-26,7.194
1993-07-27,7.268
1993-07-28,8.124
1993-07-29,7.367
1993-07-30,7.335
1993-07-31,7.057
1993-08-01,6.419
1993-08-02,5.944
1993-08-03,6.184
1993-08-04,6.129
1993-08-05,5.561
1993-08-06,9.893
1993-08-07,9.568
1993-08-08,7.57
1993-08-09,6.772
1993-08-10,7.477
1993-08-11,12.739
1993-08-12,10.859
1993-08-13,5.427
1993-08-14,4.84
1993-08-15,6.179
1993-08-16,5.887
1993-08-17,6.391
1993-08-18,5.926
1993-08-19,4.39
1993-08-20,4.019
1993-08-21,4.4
1993-08-22,10.747
1993-08-23,9.4
1993-08-24,11.007
1993-08-25,10.436
1993-08-26,8.19
1993-08-27,7.526
1993-08-28,6.144
1993-08-29,7.555
1993-08-30,6.66
1993-08-31,4.768
1993-09-01,5.892
1993-09-02,8.645
1993-09-03,22.498
1993-09-04,24.449
1993-09-05,26.315
1993-09-06,30.83
1993-09-07,29.332
1993-09-08,13.38
1993-09-09,5.071
1993-09-10,5.756
1993-09-11,6.163
1993-09-12,3.966
1993-09-13,3.6
1993-09-14,3.607
1993-09-15,4.462
1993-09-16,5.886
1993-09-17,6.459
1993-09-18,6.426
1993-09-19,8.693
1993-09-20,8.878
1993-09-21,4.67
1993-09-22,3.615
1993-09-23,3.418
1993-09-24,3.402
1993-09-25,3.443
1993-09-26,3.478
1993-09-27,3.631
1993-09-28,4.697
1993-09-29,5.294
1993-09-30,9.202
1993-10-01,10.142
1993-10-02,5.415
1993-10-03,4.922
1993-10-04,4.317
1993-10-05,4.005
1993-10-06,3.995
1993-10-07,3.4
1993-10-08,3.151
1993-10-09,3.225
1993-10-10,3.42
1993-10-11,3.523
1993-10-12,4.0
1993-10-13,3.842
1993-10-14,4.085
1993-10-15,4.275
1993-10-16,6.254
1993-10-17,6.061
1993-10-18,4.146
1993-10-19,3.39
1993-10-20,3.3
1993-10-21,3.336
1993-10-22,3.399
1993-10-23,3.252
1993-10-24,2.865
1993-10-25,2.769
1993-10-26,2.686
1993-10-27,2.669
1993-10-28,2.693
1993-10-29,2.653
1993-10-30,2.666
1993-10-31,2.768
1993-11-01,2.816
1993-11-02,2.796
1993-11-03,3.823
1993-11-04,10.772
1993-11-05,9.92
1993-11-06,12.657
1993-11-07,15.354
1993-11-08,17.266
1993-11-09,16.288
1993-11-10,7.03
1993-11-11,4.312
1993-11-12,3.326
1993-11-13,3.648
1993-11-14,3.263
1993-11-15,2.451
1993-11-16,2.392
1993-11-17,2.503
1993-11-18,2.935
1993-11-19,2.95
1993-11-20,2.321
1993-11-21,2.242
1993-11-22,2.223
1993-11-23,2.201
1993-11-24,2.185
1993-11-25,2.2
1993-11-26,2.168
1993-11-27,2.128
1993-11-28,2.128
1993-11-29,2.126
1993-11-30,2.332
1993-12-01,2.35
1993-12-02,2.303
1993-12-03,2.249
1993-12-04,2.094
1993-12-05,2.024
1993-12-06,3.165
1993-12-07,3.241
1993-12-08,3.245
1993-12-09,3.09
1993-12-10,2.318
1993-12-11,2.079
1993-12-12,1.852
1993-12-13,1.816
1993-12-14,1.79
1993-12-15,1.807
1993-12-16,1.743
1993-12-17,1.67
1993-12-18,1.67
1993-12-19,1.669
1993-12-20,1.618
1993-12-21,1.578
1993-12-22,1.57
1993-12-23,1.547
1993-12-24,1.535
1993-12-25,1.541
1993-12-26,1.512
1993-12-27,1.497
1993-12-28,1.48
1993-12-29,1.433
1993-12-30,1.423
1993-12-31,1.41
1994-01-01,1.402
1994-01-02,1.374
1994-01-03,1.352
1994-01-04,1.342
1994-01-05,1.336
1994-01-06,1.33
1994-01-07,1.33
1994-01-08,1.335
1994-01-09,1.338
1994-01-10,1.385
1994-01-11,1.383
1994-01-12,1.383
1994-01-13,1.32
1994-01-14,1.308
1994-01-15,1.275
1994-01-16,1.269
1994-01-17,1.261
1994-01-18,1.22
1994-01-19,1.207
1994-01-20,1.179
1994-01-21,1.151
1994-01-22,1.129
1994-01-23,1.114
1994-01-24,1.112
1994-01-25,1.102
1994-01-26,1.104
1994-01-27,1.114
1994-01-28,1.087
1994-01-29,1.072
1994-01-30,1.06
1994-01-31,1.03
1994-02-01,0.96
1994-02-02,0.923
1994-02-03,0.948
1994-02-04,0.95
1994-02-05,0.9
1994-02-06,0.903
1994-02-07,1.01
1994-02-08,1.09
1994-02-09,0.951
1994-02-10,0.952
1994-02-11,0.962
1994-02-12,0.907
1994-02-13,0.843
1994-02-14,0.867
1994-02-15,0.893
1994-02-16,0.85
1994-02-17,0.83
1994-02-18,0.834
1994-02-19,0.797
1994-02-20,0.792
1994-02-21,0.796
1994-02-22,0.797
1994-02-23,0.84
1994-02-24,0.974
1994-02-25,1.088
1994-02-26,1.28
1994-02-27,1.232
1994-02-28,1.381
1994-03-01,1.101
1994-03-02,0.84
1994-03-03,0.965
1994-03-04,1.242
1994-03-05,1.325
1994-03-06,1.454
1994-03-07,2.039
1994-03-08,1.381
1994-03-09,1.166
1994-03-10,0.894
1994-03-11,0.73
1994-03-12,0.701
1994-03-13,0.768
1994-03-14,0.886
1994-03-15,1.608
1994-03-16,2.373
1994-03-17,2.852
1994-03-18,2.09
1994-03-19,1.691
1994-03-20,1.492
1994-03-21,1.207
1994-03-22,0.979
1994-03-23,2.082
1994-03-24,13.051
1994-03-25,19.314
1994-03-26,24.945
1994-03-27,31.642
1994-03-28,31.456
1994-03-29,20.857
1994-03-30,9.763
1994-03-31,18.011
1994-04-01,11.953
1994-04-02,2.893
1994-04-03,0.7
1994-04-04,0.709
1994-04-05,1.765
1994-04-06,4.039
1994-04-07,1.728
1994-04-08,1.71
1994-04-09,1.836
1994-04-10,1.681
1994-04-11,3.017
1994-04-12,2.2
1994-04-13,1.446
1994-04-14,1.198
1994-04-15,1.527
1994-04-16,1.413
1994-04-17,1.665
1994-04-18,1.518
1994-04-19,5.418
1994-04-20,6.436
1994-04-21,21.367
1994-04-22,16.663
1994-04-23,7.729
1994-04-24,10.977
1994-04-25,15.772
1994-04-26,13.632
1994-04-27,16.582
1994-04-28,16.612
1994-04-29,23.145
1994-04-30,16.492
1994-05-01,21.61
1994-05-02,31.147
1994-05-03,29.46
1994-05-04,75.65
1994-05-05,74.579
1994-05-06,21.886
1994-05-07,9.574
1994-05-08,5.661
1994-05-09,2.983
1994-05-10,2.489
1994-05-11,2.098
1994-05-12,3.893
1994-05-13,8.426
1994-05-14,7.803
1994-05-15,11.644
1994-05-16,24.321
1994-05-17,24.162
1994-05-18,39.19
1994-05-19,46.53
1994-05-20,24.206
1994-05-21,12.82
1994-05-22,22.098
1994-05-23,13.508
1994-05-24,7.703
1994-05-25,9.981
1994-05-26,9.542
1994-05-27,13.573
1994-05-28,23.218
1994-05-29,26.671
1994-05-30,17.349
1994-05-31,11.446
1994-06-01,8.905
1994-06-02,4.789
1994-06-03,2.313
1994-06-04,1.432
1994-06-05,1.473
1994-06-06,1.253
1994-06-07,1.579
1994-06-08,8.6
1994-06-09,17.603
1994-06-10,12.013
1994-06-11,18.724
1994-06-12,21.635
1994-06-13,19.905
1994-06-14,16.744
1994-06-15,24.95
1994-06-16,26.222
1994-06-17,9.992
1994-06-18,28.272
1994-06-19,35.886
1994-06-20,18.585
1994-06-21,13.461
1994-06-22,42.649
1994-06-23,26.037
1994-06-24,21.132
1994-06-25,14.248
1994-06-26,8.417
1994-06-27,6.551
1994-06-28,7.471
1994-06-29,3.808
1994-06-30,2.882
1994-07-01,6.72
1994-07-02,15.98
1994-07-03,20.566
1994-07-04,25.248
1994-07-05,28.94
1994-07-06,32.368
1994-07-07,32.229
1994-07-08,39.934
1994-07-09,34.955
1994-07-10,18.496
1994-07-11,11.303
1994-07-12,6.938
1994-07-13,5.757
1994-07-14,16.476
1994-07-15,26.023
1994-07-16,25.436
1994-07-17,34.804
1994-07-18,26.82
1994-07-19,12.338
1994-07-20,11.465
1994-07-21,13.796
1994-07-22,18.288
1994-07-23,47.842
1994-07-24,37.479
1994-07-25,24.573
1994-07-26,32.841
1994-07-27,33.417
1994-07-28,18.736
1994-07-29,12.54
1994-07-30,21.268
1994-07-31,24.099
1994-08-01,28.836
1994-08-02,20.909
1994-08-03,20.863
1994-08-04,23.638
1994-08-05,30.114
1994-08-06,16.994
1994-08-07,7.962
1994-08-08,7.532
1994-08-09,8.265
1994-08-10,10.973
1994-08-11,10.166
1994-08-12,9.165
1994-08-13,13.486
1994-08-14,17.173
1994-08-15,33.238
1994-08-16,41.387
1994-08-17,51.188
1994-08-18,42.77
1994-08-19,48.082
1994-08-20,79.612
1994-08-21,86.819
1994-08-22,73.872
1994-08-23,88.579
1994-08-24,83.076
1994-08-25,72.64
1994-08-26,85.351
1994-08-27,54.378
1994-08-28,37.361
1994-08-29,30.084
1994-08-30,31.212
1994-08-31,22.368
1994-09-01,19.059
1994-09-02,19.58
1994-09-03,21.631
1994-09-04,21.882
1994-09-05,21.186
1994-09-06,20.723
1994-09-07,22.483
1994-09-08,31.472
1994-09-09,33.613
1994-09-10,41.407
1994-09-11,34.919
1994-09-12,19.783
1994-09-13,19.172
1994-09-14,18.381
1994-09-15,17.275
1994-09-16,17.349
1994-09-17,17.52
1994-09-18,17.582
1994-09-19,17.948
1994-09-20,17.27
1994-09-21,16.798
1994-09-22,15.661
1994-09-23,15.604
1994-09-24,15.627
1994-09-25,15.193
1994-09-26,14.843
1994-09-27,14.594
1994-09-28,14.237
1994-09-29,13.996
1994-09-30,13.796
1994-10-01,13.624
1994-10-02,13.343
1994-10-03,13.185
1994-10-04,13.903
1994-10-05,16.785
1994-10-06,16.473
1994-10-07,16.8
1994-10-08,14.113
1994-10-09,14.214
1994-10-10,16.73
1994-10-11,14.408
1994-10-12,13.964
1994-10-13,17.945
1994-10-14,15.837
1994-10-15,19.294
1994-10-16,15.128
1994-10-17,14.99
1994-10-18,20.453
1994-10-19,12.792
1994-10-20,13.267
1994-10-21,17.248
1994-10-22,21.57
1994-10-23,36.184
1994-10-24,32.818
1994-10-25,39.136
1994-10-26,32.779
1994-10-27,17.224
1994-10-28,9.162
1994-10-29,8.87
1994-10-30,12.706
1994-10-31,15.153
1994-11-01,24.306
1994-11-02,22.825
1994-11-03,32.363
1994-11-04,40.907
1994-11-05,36.829
1994-11-06,29.831
1994-11-07,20.015
1994-11-08,15.544
1994-11-09,14.331
1994-11-10,16.958
1994-11-11,19.256
1994-11-12,24.127
1994-11-13,35.117
1994-11-14,47.893
1994-11-15,110.85
1994-11-16,74.542
1994-11-17,53.532
1994-11-18,28.066
1994-11-19,16.432
1994-11-20,14.324
1994-11-21,13.36
1994-11-22,13.46
1994-11-23,13.538
1994-11-24,13.502
1994-11-25,13.78
1994-11-26,14.063
1994-11-27,14.101
1994-11-28,14.008
1994-11-29,13.719
1994-11-30,13.707
1994-12-01,12.768
1994-12-02,12.148
1994-12-03,11.932
1994-12-04,11.805
1994-12-05,11.817
1994-12-06,11.744
1994-12-07,13.22
1994-12-08,12.114
1994-12-09,11.683
1994-12-10,11.215
1994-12-11,10.793
1994-12-12,10.569
1994-12-13,10.403
1994-12-14,10.214
1994-12-15,10.029
1994-12-16,9.894
1994-12-17,9.826
1994-12-18,9.677
1994-12-19,9.458
1994-12-20,9.275
1994-12-21,9.112
1994-12-22,8.948
1994-12-23,8.757
1994-12-24,8.621
1994-12-25,8.447
1994-12-26,8.33
1994-12-27,8.216
1994-12-28,8.068
1994-12-29,7.91
1994-12-30,7.802
1994-12-31,7.649
1995-01-01,7.49
1995-01-02,7.351
1995-01-03,7.182
1995-01-04,7.058
1995-01-05,6.954
1995-01-06,6.814
1995-01-07,6.685
1995-01-08,6.585
1995-01-09,6.48
1995-01-10,6.342
1995-01-11,6.23
1995-01-12,6.145
1995-01-13,6.051
1995-01-14,5.918
1995-01-15,5.8
1995-01-16,5.762
1995-01-17,5.69
1995-01-18,5.558
1995-01-19,5.416
1995-01-20,5.325
1995-01-21,5.199
1995-01-22,5.123
1995-01-23,5.072
1995-01-24,4.943
1995-01-25,4.796
1995-01-26,4.705
1995-01-27,4.646
1995-01-28,4.58
1995-01-29,4.54
1995-01-30,4.442
1995-01-31,4.34
1995-02-01,4.292
1995-02-02,4.238
1995-02-03,4.181
1995-02-04,4.145
1995-02-05,4.077
1995-02-06,3.995
1995-02-07,3.911
1995-02-08,3.867
1995-02-09,3.812
1995-02-10,3.772
1995-02-11,3.786
1995-02-12,3.657
1995-02-13,3.53
1995-02-14,3.485
1995-02-15,3.466
1995-02-16,4.093
1995-02-17,4.908
1995-02-18,4.418
1995-02-19,5.775
1995-02-20,4.928
1995-02-21,3.616
1995-02-22,3.269
1995-02-23,3.091
1995-02-24,2.985
1995-02-25,2.966
1995-02-26,3.001
1995-02-27,2.979
1995-02-28,3.052
1995-03-01,3.201
1995-03-02,3.449
1995-03-03,3.512
1995-03-04,3.83
1995-03-05,3.803
1995-03-06,3.256
1995-03-07,2.91
1995-03-08,3.016
1995-03-09,3.229
1995-03-10,3.659
1995-03-11,3.4
1995-03-12,3.169
1995-03-13,3.018
1995-03-14,3.505
1995-03-15,4.889
1995-03-16,9.344
1995-03-17,10.186
1995-03-18,13.061
1995-03-19,4.705
1995-03-20,2.31
1995-03-21,2.214
1995-03-22,2.258
1995-03-23,2.334
1995-03-24,2.385
1995-03-25,2.639
1995-03-26,2.662
1995-03-27,3.104
1995-03-28,3.402
1995-03-29,2.665
1995-03-30,2.306
1995-03-31,2.384
1995-04-01,3.11
1995-04-02,2.533
1995-04-03,1.911
1995-04-04,1.867
1995-04-05,2.012
1995-04-06,2.402
1995-04-07,4.204
1995-04-08,14.268
1995-04-09,23.44
1995-04-10,11.81
1995-04-11,13.885
1995-04-12,22.11
1995-04-13,15.598
1995-04-14,17.501
1995-04-15,22.854
1995-04-16,15.378
1995-04-17,14.585
1995-04-18,7.276
1995-04-19,5.015
1995-04-20,4.43
1995-04-21,20.835
1995-04-22,23.753
1995-04-23,23.607
1995-04-24,21.415
1995-04-25,8.872
1995-04-26,5.58
1995-04-27,9.919
1995-04-28,26.556
1995-04-29,30.504
1995-04-30,37.862
1995-05-01,86.831
1995-05-02,153.15
1995-05-03,284.821
1995-05-04,532.023
1995-05-05,102.068
1995-05-06,6.407
1995-05-07,3.444
1995-05-08,5.22
1995-05-09,5.845
1995-05-10,46.317
1995-05-11,32.093
1995-05-12,44.4
1995-05-13,40.22
1995-05-14,25.097
1995-05-15,15.173
1995-05-16,13.148
1995-05-17,11.565
1995-05-18,5.062
1995-05-19,6.862
1995-05-20,8.644
1995-05-21,12.925
1995-05-22,9.731
1995-05-23,5.287
1995-05-24,2.695
1995-05-25,1.951
1995-05-26,2.367
1995-05-27,6.066
1995-05-28,9.882
1995-05-29,12.505
1995-05-30,12.756
1995-05-31,8.569
1995-06-01,10.09
1995-06-02,11.661
1995-06-03,13.542
1995-06-04,20.881
1995-06-05,13.966
1995-06-06,6.12
1995-06-07,2.987
1995-06-08,2.595
1995-06-09,2.279
1995-06-10,2.119
1995-06-11,2.053
1995-06-12,2.026
1995-06-13,2.083
1995-06-14,2.22
1995-06-15,2.51
1995-06-16,2.908
1995-06-17,3.296
1995-06-18,5.975
1995-06-19,6.78
1995-06-20,8.234
1995-06-21,7.259
1995-06-22,13.755
1995-06-23,15.273
1995-06-24,11.782
1995-06-25,10.845
1995-06-26,7.435
1995-06-27,6.627
1995-06-28,8.031
1995-06-29,11.47
1995-06-30,11.123
1995-07-01,18.669
1995-07-02,22.037
1995-07-03,10.86
1995-07-04,8.119
1995-07-05,20.967
1995-07-06,17.411
1995-07-07,19.848
1995-07-08,19.849
1995-07-09,23.88
1995-07-10,33.205
1995-07-11,36.319
1995-07-12,42.098
1995-07-13,32.646
1995-07-14,46.594
1995-07-15,37.455
1995-07-16,31.998
1995-07-17,40.341
1995-07-18,28.414
1995-07-19,22.609
1995-07-20,29.965
1995-07-21,34.134
1995-07-22,17.128
1995-07-23,8.572
1995-07-24,8.405
1995-07-25,11.4
1995-07-26,23.598
1995-07-27,22.258
1995-07-28,12.745
1995-07-29,15.777
1995-07-30,34.482
1995-07-31,21.082
1995-08-01,9.081
1995-08-02,8.769
1995-08-03,11.087
1995-08-04,8.264
1995-08-05,9.499
1995-08-06,20.428
1995-08-07,17.08
1995-08-08,15.43
1995-08-09,15.099
1995-08-10,18.128
1995-08-11,10.032
1995-08-12,8.365
1995-08-13,8.123
1995-08-14,11.458
1995-08-15,20.468
1995-08-16,11.875
1995-08-17,9.045
1995-08-18,10.834
1995-08-19,10.97
1995-08-20,7.511
1995-08-21,6.823
1995-08-22,7.002
1995-08-23,7.45
1995-08-24,7.642
1995-08-25,7.449
1995-08-26,7.143
1995-08-27,6.899
1995-08-28,6.73
1995-08-29,7.517
1995-08-30,8.69
1995-08-31,9.68
1995-09-01,9.64
1995-09-02,8.548
1995-09-03,8.295
1995-09-04,8.192
1995-09-05,9.932
1995-09-06,8.118
1995-09-07,7.18
1995-09-08,8.373
1995-09-09,8.893
1995-09-10,9.505
1995-09-11,7.498
1995-09-12,9.338
1995-09-13,8.23
1995-09-14,6.392
1995-09-15,5.989
1995-09-16,5.284
1995-09-17,5.037
1995-09-18,5.046
1995-09-19,5.099
1995-09-20,9.028
1995-09-21,7.058
1995-09-22,6.009
1995-09-23,5.52
1995-09-24,5.067
1995-09-25,5.562
1995-09-26,8.883
1995-09-27,6.418
1995-09-28,8.84
1995-09-29,10.659
1995-09-30,10.845
1995-10-01,11.361
1995-10-02,9.263
1995-10-03,9.704
1995-10-04,13.247
1995-10-05,21.694
1995-10-06,18.26
1995-10-07,31.291
1995-10-08,23.787
1995-10-09,11.725
1995-10-10,8.319
1995-10-11,7.86
1995-10-12,6.61
1995-10-13,5.895
1995-10-14,5.167
1995-10-15,4.908
1995-10-16,4.904
1995-10-17,5.031
1995-10-18,5.453
1995-10-19,5.718
1995-10-20,7.253
1995-10-21,7.301
1995-10-22,7.728
1995-10-23,46.146
1995-10-24,35.341
1995-10-25,33.129
1995-10-26,41.55
1995-10-27,33.879
1995-10-28,33.988
1995-10-29,18.742
1995-10-30,19.952
1995-10-31,20.843
1995-11-01,17.627
1995-11-02,13.732
1995-11-03,16.242
1995-11-04,27.12
1995-11-05,13.66
1995-11-06,11.433
1995-11-07,14.587
1995-11-08,30.091
1995-11-09,32.106
1995-11-10,34.994
1995-11-11,18.121
1995-11-12,7.176
1995-11-13,7.143
1995-11-14,21.14
1995-11-15,42.512
1995-11-16,43.068
1995-11-17,29.292
1995-11-18,15.289
1995-11-19,9.149
1995-11-20,9.106
1995-11-21,9.176
1995-11-22,9.547
1995-11-23,10.126
1995-11-24,10.17
1995-11-25,10.345
1995-11-26,9.583
1995-11-27,9.209
1995-11-28,9.112
1995-11-29,9.313
1995-11-30,8.802
1995-12-01,8.522
1995-12-02,8.432
1995-12-03,8.322
1995-12-04,8.244
1995-12-05,8.147
1995-12-06,8.045
1995-12-07,7.961
1995-12-08,7.887
1995-12-09,7.75
1995-12-10,7.635
1995-12-11,7.534
1995-12-12,7.418
1995-12-13,7.289
1995-12-14,7.149
1995-12-15,7.033
1995-12-16,6.907
1995-12-17,6.876
1995-12-18,7.421
1995-12-19,8.165
1995-12-20,9.055
1995-12-21,9.29
1995-12-22,7.868
1995-12-23,6.615
1995-12-24,6.143
1995-12-25,6.019
1995-12-26,5.952
1995-12-27,5.999
1995-12-28,6.353
1995-12-29,7.002
1995-12-30,6.59
1995-12-31,6.043
1996-01-01,5.651
1996-01-02,5.457
1996-01-03,5.307
1996-01-04,5.179
1996-01-05,5.092
1996-01-06,5.145
1996-01-07,5.79
1996-01-08,5.895
1996-01-09,5.978
1996-01-10,5.543
1996-01-11,4.82
1996-01-12,4.652
1996-01-13,4.761
1996-01-14,4.973
1996-01-15,5.391
1996-01-16,5.02
1996-01-17,4.444
1996-01-18,4.233
1996-01-19,4.14
1996-01-20,4.098
1996-01-21,4.044
1996-01-22,3.983
1996-01-23,3.961
1996-01-24,3.916
1996-01-25,3.865
1996-01-26,3.797
1996-01-27,3.757
1996-01-28,3.695
1996-01-29,3.645
1996-01-30,3.579
1996-01-31,3.528
1996-02-01,3.482
1996-02-02,3.405
1996-02-03,3.386
1996-02-04,3.392
1996-02-05,3.625
1996-02-06,3.7
1996-02-07,4.009
1996-02-08,3.452
1996-02-09,3.184
1996-02-10,3.085
1996-02-11,3.032
1996-02-12,3.008
1996-02-13,3.068
1996-02-14,3.251
1996-02-15,3.264
1996-02-16,3.464
1996-02-17,3.24
1996-02-18,4.859
1996-02-19,5.445
1996-02-20,4.556
1996-02-21,4.079
1996-02-22,4.008
1996-02-23,3.008
1996-02-24,2.688
1996-02-25,2.725
1996-02-26,2.755
1996-02-27,2.833
1996-02-28,2.79
1996-02-29,2.693
1996-03-01,2.863
1996-03-02,2.713
1996-03-03,2.637
1996-03-04,2.895
1996-03-05,2.439
1996-03-06,2.235
1996-03-07,2.183
1996-03-08,2.183
1996-03-09,2.134
1996-03-10,2.11
1996-03-11,2.075
1996-03-12,2.037
1996-03-13,1.978
1996-03-14,1.945
1996-03-15,1.961
1996-03-16,2.128
1996-03-17,2.475
1996-03-18,4.443
1996-03-19,4.342
1996-03-20,14.349
1996-03-21,17.541
1996-03-22,13.805
1996-03-23,24.206
1996-03-24,95.129
1996-03-25,41.25
1996-03-26,6.285
1996-03-27,6.132
1996-03-28,7.374
1996-03-29,12.657
1996-03-30,17.999
1996-03-31,8.471
1996-04-01,3.997
1996-04-02,5.708
1996-04-03,4.789
1996-04-04,3.22
1996-04-05,3.558
1996-04-06,3.231
1996-04-07,5.625
1996-04-08,9.538
1996-04-09,10.049
1996-04-10,9.639
1996-04-11,13.167
1996-04-12,8.399
1996-04-13,2.114
1996-04-14,2.112
1996-04-15,4.851
1996-04-16,15.326
1996-04-17,24.841
1996-04-18,25.892
1996-04-19,51.71
1996-04-20,57.745
1996-04-21,34.133
1996-04-22,17.339
1996-04-23,3.603
1996-04-24,1.808
1996-04-25,1.709
1996-04-26,1.884
1996-04-27,3.032
1996-04-28,4.36
1996-04-29,6.574
1996-04-30,8.544
1996-05-01,10.879
1996-05-02,5.077
1996-05-03,3.626
1996-05-04,7.419
1996-05-05,3.001
1996-05-06,2.057
1996-05-07,2.074
1996-05-08,1.99
1996-05-09,2.453
1996-05-10,3.314
1996-05-11,7.445
1996-05-12,13.544
1996-05-13,24.01
1996-05-14,20.769
1996-05-15,30.812
1996-05-16,20.932
1996-05-17,13.646
1996-05-18,5.493
1996-05-19,46.701
1996-05-20,83.124
1996-05-21,66.892
1996-05-22,39.96
1996-05-23,26.016
1996-05-24,48.253
1996-05-25,41.487
1996-05-26,30.459
1996-05-27,26.699
1996-05-28,18.445
1996-05-29,17.341
1996-05-30,16.008
1996-05-31,17.633
1996-06-01,18.038
1996-06-02,22.895
1996-06-03,23.928
1996-06-04,29.294
1996-06-05,62.452
1996-06-06,44.911
1996-06-07,19.039
1996-06-08,11.041
1996-06-09,14.785
1996-06-10,14.368
1996-06-11,13.389
1996-06-12,19.562
1996-06-13,19.358
1996-06-14,16.046
1996-06-15,19.8
1996-06-16,24.02
1996-06-17,34.37
1996-06-18,28.462
1996-06-19,16.343
1996-06-20,6.43
1996-06-21,5.615
1996-06-22,5.28
1996-06-23,5.552
1996-06-24,6.216
1996-06-25,10.314
1996-06-26,10.862
1996-06-27,11.204
1996-06-28,14.484
1996-06-29,9.728
1996-06-30,6.766
1996-07-01,5.693
1996-07-02,5.096
1996-07-03,4.979
1996-07-04,4.875
1996-07-05,4.93
1996-07-06,5.075
1996-07-07,5.667
1996-07-08,5.385
1996-07-09,5.357
1996-07-10,6.963
1996-07-11,16.785
1996-07-12,13.892
1996-07-13,14.687
1996-07-14,23.848
1996-07-15,32.596
1996-07-16,28.806
1996-07-17,32.265
1996-07-18,35.776
1996-07-19,35.332
1996-07-20,29.506
1996-07-21,37.582
1996-07-22,42.026
1996-07-23,27.956
1996-07-24,18.47
1996-07-25,26.09
1996-07-26,16.808
1996-07-27,10.774
1996-07-28,13.232
1996-07-29,16.825
1996-07-30,12.669
1996-07-31,6.881
1996-08-01,6.555
1996-08-02,7.285
1996-08-03,8.969
1996-08-04,9.062
1996-08-05,9.511
1996-08-06,12.116
1996-08-07,14.499
1996-08-08,11.629
1996-08-09,9.952
1996-08-10,8.781
1996-08-11,6.463
1996-08-12,5.539
1996-08-13,5.521
1996-08-14,5.677
1996-08-15,6.713
1996-08-16,9.515
1996-08-17,13.378
1996-08-18,15.267
1996-08-19,11.89
1996-08-20,10.259
1996-08-21,9.2
1996-08-22,11.247
1996-08-23,16.163
1996-08-24,32.963
1996-08-25,54.502
1996-08-26,56.347
1996-08-27,63.485
1996-08-28,46.053
1996-08-29,39.376
1996-08-30,38.978
1996-08-31,33.509
1996-09-01,33.373
1996-09-02,38.703
1996-09-03,42.23
1996-09-04,48.77
1996-09-05,87.693
1996-09-06,77.368
1996-09-07,69.27
1996-09-08,39.011
1996-09-09,14.907
1996-09-10,12.452
1996-09-11,14.367
1996-09-12,18.284
1996-09-13,20.448
1996-09-14,22.572
1996-09-15,24.167
1996-09-16,20.342
1996-09-17,21.291
1996-09-18,114.706
1996-09-19,264.128
1996-09-20,284.244
1996-09-21,332.368
1996-09-22,85.97
1996-09-23,31.445
1996-09-24,21.557
1996-09-25,21.337
1996-09-26,26.106
1996-09-27,21.277
1996-09-28,20.731
1996-09-29,20.748
1996-09-30,22.373
1996-10-01,23.156
1996-10-02,23.141
1996-10-03,23.339
1996-10-04,23.003
1996-10-05,22.521
1996-10-06,20.917
1996-10-07,20.03
1996-10-08,20.128
1996-10-09,20.094
1996-10-10,19.26
1996-10-11,18.745
1996-10-12,18.612
1996-10-13,18.385
1996-10-14,17.838
1996-10-15,17.542
1996-10-16,17.323
1996-10-17,17.36
1996-10-18,17.25
1996-10-19,16.862
1996-10-20,16.45
1996-10-21,16.02
1996-10-22,15.724
1996-10-23,16.401
1996-10-24,16.568
1996-10-25,15.617
1996-10-26,15.279
1996-10-27,14.962
1996-10-28,15.353
1996-10-29,16.915
1996-10-30,17.664
1996-10-31,17.035
1996-11-01,15.961
1996-11-02,14.484
1996-11-03,13.113
1996-11-04,13.951
1996-11-05,15.964
1996-11-06,15.255
1996-11-07,13.198
1996-11-08,12.531
1996-11-09,11.931
1996-11-10,11.745
1996-11-11,11.528
1996-11-12,11.25
1996-11-13,10.982
1996-11-14,10.853
1996-11-15,11.065
1996-11-16,11.298
1996-11-17,11.075
1996-11-18,10.443
1996-11-19,10.032
1996-11-20,9.867
1996-11-21,9.689
1996-11-22,9.675
1996-11-23,10.291
1996-11-24,10.161
1996-11-25,11.139
1996-11-26,12.202
1996-11-27,15.027
1996-11-28,16.217
1996-11-29,16.007
1996-11-30,16.522
1996-12-01,12.102
1996-12-02,9.103
1996-12-03,8.585
1996-12-04,8.1
1996-12-05,7.88
1996-12-06,7.782
1996-12-07,7.675
1996-12-08,7.517
1996-12-09,7.433
1996-12-10,7.324
1996-12-11,7.22
1996-12-12,7.133
1996-12-13,7.012
1996-12-14,6.907
1996-12-15,6.847
1996-12-16,6.884
1996-12-17,6.745
1996-12-18,6.671
1996-12-19,6.556
1996-12-20,6.4
1996-12-21,6.237
1996-12-22,6.139
1996-12-23,6.084
1996-12-24,6.143
1996-12-25,6.115
1996-12-26,5.863
1996-12-27,5.728
1996-12-28,5.663
1996-12-29,5.572
1996-12-30,5.47
1996-12-31,5.362
1997-01-01,5.294
1997-01-02,5.174
1997-01-03,5.087
1997-01-04,5.018
1997-01-05,4.994
1997-01-06,4.953
1997-01-07,4.833
1997-01-08,4.74
1997-01-09,4.685
1997-01-10,4.685
1997-01-11,4.729
1997-01-12,4.706
1997-01-13,4.591
1997-01-14,4.404
1997-01-15,4.313
1997-01-16,4.285
1997-01-17,4.392
1997-01-18,4.454
1997-01-19,4.381
1997-01-20,4.392
1997-01-21,4.407
1997-01-22,4.306
1997-01-23,4.05
1997-01-24,3.828
1997-01-25,3.746
1997-01-26,3.704
1997-01-27,3.67
1997-01-28,3.578
1997-01-29,3.528
1997-01-30,3.473
1997-01-31,3.423
1997-02-01,3.376
1997-02-02,3.351
1997-02-03,3.408
1997-02-04,3.369
1997-02-05,3.229
1997-02-06,3.13
1997-02-07,3.082
1997-02-08,3.057
1997-02-09,3.034
1997-02-10,3.02
1997-02-11,2.955
1997-02-12,2.898
1997-02-13,2.843
1997-02-14,2.789
1997-02-15,2.795
1997-02-16,2.768
1997-02-17,2.709
1997-02-18,2.583
1997-02-19,2.508
1997-02-20,2.48
1997-02-21,2.471
1997-02-22,2.464
1997-02-23,2.456
1997-02-24,2.406
1997-02-25,2.394
1997-02-26,2.349
1997-02-27,2.289
1997-02-28,2.269
1997-03-01,2.258
1997-03-02,2.217
1997-03-03,2.199
1997-03-04,2.208
1997-03-05,2.176
1997-03-06,2.149
1997-03-07,2.128
1997-03-08,2.088
1997-03-09,2.045
1997-03-10,2.002
1997-03-11,1.96
1997-03-12,1.95
1997-03-13,1.944
1997-03-14,1.891
1997-03-15,1.878
1997-03-16,1.84
1997-03-17,1.811
1997-03-18,1.786
1997-03-19,1.731
1997-03-20,1.726
1997-03-21,1.709
1997-03-22,1.674
1997-03-23,1.662
1997-03-24,1.634
1997-03-25,1.952
1997-03-26,2.51
1997-03-27,2.602
1997-03-28,3.03
1997-03-29,3.523
1997-03-30,5.375
1997-03-31,7.592
1997-04-01,18.635
1997-04-02,13.702
1997-04-03,8.227
1997-04-04,14.199
1997-04-05,33.018
1997-04-06,18.668
1997-04-07,16.233
1997-04-08,28.362
1997-04-09,30.042
1997-04-10,48.385
1997-04-11,40.947
1997-04-12,18.398
1997-04-13,8.591
1997-04-14,3.61
1997-04-15,3.156
1997-04-16,2.155
1997-04-17,1.706
1997-04-18,1.556
1997-04-19,1.749
1997-04-20,5.231
1997-04-21,8.326
1997-04-22,24.985
1997-04-23,30.913
1997-04-24,33.436
1997-04-25,22.903
1997-04-26,50.814
1997-04-27,85.953
1997-04-28,91.975
1997-04-29,90.092
1997-04-30,105.709
1997-05-01,68.623
1997-05-02,55.5
1997-05-03,83.988
1997-05-04,74.087
1997-05-05,39.771
1997-05-06,13.961
1997-05-07,5.877
1997-05-08,8.861
1997-05-09,3.763
1997-05-10,2.36
1997-05-11,6.322
1997-05-12,11.727
1997-05-13,28.343
1997-05-14,19.36
1997-05-15,16.062
1997-05-16,37.947
1997-05-17,66.947
1997-05-18,43.918
1997-05-19,44.217
1997-05-20,33.805
1997-05-21,7.988
1997-05-22,3.332
1997-05-23,3.072
1997-05-24,3.042
1997-05-25,3.172
1997-05-26,3.242
1997-05-27,3.367
1997-05-28,3.35
1997-05-29,3.383
1997-05-30,4.035
1997-05-31,3.944
1997-06-01,4.413
1997-06-02,3.79
1997-06-03,4.01
1997-06-04,3.647
1997-06-05,3.36
1997-06-06,3.215
1997-06-07,3.179
1997-06-08,3.104
1997-06-09,3.064
1997-06-10,3.035
1997-06-11,2.982
1997-06-12,2.942
1997-06-13,2.988
1997-06-14,3.067
1997-06-15,3.23
1997-06-16,5.575
1997-06-17,9.765
1997-06-18,25.689
1997-06-19,114.757
1997-06-20,101.438
1997-06-21,23.302
1997-06-22,18.284
1997-06-23,35.571
1997-06-24,33.91
1997-06-25,10.998
1997-06-26,4.682
1997-06-27,3.39
1997-06-28,3.42
1997-06-29,3.775
1997-06-30,4.848
1997-07-01,6.969
1997-07-02,14.304
1997-07-03,24.668
1997-07-04,35.523
1997-07-05,40.346
1997-07-06,36.983
1997-07-07,34.262
1997-07-08,42.575
1997-07-09,30.178
1997-07-10,25.497
1997-07-11,43.024
1997-07-12,36.235
1997-07-13,25.006
1997-07-14,12.618
1997-07-15,7.619
1997-07-16,6.538
1997-07-17,3.8
1997-07-18,3.047
1997-07-19,2.938
1997-07-20,3.423
1997-07-21,4.035
1997-07-22,4.421
1997-07-23,5.633
1997-07-24,6.936
1997-07-25,6.58
1997-07-26,7.0
1997-07-27,10.523
1997-07-28,21.484
1997-07-29,24.094
1997-07-30,13.876
1997-07-31,6.054
1997-08-01,6.099
1997-08-02,11.361
1997-08-03,18.259
1997-08-04,19.074
1997-08-05,16.421
1997-08-06,16.286
1997-08-07,15.919
1997-08-08,9.816
1997-08-09,9.522
1997-08-10,13.65
1997-08-11,14.142
1997-08-12,7.324
1997-08-13,4.222
1997-08-14,3.775
1997-08-15,3.553
1997-08-16,3.615
1997-08-17,3.651
1997-08-18,3.573
1997-08-19,3.487
1997-08-20,3.641
1997-08-21,3.804
1997-08-22,4.033
1997-08-23,4.642
1997-08-24,4.157
1997-08-25,4.065
1997-08-26,4.367
1997-08-27,5.375
1997-08-28,4.159
1997-08-29,4.156
1997-08-30,4.332
1997-08-31,3.978
1997-09-01,3.613
1997-09-02,3.388
1997-09-03,3.31
1997-09-04,3.268
1997-09-05,3.251
1997-09-06,3.24
1997-09-07,3.256
1997-09-08,3.227
1997-09-09,3.193
1997-09-10,3.13
1997-09-11,3.07
1997-09-12,3.04
1997-09-13,3.077
1997-09-14,3.282
1997-09-15,3.312
1997-09-16,3.678
1997-09-17,3.485
1997-09-18,2.978
1997-09-19,2.813
1997-09-20,2.755
1997-09-21,2.73
1997-09-22,2.701
1997-09-23,2.672
1997-09-24,2.667
1997-09-25,2.619
1997-09-26,2.586
1997-09-27,2.608
1997-09-28,2.744
1997-09-29,2.736
1997-09-30,2.728
1997-10-01,2.568
1997-10-02,2.553
1997-10-03,2.444
1997-10-04,2.372
1997-10-05,2.379
1997-10-06,2.321
1997-10-07,2.432
1997-10-08,2.488
1997-10-09,2.452
1997-10-10,2.448
1997-10-11,3.483
1997-10-12,7.994
1997-10-13,11.027
1997-10-14,8.275
1997-10-15,4.283
1997-10-16,2.643
1997-10-17,2.925
1997-10-18,4.991
1997-10-19,11.361
1997-10-20,17.808
1997-10-21,39.331
1997-10-22,169.035
1997-10-23,203.722
1997-10-24,192.171
1997-10-25,152.171
1997-10-26,98.706
1997-10-27,29.339
1997-10-28,12.308
1997-10-29,30.742
1997-10-30,22.488
1997-10-31,26.154
1997-11-01,13.948
1997-11-02,17.07
1997-11-03,29.01
1997-11-04,12.778
1997-11-05,13.835
1997-11-06,17.984
1997-11-07,16.272
1997-11-08,20.538
1997-11-09,17.698
1997-11-10,10.607
1997-11-11,20.131
1997-11-12,14.794
1997-11-13,30.763
1997-11-14,25.771
1997-11-15,31.877
1997-11-16,103.41
1997-11-17,69.684
1997-11-18,61.647
1997-11-19,44.409
1997-11-20,36.032
1997-11-21,57.376
1997-11-22,99.591
1997-11-23,102.502
1997-11-24,101.86
1997-11-25,57.03
1997-11-26,25.29
1997-11-27,10.471
1997-11-28,8.849
1997-11-29,9.118
1997-11-30,8.835
1997-12-01,8.942
1997-12-02,8.696
1997-12-03,8.16
1997-12-04,7.888
1997-12-05,8.66
1997-12-06,19.843
1997-12-07,51.725
1997-12-08,83.097
1997-12-09,119.22
1997-12-10,94.009
1997-12-11,91.422
1997-12-12,43.842
1997-12-13,13.421
1997-12-14,14.924
1997-12-15,17.17
1997-12-16,17.234
1997-12-17,23.35
1997-12-18,20.818
1997-12-19,16.548
1997-12-20,22.466
1997-12-21,40.708
1997-12-22,65.529
1997-12-23,43.542
1997-12-24,25.645
1997-12-25,17.329
1997-12-26,18.338
1997-12-27,26.393
1997-12-28,30.127
1997-12-29,27.434
1997-12-30,19.067
1997-12-31,13.583
1998-01-01,11.132
1998-01-02,10.76
1998-01-03,11.632
1998-01-04,15.783
1998-01-05,19.3
1998-01-06,19.088
1998-01-07,32.69
1998-01-08,20.336
1998-01-09,11.88
1998-01-10,10.712
1998-01-11,14.275
1998-01-12,20.465
1998-01-13,30.11
1998-01-14,25.498
1998-01-15,16.063
1998-01-16,24.748
1998-01-17,18.296
1998-01-18,10.802
1998-01-19,10.308
1998-01-20,10.339
1998-01-21,10.519
1998-01-22,10.254
1998-01-23,10.145
1998-01-24,10.85
1998-01-25,9.892
1998-01-26,9.376
1998-01-27,9.248
1998-01-28,9.16
1998-01-29,9.162
1998-01-30,9.185
1998-01-31,9.139
1998-02-01,9.205
1998-02-02,8.902
1998-02-03,8.698
1998-02-04,8.594
1998-02-05,8.477
1998-02-06,8.353
1998-02-07,8.25
1998-02-08,8.298
1998-02-09,9.208
1998-02-10,11.192
1998-02-11,11.259
1998-02-12,14.016
1998-02-13,18.448
1998-02-14,12.45
1998-02-15,8.79
1998-02-16,7.594
1998-02-17,7.345
1998-02-18,7.208
1998-02-19,7.127
1998-02-20,7.02
1998-02-21,6.956
1998-02-22,6.892
1998-02-23,6.77
1998-02-24,6.689
1998-02-25,6.601
1998-02-26,6.513
1998-02-27,6.384
1998-02-28,6.273
1998-03-01,6.15
1998-03-02,6.065
1998-03-03,6.015
1998-03-04,5.92
1998-03-05,5.802
1998-03-06,5.695
1998-03-07,5.592
1998-03-08,5.487
1998-03-09,5.448
1998-03-10,5.407
1998-03-11,5.402
1998-03-12,5.259
1998-03-13,5.109
1998-03-14,5.001
1998-03-15,4.908
1998-03-16,4.813
1998-03-17,4.698
1998-03-18,4.644
1998-03-19,4.591
1998-03-20,4.526
1998-03-21,4.493
1998-03-22,4.617
1998-03-23,4.79
1998-03-24,4.77
1998-03-25,4.521
1998-03-26,4.273
1998-03-27,4.121
1998-03-28,4.025
1998-03-29,3.882
1998-03-30,3.79
1998-03-31,3.697
1998-04-01,3.66
1998-04-02,3.618
1998-04-03,3.56
1998-04-04,3.443
1998-04-05,3.44
1998-04-06,4.091
1998-04-07,5.232
1998-04-08,5.866
1998-04-09,4.975
1998-04-10,4.695
1998-04-11,6.627
1998-04-12,10.378
1998-04-13,21.495
1998-04-14,20.16
1998-04-15,11.085
1998-04-16,5.531
1998-04-17,3.241
1998-04-18,4.551
1998-04-19,11.455
1998-04-20,12.757
1998-04-21,15.347
1998-04-22,6.921
1998-04-23,3.475
1998-04-24,4.687
1998-04-25,9.092
1998-04-26,13.359
1998-04-27,11.398
1998-04-28,8.864
1998-04-29,5.715
1998-04-30,4.086
1998-05-01,2.838
1998-05-02,2.814
1998-05-03,4.36
1998-05-04,6.913
1998-05-05,9.719
1998-05-06,9.615
1998-05-07,10.66
1998-05-08,12.139
1998-05-09,25.154
1998-05-10,21.922
1998-05-11,32.279
1998-05-12,40.318
1998-05-13,49.07
1998-05-14,42.536
1998-05-15,47.097
1998-05-16,23.577
1998-05-17,10.294
1998-05-18,13.772
1998-05-19,9.76
1998-05-20,4.93
1998-05-21,3.266
1998-05-22,2.62
1998-05-23,2.603
1998-05-24,3.26
1998-05-25,7.11
1998-05-26,11.702
1998-05-27,8.709
1998-05-28,6.007
1998-05-29,5.002
1998-05-30,3.071
1998-05-31,2.744
1998-06-01,2.556
1998-06-02,3.633
1998-06-03,6.041
1998-06-04,4.375
1998-06-05,4.285
1998-06-06,5.745
1998-06-07,6.114
1998-06-08,6.948
1998-06-09,12.555
1998-06-10,12.617
1998-06-11,15.14
1998-06-12,15.625
1998-06-13,11.392
1998-06-14,3.619
1998-06-15,2.541
1998-06-16,2.642
1998-06-17,2.702
1998-06-18,3.833
1998-06-19,4.259
1998-06-20,4.978
1998-06-21,5.44
1998-06-22,6.368
1998-06-23,5.178
1998-06-24,2.565
1998-06-25,2.326
1998-06-26,2.286
1998-06-27,3.142
1998-06-28,3.481
1998-06-29,3.663
1998-06-30,5.756
1998-07-01,5.308
1998-07-02,3.568
1998-07-03,3.425
1998-07-04,3.277
1998-07-05,3.177
1998-07-06,5.215
1998-07-07,4.024
1998-07-08,2.232
1998-07-09,2.094
1998-07-10,2.218
1998-07-11,2.243
1998-07-12,2.695
1998-07-13,2.931
1998-07-14,2.974
1998-07-15,3.57
1998-07-16,3.642
1998-07-17,3.358
1998-07-18,5.174
1998-07-19,4.287
1998-07-20,7.938
1998-07-21,33.302
1998-07-22,37.531
1998-07-23,12.412
1998-07-24,9.491
1998-07-25,4.11
1998-07-26,4.127
1998-07-27,4.056
1998-07-28,5.387
1998-07-29,13.326
1998-07-30,14.06
1998-07-31,8.911
1998-08-01,19.768
1998-08-02,17.047
1998-08-03,20.0
1998-08-04,17.777
1998-08-05,10.53
1998-08-06,6.385
1998-08-07,3.651
1998-08-08,3.127
1998-08-09,2.922
1998-08-10,2.341
1998-08-11,2.196
1998-08-12,2.729
1998-08-13,2.653
1998-08-14,2.366
1998-08-15,3.282
1998-08-16,7.076
1998-08-17,7.215
1998-08-18,6.286
1998-08-19,7.826
1998-08-20,9.71
1998-08-21,9.41
1998-08-22,8.706
1998-08-23,6.623
1998-08-24,4.624
1998-08-25,4.204
1998-08-26,5.29
1998-08-27,9.085
1998-08-28,15.52
1998-08-29,57.019
1998-08-30,112.908
1998-08-31,62.965
1998-09-01,54.15
1998-09-02,39.784
1998-09-03,16.188
1998-09-04,7.478
1998-09-05,5.175
1998-09-06,3.141
1998-09-07,3.063
1998-09-08,2.898
1998-09-09,2.884
1998-09-10,3.005
1998-09-11,2.935
1998-09-12,2.872
1998-09-13,3.073
1998-09-14,3.095
1998-09-15,3.165
1998-09-16,3.159
1998-09-17,3.509
1998-09-18,3.395
1998-09-19,3.914
1998-09-20,3.983
1998-09-21,3.668
1998-09-22,3.483
1998-09-23,3.535
1998-09-24,3.69
1998-09-25,3.899
1998-09-26,3.539
1998-09-27,3.55
1998-09-28,3.274
1998-09-29,3.687
1998-09-30,12.138
1998-10-01,10.388
1998-10-02,23.492
1998-10-03,33.442
1998-10-04,30.395
1998-10-05,23.977
1998-10-06,25.578
1998-10-07,15.072
1998-10-08,23.138
1998-10-09,10.145
1998-10-10,8.759
1998-10-11,6.751
1998-10-12,6.009
1998-10-13,6.076
1998-10-14,13.86
1998-10-15,27.292
1998-10-16,21.405
1998-10-17,14.619
1998-10-18,21.391
1998-10-19,17.586
1998-10-20,23.08
1998-10-21,10.134
1998-10-22,3.832
1998-10-23,3.185
1998-10-24,5.266
1998-10-25,8.917
1998-10-26,12.833
1998-10-27,25.882
1998-10-28,31.302
1998-10-29,21.069
1998-10-30,5.522
1998-10-31,3.43
1998-11-01,3.189
1998-11-02,3.76
1998-11-03,3.891
1998-11-04,4.294
1998-11-05,3.944
1998-11-06,3.034
1998-11-07,2.786
1998-11-08,2.986
1998-11-09,2.879
1998-11-10,2.78
1998-11-11,3.374
1998-11-12,9.935
1998-11-13,9.298
1998-11-14,7.332
1998-11-15,4.76
1998-11-16,3.422
1998-11-17,2.734
1998-11-18,2.688
1998-11-19,2.663
1998-11-20,2.741
1998-11-21,2.813
1998-11-22,2.613
1998-11-23,2.53
1998-11-24,2.534
1998-11-25,2.492
1998-11-26,2.505
1998-11-27,2.485
1998-11-28,2.44
1998-11-29,2.45
1998-11-30,2.418
1998-12-01,2.378
1998-12-02,2.36
1998-12-03,2.351
1998-12-04,2.312
1998-12-05,2.295
1998-12-06,2.265
1998-12-07,2.259
1998-12-08,2.24
1998-12-09,2.24
1998-12-10,2.225
1998-12-11,2.202
1998-12-12,2.17
1998-12-13,2.159
1998-12-14,2.121
1998-12-15,2.076
1998-12-16,2.072
1998-12-17,2.025
1998-12-18,2.027
1998-12-19,2.133
1998-12-20,2.131
1998-12-21,2.15
1998-12-22,2.013
1998-12-23,1.879
1998-12-24,1.854
1998-12-25,1.851
1998-12-26,1.812
1998-12-27,1.822
1998-12-28,1.817
1998-12-29,1.82
1998-12-30,1.788
1998-12-31,1.766
1999-01-01,1.744
1999-01-02,1.772
1999-01-03,1.855
1999-01-04,1.761
1999-01-05,1.709
1999-01-06,1.686
1999-01-07,1.684
1999-01-08,1.652
1999-01-09,1.647
1999-01-10,1.632
1999-01-11,1.65
1999-01-12,1.669
1999-01-13,1.61
1999-01-14,1.572
1999-01-15,1.585
1999-01-16,1.585
1999-01-17,1.756
1999-01-18,2.129
1999-01-19,1.873
1999-01-20,2.032
1999-01-21,1.813
1999-01-22,1.624
1999-01-23,1.476
1999-01-24,1.415
1999-01-25,1.407
1999-01-26,1.381
1999-01-27,1.376
1999-01-28,1.38
1999-01-29,1.352
1999-01-30,1.32
1999-01-31,1.331
1999-02-01,1.314
1999-02-02,1.344
1999-02-03,1.282
1999-02-04,1.196
1999-02-05,1.166
1999-02-06,1.155
1999-02-07,1.153
1999-02-08,1.125
1999-02-09,1.11
1999-02-10,1.123
1999-02-11,1.121
1999-02-12,1.137
1999-02-13,1.151
1999-02-14,1.19
1999-02-15,1.156
1999-02-16,1.127
1999-02-17,1.122
1999-02-18,1.089
1999-02-19,1.068
1999-02-20,1.042
1999-02-21,1.016
1999-02-22,1.019
1999-02-23,1.013
1999-02-24,1.0
1999-02-25,0.98
1999-02-26,0.974
1999-02-27,1.0
1999-02-28,1.008
1999-03-01,1.03
1999-03-02,1.054
1999-03-03,1.078
1999-03-04,1.048
1999-03-05,1.041
1999-03-06,1.078
1999-03-07,1.193
1999-03-08,1.678
1999-03-09,4.184
1999-03-10,15.981
1999-03-11,10.271
1999-03-12,8.699
1999-03-13,6.029
1999-03-14,3.52
1999-03-15,2.745
1999-03-16,2.313
1999-03-17,4.693
1999-03-18,3.174
1999-03-19,1.31
1999-03-20,1.244
1999-03-21,1.72
1999-03-22,1.29
1999-03-23,1.079
1999-03-24,0.99
1999-03-25,0.987
1999-03-26,0.949
1999-03-27,3.679
1999-03-28,6.815
1999-03-29,4.305
1999-03-30,6.737
1999-03-31,10.128
1999-04-01,23.418
1999-04-02,27.791
1999-04-03,29.679
1999-04-04,39.045
1999-04-05,30.645
1999-04-06,7.097
1999-04-07,1.306
1999-04-08,0.987
1999-04-09,1.478
1999-04-10,5.717
1999-04-11,9.513
1999-04-12,7.877
1999-04-13,4.188
1999-04-14,1.629
1999-04-15,1.441
1999-04-16,2.896
1999-04-17,8.307
1999-04-18,3.238
1999-04-19,14.819
1999-04-20,20.361
1999-04-21,17.271
1999-04-22,19.374
1999-04-23,19.813
1999-04-24,8.013
1999-04-25,3.582
1999-04-26,17.94
1999-04-27,28.083
1999-04-28,37.762
1999-04-29,46.122
1999-04-30,54.399
1999-05-01,40.442
1999-05-02,46.056
1999-05-03,34.928
1999-05-04,43.516
1999-05-05,31.524
1999-05-06,16.765
1999-05-07,29.518
1999-05-08,34.773
1999-05-09,34.211
1999-05-10,15.517
1999-05-11,13.038
1999-05-12,7.991
1999-05-13,4.333
1999-05-14,3.296
1999-05-15,8.668
1999-05-16,15.703
1999-05-17,25.897
1999-05-18,27.458
1999-05-19,37.594
1999-05-20,13.009
1999-05-21,8.235
1999-05-22,5.495
1999-05-23,2.227
1999-05-24,2.003
1999-05-25,2.07
1999-05-26,2.026
1999-05-27,2.276
1999-05-28,10.353
1999-05-29,9.105
1999-05-30,13.906
1999-05-31,13.906
1999-06-01,10.439
1999-06-02,9.243
1999-06-03,9.022
1999-06-04,6.313
1999-06-05,3.959
1999-06-06,4.005
1999-06-07,6.55
1999-06-08,8.819
1999-06-09,17.988
1999-06-10,19.038
1999-06-11,16.512
1999-06-12,13.286
1999-06-13,7.54
1999-06-14,2.917
1999-06-15,2.412
1999-06-16,2.548
1999-06-17,2.618
1999-06-18,2.717
1999-06-19,2.618
1999-06-20,2.311
1999-06-21,2.502
1999-06-22,3.355
1999-06-23,3.698
1999-06-24,4.264
1999-06-25,5.098
1999-06-26,5.997
1999-06-27,4.425
1999-06-28,5.019
1999-06-29,4.782
1999-06-30,4.638
1999-07-01,13.513
1999-07-02,18.551
1999-07-03,12.145
1999-07-04,11.482
1999-07-05,17.028
1999-07-06,19.37
1999-07-07,20.774
1999-07-08,8.705
1999-07-09,3.878
1999-07-10,3.093
1999-07-11,3.206
1999-07-12,3.796
1999-07-13,4.206
1999-07-14,4.322
1999-07-15,4.613
1999-07-16,6.784
1999-07-17,11.903
1999-07-18,5.899
1999-07-19,3.295
1999-07-20,4.028
1999-07-21,4.295
1999-07-22,9.426
1999-07-23,12.548
1999-07-24,11.501
1999-07-25,10.872
1999-07-26,5.603
1999-07-27,8.022
1999-07-28,27.375
1999-07-29,22.028
1999-07-30,25.291
1999-07-31,11.192
1999-08-01,12.451
1999-08-02,20.347
1999-08-03,38.714
1999-08-04,53.785
1999-08-05,35.369
1999-08-06,7.515
1999-08-07,24.356
1999-08-08,37.289
1999-08-09,46.297
1999-08-10,37.525
1999-08-11,14.719
1999-08-12,7.35
1999-08-13,12.293
1999-08-14,37.126
1999-08-15,56.302
1999-08-16,45.592
1999-08-17,21.852
1999-08-18,18.652
1999-08-19,18.063
1999-08-20,23.683
1999-08-21,19.08
1999-08-22,11.16
1999-08-23,5.128
1999-08-24,4.456
1999-08-25,5.21
1999-08-26,6.755
1999-08-27,9.8
1999-08-28,15.627
1999-08-29,16.442
1999-08-30,21.365
1999-08-31,18.783
1999-09-01,9.645
1999-09-02,22.725
1999-09-03,28.325
1999-09-04,47.313
1999-09-05,65.907
1999-09-06,50.98
1999-09-07,29.24
1999-09-08,12.1
1999-09-09,6.493
1999-09-10,6.284
1999-09-11,6.506
1999-09-12,7.174
1999-09-13,17.236
1999-09-14,20.83
1999-09-15,15.892
1999-09-16,12.12
1999-09-17,12.497
1999-09-18,9.515
1999-09-19,12.586
1999-09-20,10.889
1999-09-21,16.158
1999-09-22,15.285
1999-09-23,11.018
1999-09-24,8.968
1999-09-25,8.244
1999-09-26,8.009
1999-09-27,8.22
1999-09-28,7.878
1999-09-29,7.866
1999-09-30,9.958
1999-10-01,23.978
1999-10-02,26.765
1999-10-03,25.814
1999-10-04,30.337
1999-10-05,25.132
1999-10-06,47.856
1999-10-07,72.276
1999-10-08,70.012
1999-10-09,49.565
1999-10-10,46.704
1999-10-11,53.504
1999-10-12,51.392
1999-10-13,53.403
1999-10-14,51.24
1999-10-15,31.972
1999-10-16,23.852
1999-10-17,27.971
1999-10-18,23.649
1999-10-19,20.276
1999-10-20,18.213
1999-10-21,14.746
1999-10-22,13.955
1999-10-23,14.013
1999-10-24,14.049
1999-10-25,13.966
1999-10-26,13.879
1999-10-27,13.995
1999-10-28,15.355
1999-10-29,15.295
1999-10-30,15.775
1999-10-31,15.712
1999-11-01,15.067
1999-11-02,13.973
1999-11-03,13.179
1999-11-04,12.75
1999-11-05,12.468
1999-11-06,12.235
1999-11-07,12.225
1999-11-08,12.035
1999-11-09,11.842
1999-11-10,11.495
1999-11-11,11.19
1999-11-12,11.035
1999-11-13,11.204
1999-11-14,11.986
1999-11-15,11.75
1999-11-16,11.005
1999-11-17,10.388
1999-11-18,10.057
1999-11-19,9.81
1999-11-20,9.649
1999-11-21,9.482
1999-11-22,9.303
1999-11-23,9.156
1999-11-24,8.979
1999-11-25,8.805
1999-11-26,8.717
1999-11-27,9.387
1999-11-28,8.78
1999-11-29,8.443
1999-11-30,8.46
1999-12-01,9.855
1999-12-02,11.356
1999-12-03,10.548
1999-12-04,11.41
1999-12-05,12.572
1999-12-06,8.931
1999-12-07,7.469
1999-12-08,7.225
1999-12-09,7.137
1999-12-10,7.068
1999-12-11,6.891
1999-12-12,6.74
1999-12-13,6.655
1999-12-14,6.586
1999-12-15,6.509
1999-12-16,6.415
1999-12-17,6.345
1999-12-18,6.252
1999-12-19,6.159
1999-12-20,6.074
1999-12-21,6.054
1999-12-22,5.886
1999-12-23,5.836
1999-12-24,5.708
1999-12-25,5.619
1999-12-26,5.546
1999-12-27,5.479
1999-12-28,5.528
1999-12-29,6.52
1999-12-30,5.704
1999-12-31,5.426
2000-01-01,5.049
2000-01-02,4.192
2000-01-03,3.523
2000-01-04,2.814
2000-01-05,2.101
2000-01-06,1.589
2000-01-07,1.503
2000-01-08,1.463
2000-01-09,1.433
2000-01-10,1.469
2000-01-11,1.475
2000-01-12,1.55
2000-01-13,1.775
2000-01-14,1.539
2000-01-15,1.389
2000-01-16,1.359
2000-01-17,1.302
2000-01-18,1.287
2000-01-19,1.313
2000-01-20,1.329
2000-01-21,1.364
2000-01-22,1.335
2000-01-23,1.287
2000-01-24,1.268
2000-01-25,1.248
2000-01-26,1.231
2000-01-27,1.2
2000-01-28,1.187
2000-01-29,1.204
2000-01-30,1.211
2000-01-31,1.162
2000-02-01,1.146
2000-02-02,1.12
2000-02-03,1.115
2000-02-04,1.156
2000-02-05,1.218
2000-02-06,1.218
2000-02-07,1.139
2000-02-08,1.205
2000-02-09,1.43
2000-02-10,1.34
2000-02-11,1.365
2000-02-12,1.413
2000-02-13,1.168
2000-02-14,1.025
2000-02-15,1.002
2000-02-16,1.001
2000-02-17,0.999
2000-02-18,0.982
2000-02-19,0.959
2000-02-20,0.953
2000-02-21,0.965
2000-02-22,0.942
2000-02-23,0.948
2000-02-24,0.929
2000-02-25,0.903
2000-02-26,0.963
2000-02-27,1.057
2000-02-28,1.079
2000-02-29,1.112
2000-03-01,1.006
2000-03-02,0.939
2000-03-03,0.92
2000-03-04,0.877
2000-03-05,0.871
2000-03-06,0.864
2000-03-07,0.849
2000-03-08,1.049
2000-03-09,1.632
2000-03-10,1.418
2000-03-11,1.772
2000-03-12,1.482
2000-03-13,0.975
2000-03-14,0.855
2000-03-15,0.859
2000-03-16,0.886
2000-03-17,1.059
2000-03-18,1.096
2000-03-19,1.231
2000-03-20,1.057
2000-03-21,0.782
2000-03-22,0.73
2000-03-23,0.695
2000-03-24,0.675
2000-03-25,0.716
2000-03-26,0.842
2000-03-27,0.832
2000-03-28,0.888
2000-03-29,0.825
2000-03-30,0.728
2000-03-31,0.725
2000-04-01,1.08
2000-04-02,1.005
2000-04-03,0.79
2000-04-04,0.681
2000-04-05,0.715
2000-04-06,1.097
2000-04-07,2.158
2000-04-08,4.474
2000-04-09,4.89
2000-04-10,6.267
2000-04-11,8.933
2000-04-12,7.689
2000-04-13,2.185
2000-04-14,0.859
2000-04-15,0.995
2000-04-16,1.419
2000-04-17,1.384
2000-04-18,1.303
2000-04-19,1.105
2000-04-20,0.745
2000-04-21,0.697
2000-04-22,1.083
2000-04-23,1.02
2000-04-24,1.114
2000-04-25,3.168
2000-04-26,4.18
2000-04-27,8.556
2000-04-28,17.614
2000-04-29,20.695
2000-04-30,13.137
2000-05-01,17.213
2000-05-02,16.4
2000-05-03,9.329
2000-05-04,4.918
2000-05-05,7.42
2000-05-06,18.57
2000-05-07,16.445
2000-05-08,14.011
2000-05-09,17.143
2000-05-10,23.505
2000-05-11,19.647
2000-05-12,32.544
2000-05-13,33.122
2000-05-14,58.598
2000-05-15,71.341
2000-05-16,50.671
2000-05-17,17.942
2000-05-18,7.456
2000-05-19,1.84
2000-05-20,0.7
2000-05-21,0.487
2000-05-22,0.43
2000-05-23,0.398
2000-05-24,0.429
2000-05-25,0.449
2000-05-26,0.485
2000-05-27,0.49
2000-05-28,0.733
2000-05-29,0.811
2000-05-30,0.955
2000-05-31,1.14
2000-06-01,0.886
2000-06-02,0.939
2000-06-03,1.095
2000-06-04,0.985
2000-06-05,0.907
2000-06-06,1.02
2000-06-07,1.26
2000-06-08,1.203
2000-06-09,1.352
2000-06-10,1.7
2000-06-11,1.666
2000-06-12,1.661
2000-06-13,1.703
2000-06-14,1.255
2000-06-15,0.938
2000-06-16,0.883
2000-06-17,0.969
2000-06-18,0.81
2000-06-19,0.571
2000-06-20,0.481
2000-06-21,0.635
2000-06-22,0.939
2000-06-23,1.245
2000-06-24,4.264
2000-06-25,5.486
2000-06-26,2.58
2000-06-27,5.022
2000-06-28,14.029
2000-06-29,16.265
2000-06-30,15.145
2000-07-01,12.269
2000-07-02,7.233
2000-07-03,4.402
2000-07-04,3.132
2000-07-05,3.741
2000-07-06,3.532
2000-07-07,3.93
2000-07-08,2.175
2000-07-09,1.104
2000-07-10,0.654
2000-07-11,0.759
2000-07-12,1.062
2000-07-13,1.376
2000-07-14,1.97
2000-07-15,2.654
2000-07-16,1.66
2000-07-17,1.078
2000-07-18,1.319
2000-07-19,1.463
2000-07-20,1.151
2000-07-21,1.331
2000-07-22,1.985
2000-07-23,2.46
2000-07-24,2.96
2000-07-25,6.734
2000-07-26,21.132
2000-07-27,12.018
2000-07-28,4.228
2000-07-29,3.877
2000-07-30,5.639
2000-07-31,27.632
2000-08-01,29.173
2000-08-02,5.631
2000-08-03,2.469
2000-08-04,2.638
2000-08-05,2.935
2000-08-06,8.495
2000-08-07,10.264
2000-08-08,2.949
2000-08-09,2.558
2000-08-10,12.382
2000-08-11,10.744
2000-08-12,10.395
2000-08-13,62.127
2000-08-14,107.83
2000-08-15,23.307
2000-08-16,4.408
2000-08-17,3.743
2000-08-18,9.623
2000-08-19,24.504
2000-08-20,49.52
2000-08-21,60.297
2000-08-22,26.737
2000-08-23,10.358
2000-08-24,2.854
2000-08-25,1.906
2000-08-26,3.361
2000-08-27,4.842
2000-08-28,5.777
2000-08-29,9.974
2000-08-30,9.442
2000-08-31,5.632
2000-09-01,3.43
2000-09-02,1.975
2000-09-03,0.752
2000-09-04,0.628
2000-09-05,0.745
2000-09-06,0.85
2000-09-07,0.743
2000-09-08,0.69
2000-09-09,0.816
2000-09-10,0.868
2000-09-11,0.895
2000-09-12,0.789
2000-09-13,0.642
2000-09-14,0.587
2000-09-15,0.749
2000-09-16,1.884
2000-09-17,2.413
2000-09-18,2.463
2000-09-19,2.183
2000-09-20,0.842
2000-09-21,1.554
2000-09-22,3.895
2000-09-23,5.605
2000-09-24,5.107
2000-09-25,3.978
2000-09-26,3.406
2000-09-27,1.705
2000-09-28,3.41
2000-09-29,9.471
2000-09-30,6.161
2000-10-01,5.076
2000-10-02,7.805
2000-10-03,10.173
2000-10-04,85.609
2000-10-05,104.255
2000-10-06,58.538
2000-10-07,37.355
2000-10-08,37.579
2000-10-09,53.836
2000-10-10,22.608
2000-10-11,19.635
2000-10-12,20.418
2000-10-13,22.832
2000-10-14,21.275
2000-10-15,10.303
2000-10-16,2.464
2000-10-17,1.353
2000-10-18,1.285
2000-10-19,1.481
2000-10-20,3.498
2000-10-21,97.22
2000-10-22,331.306
2000-10-23,428.401
2000-10-24,495.577
2000-10-25,111.051
2000-10-26,13.77
2000-10-27,2.956
2000-10-28,2.146
2000-10-29,2.156
2000-10-30,2.241
2000-10-31,2.447
2000-11-01,2.795
2000-11-02,3.202
2000-11-03,4.471
2000-11-04,7.445
2000-11-05,4.464
2000-11-06,2.48
2000-11-07,2.366
2000-11-08,2.39
2000-11-09,2.476
2000-11-10,2.458
2000-11-11,2.347
2000-11-12,2.241
2000-11-13,2.23
2000-11-14,2.221
2000-11-15,2.208
2000-11-16,2.165
2000-11-17,2.45
2000-11-18,4.708
2000-11-19,4.914
2000-11-20,7.448
2000-11-21,11.71
2000-11-22,9.753
2000-11-23,4.388
2000-11-24,5.975
2000-11-25,8.149
2000-11-26,17.348
2000-11-27,8.937
2000-11-28,3.078
2000-11-29,2.085
2000-11-30,2.052
2000-12-01,2.012
2000-12-02,2.02
2000-12-03,2.21
2000-12-04,2.218
2000-12-05,2.555
2000-12-06,2.057
2000-12-07,1.85
2000-12-08,1.828
2000-12-09,1.816
2000-12-10,1.815
2000-12-11,1.88
2000-12-12,1.989
2000-12-13,2.261
2000-12-14,1.983
2000-12-15,1.923
2000-12-16,2.39
2000-12-17,2.454
2000-12-18,1.815
2000-12-19,1.573
2000-12-20,1.521
2000-12-21,1.49
2000-12-22,1.487
2000-12-23,1.478
2000-12-24,1.562
2000-12-25,1.584
2000-12-26,1.508
2000-12-27,1.465
2000-12-28,1.46
2000-12-29,1.501
2000-12-30,1.513
2000-12-31,1.475
2001-01-01,1.366
2001-01-02,1.401
2001-01-03,1.359
2001-01-04,1.349
2001-01-05,1.314
2001-01-06,1.307
2001-01-07,1.329
2001-01-08,1.285
2001-01-09,1.223
2001-01-10,1.228
2001-01-11,1.209
2001-01-12,1.29
2001-01-13,1.352
2001-01-14,1.606
2001-01-15,1.604
2001-01-16,1.335
2001-01-17,1.196
2001-01-18,1.146
2001-01-19,1.285
2001-01-20,1.672
2001-01-21,1.686
2001-01-22,2.076
2001-01-23,1.943
2001-01-24,1.701
2001-01-25,1.558
2001-01-26,1.452
2001-01-27,1.304
2001-01-28,1.148
2001-01-29,1.046
2001-01-30,1.002
2001-01-31,1.001
2001-02-01,0.964
2001-02-02,0.977
2001-02-03,0.972
2001-02-04,0.954
2001-02-05,0.951
2001-02-06,0.971
2001-02-07,1.017
2001-02-08,1.182
2001-02-09,1.279
2001-02-10,1.124
2001-02-11,0.966
2001-02-12,0.984
2001-02-13,1.046
2001-02-14,1.064
2001-02-15,0.978
2001-02-16,0.942
2001-02-17,0.934
2001-02-18,0.897
2001-02-19,0.873
2001-02-20,0.861
2001-02-21,0.858
2001-02-22,0.839
2001-02-23,1.017
2001-02-24,1.337
2001-02-25,1.212
2001-02-26,1.625
2001-02-27,1.149
2001-02-28,0.845
2001-03-01,0.754
2001-03-02,0.76
2001-03-03,0.761
2001-03-04,0.747
2001-03-05,0.715
2001-03-06,0.752
2001-03-07,1.376
2001-03-08,1.954
2001-03-09,2.186
2001-03-10,2.146
2001-03-11,1.644
2001-03-12,1.641
2001-03-13,1.442
2001-03-14,1.961
2001-03-15,1.222
2001-03-16,1.308
2001-03-17,0.926
2001-03-18,0.702
2001-03-19,0.64
2001-03-20,0.664
2001-03-21,0.676
2001-03-22,1.049
2001-03-23,1.562
2001-03-24,1.577
2001-03-25,1.658
2001-03-26,2.24
2001-03-27,3.63
2001-03-28,6.923
2001-03-29,10.928
2001-03-30,24.856
2001-03-31,18.796
2001-04-01,8.909
2001-04-02,24.099
2001-04-03,23.154
2001-04-04,23.824
2001-04-05,21.493
2001-04-06,11.014
2001-04-07,4.341
2001-04-08,6.54
2001-04-09,11.062
2001-04-10,12.943
2001-04-11,25.577
2001-04-12,17.735
2001-04-13,7.361
2001-04-14,2.68
2001-04-15,1.086
2001-04-16,0.932
2001-04-17,0.842
2001-04-18,0.748
2001-04-19,0.733
2001-04-20,0.86
2001-04-21,1.719
2001-04-22,5.85
2001-04-23,11.569
2001-04-24,12.379
2001-04-25,16.825
2001-04-26,13.588
2001-04-27,14.798
2001-04-28,11.321
2001-04-29,11.706
2001-04-30,17.993
2001-05-01,14.512
2001-05-02,15.993
2001-05-03,19.283
2001-05-04,9.504
2001-05-05,22.167
2001-05-06,26.252
2001-05-07,47.788
2001-05-08,50.844
2001-05-09,30.52
2001-05-10,34.605
2001-05-11,43.588
2001-05-12,23.04
2001-05-13,18.95
2001-05-14,31.657
2001-05-15,26.011
2001-05-16,23.979
2001-05-17,23.599
2001-05-18,39.166
2001-05-19,35.746
2001-05-20,18.335
2001-05-21,6.98
2001-05-22,2.005
2001-05-23,1.285
2001-05-24,3.686
2001-05-25,5.239
2001-05-26,8.93
2001-05-27,7.664
2001-05-28,5.192
2001-05-29,7.943
2001-05-30,7.299
2001-05-31,8.8
2001-06-01,14.737
2001-06-02,16.43
2001-06-03,44.16
2001-06-04,41.012
2001-06-05,47.453
2001-06-06,37.963
2001-06-07,20.667
2001-06-08,6.337
2001-06-09,4.557
2001-06-10,5.814
2001-06-11,8.552
2001-06-12,16.118
2001-06-13,38.042
2001-06-14,27.905
2001-06-15,16.078
2001-06-16,13.355
2001-06-17,7.413
2001-06-18,8.536
2001-06-19,11.345
2001-06-20,7.066
2001-06-21,2.907
2001-06-22,2.41
2001-06-23,2.37
2001-06-24,2.356
2001-06-25,2.438
2001-06-26,2.682
2001-06-27,3.223
2001-06-28,2.88
2001-06-29,3.738
2001-06-30,4.908
2001-07-01,6.643
2001-07-02,3.94
2001-07-03,3.945
2001-07-04,8.35
2001-07-05,5.313
2001-07-06,2.698
2001-07-07,2.541
2001-07-08,2.565
2001-07-09,2.785
2001-07-10,2.639
2001-07-11,2.445
2001-07-12,2.946
2001-07-13,4.187
2001-07-14,4.874
2001-07-15,4.952
2001-07-16,4.138
2001-07-17,3.152
2001-07-18,11.938
2001-07-19,22.414
2001-07-20,6.077
2001-07-21,5.349
2001-07-22,4.979
2001-07-23,8.172
2001-07-24,43.797
2001-07-25,27.014
2001-07-26,59.153
2001-07-27,61.037
2001-07-28,40.01
2001-07-29,23.702
2001-07-30,43.873
2001-07-31,15.453
2001-08-01,19.816
2001-08-02,26.09
2001-08-03,16.77
2001-08-04,16.001
2001-08-05,11.828
2001-08-06,10.14
2001-08-07,8.027
2001-08-08,4.15
2001-08-09,3.692
2001-08-10,8.4
2001-08-11,10.48
2001-08-12,17.098
2001-08-13,19.317
2001-08-14,16.768
2001-08-15,13.859
2001-08-16,21.096
2001-08-17,25.579
2001-08-18,26.207
2001-08-19,11.853
2001-08-20,8.79
2001-08-21,23.414
2001-08-22,51.25
2001-08-23,21.16
2001-08-24,8.741
2001-08-25,14.613
2001-08-26,15.501
2001-08-27,13.56
2001-08-28,17.451
2001-08-29,21.073
2001-08-30,22.097
2001-08-31,19.783
2001-09-01,23.419
2001-09-02,25.129
2001-09-03,23.258
2001-09-04,19.258
2001-09-05,21.149
2001-09-06,19.923
2001-09-07,16.157
2001-09-08,12.063
2001-09-09,11.122
2001-09-10,11.592
2001-09-11,10.931
2001-09-12,10.368
2001-09-13,10.245
2001-09-14,10.162
2001-09-15,10.137
2001-09-16,10.31
2001-09-17,10.324
2001-09-18,11.632
2001-09-19,12.294
2001-09-20,12.075
2001-09-21,13.424
2001-09-22,12.008
2001-09-23,11.558
2001-09-24,11.728
2001-09-25,11.248
2001-09-26,10.592
2001-09-27,11.672
2001-09-28,11.575
2001-09-29,16.026
2001-09-30,22.78
2001-10-01,18.405
2001-10-02,19.553
2001-10-03,16.839
2001-10-04,19.14
2001-10-05,15.539
2001-10-06,12.706
2001-10-07,16.982
2001-10-08,32.744
2001-10-09,33.12
2001-10-10,28.328
2001-10-11,41.814
2001-10-12,52.029
2001-10-13,25.317
2001-10-14,14.405
2001-10-15,10.644
2001-10-16,8.086
2001-10-17,7.835
2001-10-18,7.803
2001-10-19,7.766
2001-10-20,7.735
2001-10-21,7.736
2001-10-22,7.727
2001-10-23,7.665
2001-10-24,8.117
2001-10-25,10.065
2001-10-26,33.961
2001-10-27,25.912
2001-10-28,28.644
2001-10-29,50.085
2001-10-30,107.417
2001-10-31,125.295
2001-11-01,151.75
2001-11-02,154.134
2001-11-03,224.404
2001-11-04,127.628
2001-11-05,43.178
2001-11-06,41.559
2001-11-07,43.865
2001-11-08,39.416
2001-11-09,21.825
2001-11-10,13.689
2001-11-11,17.005
2001-11-12,26.111
2001-11-13,25.238
2001-11-14,20.33
2001-11-15,23.982
2001-11-16,24.827
2001-11-17,40.813
2001-11-18,63.863
2001-11-19,45.646
2001-11-20,39.262
2001-11-21,29.605
2001-11-22,32.131
2001-11-23,30.699
2001-11-24,19.774
2001-11-25,13.1
2001-11-26,12.444
2001-11-27,12.341
2001-11-28,12.278
2001-11-29,12.225
2001-11-30,12.202
2001-12-01,12.115
2001-12-02,12.036
2001-12-03,11.967
2001-12-04,11.844
2001-12-05,11.714
2001-12-06,11.737
2001-12-07,11.834
2001-12-08,11.621
2001-12-09,11.504
2001-12-10,11.222
2001-12-11,11.052
2001-12-12,10.933
2001-12-13,10.792
2001-12-14,10.679
2001-12-15,10.568
2001-12-16,10.448
2001-12-17,10.282
2001-12-18,10.118
2001-12-19,9.987
2001-12-20,9.828
2001-12-21,9.686
2001-12-22,9.525
2001-12-23,9.392
2001-12-24,9.232
2001-12-25,9.078
2001-12-26,8.891
2001-12-27,8.781
2001-12-28,8.651
2001-12-29,8.533
2001-12-30,8.388
2001-12-31,8.249
2002-01-01,8.112
2002-01-02,8.045
2002-01-03,8.162
2002-01-04,7.959
2002-01-05,7.99
2002-01-06,7.989
2002-01-07,7.665
2002-01-08,7.409
2002-01-09,7.21
2002-01-10,7.086
2002-01-11,6.977
2002-01-12,6.845
2002-01-13,6.754
2002-01-14,6.622
2002-01-15,6.515
2002-01-16,6.422
2002-01-17,6.323
2002-01-18,6.242
2002-01-19,6.15
2002-01-20,6.015
2002-01-21,5.87
2002-01-22,5.805
2002-01-23,5.745
2002-01-24,5.634
2002-01-25,5.601
2002-01-26,5.628
2002-01-27,5.438
2002-01-28,5.275
2002-01-29,5.162
2002-01-30,5.089
2002-01-31,5.002
2002-02-01,4.93
2002-02-02,4.845
2002-02-03,4.765
2002-02-04,4.653
2002-02-05,4.538
2002-02-06,4.458
2002-02-07,4.374
2002-02-08,4.322
2002-02-09,4.29
2002-02-10,4.216
2002-02-11,4.151
2002-02-12,4.07
2002-02-13,4.028
2002-02-14,4.007
2002-02-15,3.919
2002-02-16,3.842
2002-02-17,3.751
2002-02-18,3.749
2002-02-19,3.801
2002-02-20,3.769
2002-02-21,3.597
2002-02-22,3.515
2002-02-23,3.456
2002-02-24,3.407
2002-02-25,3.362
2002-02-26,3.268
2002-02-27,3.235
2002-02-28,3.173
2002-03-01,3.168
2002-03-02,3.243
2002-03-03,3.94
2002-03-04,4.548
2002-03-05,4.589
2002-03-06,5.01
2002-03-07,3.732
2002-03-08,3.24
2002-03-09,3.24
2002-03-10,4.817
2002-03-11,8.808
2002-03-12,12.39
2002-03-13,14.73
2002-03-14,8.227
2002-03-15,4.568
2002-03-16,2.906
2002-03-17,2.678
2002-03-18,2.923
2002-03-19,3.573
2002-03-20,3.931
2002-03-21,4.882
2002-03-22,5.274
2002-03-23,3.843
2002-03-24,3.022
2002-03-25,2.678
2002-03-26,2.714
2002-03-27,5.794
2002-03-28,10.725
2002-03-29,16.164
2002-03-30,14.083
2002-03-31,6.59
2002-04-01,5.384
2002-04-02,10.605
2002-04-03,12.975
2002-04-04,6.887
2002-04-05,3.019
2002-04-06,2.995
2002-04-07,2.888
2002-04-08,4.151
2002-04-09,2.728
2002-04-10,2.089
2002-04-11,2.054
2002-04-12,2.432
2002-04-13,3.879
2002-04-14,4.699
2002-04-15,6.326
2002-04-16,8.225
2002-04-17,14.224
2002-04-18,9.629
2002-04-19,10.932
2002-04-20,25.405
2002-04-21,32.926
2002-04-22,30.482
2002-04-23,14.318
2002-04-24,9.302
2002-04-25,10.751
2002-04-26,7.126
2002-04-27,3.27
2002-04-28,2.21
2002-04-29,3.624
2002-04-30,10.433
2002-05-01,12.295
2002-05-02,15.043
2002-05-03,19.898
2002-05-04,30.984
2002-05-05,56.185
2002-05-06,56.506
2002-05-07,53.083
2002-05-08,36.754
2002-05-09,20.31
2002-05-10,29.18
2002-05-11,24.508
2002-05-12,10.471
2002-05-13,4.3
2002-05-14,3.962
2002-05-15,4.784
2002-05-16,3.475
2002-05-17,2.924
2002-05-18,3.599
2002-05-19,3.986
2002-05-20,3.021
2002-05-21,3.296
2002-05-22,7.113
2002-05-23,14.804
2002-05-24,14.556
2002-05-25,13.051
2002-05-26,6.291
2002-05-27,3.114
2002-05-28,2.381
2002-05-29,2.333
2002-05-30,2.372
2002-05-31,2.431
2002-06-01,2.302
2002-06-02,2.205
2002-06-03,2.186
2002-06-04,2.188
2002-06-05,2.243
2002-06-06,2.278
2002-06-07,2.662
2002-06-08,3.11
2002-06-09,3.098
2002-06-10,2.944
2002-06-11,2.633
2002-06-12,2.347
2002-06-13,3.57
2002-06-14,4.805
2002-06-15,3.128
2002-06-16,2.968
2002-06-17,3.085
2002-06-18,2.872
2002-06-19,2.324
2002-06-20,2.398
2002-06-21,2.606
2002-06-22,2.63
2002-06-23,2.658
2002-06-24,2.505
2002-06-25,2.528
2002-06-26,2.301
2002-06-27,2.353
2002-06-28,2.69
2002-06-29,4.639
2002-06-30,4.616
2002-07-01,4.134
2002-07-02,3.083
2002-07-03,2.36
2002-07-04,2.045
2002-07-05,1.912
2002-07-06,1.923
2002-07-07,1.845
2002-07-08,1.735
2002-07-09,1.674
2002-07-10,1.653
2002-07-11,1.656
2002-07-12,1.639
2002-07-13,1.656
2002-07-14,1.673
2002-07-15,1.718
2002-07-16,1.625
2002-07-17,1.607
2002-07-18,1.959
2002-07-19,2.162
2002-07-20,2.498
2002-07-21,2.742
2002-07-22,2.273
2002-07-23,2.09
2002-07-24,1.991
2002-07-25,1.786
2002-07-26,1.67
2002-07-27,1.573
2002-07-28,1.917
2002-07-29,1.809
2002-07-30,2.48
2002-07-31,2.943
2002-08-01,2.474
2002-08-02,3.488
2002-08-03,3.53
2002-08-04,3.212
2002-08-05,3.042
2002-08-06,3.062
2002-08-07,5.083
2002-08-08,4.846
2002-08-09,4.252
2002-08-10,8.065
2002-08-11,6.792
2002-08-12,3.168
2002-08-13,2.936
2002-08-14,2.872
2002-08-15,2.016
2002-08-16,1.539
2002-08-17,1.655
2002-08-18,1.996
2002-08-19,2.855
2002-08-20,2.758
2002-08-21,2.492
2002-08-22,2.33
2002-08-23,2.417
2002-08-24,2.516
2002-08-25,2.328
2002-08-26,2.498
2002-08-27,1.989
2002-08-28,1.462
2002-08-29,1.459
2002-08-30,1.297
2002-08-31,1.206
2002-09-01,1.27
2002-09-02,1.511
2002-09-03,1.642
2002-09-04,2.087
2002-09-05,1.918
2002-09-06,1.36
2002-09-07,1.208
2002-09-08,1.303
2002-09-09,1.399
2002-09-10,1.54
2002-09-11,1.464
2002-09-12,1.911
2002-09-13,4.381
2002-09-14,1.889
2002-09-15,7.106
2002-09-16,7.334
2002-09-17,3.869
2002-09-18,2.709
2002-09-19,2.207
2002-09-20,1.555
2002-09-21,1.099
2002-09-22,0.97
2002-09-23,0.987
2002-09-24,0.964
2002-09-25,0.922
2002-09-26,0.904
2002-09-27,0.925
2002-09-28,1.003
2002-09-29,1.035
2002-09-30,0.942
2002-10-01,0.976
2002-10-02,1.495
2002-10-03,1.92
2002-10-04,2.158
2002-10-05,2.948
2002-10-06,6.119
2002-10-07,12.433
2002-10-08,7.07
2002-10-09,3.823
2002-10-10,3.915
2002-10-11,2.335
2002-10-12,1.931
2002-10-13,1.851
2002-10-14,1.146
2002-10-15,1.021
2002-10-16,1.326
2002-10-17,1.444
2002-10-18,1.043
2002-10-19,1.268
2002-10-20,1.624
2002-10-21,2.206
2002-10-22,1.66
2002-10-23,1.646
2002-10-24,1.635
2002-10-25,4.01
2002-10-26,4.088
2002-10-27,4.401
2002-10-28,9.282
2002-10-29,5.184
2002-10-30,4.702
2002-10-31,4.013
2002-11-01,12.937
2002-11-02,6.475
2002-11-03,2.922
2002-11-04,1.549
2002-11-05,6.651
2002-11-06,6.477
2002-11-07,11.806
2002-11-08,15.626
2002-11-09,14.378
2002-11-10,19.581
2002-11-11,35.255
2002-11-12,13.761
2002-11-13,12.929
2002-11-14,20.39
2002-11-15,8.338
2002-11-16,12.881
2002-11-17,8.9
2002-11-18,7.641
2002-11-19,18.444
2002-11-20,6.747
2002-11-21,1.285
2002-11-22,1.3
2002-11-23,1.472
2002-11-24,2.863
2002-11-25,7.296
2002-11-26,5.624
2002-11-27,5.163
2002-11-28,2.507
2002-11-29,1.345
2002-11-30,1.208
2002-12-01,1.156
2002-12-02,1.148
2002-12-03,1.171
2002-12-04,1.182
2002-12-05,1.18
2002-12-06,1.196
2002-12-07,1.202
2002-12-08,1.193
2002-12-09,1.188
2002-12-10,1.145
2002-12-11,1.305
2002-12-12,1.776
2002-12-13,3.075
2002-12-14,2.615
2002-12-15,2.013
2002-12-16,2.788
2002-12-17,4.664
2002-12-18,5.371
2002-12-19,3.911
2002-12-20,6.816
2002-12-21,10.506
2002-12-22,9.424
2002-12-23,3.718
2002-12-24,2.538
2002-12-25,1.895
2002-12-26,1.498
2002-12-27,1.365
2002-12-28,1.265
2002-12-29,1.163
2002-12-30,1.172
2002-12-31,1.27
2003-01-01,1.304
2003-01-02,1.387
2003-01-03,1.421
2003-01-04,1.505
2003-01-05,1.341
2003-01-06,1.443
2003-01-07,2.658
2003-01-08,1.85
2003-01-09,1.178
2003-01-10,1.065
2003-01-11,1.051
2003-01-12,1.052
2003-01-13,1.045
2003-01-14,1.032
2003-01-15,1.026
2003-01-16,1.035
2003-01-17,1.025
2003-01-18,1.041
2003-01-19,1.111
2003-01-20,1.498
2003-01-21,2.074
2003-01-22,2.848
2003-01-23,4.108
2003-01-24,2.693
2003-01-25,1.214
2003-01-26,1.03
2003-01-27,1.238
2003-01-28,1.566
2003-01-29,2.869
2003-01-30,2.052
2003-01-31,1.202
2003-02-01,0.965
2003-02-02,0.901
2003-02-03,0.865
2003-02-04,0.853
2003-02-05,0.86
2003-02-06,0.859
2003-02-07,0.838
2003-02-08,0.831
2003-02-09,0.833
2003-02-10,0.838
2003-02-11,0.828
2003-02-12,0.82
2003-02-13,0.828
2003-02-14,0.857
2003-02-15,0.954
2003-02-16,0.943
2003-02-17,1.01
2003-02-18,0.962
2003-02-19,0.88
2003-02-20,0.839
2003-02-21,0.781
2003-02-22,0.775
2003-02-23,0.774
2003-02-24,0.77
2003-02-25,0.77
2003-02-26,0.772
2003-02-27,0.796
2003-02-28,0.889
2003-03-01,1.328
2003-03-02,1.217
2003-03-03,1.199
2003-03-04,0.904
2003-03-05,0.712
2003-03-06,0.7
2003-03-07,0.688
2003-03-08,0.686
2003-03-09,0.694
2003-03-10,0.686
2003-03-11,0.689
2003-03-12,0.665
2003-03-13,0.661
2003-03-14,0.803
2003-03-15,1.073
2003-03-16,1.025
2003-03-17,0.993
2003-03-18,0.897
2003-03-19,0.667
2003-03-20,0.6
2003-03-21,0.608
2003-03-22,0.619
2003-03-23,0.639
2003-03-24,0.982
2003-03-25,2.521
2003-03-26,8.668
2003-03-27,5.648
2003-03-28,1.664
2003-03-29,2.06
2003-03-30,4.134
2003-03-31,11.922
2003-04-01,17.374
2003-04-02,23.393
2003-04-03,8.846
2003-04-04,1.492
2003-04-05,0.697
2003-04-06,0.598
2003-04-07,0.567
2003-04-08,0.56
2003-04-09,0.555
2003-04-10,0.535
2003-04-11,0.542
2003-04-12,0.55
2003-04-13,0.611
2003-04-14,1.296
2003-04-15,1.78
2003-04-16,3.283
2003-04-17,6.208
2003-04-18,3.438
2003-04-19,5.765
2003-04-20,11.494
2003-04-21,14.379
2003-04-22,43.161
2003-04-23,44.368
2003-04-24,48.608
2003-04-25,62.136
2003-04-26,53.658
2003-04-27,36.59
2003-04-28,41.15
2003-04-29,35.305
2003-04-30,55.2
2003-05-01,68.426
2003-05-02,65.56
2003-05-03,52.603
2003-05-04,68.391
2003-05-05,47.133
2003-05-06,24.076
2003-05-07,24.393
2003-05-08,31.107
2003-05-09,40.947
2003-05-10,30.313
2003-05-11,25.462
2003-05-12,29.72
2003-05-13,10.025
2003-05-14,6.096
2003-05-15,10.99
2003-05-16,17.09
2003-05-17,16.864
2003-05-18,12.825
2003-05-19,7.143
2003-05-20,2.094
2003-05-21,1.347
2003-05-22,1.196
2003-05-23,1.172
2003-05-24,1.222
2003-05-25,1.506
2003-05-26,1.874
2003-05-27,1.968
2003-05-28,2.194
2003-05-29,2.346
2003-05-30,1.915
2003-05-31,1.705
2003-06-01,2.252
2003-06-02,2.163
2003-06-03,1.885
2003-06-04,1.416
2003-06-05,7.964
2003-06-06,20.217
2003-06-07,16.95
2003-06-08,6.118
2003-06-09,9.164
2003-06-10,14.271
2003-06-11,7.625
2003-06-12,7.899
2003-06-13,5.012
2003-06-14,3.92
2003-06-15,4.221
2003-06-16,11.195
2003-06-17,12.739
2003-06-18,10.662
2003-06-19,10.921
2003-06-20,10.932
2003-06-21,23.939
2003-06-22,21.61
2003-06-23,23.598
2003-06-24,23.868
2003-06-25,21.018
2003-06-26,42.154
2003-06-27,42.58
2003-06-28,22.511
2003-06-29,20.885
2003-06-30,38.019
2003-07-01,41.777
2003-07-02,44.142
2003-07-03,25.153
2003-07-04,17.647
2003-07-05,14.118
2003-07-06,10.817
2003-07-07,15.376
2003-07-08,19.661
2003-07-09,20.975
2003-07-10,29.425
2003-07-11,24.037
2003-07-12,19.378
2003-07-13,21.278
2003-07-14,15.302
2003-07-15,11.114
2003-07-16,14.867
2003-07-17,6.209
2003-07-18,4.371
2003-07-19,4.758
2003-07-20,5.288
2003-07-21,10.363
2003-07-22,12.095
2003-07-23,28.536
2003-07-24,44.128
2003-07-25,34.946
2003-07-26,21.898
2003-07-27,9.55
2003-07-28,12.688
2003-07-29,20.015
2003-07-30,8.375
2003-07-31,5.222
2003-08-01,6.337
2003-08-02,5.774
2003-08-03,8.07
2003-08-04,12.922
2003-08-05,10.966
2003-08-06,17.818
2003-08-07,10.908
2003-08-08,7.638
2003-08-09,8.667
2003-08-10,7.56
2003-08-11,7.227
2003-08-12,6.627
2003-08-13,6.47
2003-08-14,11.73
2003-08-15,21.273
2003-08-16,14.177
2003-08-17,10.224
2003-08-18,8.591
2003-08-19,14.306
2003-08-20,28.321
2003-08-21,53.039
2003-08-22,48.234
2003-08-23,43.995
2003-08-24,51.534
2003-08-25,54.491
2003-08-26,50.143
2003-08-27,31.501
2003-08-28,39.68
2003-08-29,40.281
2003-08-30,40.167
2003-08-31,60.299
2003-09-01,54.12
2003-09-02,33.83
2003-09-03,21.496
2003-09-04,13.344
2003-09-05,11.38
2003-09-06,10.873
2003-09-07,11.066
2003-09-08,12.018
2003-09-09,22.64
2003-09-10,20.728
2003-09-11,22.796
2003-09-12,24.707
2003-09-13,17.198
2003-09-14,12.461
2003-09-15,12.17
2003-09-16,20.35
2003-09-17,21.939
2003-09-18,27.92
2003-09-19,22.238
2003-09-20,19.249
2003-09-21,12.932
2003-09-22,11.173
2003-09-23,11.017
2003-09-24,10.945
2003-09-25,10.836
2003-09-26,10.72
2003-09-27,10.625
2003-09-28,10.518
2003-09-29,10.403
2003-09-30,10.314
2003-10-01,10.19
2003-10-02,10.304
2003-10-03,10.799
2003-10-04,11.383
2003-10-05,12.46
2003-10-06,13.678
2003-10-07,13.224
2003-10-08,12.89
2003-10-09,12.983
2003-10-10,12.975
2003-10-11,12.624
2003-10-12,12.198
2003-10-13,11.704
2003-10-14,11.626
2003-10-15,11.497
2003-10-16,11.088
2003-10-17,10.895
2003-10-18,10.906
2003-10-19,10.435
2003-10-20,10.475
2003-10-21,10.147
2003-10-22,9.602
2003-10-23,9.32
2003-10-24,9.113
2003-10-25,8.943
2003-10-26,8.749
2003-10-27,8.604
2003-10-28,8.406
2003-10-29,8.207
2003-10-30,8.225
2003-10-31,8.064
2003-11-01,7.872
2003-11-02,7.685
2003-11-03,7.806
2003-11-04,8.142
2003-11-05,10.668
2003-11-06,10.72
2003-11-07,7.643
2003-11-08,6.696
2003-11-09,6.693
2003-11-10,7.532
2003-11-11,7.976
2003-11-12,9.645
2003-11-13,9.556
2003-11-14,7.463
2003-11-15,6.078
2003-11-16,6.228
2003-11-17,8.448
2003-11-18,8.107
2003-11-19,6.224
2003-11-20,5.619
2003-11-21,5.236
2003-11-22,5.112
2003-11-23,5.078
2003-11-24,4.947
2003-11-25,4.948
2003-11-26,4.82
2003-11-27,4.702
2003-11-28,4.662
2003-11-29,5.045
2003-11-30,5.584
2003-12-01,7.655
2003-12-02,7.543
2003-12-03,8.335
2003-12-04,6.351
2003-12-05,4.506
2003-12-06,4.396
2003-12-07,4.723
2003-12-08,4.789
2003-12-09,6.361
2003-12-10,15.329
2003-12-11,6.153
2003-12-12,4.546
2003-12-13,4.06
2003-12-14,3.678
2003-12-15,3.6
2003-12-16,3.551
2003-12-17,3.47
2003-12-18,3.393
2003-12-19,3.328
2003-12-20,3.328
2003-12-21,3.306
2003-12-22,3.283
2003-12-23,3.17
2003-12-24,3.12
2003-12-25,3.081
2003-12-26,3.055
2003-12-27,2.972
2003-12-28,2.927
2003-12-29,2.892
2003-12-30,2.855
2003-12-31,2.812
2004-01-01,2.761
2004-01-02,2.733
2004-01-03,2.752
2004-01-04,2.884
2004-01-05,2.725
2004-01-06,2.609
2004-01-07,2.536
2004-01-08,2.491
2004-01-09,2.451
2004-01-10,2.42
2004-01-11,2.375
2004-01-12,2.344
2004-01-13,2.326
2004-01-14,2.326
2004-01-15,2.502
2004-01-16,2.64
2004-01-17,3.06
2004-01-18,2.865
2004-01-19,2.45
2004-01-20,2.232
2004-01-21,2.102
2004-01-22,2.092
2004-01-23,2.202
2004-01-24,3.126
2004-01-25,3.467
2004-01-26,3.41
2004-01-27,3.599
2004-01-28,3.25
2004-01-29,2.354
2004-01-30,1.957
2004-01-31,1.909
2004-02-01,1.876
2004-02-02,1.848
2004-02-03,1.825
2004-02-04,1.815
2004-02-05,1.789
2004-02-06,1.77
2004-02-07,1.75
2004-02-08,1.715
2004-02-09,1.707
2004-02-10,1.695
2004-02-11,1.66
2004-02-12,1.617
2004-02-13,1.605
2004-02-14,1.593
2004-02-15,1.572
2004-02-16,1.608
2004-02-17,1.948
2004-02-18,2.223
2004-02-19,2.6
2004-02-20,3.033
2004-02-21,2.902
2004-02-22,2.535
2004-02-23,1.864
2004-02-24,1.994
2004-02-25,2.487
2004-02-26,2.098
2004-02-27,2.079
2004-02-28,1.852
2004-02-29,2.537
2004-03-01,3.236
2004-03-02,4.516
2004-03-03,2.612
2004-03-04,1.496
2004-03-05,1.271
2004-03-06,1.257
2004-03-07,1.24
2004-03-08,1.29
2004-03-09,1.524
2004-03-10,1.559
2004-03-11,1.445
2004-03-12,1.367
2004-03-13,1.422
2004-03-14,1.511
2004-03-15,1.36
2004-03-16,1.164
2004-03-17,1.122
2004-03-18,1.117
2004-03-19,1.089
2004-03-20,1.06
2004-03-21,1.055
2004-03-22,1.04
2004-03-23,1.04
2004-03-24,1.037
2004-03-25,1.018
2004-03-26,1.012
2004-03-27,1.02
2004-03-28,1.082
2004-03-29,1.28
2004-03-30,1.498
2004-03-31,1.411
2004-04-01,1.652
2004-04-02,1.763
2004-04-03,1.9
2004-04-04,2.456
2004-04-05,3.074
2004-04-06,6.303
2004-04-07,5.813
2004-04-08,4.792
2004-04-09,7.176
2004-04-10,13.013
2004-04-11,9.748
2004-04-12,13.479
2004-04-13,9.62
2004-04-14,11.691
2004-04-15,7.587
2004-04-16,5.54
2004-04-17,4.114
2004-04-18,3.095
2004-04-19,4.461
2004-04-20,8.86
2004-04-21,8.972
2004-04-22,7.925
2004-04-23,7.633
2004-04-24,9.84
2004-04-25,5.184
2004-04-26,2.697
2004-04-27,2.886
2004-04-28,3.281
2004-04-29,9.569
2004-04-30,13.63
2004-05-01,25.92
2004-05-02,30.253
2004-05-03,17.185
2004-05-04,13.369
2004-05-05,14.008
2004-05-06,17.544
2004-05-07,9.109
2004-05-08,9.635
2004-05-09,16.568
2004-05-10,12.771
2004-05-11,24.029
2004-05-12,20.997
2004-05-13,14.712
2004-05-14,23.481
2004-05-15,44.739
2004-05-16,23.124
2004-05-17,5.645
2004-05-18,5.65
2004-05-19,3.325
2004-05-20,1.104
2004-05-21,0.927
2004-05-22,0.997
2004-05-23,0.938
2004-05-24,0.887
2004-05-25,0.885
2004-05-26,0.932
2004-05-27,0.965
2004-05-28,1.118
2004-05-29,1.453
2004-05-30,2.13
2004-05-31,3.414
2004-06-01,4.818
2004-06-02,5.02
2004-06-03,6.567
2004-06-04,10.518
2004-06-05,4.26
2004-06-06,3.717
2004-06-07,2.632
2004-06-08,2.51
2004-06-09,2.531
2004-06-10,2.012
2004-06-11,2.923
2004-06-12,3.637
2004-06-13,3.906
2004-06-14,3.908
2004-06-15,2.313
2004-06-16,1.503
2004-06-17,1.668
2004-06-18,5.751
2004-06-19,9.262
2004-06-20,9.681
2004-06-21,13.595
2004-06-22,16.088
2004-06-23,7.592
2004-06-24,4.432
2004-06-25,4.388
2004-06-26,4.132
2004-06-27,2.68
2004-06-28,1.455
2004-06-29,1.061
2004-06-30,1.025
2004-07-01,1.022
2004-07-02,1.135
2004-07-03,1.194
2004-07-04,1.342
2004-07-05,1.494
2004-07-06,1.502
2004-07-07,1.174
2004-07-08,1.226
2004-07-09,1.255
2004-07-10,1.206
2004-07-11,1.612
2004-07-12,1.845
2004-07-13,1.947
2004-07-14,1.674
2004-07-15,1.702
2004-07-16,1.631
2004-07-17,1.511
2004-07-18,1.503
2004-07-19,2.055
2004-07-20,2.839
2004-07-21,3.926
2004-07-22,3.908
2004-07-23,4.362
2004-07-24,5.046
2004-07-25,4.418
2004-07-26,3.991
2004-07-27,4.628
2004-07-28,8.671
2004-07-29,13.375
2004-07-30,15.47
2004-07-31,8.703
2004-08-01,6.167
2004-08-02,5.669
2004-08-03,8.756
2004-08-04,20.939
2004-08-05,26.74
2004-08-06,23.548
2004-08-07,13.432
2004-08-08,8.077
2004-08-09,7.445
2004-08-10,9.775
2004-08-11,10.91
2004-08-12,9.174
2004-08-13,4.738
2004-08-14,11.441
2004-08-15,10.2
2004-08-16,8.33
2004-08-17,10.671
2004-08-18,6.179
2004-08-19,27.811
2004-08-20,27.131
2004-08-21,24.713
2004-08-22,30.781
2004-08-23,14.466
2004-08-24,7.641
2004-08-25,9.375
2004-08-26,5.752
2004-08-27,3.716
2004-08-28,2.282
2004-08-29,2.247
2004-08-30,2.123
2004-08-31,2.098
2004-09-01,2.033
2004-09-02,1.985
2004-09-03,2.407
2004-09-04,2.296
2004-09-05,2.329
2004-09-06,2.883
2004-09-07,3.474
2004-09-08,3.654
2004-09-09,3.745
2004-09-10,3.27
2004-09-11,2.635
2004-09-12,2.165
2004-09-13,2.302
2004-09-14,3.978
2004-09-15,5.459
2004-09-16,5.358
2004-09-17,5.387
2004-09-18,3.505
2004-09-19,2.148
2004-09-20,2.177
2004-09-21,2.612
2004-09-22,2.44
2004-09-23,2.667
2004-09-24,4.222
2004-09-25,6.56
2004-09-26,8.115
2004-09-27,13.841
2004-09-28,7.412
2004-09-29,4.931
2004-09-30,8.523
2004-10-01,19.082
2004-10-02,25.276
2004-10-03,52.255
2004-10-04,51.848
2004-10-05,44.387
2004-10-06,16.603
2004-10-07,1.84
2004-10-08,1.173
2004-10-09,1.336
2004-10-10,1.597
2004-10-11,1.298
2004-10-12,1.298
2004-10-13,1.277
2004-10-14,1.259
2004-10-15,1.254
2004-10-16,1.314
2004-10-17,1.66
2004-10-18,2.295
2004-10-19,3.218
2004-10-20,2.899
2004-10-21,1.82
2004-10-22,1.574
2004-10-23,1.668
2004-10-24,1.677
2004-10-25,1.699
2004-10-26,1.798
2004-10-27,3.073
2004-10-28,11.596
2004-10-29,11.197
2004-10-30,28.912
2004-10-31,28.879
2004-11-01,32.193
2004-11-02,20.296
2004-11-03,63.589
2004-11-04,62.921
2004-11-05,73.14
2004-11-06,49.553
2004-11-07,35.615
2004-11-08,34.376
2004-11-09,40.847
2004-11-10,16.893
2004-11-11,3.242
2004-11-12,2.588
2004-11-13,2.657
2004-11-14,2.842
2004-11-15,2.87
2004-11-16,2.814
2004-11-17,2.752
2004-11-18,2.599
2004-11-19,2.693
2004-11-20,3.652
2004-11-21,8.87
2004-11-22,8.032
2004-11-23,17.114
2004-11-24,36.527
2004-11-25,49.149
2004-11-26,51.294
2004-11-27,39.582
2004-11-28,17.593
2004-11-29,7.15
2004-11-30,3.08
2004-12-01,2.748
2004-12-02,2.721
2004-12-03,2.771
2004-12-04,2.738
2004-12-05,2.72
2004-12-06,2.694
2004-12-07,2.691
2004-12-08,2.67
2004-12-09,2.645
2004-12-10,2.642
2004-12-11,2.655
2004-12-12,2.608
2004-12-13,2.585
2004-12-14,2.565
2004-12-15,2.552
2004-12-16,2.556
2004-12-17,2.628
2004-12-18,2.752
2004-12-19,2.868
2004-12-20,2.738
2004-12-21,2.553
2004-12-22,2.731
2004-12-23,3.855
2004-12-24,3.688
2004-12-25,3.374
2004-12-26,3.254
2004-12-27,3.131
2004-12-28,2.632
2004-12-29,2.312
2004-12-30,2.219
2004-12-31,2.248
2005-01-01,2.351
2005-01-02,2.213
2005-01-03,2.133
2005-01-04,2.097
2005-01-05,2.03
2005-01-06,1.999
2005-01-07,2.002
2005-01-08,1.991
2005-01-09,1.975
2005-01-10,1.97
2005-01-11,1.905
2005-01-12,1.883
2005-01-13,1.873
2005-01-14,1.867
2005-01-15,1.865
2005-01-16,2.021
2005-01-17,2.008
2005-01-18,1.866
2005-01-19,1.793
2005-01-20,1.761
2005-01-21,1.743
2005-01-22,1.711
2005-01-23,1.67
2005-01-24,1.639
2005-01-25,1.662
2005-01-26,1.657
2005-01-27,1.75
2005-01-28,1.997
2005-01-29,2.411
2005-01-30,2.416
2005-01-31,2.398
2005-02-01,2.238
2005-02-02,2.064
2005-02-03,1.696
2005-02-04,1.517
2005-02-05,1.458
2005-02-06,1.437
2005-02-07,1.424
2005-02-08,1.427
2005-02-09,1.428
2005-02-10,1.436
2005-02-11,1.406
2005-02-12,1.364
2005-02-13,1.322
2005-02-14,1.299
2005-02-15,1.304
2005-02-16,1.284
2005-02-17,1.285
2005-02-18,1.245
2005-02-19,1.225
2005-02-20,1.218
2005-02-21,1.201
2005-02-22,1.195
2005-02-23,1.171
2005-02-24,1.19
2005-02-25,1.174
2005-02-26,1.168
2005-02-27,1.294
2005-02-28,7.472
2005-03-01,26.516
2005-03-02,24.237
2005-03-03,26.222
2005-03-04,13.125
2005-03-05,4.939
2005-03-06,2.766
2005-03-07,1.979
2005-03-08,1.27
2005-03-09,1.116
2005-03-10,1.107
2005-03-11,1.063
2005-03-12,1.028
2005-03-13,1.043
2005-03-14,1.015
2005-03-15,1.019
2005-03-16,1.145
2005-03-17,1.327
2005-03-18,1.662
2005-03-19,1.673
2005-03-20,5.592
2005-03-21,16.147
2005-03-22,18.309
2005-03-23,28.39
2005-03-24,20.539
2005-03-25,19.778
2005-03-26,14.942
2005-03-27,12.646
2005-03-28,25.908
2005-03-29,24.409
2005-03-30,15.076
2005-03-31,12.375
2005-04-01,4.289
2005-04-02,1.016
2005-04-03,0.842
2005-04-04,0.943
2005-04-05,1.05
2005-04-06,2.63
2005-04-07,2.933
2005-04-08,4.239
2005-04-09,2.525
2005-04-10,3.088
2005-04-11,2.657
2005-04-12,2.633
2005-04-13,2.121
2005-04-14,3.059
2005-04-15,6.014
2005-04-16,5.823
2005-04-17,12.454
2005-04-18,6.705
2005-04-19,2.494
2005-04-20,0.92
2005-04-21,0.855
2005-04-22,0.768
2005-04-23,0.768
2005-04-24,0.83
2005-04-25,0.828
2005-04-26,0.895
2005-04-27,1.213
2005-04-28,2.653
2005-04-29,3.631
2005-04-30,3.831
2005-05-01,4.892
2005-05-02,9.128
2005-05-03,14.77
2005-05-04,14.911
2005-05-05,18.335
2005-05-06,25.717
2005-05-07,21.555
2005-05-08,19.781
2005-05-09,15.624
2005-05-10,16.712
2005-05-11,20.251
2005-05-12,27.053
2005-05-13,24.277
2005-05-14,12.115
2005-05-15,22.31
2005-05-16,33.159
2005-05-17,23.882
2005-05-18,11.381
2005-05-19,12.929
2005-05-20,13.702
2005-05-21,8.908
2005-05-22,13.441
2005-05-23,13.972
2005-05-24,18.916
2005-05-25,24.341
2005-05-26,28.475
2005-05-27,31.776
2005-05-28,30.84
2005-05-29,45.302
2005-05-30,29.42
2005-05-31,20.477
2005-06-01,24.323
2005-06-02,10.622
2005-06-03,2.745
2005-06-04,2.178
2005-06-05,2.13
2005-06-06,2.029
2005-06-07,2.252
2005-06-08,3.88
2005-06-09,5.645
2005-06-10,6.652
2005-06-11,15.721
2005-06-12,23.279
2005-06-13,11.202
2005-06-14,3.524
2005-06-15,2.268
2005-06-16,2.221
2005-06-17,2.518
2005-06-18,3.462
2005-06-19,4.411
2005-06-20,5.19
2005-06-21,5.225
2005-06-22,7.443
2005-06-23,6.388
2005-06-24,7.094
2005-06-25,5.507
2005-06-26,5.71
2005-06-27,6.889
2005-06-28,4.277
2005-06-29,3.827
2005-06-30,3.659
2005-07-01,4.731
2005-07-02,4.571
2005-07-03,3.908
2005-07-04,3.17
2005-07-05,3.328
2005-07-06,6.261
2005-07-07,4.645
2005-07-08,5.204
2005-07-09,6.175
2005-07-10,8.76
2005-07-11,9.805
2005-07-12,15.565
2005-07-13,20.04
2005-07-14,19.843
2005-07-15,7.802
2005-07-16,3.011
2005-07-17,2.422
2005-07-18,2.293
2005-07-19,2.611
2005-07-20,2.918
2005-07-21,3.423
2005-07-22,3.321
2005-07-23,24.8
2005-07-24,46.871
2005-07-25,29.707
2005-07-26,7.983
2005-07-27,3.907
2005-07-28,6.832
2005-07-29,7.257
2005-07-30,7.87
2005-07-31,22.075
2005-08-01,23.112
2005-08-02,39.892
2005-08-03,26.413
2005-08-04,11.624
2005-08-05,6.623
2005-08-06,3.948
2005-08-07,5.709
2005-08-08,4.672
2005-08-09,2.963
2005-08-10,2.645
2005-08-11,2.972
2005-08-12,4.122
2005-08-13,4.334
2005-08-14,2.897
2005-08-15,2.885
2005-08-16,3.928
2005-08-17,6.919
2005-08-18,9.066
2005-08-19,10.221
2005-08-20,26.738
2005-08-21,27.241
2005-08-22,18.221
2005-08-23,11.472
2005-08-24,9.865
2005-08-25,8.052
2005-08-26,40.203
2005-08-27,65.854
2005-08-28,50.538
2005-08-29,96.052
2005-08-30,132.199
2005-08-31,40.398
2005-09-01,6.153
2005-09-02,4.509
2005-09-03,4.202
2005-09-04,4.498
2005-09-05,4.575
2005-09-06,6.217
2005-09-07,6.069
2005-09-08,18.144
2005-09-09,31.379
2005-09-10,31.432
2005-09-11,40.678
2005-09-12,22.801
2005-09-13,11.239
2005-09-14,11.193
2005-09-15,14.875
2005-09-16,21.51
2005-09-17,40.9
2005-09-18,57.018
2005-09-19,57.123
2005-09-20,53.695
2005-09-21,38.354
2005-09-22,13.726
2005-09-23,8.226
2005-09-24,7.967
2005-09-25,8.095
2005-09-26,8.175
2005-09-27,8.214
2005-09-28,8.159
2005-09-29,8.111
2005-09-30,8.058
2005-10-01,8.001
2005-10-02,7.8
2005-10-03,7.103
2005-10-04,6.525
2005-10-05,5.968
2005-10-06,5.508
2005-10-07,5.535
2005-10-08,5.35
2005-10-09,5.343
2005-10-10,5.143
2005-10-11,5.14
2005-10-12,5.681
2005-10-13,6.906
2005-10-14,6.769
2005-10-15,5.839
2005-10-16,6.108
2005-10-17,7.856
2005-10-18,7.757
2005-10-19,7.84
2005-10-20,5.785
2005-10-21,4.835
2005-10-22,9.141
2005-10-23,10.823
2005-10-24,13.165
2005-10-25,10.905
2005-10-26,6.353
2005-10-27,5.276
2005-10-28,6.222
2005-10-29,5.905
2005-10-30,6.742
2005-10-31,5.135
2005-11-01,4.33
2005-11-02,4.1
2005-11-03,4.015
2005-11-04,5.845
2005-11-05,17.98
2005-11-06,47.6
2005-11-07,29.012
2005-11-08,34.26
2005-11-09,12.622
2005-11-10,4.149
2005-11-11,3.62
2005-11-12,3.836
2005-11-13,3.85
2005-11-14,3.896
2005-11-15,3.597
2005-11-16,3.353
2005-11-17,3.292
2005-11-18,3.295
2005-11-19,3.278
2005-11-20,3.314
2005-11-21,3.233
2005-11-22,3.205
2005-11-23,3.147
2005-11-24,3.1
2005-11-25,3.041
2005-11-26,2.958
2005-11-27,2.915
2005-11-28,2.895
2005-11-29,2.834
2005-11-30,2.798
2005-12-01,2.791
2005-12-02,2.742
2005-12-03,2.692
2005-12-04,2.668
2005-12-05,2.675
2005-12-06,2.657
2005-12-07,2.611
2005-12-08,2.578
2005-12-09,2.516
2005-12-10,2.475
2005-12-11,2.423
2005-12-12,2.389
2005-12-13,2.36
2005-12-14,2.321
2005-12-15,2.314
2005-12-16,2.282
2005-12-17,2.209
2005-12-18,2.135
2005-12-19,2.093
2005-12-20,2.078
2005-12-21,2.04
2005-12-22,2.026
2005-12-23,1.999
2005-12-24,1.963
2005-12-25,1.949
2005-12-26,1.946
2005-12-27,1.898
2005-12-28,1.848
2005-12-29,1.823
2005-12-30,1.833
2005-12-31,1.817
2006-01-01,1.76
2006-01-02,1.761
2006-01-03,1.707
2006-01-04,1.687
2006-01-05,1.646
2006-01-06,1.628
2006-01-07,1.609
2006-01-08,1.588
2006-01-09,1.568
2006-01-10,1.542
2006-01-11,1.524
2006-01-12,1.529
2006-01-13,1.578
2006-01-14,1.609
2006-01-15,1.609
2006-01-16,1.582
2006-01-17,1.509
2006-01-18,1.591
2006-01-19,1.63
2006-01-20,1.556
2006-01-21,1.448
2006-01-22,1.36
2006-01-23,1.332
2006-01-24,1.295
2006-01-25,1.285
2006-01-26,1.272
2006-01-27,1.231
2006-01-28,1.214
2006-01-29,1.21
2006-01-30,1.208
2006-01-31,1.2
2006-02-01,1.262
2006-02-02,1.323
2006-02-03,1.262
2006-02-04,1.181
2006-02-05,1.145
2006-02-06,1.102
2006-02-07,1.073
2006-02-08,1.089
2006-02-09,1.078
2006-02-10,1.06
2006-02-11,1.043
2006-02-12,1.025
2006-02-13,1.036
2006-02-14,1.103
2006-02-15,1.31
2006-02-16,1.532
2006-02-17,1.8
2006-02-18,1.587
2006-02-19,1.245
2006-02-20,1.185
2006-02-21,1.285
2006-02-22,1.242
2006-02-23,1.217
2006-02-24,1.317
2006-02-25,1.555
2006-02-26,2.283
2006-02-27,3.695
2006-02-28,2.414
2006-03-01,1.695
2006-03-02,2.31
2006-03-03,5.583
2006-03-04,4.228
2006-03-05,1.87
2006-03-06,1.318
2006-03-07,1.215
2006-03-08,1.573
2006-03-09,5.875
2006-03-10,4.782
2006-03-11,6.509
2006-03-12,2.923
2006-03-13,1.419
2006-03-14,1.074
2006-03-15,1.155
2006-03-16,1.46
2006-03-17,1.136
2006-03-18,1.31
2006-03-19,2.338
2006-03-20,2.689
2006-03-21,2.525
2006-03-22,2.861
2006-03-23,2.29
2006-03-24,1.504
2006-03-25,1.74
2006-03-26,4.491
2006-03-27,4.996
2006-03-28,3.652
2006-03-29,1.895
2006-03-30,1.081
2006-03-31,1.068
2006-04-01,1.381
2006-04-02,3.37
2006-04-03,9.482
2006-04-04,11.303
2006-04-05,17.422
2006-04-06,23.777
2006-04-07,13.363
2006-04-08,17.048
2006-04-09,17.744
2006-04-10,7.886
2006-04-11,3.309
2006-04-12,2.209
2006-04-13,2.062
2006-04-14,1.292
2006-04-15,1.162
2006-04-16,1.503
2006-04-17,5.372
2006-04-18,10.625
2006-04-19,16.544
2006-04-20,9.577
2006-04-21,10.108
2006-04-22,14.505
2006-04-23,33.52
2006-04-24,56.344
2006-04-25,56.335
2006-04-26,47.086
2006-04-27,30.875
2006-04-28,20.149
2006-04-29,12.515
2006-04-30,13.04
2006-05-01,26.739
2006-05-02,34.791
2006-05-03,55.482
2006-05-04,50.389
2006-05-05,79.668
2006-05-06,76.505
2006-05-07,27.638
2006-05-08,7.732
2006-05-09,6.486
2006-05-10,17.987
2006-05-11,21.902
2006-05-12,36.445
2006-05-13,64.472
2006-05-14,64.212
2006-05-15,51.59
2006-05-16,29.161
2006-05-17,50.443
2006-05-18,41.195
2006-05-19,50.103
2006-05-20,22.275
2006-05-21,21.706
2006-05-22,9.975
2006-05-23,7.167
2006-05-24,9.765
2006-05-25,9.6
2006-05-26,16.249
2006-05-27,12.206
2006-05-28,8.782
2006-05-29,15.338
2006-05-30,24.387
2006-05-31,25.163
2006-06-01,39.21
2006-06-02,39.6
2006-06-03,35.759
2006-06-04,19.643
2006-06-05,11.885
2006-06-06,11.832
2006-06-07,11.072
2006-06-08,8.731
2006-06-09,9.013
2006-06-10,14.817
2006-06-11,11.366
2006-06-12,5.55
2006-06-13,5.536
2006-06-14,5.584
2006-06-15,6.142
2006-06-16,8.421
2006-06-17,15.73
2006-06-18,11.642
2006-06-19,8.902
2006-06-20,14.685
2006-06-21,13.96
2006-06-22,14.023
2006-06-23,18.552
2006-06-24,17.119
2006-06-25,18.192
2006-06-26,15.112
2006-06-27,11.633
2006-06-28,23.828
2006-06-29,18.507
2006-06-30,17.367
2006-07-01,24.573
2006-07-02,14.195
2006-07-03,5.933
2006-07-04,5.523
2006-07-05,5.509
2006-07-06,5.152
2006-07-07,6.583
2006-07-08,7.724
2006-07-09,6.88
2006-07-10,7.946
2006-07-11,9.29
2006-07-12,13.987
2006-07-13,13.135
2006-07-14,16.176
2006-07-15,18.242
2006-07-16,9.653
2006-07-17,5.462
2006-07-18,5.192
2006-07-19,5.179
2006-07-20,5.237
2006-07-21,5.401
2006-07-22,5.781
2006-07-23,8.758
2006-07-24,22.602
2006-07-25,27.465
2006-07-26,33.757
2006-07-27,37.554
2006-07-28,32.295
2006-07-29,26.826
2006-07-30,19.002
2006-07-31,13.457
2006-08-01,22.523
2006-08-02,21.324
2006-08-03,11.399
2006-08-04,20.326
2006-08-05,39.338
2006-08-06,43.438
2006-08-07,71.948
2006-08-08,73.93
2006-08-09,37.377
2006-08-10,111.432
2006-08-11,124.458
2006-08-12,72.067
2006-08-13,32.71
2006-08-14,32.367
2006-08-15,23.636
2006-08-16,16.882
2006-08-17,18.185
2006-08-18,21.099
2006-08-19,21.318
2006-08-20,20.9
2006-08-21,22.39
2006-08-22,19.381
2006-08-23,18.47
2006-08-24,23.385
2006-08-25,20.883
2006-08-26,17.521
2006-08-27,17.505
2006-08-28,17.869
2006-08-29,20.482
2006-08-30,24.715
2006-08-31,21.584
2006-09-01,18.713
2006-09-02,17.838
2006-09-03,18.791
2006-09-04,17.99
2006-09-05,20.293
2006-09-06,21.63
2006-09-07,17.45
2006-09-08,16.042
2006-09-09,24.905
2006-09-10,26.817
2006-09-11,22.897
2006-09-12,18.671
2006-09-13,15.87
2006-09-14,14.917
2006-09-15,13.899
2006-09-16,13.657
2006-09-17,13.835
2006-09-18,13.857
2006-09-19,15.244
2006-09-20,15.415
2006-09-21,42.22
2006-09-22,47.068
2006-09-23,46.19
2006-09-24,42.772
2006-09-25,33.748
2006-09-26,22.915
2006-09-27,15.988
2006-09-28,13.144
2006-09-29,11.898
2006-09-30,11.213
2006-10-01,12.06
2006-10-02,15.478
2006-10-03,16.38
2006-10-04,14.541
2006-10-05,12.242
2006-10-06,10.22
2006-10-07,9.648
2006-10-08,9.484
2006-10-09,9.36
2006-10-10,9.237
2006-10-11,9.022
2006-10-12,8.849
2006-10-13,8.716
2006-10-14,8.572
2006-10-15,8.441
2006-10-16,8.333
2006-10-17,8.218
2006-10-18,8.142
2006-10-19,8.133
2006-10-20,8.3
2006-10-21,8.39
2006-10-22,8.307
2006-10-23,13.825
2006-10-24,26.453
2006-10-25,18.749
2006-10-26,18.64
2006-10-27,21.449
2006-10-28,17.443
2006-10-29,28.355
2006-10-30,17.18
2006-10-31,18.319
2006-11-01,13.775
2006-11-02,8.803
2006-11-03,7.316
2006-11-04,6.403
2006-11-05,6.222
2006-11-06,6.185
2006-11-07,6.174
2006-11-08,6.156
2006-11-09,6.053
2006-11-10,8.102
2006-11-11,7.21
2006-11-12,6.578
2006-11-13,6.575
2006-11-14,8.516
2006-11-15,11.404
2006-11-16,16.368
2006-11-17,17.656
2006-11-18,25.804
2006-11-19,26.243
2006-11-20,29.578
2006-11-21,28.158
2006-11-22,23.613
2006-11-23,25.924
2006-11-24,30.607
2006-11-25,48.369
2006-11-26,38.927
2006-11-27,14.624
2006-11-28,6.331
2006-11-29,5.849
2006-11-30,5.315
2006-12-01,5.244
2006-12-02,7.429
2006-12-03,8.951
2006-12-04,7.07
2006-12-05,5.763
2006-12-06,5.476
2006-12-07,5.475
2006-12-08,8.964
2006-12-09,6.824
2006-12-10,5.49
2006-12-11,4.905
2006-12-12,4.585
2006-12-13,4.548
2006-12-14,5.057
2006-12-15,6.84
2006-12-16,8.911
2006-12-17,6.999
2006-12-18,5.141
2006-12-19,4.538
2006-12-20,5.527
2006-12-21,8.493
2006-12-22,7.638
2006-12-23,5.774
2006-12-24,5.1
2006-12-25,5.349
2006-12-26,4.68
2006-12-27,4.11
2006-12-28,4.141
2006-12-29,4.557
2006-12-30,4.81
2006-12-31,5.292
2007-01-01,6.98
2007-01-02,5.548
2007-01-03,4.093
2007-01-04,3.855
2007-01-05,3.826
2007-01-06,3.843
2007-01-07,3.746
2007-01-08,3.624
2007-01-09,3.587
2007-01-10,3.575
2007-01-11,3.586
2007-01-12,3.542
2007-01-13,3.518
2007-01-14,3.505
2007-01-15,3.489
2007-01-16,3.477
2007-01-17,3.512
2007-01-18,3.519
2007-01-19,3.568
2007-01-20,3.48
2007-01-21,3.389
2007-01-22,3.415
2007-01-23,3.23
2007-01-24,3.117
2007-01-25,3.048
2007-01-26,3.06
2007-01-27,3.072
2007-01-28,3.018
2007-01-29,2.969
2007-01-30,2.97
2007-01-31,2.999
2007-02-01,3.398
2007-02-02,3.538
2007-02-03,3.512
2007-02-04,3.979
2007-02-05,3.985
2007-02-06,4.065
2007-02-07,4.482
2007-02-08,4.107
2007-02-09,3.204
2007-02-10,2.774
2007-02-11,2.883
2007-02-12,3.777
2007-02-13,4.512
2007-02-14,4.35
2007-02-15,3.488
2007-02-16,2.903
2007-02-17,2.707
2007-02-18,2.648
2007-02-19,2.514
2007-02-20,2.441
2007-02-21,2.418
2007-02-22,2.362
2007-02-23,2.323
2007-02-24,2.315
2007-02-25,2.343
2007-02-26,2.322
2007-02-27,2.67
2007-02-28,2.901
2007-03-01,2.882
2007-03-02,2.56
2007-03-03,2.424
2007-03-04,2.581
2007-03-05,2.379
2007-03-06,2.198
2007-03-07,2.132
2007-03-08,2.119
2007-03-09,2.097
2007-03-10,2.235
2007-03-11,2.892
2007-03-12,3.031
2007-03-13,3.47
2007-03-14,3.359
2007-03-15,2.653
2007-03-16,3.86
2007-03-17,11.338
2007-03-18,5.837
2007-03-19,6.621
2007-03-20,3.68
2007-03-21,2.557
2007-03-22,2.51
2007-03-23,2.349
2007-03-24,2.072
2007-03-25,1.823
2007-03-26,1.753
2007-03-27,1.74
2007-03-28,1.713
2007-03-29,1.712
2007-03-30,1.698
2007-03-31,1.793
2007-04-01,1.773
2007-04-02,1.71
2007-04-03,1.602
2007-04-04,1.553
2007-04-05,1.525
2007-04-06,1.523
2007-04-07,1.52
2007-04-08,1.495
2007-04-09,1.438
2007-04-10,1.599
2007-04-11,2.49
2007-04-12,2.396
2007-04-13,2.948
2007-04-14,6.7
2007-04-15,24.196
2007-04-16,17.234
2007-04-17,19.606
2007-04-18,24.708
2007-04-19,24.515
2007-04-20,17.451
2007-04-21,38.518
2007-04-22,41.254
2007-04-23,23.123
2007-04-24,15.384
2007-04-25,12.58
2007-04-26,3.91
2007-04-27,3.731
2007-04-28,4.99
2007-04-29,9.382
2007-04-30,5.255
2007-05-01,3.7
2007-05-02,3.588
2007-05-03,3.105
2007-05-04,4.009
2007-05-05,3.189
2007-05-06,3.658
2007-05-07,8.049
2007-05-08,11.263
2007-05-09,7.326
2007-05-10,3.401
2007-05-11,2.491
2007-05-12,1.957
2007-05-13,2.319
2007-05-14,2.098
2007-05-15,2.538
2007-05-16,4.24
2007-05-17,4.551
2007-05-18,7.64
2007-05-19,9.922
2007-05-20,6.353
2007-05-21,2.748
2007-05-22,1.87
2007-05-23,1.289
2007-05-24,1.139
2007-05-25,1.25
2007-05-26,1.64
2007-05-27,1.867
2007-05-28,2.248
2007-05-29,2.743
2007-05-30,3.555
2007-05-31,6.194
2007-06-01,20.252
2007-06-02,14.803
2007-06-03,6.337
2007-06-04,17.531
2007-06-05,20.58
2007-06-06,26.1
2007-06-07,12.675
2007-06-08,5.041
2007-06-09,8.191
2007-06-10,13.578
2007-06-11,7.451
2007-06-12,6.547
2007-06-13,12.985
2007-06-14,12.344
2007-06-15,9.649
2007-06-16,10.129
2007-06-17,10.44
2007-06-18,10.206
2007-06-19,10.933
2007-06-20,5.033
2007-06-21,3.715
2007-06-22,2.379
2007-06-23,1.414
2007-06-24,1.45
2007-06-25,1.263
2007-06-26,1.517
2007-06-27,1.554
2007-06-28,1.645
2007-06-29,1.974
2007-06-30,3.015
2007-07-01,2.633
2007-07-02,3.03
2007-07-03,3.813
2007-07-04,9.01
2007-07-05,13.44
2007-07-06,18.07
2007-07-07,112.43
2007-07-08,71.104
2007-07-09,13.153
2007-07-10,13.557
2007-07-11,16.852
2007-07-12,7.912
2007-07-13,7.243
2007-07-14,4.502
2007-07-15,5.864
2007-07-16,5.484
2007-07-17,4.882
2007-07-18,3.383
2007-07-19,5.54
2007-07-20,8.835
2007-07-21,7.393
2007-07-22,3.056
2007-07-23,1.724
2007-07-24,1.762
2007-07-25,2.025
2007-07-26,2.847
2007-07-27,2.441
2007-07-28,2.796
2007-07-29,3.995
2007-07-30,8.885
2007-07-31,9.294
2007-08-01,26.08
2007-08-02,45.621
2007-08-03,45.916
2007-08-04,66.862
2007-08-05,47.327
2007-08-06,23.179
2007-08-07,11.93
2007-08-08,17.068
2007-08-09,11.878
2007-08-10,18.659
2007-08-11,81.422
2007-08-12,87.298
2007-08-13,66.08
2007-08-14,59.564
2007-08-15,53.38
2007-08-16,60.943
2007-08-17,111.646
2007-08-18,89.688
2007-08-19,116.012
2007-08-20,48.04
2007-08-21,23.434
2007-08-22,19.924
2007-08-23,15.901
2007-08-24,13.737
2007-08-25,12.461
2007-08-26,11.685
2007-08-27,11.148
2007-08-28,20.711
2007-08-29,24.507
2007-08-30,18.805
2007-08-31,20.142
2007-09-01,30.467
2007-09-02,26.691
2007-09-03,21.205
2007-09-04,19.83
2007-09-05,32.339
2007-09-06,43.976
2007-09-07,67.471
2007-09-08,77.959
2007-09-09,57.108
2007-09-10,60.57
2007-09-11,70.002
2007-09-12,66.93
2007-09-13,69.523
2007-09-14,69.65
2007-09-15,65.892
2007-09-16,76.293
2007-09-17,48.812
2007-09-18,45.104
2007-09-19,39.648
2007-09-20,29.252
2007-09-21,27.588
2007-09-22,27.205
2007-09-23,26.436
2007-09-24,28.778
2007-09-25,26.964
2007-09-26,37.948
2007-09-27,78.177
2007-09-28,86.671
2007-09-29,90.69
2007-09-30,67.553
2007-10-01,54.315
2007-10-02,38.132
2007-10-03,36.866
2007-10-04,32.754
2007-10-05,37.465
2007-10-06,28.025
2007-10-07,24.484
2007-10-08,24.053
2007-10-09,23.702
2007-10-10,23.42
2007-10-11,23.055
2007-10-12,22.684
2007-10-13,22.302
2007-10-14,21.921
2007-10-15,21.532
2007-10-16,21.167
2007-10-17,20.777
2007-10-18,20.332
2007-10-19,19.922
2007-10-20,19.591
2007-10-21,19.463
2007-10-22,19.94
2007-10-23,21.386
2007-10-24,19.554
2007-10-25,19.492
2007-10-26,18.68
2007-10-27,17.453
2007-10-28,16.825
2007-10-29,16.462
2007-10-30,16.208
2007-10-31,15.723
2007-11-01,15.337
2007-11-02,14.994
2007-11-03,14.687
2007-11-04,14.541
2007-11-05,15.503
2007-11-06,14.99
2007-11-07,14.847
2007-11-08,14.515
2007-11-09,13.995
2007-11-10,13.432
2007-11-11,13.265
2007-11-12,12.76
2007-11-13,12.442
2007-11-14,12.077
2007-11-15,11.778
2007-11-16,11.522
2007-11-17,11.261
2007-11-18,11.083
2007-11-19,10.945
2007-11-20,10.716
2007-11-21,10.435
2007-11-22,10.212
2007-11-23,9.983
2007-11-24,9.74
2007-11-25,9.525
2007-11-26,9.362
2007-11-27,9.205
2007-11-28,9.007
2007-11-29,8.805
2007-11-30,8.643
2007-12-01,8.434
2007-12-02,8.285
2007-12-03,8.118
2007-12-04,8.002
2007-12-05,7.809
2007-12-06,7.663
2007-12-07,7.482
2007-12-08,7.344
2007-12-09,7.365
2007-12-10,7.474
2007-12-11,7.7
2007-12-12,7.409
2007-12-13,6.962
2007-12-14,6.804
2007-12-15,6.652
2007-12-16,6.362
2007-12-17,6.188
2007-12-18,6.061
2007-12-19,5.968
2007-12-20,5.868
2007-12-21,5.785
2007-12-22,5.688
2007-12-23,5.619
2007-12-24,5.493
2007-12-25,5.358
2007-12-26,5.25
2007-12-27,5.163
2007-12-28,5.061
2007-12-29,4.971
2007-12-30,4.848
2007-12-31,4.79
2008-01-01,4.686
2008-01-02,4.428
2008-01-03,4.295
2008-01-04,4.088
2008-01-05,4.044
2008-01-06,3.992
2008-01-07,3.96
2008-01-08,3.914
2008-01-09,3.836
2008-01-10,3.757
2008-01-11,3.688
2008-01-12,3.617
2008-01-13,3.564
2008-01-14,3.512
2008-01-15,3.546
2008-01-16,3.892
2008-01-17,3.872
2008-01-18,3.772
2008-01-19,3.59
2008-01-20,3.431
2008-01-21,3.284
2008-01-22,3.177
2008-01-23,3.141
2008-01-24,3.094
2008-01-25,3.05
2008-01-26,2.998
2008-01-27,2.952
2008-01-28,2.885
2008-01-29,2.832
2008-01-30,2.776
2008-01-31,2.728
2008-02-01,2.68
2008-02-02,2.654
2008-02-03,2.642
2008-02-04,2.665
2008-02-05,2.615
2008-02-06,2.577
2008-02-07,2.696
2008-02-08,3.025
2008-02-09,3.68
2008-02-10,3.413
2008-02-11,3.771
2008-02-12,2.98
2008-02-13,2.573
2008-02-14,2.846
2008-02-15,3.238
2008-02-16,3.087
2008-02-17,2.369
2008-02-18,2.13
2008-02-19,2.067
2008-02-20,2.05
2008-02-21,2.087
2008-02-22,2.017
2008-02-23,1.982
2008-02-24,1.978
2008-02-25,1.998
2008-02-26,1.951
2008-02-27,1.909
2008-02-28,1.885
2008-02-29,1.885
2008-03-01,1.932
2008-03-02,1.865
2008-03-03,1.778
2008-03-04,1.749
2008-03-05,1.773
2008-03-06,1.879
2008-03-07,1.9
2008-03-08,1.907
2008-03-09,1.762
2008-03-10,1.679
2008-03-11,1.65
2008-03-12,1.657
2008-03-13,1.674
2008-03-14,2.348
2008-03-15,2.9
2008-03-16,2.869
2008-03-17,2.812
2008-03-18,2.568
2008-03-19,2.685
2008-03-20,2.533
2008-03-21,2.92
2008-03-22,4.978
2008-03-23,8.922
2008-03-24,19.487
2008-03-25,15.93
2008-03-26,13.237
2008-03-27,16.884
2008-03-28,13.356
2008-03-29,7.854
2008-03-30,8.29
2008-03-31,7.263
2008-04-01,9.994
2008-04-02,36.132
2008-04-03,28.453
2008-04-04,4.208
2008-04-05,1.404
2008-04-06,1.329
2008-04-07,1.295
2008-04-08,1.268
2008-04-09,1.656
2008-04-10,3.1
2008-04-11,2.159
2008-04-12,6.345
2008-04-13,12.595
2008-04-14,5.992
2008-04-15,6.208
2008-04-16,7.315
2008-04-17,6.679
2008-04-18,12.034
2008-04-19,10.487
2008-04-20,20.654
2008-04-21,21.042
2008-04-22,27.014
2008-04-23,18.735
2008-04-24,13.469
2008-04-25,5.823
2008-04-26,3.338
2008-04-27,3.446
2008-04-28,2.158
2008-04-29,1.558
2008-04-30,1.425
2008-05-01,1.334
2008-05-02,1.391
2008-05-03,1.226
2008-05-04,1.193
2008-05-05,1.366
2008-05-06,1.472
2008-05-07,1.624
2008-05-08,1.36
2008-05-09,1.136
2008-05-10,1.15
2008-05-11,1.151
2008-05-12,1.243
2008-05-13,1.431
2008-05-14,2.65
2008-05-15,2.523
2008-05-16,4.334
2008-05-17,3.115
2008-05-18,1.455
2008-05-19,1.515
2008-05-20,2.953
2008-05-21,9.644
2008-05-22,9.895
2008-05-23,9.634
2008-05-24,14.939
2008-05-25,13.33
2008-05-26,17.028
2008-05-27,9.562
2008-05-28,4.059
2008-05-29,3.088
2008-05-30,2.402
2008-05-31,4.865
2008-06-01,3.635
2008-06-02,14.07
2008-06-03,42.784
2008-06-04,23.55
2008-06-05,32.382
2008-06-06,45.759
2008-06-07,45.618
2008-06-08,32.771
2008-06-09,16.928
2008-06-10,15.42
2008-06-11,17.308
2008-06-12,11.307
2008-06-13,12.562
2008-06-14,15.246
2008-06-15,12.745
2008-06-16,3.405
2008-06-17,1.802
2008-06-18,1.689
2008-06-19,1.624
2008-06-20,1.575
2008-06-21,2.679
2008-06-22,3.552
2008-06-23,2.894
2008-06-24,3.007
2008-06-25,1.991
2008-06-26,1.375
2008-06-27,1.242
2008-06-28,1.232
2008-06-29,1.26
2008-06-30,1.334
2008-07-01,1.323
2008-07-02,1.373
2008-07-03,1.779
2008-07-04,2.87
2008-07-05,2.006
2008-07-06,2.571
2008-07-07,3.259
2008-07-08,3.757
2008-07-09,3.013
2008-07-10,7.138
2008-07-11,15.085
2008-07-12,10.182
2008-07-13,3.284
2008-07-14,3.391
2008-07-15,6.702
2008-07-16,4.852
2008-07-17,4.75
2008-07-18,5.12
2008-07-19,5.105
2008-07-20,5.828
2008-07-21,6.502
2008-07-22,6.374
2008-07-23,6.227
2008-07-24,24.057
2008-07-25,37.039
2008-07-26,19.158
2008-07-27,26.075
2008-07-28,16.535
2008-07-29,10.822
2008-07-30,3.935
2008-07-31,3.651
2008-08-01,9.903
2008-08-02,17.787
2008-08-03,27.652
2008-08-04,26.692
2008-08-05,20.282
2008-08-06,18.588
2008-08-07,21.93
2008-08-08,23.581
2008-08-09,26.643
2008-08-10,33.565
2008-08-11,30.708
2008-08-12,32.678
2008-08-13,20.84
2008-08-14,11.299
2008-08-15,7.884
2008-08-16,5.693
2008-08-17,6.998
2008-08-18,9.145
2008-08-19,18.492
2008-08-20,32.197
2008-08-21,35.182
2008-08-22,24.306
2008-08-23,9.042
2008-08-24,3.42
2008-08-25,3.219
2008-08-26,3.451
2008-08-27,3.726
2008-08-28,6.715
2008-08-29,7.188
2008-08-30,5.925
2008-08-31,4.706
2008-09-01,4.589
2008-09-02,4.737
2008-09-03,5.248
2008-09-04,8.902
2008-09-05,9.588
2008-09-06,6.542
2008-09-07,5.189
2008-09-08,6.732
2008-09-09,6.631
2008-09-10,6.317
2008-09-11,7.222
2008-09-12,7.302
2008-09-13,10.667
2008-09-14,11.979
2008-09-15,13.792
2008-09-16,55.52
2008-09-17,59.635
2008-09-18,58.815
2008-09-19,31.405
2008-09-20,27.132
2008-09-21,23.825
2008-09-22,11.061
2008-09-23,4.962
2008-09-24,4.49
2008-09-25,5.158
2008-09-26,7.515
2008-09-27,13.462
2008-09-28,8.967
2008-09-29,5.044
2008-09-30,4.704
2008-10-01,4.847
2008-10-02,5.534
2008-10-03,9.041
2008-10-04,23.304
2008-10-05,49.122
2008-10-06,41.178
2008-10-07,63.06
2008-10-08,34.163
2008-10-09,15.058
2008-10-10,19.858
2008-10-11,16.223
2008-10-12,23.714
2008-10-13,19.109
2008-10-14,14.194
2008-10-15,15.482
2008-10-16,30.432
2008-10-17,38.392
2008-10-18,13.983
2008-10-19,8.113
2008-10-20,9.288
2008-10-21,7.902
2008-10-22,12.006
2008-10-23,17.997
2008-10-24,20.429
2008-10-25,27.962
2008-10-26,45.521
2008-10-27,42.77
2008-10-28,52.673
2008-10-29,22.964
2008-10-30,14.458
2008-10-31,10.987
2008-11-01,8.112
2008-11-02,7.566
2008-11-03,7.835
2008-11-04,10.803
2008-11-05,48.695
2008-11-06,72.069
2008-11-07,67.829
2008-11-08,126.248
2008-11-09,110.549
2008-11-10,105.998
2008-11-11,72.359
2008-11-12,52.284
2008-11-13,31.571
2008-11-14,26.501
2008-11-15,15.352
2008-11-16,10.435
2008-11-17,10.445
2008-11-18,10.834
2008-11-19,10.636
2008-11-20,10.353
2008-11-21,10.286
2008-11-22,10.224
2008-11-23,10.151
2008-11-24,10.088
2008-11-25,10.017
2008-11-26,9.928
2008-11-27,9.821
2008-11-28,9.73
2008-11-29,9.65
2008-11-30,9.495
2008-12-01,9.376
2008-12-02,9.263
2008-12-03,9.174
2008-12-04,9.101
2008-12-05,8.978
2008-12-06,8.88
2008-12-07,8.763
2008-12-08,8.642
2008-12-09,8.519
2008-12-10,8.363
2008-12-11,8.248
2008-12-12,8.147
2008-12-13,8.047
2008-12-14,7.92
2008-12-15,7.794
2008-12-16,7.687
2008-12-17,7.605
2008-12-18,7.49
2008-12-19,7.385
2008-12-20,7.279
2008-12-21,7.185
2008-12-22,7.104
2008-12-23,6.99
2008-12-24,6.87
2008-12-25,6.781
2008-12-26,6.675
2008-12-27,6.579
2008-12-28,6.457
2008-12-29,6.371
2008-12-30,6.303
2008-12-31,6.237
2009-01-01,6.147
2009-01-02,6.062
2009-01-03,5.942
2009-01-04,5.813
2009-01-05,5.772
2009-01-06,5.699
2009-01-07,5.644
2009-01-08,5.575
2009-01-09,5.508
2009-01-10,5.385
2009-01-11,5.292
2009-01-12,5.249
2009-01-13,5.176
2009-01-14,5.083
2009-01-15,5.025
2009-01-16,4.966
2009-01-17,4.927
2009-01-18,4.87
2009-01-19,4.809
2009-01-20,4.738
2009-01-21,4.675
2009-01-22,4.627
2009-01-23,4.578
2009-01-24,4.549
2009-01-25,4.602
2009-01-26,4.788
2009-01-27,5.339
2009-01-28,5.887
2009-01-29,5.757
2009-01-30,5.36
2009-01-31,5.352
2009-02-01,4.824
2009-02-02,4.374
2009-02-03,4.424
2009-02-04,4.131
2009-02-05,3.921
2009-02-06,3.872
2009-02-07,3.862
2009-02-08,3.852
2009-02-09,3.769
2009-02-10,3.674
2009-02-11,3.653
2009-02-12,3.608
2009-02-13,3.537
2009-02-14,3.5
2009-02-15,3.438
2009-02-16,3.354
2009-02-17,3.312
2009-02-18,3.293
2009-02-19,3.269
2009-02-20,3.238
2009-02-21,3.198
2009-02-22,3.14
2009-02-23,3.105
2009-02-24,3.056
2009-02-25,3.01
2009-02-26,3.012
2009-02-27,2.998
2009-02-28,2.974
2009-03-01,2.962
2009-03-02,3.104
2009-03-03,3.032
2009-03-04,3.01
2009-03-05,3.009
2009-03-06,2.866
2009-03-07,2.671
2009-03-08,2.612
2009-03-09,2.616
2009-03-10,2.595
2009-03-11,2.562
2009-03-12,2.532
2009-03-13,2.504
2009-03-14,2.497
2009-03-15,2.464
2009-03-16,2.412
2009-03-17,2.409
2009-03-18,2.382
2009-03-19,2.419
2009-03-20,2.331
2009-03-21,2.31
2009-03-22,2.285
2009-03-23,2.332
2009-03-24,2.349
2009-03-25,2.431
2009-03-26,2.229
2009-03-27,2.092
2009-03-28,2.055
2009-03-29,2.039
2009-03-30,2.022
2009-03-31,2.327
2009-04-01,3.309
2009-04-02,3.636
2009-04-03,7.101
2009-04-04,6.029
2009-04-05,4.295
2009-04-06,3.027
2009-04-07,4.558
2009-04-08,4.54
2009-04-09,4.243
2009-04-10,4.806
2009-04-11,6.779
2009-04-12,8.361
2009-04-13,38.334
2009-04-14,95.965
2009-04-15,130.628
2009-04-16,78.26
2009-04-17,37.173
2009-04-18,13.903
2009-04-19,23.198
2009-04-20,23.427
2009-04-21,11.312
2009-04-22,8.929
2009-04-23,6.715
2009-04-24,9.202
2009-04-25,4.976
2009-04-26,2.938
2009-04-27,2.542
2009-04-28,2.105
2009-04-29,2.615
2009-04-30,2.806
2009-05-01,15.663
2009-05-02,11.653
2009-05-03,11.395
2009-05-04,7.437
2009-05-05,3.61
2009-05-06,2.405
2009-05-07,1.703
2009-05-08,1.577
2009-05-09,1.589
2009-05-10,1.73
2009-05-11,12.052
2009-05-12,37.283
2009-05-13,33.741
2009-05-14,23.179
2009-05-15,92.539
2009-05-16,63.048
2009-05-17,53.71
2009-05-18,27.189
2009-05-19,36.743
2009-05-20,42.227
2009-05-21,27.058
2009-05-22,22.601
2009-05-23,14.182
2009-05-24,20.342
2009-05-25,15.785
2009-05-26,6.28
2009-05-27,3.77
2009-05-28,3.82
2009-05-29,6.518
2009-05-30,15.066
2009-05-31,15.818
2009-06-01,11.714
2009-06-02,7.98
2009-06-03,3.382
2009-06-04,2.892
2009-06-05,2.688
2009-06-06,2.729
2009-06-07,2.612
2009-06-08,2.819
2009-06-09,3.22
2009-06-10,2.846
2009-06-11,2.822
2009-06-12,2.628
2009-06-13,2.408
2009-06-14,2.332
2009-06-15,2.365
2009-06-16,2.673
2009-06-17,2.799
2009-06-18,3.745
2009-06-19,3.394
2009-06-20,2.83
2009-06-21,2.899
2009-06-22,2.611
2009-06-23,2.241
2009-06-24,2.399
2009-06-25,2.358
2009-06-26,2.333
2009-06-27,2.355
2009-06-28,2.388
2009-06-29,3.396
2009-06-30,3.635
2009-07-01,4.158
2009-07-02,5.89
2009-07-03,7.715
2009-07-04,4.632
2009-07-05,4.335
2009-07-06,6.551
2009-07-07,5.559
2009-07-08,2.785
2009-07-09,2.453
2009-07-10,2.565
2009-07-11,2.802
2009-07-12,2.475
2009-07-13,2.514
2009-07-14,2.563
2009-07-15,2.442
2009-07-16,2.774
2009-07-17,2.532
2009-07-18,3.0
2009-07-19,2.958
2009-07-20,2.398
2009-07-21,2.494
2009-07-22,2.656
2009-07-23,2.875
2009-07-24,2.863
2009-07-25,2.618
2009-07-26,3.086
2009-07-27,3.149
2009-07-28,3.283
2009-07-29,6.094
2009-07-30,4.848
2009-07-31,2.128
2009-08-01,1.826
2009-08-02,1.915
2009-08-03,1.975
2009-08-04,2.049
2009-08-05,1.945
2009-08-06,1.912
2009-08-07,1.973
2009-08-08,2.123
2009-08-09,1.948
2009-08-10,2.257
2009-08-11,2.263
2009-08-12,2.155
2009-08-13,2.243
2009-08-14,1.97
2009-08-15,6.22
2009-08-16,3.865
2009-08-17,11.842
2009-08-18,6.72
2009-08-19,6.979
2009-08-20,10.036
2009-08-21,8.908
2009-08-22,6.518
2009-08-23,7.498
2009-08-24,7.31
2009-08-25,6.768
2009-08-26,6.493
2009-08-27,6.516
2009-08-28,4.396
2009-08-29,1.955
2009-08-30,1.459
2009-08-31,1.296
2009-09-01,1.292
2009-09-02,1.463
2009-09-03,2.392
2009-09-04,2.716
2009-09-05,2.582
2009-09-06,2.618
2009-09-07,1.944
2009-09-08,2.075
2009-09-09,2.802
2009-09-10,5.321
2009-09-11,4.442
2009-09-12,2.212
2009-09-13,2.307
2009-09-14,1.645
2009-09-15,2.11
2009-09-16,1.962
2009-09-17,2.147
2009-09-18,4.733
2009-09-19,13.948
2009-09-20,13.33
2009-09-21,5.879
2009-09-22,8.773
2009-09-23,4.623
2009-09-24,2.774
2009-09-25,2.898
2009-09-26,2.525
2009-09-27,2.083
2009-09-28,1.526
2009-09-29,1.402
2009-09-30,2.566
2009-10-01,3.402
2009-10-02,1.894
2009-10-03,2.382
2009-10-04,2.432
2009-10-05,3.856
2009-10-06,6.501
2009-10-07,6.321
2009-10-08,8.721
2009-10-09,7.873
2009-10-10,12.834
2009-10-11,8.328
2009-10-12,13.429
2009-10-13,12.854
2009-10-14,17.197
2009-10-15,10.357
2009-10-16,2.204
2009-10-17,2.832
2009-10-18,2.668
2009-10-19,3.002
2009-10-20,2.175
2009-10-21,1.2
2009-10-22,1.047
2009-10-23,1.038
2009-10-24,1.19
2009-10-25,1.742
2009-10-26,6.487
2009-10-27,3.144
2009-10-28,5.328
2009-10-29,15.125
2009-10-30,13.398
2009-10-31,14.495
2009-11-01,20.165
2009-11-02,6.934
2009-11-03,1.266
2009-11-04,1.132
2009-11-05,1.315
2009-11-06,1.658
2009-11-07,1.822
2009-11-08,1.916
2009-11-09,3.238
2009-11-10,1.892
2009-11-11,1.261
2009-11-12,1.218
2009-11-13,1.43
2009-11-14,1.765
2009-11-15,1.575
2009-11-16,1.63
2009-11-17,1.232
2009-11-18,1.348
2009-11-19,1.335
2009-11-20,1.368
2009-11-21,1.275
2009-11-22,1.05
2009-11-23,0.935
2009-11-24,0.932
2009-11-25,0.978
2009-11-26,0.956
2009-11-27,0.93
2009-11-28,0.88
2009-11-29,0.938
2009-11-30,1.16
2009-12-01,1.181
2009-12-02,1.342
2009-12-03,1.194
2009-12-04,0.974
2009-12-05,1.031
2009-12-06,0.981
2009-12-07,1.049
2009-12-08,1.1
2009-12-09,1.145
2009-12-10,1.175
2009-12-11,2.28
2009-12-12,8.248
2009-12-13,14.339
2009-12-14,20.9
2009-12-15,28.221
2009-12-16,12.114
2009-12-17,2.547
2009-12-18,1.243
2009-12-19,0.923
2009-12-20,0.872
2009-12-21,0.836
2009-12-22,0.826
2009-12-23,0.811
2009-12-24,0.812
2009-12-25,1.372
2009-12-26,1.995
2009-12-27,3.397
2009-12-28,9.42
2009-12-29,20.127
2009-12-30,38.898
2009-12-31,28.769
2010-01-01,28.681
2010-01-02,16.605
2010-01-03,11.434
2010-01-04,4.792
2010-01-05,3.61
2010-01-06,0.588
2010-01-07,0.181
2010-01-08,0.121
2010-01-09,0.11
2010-01-10,0.345
2010-01-11,0.47
2010-01-12,0.602
2010-01-13,0.354
2010-01-14,0.107
2010-01-15,0.081
2010-01-16,0.088
2010-01-17,0.104
2010-01-18,0.103
2010-01-19,0.087
2010-01-20,0.092
2010-01-21,0.088
2010-01-22,0.097
2010-01-23,0.115
2010-01-24,0.219
2010-01-25,0.306
2010-01-26,0.161
2010-01-27,0.1
2010-01-28,0.105
2010-01-29,0.104
2010-01-30,0.106
2010-01-31,0.111
2010-02-01,0.13
2010-02-02,0.133
2010-02-03,0.11
2010-02-04,0.118
2010-02-05,0.491
2010-02-06,1.396
2010-02-07,2.798
2010-02-08,3.164
2010-02-09,2.727
2010-02-10,2.192
2010-02-11,1.94
2010-02-12,0.443
2010-02-13,0.097
2010-02-14,0.069
2010-02-15,0.076
2010-02-16,0.137
2010-02-17,0.451
2010-02-18,1.125
2010-02-19,2.896
2010-02-20,1.573
2010-02-21,1.044
2010-02-22,1.558
2010-02-23,2.378
2010-02-24,5.882
2010-02-25,4.82
2010-02-26,11.635
2010-02-27,13.067
2010-02-28,14.081
2010-03-01,15.17
2010-03-02,10.732
2010-03-03,14.031
2010-03-04,12.505
2010-03-05,8.627
2010-03-06,1.888
2010-03-07,1.004
2010-03-08,1.382
2010-03-09,1.993
2010-03-10,1.339
2010-03-11,0.346
2010-03-12,0.098
2010-03-13,0.096
2010-03-14,0.076
2010-03-15,0.078
2010-03-16,0.07
2010-03-17,0.076
2010-03-18,0.12
2010-03-19,0.335
2010-03-20,1.215
2010-03-21,1.528
2010-03-22,1.948
2010-03-23,1.812
2010-03-24,8.603
2010-03-25,16.445
2010-03-26,7.75
2010-03-27,7.391
2010-03-28,14.198
2010-03-29,10.435
2010-03-30,23.678
2010-03-31,27.047
2010-04-01,46.255
2010-04-02,41.378
2010-04-03,19.316
2010-04-04,11.742
2010-04-05,11.616
2010-04-06,6.951
2010-04-07,7.851
2010-04-08,1.623
2010-04-09,0.163
2010-04-10,0.092
2010-04-11,0.103
2010-04-12,0.255
2010-04-13,1.489
2010-04-14,6.228
2010-04-15,21.824
2010-04-16,23.277
2010-04-17,16.771
2010-04-18,20.735
2010-04-19,17.828
2010-04-20,19.62
2010-04-21,15.497
2010-04-22,19.068
2010-04-23,26.84
2010-04-24,32.507
2010-04-25,34.73
2010-04-26,32.825
2010-04-27,17.461
2010-04-28,26.768
2010-04-29,44.68
2010-04-30,41.685
2010-05-01,28.844
2010-05-02,43.433
2010-05-03,52.607
2010-05-04,29.946
2010-05-05,10.931
2010-05-06,5.335
2010-05-07,10.558
2010-05-08,27.707
2010-05-09,55.747
2010-05-10,70.572
2010-05-11,82.807
2010-05-12,172.275
2010-05-13,194.281
2010-05-14,56.514
2010-05-15,9.301
2010-05-16,23.064
2010-05-17,57.318
2010-05-18,47.502
2010-05-19,19.274
2010-05-20,13.727
2010-05-21,9.255
2010-05-22,8.683
2010-05-23,11.186
2010-05-24,8.011
2010-05-25,5.332
2010-05-26,6.557
2010-05-27,9.945
2010-05-28,8.612
2010-05-29,5.395
2010-05-30,5.501
2010-05-31,4.81
2010-06-01,7.293
2010-06-02,13.182
2010-06-03,23.422
2010-06-04,16.433
2010-06-05,17.269
2010-06-06,21.476
2010-06-07,27.735
2010-06-08,24.269
2010-06-09,9.172
2010-06-10,2.659
2010-06-11,2.002
2010-06-12,5.839
2010-06-13,19.856
2010-06-14,11.485
2010-06-15,37.192
2010-06-16,83.793
2010-06-17,49.572
2010-06-18,40.247
2010-06-19,43.587
2010-06-20,78.126
2010-06-21,100.025
2010-06-22,108.704
2010-06-23,35.242
2010-06-24,7.426
2010-06-25,4.597
2010-06-26,5.721
2010-06-27,3.819
2010-06-28,3.618
2010-06-29,4.138
2010-06-30,4.656
2010-07-01,5.804
2010-07-02,8.868
2010-07-03,12.779
2010-07-04,5.032
2010-07-05,4.242
2010-07-06,5.657
2010-07-07,10.818
2010-07-08,8.455
2010-07-09,7.085
2010-07-10,4.401
2010-07-11,4.345
2010-07-12,4.656
2010-07-13,4.528
2010-07-14,7.263
2010-07-15,7.547
2010-07-16,5.049
2010-07-17,5.011
2010-07-18,5.273
2010-07-19,3.518
2010-07-20,3.08
2010-07-21,4.305
2010-07-22,12.106
2010-07-23,20.384
2010-07-24,25.922
2010-07-25,23.103
2010-07-26,21.091
2010-07-27,22.475
2010-07-28,14.062
2010-07-29,7.47
2010-07-30,7.383
2010-07-31,5.935
2010-08-01,5.351
2010-08-02,6.614
2010-08-03,5.557
2010-08-04,7.721
2010-08-05,8.142
2010-08-06,12.65
2010-08-07,5.45
2010-08-08,2.606
2010-08-09,2.566
2010-08-10,3.477
2010-08-11,4.963
2010-08-12,9.885
2010-08-13,10.456
2010-08-14,10.798
2010-08-15,12.389
2010-08-16,17.821
2010-08-17,13.072
2010-08-18,5.412
2010-08-19,3.614
2010-08-20,3.915
2010-08-21,6.527
2010-08-22,9.392
2010-08-23,7.905
2010-08-24,9.11
2010-08-25,8.502
2010-08-26,8.292
2010-08-27,9.024
2010-08-28,14.042
2010-08-29,21.851
2010-08-30,42.112
2010-08-31,28.677
2010-09-01,18.755
2010-09-02,22.61
2010-09-03,22.798
2010-09-04,47.134
2010-09-05,39.186
2010-09-06,27.269
2010-09-07,15.634
2010-09-08,12.579
2010-09-09,11.259
2010-09-10,13.239
2010-09-11,17.18
2010-09-12,23.363
2010-09-13,26.289
2010-09-14,39.219
2010-09-15,82.967
2010-09-16,41.897
2010-09-17,12.977
2010-09-18,9.373
2010-09-19,8.3
2010-09-20,11.095
2010-09-21,33.152
2010-09-22,33.24
2010-09-23,33.704
2010-09-24,44.703
2010-09-25,23.067
2010-09-26,25.854
2010-09-27,22.593
2010-09-28,11.604
2010-09-29,8.314
2010-09-30,7.893
2010-10-01,7.773
2010-10-02,7.715
2010-10-03,7.595
2010-10-04,7.627
2010-10-05,7.753
2010-10-06,8.836
2010-10-07,14.28
2010-10-08,16.141
2010-10-09,16.124
2010-10-10,18.206
2010-10-11,13.836
2010-10-12,17.077
2010-10-13,15.717
2010-10-14,14.38
2010-10-15,10.192
2010-10-16,9.958
2010-10-17,10.114
2010-10-18,10.162
2010-10-19,21.41
2010-10-20,33.75
2010-10-21,29.69
2010-10-22,28.378
2010-10-23,13.7
2010-10-24,11.42
2010-10-25,30.442
2010-10-26,51.768
2010-10-27,44.136
2010-10-28,36.386
2010-10-29,24.027
2010-10-30,10.901
2010-10-31,8.091
2010-11-01,7.877
2010-11-02,7.873
2010-11-03,7.818
2010-11-04,7.724
2010-11-05,7.647
2010-11-06,7.57
2010-11-07,7.511
2010-11-08,7.461
2010-11-09,7.415
2010-11-10,7.592
2010-11-11,7.592
2010-11-12,7.56
2010-11-13,7.341
2010-11-14,7.501
2010-11-15,7.42
2010-11-16,7.307
2010-11-17,7.113
2010-11-18,6.981
2010-11-19,6.825
2010-11-20,6.739
2010-11-21,6.686
2010-11-22,6.665
2010-11-23,6.684
2010-11-24,7.093
2010-11-25,6.982
2010-11-26,7.141
2010-11-27,6.677
2010-11-28,6.185
2010-11-29,6.05
2010-11-30,5.97
2010-12-01,5.881
2010-12-02,5.825
2010-12-03,5.81
2010-12-04,5.735
2010-12-05,5.629
2010-12-06,5.505
2010-12-07,5.487
2010-12-08,5.588
2010-12-09,6.237
2010-12-10,7.092
2010-12-11,6.832
2010-12-12,7.099
2010-12-13,6.974
2010-12-14,5.69
2010-12-15,5.055
2010-12-16,4.905
2010-12-17,4.797
2010-12-18,4.723
2010-12-19,4.678
2010-12-20,4.623
2010-12-21,4.57
2010-12-22,4.557
2010-12-23,4.575
2010-12-24,4.505
2010-12-25,4.685
2010-12-26,5.14
2010-12-27,4.916
2010-12-28,6.368
2010-12-29,5.874
2010-12-30,6.314
2010-12-31,6.325
2011-01-01,4.655
2011-01-02,4.119
2011-01-03,3.966
2011-01-04,3.907
2011-01-05,3.852
2011-01-06,3.8
2011-01-07,3.78
2011-01-08,3.752
2011-01-09,3.732
2011-01-10,3.695
2011-01-11,3.774
2011-01-12,3.65
2011-01-13,3.541
2011-01-14,3.5
2011-01-15,3.566
2011-01-16,3.488
2011-01-17,3.448
2011-01-18,3.431
2011-01-19,3.367
2011-01-20,3.285
2011-01-21,3.251
2011-01-22,3.204
2011-01-23,3.164
2011-01-24,3.124
2011-01-25,3.095
2011-01-26,3.061
2011-01-27,3.026
2011-01-28,2.99
2011-01-29,2.954
2011-01-30,2.916
2011-01-31,2.883
2011-02-01,2.87
2011-02-02,2.924
2011-02-03,2.904
2011-02-04,2.95
2011-02-05,2.851
2011-02-06,2.745
2011-02-07,2.673
2011-02-08,2.672
2011-02-09,2.621
2011-02-10,2.586
2011-02-11,2.565
2011-02-12,2.532
2011-02-13,2.508
2011-02-14,2.471
2011-02-15,2.459
2011-02-16,2.446
2011-02-17,2.441
2011-02-18,2.383
2011-02-19,2.361
2011-02-20,2.307
2011-02-21,2.29
2011-02-22,2.243
2011-02-23,2.221
2011-02-24,2.2
2011-02-25,2.177
2011-02-26,2.152
2011-02-27,2.125
2011-02-28,2.121
2011-03-01,2.088
2011-03-02,2.057
2011-03-03,2.025
2011-03-04,1.995
2011-03-05,1.966
2011-03-06,2.178
2011-03-07,2.552
2011-03-08,2.511
2011-03-09,2.6
2011-03-10,2.18
2011-03-11,1.873
2011-03-12,1.791
2011-03-13,1.744
2011-03-14,1.73
2011-03-15,1.736
2011-03-16,1.834
2011-03-17,2.48
2011-03-18,2.975
2011-03-19,3.253
2011-03-20,5.439
2011-03-21,4.651
2011-03-22,6.095
2011-03-23,4.629
2011-03-24,4.469
2011-03-25,6.047
2011-03-26,2.905
2011-03-27,1.997
2011-03-28,1.881
2011-03-29,2.041
2011-03-30,2.275
2011-03-31,3.288
2011-04-01,3.33
2011-04-02,5.812
2011-04-03,3.672
2011-04-04,2.985
2011-04-05,2.268
2011-04-06,1.725
2011-04-07,1.711
2011-04-08,2.308
2011-04-09,2.443
2011-04-10,2.697
2011-04-11,2.668
2011-04-12,1.954
2011-04-13,1.498
2011-04-14,1.438
2011-04-15,2.639
2011-04-16,7.102
2011-04-17,5.24
2011-04-18,3.269
2011-04-19,1.655
2011-04-20,1.33
2011-04-21,1.358
2011-04-22,1.639
2011-04-23,2.5
2011-04-24,2.744
2011-04-25,5.907
2011-04-26,17.042
2011-04-27,13.416
2011-04-28,19.552
2011-04-29,10.306
2011-04-30,6.502
2011-05-01,8.242
2011-05-02,11.568
2011-05-03,15.462
2011-05-04,16.625
2011-05-05,11.468
2011-05-06,16.371
2011-05-07,35.493
2011-05-08,27.59
2011-05-09,31.437
2011-05-10,12.042
2011-05-11,15.946
2011-05-12,14.365
2011-05-13,13.237
2011-05-14,16.58
2011-05-15,4.937
2011-05-16,1.606
2011-05-17,1.567
2011-05-18,1.353
2011-05-19,1.457
2011-05-20,2.975
2011-05-21,7.687
2011-05-22,19.346
2011-05-23,29.485
2011-05-24,30.986
2011-05-25,29.233
2011-05-26,17.562
2011-05-27,10.766
2011-05-28,9.56
2011-05-29,12.995
2011-05-30,8.257
2011-05-31,4.02
2011-06-01,2.528
2011-06-02,2.267
2011-06-03,4.561
2011-06-04,4.262
2011-06-05,2.98
2011-06-06,3.981
2011-06-07,7.866
2011-06-08,7.42
2011-06-09,6.642
2011-06-10,17.346
2011-06-11,18.59
2011-06-12,9.545
2011-06-13,12.144
2011-06-14,14.437
2011-06-15,6.898
2011-06-16,3.69
2011-06-17,2.949
2011-06-18,2.738
2011-06-19,4.115
2011-06-20,9.716
2011-06-21,16.235
2011-06-22,15.309
2011-06-23,6.341
2011-06-24,4.4
2011-06-25,4.568
2011-06-26,3.553
2011-06-27,2.886
2011-06-28,2.713
2011-06-29,3.443
2011-06-30,3.845
2011-07-01,4.845
2011-07-02,4.623
2011-07-03,3.145
2011-07-04,7.891
2011-07-05,7.136
2011-07-06,4.06
2011-07-07,3.179
2011-07-08,4.982
2011-07-09,2.752
2011-07-10,3.036
2011-07-11,5.562
2011-07-12,5.528
2011-07-13,2.367
2011-07-14,1.865
2011-07-15,2.365
2011-07-16,2.47
2011-07-17,3.101
2011-07-18,5.472
2011-07-19,2.646
2011-07-20,3.331
2011-07-21,2.77
2011-07-22,9.218
2011-07-23,8.437
2011-07-24,6.762
2011-07-25,28.585
2011-07-26,81.031
2011-07-27,43.062
2011-07-28,13.44
2011-07-29,22.497
2011-07-30,33.977
2011-07-31,30.479
2011-08-01,33.058
2011-08-02,34.611
2011-08-03,16.248
2011-08-04,16.918
2011-08-05,18.607
2011-08-06,9.646
2011-08-07,9.041
2011-08-08,21.927
2011-08-09,19.36
2011-08-10,18.204
2011-08-11,17.6
2011-08-12,15.255
2011-08-13,17.168
2011-08-14,26.092
2011-08-15,23.98
2011-08-16,28.251
2011-08-17,37.292
2011-08-18,39.875
2011-08-19,25.9
2011-08-20,18.339
2011-08-21,10.48
2011-08-22,7.267
2011-08-23,5.507
2011-08-24,5.302
2011-08-25,5.383
2011-08-26,7.408
2011-08-27,8.056
2011-08-28,26.308
2011-08-29,34.272
2011-08-30,42.894
2011-08-31,35.116
2011-09-01,37.093
2011-09-02,48.14
2011-09-03,49.969
2011-09-04,35.326
2011-09-05,28.558
2011-09-06,24.064
2011-09-07,25.133
2011-09-08,51.034
2011-09-09,70.683
2011-09-10,69.642
2011-09-11,37.345
2011-09-12,26.408
2011-09-13,24.115
2011-09-14,19.283
2011-09-15,14.028
2011-09-16,13.342
2011-09-17,18.1
2011-09-18,101.316
2011-09-19,239.508
2011-09-20,368.3
2011-09-21,634.755
2011-09-22,255.713
2011-09-23,32.516
2011-09-24,15.63
2011-09-25,15.728
2011-09-26,16.784
2011-09-27,18.038
2011-09-28,19.746
2011-09-29,17.302
2011-09-30,17.734
2011-10-01,16.769
2011-10-02,16.87
2011-10-03,18.258
2011-10-04,17.272
2011-10-05,18.093
2011-10-06,15.92
2011-10-07,15.891
2011-10-08,14.335
2011-10-09,13.594
2011-10-10,13.616
2011-10-11,13.17
2011-10-12,12.9
2011-10-13,12.587
2011-10-14,13.714
2011-10-15,23.026
2011-10-16,29.568
2011-10-17,36.322
2011-10-18,42.682
2011-10-19,22.05
2011-10-20,20.572
2011-10-21,24.924
2011-10-22,24.469
2011-10-23,17.778
2011-10-24,15.738
2011-10-25,11.812
2011-10-26,14.055
2011-10-27,106.831
2011-10-28,72.146
2011-10-29,74.375
2011-10-30,50.649
2011-10-31,27.817
2011-11-01,33.645
2011-11-02,19.727
2011-11-03,18.399
2011-11-04,22.018
2011-11-05,22.0
2011-11-06,17.509
2011-11-07,17.555
2011-11-08,28.395
2011-11-09,37.392
2011-11-10,43.597
2011-11-11,67.161
2011-11-12,88.733
2011-11-13,96.985
2011-11-14,84.06
2011-11-15,35.787
2011-11-16,18.976
2011-11-17,17.548
2011-11-18,17.699
2011-11-19,17.638
2011-11-20,19.845
2011-11-21,36.448
2011-11-22,25.994
2011-11-23,29.035
2011-11-24,30.802
2011-11-25,58.113
2011-11-26,56.1
2011-11-27,72.937
2011-11-28,67.009
2011-11-29,43.586
2011-11-30,30.043
2011-12-01,42.248
2011-12-02,50.182
2011-12-03,51.651
2011-12-04,58.938
2011-12-05,35.445
2011-12-06,31.725
2011-12-07,45.166
2011-12-08,30.596
2011-12-09,20.264
2011-12-10,19.751
2011-12-11,19.563
2011-12-12,19.352
2011-12-13,19.129
2011-12-14,18.903
2011-12-15,18.661
2011-12-16,18.379
2011-12-17,18.202
2011-12-18,18.555
2011-12-19,18.47
2011-12-20,18.852
2011-12-21,18.027
2011-12-22,16.99
2011-12-23,16.438
2011-12-24,16.07
2011-12-25,15.854
2011-12-26,15.545
2011-12-27,15.271
2011-12-28,14.998
2011-12-29,14.759
2011-12-30,14.515
2011-12-31,14.247
2012-01-01,13.977
2012-01-02,13.696
2012-01-03,13.408
2012-01-04,13.16
2012-01-05,12.928
2012-01-06,12.703
2012-01-07,12.474
2012-01-08,12.237
2012-01-09,12.013
2012-01-10,11.812
2012-01-11,11.593
2012-01-12,11.408
2012-01-13,11.215
2012-01-14,11.041
2012-01-15,10.839
2012-01-16,10.655
2012-01-17,10.485
2012-01-18,10.31
2012-01-19,10.13
2012-01-20,9.975
2012-01-21,9.841
2012-01-22,9.668
2012-01-23,9.483
2012-01-24,9.342
2012-01-25,9.215
2012-01-26,9.039
2012-01-27,8.897
2012-01-28,8.799
2012-01-29,8.688
2012-01-30,8.558
2012-01-31,8.431
2012-02-01,8.276
2012-02-02,8.125
2012-02-03,7.991
2012-02-04,7.879
2012-02-05,7.751
2012-02-06,7.634
2012-02-07,7.495
2012-02-08,7.384
2012-02-09,7.283
2012-02-10,7.142
2012-02-11,7.023
2012-02-12,6.965
2012-02-13,6.848
2012-02-14,6.712
2012-02-15,6.596
2012-02-16,6.502
2012-02-17,6.423
2012-02-18,6.345
2012-02-19,6.343
2012-02-20,6.256
2012-02-21,6.255
2012-02-22,6.036
2012-02-23,5.87
2012-02-24,5.779
2012-02-25,5.665
2012-02-26,5.624
2012-02-27,6.263
2012-02-28,6.258
2012-02-29,6.334
2012-03-01,6.124
2012-03-02,5.541
2012-03-03,5.247
2012-03-04,5.121
2012-03-05,5.036
2012-03-06,4.909
2012-03-07,4.855
2012-03-08,4.721
2012-03-09,4.618
2012-03-10,4.539
2012-03-11,4.465
2012-03-12,4.409
2012-03-13,4.35
2012-03-14,4.243
2012-03-15,4.183
2012-03-16,4.129
2012-03-17,4.047
2012-03-18,3.954
2012-03-19,3.883
2012-03-20,3.821
2012-03-21,3.779
2012-03-22,3.74
2012-03-23,3.667
2012-03-24,3.6
2012-03-25,3.537
2012-03-26,3.489
2012-03-27,3.445
2012-03-28,3.361
2012-03-29,3.284
2012-03-30,3.232
2012-03-31,3.212
2012-04-01,3.188
2012-04-02,3.198
2012-04-03,3.35
2012-04-04,3.328
2012-04-05,3.368
2012-04-06,3.172
2012-04-07,3.078
2012-04-08,3.175
2012-04-09,3.305
2012-04-10,3.29
2012-04-11,3.218
2012-04-12,3.77
2012-04-13,4.353
2012-04-14,8.518
2012-04-15,11.913
2012-04-16,32.001
2012-04-17,33.996
2012-04-18,24.995
2012-04-19,11.667
2012-04-20,6.063
2012-04-21,12.85
2012-04-22,21.252
2012-04-23,29.605
2012-04-24,39.321
2012-04-25,82.028
2012-04-26,78.7
2012-04-27,73.519
2012-04-28,68.931
2012-04-29,62.106
2012-04-30,50.463
2012-05-01,46.35
2012-05-02,41.98
2012-05-03,30.448
2012-05-04,16.433
2012-05-05,40.925
2012-05-06,79.752
2012-05-07,58.201
2012-05-08,40.609
2012-05-09,19.723
2012-05-10,16.938
2012-05-11,11.628
2012-05-12,16.324
2012-05-13,13.455
2012-05-14,13.526
2012-05-15,8.739
2012-05-16,10.162
2012-05-17,26.908
2012-05-18,28.627
2012-05-19,26.33
2012-05-20,12.958
2012-05-21,6.25
2012-05-22,4.397
2012-05-23,4.78
2012-05-24,17.043
2012-05-25,21.825
2012-05-26,32.96
2012-05-27,44.066
2012-05-28,24.74
2012-05-29,10.319
2012-05-30,7.998
2012-05-31,6.085
2012-06-01,5.496
2012-06-02,6.703
2012-06-03,5.289
2012-06-04,5.3
2012-06-05,15.795
2012-06-06,24.25
2012-06-07,21.263
2012-06-08,15.023
2012-06-09,14.29
2012-06-10,9.06
2012-06-11,7.032
2012-06-12,4.52
2012-06-13,4.368
2012-06-14,4.618
2012-06-15,4.326
2012-06-16,4.94
2012-06-17,12.048
2012-06-18,17.87
2012-06-19,19.09
2012-06-20,60.937
2012-06-21,93.832
2012-06-22,53.048
2012-06-23,22.717
2012-06-24,32.941
2012-06-25,44.106
2012-06-26,34.491
2012-06-27,19.798
2012-06-28,11.198
2012-06-29,10.387
2012-06-30,17.199
2012-07-01,40.274
2012-07-02,31.762
2012-07-03,39.309
2012-07-04,29.035
2012-07-05,27.975
2012-07-06,35.114
2012-07-07,27.332
2012-07-08,17.808
2012-07-09,10.858
2012-07-10,10.026
2012-07-11,10.116
2012-07-12,10.581
2012-07-13,29.981
2012-07-14,83.872
2012-07-15,86.51
2012-07-16,199.271
2012-07-17,133.575
2012-07-18,47.768
2012-07-19,24.59
2012-07-20,29.132
2012-07-21,35.538
2012-07-22,44.798
2012-07-23,33.207
2012-07-24,31.841
2012-07-25,38.282
2012-07-26,41.334
2012-07-27,63.058
2012-07-28,80.23
2012-07-29,76.566
2012-07-30,87.268
2012-07-31,104.983
2012-08-01,108.559
2012-08-02,71.733
2012-08-03,66.175
2012-08-04,52.815
2012-08-05,39.818
2012-08-06,49.212
2012-08-07,51.056
2012-08-08,73.252
2012-08-09,74.313
2012-08-10,106.575
2012-08-11,125.658
2012-08-12,99.084
2012-08-13,89.973
2012-08-14,63.992
2012-08-15,59.047
2012-08-16,52.987
2012-08-17,37.162
2012-08-18,34.982
2012-08-19,37.838
2012-08-20,39.452
2012-08-21,44.728
2012-08-22,40.996
2012-08-23,42.31
2012-08-24,40.378
2012-08-25,38.136
2012-08-26,36.013
2012-08-27,34.443
2012-08-28,33.678
2012-08-29,36.604
2012-08-30,36.278
2012-08-31,42.486
2012-09-01,44.208
2012-09-02,53.31
2012-09-03,44.838
2012-09-04,40.166
2012-09-05,43.153
2012-09-06,48.554
2012-09-07,57.575
2012-09-08,64.47
2012-09-09,73.461
2012-09-10,57.106
2012-09-11,85.532
2012-09-12,102.415
2012-09-13,96.878
2012-09-14,110.785
2012-09-15,147.552
2012-09-16,140.044
2012-09-17,134.435
2012-09-18,89.837
2012-09-19,50.048
2012-09-20,46.54
2012-09-21,46.237
2012-09-22,46.143
2012-09-23,45.535
2012-09-24,44.98
2012-09-25,44.387
2012-09-26,46.695
2012-09-27,54.76
2012-09-28,51.192
2012-09-29,55.657
2012-09-30,46.82
2012-10-01,40.888
2012-10-02,39.29
2012-10-03,38.545
2012-10-04,37.373
2012-10-05,36.296
2012-10-06,35.473
2012-10-07,34.711
2012-10-08,33.984
2012-10-09,33.241
2012-10-10,32.49
2012-10-11,31.77
2012-10-12,32.938
2012-10-13,40.764
2012-10-14,64.438
2012-10-15,52.435
2012-10-16,70.922
2012-10-17,82.797
2012-10-18,49.068
2012-10-19,30.344
2012-10-20,26.91
2012-10-21,26.409
2012-10-22,25.719
2012-10-23,25.122
2012-10-24,24.691
2012-10-25,26.145
2012-10-26,47.825
2012-10-27,37.537
2012-10-28,37.516
2012-10-29,46.084
2012-10-30,39.369
2012-10-31,75.305
2012-11-01,100.687
2012-11-02,107.017
2012-11-03,125.229
2012-11-04,111.338
2012-11-05,121.269
2012-11-06,102.668
2012-11-07,48.869
2012-11-08,34.642
2012-11-09,45.143
2012-11-10,45.079
2012-11-11,39.804
2012-11-12,54.702
2012-11-13,36.936
2012-11-14,25.545
2012-11-15,26.88
2012-11-16,28.522
2012-11-17,27.297
2012-11-18,25.191
2012-11-19,23.972
2012-11-20,23.8
2012-11-21,23.199
2012-11-22,22.562
2012-11-23,22.386
2012-11-24,22.222
2012-11-25,21.998
2012-11-26,21.766
2012-11-27,21.509
2012-11-28,21.415
2012-11-29,22.168
2012-11-30,22.078
2012-12-01,23.08
2012-12-02,21.882
2012-12-03,20.382
2012-12-04,19.88
2012-12-05,19.612
2012-12-06,19.392
2012-12-07,19.147
2012-12-08,19.0
2012-12-09,19.063
2012-12-10,18.694
2012-12-11,18.34
2012-12-12,17.936
2012-12-13,17.566
2012-12-14,17.302
2012-12-15,17.042
2012-12-16,16.781
2012-12-17,16.632
2012-12-18,16.395
2012-12-19,16.225
2012-12-20,15.918
2012-12-21,15.54
2012-12-22,15.253
2012-12-23,15.13
2012-12-24,15.278
2012-12-25,15.451
2012-12-26,15.614
2012-12-27,15.358
2012-12-28,14.944
2012-12-29,14.748
2012-12-30,14.212
2012-12-31,13.744
2013-01-01,13.375
2013-01-02,13.037
2013-01-03,12.783
2013-01-04,12.569
2013-01-05,12.338
2013-01-06,12.176
2013-01-07,12.027
2013-01-08,11.936
2013-01-09,12.386
2013-01-10,12.591
2013-01-11,12.915
2013-01-12,12.793
2013-01-13,11.721
2013-01-14,11.116
2013-01-15,10.755
2013-01-16,10.588
2013-01-17,10.409
2013-01-18,10.235
2013-01-19,10.107
2013-01-20,9.94
2013-01-21,9.742
2013-01-22,9.577
2013-01-23,9.452
2013-01-24,9.345
2013-01-25,9.177
2013-01-26,9.052
2013-01-27,8.93
2013-01-28,8.773
2013-01-29,8.641
2013-01-30,8.761
2013-01-31,9.069
2013-02-01,9.1
2013-02-02,10.062
2013-02-03,10.06
2013-02-04,8.437
2013-02-05,8.133
2013-02-06,7.835
2013-02-07,7.642
2013-02-08,7.547
2013-02-09,7.409
2013-02-10,7.288
2013-02-11,7.233
2013-02-12,7.148
2013-02-13,7.158
2013-02-14,7.443
2013-02-15,7.85
2013-02-16,7.984
2013-02-17,7.847
2013-02-18,7.279
2013-02-19,6.71
2013-02-20,6.466
2013-02-21,6.401
2013-02-22,6.344
2013-02-23,6.242
2013-02-24,6.366
2013-02-25,6.138
2013-02-26,5.966
2013-02-27,5.88
2013-02-28,5.772
2013-03-01,5.682
2013-03-02,5.635
2013-03-03,5.579
2013-03-04,5.446
2013-03-05,5.351
2013-03-06,5.379
2013-03-07,5.625
2013-03-08,5.632
2013-03-09,7.075
2013-03-10,6.555
2013-03-11,7.263
2013-03-12,6.195
2013-03-13,5.557
2013-03-14,5.604
2013-03-15,5.4
2013-03-16,4.87
2013-03-17,4.68
2013-03-18,4.613
2013-03-19,5.03
2013-03-20,5.359
2013-03-21,5.615
2013-03-22,7.321
2013-03-23,9.36
2013-03-24,7.494
2013-03-25,6.078
2013-03-26,5.065
2013-03-27,5.108
2013-03-28,6.7
2013-03-29,9.163
2013-03-30,9.445
2013-03-31,9.501
2013-04-01,11.07
2013-04-02,7.7
2013-04-03,7.488
2013-04-04,7.23
2013-04-05,14.72
2013-04-06,11.632
2013-04-07,22.44
2013-04-08,54.465
2013-04-09,48.869
2013-04-10,85.801
2013-04-11,91.784
2013-04-12,77.667
2013-04-13,95.181
2013-04-14,119.455
2013-04-15,130.995
2013-04-16,86.013
2013-04-17,23.477
2013-04-18,6.666
2013-04-19,7.31
2013-04-20,13.084
2013-04-21,42.576
2013-04-22,35.939
2013-04-23,50.69
2013-04-24,22.274
2013-04-25,5.422
2013-04-26,7.522
2013-04-27,9.549
2013-04-28,11.476
2013-04-29,24.541
2013-04-30,28.775
2013-05-01,17.942
2013-05-02,20.572
2013-05-03,34.798
2013-05-04,22.368
2013-05-05,23.092
2013-05-06,35.205
2013-05-07,30.058
2013-05-08,18.981
2013-05-09,44.503
2013-05-10,99.476
2013-05-11,71.982
2013-05-12,39.315
2013-05-13,40.305
2013-05-14,33.378
2013-05-15,22.011
2013-05-16,12.153
2013-05-17,8.53
2013-05-18,7.93
2013-05-19,7.873
2013-05-20,8.006
2013-05-21,8.219
2013-05-22,8.409
2013-05-23,8.54
2013-05-24,8.845
2013-05-25,8.631
2013-05-26,8.356
2013-05-27,8.306
2013-05-28,8.332
2013-05-29,8.214
2013-05-30,8.188
2013-05-31,8.575
2013-06-01,8.492
2013-06-02,8.472
2013-06-03,8.29
2013-06-04,8.495
2013-06-05,9.663
2013-06-06,9.604
2013-06-07,8.699
2013-06-08,8.839
2013-06-09,8.615
2013-06-10,8.272
2013-06-11,7.865
2013-06-12,7.643
2013-06-13,7.803
2013-06-14,8.207
2013-06-15,8.748
2013-06-16,9.315
2013-06-17,9.156
2013-06-18,9.316
2013-06-19,9.35
2013-06-20,10.745
2013-06-21,11.718
2013-06-22,8.508
2013-06-23,7.784
2013-06-24,7.77
2013-06-25,7.475
2013-06-26,7.102
2013-06-27,7.376
2013-06-28,7.453
2013-06-29,7.85
2013-06-30,9.452
2013-07-01,8.008
2013-07-02,7.818
2013-07-03,8.2
2013-07-04,11.117
2013-07-05,9.87
2013-07-06,8.195
2013-07-07,7.269
2013-07-08,7.114
2013-07-09,7.819
2013-07-10,7.882
2013-07-11,8.795
2013-07-12,12.64
2013-07-13,12.37
2013-07-14,8.595
2013-07-15,6.877
2013-07-16,7.014
2013-07-17,7.089
2013-07-18,6.955
2013-07-19,6.079
2013-07-20,6.032
2013-07-21,7.569
2013-07-22,7.192
2013-07-23,6.945
2013-07-24,7.446
2013-07-25,7.665
2013-07-26,6.58
2013-07-27,6.298
2013-07-28,6.662
2013-07-29,6.998
2013-07-30,6.641
2013-07-31,16.538
2013-08-01,16.045
2013-08-02,16.979
2013-08-03,34.264
2013-08-04,21.032
2013-08-05,16.333
2013-08-06,19.08
2013-08-07,11.647
2013-08-08,8.352
2013-08-09,9.772
2013-08-10,14.3
2013-08-11,17.522
2013-08-12,11.024
2013-08-13,21.564
2013-08-14,9.9
2013-08-15,10.567
2013-08-16,9.564
2013-08-17,13.428
2013-08-18,13.019
2013-08-19,12.312
2013-08-20,28.14
2013-08-21,26.295
2013-08-22,35.572
2013-08-23,55.721
2013-08-24,66.132
2013-08-25,76.116
2013-08-26,41.041
2013-08-27,16.938
2013-08-28,9.176
2013-08-29,8.543
2013-08-30,8.937
2013-08-31,8.872
2013-09-01,8.945
2013-09-02,8.524
2013-09-03,8.585
2013-09-04,9.391
2013-09-05,10.879
2013-09-06,14.353
2013-09-07,15.32
2013-09-08,11.137
2013-09-09,12.727
2013-09-10,10.702
2013-09-11,9.15
2013-09-12,8.47
2013-09-13,8.175
2013-09-14,8.275
2013-09-15,8.555
2013-09-16,8.346
2013-09-17,8.333
2013-09-18,8.719
2013-09-19,8.938
2013-09-20,9.835
2013-09-21,11.456
2013-09-22,13.34
2013-09-23,13.134
2013-09-24,13.858
2013-09-25,23.119
2013-09-26,28.627
2013-09-27,29.292
2013-09-28,23.71
2013-09-29,23.481
2013-09-30,21.996
2013-10-01,17.425
2013-10-02,20.028
2013-10-03,26.37
2013-10-04,29.588
2013-10-05,25.272
2013-10-06,30.643
2013-10-07,23.354
2013-10-08,22.994
2013-10-09,35.268
2013-10-10,75.98
2013-10-11,78.126
2013-10-12,63.911
2013-10-13,37.645
2013-10-14,16.46
2013-10-15,10.498
2013-10-16,10.252
2013-10-17,10.451
2013-10-18,10.57
2013-10-19,10.602
2013-10-20,10.647
2013-10-21,10.723
2013-10-22,10.676
2013-10-23,11.168
2013-10-24,12.011
2013-10-25,12.146
2013-10-26,13.872
2013-10-27,16.751
2013-10-28,14.837
2013-10-29,16.529
2013-10-30,14.856
2013-10-31,12.392
2013-11-01,11.51
2013-11-02,11.186
2013-11-03,10.61
2013-11-04,10.351
2013-11-05,10.484
2013-11-06,10.466
2013-11-07,10.473
2013-11-08,12.161
2013-11-09,13.738
2013-11-10,20.971
2013-11-11,21.842
2013-11-12,18.113
2013-11-13,18.57
2013-11-14,16.022
2013-11-15,21.129
2013-11-16,27.008
2013-11-17,21.331
2013-11-18,24.198
2013-11-19,21.072
2013-11-20,12.638
2013-11-21,9.56
2013-11-22,9.37
2013-11-23,9.038
2013-11-24,8.628
2013-11-25,8.58
2013-11-26,8.485
2013-11-27,8.464
2013-11-28,8.348
2013-11-29,8.24
2013-11-30,8.181
2013-12-01,8.054
2013-12-02,7.994
2013-12-03,7.922
2013-12-04,7.865
2013-12-05,7.83
2013-12-06,7.738
2013-12-07,7.74
2013-12-08,7.676
2013-12-09,7.516
2013-12-10,7.48
2013-12-11,7.421
2013-12-12,7.397
2013-12-13,7.52
2013-12-14,7.646
2013-12-15,8.071
2013-12-16,8.423
2013-12-17,7.97
2013-12-18,7.02
2013-12-19,6.734
2013-12-20,6.672
2013-12-21,6.611
2013-12-22,6.529
2013-12-23,6.448
2013-12-24,6.375
2013-12-25,6.29
2013-12-26,6.229
2013-12-27,6.169
2013-12-28,6.102
2013-12-29,6.032
2013-12-30,5.943
2013-12-31,5.878
2014-01-01,5.745
2014-01-02,5.762
2014-01-03,5.633
2014-01-04,5.533
2014-01-05,5.486
2014-01-06,5.427
2014-01-07,5.353
2014-01-08,5.294
2014-01-09,5.241
2014-01-10,5.228
2014-01-11,5.158
2014-01-12,5.082
2014-01-13,5.036
2014-01-14,4.96
2014-01-15,4.845
2014-01-16,4.78
2014-01-17,4.718
2014-01-18,4.678
2014-01-19,4.624
2014-01-20,4.537
2014-01-21,4.52
2014-01-22,4.74
2014-01-23,4.666
2014-01-24,4.664
2014-01-25,4.376
2014-01-26,4.195
2014-01-27,4.141
2014-01-28,4.106
2014-01-29,4.11
2014-01-30,4.059
2014-01-31,3.979
2014-02-01,3.914
2014-02-02,3.82
2014-02-03,3.778
2014-02-04,3.755
2014-02-05,3.709
2014-02-06,3.719
2014-02-07,3.828
2014-02-08,4.062
2014-02-09,3.902
2014-02-10,3.735
2014-02-11,3.507
2014-02-12,3.418
2014-02-13,3.352
2014-02-14,3.291
2014-02-15,3.238
2014-02-16,3.187
2014-02-17,3.155
2014-02-18,3.127
2014-02-19,3.1
2014-02-20,3.09
2014-02-21,3.103
2014-02-22,3.099
2014-02-23,3.007
2014-02-24,2.935
2014-02-25,2.943
2014-02-26,2.887
2014-02-27,2.822
2014-02-28,2.782
2014-03-01,2.763
2014-03-02,2.745
2014-03-03,2.698
2014-03-04,2.645
2014-03-05,2.607
2014-03-06,2.581
2014-03-07,2.579
2014-03-08,2.543
2014-03-09,2.487
2014-03-10,2.456
2014-03-11,2.42
2014-03-12,2.451
2014-03-13,3.792
2014-03-14,6.787
2014-03-15,8.647
2014-03-16,8.864
2014-03-17,8.226
2014-03-18,4.985
2014-03-19,3.233
2014-03-20,2.437
2014-03-21,2.198
2014-03-22,2.13
2014-03-23,2.126
2014-03-24,2.335
2014-03-25,3.804
2014-03-26,7.027
2014-03-27,11.591
2014-03-28,21.666
2014-03-29,27.16
2014-03-30,10.014
2014-03-31,5.549
2014-04-01,13.167
2014-04-02,6.287
2014-04-03,4.832
2014-04-04,3.348
2014-04-05,2.808
2014-04-06,5.202
2014-04-07,6.468
2014-04-08,8.774
2014-04-09,4.483
2014-04-10,4.058
2014-04-11,3.803
2014-04-12,1.953
2014-04-13,2.079
2014-04-14,2.265
2014-04-15,2.312
2014-04-16,2.698
2014-04-17,3.227
2014-04-18,3.229
2014-04-19,4.748
2014-04-20,3.165
2014-04-21,3.108
2014-04-22,3.686
2014-04-23,2.269
2014-04-24,1.633
2014-04-25,1.636
2014-04-26,1.636
2014-04-27,1.648
2014-04-28,1.596
2014-04-29,1.5
2014-04-30,1.552
2014-05-01,1.56
2014-05-02,1.965
2014-05-03,3.114
2014-05-04,3.939
2014-05-05,2.546
2014-05-06,2.666
2014-05-07,6.136
2014-05-08,13.71
2014-05-09,29.219
2014-05-10,37.05
2014-05-11,43.142
2014-05-12,32.175
2014-05-13,24.9
2014-05-14,23.914
2014-05-15,17.851
2014-05-16,12.16
2014-05-17,4.24
2014-05-18,2.457
2014-05-19,2.113
2014-05-20,1.529
2014-05-21,1.542
2014-05-22,2.367
2014-05-23,3.943
2014-05-24,6.726
2014-05-25,5.428
2014-05-26,4.59
2014-05-27,25.249
2014-05-28,47.211
2014-05-29,14.857
2014-05-30,5.518
2014-05-31,3.318
2014-06-01,4.957
2014-06-02,9.475
2014-06-03,9.477
2014-06-04,7.693
2014-06-05,9.772
2014-06-06,4.818
2014-06-07,4.15
2014-06-08,8.393
2014-06-09,18.17
2014-06-10,31.618
2014-06-11,20.535
2014-06-12,20.97
2014-06-13,22.325
2014-06-14,17.873
2014-06-15,5.237
2014-06-16,6.282
2014-06-17,4.107
2014-06-18,2.194
2014-06-19,1.955
2014-06-20,3.89
2014-06-21,8.032
2014-06-22,6.516
2014-06-23,11.458
2014-06-24,13.183
2014-06-25,9.121
2014-06-26,6.18
2014-06-27,5.274
2014-06-28,9.445
2014-06-29,4.526
2014-06-30,1.893
2014-07-01,1.713
2014-07-02,1.735
2014-07-03,1.786
2014-07-04,1.932
2014-07-05,1.796
2014-07-06,1.512
2014-07-07,3.833
2014-07-08,12.392
2014-07-09,9.42
2014-07-10,10.142
2014-07-11,9.642
2014-07-12,4.793
2014-07-13,3.424
2014-07-14,3.115
2014-07-15,2.808
2014-07-16,1.668
2014-07-17,1.578
2014-07-18,3.854
2014-07-19,2.839
2014-07-20,2.358
2014-07-21,3.758
2014-07-22,4.069
2014-07-23,3.907
2014-07-24,6.845
2014-07-25,22.949
2014-07-26,17.002
2014-07-27,26.704
2014-07-28,25.275
2014-07-29,18.317
2014-07-30,17.768
2014-07-31,17.062
2014-08-01,7.182
2014-08-02,3.18
2014-08-03,3.872
2014-08-04,4.419
2014-08-05,11.89
2014-08-06,22.949
2014-08-07,30.013
2014-08-08,51.681
2014-08-09,61.52
2014-08-10,35.095
2014-08-11,15.342
2014-08-12,17.179
2014-08-13,36.289
2014-08-14,42.313
2014-08-15,69.705
2014-08-16,76.622
2014-08-17,33.238
2014-08-18,26.624
2014-08-19,20.525
2014-08-20,8.366
2014-08-21,5.669
2014-08-22,4.374
2014-08-23,4.62
2014-08-24,4.613
2014-08-25,4.834
2014-08-26,5.848
2014-08-27,9.918
2014-08-28,8.379
2014-08-29,9.96
2014-08-30,19.08
2014-08-31,23.708
2014-09-01,29.989
2014-09-02,42.303
2014-09-03,20.861
2014-09-04,11.364
2014-09-05,16.693
2014-09-06,18.663
2014-09-07,20.789
2014-09-08,29.282
2014-09-09,37.284
2014-09-10,28.732
2014-09-11,13.965
2014-09-12,9.116
2014-09-13,8.081
2014-09-14,7.891
2014-09-15,7.935
2014-09-16,8.017
2014-09-17,8.094
2014-09-18,8.13
2014-09-19,8.165
2014-09-20,8.202
2014-09-21,8.37
2014-09-22,8.732
2014-09-23,9.868
2014-09-24,10.832
2014-09-25,11.448
2014-09-26,13.581
2014-09-27,12.693
2014-09-28,9.638
2014-09-29,9.062
2014-09-30,8.138
2014-10-01,7.787
2014-10-02,9.191
2014-10-03,9.597
2014-10-04,10.581
2014-10-05,13.208
2014-10-06,12.619
2014-10-07,12.368
2014-10-08,17.787
2014-10-09,18.323
2014-10-10,11.665
2014-10-11,9.45
2014-10-12,7.834
2014-10-13,6.96
2014-10-14,6.75
2014-10-15,10.046
2014-10-16,8.425
2014-10-17,13.455
2014-10-18,22.674
2014-10-19,15.541
2014-10-20,23.755
2014-10-21,31.405
2014-10-22,44.893
2014-10-23,60.02
2014-10-24,88.155
2014-10-25,69.228
2014-10-26,40.828
2014-10-27,36.466
2014-10-28,23.188
2014-10-29,9.469
2014-10-30,7.118
2014-10-31,6.783
2014-11-01,6.808
2014-11-02,6.873
2014-11-03,8.123
2014-11-04,8.66
2014-11-05,10.081
2014-11-06,9.04
2014-11-07,7.215
2014-11-08,6.619
2014-11-09,6.515
2014-11-10,6.464
2014-11-11,6.58
2014-11-12,6.588
2014-11-13,6.648
2014-11-14,6.407
2014-11-15,6.218
2014-11-16,6.217
2014-11-17,6.275
2014-11-18,6.178
2014-11-19,6.057
2014-11-20,5.963
2014-11-21,6.468
2014-11-22,7.122
2014-11-23,8.837
2014-11-24,12.732
2014-11-25,11.766
2014-11-26,9.462
2014-11-27,8.884
2014-11-28,11.817
2014-11-29,12.001
2014-11-30,15.815
2014-12-01,12.649
2014-12-02,9.676
2014-12-03,7.732
2014-12-04,15.548
2014-12-05,31.64
2014-12-06,14.283
2014-12-07,5.937
2014-12-08,5.067
2014-12-09,4.975
2014-12-10,4.935
2014-12-11,4.892
2014-12-12,4.84
2014-12-13,4.798
2014-12-14,4.752
2014-12-15,4.715
2014-12-16,4.644
2014-12-17,4.581
2014-12-18,4.532
2014-12-19,4.508
2014-12-20,4.447
2014-12-21,4.37
2014-12-22,4.309
2014-12-23,4.29
2014-12-24,4.265
2014-12-25,4.261
2014-12-26,4.235
2014-12-27,4.199
2014-12-28,4.083
2014-12-29,4.043
2014-12-30,4.018
2014-12-31,3.973
2015-01-01,3.868
2015-01-02,3.258
2015-01-03,2.697
2015-01-04,2.277
2015-01-05,2.119
2015-01-06,2.154
2015-01-07,2.136
2015-01-08,2.099
2015-01-09,2.05
2015-01-10,2.012
2015-01-11,2.006
2015-01-12,2.01
2015-01-13,1.992
2015-01-14,1.947
2015-01-15,1.936
2015-01-16,1.902
2015-01-17,1.901
2015-01-18,1.904
2015-01-19,1.877
2015-01-20,1.843
2015-01-21,1.83
2015-01-22,1.818
2015-01-23,1.803
2015-01-24,1.778
2015-01-25,1.76
2015-01-26,1.748
2015-01-27,1.723
2015-01-28,1.713
2015-01-29,1.682
2015-01-30,1.65
2015-01-31,1.644
2015-02-01,1.625
2015-02-02,1.614
2015-02-03,1.582
2015-02-04,1.547
2015-02-05,1.507
2015-02-06,1.526
2015-02-07,1.495
2015-02-08,1.464
2015-02-09,1.479
2015-02-10,1.46
2015-02-11,1.462
2015-02-12,1.429
2015-02-13,1.425
2015-02-14,1.408
2015-02-15,1.39
2015-02-16,1.382
2015-02-17,1.398
2015-02-18,1.408
2015-02-19,1.398
2015-02-20,1.437
2015-02-21,1.358
2015-02-22,1.286
2015-02-23,1.258
2015-02-24,1.255
2015-02-25,1.244
2015-02-26,1.271
2015-02-27,1.311
2015-02-28,1.249
2015-03-01,1.21
2015-03-02,1.22
2015-03-03,1.201
2015-03-04,1.179
2015-03-05,1.127
2015-03-06,1.108
2015-03-07,1.126
2015-03-08,1.1
2015-03-09,1.075
2015-03-10,1.075
2015-03-11,1.046
2015-03-12,1.049
2015-03-13,1.05
2015-03-14,1.043
2015-03-15,1.042
2015-03-16,1.033
2015-03-17,1.04
2015-03-18,1.036
2015-03-19,1.018
2015-03-20,1.004
2015-03-21,0.98
2015-03-22,0.994
2015-03-23,0.987
2015-03-24,1.055
2015-03-25,1.169
2015-03-26,1.309
2015-03-27,1.467
2015-03-28,1.278
2015-03-29,1.945
2015-03-30,3.895
2015-03-31,21.185
2015-04-01,40.652
2015-04-02,42.289
2015-04-03,38.914
2015-04-04,410.432
2015-04-05,864.893
2015-04-06,802.233
2015-04-07,690.546
2015-04-08,200.154
2015-04-09,27.243
2015-04-10,17.926
2015-04-11,31.144
2015-04-12,47.892
2015-04-13,26.063
2015-04-14,5.95
2015-04-15,2.14
2015-04-16,8.227
2015-04-17,22.507
2015-04-18,53.002
2015-04-19,85.212
2015-04-20,56.953
2015-04-21,41.009
2015-04-22,50.539
2015-04-23,42.988
2015-04-24,57.58
2015-04-25,44.823
2015-04-26,51.955
2015-04-27,54.816
2015-04-28,27.564
2015-04-29,42.287
2015-04-30,35.031
2015-05-01,18.043
2015-05-02,14.465
2015-05-03,11.343
2015-05-04,14.094
2015-05-05,27.25
2015-05-06,40.603
2015-05-07,85.333
2015-05-08,72.261
2015-05-09,33.298
2015-05-10,81.35
2015-05-11,45.597
2015-05-12,16.139
2015-05-13,20.053
2015-05-14,11.317
2015-05-15,10.982
2015-05-16,11.989
2015-05-17,14.682
2015-05-18,7.823
2015-05-19,4.748
2015-05-20,11.514
2015-05-21,14.655
2015-05-22,17.699
2015-05-23,22.319
2015-05-24,15.443
2015-05-25,12.593
2015-05-26,6.32
2015-05-27,7.238
2015-05-28,8.366
2015-05-29,6.514
2015-05-30,6.271
2015-05-31,7.67
2015-06-01,9.336
2015-06-02,15.806
2015-06-03,16.807
2015-06-04,27.981
2015-06-05,65.661
2015-06-06,68.762
2015-06-07,58.412
2015-06-08,64.76
2015-06-09,37.855
2015-06-10,14.396
2015-06-11,10.63
2015-06-12,8.976
2015-06-13,8.659
2015-06-14,9.456
2015-06-15,9.116
2015-06-16,9.413
2015-06-17,10.704
2015-06-18,13.88
2015-06-19,13.09
2015-06-20,14.751
2015-06-21,18.011
2015-06-22,22.374
2015-06-23,23.557
2015-06-24,21.373
2015-06-25,17.627
2015-06-26,19.562
2015-06-27,15.516
2015-06-28,13.931
2015-06-29,18.957
2015-06-30,21.102
2015-07-01,32.178
2015-07-02,28.178
2015-07-03,23.41
2015-07-04,15.74
2015-07-05,11.31
2015-07-06,10.876
2015-07-07,10.975
2015-07-08,13.066
2015-07-09,11.533
2015-07-10,10.968
2015-07-11,10.742
2015-07-12,10.643
2015-07-13,10.545
2015-07-14,10.396
2015-07-15,10.31
2015-07-16,10.25
2015-07-17,10.142
2015-07-18,9.993
2015-07-19,10.14
2015-07-20,11.261
2015-07-21,11.994
2015-07-22,13.355
2015-07-23,16.301
2015-07-24,15.843
2015-07-25,14.492
2015-07-26,17.368
2015-07-27,32.439
2015-07-28,28.808
2015-07-29,21.239
2015-07-30,38.135
2015-07-31,72.78
2015-08-01,123.248
2015-08-02,45.84
2015-08-03,33.476
2015-08-04,28.132
2015-08-05,21.136
2015-08-06,13.398
2015-08-07,10.401
2015-08-08,9.853
2015-08-09,10.29
2015-08-10,10.362
2015-08-11,10.381
2015-08-12,10.128
2015-08-13,9.569
2015-08-14,9.211
2015-08-15,9.087
2015-08-16,9.112
2015-08-17,9.053
2015-08-18,9.301
2015-08-19,9.858
2015-08-20,16.318
2015-08-21,12.335
2015-08-22,11.874
2015-08-23,10.263
2015-08-24,9.227
2015-08-25,9.145
2015-08-26,9.074
2015-08-27,8.588
2015-08-28,8.228
2015-08-29,8.021
2015-08-30,8.725
2015-08-31,8.968
2015-09-01,8.647
2015-09-02,9.892
2015-09-03,12.567
2015-09-04,15.932
2015-09-05,15.25
2015-09-06,15.828
2015-09-07,10.694
2015-09-08,8.691
2015-09-09,8.108
2015-09-10,7.441
2015-09-11,7.134
2015-09-12,7.298
2015-09-13,7.11
2015-09-14,6.7
2015-09-15,6.528
2015-09-16,6.43
2015-09-17,6.388
2015-09-18,6.468
2015-09-19,6.664
2015-09-20,6.563
2015-09-21,6.183
2015-09-22,6.04
2015-09-23,6.03
2015-09-24,5.865
2015-09-25,5.858
2015-09-26,5.88
2015-09-27,5.79
2015-09-28,5.614
2015-09-29,5.544
2015-09-30,5.441
2015-10-01,5.307
2015-10-02,5.739
2015-10-03,5.573
2015-10-04,5.395
2015-10-05,5.412
2015-10-06,5.135
2015-10-07,5.099
2015-10-08,4.92
2015-10-09,4.716
2015-10-10,4.676
2015-10-11,5.465
2015-10-12,7.117
2015-10-13,6.636
2015-10-14,7.88
2015-10-15,14.196
2015-10-16,11.763
2015-10-17,9.615
2015-10-18,6.645
2015-10-19,9.328
2015-10-20,13.752
2015-10-21,15.162
2015-10-22,24.13
2015-10-23,13.99
2015-10-24,7.556
2015-10-25,11.26
2015-10-26,24.555
2015-10-27,22.741
2015-10-28,39.063
2015-10-29,49.42
2015-10-30,87.385
2015-10-31,93.503
2015-11-01,84.137
2015-11-02,62.338
2015-11-03,34.688
2015-11-04,27.488
2015-11-05,53.59
2015-11-06,52.395
2015-11-07,71.088
2015-11-08,105.209
2015-11-09,63.023
2015-11-10,56.13
2015-11-11,87.502
2015-11-12,86.993
2015-11-13,71.015
2015-11-14,30.278
2015-11-15,15.064
2015-11-16,11.564
2015-11-17,12.148
2015-11-18,12.271
2015-11-19,13.749
2015-11-20,14.165
2015-11-21,17.286
2015-11-22,20.313
2015-11-23,14.288
2015-11-24,12.693
2015-11-25,10.11
2015-11-26,6.792
2015-11-27,9.653
2015-11-28,22.45
2015-11-29,17.727
2015-11-30,13.786
2015-12-01,18.664
2015-12-02,25.15
2015-12-03,53.43
2015-12-04,30.473
2015-12-05,9.094
2015-12-06,7.692
2015-12-07,7.004
2015-12-08,6.845
2015-12-09,7.172
2015-12-10,7.591
2015-12-11,8.04
2015-12-12,8.425
2015-12-13,7.237
2015-12-14,6.649
2015-12-15,6.549
2015-12-16,6.898
2015-12-17,6.82
2015-12-18,6.882
2015-12-19,6.968
2015-12-20,7.277
2015-12-21,6.722
2015-12-22,6.278
2015-12-23,6.195
2015-12-24,6.15
2015-12-25,6.126
2015-12-26,6.183
2015-12-27,6.082
2015-12-28,6.004
2015-12-29,5.953
2015-12-30,5.853
2015-12-31,5.752
2016-01-01,5.685
2016-01-02,5.634
2016-01-03,5.583
2016-01-04,5.551
2016-01-05,5.485
2016-01-06,5.431
2016-01-07,5.363
2016-01-08,5.307
2016-01-09,5.254
2016-01-10,5.202
2016-01-11,5.137
2016-01-12,5.077
2016-01-13,5.032
2016-01-14,4.975
2016-01-15,4.969
2016-01-16,5.102
2016-01-17,4.899
2016-01-18,4.93
2016-01-19,4.977
2016-01-20,4.916
2016-01-21,5.01
2016-01-22,5.058
2016-01-23,4.703
2016-01-24,4.501
2016-01-25,4.404
2016-01-26,4.355
2016-01-27,4.31
2016-01-28,4.275
2016-01-29,4.22
2016-01-30,4.152
2016-01-31,4.11
2016-02-01,4.06
2016-02-02,4.107
2016-02-03,4.089
2016-02-04,3.968
2016-02-05,3.878
2016-02-06,3.833
2016-02-07,3.814
2016-02-08,3.798
2016-02-09,3.757
2016-02-10,3.69
2016-02-11,3.638
2016-02-12,3.605
2016-02-13,3.545
2016-02-14,3.52
2016-02-15,3.488
2016-02-16,3.45
2016-02-17,3.425
2016-02-18,3.393
2016-02-19,3.342
2016-02-20,3.33
2016-02-21,3.311
2016-02-22,3.258
2016-02-23,3.225
2016-02-24,3.16
2016-02-25,3.098
2016-02-26,3.051
2016-02-27,3.03
2016-02-28,3.129
2016-02-29,3.087
2016-03-01,3.056
2016-03-02,2.928
2016-03-03,2.864
2016-03-04,2.87
2016-03-05,2.803
2016-03-06,2.79
2016-03-07,2.754
2016-03-08,2.744
2016-03-09,2.859
2016-03-10,2.966
2016-03-11,2.953
2016-03-12,3.281
2016-03-13,3.289
2016-03-14,2.76
2016-03-15,2.521
2016-03-16,2.449
2016-03-17,2.435
2016-03-18,2.443
2016-03-19,2.581
2016-03-20,2.581
2016-03-21,2.539
2016-03-22,2.425
2016-03-23,2.369
2016-03-24,2.395
2016-03-25,2.32
2016-03-26,2.259
2016-03-27,2.168
2016-03-28,2.13
2016-03-29,2.097
2016-03-30,2.137
2016-03-31,2.118
2016-04-01,2.15
2016-04-02,2.403
2016-04-03,3.1
2016-04-04,3.105
2016-04-05,3.948
2016-04-06,3.341
2016-04-07,3.087
2016-04-08,2.592
2016-04-09,2.198
2016-04-10,2.345
2016-04-11,3.25
2016-04-12,4.663
2016-04-13,5.294
2016-04-14,5.888
2016-04-15,5.394
2016-04-16,7.339
2016-04-17,5.339
2016-04-18,16.104
2016-04-19,17.603
2016-04-20,31.982
2016-04-21,32.719
2016-04-22,17.117
2016-04-23,13.182
2016-04-24,7.445
2016-04-25,10.792
2016-04-26,11.221
2016-04-27,20.75
2016-04-28,27.879
2016-04-29,24.577
2016-04-30,41.265
2016-05-01,34.894
2016-05-02,24.788
2016-05-03,21.286
2016-05-04,46.933
2016-05-05,34.641
2016-05-06,12.808
2016-05-07,12.679
2016-05-08,18.93
2016-05-09,42.437
2016-05-10,302.796
2016-05-11,210.425
2016-05-12,134.734
2016-05-13,85.922
2016-05-14,27.114
2016-05-15,7.54
2016-05-16,14.186
2016-05-17,13.161
2016-05-18,14.89
2016-05-19,8.712
2016-05-20,3.651
2016-05-21,6.94
2016-05-22,7.751
2016-05-23,11.197
2016-05-24,15.822
2016-05-25,28.305
2016-05-26,24.275
2016-05-27,6.944
2016-05-28,4.591
2016-05-29,3.048
2016-05-30,2.566
2016-05-31,2.412
2016-06-01,2.398
2016-06-02,2.408
2016-06-03,2.449
2016-06-04,2.461
2016-06-05,2.508
2016-06-06,2.582
2016-06-07,2.544
2016-06-08,2.523
2016-06-09,2.485
2016-06-10,2.473
2016-06-11,2.498
2016-06-12,2.592
2016-06-13,2.678
2016-06-14,2.632
2016-06-15,3.036
2016-06-16,3.01
2016-06-17,4.704
2016-06-18,7.293
2016-06-19,8.452
2016-06-20,9.123
2016-06-21,17.176
2016-06-22,10.048
2016-06-23,10.021
2016-06-24,10.665
2016-06-25,9.853
2016-06-26,9.5
2016-06-27,12.323
2016-06-28,12.162
2016-06-29,28.396
2016-06-30,20.255
2016-07-01,4.781
2016-07-02,2.998
2016-07-03,2.425
2016-07-04,2.439
2016-07-05,2.648
2016-07-06,2.606
2016-07-07,2.852
2016-07-08,4.882
2016-07-09,6.504
2016-07-10,5.502
2016-07-11,8.9
2016-07-12,6.381
2016-07-13,4.489
2016-07-14,4.949
2016-07-15,5.091
2016-07-16,3.894
2016-07-17,2.917
2016-07-18,2.967
2016-07-19,2.433
2016-07-20,3.027
2016-07-21,4.005
2016-07-22,3.675
2016-07-23,4.39
2016-07-24,4.314
2016-07-25,4.12
2016-07-26,3.332
2016-07-27,3.432
2016-07-28,4.678
2016-07-29,4.4
2016-07-30,5.354
2016-07-31,11.332
2016-08-01,19.602
2016-08-02,12.01
2016-08-03,16.68
2016-08-04,14.632
2016-08-05,9.457
2016-08-06,10.971
2016-08-07,22.418
2016-08-08,19.643
2016-08-09,18.449
2016-08-10,18.565
2016-08-11,16.35
2016-08-12,16.307
2016-08-13,11.431
2016-08-14,9.259
2016-08-15,6.01
2016-08-16,3.757
2016-08-17,2.629
2016-08-18,2.451
2016-08-19,2.446
2016-08-20,2.491
2016-08-21,2.573
2016-08-22,2.718
2016-08-23,2.735
2016-08-24,3.843
2016-08-25,9.557
2016-08-26,9.083
2016-08-27,14.775
2016-08-28,13.36
2016-08-29,3.82
2016-08-30,2.54
2016-08-31,2.439
2016-09-01,2.418
2016-09-02,2.431
2016-09-03,2.409
2016-09-04,2.475
2016-09-05,2.654
2016-09-06,2.805
2016-09-07,2.604
2016-09-08,2.344
2016-09-09,2.327
2016-09-10,2.351
2016-09-11,2.344
2016-09-12,2.344
2016-09-13,2.32
2016-09-14,2.351
2016-09-15,2.548
2016-09-16,3.964
2016-09-17,5.213
2016-09-18,3.627
2016-09-19,3.158
2016-09-20,2.832
2016-09-21,3.342
2016-09-22,3.15
2016-09-23,3.371
2016-09-24,2.813
2016-09-25,2.574
2016-09-26,2.778
2016-09-27,3.458
2016-09-28,4.246
2016-09-29,4.097
2016-09-30,5.074
2016-10-01,3.966
2016-10-02,3.797
2016-10-03,10.47
2016-10-04,15.016
2016-10-05,12.669
2016-10-06,18.84
2016-10-07,19.903
2016-10-08,11.852
2016-10-09,3.344
2016-10-10,2.145
2016-10-11,1.814
2016-10-12,1.722
2016-10-13,1.678
2016-10-14,1.691
2016-10-15,1.663
2016-10-16,1.678
2016-10-17,1.657
2016-10-18,1.662
2016-10-19,1.63
2016-10-20,1.619
2016-10-21,1.928
2016-10-22,2.225
2016-10-23,2.485
2016-10-24,3.841
2016-10-25,3.803
2016-10-26,2.594
2016-10-27,1.928
2016-10-28,1.819
2016-10-29,1.69
2016-10-30,1.591
2016-10-31,1.562
2016-11-01,1.522
2016-11-02,1.484
2016-11-03,1.449
2016-11-04,1.437
2016-11-05,1.469
2016-11-06,1.474
2016-11-07,1.519
2016-11-08,1.478
2016-11-09,1.553
2016-11-10,2.473
2016-11-11,2.192
2016-11-12,1.641
2016-11-13,1.501
2016-11-14,1.371
2016-11-15,1.3
2016-11-16,1.285
2016-11-17,1.255
2016-11-18,1.292
2016-11-19,1.335
2016-11-20,1.377
2016-11-21,1.318
2016-11-22,1.35
2016-11-23,2.128
2016-11-24,3.458
2016-11-25,3.296
2016-11-26,4.648
2016-11-27,3.012
2016-11-28,2.865
2016-11-29,2.149
2016-11-30,1.81
2016-12-01,1.44
2016-12-02,1.296
2016-12-03,1.21
2016-12-04,1.174
2016-12-05,1.128
2016-12-06,1.102
2016-12-07,1.099
2016-12-08,1.1
2016-12-09,1.077
2016-12-10,1.057
2016-12-11,1.039
2016-12-12,1.01
2016-12-13,1.015
2016-12-14,1.004
2016-12-15,0.996
2016-12-16,0.969
2016-12-17,0.973
2016-12-18,0.969
2016-12-19,0.947
2016-12-20,0.917
2016-12-21,0.886
2016-12-22,0.898
2016-12-23,0.888
2016-12-24,0.843
2016-12-25,0.817
2016-12-26,0.849
2016-12-27,0.843
2016-12-28,0.822
2016-12-29,0.84
2016-12-30,0.835
2016-12-31,0.82
2017-01-01,0.793
2017-01-02,0.808
2017-01-03,0.797
2017-01-04,0.78
2017-01-05,0.782
2017-01-06,0.78
2017-01-07,0.78
2017-01-08,0.763
2017-01-09,0.746
2017-01-10,0.725
2017-01-11,0.739
2017-01-12,0.714
2017-01-13,0.706
2017-01-14,0.682
2017-01-15,0.68
2017-01-16,0.685
2017-01-17,0.681
2017-01-18,0.678
2017-01-19,0.63
2017-01-20,0.631
2017-01-21,0.644
2017-01-22,0.638
2017-01-23,0.64
2017-01-24,0.624
2017-01-25,0.62
2017-01-26,0.62
2017-01-27,0.649
2017-01-28,0.652
2017-01-29,0.705
2017-01-30,1.003
2017-01-31,1.133
2017-02-01,1.52
2017-02-02,1.307
2017-02-03,0.909
2017-02-04,0.746
2017-02-05,0.654
2017-02-06,0.638
2017-02-07,0.681
2017-02-08,0.621
2017-02-09,0.533
2017-02-10,0.52
2017-02-11,0.512
2017-02-12,0.51
2017-02-13,0.508
2017-02-14,0.498
2017-02-15,0.49
2017-02-16,0.49
2017-02-17,0.504
2017-02-18,0.51
2017-02-19,0.514
2017-02-20,0.553
2017-02-21,0.576
2017-02-22,0.598
2017-02-23,0.548
2017-02-24,0.585
2017-02-25,0.91
2017-02-26,0.923
2017-02-27,0.934
2017-02-28,0.957
2017-03-01,0.91
2017-03-02,0.963
2017-03-03,0.872
2017-03-04,0.698
2017-03-05,0.65
2017-03-06,0.65
2017-03-07,0.718
2017-03-08,0.545
2017-03-09,0.506
2017-03-10,0.77
2017-03-11,0.664
2017-03-12,0.778
2017-03-13,0.595
2017-03-14,0.471
2017-03-15,0.451
2017-03-16,0.666
2017-03-17,1.326
2017-03-18,2.266
2017-03-19,2.036
2017-03-20,1.477
2017-03-21,0.581
2017-03-22,0.424
2017-03-23,0.447
2017-03-24,0.43
2017-03-25,0.538
2017-03-26,1.037
2017-03-27,1.002
2017-03-28,1.716
2017-03-29,1.587
2017-03-30,0.936
2017-03-31,0.635
2017-04-01,0.455
2017-04-02,0.375
2017-04-03,0.382
2017-04-04,0.365
2017-04-05,0.379
2017-04-06,0.395
2017-04-07,0.441
2017-04-08,0.567
2017-04-09,0.64
2017-04-10,0.633
2017-04-11,0.552
2017-04-12,0.373
2017-04-13,0.316
2017-04-14,0.297
2017-04-15,0.302
2017-04-16,0.345
2017-04-17,1.821
2017-04-18,3.945
2017-04-19,2.834
2017-04-20,5.178
2017-04-21,3.256
2017-04-22,9.783
2017-04-23,7.132
2017-04-24,1.262
2017-04-25,3.168
2017-04-26,6.287
2017-04-27,5.799
2017-04-28,3.079
2017-04-29,2.111
2017-04-30,4.789
2017-05-01,9.49
2017-05-02,6.263
2017-05-03,6.187
2017-05-04,8.359
2017-05-05,6.904
2017-05-06,8.29
2017-05-07,15.669
2017-05-08,13.928
2017-05-09,20.04
2017-05-10,16.068
2017-05-11,16.482
2017-05-12,6.443
2017-05-13,1.715
2017-05-14,6.847
2017-05-15,9.456
2017-05-16,8.977
2017-05-17,3.369
2017-05-18,3.656
2017-05-19,5.985
2017-05-20,6.091
2017-05-21,10.503
2017-05-22,12.068
2017-05-23,5.205
2017-05-24,2.724
2017-05-25,0.688
2017-05-26,0.368
2017-05-27,0.431
2017-05-28,0.992
2017-05-29,0.837
2017-05-30,1.653
2017-05-31,2.292
2017-06-01,2.774
2017-06-02,5.12
2017-06-03,4.028
2017-06-04,2.092
2017-06-05,2.431
2017-06-06,1.74
2017-06-07,4.234
2017-06-08,3.232
2017-06-09,1.087
2017-06-10,0.705
2017-06-11,0.541
2017-06-12,0.402
2017-06-13,0.353
2017-06-14,0.868
2017-06-15,1.89
2017-06-16,2.445
2017-06-17,7.882
2017-06-18,16.546
2017-06-19,8.412
2017-06-20,3.002
2017-06-21,0.949
2017-06-22,0.473
2017-06-23,0.397
2017-06-24,0.554
2017-06-25,0.585
2017-06-26,0.317
2017-06-27,0.278
2017-06-28,0.337
2017-06-29,0.783
2017-06-30,1.048
2017-07-01,1.328
2017-07-02,1.748
2017-07-03,3.282
2017-07-04,2.961
2017-07-05,2.08
2017-07-06,2.86
2017-07-07,4.756
2017-07-08,7.948
2017-07-09,9.6
2017-07-10,6.712
2017-07-11,3.429
2017-07-12,2.828
2017-07-13,3.068
2017-07-14,7.656
2017-07-15,5.915
2017-07-16,6.776
2017-07-17,3.32
2017-07-18,2.292
2017-07-19,4.758
2017-07-20,10.888
2017-07-21,6.742
2017-07-22,6.933
2017-07-23,17.209
2017-07-24,9.387
2017-07-25,10.219
2017-07-26,15.599
2017-07-27,30.154
2017-07-28,33.876
2017-07-29,26.138
2017-07-30,10.621
2017-07-31,6.354
2017-08-01,8.924
2017-08-02,5.945
2017-08-03,13.24
2017-08-04,22.69
2017-08-05,10.101
2017-08-06,1.863
2017-08-07,2.021
2017-08-08,2.253
2017-08-09,2.226
2017-08-10,6.054
2017-08-11,9.572
2017-08-12,15.129
2017-08-13,9.723
2017-08-14,18.048
2017-08-15,27.55
2017-08-16,34.887
2017-08-17,9.516
2017-08-18,4.142
2017-08-19,1.852
2017-08-20,0.955
2017-08-21,1.12
2017-08-22,1.23
2017-08-23,1.935
2017-08-24,2.92
2017-08-25,4.913
2017-08-26,3.027
2017-08-27,3.002
2017-08-28,7.2
2017-08-29,16.433
2017-08-30,20.442
2017-08-31,31.254
2017-09-01,20.903
2017-09-02,19.39
2017-09-03,19.793
2017-09-04,21.403
2017-09-05,35.344
2017-09-06,42.9
2017-09-07,41.412
2017-09-08,35.364
2017-09-09,22.271
2017-09-10,16.472
2017-09-11,10.732
2017-09-12,6.125
2017-09-13,6.477
2017-09-14,13.76
2017-09-15,12.749
2017-09-16,15.57
2017-09-17,15.952
2017-09-18,37.241
2017-09-19,34.465
2017-09-20,15.943
2017-09-21,15.87
2017-09-22,38.543
2017-09-23,32.395
2017-09-24,34.83
2017-09-25,21.713
2017-09-26,11.277
2017-09-27,3.932
2017-09-28,2.717
2017-09-29,2.309
2017-09-30,2.447
2017-10-01,4.131
2017-10-02,4.176
2017-10-03,5.524
2017-10-04,5.258
2017-10-05,2.866
2017-10-06,2.496
2017-10-07,2.519
2017-10-08,2.54
2017-10-09,2.56
2017-10-10,2.592
2017-10-11,3.866
2017-10-12,9.065
2017-10-13,8.793
2017-10-14,6.25
2017-10-15,10.229
2017-10-16,33.258
2017-10-17,23.869
2017-10-18,34.795
2017-10-19,30.344
2017-10-20,15.109
2017-10-21,13.568
2017-10-22,32.362
2017-10-23,31.188
2017-10-24,42.286
2017-10-25,47.538
2017-10-26,25.443
2017-10-27,14.146
2017-10-28,10.49
2017-10-29,7.78
2017-10-30,4.318
2017-10-31,2.87
2017-11-01,2.866
2017-11-02,2.893
2017-11-03,3.351
2017-11-04,7.29
2017-11-05,16.543
2017-11-06,29.048
2017-11-07,28.255
2017-11-08,68.527
2017-11-09,85.495
2017-11-10,133.193
2017-11-11,94.327
2017-11-12,21.731
2017-11-13,6.616
2017-11-14,9.477
2017-11-15,20.38
2017-11-16,9.274
2017-11-17,4.196
2017-11-18,3.946
2017-11-19,3.932
2017-11-20,3.91
2017-11-21,3.921
2017-11-22,3.922
2017-11-23,3.885
2017-11-24,3.938
2017-11-25,4.378
2017-11-26,4.53
2017-11-27,4.661
2017-11-28,4.111
2017-11-29,3.833
2017-11-30,3.802
2017-12-01,3.81
2017-12-02,3.732
2017-12-03,3.701
2017-12-04,3.661
2017-12-05,3.595
2017-12-06,3.552
2017-12-07,3.536
2017-12-08,3.497
2017-12-09,3.452
2017-12-10,3.392
2017-12-11,3.37
2017-12-12,3.342
2017-12-13,3.321
2017-12-14,3.295
2017-12-15,3.265
2017-12-16,3.223
2017-12-17,3.186
2017-12-18,3.227
2017-12-19,3.119
2017-12-20,3.067
2017-12-21,3.013
2017-12-22,2.991
2017-12-23,2.95
2017-12-24,2.898
2017-12-25,2.865
2017-12-26,2.82
2017-12-27,2.788
2017-12-28,2.75
2017-12-29,2.715
2017-12-30,2.689
2017-12-31,2.639
2018-01-01,2.631
2018-01-02,2.619
2018-01-03,2.58
2018-01-04,2.538
2018-01-05,2.482
2018-01-06,2.45
2018-01-07,2.44
2018-01-08,2.452
2018-01-09,2.436
2018-01-10,2.411
2018-01-11,2.372
2018-01-12,2.334
2018-01-13,2.314
2018-01-14,2.31
2018-01-15,2.302
2018-01-16,2.248
2018-01-17,2.223
2018-01-18,2.201
2018-01-19,2.166
2018-01-20,2.122
2018-01-21,2.086
2018-01-22,2.095
2018-01-23,2.081
2018-01-24,2.067
2018-01-25,2.035
2018-01-26,2.02
2018-01-27,1.997
2018-01-28,2.008
2018-01-29,1.935
2018-01-30,1.9
2018-01-31,1.87
2018-02-01,1.833
2018-02-02,1.81
2018-02-03,1.762
2018-02-04,1.731
2018-02-05,1.718
2018-02-06,1.709
2018-02-07,1.714
2018-02-08,1.684
2018-02-09,1.696
2018-02-10,1.684
2018-02-11,1.633
2018-02-12,1.618
2018-02-13,1.603
2018-02-14,1.575
2018-02-15,1.574
2018-02-16,1.572
2018-02-17,1.575
2018-02-18,1.555
2018-02-19,1.534
2018-02-20,1.556
2018-02-21,1.634
2018-02-22,1.66
2018-02-23,1.622
2018-02-24,1.559
2018-02-25,1.506
2018-02-26,1.534
2018-02-27,1.533
2018-02-28,1.751
2018-03-01,1.899
2018-03-02,2.749
2018-03-03,11.983
2018-03-04,17.056
2018-03-05,29.698
2018-03-06,19.617
2018-03-07,8.928
2018-03-08,15.164
2018-03-09,9.443
2018-03-10,2.369
2018-03-11,1.82
2018-03-12,3.295
2018-03-13,7.282
2018-03-14,4.067
2018-03-15,9.326
2018-03-16,46.846
2018-03-17,34.828
2018-03-18,49.132
2018-03-19,51.995
2018-03-20,28.74
2018-03-21,9.941
2018-03-22,5.69
2018-03-23,8.018
2018-03-24,6.787
2018-03-25,1.902
2018-03-26,1.811
2018-03-27,1.56
2018-03-28,1.623
2018-03-29,1.669
2018-03-30,2.279
2018-03-31,1.67
2018-04-01,1.454
2018-04-02,1.875
2018-04-03,2.277
2018-04-04,10.192
2018-04-05,14.843
2018-04-06,19.352
2018-04-07,43.179
2018-04-08,76.735
2018-04-09,63.575
2018-04-10,69.249
2018-04-11,52.678
2018-04-12,25.34
2018-04-13,18.873
2018-04-14,32.165
2018-04-15,63.202
2018-04-16,52.521
2018-04-17,80.2
2018-04-18,51.116
2018-04-19,27.712
2018-04-20,16.366
2018-04-21,13.385
2018-04-22,39.207
2018-04-23,72.478
2018-04-24,76.315
2018-04-25,67.229
2018-04-26,71.645
2018-04-27,59.734
2018-04-28,60.767
2018-04-29,78.28
2018-04-30,68.075
2018-05-01,80.069
2018-05-02,105.515
2018-05-03,65.525
2018-05-04,16.084
2018-05-05,9.634
2018-05-06,23.099
2018-05-07,44.397
2018-05-08,57.87
2018-05-09,48.964
2018-05-10,36.75
2018-05-11,32.385
2018-05-12,19.292
2018-05-13,6.165
2018-05-14,7.303
2018-05-15,22.859
2018-05-16,52.905
2018-05-17,36.005
2018-05-18,39.801
2018-05-19,48.493
2018-05-20,33.731
2018-05-21,36.737
2018-05-22,59.123
2018-05-23,51.639
2018-05-24,35.7
2018-05-25,75.168
2018-05-26,67.173
2018-05-27,66.238
2018-05-28,81.867
2018-05-29,62.425
2018-05-30,32.446
2018-05-31,14.827
2018-06-01,12.952
2018-06-02,14.672
2018-06-03,16.526
2018-06-04,45.57
2018-06-05,112.326
2018-06-06,124.822
2018-06-07,90.072
2018-06-08,63.663
2018-06-09,42.08
2018-06-10,28.531
2018-06-11,21.043
2018-06-12,20.263
2018-06-13,20.854
2018-06-14,21.484
2018-06-15,21.349
2018-06-16,20.741
2018-06-17,20.576
2018-06-18,20.475
2018-06-19,21.43
2018-06-20,26.078
2018-06-21,30.031
2018-06-22,31.552
2018-06-23,44.412
2018-06-24,43.2
2018-06-25,43.017
2018-06-26,34.978
2018-06-27,27.611
2018-06-28,31.005
2018-06-29,30.593
2018-06-30,24.346
2018-07-01,25.24
2018-07-02,25.336
2018-07-03,28.97
2018-07-04,27.362
2018-07-05,24.493
2018-07-06,23.092
2018-07-07,22.319
2018-07-08,21.328
2018-07-09,21.242
2018-07-10,21.234
2018-07-11,20.861
2018-07-12,22.655
2018-07-13,22.935
2018-07-14,22.334
2018-07-15,21.348
2018-07-16,20.397
2018-07-17,20.068
2018-07-18,19.607
2018-07-19,19.305
2018-07-20,19.114
2018-07-21,18.461
2018-07-22,17.964
2018-07-23,17.652
2018-07-24,17.427
2018-07-25,17.167
2018-07-26,16.92
2018-07-27,16.889
2018-07-28,16.706
2018-07-29,16.637
2018-07-30,16.62
2018-07-31,16.632
2018-08-01,16.42
2018-08-02,16.539
2018-08-03,16.141
2018-08-04,15.194
2018-08-05,14.358
2018-08-06,14.07
2018-08-07,13.751
2018-08-08,13.522
2018-08-09,13.179
2018-08-10,13.236
2018-08-11,13.019
2018-08-12,13.065
2018-08-13,13.042
2018-08-14,12.633
2018-08-15,12.132
2018-08-16,11.324
2018-08-17,10.968
2018-08-18,10.868
2018-08-19,11.739
2018-08-20,11.964
2018-08-21,13.03
2018-08-22,14.471
2018-08-23,17.569
2018-08-24,24.478
2018-08-25,35.342
2018-08-26,32.422
2018-08-27,36.099
2018-08-28,40.932
2018-08-29,54.707
2018-08-30,63.113
2018-08-31,44.577
2018-09-01,44.695
2018-09-02,40.56
2018-09-03,36.515
2018-09-04,59.115
2018-09-05,40.671
2018-09-06,29.905
2018-09-07,25.05
2018-09-08,15.53
2018-09-09,8.842
2018-09-10,8.141
2018-09-11,8.196
2018-09-12,9.938
2018-09-13,9.285
2018-09-14,8.987
2018-09-15,8.699
2018-09-16,8.138
2018-09-17,7.98
2018-09-18,7.999
2018-09-19,7.782
2018-09-20,7.67
2018-09-21,7.598
2018-09-22,7.643
2018-09-23,7.683
2018-09-24,7.641
2018-09-25,7.355
2018-09-26,7.157
2018-09-27,7.046
2018-09-28,6.958
2018-09-29,7.068
2018-09-30,7.543
2018-10-01,7.439
2018-10-02,7.265
2018-10-03,6.91
2018-10-04,6.668
2018-10-05,6.535
2018-10-06,6.268
2018-10-07,6.134
2018-10-08,6.285
2018-10-09,6.372
2018-10-10,10.089
2018-10-11,17.223
2018-10-12,10.978
2018-10-13,10.744
2018-10-14,9.693
2018-10-15,12.004
2018-10-16,15.839
2018-10-17,18.385
2018-10-18,19.142
2018-10-19,31.048
2018-10-20,40.43
2018-10-21,52.258
2018-10-22,57.05
2018-10-23,44.398
2018-10-24,17.492
2018-10-25,5.442
2018-10-26,4.953
2018-10-27,5.229
2018-10-28,7.208
2018-10-29,13.879
2018-10-30,11.412
2018-10-31,21.318
2018-11-01,16.223
2018-11-02,5.216
2018-11-03,4.538
2018-11-04,4.647
2018-11-05,4.786
2018-11-06,4.682
2018-11-07,4.605
2018-11-08,4.386
2018-11-09,4.185
2018-11-10,5.45
2018-11-11,13.994
2018-11-12,11.876
2018-11-13,9.108
2018-11-14,5.3
2018-11-15,4.021
2018-11-16,4.005
2018-11-17,4.009
2018-11-18,4.089
2018-11-19,4.238
2018-11-20,3.955
2018-11-21,3.802
2018-11-22,3.693
2018-11-23,3.549
2018-11-24,3.45
2018-11-25,3.382
2018-11-26,3.332
2018-11-27,3.283
2018-11-28,3.239
2018-11-29,3.19
2018-11-30,3.137
2018-12-01,3.115
2018-12-02,3.093
2018-12-03,3.086
2018-12-04,3.273
2018-12-05,3.429
2018-12-06,3.368
2018-12-07,3.428
2018-12-08,3.139
2018-12-09,2.906
2018-12-10,3.205
2018-12-11,3.451
2018-12-12,4.982
2018-12-13,5.159
2018-12-14,4.026
2018-12-15,4.327
2018-12-16,7.078
2018-12-17,4.189
2018-12-18,2.556
2018-12-19,2.472
2018-12-20,2.436
2018-12-21,2.421
2018-12-22,2.401
2018-12-23,2.401
2018-12-24,2.408
2018-12-25,2.353
2018-12-26,2.275
2018-12-27,2.229
2018-12-28,2.211
2018-12-29,2.214
2018-12-30,2.214
2018-12-31,2.231
2019-01-01,2.216
2019-01-02,2.251
2019-01-03,2.138
2019-01-04,2.065
2019-01-05,2.031
2019-01-06,1.989
2019-01-07,1.98
2019-01-08,1.94
2019-01-09,1.972
2019-01-10,1.961
2019-01-11,1.887
2019-01-12,1.873
2019-01-13,1.851
2019-01-14,1.834
2019-01-15,1.802
2019-01-16,1.812
2019-01-17,1.965
2019-01-18,1.985
2019-01-19,2.02
2019-01-20,1.946
2019-01-21,2.021
2019-01-22,1.844
2019-01-23,1.696
2019-01-24,1.718
2019-01-25,1.718
2019-01-26,1.594
2019-01-27,1.578
2019-01-28,1.58
2019-01-29,1.543
2019-01-30,1.51
2019-01-31,1.504
2019-02-01,1.483
2019-02-02,1.475
2019-02-03,1.468
2019-02-04,1.456
2019-02-05,1.453
2019-02-06,1.44
2019-02-07,1.419
2019-02-08,1.407
2019-02-09,1.385
2019-02-10,1.358
2019-02-11,1.322
2019-02-12,1.288
2019-02-13,1.266
2019-02-14,1.242
2019-02-15,1.23
2019-02-16,1.215
2019-02-17,1.222
2019-02-18,1.223
2019-02-19,1.212
2019-02-20,1.189
2019-02-21,1.181
2019-02-22,1.191
2019-02-23,1.19
2019-02-24,1.334
2019-02-25,1.618
2019-02-26,1.582
2019-02-27,1.668
2019-02-28,1.303
2019-03-01,1.148
2019-03-02,1.108
2019-03-03,1.102
2019-03-04,1.128
2019-03-05,1.298
2019-03-06,1.633
2019-03-07,2.864
2019-03-08,2.365
2019-03-09,1.898
2019-03-10,1.526
2019-03-11,1.198
2019-03-12,1.057
2019-03-13,1.022
2019-03-14,1.002
2019-03-15,0.986
2019-03-16,1.002
2019-03-17,0.978
2019-03-18,0.93
2019-03-19,0.916
2019-03-20,0.906
2019-03-21,0.91
2019-03-22,0.909
2019-03-23,0.893
2019-03-24,0.88
2019-03-25,0.855
2019-03-26,0.862
2019-03-27,0.909
2019-03-28,1.26
2019-03-29,1.634
2019-03-30,3.077
2019-03-31,2.554
2019-04-01,1.56
2019-04-02,0.908
2019-04-03,0.846
2019-04-04,0.851
2019-04-05,0.861
2019-04-06,0.803
2019-04-07,0.79
2019-04-08,0.752
2019-04-09,1.018
2019-04-10,1.883
2019-04-11,1.925
2019-04-12,2.138
2019-04-13,1.957
2019-04-14,1.298
2019-04-15,1.006
2019-04-16,0.896
2019-04-17,0.823
2019-04-18,0.792
2019-04-19,0.818
2019-04-20,0.789
2019-04-21,0.82
2019-04-22,1.252
2019-04-23,5.076
2019-04-24,3.958
2019-04-25,4.971
2019-04-26,4.635
2019-04-27,13.487
2019-04-28,15.102
2019-04-29,9.368
2019-04-30,5.993
2019-05-01,3.185
2019-05-02,1.762
2019-05-03,0.954
2019-05-04,0.835
2019-05-05,0.86
2019-05-06,0.97
2019-05-07,1.02
2019-05-08,1.952
2019-05-09,2.75
2019-05-10,4.039
2019-05-11,11.502
2019-05-12,8.098
2019-05-13,12.926
2019-05-14,22.435
2019-05-15,21.838
2019-05-16,9.89
2019-05-17,4.006
2019-05-18,1.755
2019-05-19,1.261
2019-05-20,6.67
2019-05-21,6.958
2019-05-22,11.616
2019-05-23,7.582
2019-05-24,16.075
2019-05-25,20.442
2019-05-26,16.44
2019-05-27,11.317
2019-05-28,5.542
2019-05-29,3.565
2019-05-30,6.864
2019-05-31,3.737
2019-06-01,15.643
2019-06-02,7.377
2019-06-03,11.411
2019-06-04,15.563
2019-06-05,17.119
2019-06-06,6.538
2019-06-07,9.33
2019-06-08,15.486
2019-06-09,9.215
2019-06-10,7.038
2019-06-11,5.623
2019-06-12,7.624
2019-06-13,11.554
2019-06-14,6.773
2019-06-15,8.273
2019-06-16,17.314
2019-06-17,14.425
2019-06-18,7.432
2019-06-19,2.775
2019-06-20,1.528
2019-06-21,0.965
2019-06-22,4.782
2019-06-23,11.356
2019-06-24,11.24
2019-06-25,16.489
2019-06-26,27.996
2019-06-27,24.577
2019-06-28,31.265
2019-06-29,40.252
2019-06-30,26.823
2019-07-01,15.403
2019-07-02,11.03
2019-07-03,14.104
2019-07-04,8.49
2019-07-05,8.345
2019-07-06,7.408
2019-07-07,5.84
2019-07-08,5.291
2019-07-09,11.185
2019-07-10,5.105
2019-07-11,5.334
2019-07-12,12.074
2019-07-13,5.965
2019-07-14,6.299
2019-07-15,8.515
2019-07-16,11.593
2019-07-17,14.307
2019-07-18,8.792
2019-07-19,3.418
2019-07-20,2.644
2019-07-21,8.616
2019-07-22,6.902
2019-07-23,3.576
2019-07-24,3.669
2019-07-25,6.65
2019-07-26,8.003
2019-07-27,10.142
2019-07-28,17.951
2019-07-29,17.365
2019-07-30,22.454
2019-07-31,21.865
2019-08-01,18.476
2019-08-02,17.655
2019-08-03,26.438
2019-08-04,15.398
2019-08-05,18.121
2019-08-06,12.01
2019-08-07,5.7
2019-08-08,4.471
2019-08-09,5.588
2019-08-10,9.351
2019-08-11,13.188
2019-08-12,22.128
2019-08-13,16.429
2019-08-14,28.362
2019-08-15,25.989
2019-08-16,23.495
2019-08-17,29.433
2019-08-18,20.442
2019-08-19,12.72
2019-08-20,6.822
2019-08-21,6.038
2019-08-22,5.7
2019-08-23,6.025
2019-08-24,6.707
2019-08-25,5.586
2019-08-26,5.016
2019-08-27,6.409
2019-08-28,6.722
2019-08-29,8.625
2019-08-30,11.25
2019-08-31,29.043
2019-09-01,47.809
2019-09-02,41.08
2019-09-03,33.91
2019-09-04,28.015
2019-09-05,13.683
2019-09-06,8.753
2019-09-07,8.688
2019-09-08,16.558
2019-09-09,33.458
2019-09-10,23.603
2019-09-11,20.24
2019-09-12,21.106
2019-09-13,15.635
2019-09-14,9.345
2019-09-15,8.035
2019-09-16,6.67
2019-09-17,5.954
2019-09-18,5.411
2019-09-19,5.345
2019-09-20,5.307
2019-09-21,5.408
2019-09-22,5.62
2019-09-23,5.788
2019-09-24,5.758
2019-09-25,5.747
2019-09-26,9.035
2019-09-27,19.717
2019-09-28,25.729
2019-09-29,31.72
2019-09-30,38.352
2019-10-01,23.962
2019-10-02,12.799
2019-10-03,8.706
2019-10-04,8.553
2019-10-05,9.307
2019-10-06,13.661
2019-10-07,15.074
2019-10-08,22.478
2019-10-09,14.718
2019-10-10,13.955
2019-10-11,24.853
2019-10-12,21.515
2019-10-13,28.137
2019-10-14,24.312
2019-10-15,24.391
2019-10-16,25.176
2019-10-17,17.553
2019-10-18,17.06
2019-10-19,19.874
2019-10-20,21.467
2019-10-21,25.661
2019-10-22,29.327
2019-10-23,48.281
2019-10-24,50.052
2019-10-25,38.958
2019-10-26,39.138
2019-10-27,30.762
2019-10-28,19.313
2019-10-29,22.752
2019-10-30,17.051
2019-10-31,22.807
2019-11-01,48.118
2019-11-02,42.096
2019-11-03,38.861
2019-11-04,27.155
2019-11-05,12.332
2019-11-06,11.278
2019-11-07,11.939
2019-11-08,12.966
2019-11-09,16.618
2019-11-10,18.313
2019-11-11,21.276
2019-11-12,26.436
2019-11-13,55.912
2019-11-14,47.478
2019-11-15,52.017
2019-11-16,30.07
2019-11-17,11.747
2019-11-18,10.582
2019-11-19,10.505
2019-11-20,10.472
2019-11-21,10.639
2019-11-22,13.059
2019-11-23,44.085
2019-11-24,361.954
2019-11-25,474.7
2019-11-26,801.022
2019-11-27,533.192
2019-11-28,96.413
2019-11-29,21.702
2019-11-30,19.126
2019-12-01,17.85
2019-12-02,16.223
2019-12-03,17.78
2019-12-04,45.893
2019-12-05,181.147
2019-12-06,187.599
2019-12-07,105.819
2019-12-08,36.022
2019-12-09,20.639
2019-12-10,20.797
2019-12-11,50.907
2019-12-12,88.59
2019-12-13,150.465
2019-12-14,78.456
2019-12-15,27.079
2019-12-16,23.209
2019-12-17,23.919
2019-12-18,22.858
2019-12-19,21.752
2019-12-20,20.44
2019-12-21,19.713
2019-12-22,19.448
2019-12-23,19.27
2019-12-24,19.109
2019-12-25,19.0
2019-12-26,19.766
2019-12-27,22.118
2019-12-28,19.909
2019-12-29,19.445
2019-12-30,18.942
2019-12-31,18.066
2020-01-01,17.082
2020-01-02,16.608
2020-01-03,16.293
2020-01-04,16.004
2020-01-05,15.675
2020-01-06,15.424
2020-01-07,15.42
2020-01-08,15.026
2020-01-09,14.827
2020-01-10,14.366
2020-01-11,14.012
2020-01-12,13.686
2020-01-13,13.409
2020-01-14,13.133
2020-01-15,12.867
2020-01-16,12.615
2020-01-17,12.372
2020-01-18,12.118
2020-01-19,11.895
2020-01-20,11.668
2020-01-21,11.449
2020-01-22,11.214
2020-01-23,10.961
2020-01-24,10.716
2020-01-25,10.536
2020-01-26,10.418
2020-01-27,10.598
2020-01-28,11.014
2020-01-29,15.155
2020-01-30,20.63
2020-01-31,34.852
2020-02-01,26.49
2020-02-02,18.886
2020-02-03,13.084
2020-02-04,12.634
2020-02-05,13.313
2020-02-06,12.848
2020-02-07,9.879
2020-02-08,9.263
2020-02-09,9.093
2020-02-10,8.672
2020-02-11,8.313
2020-02-12,8.197
2020-02-13,8.109
2020-02-14,8.05
2020-02-15,7.954
2020-02-16,7.775
2020-02-17,7.676
2020-02-18,7.619
2020-02-19,7.499
2020-02-20,7.39
2020-02-21,7.328
2020-02-22,7.288
2020-02-23,7.204
2020-02-24,7.068
2020-02-25,6.92
2020-02-26,6.824
2020-02-27,6.729
2020-02-28,6.747
2020-02-29,7.145
2020-03-01,7.176
2020-03-02,7.77
2020-03-03,8.298
2020-03-04,7.09
2020-03-05,7.537
2020-03-06,6.743
2020-03-07,6.191
2020-03-08,6.163
2020-03-09,18.012
2020-03-10,15.571
2020-03-11,12.794
2020-03-12,10.784
2020-03-13,9.418
2020-03-14,8.486
2020-03-15,11.117
2020-03-16,8.182
2020-03-17,9.382
2020-03-18,10.28
2020-03-19,29.818
2020-03-20,14.793
2020-03-21,13.496
2020-03-22,10.992
2020-03-23,5.746
2020-03-24,6.183
2020-03-25,17.299
2020-03-26,30.968
2020-03-27,22.853
2020-03-28,19.408
2020-03-29,19.525
2020-03-30,14.965
2020-03-31,29.305
2020-04-01,19.988
2020-04-02,6.536
2020-04-03,4.82
2020-04-04,4.626
2020-04-05,4.617
2020-04-06,4.535
2020-04-07,4.448
2020-04-08,4.363
2020-04-09,4.307
2020-04-10,4.368
2020-04-11,4.425
2020-04-12,4.425
2020-04-13,5.276
2020-04-14,6.155
2020-04-15,6.998
2020-04-16,7.141
2020-04-17,11.632
2020-04-18,24.118
2020-04-19,15.007
2020-04-20,26.23
2020-04-21,30.542
2020-04-22,62.811
2020-04-23,152.265
2020-04-24,80.732
2020-04-25,43.148
2020-04-26,19.216
2020-04-27,11.95
2020-04-28,12.623
2020-04-29,17.425
2020-04-30,31.785
2020-05-01,45.88
2020-05-02,72.62
2020-05-03,85.586
2020-05-04,61.124
2020-05-05,72.329
2020-05-06,39.382
2020-05-07,11.842
2020-05-08,20.573
2020-05-09,32.697
2020-05-10,53.038
2020-05-11,93.511
2020-05-12,89.369
2020-05-13,78.727
2020-05-14,59.857
2020-05-15,25.077
2020-05-16,18.125
2020-05-17,11.56
2020-05-18,10.633
2020-05-19,11.56
2020-05-20,10.634
2020-05-21,9.737
2020-05-22,11.98
2020-05-23,20.814
2020-05-24,15.642
2020-05-25,11.417
2020-05-26,8.95
2020-05-27,8.446
2020-05-28,8.372
2020-05-29,8.718
2020-05-30,10.405
2020-05-31,10.79
2020-06-01,10.64
2020-06-02,9.877
2020-06-03,9.218
2020-06-04,12.752
2020-06-05,14.54
2020-06-06,16.46
2020-06-07,40.867
2020-06-08,38.659
2020-06-09,15.525
2020-06-10,15.978
2020-06-11,67.648
2020-06-12,92.802
2020-06-13,100.966
2020-06-14,69.439
2020-06-15,66.854
2020-06-16,73.37
2020-06-17,81.262
2020-06-18,55.131
2020-06-19,23.34
2020-06-20,12.871
2020-06-21,11.757
2020-06-22,15.125
2020-06-23,19.293
2020-06-24,13.425
2020-06-25,13.618
2020-06-26,15.833
2020-06-27,15.56
2020-06-28,14.888
2020-06-29,16.322
2020-06-30,15.053
2020-07-01,15.82
2020-07-02,14.694
2020-07-03,14.128
2020-07-04,14.913
2020-07-05,14.071
2020-07-06,13.692
2020-07-07,14.495
2020-07-08,14.912
2020-07-09,22.88
2020-07-10,34.965
2020-07-11,27.552
2020-07-12,47.058
2020-07-13,52.758
2020-07-14,43.807
2020-07-15,42.04
2020-07-16,25.871
2020-07-17,31.509
2020-07-18,45.092
2020-07-19,40.385
2020-07-20,54.492
2020-07-21,56.003
2020-07-22,30.578
2020-07-23,30.066
2020-07-24,33.742
2020-07-25,52.422
2020-07-26,46.765
2020-07-27,26.696
2020-07-28,20.944
2020-07-29,21.728
2020-07-30,21.68
2020-07-31,22.45
2020-08-01,22.682
2020-08-02,21.231
2020-08-03,21.382
2020-08-04,21.854
2020-08-05,25.006
2020-08-06,39.801
2020-08-07,41.876
2020-08-08,32.162
2020-08-09,29.121
2020-08-10,22.205
2020-08-11,20.998
2020-08-12,22.124
2020-08-13,20.973
2020-08-14,20.415
2020-08-15,24.728
2020-08-16,26.787
2020-08-17,22.227
2020-08-18,22.81
2020-08-19,33.253
2020-08-20,36.181
2020-08-21,34.347
2020-08-22,35.779
2020-08-23,26.55
2020-08-24,47.918
2020-08-25,159.016
2020-08-26,71.468
2020-08-27,78.592
2020-08-28,35.497
2020-08-29,58.741
2020-08-30,47.227
2020-08-31,36.175
2020-09-01,59.719
2020-09-02,55.274
2020-09-03,50.62
2020-09-04,44.165
2020-09-05,41.603
2020-09-06,38.234
2020-09-07,52.376
2020-09-08,59.043
2020-09-09,75.962
2020-09-10,106.191
2020-09-11,111.76
2020-09-12,64.065
2020-09-13,58.236
2020-09-14,37.812
2020-09-15,34.502
2020-09-16,37.022
2020-09-17,38.068
2020-09-18,37.35
2020-09-19,36.362
2020-09-20,34.14
2020-09-21,46.937
2020-09-22,46.192
2020-09-23,46.164
2020-09-24,57.38
2020-09-25,65.789
2020-09-26,63.488
2020-09-27,45.663
2020-09-28,46.966
2020-09-29,54.503
2020-09-30,45.6
2020-10-01,39.849
2020-10-02,41.957
2020-10-03,47.571
2020-10-04,69.897
2020-10-05,53.557
2020-10-06,56.605
2020-10-07,42.599
2020-10-08,36.542
2020-10-09,34.326
2020-10-10,39.567
2020-10-11,46.462
2020-10-12,40.32
2020-10-13,53.099
2020-10-14,73.908
2020-10-15,114.39
2020-10-16,100.495
2020-10-17,87.768
2020-10-18,103.81
2020-10-19,82.649
2020-10-20,73.333
2020-10-21,107.118
2020-10-22,100.805
2020-10-23,79.184
2020-10-24,64.518
2020-10-25,46.406
2020-10-26,43.524
2020-10-27,69.605
2020-10-28,76.264
2020-10-29,97.652
2020-10-30,106.057
2020-10-31,115.28
2020-11-01,95.205
2020-11-02,84.687
2020-11-03,81.509
2020-11-04,57.64
2020-11-05,47.068
2020-11-06,45.859
2020-11-07,46.92
2020-11-08,49.71
2020-11-09,63.97
2020-11-10,63.991
2020-11-11,65.853
2020-11-12,60.679
2020-11-13,45.467
2020-11-14,42.508
2020-11-15,41.552
2020-11-16,40.975
2020-11-17,41.872
2020-11-18,41.386
2020-11-19,41.953
2020-11-20,39.828
2020-11-21,37.336
2020-11-22,36.614
2020-11-23,35.862
2020-11-24,35.212
2020-11-25,34.619
2020-11-26,34.034
2020-11-27,33.698
2020-11-28,33.387
2020-11-29,33.538
2020-11-30,32.57
2020-12-01,31.234
2020-12-02,30.346
2020-12-03,29.653
2020-12-04,28.966
2020-12-05,28.441
2020-12-06,27.855
2020-12-07,27.248
2020-12-08,26.79
2020-12-09,26.825
2020-12-10,26.087
2020-12-11,25.571
2020-12-12,24.912
2020-12-13,24.167
2020-12-14,23.598
2020-12-15,23.136
2020-12-16,22.66
2020-12-17,22.198
2020-12-18,21.75
2020-12-19,21.287
2020-12-20,20.878
2020-12-21,20.518
2020-12-22,20.081
2020-12-23,19.662
2020-12-24,19.312
2020-12-25,18.95
2020-12-26,18.605
2020-12-27,18.245
2020-12-28,17.872
2020-12-29,17.516
2020-12-30,17.171
2020-12-31,16.887
2021-01-01,16.981
2021-01-02,16.893
2021-01-03,16.686
2021-01-04,16.575
2021-01-05,15.86
2021-01-06,15.279
2021-01-07,14.955
2021-01-08,14.612
2021-01-09,14.323
2021-01-10,14.078
2021-01-11,13.866
2021-01-12,13.624
2021-01-13,13.443
2021-01-14,13.18
2021-01-15,12.902
2021-01-16,12.724
2021-01-17,12.634
2021-01-18,12.421
2021-01-19,12.252
2021-01-20,11.885
2021-01-21,11.572
2021-01-22,11.376
2021-01-23,11.155
2021-01-24,10.954
2021-01-25,10.77
2021-01-26,10.595
2021-01-27,10.41
2021-01-28,10.244
2021-01-29,10.057
2021-01-30,9.855
2021-01-31,9.66
2021-02-01,9.478
2021-02-02,9.345
2021-02-03,9.18
2021-02-04,9.025
2021-02-05,8.847
2021-02-06,8.733
2021-02-07,8.605
2021-02-08,8.41
2021-02-09,8.265
2021-02-10,8.173
2021-02-11,8.063
2021-02-12,7.947
2021-02-13,7.868
2021-02-14,7.925
2021-02-15,7.672
2021-02-16,7.436
2021-02-17,7.321
2021-02-18,7.23
2021-02-19,7.08
2021-02-20,6.938
2021-02-21,6.811
2021-02-22,6.682
2021-02-23,6.543
2021-02-24,6.421
2021-02-25,6.387
2021-02-26,6.33
2021-02-27,6.287
2021-02-28,6.218
2021-03-01,6.043
2021-03-02,5.923
2021-03-03,5.838
2021-03-04,5.767
2021-03-05,5.706
2021-03-06,5.545
2021-03-07,5.458
2021-03-08,5.423
2021-03-09,5.46
2021-03-10,5.365
2021-03-11,5.398
2021-03-12,5.115
2021-03-13,4.947
2021-03-14,4.858
2021-03-15,4.78
2021-03-16,4.76
2021-03-17,4.738
2021-03-18,4.782
2021-03-19,4.939
2021-03-20,4.902
2021-03-21,4.761
2021-03-22,4.559
2021-03-23,4.394
2021-03-24,4.225
2021-03-25,4.12
2021-03-26,4.02
2021-03-27,3.986
2021-03-28,4.069
2021-03-29,4.077
2021-03-30,4.13
2021-03-31,4.379
2021-04-01,4.517
2021-04-02,4.485
2021-04-03,4.249
2021-04-04,4.26
2021-04-05,4.778
2021-04-06,8.228
2021-04-07,14.338
2021-04-08,11.393
2021-04-09,14.781
2021-04-10,7.393
2021-04-11,3.92
2021-04-12,3.856
2021-04-13,3.766
2021-04-14,3.772
2021-04-15,3.653
2021-04-16,3.571
2021-04-17,3.243
2021-04-18,3.155
2021-04-19,3.363
2021-04-20,3.555
2021-04-21,3.841
2021-04-22,5.942
2021-04-23,7.508
2021-04-24,5.696
2021-04-25,10.105
2021-04-26,32.402
2021-04-27,35.977
2021-04-28,32.867
2021-04-29,17.599
2021-04-30,6.722
2021-05-01,4.232
2021-05-02,4.115
2021-05-03,5.703
2021-05-04,8.289
2021-05-05,16.657
2021-05-06,21.317
2021-05-07,32.629
2021-05-08,33.11
2021-05-09,65.413
2021-05-10,149.204
2021-05-11,94.343
2021-05-12,49.135
2021-05-13,49.207
2021-05-14,23.924
2021-05-15,7.349
2021-05-16,4.34
2021-05-17,4.001
2021-05-18,3.231
2021-05-19,3.537
2021-05-20,3.897
2021-05-21,3.656
2021-05-22,3.444
2021-05-23,3.627
2021-05-24,3.989
2021-05-25,4.065
2021-05-26,4.058
2021-05-27,4.039
2021-05-28,3.77
2021-05-29,3.29
2021-05-30,3.655
2021-05-31,2.962
2021-06-01,2.678
2021-06-02,2.606
2021-06-03,2.64
2021-06-04,2.784
2021-06-05,3.306
2021-06-06,3.349
2021-06-07,3.08
2021-06-08,2.78
2021-06-09,2.534
2021-06-10,2.47
2021-06-11,2.47
2021-06-12,2.44
2021-06-13,2.529
2021-06-14,2.444
2021-06-15,2.441
2021-06-16,3.524
2021-06-17,3.495
2021-06-18,3.641
2021-06-19,4.393
2021-06-20,3.857
2021-06-21,3.69
2021-06-22,3.175
2021-06-23,2.912
2021-06-24,2.59
2021-06-25,2.371
2021-06-26,2.285
2021-06-27,2.264
2021-06-28,2.236
2021-06-29,2.2
2021-06-30,2.63
2021-07-01,2.783
2021-07-02,2.837
2021-07-03,3.346
2021-07-04,3.236
2021-07-05,2.718
2021-07-06,3.273
2021-07-07,4.087
2021-07-08,4.005
2021-07-09,4.134
2021-07-10,4.042
2021-07-11,3.65
2021-07-12,3.203
2021-07-13,2.708
2021-07-14,2.948
2021-07-15,7.517
2021-07-16,10.755
2021-07-17,11.7
2021-07-18,19.655
2021-07-19,19.29
2021-07-20,7.39
2021-07-21,2.465
2021-07-22,2.263
2021-07-23,2.074
2021-07-24,1.995
2021-07-25,1.932
2021-07-26,1.856
2021-07-27,1.911
2021-07-28,1.905
2021-07-29,2.07
2021-07-30,2.139
2021-07-31,2.218
2021-08-01,2.416
2021-08-02,2.373
2021-08-03,2.28
2021-08-04,2.331
2021-08-05,2.108
2021-08-06,1.942
2021-08-07,1.742
2021-08-08,1.647
2021-08-09,1.688
2021-08-10,2.01
2021-08-11,3.047
2021-08-12,4.521
2021-08-13,4.581
2021-08-14,20.579
2021-08-15,40.816
2021-08-16,29.262
2021-08-17,15.768
2021-08-18,7.253
2021-08-19,4.566
2021-08-20,2.728
2021-08-21,2.576
2021-08-22,2.771
2021-08-23,3.023
2021-08-24,3.07
2021-08-25,2.591
2021-08-26,4.311
2021-08-27,3.694
2021-08-28,1.792
2021-08-29,1.579
2021-08-30,1.455
2021-08-31,1.84
2021-09-01,17.135
2021-09-02,20.092
2021-09-03,11.079
2021-09-04,46.669
2021-09-05,138.181
2021-09-06,143.075
2021-09-07,257.345
2021-09-08,160.143
2021-09-09,33.786
2021-09-10,8.298
2021-09-11,15.024
2021-09-12,17.501
2021-09-13,13.101
2021-09-14,19.067
2021-09-15,10.936
2021-09-16,5.135
2021-09-17,10.782
2021-09-18,11.992
2021-09-19,20.642
2021-09-20,44.537
2021-09-21,55.21
2021-09-22,39.637
2021-09-23,24.344
2021-09-24,25.412
2021-09-25,28.535
2021-09-26,25.207
2021-09-27,17.249
2021-09-28,44.932
2021-09-29,86.524
2021-09-30,25.28
2021-10-01,3.731
2021-10-02,3.515
2021-10-03,7.503
2021-10-04,17.848
2021-10-05,19.199
2021-10-06,25.27
2021-10-07,22.835
2021-10-08,23.024
2021-10-09,12.788
2021-10-10,8.652
2021-10-11,9.96
2021-10-12,15.905
2021-10-13,28.629
2021-10-14,26.91
2021-10-15,21.397
2021-10-16,16.783
2021-10-17,12.139
2021-10-18,4.929
2021-10-19,4.285
2021-10-20,4.348
2021-10-21,4.417
2021-10-22,4.402
2021-10-23,4.526
2021-10-24,4.575
2021-10-25,4.477
2021-10-26,4.367
2021-10-27,4.192
2021-10-28,4.115
2021-10-29,4.135
2021-10-30,4.143
2021-10-31,4.134
2021-11-01,4.076
2021-11-02,4.058
2021-11-03,4.023
2021-11-04,4.113
2021-11-05,4.092
2021-11-06,3.974
2021-11-07,3.978
2021-11-08,3.991
2021-11-09,4.001
2021-11-10,3.973
2021-11-11,4.03
2021-11-12,3.879
2021-11-13,3.932
2021-11-14,3.769
2021-11-15,3.668
2021-11-16,3.637
2021-11-17,3.579
2021-11-18,3.575
2021-11-19,3.547
2021-11-20,3.494
2021-11-21,3.441
2021-11-22,3.408
2021-11-23,3.345
2021-11-24,3.3
2021-11-25,3.276
2021-11-26,3.26
2021-11-27,3.338
2021-11-28,3.428
2021-11-29,3.524
2021-11-30,3.54
2021-12-01,3.431
2021-12-02,3.197
2021-12-03,3.082
2021-12-04,3.032
2021-12-05,2.953
2021-12-06,2.933
2021-12-07,2.928
2021-12-08,2.92
2021-12-09,2.886
2021-12-10,2.848
2021-12-11,2.804
2021-12-12,2.788
2021-12-13,2.756
2021-12-14,2.733
2021-12-15,2.725
2021-12-16,2.687
2021-12-17,2.68
2021-12-18,2.657
2021-12-19,2.64
2021-12-20,2.664
2021-12-21,2.687
2021-12-22,2.678
2021-12-23,2.574
2021-12-24,2.48
2021-12-25,2.439
2021-12-26,2.413
2021-12-27,2.416
2021-12-28,2.401
2021-12-29,2.371
2021-12-30,2.35
2021-12-31,2.328
2022-01-01,2.301
2022-01-02,2.295
2022-01-03,2.257
2022-01-04,2.233
2022-01-05,2.23
2022-01-06,2.202
2022-01-07,2.165
2022-01-08,2.135
2022-01-09,2.143
2022-01-10,2.136
2022-01-11,2.098
2022-01-12,2.04
2022-01-13,1.991
2022-01-14,1.953
2022-01-15,1.935
2022-01-16,1.997
2022-01-17,3.188
2022-01-18,4.894
2022-01-19,4.482
2022-01-20,8.875
2022-01-21,12.315
2022-01-22,4.065
2022-01-23,1.935
2022-01-24,1.795
2022-01-25,1.8
2022-01-26,1.774
2022-01-27,1.748
2022-01-28,1.729
2022-01-29,1.712
2022-01-30,1.671
2022-01-31,1.632
2022-02-01,1.572
2022-02-02,1.589
2022-02-03,1.6
2022-02-04,1.582
2022-02-05,1.568
2022-02-06,1.555
2022-02-07,1.53
2022-02-08,1.592
2022-02-09,1.551
2022-02-10,1.488
2022-02-11,1.462
2022-02-12,1.451
2022-02-13,1.432
2022-02-14,1.435
2022-02-15,1.413
2022-02-16,1.403
2022-02-17,1.365
2022-02-18,1.366
2022-02-19,1.339
2022-02-20,1.337
2022-02-21,1.312
2022-02-22,1.285
2022-02-23,1.311
2022-02-24,1.302
2022-02-25,1.27
2022-02-26,1.41
2022-02-27,1.425
2022-02-28,1.332
2022-03-01,1.278
2022-03-02,1.231
2022-03-03,1.201
2022-03-04,1.17
2022-03-05,1.16
2022-03-06,1.143
2022-03-07,1.137
2022-03-08,1.13
2022-03-09,1.13
2022-03-10,1.132
2022-03-11,1.113
2022-03-12,1.116
2022-03-13,1.081
2022-03-14,1.065
2022-03-15,1.059
2022-03-16,1.093
2022-03-17,1.161
2022-03-18,1.089
2022-03-19,1.015
2022-03-20,0.993
2022-03-21,0.987
2022-03-22,1.008
2022-03-23,1.164
2022-03-24,1.296
2022-03-25,2.562
2022-03-26,3.6
2022-03-27,2.361
2022-03-28,2.363
2022-03-29,2.016
2022-03-30,1.543
2022-03-31,1.366
2022-04-01,1.182
2022-04-02,1.141
2022-04-03,0.994
2022-04-04,0.937
2022-04-05,0.912
2022-04-06,0.925
2022-04-07,0.967
2022-04-08,0.915
2022-04-09,0.87
2022-04-10,0.838
2022-04-11,0.878
2022-04-12,1.031
2022-04-13,0.99
2022-04-14,1.061
2022-04-15,1.398
2022-04-16,34.593
2022-04-17,209.811
2022-04-18,157.078
2022-04-19,323.38
2022-04-20,258.511
2022-04-21,67.557
2022-04-22,24.961
2022-04-23,35.394
2022-04-24,49.927
2022-04-25,48.15
2022-04-26,37.82
2022-04-27,38.779
2022-04-28,47.655
2022-04-29,68.777
2022-04-30,81.355
2022-05-01,65.029
2022-05-02,107.712
2022-05-03,156.744
2022-05-04,103.735
2022-05-05,124.934
2022-05-06,72.874
2022-05-07,33.321
2022-05-08,13.549
2022-05-09,7.198
2022-05-10,5.404
2022-05-11,3.361
2022-05-12,2.87
2022-05-13,1.912
2022-05-14,1.266
2022-05-15,1.18
2022-05-16,1.17
2022-05-17,1.18
2022-05-18,1.186
2022-05-19,1.24
2022-05-20,1.226
2022-05-21,1.205
2022-05-22,1.218
2022-05-23,1.229
2022-05-24,1.406
2022-05-25,3.033
2022-05-26,3.166
2022-05-27,6.602
2022-05-28,17.726
2022-05-29,27.437
2022-05-30,50.68
2022-05-31,47.394
2022-06-01,69.359
2022-06-02,59.18
2022-06-03,18.108
2022-06-04,5.005
2022-06-05,1.762
2022-06-06,1.509
2022-06-07,1.665
2022-06-08,4.466
2022-06-09,12.952
2022-06-10,11.153
2022-06-11,7.495
2022-06-12,3.964
2022-06-13,2.578
2022-06-14,1.924
2022-06-15,1.687
2022-06-16,1.693
2022-06-17,1.724
2022-06-18,1.73
2022-06-19,4.691
2022-06-20,9.942
2022-06-21,8.783
2022-06-22,7.928
2022-06-23,5.726
2022-06-24,3.992
2022-06-25,5.694
2022-06-26,4.935
2022-06-27,5.226
2022-06-28,4.208
2022-06-29,2.592
2022-06-30,2.151
2022-07-01,2.525
2022-07-02,2.282
2022-07-03,2.121
2022-07-04,1.905
2022-07-05,1.9
2022-07-06,1.876
2022-07-07,1.687
2022-07-08,1.67
2022-07-09,1.649
2022-07-10,1.719
2022-07-11,1.912
2022-07-12,1.872
2022-07-13,1.998
2022-07-14,2.097
2022-07-15,1.907
2022-07-16,1.996
2022-07-17,2.5
2022-07-18,3.49
2022-07-19,3.839
2022-07-20,3.877
2022-07-21,3.865
2022-07-22,4.314
2022-07-23,5.182
2022-07-24,4.626
2022-07-25,4.013
2022-07-26,2.752
2022-07-27,2.126
2022-07-28,2.366
2022-07-29,3.065
2022-07-30,8.505
2022-07-31,26.684
2022-08-01,19.312
2022-08-02,25.393
2022-08-03,29.961
2022-08-04,31.028
2022-08-05,15.348
2022-08-06,8.536
2022-08-07,3.396
2022-08-08,1.74
2022-08-09,1.708
2022-08-10,1.913
2022-08-11,2.097
2022-08-12,2.687
2022-08-13,4.001
2022-08-14,15.328
2022-08-15,19.174
2022-08-16,33.989
2022-08-17,32.355
2022-08-18,81.496
2022-08-19,45.451
2022-08-20,54.089
2022-08-21,60.818
2022-08-22,36.522
2022-08-23,17.678
2022-08-24,9.78
2022-08-25,9.896
2022-08-26,10.81
2022-08-27,21.156
2022-08-28,31.428
2022-08-29,36.86
2022-08-30,43.303
2022-08-31,23.989
2022-09-01,15.358
2022-09-02,12.615
2022-09-03,11.567
2022-09-04,14.37
2022-09-05,16.889
2022-09-06,33.196
2022-09-07,32.328
2022-09-08,37.341
2022-09-09,41.052
2022-09-10,24.867
2022-09-11,20.032
2022-09-12,14.236
2022-09-13,12.369
2022-09-14,36.881
2022-09-15,32.0
2022-09-16,44.897
2022-09-17,30.844
2022-09-18,22.279
2022-09-19,22.035
2022-09-20,10.359
2022-09-21,5.87
2022-09-22,5.848
2022-09-23,6.206
2022-09-24,6.404
2022-09-25,6.58
2022-09-26,6.547
2022-09-27,6.151
2022-09-28,6.016
2022-09-29,6.03
2022-09-30,6.348
2022-10-01,6.312
2022-10-02,6.755
2022-10-03,6.575
2022-10-04,6.712
2022-10-05,9.065
2022-10-06,10.505
2022-10-07,11.452
2022-10-08,10.262
2022-10-09,20.267
2022-10-10,13.742
2022-10-11,10.996
2022-10-12,10.17
2022-10-13,7.5
2022-10-14,5.765
2022-10-15,5.339
2022-10-16,5.226
2022-10-17,5.156
2022-10-18,5.257
2022-10-19,5.27
2022-10-20,5.263
2022-10-21,5.387
2022-10-22,5.37
2022-10-23,5.061
2022-10-24,4.85
2022-10-25,4.757
2022-10-26,4.678
2022-10-27,4.635
2022-10-28,4.59
2022-10-29,4.555
2022-10-30,4.596
2022-10-31,4.624
2022-11-01,4.745
2022-11-02,4.781
2022-11-03,4.543
2022-11-04,4.402
2022-11-05,4.266
2022-11-06,4.156
2022-11-07,4.12
2022-11-08,4.114
2022-11-09,4.11
2022-11-10,3.995
2022-11-11,3.94
2022-11-12,4.128
2022-11-13,4.294
2022-11-14,4.462
2022-11-15,4.507
2022-11-16,4.729
2022-11-17,5.475
2022-11-18,6.542
2022-11-19,6.491
2022-11-20,5.053
2022-11-21,5.404
2022-11-22,4.498
2022-11-23,4.49
2022-11-24,6.208
2022-11-25,11.251
2022-11-26,12.788
2022-11-27,6.017
2022-11-28,3.442
2022-11-29,3.106
2022-11-30,3.062
2022-12-01,3.02
2022-12-02,2.987
2022-12-03,2.975
2022-12-04,2.969
2022-12-05,2.948
2022-12-06,2.912
2022-12-07,2.9
2022-12-08,2.863
2022-12-09,2.852
2022-12-10,3.052
2022-12-11,3.2
2022-12-12,7.03
2022-12-13,5.553
2022-12-14,3.413
2022-12-15,3.06
2022-12-16,3.329
2022-12-17,2.875
2022-12-18,2.674
2022-12-19,2.681
2022-12-20,2.625
2022-12-21,2.465
2022-12-22,2.393
2022-12-23,2.43
2022-12-24,2.427
2022-12-25,2.405
2022-12-26,2.421
2022-12-27,2.382
2022-12-28,2.329
2022-12-29,2.283
2022-12-30,2.221
2022-12-31,2.138
2023-01-01,2.086
2023-01-02,2.082
2023-01-03,2.042
2023-01-04,2.035
2023-01-05,2.023
2023-01-06,1.998
2023-01-07,1.98
2023-01-08,1.963
2023-01-09,1.932
2023-01-10,1.91
2023-01-11,1.898
2023-01-12,1.93
2023-01-13,1.897
2023-01-14,1.842
2023-01-15,1.842
2023-01-16,1.828
2023-01-17,1.785
2023-01-18,1.74
2023-01-19,1.728
2023-01-20,1.69
2023-01-21,1.707
2023-01-22,1.687
2023-01-23,1.679
2023-01-24,1.662
2023-01-25,1.626
2023-01-26,1.588
2023-01-27,1.561
2023-01-28,1.568
2023-01-29,1.556
2023-01-30,1.562
2023-01-31,1.55
2023-02-01,1.537
2023-02-02,1.507
2023-02-03,1.448
2023-02-04,1.404
2023-02-05,1.396
2023-02-06,1.387
2023-02-07,1.398
2023-02-08,1.374
2023-02-09,1.375
2023-02-10,1.369
2023-02-11,1.364
2023-02-12,1.356
2023-02-13,1.338
2023-02-14,1.323
2023-02-15,1.296
2023-02-16,1.282
2023-02-17,1.287
2023-02-18,1.273
2023-02-19,1.248
2023-02-20,1.23
2023-02-21,1.225
2023-02-22,1.2
2023-02-23,1.156
2023-02-24,1.166
2023-02-25,1.213
2023-02-26,1.268
2023-02-27,1.239
2023-02-28,1.18
2023-03-01,1.235
2023-03-02,1.346
2023-03-03,1.481
2023-03-04,1.697
2023-03-05,1.674
2023-03-06,1.578
2023-03-07,1.252
2023-03-08,1.045
2023-03-09,1.015
2023-03-10,1.016
2023-03-11,1.149
2023-03-12,1.571
2023-03-13,2.085
2023-03-14,2.915
2023-03-15,6.606
2023-03-16,23.255
2023-03-17,4.795
2023-03-18,9.708
2023-03-19,5.83
2023-03-20,8.54
2023-03-21,12.48
2023-03-22,4.463
2023-03-23,3.478
2023-03-24,3.968
2023-03-25,3.281
2023-03-26,14.72
2023-03-27,37.655
2023-03-28,41.672
2023-03-29,49.424
2023-03-30,37.581
2023-03-31,18.18
2023-04-01,6.936
2023-04-02,1.771
2023-04-03,2.122
2023-04-04,4.458
2023-04-05,7.02
2023-04-06,11.581
2023-04-07,8.26
2023-04-08,3.262
2023-04-09,1.113
2023-04-10,0.821
2023-04-11,0.772
2023-04-12,0.771
2023-04-13,0.785
2023-04-14,0.826
2023-04-15,0.974
2023-04-16,0.956
2023-04-17,1.114
2023-04-18,2.29
2023-04-19,1.723
2023-04-20,2.138
2023-04-21,1.913
2023-04-22,1.052
2023-04-23,4.775
2023-04-24,14.516
2023-04-25,16.5
2023-04-26,21.977
2023-04-27,18.438
2023-04-28,39.415
2023-04-29,43.405
2023-04-30,48.3
2023-05-01,115.039
2023-05-02,116.883
2023-05-03,57.956
2023-05-04,32.982
2023-05-05,14.001
2023-05-06,6.591
2023-05-07,5.379
2023-05-08,3.977
2023-05-09,2.626
2023-05-10,6.201
2023-05-11,8.393
2023-05-12,14.544
2023-05-13,12.302
2023-05-14,2.269
2023-05-15,1.17
2023-05-16,1.116
2023-05-17,1.254
2023-05-18,1.683
2023-05-19,1.824
2023-05-20,2.027
2023-05-21,1.667
2023-05-22,1.518
2023-05-23,1.444
2023-05-24,1.755
2023-05-25,1.85
2023-05-26,2.267
2023-05-27,2.325
2023-05-28,1.546
2023-05-29,1.35
2023-05-30,1.278
2023-05-31,1.481
2023-06-01,1.46
2023-06-02,1.3
2023-06-03,1.268
2023-06-04,1.24
2023-06-05,1.227
2023-06-06,1.232
2023-06-07,1.168
2023-06-08,1.184
2023-06-09,1.335
2023-06-10,1.215
2023-06-11,1.437
2023-06-12,1.734
2023-06-13,2.68
2023-06-14,5.484
2023-06-15,5.065
2023-06-16,5.868
2023-06-17,9.048
2023-06-18,5.636
2023-06-19,2.41
2023-06-20,2.117
2023-06-21,3.015
2023-06-22,5.522
2023-06-23,11.431
2023-06-24,15.075
2023-06-25,16.091
2023-06-26,12.591
2023-06-27,23.88
2023-06-28,10.406
2023-06-29,18.744
2023-06-30,16.972
2023-07-01,9.861
2023-07-02,5.422
2023-07-03,7.661
2023-07-04,11.203
2023-07-05,5.25
2023-07-06,6.978
2023-07-07,10.323
2023-07-08,4.089
2023-07-09,2.198
2023-07-10,2.054
2023-07-11,1.896
2023-07-12,1.575
2023-07-13,1.66
2023-07-14,1.504
2023-07-15,1.678
2023-07-16,1.64
2023-07-17,1.487
2023-07-18,1.289
2023-07-19,1.227
2023-07-20,1.18
2023-07-21,1.141
2023-07-22,1.128
2023-07-23,1.115
2023-07-24,1.113
2023-07-25,1.165
2023-07-26,1.258
2023-07-27,1.427
2023-07-28,1.506
2023-07-29,1.709
2023-07-30,2.245
2023-07-31,2.028
2023-08-01,2.535
2023-08-02,4.136
2023-08-03,9.095
2023-08-04,11.057
2023-08-05,7.964
2023-08-06,5.389
2023-08-07,2.066
2023-08-08,1.36
2023-08-09,1.16
2023-08-10,1.344
2023-08-11,1.85
2023-08-12,2.117
2023-08-13,2.092
2023-08-14,1.551
2023-08-15,1.109
2023-08-16,0.974
2023-08-17,1.01
2023-08-18,0.998
2023-08-19,1.042
2023-08-20,1.06
2023-08-21,1.027
2023-08-22,0.975
2023-08-23,1.012
2023-08-24,1.022
2023-08-25,1.023
2023-08-26,0.941
2023-08-27,0.874
2023-08-28,0.874
2023-08-29,0.882
2023-08-30,0.886
2023-08-31,1.052
2023-09-01,1.229
2023-09-02,1.309
2023-09-03,1.636
2023-09-04,1.304
2023-09-05,1.44
2023-09-06,1.357
2023-09-07,1.766
2023-09-08,2.01
2023-09-09,2.12
2023-09-10,3.123
2023-09-11,8.878
2023-09-12,36.574
2023-09-13,63.279
2023-09-14,445.024
2023-09-15,505.59
2023-09-16,87.786
2023-09-17,9.147
2023-09-18,4.512
2023-09-19,2.922
2023-09-20,2.169
2023-09-21,1.66
2023-09-22,1.67
2023-09-23,1.573
2023-09-24,1.681
2023-09-25,3.354
2023-09-26,4.682
2023-09-27,19.027
2023-09-28,7.879
2023-09-29,11.617
2023-09-30,8.96
2023-10-01,1.994
2023-10-02,0.883
2023-10-03,1.122
2023-10-04,0.977
2023-10-05,0.915
2023-10-06,0.827
2023-10-07,0.811
2023-10-08,0.761
2023-10-09,0.704
2023-10-10,0.701
2023-10-11,2.029
2023-10-12,8.455
2023-10-13,8.825
2023-10-14,5.9
2023-10-15,2.298
2023-10-16,1.693
2023-10-17,16.495
2023-10-18,25.515
2023-10-19,39.243
2023-10-20,40.53
2023-10-21,74.749
2023-10-22,46.857
2023-10-23,23.15
2023-10-24,13.669
2023-10-25,7.226
2023-10-26,2.372
2023-10-27,0.963
2023-10-28,1.204
2023-10-29,4.88
2023-10-30,3.621
2023-10-31,6.398
2023-11-01,14.549
2023-11-02,18.58
2023-11-03,16.412
2023-11-04,36.109
2023-11-05,32.414
2023-11-06,44.138
2023-11-07,52.727
2023-11-08,37.944
2023-11-09,25.806
2023-11-10,35.808
2023-11-11,44.489
2023-11-12,23.067
2023-11-13,5.687
2023-11-14,2.401
2023-11-15,2.372
2023-11-16,3.024
2023-11-17,3.691
2023-11-18,3.391
2023-11-19,13.095
2023-11-20,10.348
2023-11-21,10.603
2023-11-22,16.625
2023-11-23,12.873
2023-11-24,4.529
2023-11-25,2.404
2023-11-26,3.62
2023-11-27,10.002
2023-11-28,5.583
2023-11-29,8.167
2023-11-30,4.239
2023-12-01,2.301
2023-12-02,2.197
2023-12-03,2.232
2023-12-04,2.321
2023-12-05,2.346
2023-12-06,2.402
2023-12-07,2.392
2023-12-08,2.408
2023-12-09,2.495
2023-12-10,2.553
2023-12-11,2.508
2023-12-12,4.158
2023-12-13,8.045
2023-12-14,3.892
2023-12-15,2.691
2023-12-16,2.632
2023-12-17,2.3
2023-12-18,2.208
2023-12-19,2.027
2023-12-20,1.96
2023-12-21,1.951
2023-12-22,1.957
2023-12-23,1.952
2023-12-24,1.888
2023-12-25,1.884
2023-12-26,1.882
2023-12-27,1.847
2023-12-28,1.823
2023-12-29,1.82
2023-12-30,1.859
2023-12-31,2.078
2024-01-01,2.363
2024-01-02,2.781
2024-01-03,2.654
2024-01-04,2.483
2024-01-05,2.172
2024-01-06,1.825
2024-01-07,1.707
2024-01-08,1.676
2024-01-09,1.643
2024-01-10,1.628
2024-01-11,1.678
2024-01-12,1.84
2024-01-13,2.114
2024-01-14,2.431
2024-01-15,2.056
2024-01-16,1.759
2024-01-17,1.665
2024-01-18,1.579
2024-01-19,1.53
2024-01-20,1.55
2024-01-21,1.513
2024-01-22,1.461
2024-01-23,1.436
2024-01-24,1.399
2024-01-25,1.408
2024-01-26,1.411
2024-01-27,1.39
2024-01-28,1.381
2024-01-29,1.348
2024-01-30,1.321
2024-01-31,1.319
2024-02-01,1.333
2024-02-02,1.29
2024-02-03,1.273
2024-02-04,1.262
2024-02-05,1.262
2024-02-06,1.24
2024-02-07,1.231
2024-02-08,1.244
2024-02-09,1.22
2024-02-10,1.23
2024-02-11,1.218
2024-02-12,1.226
2024-02-13,1.265
2024-02-14,1.245
2024-02-15,1.149
2024-02-16,1.134
2024-02-17,1.165
2024-02-18,1.155
2024-02-19,1.14
2024-02-20,1.056
2024-02-21,1.01
2024-02-22,1.023
2024-02-23,1.063
2024-02-24,1.019
2024-02-25,1.015
2024-02-26,0.974
2024-02-27,1.013
2024-02-28,1.118
2024-02-29,1.165
2024-03-01,1.193
2024-03-02,1.398
2024-03-03,1.296
2024-03-04,1.305
2024-03-05,1.222
2024-03-06,1.191
2024-03-07,1.263
2024-03-08,1.202
2024-03-09,1.078
2024-03-10,1.015
2024-03-11,1.012
2024-03-12,0.935
2024-03-13,0.87
2024-03-14,0.821
2024-03-15,0.768
2024-03-16,0.737
2024-03-17,0.741
2024-03-18,0.756
2024-03-19,0.757
2024-03-20,0.724
2024-03-21,0.718
2024-03-22,0.678
2024-03-23,0.658
2024-03-24,0.665
2024-03-25,1.402
2024-03-26,2.48
2024-03-27,2.739
2024-03-28,10.645
2024-03-29,3.92
2024-03-30,1.646
2024-03-31,1.487
2024-04-01,1.155
2024-04-02,3.914
2024-04-03,11.697
2024-04-04,25.732
2024-04-05,15.625
2024-04-06,20.518
2024-04-07,22.017
2024-04-08,22.441
2024-04-09,29.874
2024-04-10,28.413
2024-04-11,21.065
2024-04-12,11.358
2024-04-13,6.133
2024-04-14,2.908
2024-04-15,2.285
2024-04-16,1.799
2024-04-17,1.231
2024-04-18,1.588
2024-04-19,1.642
2024-04-20,1.623
2024-04-21,3.529
2024-04-22,5.743
2024-04-23,5.329
2024-04-24,10.036
2024-04-25,26.1
2024-04-26,21.287
2024-04-27,24.877
2024-04-28,22.547
2024-04-29,10.906
2024-04-30,2.385
2024-05-01,2.283
2024-05-02,5.395
2024-05-03,3.279
2024-05-04,8.074
2024-05-05,8.265
2024-05-06,9.302
2024-05-07,7.183
2024-05-08,5.283
2024-05-09,3.648
2024-05-10,6.692
2024-05-11,12.899
2024-05-12,18.834
2024-05-13,11.205
2024-05-14,1.595
2024-05-15,0.999
2024-05-16,2.299
2024-05-17,2.375
2024-05-18,2.78
2024-05-19,2.498
2024-05-20,3.039
2024-05-21,6.933
2024-05-22,5.208
2024-05-23,7.314
2024-05-24,13.543
2024-05-25,9.865
2024-05-26,5.277
2024-05-27,4.865
2024-05-28,5.325
2024-05-29,1.762
2024-05-30,1.17
2024-05-31,1.113
2024-06-01,1.248
2024-06-02,1.43
2024-06-03,1.25
2024-06-04,1.0
2024-06-05,1.411
2024-06-06,2.008
2024-06-07,2.259
2024-06-08,3.027
2024-06-09,3.188
2024-06-10,1.836
2024-06-11,1.639
2024-06-12,3.047
2024-06-13,3.252
2024-06-14,1.553
2024-06-15,1.137
2024-06-16,1.058
2024-06-17,0.998
2024-06-18,1.285
2024-06-19,1.579
2024-06-20,1.378
2024-06-21,1.253
2024-06-22,1.077
2024-06-23,0.937
2024-06-24,0.862
2024-06-25,0.877
2024-06-26,0.948
2024-06-27,0.899
2024-06-28,0.82
2024-06-29,0.697
2024-06-30,0.678
2024-07-01,0.697
2024-07-02,0.702
2024-07-03,0.734
2024-07-04,0.736
2024-07-05,0.672
2024-07-06,0.683
2024-07-07,0.787
2024-07-08,1.371
2024-07-09,1.627
2024-07-10,2.517
2024-07-11,245.539
2024-07-12,483.307
2024-07-13,284.615
2024-07-14,39.803
2024-07-15,3.161
2024-07-16,1.746
2024-07-17,5.134
2024-07-18,21.225
2024-07-19,14.925
2024-07-20,67.63
2024-07-21,56.848
2024-07-22,30.559
2024-07-23,31.348
2024-07-24,29.598
2024-07-25,28.749
2024-07-26,18.79
2024-07-27,16.675
2024-07-28,21.092
2024-07-29,17.342
2024-07-30,4.981
2024-07-31,10.894
2024-08-01,38.728
2024-08-02,33.643
2024-08-03,43.056
2024-08-04,29.004
2024-08-05,9.794
2024-08-06,8.477
2024-08-07,3.37
2024-08-08,4.29
2024-08-09,6.354
2024-08-10,18.43
2024-08-11,21.85
2024-08-12,16.979
2024-08-13,11.816
2024-08-14,5.649
2024-08-15,6.422
2024-08-16,7.13
2024-08-17,5.544
2024-08-18,6.612
2024-08-19,8.004
2024-08-20,18.049
2024-08-21,58.658
2024-08-22,39.861
2024-08-23,31.849
2024-08-24,20.508
2024-08-25,9.778
2024-08-26,7.225
2024-08-27,12.617
2024-08-28,33.096
2024-08-29,47.606
2024-08-30,9.393
2024-08-31,2.697
2024-09-01,2.834
2024-09-02,9.021
2024-09-03,14.382
2024-09-04,8.579
2024-09-05,6.254
2024-09-06,3.422
2024-09-07,2.198
2024-09-08,1.973
2024-09-09,1.95
2024-09-10,1.877
2024-09-11,1.857
2024-09-12,1.842
2024-09-13,1.866
2024-09-14,1.916
2024-09-15,2.022
2024-09-16,2.113
2024-09-17,2.071
2024-09-18,2.004
2024-09-19,2.051
2024-09-20,2.387
2024-09-21,2.531
2024-09-22,2.338
2024-09-23,2.272
2024-09-24,2.823
2024-09-25,2.988
2024-09-26,3.399
2024-09-27,2.938
2024-09-28,2.433
2024-09-29,27.464
2024-09-30,215.795
2024-10-01,165.987
2024-10-02,406.273
2024-10-03,95.544
2024-10-04,24.502
2024-10-05,8.79
2024-10-06,2.856
2024-10-07,6.501
2024-10-08,3.859
2024-10-09,3.412
2024-10-10,5.459
2024-10-11,4.56
2024-10-12,3.233
2024-10-13,3.442
2024-10-14,6.715
2024-10-15,8.934
2024-10-16,15.146
2024-10-17,11.062
2024-10-18,8.9
2024-10-19,21.604
2024-10-20,28.811
2024-10-21,30.884
2024-10-22,52.369
2024-10-23,30.345
2024-10-24,17.791
2024-10-25,6.915
2024-10-26,2.593
2024-10-27,2.007
2024-10-28,1.967
2024-10-29,2.144
2024-10-30,2.088
2024-10-31,2.19
2024-11-01,2.081
2024-11-02,2.19
2024-11-03,2.341
2024-11-04,2.502
2024-11-05,2.888
2024-11-06,3.779
2024-11-07,3.505
2024-11-08,3.267
2024-11-09,2.713
2024-11-10,2.183
2024-11-11,1.985
2024-11-12,2.335
2024-11-13,2.241
2024-11-14,2.315
2024-11-15,2.116
2024-11-16,2.037
2024-11-17,2.359
2024-11-18,2.392
2024-11-19,2.144
2024-11-20,2.115
2024-11-21,4.73
2024-11-22,13.501
2024-11-23,12.729
2024-11-24,26.915
2024-11-25,16.913
2024-11-26,8.544
2024-11-27,23.923
2024-11-28,110.467
2024-11-29,198.048
2024-11-30,209.647
2024-12-01,98.723
2024-12-02,22.473
2024-12-03,4.617
2024-12-04,3.05
2024-12-05,2.981
2024-12-06,3.063
2024-12-07,3.104
2024-12-08,3.119
2024-12-09,3.126
2024-12-10,3.133
2024-12-11,3.126
2024-12-12,3.124
2024-12-13,3.103
2024-12-14,3.078
2024-12-15,3.037
2024-12-16,3.112
2024-12-17,3.085
2024-12-18,3.057
2024-12-19,3.17
2024-12-20,3.53
2024-12-21,3.46
2024-12-22,3.36
2024-12-23,3.273
2024-12-24,3.19
2024-12-25,3.436
2024-12-26,3.198
2024-12-27,3.002
2024-12-28,2.848
2024-12-29,2.773
2024-12-30,2.719
2024-12-31,2.693
2025-01-01,2.6699998
2025-01-02,2.6295836
2025-01-03,2.58125
2025-01-04,2.5658336
2025-01-05,2.5345833
2025-01-06,2.4875
2025-01-07,2.4495833
2025-01-08,2.4454165
2025-01-09,2.40375
2025-01-10,2.364583
2025-01-11,2.3508334
2025-01-12,2.3620832
2025-01-13,2.3616664
2025-01-14,2.3029163
2025-01-15,2.2212498
2025-01-16,2.1945837
2025-01-17,2.1979165
2025-01-18,2.1883333
2025-01-19,2.1570835
2025-01-20,2.1170833
2025-01-21,2.0950003
2025-01-22,2.0745833
2025-01-23,2.115
2025-01-24,2.1179166
2025-01-25,2.0979164
2025-01-26,2.0504165
2025-01-27,2.032083
2025-01-28,1.9758333
2025-01-29,1.9291663
2025-01-30,1.8875003
2025-01-31,1.8766669
2025-02-01,1.8787498
2025-02-02,1.8666664
2025-02-03,1.8495833
2025-02-04,1.837917
2025-02-05,1.8033333
2025-02-06,1.753333
2025-02-07,1.7483333
2025-02-08,1.7137502
2025-02-09,1.7112498
2025-02-10,1.6983331
2025-02-11,1.6845831
2025-02-12,1.6316668
2025-02-13,1.6049999
2025-02-14,1.609583
2025-02-15,1.5858332
2025-02-16,1.5579166
2025-02-17,1.5629168
2025-02-18,1.5499997
2025-02-19,1.5333333
2025-02-20,1.50375
2025-02-21,1.4916667
2025-02-22,1.4479169
2025-02-23,1.4274999
2025-02-24,1.43
2025-02-25,1.4020834
2025-02-26,1.3958331
2025-02-27,1.4008331
2025-02-28,1.4
2025-03-01,1.3925
2025-03-02,1.3358332
2025-03-03,1.31625
2025-03-04,1.3333334
2025-03-05,1.3045834
2025-03-06,1.2654167
2025-03-07,1.2541666
2025-03-08,1.2499999
2025-03-09,1.3445834
2025-03-10,1.4695834
2025-03-11,1.4708332
2025-03-12,1.7779168
2025-03-13,2.2904167
2025-03-14,2.5370836
2025-03-15,1.9266666
2025-03-16,1.4795834
2025-03-17,1.40125
2025-03-18,1.4250001
2025-03-19,1.4270835
2025-03-20,1.4775
2025-03-21,1.6383332
2025-03-22,1.5779166
2025-03-23,1.6512498
2025-03-24,1.4033332
2025-03-25,1.1683334
2025-03-26,1.2554165
2025-03-27,1.4395833
2025-03-28,1.5354167
2025-03-29,2.57375
2025-03-30,2.6816666
2025-03-31,3.7466667
2025-04-01,4.2612495
2025-04-02,2.2029169
2025-04-03,1.3391666
2025-04-04,0.9950002
2025-04-05,0.91875
2025-04-06,1.0966667
2025-04-07,1.91375
2025-04-08,3.2279167
2025-04-09,2.4225
2025-04-10,1.8725001
2025-04-11,1.7591666
2025-04-12,2.1829169
2025-04-13,9.639583
2025-04-14,16.900835
2025-04-15,22.089582
2025-04-16,124.6821
2025-04-17,192.76875
2025-04-18,57.04541
2025-04-19,39.58417
2025-04-20,51.098755
2025-04-21,32.256664
2025-04-22,14.955418
2025-04-23,11.941666
2025-04-24,17.90875
2025-04-25,10.957085
2025-04-26,1.6654167
2025-04-27,0.73916656
2025-04-28,0.70624995
2025-04-29,0.71875
2025-04-30,1.4820832
2025-05-01,1.8404164
2025-05-02,2.6458335
2025-05-03,9.378333
2025-05-04,13.556666
2025-05-05,7.042916
2025-05-06,5.477083
2025-05-07,18.575417
2025-05-08,20.836248
2025-05-09,13.755417
2025-05-10,19.497084
2025-05-11,14.875001
2025-05-12,3.3012497
2025-05-13,3.2537498
2025-05-14,1.4149998
2025-05-15,1.5045834
2025-05-16,1.6375002
2025-05-17,1.6466669
2025-05-18,1.1833333
2025-05-19,0.79875
2025-05-20,0.78041667
2025-05-21,2.5
2025-05-22,4.365
2025-05-23,13.709999
2025-05-24,30.160828
2025-05-25,28.365
2025-05-26,12.736667
2025-05-27,17.073332
2025-05-28,14.582917
2025-05-29,5.255833
2025-05-30,2.54875
2025-05-31,1.5654168
2025-06-01,1.0833333
2025-06-02,0.92499995
2025-06-03,0.80750006
2025-06-04,0.81750005
2025-06-05,0.88000005
2025-06-06,2.0466666
2025-06-07,2.1620834
2025-06-08,1.5741667
2025-06-09,1.11875
2025-06-10,0.9270833
2025-06-11,0.72583336
2025-06-12,0.62666667
2025-06-13,0.6275001
2025-06-14,0.64000005
2025-06-15,0.6079169
2025-06-16,0.5958334
2025-06-17,0.5829167
2025-06-18,0.69249994
2025-06-19,0.695
2025-06-20,0.9537499
2025-06-21,0.86624986
2025-06-22,1.0074998
2025-06-23,0.9983332
2025-06-24,0.9708333
2025-06-25,0.94625
2025-06-26,0.87041664
2025-06-27,0.7683334
2025-06-28,0.7225001
2025-06-29,0.97874993
2025-06-30,0.9662499
2025-07-01,1.9575
2025-07-02,2.4999998
2025-07-03,2.1774998
2025-07-04,2.450833
2025-07-05,6.9675
2025-07-06,5.623333
2025-07-07,2.3366663
2025-07-08,1.7779166
2025-07-09,4.4975
2025-07-10,42.785416
2025-07-11,66.28458
2025-07-12,58.387497
2025-07-13,36.12
2025-07-14,14.657917
2025-07-15,9.262501
2025-07-16,6.48
2025-07-17,6.2925
2025-07-18,10.434999
2025-07-19,12.522083
2025-07-20,5.60375
2025-07-21,11.452916
2025-07-22,17.91583
2025-07-23,5.8916664
2025-07-24,2.6633334
2025-07-25,2.3779166
2025-07-26,1.8849999
2025-07-27,1.4087499
2025-07-28,1.1170833
2025-07-29,1.3004166
2025-07-30,1.4679165
2025-07-31,1.3733333
2025-08-01,3.3870833
2025-08-02,4.621667
2025-08-03,2.1354167
2025-08-04,1.4841666
2025-08-05,2.95625
2025-08-06,4.2412505
2025-08-07,9.006249
2025-08-08,9.306667
2025-08-09,8.8825
2025-08-10,9.60125
2025-08-11,10.04125
2025-08-12,22.566666
2025-08-13,15.875
2025-08-14,13.863334
2025-08-15,13.482502
2025-08-16,15.690418
2025-08-17,22.61917
2025-08-18,32.547916
2025-08-19,41.875416
2025-08-20,44.9725
2025-08-21,47.023746
2025-08-22,42.27666
2025-08-23,24.835001
2025-08-24,14.275002
2025-08-25,6.115
2025-08-26,3.4929168
2025-08-27,4.4012504
2025-08-28,14.514584
2025-08-29,28.072916
2025-08-30,20.405836
2025-08-31,24.315834
2025-09-01,33.385418
2025-09-02,21.439583
2025-09-03,28.981253
2025-09-04,28.960836
2025-09-05,14.604581
2025-09-06,7.9520836
2025-09-07,13.541252
2025-09-08,7.1995835
2025-09-09,6.63625
2025-09-10,6.5279164
2025-09-11,8.567083
2025-09-12,14.004582
2025-09-13,17.033749
2025-09-14,16.244997
2025-09-15,11.521668
2025-09-16,26.655
2025-09-17,34.720833
2025-09-18,15.081666
2025-09-19,6.1762505
2025-09-20,5.8908334
2025-09-21,6.0425
2025-09-22,5.7375007
2025-09-23,5.8150005
2025-09-24,6.011667
2025-09-25,6.184583
2025-09-26,6.549166
2025-09-27,12.449584
2025-09-28,11.865833
2025-09-29,13.978749
2025-09-30,17.620417
2025-10-01,16.101667
2025-10-02,18.342085
2025-10-03,14.529164
2025-10-04,20.032915
2025-10-05,23.609167
2025-10-06,29.918745
2025-10-07,28.855003
2025-10-08,30.932497
2025-10-09,52.27542
2025-10-10,27.625834
2025-10-11,8.556251
2025-10-12,6.845
2025-10-13,7.0020843
2025-10-14,7.1441665
2025-10-15,7.300001
2025-10-16,7.368334
2025-10-17,7.474584
2025-10-18,8.350416
2025-10-19,8.78625
2025-10-20,9.638751
2025-10-21,9.810416
2025-10-22,12.15625
2025-10-23,17.754166
2025-10-24,16.948334
2025-10-25,14.158336
2025-10-26,16.852085
2025-10-27,15.433749
2025-10-28,13.593334
2025-10-29,12.117082
2025-10-30,20.225
2025-10-31,30.906662
2025-11-01,38.257504
2025-11-02,32.674583
2025-11-03,30.805832
2025-11-04,24.298332
2025-11-05,13.29625
2025-11-06,8.447916
2025-11-07,7.5483327
2025-11-08,7.5279174
2025-11-09,9.950833
2025-11-10,9.275001
2025-11-11,9.282917
2025-11-12,8.490002
2025-11-13,7.75625
2025-11-14,7.505001
2025-11-15,7.443752
2025-11-16,7.4308333
2025-11-17,7.4170823
2025-11-18,7.3837495
2025-11-19,7.3274994
2025-11-20,7.2212505
2025-11-21,7.140833
2025-11-22,7.084167
2025-11-23,7.0266666
2025-11-24,6.973749
2025-11-25,6.875417
2025-11-26,6.7854156
2025-11-27,6.714165
2025-11-28,6.6237507
2025-11-29,6.5595818
2025-11-30,6.5016675
2025-12-01,6.405833
2025-12-02,6.313333
2025-12-03,6.2549996
2025-12-04,6.194166
2025-12-05,6.108751
2025-12-06,6.0262494
2025-12-07,5.926251
2025-12-08,5.8283334
2025-12-09,5.771667
2025-12-10,5.702083
2025-12-11,5.6283326
2025-12-12,5.579167
2025-12-13,5.5537505
2025-12-14,5.7920833
2025-12-15,5.759583
2025-12-16,6.055834
2025-12-17,5.6749997
2025-12-18,5.3133335
2025-12-19,5.134167
2025-12-20,5.1254163
2025-12-21,5.007918
2025-12-22,4.95
2025-12-23,4.8550005
2025-12-24,4.7762494
2025-12-25,4.681667
2025-12-26,4.6
2025-12-27,4.552084
2025-12-28,4.4979177
2025-12-29,4.527083
2025-12-30,4.5941663
2025-12-31,4.5220838
2026-01-01,4.5133333
2026-01-02,4.280834
2026-01-03,4.195
2026-01-04,4.112083
2026-01-05,4.070417
2026-01-06,4.006251
2026-01-07,3.9466665
2026-01-08,3.9050004
2026-01-09,3.8566658
2026-01-10,3.7920825
2026-01-11,3.7608335
2026-01-12,3.72375
2026-01-13,3.6887493
2026-01-14,3.6416671
2026-01-15,3.600833
2026-01-16,3.5412493
2026-01-17,3.497084
2026-01-18,3.4341671
2026-01-19,3.37625
2026-01-20,3.3416672
2026-01-21,3.3100007
2026-01-22,3.2824993
2026-01-23,3.2595828
2026-01-24,3.2179167
2026-01-25,3.1512496
2026-01-26,3.112917
2026-01-27,3.0945835
2026-01-28,3.1154165
2026-01-29,3.2316668
2026-01-30,3.1854165
2026-01-31,3.3950002
2026-02-01,3.013333
2026-02-02,3.0179167
2026-02-03,3.0670831
2026-02-04,3.2937498
2026-02-05,3.1420832
2026-02-06,2.8279169
2026-02-07,2.6920834
2026-02-08,2.9220831
2026-02-09,3.0449998
2026-02-10,3.2737503
2026-02-11,3.3891666
2026-02-12,2.9316664
2026-02-13,2.58625
2026-02-14,2.487917
2026-02-15,2.4674995
2026-02-16,2.7399998
2026-02-17,2.8549998
2026-02-18,3.0145833
2026-02-19,3.044583
2026-02-20,3.0299997
2026-02-21,3.7720833
2026-02-22,5.384167
2026-02-23,4.465
2026-02-24,5.900833
2026-02-25,3.9799995
2026-02-26,2.7179167
2026-02-27,2.3541667
2026-02-28,2.4254167
2026-03-01,2.6937501
2026-03-02,5.002499
2026-03-03,8.849166
2026-03-04,12.272083
2026-03-05,9.930833
2026-03-06,8.998334
2026-03-07,17.732084
2026-03-08,10.999585
2026-03-09,2.8366668
2026-03-10,2.1358337
2026-03-11,2.0212505
2026-03-12,2.0712502
2026-03-13,2.1749997
2026-03-14,2.0216665
2026-03-15,1.9454166
2026-03-16,1.8650002
2026-03-17,1.8520836
2026-03-18,1.8533336
2026-03-19,4.31125
2026-03-20,9.0216675
2026-03-21,12.409999
2026-03-22,8.277083
2026-03-23,12.545418
2026-03-24,13.716666
2026-03-25,18.997917
2026-03-26,33.283752
2026-03-27,37.919994
2026-03-28,18.962082
2026-03-29,5.920416
2026-03-30,2.5970838
2026-03-31,4.85125
2026-04-01,6.9758334
2026-04-02,5.691667
2026-04-03,12.582916
2026-04-04,5.3075
2026-04-05,2.0087502
2026-04-06,3.2783337
2026-04-07,5.405
2026-04-08,4.877917
2026-04-09,4.080417
2026-04-10,6.185833
2026-04-11,5.017499
2026-04-12,2.0570834
2026-04-13,1.6458331
2026-04-14,1.5479168
2026-04-15,1.4466667
2026-04-16,1.4820833
2026-04-17,4.6545835
2026-04-18,10.708333
2026-04-19,5.8420835
2026-04-20,3.3520832
2026-04-21,1.9637502
